<?xml version="1.0" encoding="UTF-8" standalone="no" ?>
<gpx xmlns="http://www.topografix.com/GPX/1/1" xmlns:gpxx="http://www.garmin.com/xmlschemas/GpxExtensions/v3" xmlns:gpxtpx="http://www.garmin.com/xmlschemas/TrackPointExtension/v1" creator="mapstogpx.com" version="1.1" xmlns:xsi="http://www.w3.org/2001/XMLSchema-instance" xsi:schemaLocation="http://www.topografix.com/GPX/1/1 http://www.topografix.com/GPX/1/1/gpx.xsd http://www.garmin.com/xmlschemas/GpxExtensions/v3 http://www.garmin.com/xmlschemas/GpxExtensionsv3.xsd http://www.garmin.com/xmlschemas/TrackPointExtension/v1 http://www.garmin.com/xmlschemas/TrackPointExtensionv1.xsd">
  <metadata>
    <link href="http://www.mapstogpx.com">
      <text>Sverrir Sigmundarson</text>
    </link>
    <!--desc>Map data ©2025 Google</desc-->
    <!--copyright author="Google Inc">
    	<year>2025</year>
    	<license>https://developers.google.com/maps/terms</license>
    </copyright-->
    <!--url>https://www.google.com/maps/dir/Nemen%C4%8Din%C4%97,+Vilniaus+r.+sav./54.9113401,25.6397327/54.9393267,25.6030016/55.0683217,25.6630342/55.2162397,25.9405678/55.2538325,25.9884223/55.2895226,26.0198982/55.3256181,26.0793123/@55.0328744,25.6630142,11.25z/data=!4m50!4m49!1m20!1m1!1s0x46dd9ecbffa184ff:0xa00d18ec9ba7f50!2m2!1d25.4685218!2d54.8493431!3m4!1m2!1d25.5015113!2d54.8580354!3s0x46dd9edc3cd6c0df:0x58d1894d8b02f03f!3m4!1m2!1d25.5896405!2d54.8991732!3s0x46dd9fc28cc6800d:0x25078e8aefd99f5f!3m4!1m2!1d25.6199119!2d54.8995971!3s0x46dd9ffbea2c6071:0x569f0a1ab224acad!1m0!1m5!3m4!1m2!1d25.6308437!2d54.9743321!3s0x46dd748ac83bad49:0xb9159d4d25d704fc!1m5!3m4!1m2!1d25.7384952!2d55.1431283!3s0x46dd6c17362a2d77:0xd66daf0be9edcb41!1m0!1m10!3m4!1m2!1d25.9754456!2d55.2693447!3s0x46dd4093418f75d9:0xbd36c25ad9e978af!3m4!1m2!1d26.0072668!2d55.2866118!3s0x46dd40b0cdd5dddd:0x7e20d401ea86933f!1m0!1m0!3e0?authuser=1&entry=tts&g_ep=EgoyMDI1MDIxMi4wKgBIAVAD&hl=en</url-->
    <time>2025-02-18T23:15:34Z</time>
  </metadata>
  <wpt lat="54.8493431" lon="25.4685218">
    <name>Nemenčinė</name>
    <desc>Nemenčinė, Vilnius District Municipality, Lithuania</desc>
  </wpt>
  <wpt lat="54.9113401" lon="25.6397327">
    <name>15166</name>
    <desc>Vilnius District Municipality, 15166, Lithuania</desc>
  </wpt>
  <wpt lat="54.9393267" lon="25.6030016">
    <name>15120 Vilnius District Municipality</name>
    <desc>Blusinė, 15120 Vilnius District Municipality, Lithuania</desc>
  </wpt>
  <wpt lat="55.0683217" lon="25.6630342">
    <name>Joniškis</name>
    <desc>Ežero g. 1-5, Joniškis, 33224 Molėtų r. sav., Lithuania</desc>
  </wpt>
  <wpt lat="55.2162397" lon="25.9405678">
    <name>18241 Švenčionys District Municipality</name>
    <desc>Kaltanėnų sen., 18241 Švenčionys District Municipality, Lithuania</desc>
  </wpt>
  <wpt lat="55.2538325" lon="25.9884223">
    <name>Kaltanėnai</name>
    <desc>114, Kaltanėnai, 18238 Švenčionių r. sav., Lithuania</desc>
  </wpt>
  <wpt lat="55.2895226" lon="26.0198982">
    <name>30214 Ignalina District Municipality</name>
    <desc>Linkmenys Eldership, 30214 Ignalina District Municipality, Lithuania</desc>
  </wpt>
  <wpt lat="55.3256181" lon="26.0793123">
    <name>30203 Ignalinos r. sav.</name>
    <desc>Pašakarvio g., 30203 Ignalinos r. sav., Lithuania</desc>
  </wpt>
<trk>
  <name>Nemenčinė to 30203 Ignalinos r. sav.</name>
  <number>1</number>
  <trkseg>
  <trkpt lat="54.8493442" lon="25.4685233">
    <name>TP001</name>
  </trkpt>
  <trkpt lat="54.84931" lon="25.4686">
    <name>TP002</name>
  </trkpt>
  <trkpt lat="54.8493084" lon="25.4685988">
    <name>TP003</name>
  </trkpt>
  <trkpt lat="54.84933" lon="25.46864">
    <name>TP004</name>
  </trkpt>
  <trkpt lat="54.84995" lon="25.46966">
    <name>TP005</name>
  </trkpt>
  <trkpt lat="54.85039" lon="25.4704">
    <name>TP006</name>
  </trkpt>
  <trkpt lat="54.85055" lon="25.47067">
    <name>TP007</name>
  </trkpt>
  <trkpt lat="54.8505532" lon="25.4706746">
    <name>TP008</name>
  </trkpt>
  <trkpt lat="54.84986" lon="25.47183">
    <name>TP009</name>
  </trkpt>
  <trkpt lat="54.84938" lon="25.4726">
    <name>TP010</name>
  </trkpt>
  <trkpt lat="54.84909" lon="25.47301">
    <name>TP011</name>
  </trkpt>
  <trkpt lat="54.84894" lon="25.47322">
    <name>TP012</name>
  </trkpt>
  <trkpt lat="54.84807" lon="25.47455">
    <name>TP013</name>
  </trkpt>
  <trkpt lat="54.84763" lon="25.47526">
    <name>TP014</name>
  </trkpt>
  <trkpt lat="54.84748" lon="25.47548">
    <name>TP015</name>
  </trkpt>
  <trkpt lat="54.84713" lon="25.47606">
    <name>TP016</name>
  </trkpt>
  <trkpt lat="54.84701" lon="25.47625">
    <name>TP017</name>
  </trkpt>
  <trkpt lat="54.84681" lon="25.47655">
    <name>TP018</name>
  </trkpt>
  <trkpt lat="54.84663" lon="25.47683">
    <name>TP019</name>
  </trkpt>
  <trkpt lat="54.84564" lon="25.47837">
    <name>TP020</name>
  </trkpt>
  <trkpt lat="54.84552" lon="25.47855">
    <name>TP021</name>
  </trkpt>
  <trkpt lat="54.8453" lon="25.47877">
    <name>TP022</name>
  </trkpt>
  <trkpt lat="54.8452956" lon="25.4787716">
    <name>TP023</name>
  </trkpt>
  <trkpt lat="54.84527" lon="25.47876">
    <name>TP024</name>
  </trkpt>
  <trkpt lat="54.84526" lon="25.47876">
    <name>TP025</name>
  </trkpt>
  <trkpt lat="54.84525" lon="25.47875">
    <name>TP026</name>
  </trkpt>
  <trkpt lat="54.84523" lon="25.47875">
    <name>TP027</name>
  </trkpt>
  <trkpt lat="54.84522" lon="25.47875">
    <name>TP028</name>
  </trkpt>
  <trkpt lat="54.84521" lon="25.47875">
    <name>TP029</name>
  </trkpt>
  <trkpt lat="54.84519" lon="25.47875">
    <name>TP030</name>
  </trkpt>
  <trkpt lat="54.84518" lon="25.47875">
    <name>TP031</name>
  </trkpt>
  <trkpt lat="54.84517" lon="25.47876">
    <name>TP032</name>
  </trkpt>
  <trkpt lat="54.84516" lon="25.47876">
    <name>TP033</name>
  </trkpt>
  <trkpt lat="54.84515" lon="25.47877">
    <name>TP034</name>
  </trkpt>
  <trkpt lat="54.84513" lon="25.47878">
    <name>TP035</name>
  </trkpt>
  <trkpt lat="54.84512" lon="25.47879">
    <name>TP036</name>
  </trkpt>
  <trkpt lat="54.84511" lon="25.47881">
    <name>TP037</name>
  </trkpt>
  <trkpt lat="54.8451" lon="25.47882">
    <name>TP038</name>
  </trkpt>
  <trkpt lat="54.84509" lon="25.47884">
    <name>TP039</name>
  </trkpt>
  <trkpt lat="54.84508" lon="25.47885">
    <name>TP040</name>
  </trkpt>
  <trkpt lat="54.84507" lon="25.47887">
    <name>TP041</name>
  </trkpt>
  <trkpt lat="54.84507" lon="25.47889">
    <name>TP042</name>
  </trkpt>
  <trkpt lat="54.84506" lon="25.47891">
    <name>TP043</name>
  </trkpt>
  <trkpt lat="54.84505" lon="25.47894">
    <name>TP044</name>
  </trkpt>
  <trkpt lat="54.84505" lon="25.47896">
    <name>TP045</name>
  </trkpt>
  <trkpt lat="54.84504" lon="25.47898">
    <name>TP046</name>
  </trkpt>
  <trkpt lat="54.84504" lon="25.47901">
    <name>TP047</name>
  </trkpt>
  <trkpt lat="54.84504" lon="25.47903">
    <name>TP048</name>
  </trkpt>
  <trkpt lat="54.84504" lon="25.47905">
    <name>TP049</name>
  </trkpt>
  <trkpt lat="54.84504" lon="25.47907">
    <name>TP050</name>
  </trkpt>
  <trkpt lat="54.84504" lon="25.47909">
    <name>TP051</name>
  </trkpt>
  <trkpt lat="54.84505" lon="25.47912">
    <name>TP052</name>
  </trkpt>
  <trkpt lat="54.84505" lon="25.47914">
    <name>TP053</name>
  </trkpt>
  <trkpt lat="54.84506" lon="25.47917">
    <name>TP054</name>
  </trkpt>
  <trkpt lat="54.84506" lon="25.47919">
    <name>TP055</name>
  </trkpt>
  <trkpt lat="54.84507" lon="25.47921">
    <name>TP056</name>
  </trkpt>
  <trkpt lat="54.84508" lon="25.47923">
    <name>TP057</name>
  </trkpt>
  <trkpt lat="54.84508" lon="25.47924">
    <name>TP058</name>
  </trkpt>
  <trkpt lat="54.84509" lon="25.47926">
    <name>TP059</name>
  </trkpt>
  <trkpt lat="54.8451" lon="25.47928">
    <name>TP060</name>
  </trkpt>
  <trkpt lat="54.84512" lon="25.47929">
    <name>TP061</name>
  </trkpt>
  <trkpt lat="54.84512" lon="25.4793">
    <name>TP062</name>
  </trkpt>
  <trkpt lat="54.84514" lon="25.47931">
    <name>TP063</name>
  </trkpt>
  <trkpt lat="54.84515" lon="25.47932">
    <name>TP064</name>
  </trkpt>
  <trkpt lat="54.84516" lon="25.47933">
    <name>TP065</name>
  </trkpt>
  <trkpt lat="54.84517" lon="25.47934">
    <name>TP066</name>
  </trkpt>
  <trkpt lat="54.84519" lon="25.47934">
    <name>TP067</name>
  </trkpt>
  <trkpt lat="54.8452" lon="25.47934">
    <name>TP068</name>
  </trkpt>
  <trkpt lat="54.84521" lon="25.47934">
    <name>TP069</name>
  </trkpt>
  <trkpt lat="54.84523" lon="25.47934">
    <name>TP070</name>
  </trkpt>
  <trkpt lat="54.84524" lon="25.47934">
    <name>TP071</name>
  </trkpt>
  <trkpt lat="54.84525" lon="25.47934">
    <name>TP072</name>
  </trkpt>
  <trkpt lat="54.84527" lon="25.47933">
    <name>TP073</name>
  </trkpt>
  <trkpt lat="54.84528" lon="25.47932">
    <name>TP074</name>
  </trkpt>
  <trkpt lat="54.84529" lon="25.47931">
    <name>TP075</name>
  </trkpt>
  <trkpt lat="54.84531" lon="25.4793">
    <name>TP076</name>
  </trkpt>
  <trkpt lat="54.84556" lon="25.47954">
    <name>TP077</name>
  </trkpt>
  <trkpt lat="54.84562" lon="25.47962">
    <name>TP078</name>
  </trkpt>
  <trkpt lat="54.84563" lon="25.47965">
    <name>TP079</name>
  </trkpt>
  <trkpt lat="54.84568" lon="25.47972">
    <name>TP080</name>
  </trkpt>
  <trkpt lat="54.84575" lon="25.47984">
    <name>TP081</name>
  </trkpt>
  <trkpt lat="54.84596" lon="25.48013">
    <name>TP082</name>
  </trkpt>
  <trkpt lat="54.84607" lon="25.48027">
    <name>TP083</name>
  </trkpt>
  <trkpt lat="54.84684" lon="25.48124">
    <name>TP084</name>
  </trkpt>
  <trkpt lat="54.8469" lon="25.48132">
    <name>TP085</name>
  </trkpt>
  <trkpt lat="54.84806" lon="25.48266">
    <name>TP086</name>
  </trkpt>
  <trkpt lat="54.84808" lon="25.48269">
    <name>TP087</name>
  </trkpt>
  <trkpt lat="54.84812" lon="25.48273">
    <name>TP088</name>
  </trkpt>
  <trkpt lat="54.84835" lon="25.48296">
    <name>TP089</name>
  </trkpt>
  <trkpt lat="54.84984" lon="25.48441">
    <name>TP090</name>
  </trkpt>
  <trkpt lat="54.85043" lon="25.48494">
    <name>TP091</name>
  </trkpt>
  <trkpt lat="54.85165" lon="25.48591">
    <name>TP092</name>
  </trkpt>
  <trkpt lat="54.85208" lon="25.48621">
    <name>TP093</name>
  </trkpt>
  <trkpt lat="54.85361" lon="25.48717">
    <name>TP094</name>
  </trkpt>
  <trkpt lat="54.85391" lon="25.48734">
    <name>TP095</name>
  </trkpt>
  <trkpt lat="54.85435" lon="25.4876">
    <name>TP096</name>
  </trkpt>
  <trkpt lat="54.85499" lon="25.4879">
    <name>TP097</name>
  </trkpt>
  <trkpt lat="54.85512" lon="25.48796">
    <name>TP098</name>
  </trkpt>
  <trkpt lat="54.85534" lon="25.48805">
    <name>TP099</name>
  </trkpt>
  <trkpt lat="54.8556" lon="25.48816">
    <name>TP100</name>
  </trkpt>
  <trkpt lat="54.85586" lon="25.48826">
    <name>TP101</name>
  </trkpt>
  <trkpt lat="54.8567" lon="25.48858">
    <name>TP102</name>
  </trkpt>
  <trkpt lat="54.85673" lon="25.48859">
    <name>TP103</name>
  </trkpt>
  <trkpt lat="54.85745" lon="25.48886">
    <name>TP104</name>
  </trkpt>
  <trkpt lat="54.85762" lon="25.48892">
    <name>TP105</name>
  </trkpt>
  <trkpt lat="54.8578" lon="25.48899">
    <name>TP106</name>
  </trkpt>
  <trkpt lat="54.85797" lon="25.48905">
    <name>TP107</name>
  </trkpt>
  <trkpt lat="54.85868" lon="25.48932">
    <name>TP108</name>
  </trkpt>
  <trkpt lat="54.8592" lon="25.48952">
    <name>TP109</name>
  </trkpt>
  <trkpt lat="54.85938" lon="25.48959">
    <name>TP110</name>
  </trkpt>
  <trkpt lat="54.85949" lon="25.48963">
    <name>TP111</name>
  </trkpt>
  <trkpt lat="54.86017" lon="25.48991">
    <name>TP112</name>
  </trkpt>
  <trkpt lat="54.86046" lon="25.49006">
    <name>TP113</name>
  </trkpt>
  <trkpt lat="54.86062" lon="25.49015">
    <name>TP114</name>
  </trkpt>
  <trkpt lat="54.8614" lon="25.49059">
    <name>TP115</name>
  </trkpt>
  <trkpt lat="54.8613992" lon="25.4905917">
    <name>TP116</name>
  </trkpt>
  <trkpt lat="54.86143" lon="25.49124">
    <name>TP117</name>
  </trkpt>
  <trkpt lat="54.86146" lon="25.49186">
    <name>TP118</name>
  </trkpt>
  <trkpt lat="54.86147" lon="25.49217">
    <name>TP119</name>
  </trkpt>
  <trkpt lat="54.8615" lon="25.49279">
    <name>TP120</name>
  </trkpt>
  <trkpt lat="54.86151" lon="25.49311">
    <name>TP121</name>
  </trkpt>
  <trkpt lat="54.86153" lon="25.49342">
    <name>TP122</name>
  </trkpt>
  <trkpt lat="54.86154" lon="25.49373">
    <name>TP123</name>
  </trkpt>
  <trkpt lat="54.8616" lon="25.49497">
    <name>TP124</name>
  </trkpt>
  <trkpt lat="54.86159" lon="25.49507">
    <name>TP125</name>
  </trkpt>
  <trkpt lat="54.86158" lon="25.49514">
    <name>TP126</name>
  </trkpt>
  <trkpt lat="54.86157" lon="25.49525">
    <name>TP127</name>
  </trkpt>
  <trkpt lat="54.86152" lon="25.49544">
    <name>TP128</name>
  </trkpt>
  <trkpt lat="54.86148" lon="25.49562">
    <name>TP129</name>
  </trkpt>
  <trkpt lat="54.861475" lon="25.4956205">
    <name>TP130</name>
  </trkpt>
  <trkpt lat="54.86146" lon="25.49569">
    <name>TP131</name>
  </trkpt>
  <trkpt lat="54.86129" lon="25.4962">
    <name>TP132</name>
  </trkpt>
  <trkpt lat="54.8611" lon="25.49673">
    <name>TP133</name>
  </trkpt>
  <trkpt lat="54.86106" lon="25.49684">
    <name>TP134</name>
  </trkpt>
  <trkpt lat="54.86104" lon="25.49689">
    <name>TP135</name>
  </trkpt>
  <trkpt lat="54.8609" lon="25.49726">
    <name>TP136</name>
  </trkpt>
  <trkpt lat="54.86083" lon="25.49743">
    <name>TP137</name>
  </trkpt>
  <trkpt lat="54.86079" lon="25.49754">
    <name>TP138</name>
  </trkpt>
  <trkpt lat="54.86053" lon="25.49818">
    <name>TP139</name>
  </trkpt>
  <trkpt lat="54.86045" lon="25.49841">
    <name>TP140</name>
  </trkpt>
  <trkpt lat="54.86043" lon="25.49846">
    <name>TP141</name>
  </trkpt>
  <trkpt lat="54.86035" lon="25.49867">
    <name>TP142</name>
  </trkpt>
  <trkpt lat="54.86033" lon="25.49872">
    <name>TP143</name>
  </trkpt>
  <trkpt lat="54.86032" lon="25.49876">
    <name>TP144</name>
  </trkpt>
  <trkpt lat="54.86032" lon="25.4988">
    <name>TP145</name>
  </trkpt>
  <trkpt lat="54.86031" lon="25.49884">
    <name>TP146</name>
  </trkpt>
  <trkpt lat="54.8603113" lon="25.4988397">
    <name>TP147</name>
  </trkpt>
  <trkpt lat="54.8599" lon="25.49978">
    <name>TP148</name>
  </trkpt>
  <trkpt lat="54.85968" lon="25.50027">
    <name>TP149</name>
  </trkpt>
  <trkpt lat="54.85957" lon="25.50052">
    <name>TP150</name>
  </trkpt>
  <trkpt lat="54.85946" lon="25.50077">
    <name>TP151</name>
  </trkpt>
  <trkpt lat="54.85935" lon="25.50102">
    <name>TP152</name>
  </trkpt>
  <trkpt lat="54.85935" lon="25.50103">
    <name>TP153</name>
  </trkpt>
  <trkpt lat="54.85918" lon="25.50109">
    <name>TP154</name>
  </trkpt>
  <trkpt lat="54.85795" lon="25.50154">
    <name>TP155</name>
  </trkpt>
  <trkpt lat="54.8579475" lon="25.5015438">
    <name>TP156</name>
  </trkpt>
  <trkpt lat="54.85808" lon="25.50248">
    <name>TP157</name>
  </trkpt>
  <trkpt lat="54.85819" lon="25.50295">
    <name>TP158</name>
  </trkpt>
  <trkpt lat="54.85826" lon="25.50324">
    <name>TP159</name>
  </trkpt>
  <trkpt lat="54.85833" lon="25.50353">
    <name>TP160</name>
  </trkpt>
  <trkpt lat="54.8584" lon="25.50381">
    <name>TP161</name>
  </trkpt>
  <trkpt lat="54.85845" lon="25.50401">
    <name>TP162</name>
  </trkpt>
  <trkpt lat="54.85858" lon="25.50435">
    <name>TP163</name>
  </trkpt>
  <trkpt lat="54.85878" lon="25.50488">
    <name>TP164</name>
  </trkpt>
  <trkpt lat="54.85897" lon="25.5054">
    <name>TP165</name>
  </trkpt>
  <trkpt lat="54.85907" lon="25.50566">
    <name>TP166</name>
  </trkpt>
  <trkpt lat="54.85976" lon="25.50749">
    <name>TP167</name>
  </trkpt>
  <trkpt lat="54.85986" lon="25.50775">
    <name>TP168</name>
  </trkpt>
  <trkpt lat="54.86045" lon="25.50932">
    <name>TP169</name>
  </trkpt>
  <trkpt lat="54.86051" lon="25.50946">
    <name>TP170</name>
  </trkpt>
  <trkpt lat="54.86067" lon="25.50981">
    <name>TP171</name>
  </trkpt>
  <trkpt lat="54.8609" lon="25.5103">
    <name>TP172</name>
  </trkpt>
  <trkpt lat="54.86101" lon="25.51054">
    <name>TP173</name>
  </trkpt>
  <trkpt lat="54.86138" lon="25.51123">
    <name>TP174</name>
  </trkpt>
  <trkpt lat="54.86145" lon="25.51137">
    <name>TP175</name>
  </trkpt>
  <trkpt lat="54.86174" lon="25.51193">
    <name>TP176</name>
  </trkpt>
  <trkpt lat="54.86184" lon="25.51212">
    <name>TP177</name>
  </trkpt>
  <trkpt lat="54.86196" lon="25.51242">
    <name>TP178</name>
  </trkpt>
  <trkpt lat="54.86207" lon="25.51267">
    <name>TP179</name>
  </trkpt>
  <trkpt lat="54.8621" lon="25.51276">
    <name>TP180</name>
  </trkpt>
  <trkpt lat="54.86216" lon="25.51294">
    <name>TP181</name>
  </trkpt>
  <trkpt lat="54.86225" lon="25.5132">
    <name>TP182</name>
  </trkpt>
  <trkpt lat="54.86244" lon="25.51374">
    <name>TP183</name>
  </trkpt>
  <trkpt lat="54.86253" lon="25.51401">
    <name>TP184</name>
  </trkpt>
  <trkpt lat="54.86262" lon="25.51428">
    <name>TP185</name>
  </trkpt>
  <trkpt lat="54.86267" lon="25.51441">
    <name>TP186</name>
  </trkpt>
  <trkpt lat="54.86271" lon="25.51455">
    <name>TP187</name>
  </trkpt>
  <trkpt lat="54.8628" lon="25.51482">
    <name>TP188</name>
  </trkpt>
  <trkpt lat="54.86314" lon="25.51592">
    <name>TP189</name>
  </trkpt>
  <trkpt lat="54.86323" lon="25.51619">
    <name>TP190</name>
  </trkpt>
  <trkpt lat="54.86366" lon="25.51757">
    <name>TP191</name>
  </trkpt>
  <trkpt lat="54.86383" lon="25.51812">
    <name>TP192</name>
  </trkpt>
  <trkpt lat="54.86387" lon="25.51824">
    <name>TP193</name>
  </trkpt>
  <trkpt lat="54.86392" lon="25.51839">
    <name>TP194</name>
  </trkpt>
  <trkpt lat="54.86436" lon="25.51976">
    <name>TP195</name>
  </trkpt>
  <trkpt lat="54.86453" lon="25.5203">
    <name>TP196</name>
  </trkpt>
  <trkpt lat="54.86462" lon="25.52058">
    <name>TP197</name>
  </trkpt>
  <trkpt lat="54.86471" lon="25.52085">
    <name>TP198</name>
  </trkpt>
  <trkpt lat="54.86497" lon="25.52167">
    <name>TP199</name>
  </trkpt>
  <trkpt lat="54.86505" lon="25.52194">
    <name>TP200</name>
  </trkpt>
  <trkpt lat="54.86514" lon="25.52222">
    <name>TP201</name>
  </trkpt>
  <trkpt lat="54.86523" lon="25.52249">
    <name>TP202</name>
  </trkpt>
  <trkpt lat="54.8654" lon="25.52303">
    <name>TP203</name>
  </trkpt>
  <trkpt lat="54.86549" lon="25.52331">
    <name>TP204</name>
  </trkpt>
  <trkpt lat="54.86551" lon="25.52337">
    <name>TP205</name>
  </trkpt>
  <trkpt lat="54.86558" lon="25.52358">
    <name>TP206</name>
  </trkpt>
  <trkpt lat="54.86595" lon="25.52465">
    <name>TP207</name>
  </trkpt>
  <trkpt lat="54.86604" lon="25.52492">
    <name>TP208</name>
  </trkpt>
  <trkpt lat="54.86613" lon="25.52519">
    <name>TP209</name>
  </trkpt>
  <trkpt lat="54.86622" lon="25.52546">
    <name>TP210</name>
  </trkpt>
  <trkpt lat="54.8664" lon="25.526">
    <name>TP211</name>
  </trkpt>
  <trkpt lat="54.8665" lon="25.52627">
    <name>TP212</name>
  </trkpt>
  <trkpt lat="54.86655" lon="25.52644">
    <name>TP213</name>
  </trkpt>
  <trkpt lat="54.86659" lon="25.52653">
    <name>TP214</name>
  </trkpt>
  <trkpt lat="54.86669" lon="25.52679">
    <name>TP215</name>
  </trkpt>
  <trkpt lat="54.86675" lon="25.52694">
    <name>TP216</name>
  </trkpt>
  <trkpt lat="54.86678" lon="25.527">
    <name>TP217</name>
  </trkpt>
  <trkpt lat="54.8668" lon="25.52704">
    <name>TP218</name>
  </trkpt>
  <trkpt lat="54.86701" lon="25.52755">
    <name>TP219</name>
  </trkpt>
  <trkpt lat="54.86712" lon="25.5278">
    <name>TP220</name>
  </trkpt>
  <trkpt lat="54.86723" lon="25.52805">
    <name>TP221</name>
  </trkpt>
  <trkpt lat="54.86726" lon="25.52813">
    <name>TP222</name>
  </trkpt>
  <trkpt lat="54.86745" lon="25.52854">
    <name>TP223</name>
  </trkpt>
  <trkpt lat="54.86779" lon="25.52926">
    <name>TP224</name>
  </trkpt>
  <trkpt lat="54.86802" lon="25.52974">
    <name>TP225</name>
  </trkpt>
  <trkpt lat="54.86823" lon="25.53018">
    <name>TP226</name>
  </trkpt>
  <trkpt lat="54.86825" lon="25.53023">
    <name>TP227</name>
  </trkpt>
  <trkpt lat="54.86837" lon="25.53046">
    <name>TP228</name>
  </trkpt>
  <trkpt lat="54.86849" lon="25.53069">
    <name>TP229</name>
  </trkpt>
  <trkpt lat="54.86854" lon="25.53078">
    <name>TP230</name>
  </trkpt>
  <trkpt lat="54.86861" lon="25.53092">
    <name>TP231</name>
  </trkpt>
  <trkpt lat="54.86873" lon="25.53116">
    <name>TP232</name>
  </trkpt>
  <trkpt lat="54.86875" lon="25.53118">
    <name>TP233</name>
  </trkpt>
  <trkpt lat="54.8689" lon="25.53155">
    <name>TP234</name>
  </trkpt>
  <trkpt lat="54.86904" lon="25.53188">
    <name>TP235</name>
  </trkpt>
  <trkpt lat="54.86947" lon="25.53293">
    <name>TP236</name>
  </trkpt>
  <trkpt lat="54.86949" lon="25.53297">
    <name>TP237</name>
  </trkpt>
  <trkpt lat="54.86959" lon="25.53328">
    <name>TP238</name>
  </trkpt>
  <trkpt lat="54.86964" lon="25.53347">
    <name>TP239</name>
  </trkpt>
  <trkpt lat="54.86972" lon="25.53374">
    <name>TP240</name>
  </trkpt>
  <trkpt lat="54.86972" lon="25.53376">
    <name>TP241</name>
  </trkpt>
  <trkpt lat="54.8698" lon="25.53398">
    <name>TP242</name>
  </trkpt>
  <trkpt lat="54.86985" lon="25.53415">
    <name>TP243</name>
  </trkpt>
  <trkpt lat="54.86989" lon="25.53425">
    <name>TP244</name>
  </trkpt>
  <trkpt lat="54.86993" lon="25.53432">
    <name>TP245</name>
  </trkpt>
  <trkpt lat="54.86996" lon="25.53436">
    <name>TP246</name>
  </trkpt>
  <trkpt lat="54.87" lon="25.53439">
    <name>TP247</name>
  </trkpt>
  <trkpt lat="54.87007" lon="25.53442">
    <name>TP248</name>
  </trkpt>
  <trkpt lat="54.8700704" lon="25.5344158">
    <name>TP249</name>
  </trkpt>
  <trkpt lat="54.87002" lon="25.53471">
    <name>TP250</name>
  </trkpt>
  <trkpt lat="54.8700182" lon="25.5347136">
    <name>TP251</name>
  </trkpt>
  <trkpt lat="54.87013" lon="25.53483">
    <name>TP252</name>
  </trkpt>
  <trkpt lat="54.87024" lon="25.53501">
    <name>TP253</name>
  </trkpt>
  <trkpt lat="54.87036" lon="25.53527">
    <name>TP254</name>
  </trkpt>
  <trkpt lat="54.87059" lon="25.53582">
    <name>TP255</name>
  </trkpt>
  <trkpt lat="54.87102" lon="25.53679">
    <name>TP256</name>
  </trkpt>
  <trkpt lat="54.87113" lon="25.53707">
    <name>TP257</name>
  </trkpt>
  <trkpt lat="54.87123" lon="25.53733">
    <name>TP258</name>
  </trkpt>
  <trkpt lat="54.87144" lon="25.53784">
    <name>TP259</name>
  </trkpt>
  <trkpt lat="54.87147" lon="25.5379">
    <name>TP260</name>
  </trkpt>
  <trkpt lat="54.87167" lon="25.53832">
    <name>TP261</name>
  </trkpt>
  <trkpt lat="54.87178" lon="25.53853">
    <name>TP262</name>
  </trkpt>
  <trkpt lat="54.87179" lon="25.53856">
    <name>TP263</name>
  </trkpt>
  <trkpt lat="54.8719" lon="25.5388">
    <name>TP264</name>
  </trkpt>
  <trkpt lat="54.87197" lon="25.53893">
    <name>TP265</name>
  </trkpt>
  <trkpt lat="54.87203" lon="25.53908">
    <name>TP266</name>
  </trkpt>
  <trkpt lat="54.87208" lon="25.53925">
    <name>TP267</name>
  </trkpt>
  <trkpt lat="54.87214" lon="25.53962">
    <name>TP268</name>
  </trkpt>
  <trkpt lat="54.8721446" lon="25.5396205">
    <name>TP269</name>
  </trkpt>
  <trkpt lat="54.8722" lon="25.5398">
    <name>TP270</name>
  </trkpt>
  <trkpt lat="54.87224" lon="25.5399">
    <name>TP271</name>
  </trkpt>
  <trkpt lat="54.87227" lon="25.53998">
    <name>TP272</name>
  </trkpt>
  <trkpt lat="54.8723" lon="25.54002">
    <name>TP273</name>
  </trkpt>
  <trkpt lat="54.87235" lon="25.54009">
    <name>TP274</name>
  </trkpt>
  <trkpt lat="54.87238" lon="25.54012">
    <name>TP275</name>
  </trkpt>
  <trkpt lat="54.87239" lon="25.54014">
    <name>TP276</name>
  </trkpt>
  <trkpt lat="54.87241" lon="25.54014">
    <name>TP277</name>
  </trkpt>
  <trkpt lat="54.87244" lon="25.54015">
    <name>TP278</name>
  </trkpt>
  <trkpt lat="54.87249" lon="25.54016">
    <name>TP279</name>
  </trkpt>
  <trkpt lat="54.87253" lon="25.54017">
    <name>TP280</name>
  </trkpt>
  <trkpt lat="54.87263" lon="25.54021">
    <name>TP281</name>
  </trkpt>
  <trkpt lat="54.87299" lon="25.54045">
    <name>TP282</name>
  </trkpt>
  <trkpt lat="54.87322" lon="25.54063">
    <name>TP283</name>
  </trkpt>
  <trkpt lat="54.87328" lon="25.54068">
    <name>TP284</name>
  </trkpt>
  <trkpt lat="54.87332" lon="25.54071">
    <name>TP285</name>
  </trkpt>
  <trkpt lat="54.87332" lon="25.54072">
    <name>TP286</name>
  </trkpt>
  <trkpt lat="54.87334" lon="25.54074">
    <name>TP287</name>
  </trkpt>
  <trkpt lat="54.87337" lon="25.54079">
    <name>TP288</name>
  </trkpt>
  <trkpt lat="54.87338" lon="25.54082">
    <name>TP289</name>
  </trkpt>
  <trkpt lat="54.87339" lon="25.54087">
    <name>TP290</name>
  </trkpt>
  <trkpt lat="54.87338" lon="25.54192">
    <name>TP291</name>
  </trkpt>
  <trkpt lat="54.8733824" lon="25.5419215">
    <name>TP292</name>
  </trkpt>
  <trkpt lat="54.87401" lon="25.54232">
    <name>TP293</name>
  </trkpt>
  <trkpt lat="54.87419" lon="25.54243">
    <name>TP294</name>
  </trkpt>
  <trkpt lat="54.87485" lon="25.54285">
    <name>TP295</name>
  </trkpt>
  <trkpt lat="54.8748452" lon="25.5428453">
    <name>TP296</name>
  </trkpt>
  <trkpt lat="54.87473" lon="25.54326">
    <name>TP297</name>
  </trkpt>
  <trkpt lat="54.87465" lon="25.54363">
    <name>TP298</name>
  </trkpt>
  <trkpt lat="54.87459" lon="25.54408">
    <name>TP299</name>
  </trkpt>
  <trkpt lat="54.87458" lon="25.54412">
    <name>TP300</name>
  </trkpt>
  <trkpt lat="54.87455" lon="25.5445">
    <name>TP301</name>
  </trkpt>
  <trkpt lat="54.87452" lon="25.54475">
    <name>TP302</name>
  </trkpt>
  <trkpt lat="54.87447" lon="25.54501">
    <name>TP303</name>
  </trkpt>
  <trkpt lat="54.87441" lon="25.54527">
    <name>TP304</name>
  </trkpt>
  <trkpt lat="54.87425" lon="25.5461">
    <name>TP305</name>
  </trkpt>
  <trkpt lat="54.87411" lon="25.5468">
    <name>TP306</name>
  </trkpt>
  <trkpt lat="54.87402" lon="25.5471">
    <name>TP307</name>
  </trkpt>
  <trkpt lat="54.87399" lon="25.54719">
    <name>TP308</name>
  </trkpt>
  <trkpt lat="54.8739" lon="25.54746">
    <name>TP309</name>
  </trkpt>
  <trkpt lat="54.87388" lon="25.54752">
    <name>TP310</name>
  </trkpt>
  <trkpt lat="54.87366" lon="25.54829">
    <name>TP311</name>
  </trkpt>
  <trkpt lat="54.8733" lon="25.54973">
    <name>TP312</name>
  </trkpt>
  <trkpt lat="54.8732982" lon="25.5497287">
    <name>TP313</name>
  </trkpt>
  <trkpt lat="54.87333" lon="25.54975">
    <name>TP314</name>
  </trkpt>
  <trkpt lat="54.87335" lon="25.54978">
    <name>TP315</name>
  </trkpt>
  <trkpt lat="54.87337" lon="25.54983">
    <name>TP316</name>
  </trkpt>
  <trkpt lat="54.87341" lon="25.5499">
    <name>TP317</name>
  </trkpt>
  <trkpt lat="54.87345" lon="25.54997">
    <name>TP318</name>
  </trkpt>
  <trkpt lat="54.87349" lon="25.55003">
    <name>TP319</name>
  </trkpt>
  <trkpt lat="54.87354" lon="25.55006">
    <name>TP320</name>
  </trkpt>
  <trkpt lat="54.87364" lon="25.55015">
    <name>TP321</name>
  </trkpt>
  <trkpt lat="54.87378" lon="25.55025">
    <name>TP322</name>
  </trkpt>
  <trkpt lat="54.87404" lon="25.55046">
    <name>TP323</name>
  </trkpt>
  <trkpt lat="54.87414" lon="25.55056">
    <name>TP324</name>
  </trkpt>
  <trkpt lat="54.8742" lon="25.55062">
    <name>TP325</name>
  </trkpt>
  <trkpt lat="54.87423" lon="25.55065">
    <name>TP326</name>
  </trkpt>
  <trkpt lat="54.87427" lon="25.55068">
    <name>TP327</name>
  </trkpt>
  <trkpt lat="54.87433" lon="25.5507">
    <name>TP328</name>
  </trkpt>
  <trkpt lat="54.87446" lon="25.55074">
    <name>TP329</name>
  </trkpt>
  <trkpt lat="54.87447" lon="25.55074">
    <name>TP330</name>
  </trkpt>
  <trkpt lat="54.87458" lon="25.55076">
    <name>TP331</name>
  </trkpt>
  <trkpt lat="54.87464" lon="25.55079">
    <name>TP332</name>
  </trkpt>
  <trkpt lat="54.87467" lon="25.55082">
    <name>TP333</name>
  </trkpt>
  <trkpt lat="54.87471" lon="25.55084">
    <name>TP334</name>
  </trkpt>
  <trkpt lat="54.87476" lon="25.55089">
    <name>TP335</name>
  </trkpt>
  <trkpt lat="54.875" lon="25.55135">
    <name>TP336</name>
  </trkpt>
  <trkpt lat="54.8753" lon="25.55209">
    <name>TP337</name>
  </trkpt>
  <trkpt lat="54.87544" lon="25.55246">
    <name>TP338</name>
  </trkpt>
  <trkpt lat="54.87554" lon="25.55272">
    <name>TP339</name>
  </trkpt>
  <trkpt lat="54.8758" lon="25.5534">
    <name>TP340</name>
  </trkpt>
  <trkpt lat="54.87626" lon="25.55451">
    <name>TP341</name>
  </trkpt>
  <trkpt lat="54.87649" lon="25.5553">
    <name>TP342</name>
  </trkpt>
  <trkpt lat="54.87674" lon="25.55619">
    <name>TP343</name>
  </trkpt>
  <trkpt lat="54.8768" lon="25.55642">
    <name>TP344</name>
  </trkpt>
  <trkpt lat="54.87682" lon="25.55652">
    <name>TP345</name>
  </trkpt>
  <trkpt lat="54.87686" lon="25.55672">
    <name>TP346</name>
  </trkpt>
  <trkpt lat="54.87688" lon="25.55683">
    <name>TP347</name>
  </trkpt>
  <trkpt lat="54.87706" lon="25.55792">
    <name>TP348</name>
  </trkpt>
  <trkpt lat="54.87711" lon="25.55822">
    <name>TP349</name>
  </trkpt>
  <trkpt lat="54.87725" lon="25.55912">
    <name>TP350</name>
  </trkpt>
  <trkpt lat="54.87732" lon="25.55953">
    <name>TP351</name>
  </trkpt>
  <trkpt lat="54.87748" lon="25.56022">
    <name>TP352</name>
  </trkpt>
  <trkpt lat="54.87749" lon="25.5603">
    <name>TP353</name>
  </trkpt>
  <trkpt lat="54.87749" lon="25.56038">
    <name>TP354</name>
  </trkpt>
  <trkpt lat="54.8775" lon="25.56046">
    <name>TP355</name>
  </trkpt>
  <trkpt lat="54.8775" lon="25.56054">
    <name>TP356</name>
  </trkpt>
  <trkpt lat="54.87749" lon="25.56061">
    <name>TP357</name>
  </trkpt>
  <trkpt lat="54.87749" lon="25.56062">
    <name>TP358</name>
  </trkpt>
  <trkpt lat="54.87746" lon="25.56073">
    <name>TP359</name>
  </trkpt>
  <trkpt lat="54.87744" lon="25.56078">
    <name>TP360</name>
  </trkpt>
  <trkpt lat="54.87741" lon="25.56089">
    <name>TP361</name>
  </trkpt>
  <trkpt lat="54.87739" lon="25.56097">
    <name>TP362</name>
  </trkpt>
  <trkpt lat="54.87734" lon="25.56116">
    <name>TP363</name>
  </trkpt>
  <trkpt lat="54.87729" lon="25.56133">
    <name>TP364</name>
  </trkpt>
  <trkpt lat="54.87725" lon="25.56158">
    <name>TP365</name>
  </trkpt>
  <trkpt lat="54.87719" lon="25.56194">
    <name>TP366</name>
  </trkpt>
  <trkpt lat="54.87714" lon="25.56224">
    <name>TP367</name>
  </trkpt>
  <trkpt lat="54.87712" lon="25.56237">
    <name>TP368</name>
  </trkpt>
  <trkpt lat="54.87709" lon="25.56254">
    <name>TP369</name>
  </trkpt>
  <trkpt lat="54.87702" lon="25.56297">
    <name>TP370</name>
  </trkpt>
  <trkpt lat="54.87686" lon="25.5638">
    <name>TP371</name>
  </trkpt>
  <trkpt lat="54.87685" lon="25.56386">
    <name>TP372</name>
  </trkpt>
  <trkpt lat="54.87682" lon="25.56403">
    <name>TP373</name>
  </trkpt>
  <trkpt lat="54.87679" lon="25.56415">
    <name>TP374</name>
  </trkpt>
  <trkpt lat="54.87673" lon="25.56441">
    <name>TP375</name>
  </trkpt>
  <trkpt lat="54.87673" lon="25.56445">
    <name>TP376</name>
  </trkpt>
  <trkpt lat="54.8767" lon="25.56462">
    <name>TP377</name>
  </trkpt>
  <trkpt lat="54.87666" lon="25.56489">
    <name>TP378</name>
  </trkpt>
  <trkpt lat="54.87664" lon="25.56513">
    <name>TP379</name>
  </trkpt>
  <trkpt lat="54.87663" lon="25.56523">
    <name>TP380</name>
  </trkpt>
  <trkpt lat="54.87663" lon="25.56529">
    <name>TP381</name>
  </trkpt>
  <trkpt lat="54.87665" lon="25.5656">
    <name>TP382</name>
  </trkpt>
  <trkpt lat="54.87669" lon="25.56587">
    <name>TP383</name>
  </trkpt>
  <trkpt lat="54.87671" lon="25.56597">
    <name>TP384</name>
  </trkpt>
  <trkpt lat="54.87673" lon="25.56607">
    <name>TP385</name>
  </trkpt>
  <trkpt lat="54.87676" lon="25.56614">
    <name>TP386</name>
  </trkpt>
  <trkpt lat="54.8769" lon="25.56651">
    <name>TP387</name>
  </trkpt>
  <trkpt lat="54.87699" lon="25.56677">
    <name>TP388</name>
  </trkpt>
  <trkpt lat="54.87709" lon="25.56703">
    <name>TP389</name>
  </trkpt>
  <trkpt lat="54.87715" lon="25.56719">
    <name>TP390</name>
  </trkpt>
  <trkpt lat="54.87717" lon="25.56724">
    <name>TP391</name>
  </trkpt>
  <trkpt lat="54.87723" lon="25.56745">
    <name>TP392</name>
  </trkpt>
  <trkpt lat="54.87726" lon="25.56758">
    <name>TP393</name>
  </trkpt>
  <trkpt lat="54.87726" lon="25.56759">
    <name>TP394</name>
  </trkpt>
  <trkpt lat="54.87727" lon="25.56773">
    <name>TP395</name>
  </trkpt>
  <trkpt lat="54.87727" lon="25.56776">
    <name>TP396</name>
  </trkpt>
  <trkpt lat="54.87726" lon="25.56797">
    <name>TP397</name>
  </trkpt>
  <trkpt lat="54.87723" lon="25.56807">
    <name>TP398</name>
  </trkpt>
  <trkpt lat="54.87719" lon="25.56826">
    <name>TP399</name>
  </trkpt>
  <trkpt lat="54.87707" lon="25.56862">
    <name>TP400</name>
  </trkpt>
  <trkpt lat="54.87699" lon="25.56886">
    <name>TP401</name>
  </trkpt>
  <trkpt lat="54.87688" lon="25.56907">
    <name>TP402</name>
  </trkpt>
  <trkpt lat="54.87683" lon="25.56918">
    <name>TP403</name>
  </trkpt>
  <trkpt lat="54.87657" lon="25.56953">
    <name>TP404</name>
  </trkpt>
  <trkpt lat="54.87642" lon="25.56972">
    <name>TP405</name>
  </trkpt>
  <trkpt lat="54.87632" lon="25.56984">
    <name>TP406</name>
  </trkpt>
  <trkpt lat="54.87626" lon="25.56995">
    <name>TP407</name>
  </trkpt>
  <trkpt lat="54.87624" lon="25.5701">
    <name>TP408</name>
  </trkpt>
  <trkpt lat="54.87624" lon="25.57011">
    <name>TP409</name>
  </trkpt>
  <trkpt lat="54.87623" lon="25.57018">
    <name>TP410</name>
  </trkpt>
  <trkpt lat="54.87622" lon="25.57028">
    <name>TP411</name>
  </trkpt>
  <trkpt lat="54.87621" lon="25.57143">
    <name>TP412</name>
  </trkpt>
  <trkpt lat="54.8762112" lon="25.5714312">
    <name>TP413</name>
  </trkpt>
  <trkpt lat="54.87645" lon="25.57186">
    <name>TP414</name>
  </trkpt>
  <trkpt lat="54.87681" lon="25.57258">
    <name>TP415</name>
  </trkpt>
  <trkpt lat="54.87704" lon="25.57306">
    <name>TP416</name>
  </trkpt>
  <trkpt lat="54.87739" lon="25.57377">
    <name>TP417</name>
  </trkpt>
  <trkpt lat="54.87769" lon="25.57436">
    <name>TP418</name>
  </trkpt>
  <trkpt lat="54.87788" lon="25.57469">
    <name>TP419</name>
  </trkpt>
  <trkpt lat="54.87801" lon="25.57491">
    <name>TP420</name>
  </trkpt>
  <trkpt lat="54.87839" lon="25.57557">
    <name>TP421</name>
  </trkpt>
  <trkpt lat="54.87845" lon="25.57566">
    <name>TP422</name>
  </trkpt>
  <trkpt lat="54.87853" lon="25.57577">
    <name>TP423</name>
  </trkpt>
  <trkpt lat="54.87895" lon="25.57636">
    <name>TP424</name>
  </trkpt>
  <trkpt lat="54.87909" lon="25.57655">
    <name>TP425</name>
  </trkpt>
  <trkpt lat="54.87951" lon="25.57714">
    <name>TP426</name>
  </trkpt>
  <trkpt lat="54.87993" lon="25.57772">
    <name>TP427</name>
  </trkpt>
  <trkpt lat="54.87994" lon="25.57773">
    <name>TP428</name>
  </trkpt>
  <trkpt lat="54.88007" lon="25.57792">
    <name>TP429</name>
  </trkpt>
  <trkpt lat="54.88021" lon="25.57811">
    <name>TP430</name>
  </trkpt>
  <trkpt lat="54.88049" lon="25.5785">
    <name>TP431</name>
  </trkpt>
  <trkpt lat="54.88077" lon="25.57889">
    <name>TP432</name>
  </trkpt>
  <trkpt lat="54.88089" lon="25.57906">
    <name>TP433</name>
  </trkpt>
  <trkpt lat="54.88111" lon="25.57935">
    <name>TP434</name>
  </trkpt>
  <trkpt lat="54.8812" lon="25.57946">
    <name>TP435</name>
  </trkpt>
  <trkpt lat="54.8812" lon="25.57947">
    <name>TP436</name>
  </trkpt>
  <trkpt lat="54.8813" lon="25.57952">
    <name>TP437</name>
  </trkpt>
  <trkpt lat="54.88138" lon="25.57955">
    <name>TP438</name>
  </trkpt>
  <trkpt lat="54.88144" lon="25.57957">
    <name>TP439</name>
  </trkpt>
  <trkpt lat="54.88173" lon="25.57959">
    <name>TP440</name>
  </trkpt>
  <trkpt lat="54.88227" lon="25.57964">
    <name>TP441</name>
  </trkpt>
  <trkpt lat="54.88241" lon="25.57965">
    <name>TP442</name>
  </trkpt>
  <trkpt lat="54.88245" lon="25.57965">
    <name>TP443</name>
  </trkpt>
  <trkpt lat="54.88317" lon="25.57969">
    <name>TP444</name>
  </trkpt>
  <trkpt lat="54.88407" lon="25.57974">
    <name>TP445</name>
  </trkpt>
  <trkpt lat="54.88425" lon="25.57975">
    <name>TP446</name>
  </trkpt>
  <trkpt lat="54.88461" lon="25.57977">
    <name>TP447</name>
  </trkpt>
  <trkpt lat="54.88479" lon="25.57978">
    <name>TP448</name>
  </trkpt>
  <trkpt lat="54.88569" lon="25.57983">
    <name>TP449</name>
  </trkpt>
  <trkpt lat="54.88587" lon="25.57984">
    <name>TP450</name>
  </trkpt>
  <trkpt lat="54.88623" lon="25.57986">
    <name>TP451</name>
  </trkpt>
  <trkpt lat="54.88731" lon="25.57992">
    <name>TP452</name>
  </trkpt>
  <trkpt lat="54.88749" lon="25.57993">
    <name>TP453</name>
  </trkpt>
  <trkpt lat="54.88767" lon="25.57994">
    <name>TP454</name>
  </trkpt>
  <trkpt lat="54.88803" lon="25.57996">
    <name>TP455</name>
  </trkpt>
  <trkpt lat="54.88842" lon="25.57998">
    <name>TP456</name>
  </trkpt>
  <trkpt lat="54.88874" lon="25.58002">
    <name>TP457</name>
  </trkpt>
  <trkpt lat="54.88905" lon="25.58005">
    <name>TP458</name>
  </trkpt>
  <trkpt lat="54.88956" lon="25.58011">
    <name>TP459</name>
  </trkpt>
  <trkpt lat="54.88959" lon="25.58012">
    <name>TP460</name>
  </trkpt>
  <trkpt lat="54.88977" lon="25.58013">
    <name>TP461</name>
  </trkpt>
  <trkpt lat="54.88995" lon="25.58014">
    <name>TP462</name>
  </trkpt>
  <trkpt lat="54.89023" lon="25.58015">
    <name>TP463</name>
  </trkpt>
  <trkpt lat="54.8903" lon="25.58018">
    <name>TP464</name>
  </trkpt>
  <trkpt lat="54.8905" lon="25.58027">
    <name>TP465</name>
  </trkpt>
  <trkpt lat="54.89082" lon="25.58045">
    <name>TP466</name>
  </trkpt>
  <trkpt lat="54.89099" lon="25.58055">
    <name>TP467</name>
  </trkpt>
  <trkpt lat="54.89151" lon="25.58084">
    <name>TP468</name>
  </trkpt>
  <trkpt lat="54.89202" lon="25.58113">
    <name>TP469</name>
  </trkpt>
  <trkpt lat="54.89236" lon="25.58133">
    <name>TP470</name>
  </trkpt>
  <trkpt lat="54.89304" lon="25.58172">
    <name>TP471</name>
  </trkpt>
  <trkpt lat="54.89338" lon="25.58192">
    <name>TP472</name>
  </trkpt>
  <trkpt lat="54.89373" lon="25.58211">
    <name>TP473</name>
  </trkpt>
  <trkpt lat="54.89428" lon="25.58243">
    <name>TP474</name>
  </trkpt>
  <trkpt lat="54.89441" lon="25.5825">
    <name>TP475</name>
  </trkpt>
  <trkpt lat="54.89475" lon="25.58269">
    <name>TP476</name>
  </trkpt>
  <trkpt lat="54.89509" lon="25.58288">
    <name>TP477</name>
  </trkpt>
  <trkpt lat="54.89595" lon="25.58336">
    <name>TP478</name>
  </trkpt>
  <trkpt lat="54.89642" lon="25.58362">
    <name>TP479</name>
  </trkpt>
  <trkpt lat="54.89715" lon="25.58402">
    <name>TP480</name>
  </trkpt>
  <trkpt lat="54.89727" lon="25.58409">
    <name>TP481</name>
  </trkpt>
  <trkpt lat="54.89739" lon="25.5841">
    <name>TP482</name>
  </trkpt>
  <trkpt lat="54.8975" lon="25.5841">
    <name>TP483</name>
  </trkpt>
  <trkpt lat="54.89753" lon="25.5841">
    <name>TP484</name>
  </trkpt>
  <trkpt lat="54.89795" lon="25.58406">
    <name>TP485</name>
  </trkpt>
  <trkpt lat="54.8984" lon="25.58396">
    <name>TP486</name>
  </trkpt>
  <trkpt lat="54.89854" lon="25.58392">
    <name>TP487</name>
  </trkpt>
  <trkpt lat="54.89858" lon="25.58392">
    <name>TP488</name>
  </trkpt>
  <trkpt lat="54.89954" lon="25.58383">
    <name>TP489</name>
  </trkpt>
  <trkpt lat="54.90001" lon="25.58378">
    <name>TP490</name>
  </trkpt>
  <trkpt lat="54.90037" lon="25.58375">
    <name>TP491</name>
  </trkpt>
  <trkpt lat="54.90055" lon="25.58373">
    <name>TP492</name>
  </trkpt>
  <trkpt lat="54.90127" lon="25.58366">
    <name>TP493</name>
  </trkpt>
  <trkpt lat="54.9012719" lon="25.5836649">
    <name>TP494</name>
  </trkpt>
  <trkpt lat="54.90122" lon="25.58396">
    <name>TP495</name>
  </trkpt>
  <trkpt lat="54.90118" lon="25.58433">
    <name>TP496</name>
  </trkpt>
  <trkpt lat="54.90114" lon="25.58465">
    <name>TP497</name>
  </trkpt>
  <trkpt lat="54.90112" lon="25.58497">
    <name>TP498</name>
  </trkpt>
  <trkpt lat="54.90107" lon="25.5853">
    <name>TP499</name>
  </trkpt>
  <trkpt lat="54.90105" lon="25.58536">
    <name>TP500</name>
  </trkpt>
  <trkpt lat="54.90101" lon="25.58547">
    <name>TP501</name>
  </trkpt>
  <trkpt lat="54.9009" lon="25.58567">
    <name>TP502</name>
  </trkpt>
  <trkpt lat="54.9008" lon="25.58576">
    <name>TP503</name>
  </trkpt>
  <trkpt lat="54.90068" lon="25.58588">
    <name>TP504</name>
  </trkpt>
  <trkpt lat="54.90064" lon="25.58594">
    <name>TP505</name>
  </trkpt>
  <trkpt lat="54.90063" lon="25.58595">
    <name>TP506</name>
  </trkpt>
  <trkpt lat="54.90058" lon="25.58602">
    <name>TP507</name>
  </trkpt>
  <trkpt lat="54.90055" lon="25.5861">
    <name>TP508</name>
  </trkpt>
  <trkpt lat="54.90041" lon="25.58642">
    <name>TP509</name>
  </trkpt>
  <trkpt lat="54.9003" lon="25.58667">
    <name>TP510</name>
  </trkpt>
  <trkpt lat="54.90019" lon="25.58692">
    <name>TP511</name>
  </trkpt>
  <trkpt lat="54.89986" lon="25.58766">
    <name>TP512</name>
  </trkpt>
  <trkpt lat="54.89965" lon="25.58816">
    <name>TP513</name>
  </trkpt>
  <trkpt lat="54.89937" lon="25.58878">
    <name>TP514</name>
  </trkpt>
  <trkpt lat="54.89926" lon="25.58921">
    <name>TP515</name>
  </trkpt>
  <trkpt lat="54.89926" lon="25.58922">
    <name>TP516</name>
  </trkpt>
  <trkpt lat="54.8992" lon="25.5895">
    <name>TP517</name>
  </trkpt>
  <trkpt lat="54.89917" lon="25.58965">
    <name>TP518</name>
  </trkpt>
  <trkpt lat="54.89914" lon="25.5898">
    <name>TP519</name>
  </trkpt>
  <trkpt lat="54.89908" lon="25.59009">
    <name>TP520</name>
  </trkpt>
  <trkpt lat="54.89903" lon="25.59039">
    <name>TP521</name>
  </trkpt>
  <trkpt lat="54.89888" lon="25.59116">
    <name>TP522</name>
  </trkpt>
  <trkpt lat="54.89874" lon="25.59187">
    <name>TP523</name>
  </trkpt>
  <trkpt lat="54.89863" lon="25.59241">
    <name>TP524</name>
  </trkpt>
  <trkpt lat="54.89862" lon="25.59246">
    <name>TP525</name>
  </trkpt>
  <trkpt lat="54.89858" lon="25.59272">
    <name>TP526</name>
  </trkpt>
  <trkpt lat="54.89857" lon="25.59277">
    <name>TP527</name>
  </trkpt>
  <trkpt lat="54.89856" lon="25.59286">
    <name>TP528</name>
  </trkpt>
  <trkpt lat="54.89854" lon="25.59301">
    <name>TP529</name>
  </trkpt>
  <trkpt lat="54.89854" lon="25.5932">
    <name>TP530</name>
  </trkpt>
  <trkpt lat="54.89853" lon="25.59338">
    <name>TP531</name>
  </trkpt>
  <trkpt lat="54.89853" lon="25.59354">
    <name>TP532</name>
  </trkpt>
  <trkpt lat="54.89852" lon="25.59366">
    <name>TP533</name>
  </trkpt>
  <trkpt lat="54.8985" lon="25.59377">
    <name>TP534</name>
  </trkpt>
  <trkpt lat="54.89848" lon="25.59392">
    <name>TP535</name>
  </trkpt>
  <trkpt lat="54.89842" lon="25.59418">
    <name>TP536</name>
  </trkpt>
  <trkpt lat="54.89839" lon="25.59428">
    <name>TP537</name>
  </trkpt>
  <trkpt lat="54.89832" lon="25.59462">
    <name>TP538</name>
  </trkpt>
  <trkpt lat="54.89803" lon="25.59605">
    <name>TP539</name>
  </trkpt>
  <trkpt lat="54.8979" lon="25.59664">
    <name>TP540</name>
  </trkpt>
  <trkpt lat="54.89766" lon="25.59781">
    <name>TP541</name>
  </trkpt>
  <trkpt lat="54.89758" lon="25.59818">
    <name>TP542</name>
  </trkpt>
  <trkpt lat="54.89748" lon="25.59859">
    <name>TP543</name>
  </trkpt>
  <trkpt lat="54.89745" lon="25.59871">
    <name>TP544</name>
  </trkpt>
  <trkpt lat="54.89743" lon="25.59881">
    <name>TP545</name>
  </trkpt>
  <trkpt lat="54.89742" lon="25.59891">
    <name>TP546</name>
  </trkpt>
  <trkpt lat="54.89743" lon="25.599">
    <name>TP547</name>
  </trkpt>
  <trkpt lat="54.89745" lon="25.59911">
    <name>TP548</name>
  </trkpt>
  <trkpt lat="54.89749" lon="25.59921">
    <name>TP549</name>
  </trkpt>
  <trkpt lat="54.89755" lon="25.59934">
    <name>TP550</name>
  </trkpt>
  <trkpt lat="54.89773" lon="25.59959">
    <name>TP551</name>
  </trkpt>
  <trkpt lat="54.89782" lon="25.59972">
    <name>TP552</name>
  </trkpt>
  <trkpt lat="54.89787" lon="25.59978">
    <name>TP553</name>
  </trkpt>
  <trkpt lat="54.89794" lon="25.59987">
    <name>TP554</name>
  </trkpt>
  <trkpt lat="54.89804" lon="25.59995">
    <name>TP555</name>
  </trkpt>
  <trkpt lat="54.89819" lon="25.60007">
    <name>TP556</name>
  </trkpt>
  <trkpt lat="54.89838" lon="25.60023">
    <name>TP557</name>
  </trkpt>
  <trkpt lat="54.89869" lon="25.60042">
    <name>TP558</name>
  </trkpt>
  <trkpt lat="54.89927" lon="25.60078">
    <name>TP559</name>
  </trkpt>
  <trkpt lat="54.89961" lon="25.60099">
    <name>TP560</name>
  </trkpt>
  <trkpt lat="54.89963" lon="25.601">
    <name>TP561</name>
  </trkpt>
  <trkpt lat="54.89978" lon="25.60109">
    <name>TP562</name>
  </trkpt>
  <trkpt lat="54.90029" lon="25.6014">
    <name>TP563</name>
  </trkpt>
  <trkpt lat="54.90046" lon="25.6015">
    <name>TP564</name>
  </trkpt>
  <trkpt lat="54.90085" lon="25.60174">
    <name>TP565</name>
  </trkpt>
  <trkpt lat="54.90149" lon="25.60207">
    <name>TP566</name>
  </trkpt>
  <trkpt lat="54.90166" lon="25.60216">
    <name>TP567</name>
  </trkpt>
  <trkpt lat="54.90201" lon="25.60234">
    <name>TP568</name>
  </trkpt>
  <trkpt lat="54.9027" lon="25.60265">
    <name>TP569</name>
  </trkpt>
  <trkpt lat="54.9027025" lon="25.6026529">
    <name>TP570</name>
  </trkpt>
  <trkpt lat="54.90267" lon="25.60287">
    <name>TP571</name>
  </trkpt>
  <trkpt lat="54.90257" lon="25.60347">
    <name>TP572</name>
  </trkpt>
  <trkpt lat="54.90252" lon="25.60377">
    <name>TP573</name>
  </trkpt>
  <trkpt lat="54.90247" lon="25.60407">
    <name>TP574</name>
  </trkpt>
  <trkpt lat="54.90221" lon="25.60563">
    <name>TP575</name>
  </trkpt>
  <trkpt lat="54.9022" lon="25.60571">
    <name>TP576</name>
  </trkpt>
  <trkpt lat="54.90182" lon="25.60754">
    <name>TP577</name>
  </trkpt>
  <trkpt lat="54.90178" lon="25.60776">
    <name>TP578</name>
  </trkpt>
  <trkpt lat="54.90159" lon="25.60881">
    <name>TP579</name>
  </trkpt>
  <trkpt lat="54.90141" lon="25.60994">
    <name>TP580</name>
  </trkpt>
  <trkpt lat="54.90136" lon="25.61024">
    <name>TP581</name>
  </trkpt>
  <trkpt lat="54.90134" lon="25.61037">
    <name>TP582</name>
  </trkpt>
  <trkpt lat="54.9013" lon="25.61061">
    <name>TP583</name>
  </trkpt>
  <trkpt lat="54.90122" lon="25.61087">
    <name>TP584</name>
  </trkpt>
  <trkpt lat="54.90113" lon="25.61112">
    <name>TP585</name>
  </trkpt>
  <trkpt lat="54.90071" lon="25.61214">
    <name>TP586</name>
  </trkpt>
  <trkpt lat="54.90062" lon="25.61236">
    <name>TP587</name>
  </trkpt>
  <trkpt lat="54.90051" lon="25.61261">
    <name>TP588</name>
  </trkpt>
  <trkpt lat="54.90009" lon="25.61363">
    <name>TP589</name>
  </trkpt>
  <trkpt lat="54.89954" lon="25.61494">
    <name>TP590</name>
  </trkpt>
  <trkpt lat="54.89951" lon="25.61502">
    <name>TP591</name>
  </trkpt>
  <trkpt lat="54.89949" lon="25.61509">
    <name>TP592</name>
  </trkpt>
  <trkpt lat="54.89947" lon="25.61516">
    <name>TP593</name>
  </trkpt>
  <trkpt lat="54.89946" lon="25.61524">
    <name>TP594</name>
  </trkpt>
  <trkpt lat="54.89945" lon="25.61533">
    <name>TP595</name>
  </trkpt>
  <trkpt lat="54.89944" lon="25.61543">
    <name>TP596</name>
  </trkpt>
  <trkpt lat="54.89945" lon="25.61551">
    <name>TP597</name>
  </trkpt>
  <trkpt lat="54.8995" lon="25.61604">
    <name>TP598</name>
  </trkpt>
  <trkpt lat="54.89952" lon="25.61628">
    <name>TP599</name>
  </trkpt>
  <trkpt lat="54.8996" lon="25.61701">
    <name>TP600</name>
  </trkpt>
  <trkpt lat="54.89963" lon="25.61726">
    <name>TP601</name>
  </trkpt>
  <trkpt lat="54.89968" lon="25.61774">
    <name>TP602</name>
  </trkpt>
  <trkpt lat="54.89969" lon="25.61802">
    <name>TP603</name>
  </trkpt>
  <trkpt lat="54.89968" lon="25.61837">
    <name>TP604</name>
  </trkpt>
  <trkpt lat="54.89964" lon="25.61886">
    <name>TP605</name>
  </trkpt>
  <trkpt lat="54.89963" lon="25.61921">
    <name>TP606</name>
  </trkpt>
  <trkpt lat="54.8996" lon="25.61983">
    <name>TP607</name>
  </trkpt>
  <trkpt lat="54.89958" lon="25.62031">
    <name>TP608</name>
  </trkpt>
  <trkpt lat="54.89954" lon="25.62093">
    <name>TP609</name>
  </trkpt>
  <trkpt lat="54.89953" lon="25.62112">
    <name>TP610</name>
  </trkpt>
  <trkpt lat="54.89945" lon="25.6223">
    <name>TP611</name>
  </trkpt>
  <trkpt lat="54.89944" lon="25.62276">
    <name>TP612</name>
  </trkpt>
  <trkpt lat="54.89943" lon="25.62302">
    <name>TP613</name>
  </trkpt>
  <trkpt lat="54.89943" lon="25.62343">
    <name>TP614</name>
  </trkpt>
  <trkpt lat="54.89943" lon="25.62352">
    <name>TP615</name>
  </trkpt>
  <trkpt lat="54.89944" lon="25.62355">
    <name>TP616</name>
  </trkpt>
  <trkpt lat="54.89943" lon="25.62359">
    <name>TP617</name>
  </trkpt>
  <trkpt lat="54.89943" lon="25.62363">
    <name>TP618</name>
  </trkpt>
  <trkpt lat="54.89942" lon="25.62367">
    <name>TP619</name>
  </trkpt>
  <trkpt lat="54.89941" lon="25.62373">
    <name>TP620</name>
  </trkpt>
  <trkpt lat="54.89941" lon="25.6238">
    <name>TP621</name>
  </trkpt>
  <trkpt lat="54.89939" lon="25.62396">
    <name>TP622</name>
  </trkpt>
  <trkpt lat="54.89939" lon="25.62404">
    <name>TP623</name>
  </trkpt>
  <trkpt lat="54.89938" lon="25.62435">
    <name>TP624</name>
  </trkpt>
  <trkpt lat="54.89936" lon="25.62489">
    <name>TP625</name>
  </trkpt>
  <trkpt lat="54.89936" lon="25.62491">
    <name>TP626</name>
  </trkpt>
  <trkpt lat="54.89935" lon="25.62543">
    <name>TP627</name>
  </trkpt>
  <trkpt lat="54.89935" lon="25.6256">
    <name>TP628</name>
  </trkpt>
  <trkpt lat="54.89931" lon="25.62654">
    <name>TP629</name>
  </trkpt>
  <trkpt lat="54.89931" lon="25.62655">
    <name>TP630</name>
  </trkpt>
  <trkpt lat="54.89931" lon="25.62765">
    <name>TP631</name>
  </trkpt>
  <trkpt lat="54.89932" lon="25.62833">
    <name>TP632</name>
  </trkpt>
  <trkpt lat="54.89931" lon="25.62871">
    <name>TP633</name>
  </trkpt>
  <trkpt lat="54.89931" lon="25.62873">
    <name>TP634</name>
  </trkpt>
  <trkpt lat="54.8993" lon="25.62904">
    <name>TP635</name>
  </trkpt>
  <trkpt lat="54.89929" lon="25.62941">
    <name>TP636</name>
  </trkpt>
  <trkpt lat="54.89928" lon="25.62977">
    <name>TP637</name>
  </trkpt>
  <trkpt lat="54.89926" lon="25.63014">
    <name>TP638</name>
  </trkpt>
  <trkpt lat="54.89923" lon="25.63034">
    <name>TP639</name>
  </trkpt>
  <trkpt lat="54.8992" lon="25.63055">
    <name>TP640</name>
  </trkpt>
  <trkpt lat="54.89916" lon="25.63081">
    <name>TP641</name>
  </trkpt>
  <trkpt lat="54.89916" lon="25.63089">
    <name>TP642</name>
  </trkpt>
  <trkpt lat="54.89915" lon="25.63094">
    <name>TP643</name>
  </trkpt>
  <trkpt lat="54.89915" lon="25.63105">
    <name>TP644</name>
  </trkpt>
  <trkpt lat="54.89916" lon="25.63114">
    <name>TP645</name>
  </trkpt>
  <trkpt lat="54.899159" lon="25.631143">
    <name>TP646</name>
  </trkpt>
  <trkpt lat="54.89916" lon="25.63116">
    <name>TP647</name>
  </trkpt>
  <trkpt lat="54.89918" lon="25.63128">
    <name>TP648</name>
  </trkpt>
  <trkpt lat="54.89923" lon="25.63145">
    <name>TP649</name>
  </trkpt>
  <trkpt lat="54.89931" lon="25.63164">
    <name>TP650</name>
  </trkpt>
  <trkpt lat="54.89941" lon="25.63193">
    <name>TP651</name>
  </trkpt>
  <trkpt lat="54.89948" lon="25.63213">
    <name>TP652</name>
  </trkpt>
  <trkpt lat="54.89957" lon="25.63237">
    <name>TP653</name>
  </trkpt>
  <trkpt lat="54.89994" lon="25.63348">
    <name>TP654</name>
  </trkpt>
  <trkpt lat="54.90002" lon="25.63372">
    <name>TP655</name>
  </trkpt>
  <trkpt lat="54.9001" lon="25.63399">
    <name>TP656</name>
  </trkpt>
  <trkpt lat="54.90016" lon="25.63419">
    <name>TP657</name>
  </trkpt>
  <trkpt lat="54.90023" lon="25.63439">
    <name>TP658</name>
  </trkpt>
  <trkpt lat="54.90027" lon="25.6345">
    <name>TP659</name>
  </trkpt>
  <trkpt lat="54.90031" lon="25.63457">
    <name>TP660</name>
  </trkpt>
  <trkpt lat="54.90035" lon="25.63464">
    <name>TP661</name>
  </trkpt>
  <trkpt lat="54.90036" lon="25.63465">
    <name>TP662</name>
  </trkpt>
  <trkpt lat="54.90039" lon="25.63468">
    <name>TP663</name>
  </trkpt>
  <trkpt lat="54.90046" lon="25.63475">
    <name>TP664</name>
  </trkpt>
  <trkpt lat="54.90052" lon="25.6348">
    <name>TP665</name>
  </trkpt>
  <trkpt lat="54.90061" lon="25.63488">
    <name>TP666</name>
  </trkpt>
  <trkpt lat="54.90062" lon="25.63489">
    <name>TP667</name>
  </trkpt>
  <trkpt lat="54.90077" lon="25.63501">
    <name>TP668</name>
  </trkpt>
  <trkpt lat="54.901" lon="25.63517">
    <name>TP669</name>
  </trkpt>
  <trkpt lat="54.90111" lon="25.63523">
    <name>TP670</name>
  </trkpt>
  <trkpt lat="54.90144" lon="25.63543">
    <name>TP671</name>
  </trkpt>
  <trkpt lat="54.90151" lon="25.63547">
    <name>TP672</name>
  </trkpt>
  <trkpt lat="54.90237" lon="25.63593">
    <name>TP673</name>
  </trkpt>
  <trkpt lat="54.90245" lon="25.63598">
    <name>TP674</name>
  </trkpt>
  <trkpt lat="54.90329" lon="25.63649">
    <name>TP675</name>
  </trkpt>
  <trkpt lat="54.90348" lon="25.63664">
    <name>TP676</name>
  </trkpt>
  <trkpt lat="54.90355" lon="25.63669">
    <name>TP677</name>
  </trkpt>
  <trkpt lat="54.90378" lon="25.63684">
    <name>TP678</name>
  </trkpt>
  <trkpt lat="54.90445" lon="25.63722">
    <name>TP679</name>
  </trkpt>
  <trkpt lat="54.90477" lon="25.63737">
    <name>TP680</name>
  </trkpt>
  <trkpt lat="54.90546" lon="25.63772">
    <name>TP681</name>
  </trkpt>
  <trkpt lat="54.90573" lon="25.63784">
    <name>TP682</name>
  </trkpt>
  <trkpt lat="54.90587" lon="25.6379">
    <name>TP683</name>
  </trkpt>
  <trkpt lat="54.9059" lon="25.63791">
    <name>TP684</name>
  </trkpt>
  <trkpt lat="54.90619" lon="25.63804">
    <name>TP685</name>
  </trkpt>
  <trkpt lat="54.90661" lon="25.63815">
    <name>TP686</name>
  </trkpt>
  <trkpt lat="54.90678" lon="25.6382">
    <name>TP687</name>
  </trkpt>
  <trkpt lat="54.90696" lon="25.63824">
    <name>TP688</name>
  </trkpt>
  <trkpt lat="54.90696" lon="25.63825">
    <name>TP689</name>
  </trkpt>
  <trkpt lat="54.90731" lon="25.63839">
    <name>TP690</name>
  </trkpt>
  <trkpt lat="54.90766" lon="25.63853">
    <name>TP691</name>
  </trkpt>
  <trkpt lat="54.90801" lon="25.63868">
    <name>TP692</name>
  </trkpt>
  <trkpt lat="54.90854" lon="25.63888">
    <name>TP693</name>
  </trkpt>
  <trkpt lat="54.90882" lon="25.63899">
    <name>TP694</name>
  </trkpt>
  <trkpt lat="54.90889" lon="25.63901">
    <name>TP695</name>
  </trkpt>
  <trkpt lat="54.90938" lon="25.63917">
    <name>TP696</name>
  </trkpt>
  <trkpt lat="54.91013" lon="25.63941">
    <name>TP697</name>
  </trkpt>
  <trkpt lat="54.91028" lon="25.63946">
    <name>TP698</name>
  </trkpt>
  <trkpt lat="54.91031" lon="25.63947">
    <name>TP699</name>
  </trkpt>
  <trkpt lat="54.9104" lon="25.6395">
    <name>TP700</name>
  </trkpt>
  <trkpt lat="54.91066" lon="25.63961">
    <name>TP701</name>
  </trkpt>
  <trkpt lat="54.9108" lon="25.63967">
    <name>TP702</name>
  </trkpt>
  <trkpt lat="54.91083" lon="25.63968">
    <name>TP703</name>
  </trkpt>
  <trkpt lat="54.91089" lon="25.63971">
    <name>TP704</name>
  </trkpt>
  <trkpt lat="54.91117" lon="25.63974">
    <name>TP705</name>
  </trkpt>
  <trkpt lat="54.91119" lon="25.63974">
    <name>TP706</name>
  </trkpt>
  <trkpt lat="54.91126" lon="25.63973">
    <name>TP707</name>
  </trkpt>
  <trkpt lat="54.91134" lon="25.63973">
    <name>TP708</name>
  </trkpt>
  <trkpt lat="54.9113401" lon="25.6397327">
    <name>TP709</name>
  </trkpt>
  <trkpt lat="54.9113401" lon="25.6397327">
    <name>TP710</name>
  </trkpt>
  <trkpt lat="54.91137" lon="25.63973">
    <name>TP711</name>
  </trkpt>
  <trkpt lat="54.91139" lon="25.63973">
    <name>TP712</name>
  </trkpt>
  <trkpt lat="54.91151" lon="25.6397">
    <name>TP713</name>
  </trkpt>
  <trkpt lat="54.91152" lon="25.6397">
    <name>TP714</name>
  </trkpt>
  <trkpt lat="54.91154" lon="25.63968">
    <name>TP715</name>
  </trkpt>
  <trkpt lat="54.91162" lon="25.63965">
    <name>TP716</name>
  </trkpt>
  <trkpt lat="54.91172" lon="25.63961">
    <name>TP717</name>
  </trkpt>
  <trkpt lat="54.9118" lon="25.63958">
    <name>TP718</name>
  </trkpt>
  <trkpt lat="54.91187" lon="25.63955">
    <name>TP719</name>
  </trkpt>
  <trkpt lat="54.91189" lon="25.63953">
    <name>TP720</name>
  </trkpt>
  <trkpt lat="54.91224" lon="25.63937">
    <name>TP721</name>
  </trkpt>
  <trkpt lat="54.91225" lon="25.63936">
    <name>TP722</name>
  </trkpt>
  <trkpt lat="54.91241" lon="25.63929">
    <name>TP723</name>
  </trkpt>
  <trkpt lat="54.91276" lon="25.63914">
    <name>TP724</name>
  </trkpt>
  <trkpt lat="54.91291" lon="25.63908">
    <name>TP725</name>
  </trkpt>
  <trkpt lat="54.91294" lon="25.63906">
    <name>TP726</name>
  </trkpt>
  <trkpt lat="54.91307" lon="25.63901">
    <name>TP727</name>
  </trkpt>
  <trkpt lat="54.91311" lon="25.63899">
    <name>TP728</name>
  </trkpt>
  <trkpt lat="54.91328" lon="25.63891">
    <name>TP729</name>
  </trkpt>
  <trkpt lat="54.91329" lon="25.63891">
    <name>TP730</name>
  </trkpt>
  <trkpt lat="54.9134" lon="25.63888">
    <name>TP731</name>
  </trkpt>
  <trkpt lat="54.91349" lon="25.63887">
    <name>TP732</name>
  </trkpt>
  <trkpt lat="54.91356" lon="25.63888">
    <name>TP733</name>
  </trkpt>
  <trkpt lat="54.91364" lon="25.63889">
    <name>TP734</name>
  </trkpt>
  <trkpt lat="54.9136446" lon="25.6388945">
    <name>TP735</name>
  </trkpt>
  <trkpt lat="54.91401" lon="25.63817">
    <name>TP736</name>
  </trkpt>
  <trkpt lat="54.91418" lon="25.63785">
    <name>TP737</name>
  </trkpt>
  <trkpt lat="54.91459" lon="25.63701">
    <name>TP738</name>
  </trkpt>
  <trkpt lat="54.91469" lon="25.63681">
    <name>TP739</name>
  </trkpt>
  <trkpt lat="54.91484" lon="25.63655">
    <name>TP740</name>
  </trkpt>
  <trkpt lat="54.91496" lon="25.63632">
    <name>TP741</name>
  </trkpt>
  <trkpt lat="54.91508" lon="25.6361">
    <name>TP742</name>
  </trkpt>
  <trkpt lat="54.91546" lon="25.63542">
    <name>TP743</name>
  </trkpt>
  <trkpt lat="54.91546" lon="25.63541">
    <name>TP744</name>
  </trkpt>
  <trkpt lat="54.91558" lon="25.6352">
    <name>TP745</name>
  </trkpt>
  <trkpt lat="54.91575" lon="25.63492">
    <name>TP746</name>
  </trkpt>
  <trkpt lat="54.91634" lon="25.63387">
    <name>TP747</name>
  </trkpt>
  <trkpt lat="54.91638" lon="25.63381">
    <name>TP748</name>
  </trkpt>
  <trkpt lat="54.91684" lon="25.63297">
    <name>TP749</name>
  </trkpt>
  <trkpt lat="54.91724" lon="25.6322">
    <name>TP750</name>
  </trkpt>
  <trkpt lat="54.91747" lon="25.63177">
    <name>TP751</name>
  </trkpt>
  <trkpt lat="54.91771" lon="25.63129">
    <name>TP752</name>
  </trkpt>
  <trkpt lat="54.91785" lon="25.631">
    <name>TP753</name>
  </trkpt>
  <trkpt lat="54.91852" lon="25.62974">
    <name>TP754</name>
  </trkpt>
  <trkpt lat="54.91879" lon="25.6292">
    <name>TP755</name>
  </trkpt>
  <trkpt lat="54.91891" lon="25.62897">
    <name>TP756</name>
  </trkpt>
  <trkpt lat="54.91901" lon="25.62879">
    <name>TP757</name>
  </trkpt>
  <trkpt lat="54.91916" lon="25.62852">
    <name>TP758</name>
  </trkpt>
  <trkpt lat="54.91973" lon="25.62748">
    <name>TP759</name>
  </trkpt>
  <trkpt lat="54.92009" lon="25.62687">
    <name>TP760</name>
  </trkpt>
  <trkpt lat="54.92017" lon="25.62673">
    <name>TP761</name>
  </trkpt>
  <trkpt lat="54.92072" lon="25.62581">
    <name>TP762</name>
  </trkpt>
  <trkpt lat="54.92107" lon="25.6252">
    <name>TP763</name>
  </trkpt>
  <trkpt lat="54.92107" lon="25.62519">
    <name>TP764</name>
  </trkpt>
  <trkpt lat="54.9212" lon="25.62498">
    <name>TP765</name>
  </trkpt>
  <trkpt lat="54.92132" lon="25.62475">
    <name>TP766</name>
  </trkpt>
  <trkpt lat="54.92252" lon="25.62264">
    <name>TP767</name>
  </trkpt>
  <trkpt lat="54.92282" lon="25.62233">
    <name>TP768</name>
  </trkpt>
  <trkpt lat="54.923" lon="25.62217">
    <name>TP769</name>
  </trkpt>
  <trkpt lat="54.92304" lon="25.62213">
    <name>TP770</name>
  </trkpt>
  <trkpt lat="54.92317" lon="25.62197">
    <name>TP771</name>
  </trkpt>
  <trkpt lat="54.92329" lon="25.62181">
    <name>TP772</name>
  </trkpt>
  <trkpt lat="54.92332" lon="25.62174">
    <name>TP773</name>
  </trkpt>
  <trkpt lat="54.92335" lon="25.62164">
    <name>TP774</name>
  </trkpt>
  <trkpt lat="54.92339" lon="25.6215">
    <name>TP775</name>
  </trkpt>
  <trkpt lat="54.9234" lon="25.62146">
    <name>TP776</name>
  </trkpt>
  <trkpt lat="54.92344" lon="25.62126">
    <name>TP777</name>
  </trkpt>
  <trkpt lat="54.92349" lon="25.6209">
    <name>TP778</name>
  </trkpt>
  <trkpt lat="54.9235" lon="25.62087">
    <name>TP779</name>
  </trkpt>
  <trkpt lat="54.92356" lon="25.62077">
    <name>TP780</name>
  </trkpt>
  <trkpt lat="54.92364" lon="25.62065">
    <name>TP781</name>
  </trkpt>
  <trkpt lat="54.92376" lon="25.6205">
    <name>TP782</name>
  </trkpt>
  <trkpt lat="54.92388" lon="25.62037">
    <name>TP783</name>
  </trkpt>
  <trkpt lat="54.92409" lon="25.62017">
    <name>TP784</name>
  </trkpt>
  <trkpt lat="54.92488" lon="25.61945">
    <name>TP785</name>
  </trkpt>
  <trkpt lat="54.92535" lon="25.61896">
    <name>TP786</name>
  </trkpt>
  <trkpt lat="54.92542" lon="25.61888">
    <name>TP787</name>
  </trkpt>
  <trkpt lat="54.9255" lon="25.61878">
    <name>TP788</name>
  </trkpt>
  <trkpt lat="54.92564" lon="25.61859">
    <name>TP789</name>
  </trkpt>
  <trkpt lat="54.92578" lon="25.61841">
    <name>TP790</name>
  </trkpt>
  <trkpt lat="54.92614" lon="25.61768">
    <name>TP791</name>
  </trkpt>
  <trkpt lat="54.9262" lon="25.61755">
    <name>TP792</name>
  </trkpt>
  <trkpt lat="54.92663" lon="25.61664">
    <name>TP793</name>
  </trkpt>
  <trkpt lat="54.92683" lon="25.61624">
    <name>TP794</name>
  </trkpt>
  <trkpt lat="54.92696" lon="25.61597">
    <name>TP795</name>
  </trkpt>
  <trkpt lat="54.92709" lon="25.61567">
    <name>TP796</name>
  </trkpt>
  <trkpt lat="54.92715" lon="25.61549">
    <name>TP797</name>
  </trkpt>
  <trkpt lat="54.92729" lon="25.61511">
    <name>TP798</name>
  </trkpt>
  <trkpt lat="54.92747" lon="25.61437">
    <name>TP799</name>
  </trkpt>
  <trkpt lat="54.9275" lon="25.61428">
    <name>TP800</name>
  </trkpt>
  <trkpt lat="54.92758" lon="25.61398">
    <name>TP801</name>
  </trkpt>
  <trkpt lat="54.92763" lon="25.61381">
    <name>TP802</name>
  </trkpt>
  <trkpt lat="54.92773" lon="25.61351">
    <name>TP803</name>
  </trkpt>
  <trkpt lat="54.92779" lon="25.61325">
    <name>TP804</name>
  </trkpt>
  <trkpt lat="54.92781" lon="25.61314">
    <name>TP805</name>
  </trkpt>
  <trkpt lat="54.92785" lon="25.61293">
    <name>TP806</name>
  </trkpt>
  <trkpt lat="54.92787" lon="25.61276">
    <name>TP807</name>
  </trkpt>
  <trkpt lat="54.92787" lon="25.6126">
    <name>TP808</name>
  </trkpt>
  <trkpt lat="54.92788" lon="25.61237">
    <name>TP809</name>
  </trkpt>
  <trkpt lat="54.92788" lon="25.61233">
    <name>TP810</name>
  </trkpt>
  <trkpt lat="54.92788" lon="25.61193">
    <name>TP811</name>
  </trkpt>
  <trkpt lat="54.92788" lon="25.61175">
    <name>TP812</name>
  </trkpt>
  <trkpt lat="54.92789" lon="25.61151">
    <name>TP813</name>
  </trkpt>
  <trkpt lat="54.92793" lon="25.61125">
    <name>TP814</name>
  </trkpt>
  <trkpt lat="54.92795" lon="25.61114">
    <name>TP815</name>
  </trkpt>
  <trkpt lat="54.92796" lon="25.6111">
    <name>TP816</name>
  </trkpt>
  <trkpt lat="54.92799" lon="25.61101">
    <name>TP817</name>
  </trkpt>
  <trkpt lat="54.92802" lon="25.61089">
    <name>TP818</name>
  </trkpt>
  <trkpt lat="54.92808" lon="25.61076">
    <name>TP819</name>
  </trkpt>
  <trkpt lat="54.92818" lon="25.61061">
    <name>TP820</name>
  </trkpt>
  <trkpt lat="54.92823" lon="25.61053">
    <name>TP821</name>
  </trkpt>
  <trkpt lat="54.92832" lon="25.61042">
    <name>TP822</name>
  </trkpt>
  <trkpt lat="54.92838" lon="25.61036">
    <name>TP823</name>
  </trkpt>
  <trkpt lat="54.92847" lon="25.61025">
    <name>TP824</name>
  </trkpt>
  <trkpt lat="54.92861" lon="25.61009">
    <name>TP825</name>
  </trkpt>
  <trkpt lat="54.92862" lon="25.61007">
    <name>TP826</name>
  </trkpt>
  <trkpt lat="54.92881" lon="25.60983">
    <name>TP827</name>
  </trkpt>
  <trkpt lat="54.929" lon="25.60962">
    <name>TP828</name>
  </trkpt>
  <trkpt lat="54.92917" lon="25.60943">
    <name>TP829</name>
  </trkpt>
  <trkpt lat="54.92938" lon="25.60922">
    <name>TP830</name>
  </trkpt>
  <trkpt lat="54.92965" lon="25.60895">
    <name>TP831</name>
  </trkpt>
  <trkpt lat="54.92987" lon="25.60876">
    <name>TP832</name>
  </trkpt>
  <trkpt lat="54.9299" lon="25.60873">
    <name>TP833</name>
  </trkpt>
  <trkpt lat="54.93002" lon="25.60865">
    <name>TP834</name>
  </trkpt>
  <trkpt lat="54.93021" lon="25.60855">
    <name>TP835</name>
  </trkpt>
  <trkpt lat="54.93029" lon="25.6085">
    <name>TP836</name>
  </trkpt>
  <trkpt lat="54.93058" lon="25.60833">
    <name>TP837</name>
  </trkpt>
  <trkpt lat="54.93069" lon="25.60827">
    <name>TP838</name>
  </trkpt>
  <trkpt lat="54.93072" lon="25.60827">
    <name>TP839</name>
  </trkpt>
  <trkpt lat="54.93074" lon="25.60826">
    <name>TP840</name>
  </trkpt>
  <trkpt lat="54.93084" lon="25.60823">
    <name>TP841</name>
  </trkpt>
  <trkpt lat="54.9309" lon="25.60823">
    <name>TP842</name>
  </trkpt>
  <trkpt lat="54.93144" lon="25.60816">
    <name>TP843</name>
  </trkpt>
  <trkpt lat="54.93174" lon="25.60812">
    <name>TP844</name>
  </trkpt>
  <trkpt lat="54.93189" lon="25.60811">
    <name>TP845</name>
  </trkpt>
  <trkpt lat="54.93261" lon="25.60807">
    <name>TP846</name>
  </trkpt>
  <trkpt lat="54.9328" lon="25.60806">
    <name>TP847</name>
  </trkpt>
  <trkpt lat="54.93292" lon="25.60805">
    <name>TP848</name>
  </trkpt>
  <trkpt lat="54.93304" lon="25.60801">
    <name>TP849</name>
  </trkpt>
  <trkpt lat="54.93311" lon="25.608">
    <name>TP850</name>
  </trkpt>
  <trkpt lat="54.93321" lon="25.608">
    <name>TP851</name>
  </trkpt>
  <trkpt lat="54.93333" lon="25.60802">
    <name>TP852</name>
  </trkpt>
  <trkpt lat="54.93354" lon="25.60807">
    <name>TP853</name>
  </trkpt>
  <trkpt lat="54.93383" lon="25.60811">
    <name>TP854</name>
  </trkpt>
  <trkpt lat="54.93393" lon="25.60805">
    <name>TP855</name>
  </trkpt>
  <trkpt lat="54.93398" lon="25.60802">
    <name>TP856</name>
  </trkpt>
  <trkpt lat="54.93402" lon="25.60799">
    <name>TP857</name>
  </trkpt>
  <trkpt lat="54.93406" lon="25.60795">
    <name>TP858</name>
  </trkpt>
  <trkpt lat="54.93411" lon="25.60788">
    <name>TP859</name>
  </trkpt>
  <trkpt lat="54.93416" lon="25.60779">
    <name>TP860</name>
  </trkpt>
  <trkpt lat="54.93432" lon="25.60751">
    <name>TP861</name>
  </trkpt>
  <trkpt lat="54.93469" lon="25.60683">
    <name>TP862</name>
  </trkpt>
  <trkpt lat="54.93474" lon="25.60676">
    <name>TP863</name>
  </trkpt>
  <trkpt lat="54.93486" lon="25.60654">
    <name>TP864</name>
  </trkpt>
  <trkpt lat="54.93499" lon="25.60632">
    <name>TP865</name>
  </trkpt>
  <trkpt lat="54.93551" lon="25.60546">
    <name>TP866</name>
  </trkpt>
  <trkpt lat="54.93563" lon="25.60527">
    <name>TP867</name>
  </trkpt>
  <trkpt lat="54.93578" lon="25.60503">
    <name>TP868</name>
  </trkpt>
  <trkpt lat="54.93579" lon="25.60502">
    <name>TP869</name>
  </trkpt>
  <trkpt lat="54.93597" lon="25.60474">
    <name>TP870</name>
  </trkpt>
  <trkpt lat="54.93631" lon="25.60428">
    <name>TP871</name>
  </trkpt>
  <trkpt lat="54.93633" lon="25.60424">
    <name>TP872</name>
  </trkpt>
  <trkpt lat="54.9364" lon="25.60415">
    <name>TP873</name>
  </trkpt>
  <trkpt lat="54.93649" lon="25.604">
    <name>TP874</name>
  </trkpt>
  <trkpt lat="54.9366" lon="25.60379">
    <name>TP875</name>
  </trkpt>
  <trkpt lat="54.93667" lon="25.60367">
    <name>TP876</name>
  </trkpt>
  <trkpt lat="54.93674" lon="25.60356">
    <name>TP877</name>
  </trkpt>
  <trkpt lat="54.9369" lon="25.60337">
    <name>TP878</name>
  </trkpt>
  <trkpt lat="54.93706" lon="25.6032">
    <name>TP879</name>
  </trkpt>
  <trkpt lat="54.93722" lon="25.60305">
    <name>TP880</name>
  </trkpt>
  <trkpt lat="54.93741" lon="25.6029">
    <name>TP881</name>
  </trkpt>
  <trkpt lat="54.93756" lon="25.60278">
    <name>TP882</name>
  </trkpt>
  <trkpt lat="54.93786" lon="25.60257">
    <name>TP883</name>
  </trkpt>
  <trkpt lat="54.93798" lon="25.60249">
    <name>TP884</name>
  </trkpt>
  <trkpt lat="54.93805" lon="25.60244">
    <name>TP885</name>
  </trkpt>
  <trkpt lat="54.93812" lon="25.6024">
    <name>TP886</name>
  </trkpt>
  <trkpt lat="54.93823" lon="25.60236">
    <name>TP887</name>
  </trkpt>
  <trkpt lat="54.93829" lon="25.60235">
    <name>TP888</name>
  </trkpt>
  <trkpt lat="54.93836" lon="25.60234">
    <name>TP889</name>
  </trkpt>
  <trkpt lat="54.93846" lon="25.60233">
    <name>TP890</name>
  </trkpt>
  <trkpt lat="54.93848" lon="25.60234">
    <name>TP891</name>
  </trkpt>
  <trkpt lat="54.93852" lon="25.60235">
    <name>TP892</name>
  </trkpt>
  <trkpt lat="54.93862" lon="25.60239">
    <name>TP893</name>
  </trkpt>
  <trkpt lat="54.93874" lon="25.60247">
    <name>TP894</name>
  </trkpt>
  <trkpt lat="54.93888" lon="25.60256">
    <name>TP895</name>
  </trkpt>
  <trkpt lat="54.93902" lon="25.60269">
    <name>TP896</name>
  </trkpt>
  <trkpt lat="54.93909" lon="25.60275">
    <name>TP897</name>
  </trkpt>
  <trkpt lat="54.93921" lon="25.60287">
    <name>TP898</name>
  </trkpt>
  <trkpt lat="54.93933" lon="25.603">
    <name>TP899</name>
  </trkpt>
  <trkpt lat="54.9393267" lon="25.6030016">
    <name>TP900</name>
  </trkpt>
  <trkpt lat="54.9393267" lon="25.6030016">
    <name>TP901</name>
  </trkpt>
  <trkpt lat="54.93936" lon="25.60304">
    <name>TP902</name>
  </trkpt>
  <trkpt lat="54.93944" lon="25.6031">
    <name>TP903</name>
  </trkpt>
  <trkpt lat="54.93947" lon="25.60311">
    <name>TP904</name>
  </trkpt>
  <trkpt lat="54.9395" lon="25.60312">
    <name>TP905</name>
  </trkpt>
  <trkpt lat="54.93952" lon="25.60312">
    <name>TP906</name>
  </trkpt>
  <trkpt lat="54.93955" lon="25.60312">
    <name>TP907</name>
  </trkpt>
  <trkpt lat="54.93957" lon="25.60311">
    <name>TP908</name>
  </trkpt>
  <trkpt lat="54.93959" lon="25.6031">
    <name>TP909</name>
  </trkpt>
  <trkpt lat="54.9396" lon="25.60309">
    <name>TP910</name>
  </trkpt>
  <trkpt lat="54.93962" lon="25.60306">
    <name>TP911</name>
  </trkpt>
  <trkpt lat="54.93964" lon="25.60302">
    <name>TP912</name>
  </trkpt>
  <trkpt lat="54.93966" lon="25.60299">
    <name>TP913</name>
  </trkpt>
  <trkpt lat="54.93967" lon="25.60295">
    <name>TP914</name>
  </trkpt>
  <trkpt lat="54.93968" lon="25.60291">
    <name>TP915</name>
  </trkpt>
  <trkpt lat="54.93968" lon="25.60284">
    <name>TP916</name>
  </trkpt>
  <trkpt lat="54.93969" lon="25.60276">
    <name>TP917</name>
  </trkpt>
  <trkpt lat="54.9397" lon="25.60268">
    <name>TP918</name>
  </trkpt>
  <trkpt lat="54.93972" lon="25.60253">
    <name>TP919</name>
  </trkpt>
  <trkpt lat="54.93977" lon="25.60219">
    <name>TP920</name>
  </trkpt>
  <trkpt lat="54.93979" lon="25.60199">
    <name>TP921</name>
  </trkpt>
  <trkpt lat="54.93981" lon="25.60174">
    <name>TP922</name>
  </trkpt>
  <trkpt lat="54.93982" lon="25.60167">
    <name>TP923</name>
  </trkpt>
  <trkpt lat="54.93983" lon="25.60159">
    <name>TP924</name>
  </trkpt>
  <trkpt lat="54.93984" lon="25.60152">
    <name>TP925</name>
  </trkpt>
  <trkpt lat="54.93984" lon="25.60148">
    <name>TP926</name>
  </trkpt>
  <trkpt lat="54.93984" lon="25.60141">
    <name>TP927</name>
  </trkpt>
  <trkpt lat="54.93985" lon="25.60128">
    <name>TP928</name>
  </trkpt>
  <trkpt lat="54.93985" lon="25.6012">
    <name>TP929</name>
  </trkpt>
  <trkpt lat="54.93987" lon="25.60105">
    <name>TP930</name>
  </trkpt>
  <trkpt lat="54.93988" lon="25.60098">
    <name>TP931</name>
  </trkpt>
  <trkpt lat="54.9399" lon="25.6009">
    <name>TP932</name>
  </trkpt>
  <trkpt lat="54.93993" lon="25.60079">
    <name>TP933</name>
  </trkpt>
  <trkpt lat="54.93998" lon="25.60053">
    <name>TP934</name>
  </trkpt>
  <trkpt lat="54.9399805" lon="25.6005316">
    <name>TP935</name>
  </trkpt>
  <trkpt lat="54.94026" lon="25.60073">
    <name>TP936</name>
  </trkpt>
  <trkpt lat="54.94034" lon="25.60078">
    <name>TP937</name>
  </trkpt>
  <trkpt lat="54.94046" lon="25.60081">
    <name>TP938</name>
  </trkpt>
  <trkpt lat="54.94058" lon="25.60085">
    <name>TP939</name>
  </trkpt>
  <trkpt lat="54.94065" lon="25.60086">
    <name>TP940</name>
  </trkpt>
  <trkpt lat="54.94073" lon="25.60088">
    <name>TP941</name>
  </trkpt>
  <trkpt lat="54.9408" lon="25.60092">
    <name>TP942</name>
  </trkpt>
  <trkpt lat="54.94082" lon="25.60093">
    <name>TP943</name>
  </trkpt>
  <trkpt lat="54.94086" lon="25.60095">
    <name>TP944</name>
  </trkpt>
  <trkpt lat="54.94093" lon="25.60105">
    <name>TP945</name>
  </trkpt>
  <trkpt lat="54.94104" lon="25.60122">
    <name>TP946</name>
  </trkpt>
  <trkpt lat="54.94119" lon="25.60151">
    <name>TP947</name>
  </trkpt>
  <trkpt lat="54.94126" lon="25.60169">
    <name>TP948</name>
  </trkpt>
  <trkpt lat="54.94139" lon="25.60198">
    <name>TP949</name>
  </trkpt>
  <trkpt lat="54.94165" lon="25.60237">
    <name>TP950</name>
  </trkpt>
  <trkpt lat="54.9418" lon="25.60255">
    <name>TP951</name>
  </trkpt>
  <trkpt lat="54.94189" lon="25.60268">
    <name>TP952</name>
  </trkpt>
  <trkpt lat="54.942" lon="25.6028">
    <name>TP953</name>
  </trkpt>
  <trkpt lat="54.94224" lon="25.60303">
    <name>TP954</name>
  </trkpt>
  <trkpt lat="54.94225" lon="25.60304">
    <name>TP955</name>
  </trkpt>
  <trkpt lat="54.9424" lon="25.60316">
    <name>TP956</name>
  </trkpt>
  <trkpt lat="54.9424" lon="25.60317">
    <name>TP957</name>
  </trkpt>
  <trkpt lat="54.94273" lon="25.60344">
    <name>TP958</name>
  </trkpt>
  <trkpt lat="54.94281" lon="25.6035">
    <name>TP959</name>
  </trkpt>
  <trkpt lat="54.94311" lon="25.60378">
    <name>TP960</name>
  </trkpt>
  <trkpt lat="54.94347" lon="25.60411">
    <name>TP961</name>
  </trkpt>
  <trkpt lat="54.94364" lon="25.60436">
    <name>TP962</name>
  </trkpt>
  <trkpt lat="54.94382" lon="25.60457">
    <name>TP963</name>
  </trkpt>
  <trkpt lat="54.94399" lon="25.6048">
    <name>TP964</name>
  </trkpt>
  <trkpt lat="54.9441" lon="25.60496">
    <name>TP965</name>
  </trkpt>
  <trkpt lat="54.94417" lon="25.60506">
    <name>TP966</name>
  </trkpt>
  <trkpt lat="54.94425" lon="25.60522">
    <name>TP967</name>
  </trkpt>
  <trkpt lat="54.9443" lon="25.60531">
    <name>TP968</name>
  </trkpt>
  <trkpt lat="54.94438" lon="25.60543">
    <name>TP969</name>
  </trkpt>
  <trkpt lat="54.94448" lon="25.60554">
    <name>TP970</name>
  </trkpt>
  <trkpt lat="54.94456" lon="25.60562">
    <name>TP971</name>
  </trkpt>
  <trkpt lat="54.94459" lon="25.60567">
    <name>TP972</name>
  </trkpt>
  <trkpt lat="54.94463" lon="25.60572">
    <name>TP973</name>
  </trkpt>
  <trkpt lat="54.94466" lon="25.60577">
    <name>TP974</name>
  </trkpt>
  <trkpt lat="54.9447" lon="25.60584">
    <name>TP975</name>
  </trkpt>
  <trkpt lat="54.94478" lon="25.60599">
    <name>TP976</name>
  </trkpt>
  <trkpt lat="54.94482" lon="25.60608">
    <name>TP977</name>
  </trkpt>
  <trkpt lat="54.94487" lon="25.60619">
    <name>TP978</name>
  </trkpt>
  <trkpt lat="54.94491" lon="25.60626">
    <name>TP979</name>
  </trkpt>
  <trkpt lat="54.94494" lon="25.60632">
    <name>TP980</name>
  </trkpt>
  <trkpt lat="54.94496" lon="25.60637">
    <name>TP981</name>
  </trkpt>
  <trkpt lat="54.945" lon="25.60641">
    <name>TP982</name>
  </trkpt>
  <trkpt lat="54.94503" lon="25.60645">
    <name>TP983</name>
  </trkpt>
  <trkpt lat="54.94508" lon="25.6065">
    <name>TP984</name>
  </trkpt>
  <trkpt lat="54.94515" lon="25.60657">
    <name>TP985</name>
  </trkpt>
  <trkpt lat="54.94519" lon="25.60661">
    <name>TP986</name>
  </trkpt>
  <trkpt lat="54.94531" lon="25.60671">
    <name>TP987</name>
  </trkpt>
  <trkpt lat="54.94542" lon="25.60677">
    <name>TP988</name>
  </trkpt>
  <trkpt lat="54.94563" lon="25.60692">
    <name>TP989</name>
  </trkpt>
  <trkpt lat="54.94582" lon="25.60705">
    <name>TP990</name>
  </trkpt>
  <trkpt lat="54.94589" lon="25.60709">
    <name>TP991</name>
  </trkpt>
  <trkpt lat="54.9462" lon="25.60726">
    <name>TP992</name>
  </trkpt>
  <trkpt lat="54.94645" lon="25.6074">
    <name>TP993</name>
  </trkpt>
  <trkpt lat="54.9465" lon="25.60743">
    <name>TP994</name>
  </trkpt>
  <trkpt lat="54.94656" lon="25.60746">
    <name>TP995</name>
  </trkpt>
  <trkpt lat="54.94672" lon="25.60755">
    <name>TP996</name>
  </trkpt>
  <trkpt lat="54.94687" lon="25.60765">
    <name>TP997</name>
  </trkpt>
  <trkpt lat="54.94701" lon="25.60775">
    <name>TP998</name>
  </trkpt>
  <trkpt lat="54.94706" lon="25.60779">
    <name>TP999</name>
  </trkpt>
  <trkpt lat="54.94718" lon="25.60786">
    <name>TP1000</name>
  </trkpt>
  <trkpt lat="54.94722" lon="25.60789">
    <name>TP1001</name>
  </trkpt>
  <trkpt lat="54.94734" lon="25.60798">
    <name>TP1002</name>
  </trkpt>
  <trkpt lat="54.94755" lon="25.60813">
    <name>TP1003</name>
  </trkpt>
  <trkpt lat="54.94777" lon="25.60827">
    <name>TP1004</name>
  </trkpt>
  <trkpt lat="54.94784" lon="25.60833">
    <name>TP1005</name>
  </trkpt>
  <trkpt lat="54.94791" lon="25.60838">
    <name>TP1006</name>
  </trkpt>
  <trkpt lat="54.94799" lon="25.60845">
    <name>TP1007</name>
  </trkpt>
  <trkpt lat="54.94806" lon="25.60853">
    <name>TP1008</name>
  </trkpt>
  <trkpt lat="54.94812" lon="25.60863">
    <name>TP1009</name>
  </trkpt>
  <trkpt lat="54.94815" lon="25.60866">
    <name>TP1010</name>
  </trkpt>
  <trkpt lat="54.94823" lon="25.6088">
    <name>TP1011</name>
  </trkpt>
  <trkpt lat="54.94828" lon="25.60888">
    <name>TP1012</name>
  </trkpt>
  <trkpt lat="54.94832" lon="25.60895">
    <name>TP1013</name>
  </trkpt>
  <trkpt lat="54.9484" lon="25.6091">
    <name>TP1014</name>
  </trkpt>
  <trkpt lat="54.94843" lon="25.60915">
    <name>TP1015</name>
  </trkpt>
  <trkpt lat="54.94865" lon="25.60953">
    <name>TP1016</name>
  </trkpt>
  <trkpt lat="54.94886" lon="25.60987">
    <name>TP1017</name>
  </trkpt>
  <trkpt lat="54.94892" lon="25.60997">
    <name>TP1018</name>
  </trkpt>
  <trkpt lat="54.94897" lon="25.61005">
    <name>TP1019</name>
  </trkpt>
  <trkpt lat="54.94919" lon="25.61039">
    <name>TP1020</name>
  </trkpt>
  <trkpt lat="54.94933" lon="25.6106">
    <name>TP1021</name>
  </trkpt>
  <trkpt lat="54.94942" lon="25.61071">
    <name>TP1022</name>
  </trkpt>
  <trkpt lat="54.94953" lon="25.6108">
    <name>TP1023</name>
  </trkpt>
  <trkpt lat="54.94964" lon="25.61093">
    <name>TP1024</name>
  </trkpt>
  <trkpt lat="54.94978" lon="25.61109">
    <name>TP1025</name>
  </trkpt>
  <trkpt lat="54.9498" lon="25.61111">
    <name>TP1026</name>
  </trkpt>
  <trkpt lat="54.94999" lon="25.61133">
    <name>TP1027</name>
  </trkpt>
  <trkpt lat="54.95016" lon="25.61154">
    <name>TP1028</name>
  </trkpt>
  <trkpt lat="54.95026" lon="25.61164">
    <name>TP1029</name>
  </trkpt>
  <trkpt lat="54.95031" lon="25.61169">
    <name>TP1030</name>
  </trkpt>
  <trkpt lat="54.95037" lon="25.61172">
    <name>TP1031</name>
  </trkpt>
  <trkpt lat="54.95042" lon="25.61173">
    <name>TP1032</name>
  </trkpt>
  <trkpt lat="54.95047" lon="25.61173">
    <name>TP1033</name>
  </trkpt>
  <trkpt lat="54.95052" lon="25.61173">
    <name>TP1034</name>
  </trkpt>
  <trkpt lat="54.95061" lon="25.61171">
    <name>TP1035</name>
  </trkpt>
  <trkpt lat="54.95075" lon="25.61168">
    <name>TP1036</name>
  </trkpt>
  <trkpt lat="54.95076" lon="25.61168">
    <name>TP1037</name>
  </trkpt>
  <trkpt lat="54.95095" lon="25.61163">
    <name>TP1038</name>
  </trkpt>
  <trkpt lat="54.9511" lon="25.6116">
    <name>TP1039</name>
  </trkpt>
  <trkpt lat="54.95128" lon="25.61156">
    <name>TP1040</name>
  </trkpt>
  <trkpt lat="54.95148" lon="25.6115">
    <name>TP1041</name>
  </trkpt>
  <trkpt lat="54.9515" lon="25.6115">
    <name>TP1042</name>
  </trkpt>
  <trkpt lat="54.95162" lon="25.61146">
    <name>TP1043</name>
  </trkpt>
  <trkpt lat="54.95175" lon="25.61144">
    <name>TP1044</name>
  </trkpt>
  <trkpt lat="54.9519" lon="25.61144">
    <name>TP1045</name>
  </trkpt>
  <trkpt lat="54.95204" lon="25.61143">
    <name>TP1046</name>
  </trkpt>
  <trkpt lat="54.95229" lon="25.61144">
    <name>TP1047</name>
  </trkpt>
  <trkpt lat="54.95262" lon="25.61146">
    <name>TP1048</name>
  </trkpt>
  <trkpt lat="54.95285" lon="25.61149">
    <name>TP1049</name>
  </trkpt>
  <trkpt lat="54.95293" lon="25.61149">
    <name>TP1050</name>
  </trkpt>
  <trkpt lat="54.95301" lon="25.61149">
    <name>TP1051</name>
  </trkpt>
  <trkpt lat="54.95308" lon="25.61149">
    <name>TP1052</name>
  </trkpt>
  <trkpt lat="54.95322" lon="25.61148">
    <name>TP1053</name>
  </trkpt>
  <trkpt lat="54.95337" lon="25.61146">
    <name>TP1054</name>
  </trkpt>
  <trkpt lat="54.95354" lon="25.61143">
    <name>TP1055</name>
  </trkpt>
  <trkpt lat="54.95369" lon="25.61139">
    <name>TP1056</name>
  </trkpt>
  <trkpt lat="54.95375" lon="25.61137">
    <name>TP1057</name>
  </trkpt>
  <trkpt lat="54.95381" lon="25.61136">
    <name>TP1058</name>
  </trkpt>
  <trkpt lat="54.95383" lon="25.61135">
    <name>TP1059</name>
  </trkpt>
  <trkpt lat="54.95389" lon="25.61134">
    <name>TP1060</name>
  </trkpt>
  <trkpt lat="54.95395" lon="25.61133">
    <name>TP1061</name>
  </trkpt>
  <trkpt lat="54.95409" lon="25.61133">
    <name>TP1062</name>
  </trkpt>
  <trkpt lat="54.95427" lon="25.61134">
    <name>TP1063</name>
  </trkpt>
  <trkpt lat="54.95436" lon="25.61137">
    <name>TP1064</name>
  </trkpt>
  <trkpt lat="54.95436" lon="25.61138">
    <name>TP1065</name>
  </trkpt>
  <trkpt lat="54.9544" lon="25.6114">
    <name>TP1066</name>
  </trkpt>
  <trkpt lat="54.95447" lon="25.61143">
    <name>TP1067</name>
  </trkpt>
  <trkpt lat="54.95452" lon="25.61145">
    <name>TP1068</name>
  </trkpt>
  <trkpt lat="54.95468" lon="25.61157">
    <name>TP1069</name>
  </trkpt>
  <trkpt lat="54.9547" lon="25.61159">
    <name>TP1070</name>
  </trkpt>
  <trkpt lat="54.95481" lon="25.61168">
    <name>TP1071</name>
  </trkpt>
  <trkpt lat="54.95486" lon="25.61172">
    <name>TP1072</name>
  </trkpt>
  <trkpt lat="54.95503" lon="25.61185">
    <name>TP1073</name>
  </trkpt>
  <trkpt lat="54.95505" lon="25.61187">
    <name>TP1074</name>
  </trkpt>
  <trkpt lat="54.9553" lon="25.61205">
    <name>TP1075</name>
  </trkpt>
  <trkpt lat="54.95536" lon="25.61209">
    <name>TP1076</name>
  </trkpt>
  <trkpt lat="54.95561" lon="25.61227">
    <name>TP1077</name>
  </trkpt>
  <trkpt lat="54.95569" lon="25.61232">
    <name>TP1078</name>
  </trkpt>
  <trkpt lat="54.95586" lon="25.61244">
    <name>TP1079</name>
  </trkpt>
  <trkpt lat="54.95604" lon="25.61262">
    <name>TP1080</name>
  </trkpt>
  <trkpt lat="54.95609" lon="25.61268">
    <name>TP1081</name>
  </trkpt>
  <trkpt lat="54.95612" lon="25.61272">
    <name>TP1082</name>
  </trkpt>
  <trkpt lat="54.95616" lon="25.61278">
    <name>TP1083</name>
  </trkpt>
  <trkpt lat="54.95618" lon="25.61281">
    <name>TP1084</name>
  </trkpt>
  <trkpt lat="54.95623" lon="25.61291">
    <name>TP1085</name>
  </trkpt>
  <trkpt lat="54.95625" lon="25.61296">
    <name>TP1086</name>
  </trkpt>
  <trkpt lat="54.95628" lon="25.613">
    <name>TP1087</name>
  </trkpt>
  <trkpt lat="54.95631" lon="25.61303">
    <name>TP1088</name>
  </trkpt>
  <trkpt lat="54.95642" lon="25.61318">
    <name>TP1089</name>
  </trkpt>
  <trkpt lat="54.95678" lon="25.61348">
    <name>TP1090</name>
  </trkpt>
  <trkpt lat="54.95693" lon="25.61357">
    <name>TP1091</name>
  </trkpt>
  <trkpt lat="54.95695" lon="25.61358">
    <name>TP1092</name>
  </trkpt>
  <trkpt lat="54.95707" lon="25.61367">
    <name>TP1093</name>
  </trkpt>
  <trkpt lat="54.95709" lon="25.61369">
    <name>TP1094</name>
  </trkpt>
  <trkpt lat="54.95716" lon="25.61376">
    <name>TP1095</name>
  </trkpt>
  <trkpt lat="54.95723" lon="25.61383">
    <name>TP1096</name>
  </trkpt>
  <trkpt lat="54.9573" lon="25.61387">
    <name>TP1097</name>
  </trkpt>
  <trkpt lat="54.95738" lon="25.61391">
    <name>TP1098</name>
  </trkpt>
  <trkpt lat="54.95746" lon="25.61394">
    <name>TP1099</name>
  </trkpt>
  <trkpt lat="54.95756" lon="25.61397">
    <name>TP1100</name>
  </trkpt>
  <trkpt lat="54.95777" lon="25.61406">
    <name>TP1101</name>
  </trkpt>
  <trkpt lat="54.95787" lon="25.6141">
    <name>TP1102</name>
  </trkpt>
  <trkpt lat="54.9581" lon="25.6142">
    <name>TP1103</name>
  </trkpt>
  <trkpt lat="54.95812" lon="25.61421">
    <name>TP1104</name>
  </trkpt>
  <trkpt lat="54.95835" lon="25.61431">
    <name>TP1105</name>
  </trkpt>
  <trkpt lat="54.9586" lon="25.61442">
    <name>TP1106</name>
  </trkpt>
  <trkpt lat="54.95864" lon="25.61444">
    <name>TP1107</name>
  </trkpt>
  <trkpt lat="54.9588" lon="25.61451">
    <name>TP1108</name>
  </trkpt>
  <trkpt lat="54.95895" lon="25.61459">
    <name>TP1109</name>
  </trkpt>
  <trkpt lat="54.95903" lon="25.61464">
    <name>TP1110</name>
  </trkpt>
  <trkpt lat="54.95912" lon="25.61466">
    <name>TP1111</name>
  </trkpt>
  <trkpt lat="54.95917" lon="25.61466">
    <name>TP1112</name>
  </trkpt>
  <trkpt lat="54.9592" lon="25.61467">
    <name>TP1113</name>
  </trkpt>
  <trkpt lat="54.95927" lon="25.61468">
    <name>TP1114</name>
  </trkpt>
  <trkpt lat="54.95935" lon="25.61471">
    <name>TP1115</name>
  </trkpt>
  <trkpt lat="54.95937" lon="25.61471">
    <name>TP1116</name>
  </trkpt>
  <trkpt lat="54.95947" lon="25.61475">
    <name>TP1117</name>
  </trkpt>
  <trkpt lat="54.95967" lon="25.61483">
    <name>TP1118</name>
  </trkpt>
  <trkpt lat="54.95987" lon="25.61491">
    <name>TP1119</name>
  </trkpt>
  <trkpt lat="54.95998" lon="25.61495">
    <name>TP1120</name>
  </trkpt>
  <trkpt lat="54.96023" lon="25.61503">
    <name>TP1121</name>
  </trkpt>
  <trkpt lat="54.96038" lon="25.61508">
    <name>TP1122</name>
  </trkpt>
  <trkpt lat="54.9604" lon="25.61509">
    <name>TP1123</name>
  </trkpt>
  <trkpt lat="54.96066" lon="25.61514">
    <name>TP1124</name>
  </trkpt>
  <trkpt lat="54.96086" lon="25.61519">
    <name>TP1125</name>
  </trkpt>
  <trkpt lat="54.96106" lon="25.61528">
    <name>TP1126</name>
  </trkpt>
  <trkpt lat="54.96117" lon="25.61532">
    <name>TP1127</name>
  </trkpt>
  <trkpt lat="54.96127" lon="25.61535">
    <name>TP1128</name>
  </trkpt>
  <trkpt lat="54.96144" lon="25.61539">
    <name>TP1129</name>
  </trkpt>
  <trkpt lat="54.96147" lon="25.6154">
    <name>TP1130</name>
  </trkpt>
  <trkpt lat="54.96164" lon="25.61545">
    <name>TP1131</name>
  </trkpt>
  <trkpt lat="54.96165" lon="25.61545">
    <name>TP1132</name>
  </trkpt>
  <trkpt lat="54.96173" lon="25.61548">
    <name>TP1133</name>
  </trkpt>
  <trkpt lat="54.96178" lon="25.61552">
    <name>TP1134</name>
  </trkpt>
  <trkpt lat="54.96181" lon="25.61555">
    <name>TP1135</name>
  </trkpt>
  <trkpt lat="54.96185" lon="25.6156">
    <name>TP1136</name>
  </trkpt>
  <trkpt lat="54.96192" lon="25.61569">
    <name>TP1137</name>
  </trkpt>
  <trkpt lat="54.96201" lon="25.61582">
    <name>TP1138</name>
  </trkpt>
  <trkpt lat="54.9621" lon="25.61592">
    <name>TP1139</name>
  </trkpt>
  <trkpt lat="54.96218" lon="25.61601">
    <name>TP1140</name>
  </trkpt>
  <trkpt lat="54.96226" lon="25.61609">
    <name>TP1141</name>
  </trkpt>
  <trkpt lat="54.96239" lon="25.61615">
    <name>TP1142</name>
  </trkpt>
  <trkpt lat="54.96249" lon="25.6162">
    <name>TP1143</name>
  </trkpt>
  <trkpt lat="54.9626" lon="25.61625">
    <name>TP1144</name>
  </trkpt>
  <trkpt lat="54.96271" lon="25.6163">
    <name>TP1145</name>
  </trkpt>
  <trkpt lat="54.96279" lon="25.61636">
    <name>TP1146</name>
  </trkpt>
  <trkpt lat="54.96289" lon="25.61641">
    <name>TP1147</name>
  </trkpt>
  <trkpt lat="54.96303" lon="25.61651">
    <name>TP1148</name>
  </trkpt>
  <trkpt lat="54.9631" lon="25.61659">
    <name>TP1149</name>
  </trkpt>
  <trkpt lat="54.9631" lon="25.6165908">
    <name>TP1150</name>
  </trkpt>
  <trkpt lat="54.96312" lon="25.61666">
    <name>TP1151</name>
  </trkpt>
  <trkpt lat="54.96314" lon="25.61675">
    <name>TP1152</name>
  </trkpt>
  <trkpt lat="54.96317" lon="25.6169">
    <name>TP1153</name>
  </trkpt>
  <trkpt lat="54.96322" lon="25.61707">
    <name>TP1154</name>
  </trkpt>
  <trkpt lat="54.96325" lon="25.61721">
    <name>TP1155</name>
  </trkpt>
  <trkpt lat="54.96333" lon="25.61753">
    <name>TP1156</name>
  </trkpt>
  <trkpt lat="54.9634" lon="25.61781">
    <name>TP1157</name>
  </trkpt>
  <trkpt lat="54.96343" lon="25.61799">
    <name>TP1158</name>
  </trkpt>
  <trkpt lat="54.96347" lon="25.61815">
    <name>TP1159</name>
  </trkpt>
  <trkpt lat="54.96352" lon="25.61834">
    <name>TP1160</name>
  </trkpt>
  <trkpt lat="54.96357" lon="25.61847">
    <name>TP1161</name>
  </trkpt>
  <trkpt lat="54.96365" lon="25.61867">
    <name>TP1162</name>
  </trkpt>
  <trkpt lat="54.96374" lon="25.61885">
    <name>TP1163</name>
  </trkpt>
  <trkpt lat="54.96386" lon="25.61904">
    <name>TP1164</name>
  </trkpt>
  <trkpt lat="54.96392" lon="25.61913">
    <name>TP1165</name>
  </trkpt>
  <trkpt lat="54.96421" lon="25.61949">
    <name>TP1166</name>
  </trkpt>
  <trkpt lat="54.96457" lon="25.6198">
    <name>TP1167</name>
  </trkpt>
  <trkpt lat="54.96487" lon="25.61999">
    <name>TP1168</name>
  </trkpt>
  <trkpt lat="54.96513" lon="25.62021">
    <name>TP1169</name>
  </trkpt>
  <trkpt lat="54.96515" lon="25.62023">
    <name>TP1170</name>
  </trkpt>
  <trkpt lat="54.96528" lon="25.62037">
    <name>TP1171</name>
  </trkpt>
  <trkpt lat="54.9653" lon="25.62039">
    <name>TP1172</name>
  </trkpt>
  <trkpt lat="54.96534" lon="25.62048">
    <name>TP1173</name>
  </trkpt>
  <trkpt lat="54.9654" lon="25.62056">
    <name>TP1174</name>
  </trkpt>
  <trkpt lat="54.96541" lon="25.62058">
    <name>TP1175</name>
  </trkpt>
  <trkpt lat="54.96548" lon="25.62065">
    <name>TP1176</name>
  </trkpt>
  <trkpt lat="54.96559" lon="25.62078">
    <name>TP1177</name>
  </trkpt>
  <trkpt lat="54.9657" lon="25.62087">
    <name>TP1178</name>
  </trkpt>
  <trkpt lat="54.9658" lon="25.62095">
    <name>TP1179</name>
  </trkpt>
  <trkpt lat="54.96608" lon="25.6211">
    <name>TP1180</name>
  </trkpt>
  <trkpt lat="54.96619" lon="25.62112">
    <name>TP1181</name>
  </trkpt>
  <trkpt lat="54.9663" lon="25.62114">
    <name>TP1182</name>
  </trkpt>
  <trkpt lat="54.96652" lon="25.62118">
    <name>TP1183</name>
  </trkpt>
  <trkpt lat="54.96662" lon="25.62121">
    <name>TP1184</name>
  </trkpt>
  <trkpt lat="54.9667" lon="25.62124">
    <name>TP1185</name>
  </trkpt>
  <trkpt lat="54.9673" lon="25.62136">
    <name>TP1186</name>
  </trkpt>
  <trkpt lat="54.96766" lon="25.62144">
    <name>TP1187</name>
  </trkpt>
  <trkpt lat="54.9678" lon="25.62147">
    <name>TP1188</name>
  </trkpt>
  <trkpt lat="54.96783" lon="25.62148">
    <name>TP1189</name>
  </trkpt>
  <trkpt lat="54.96829" lon="25.62162">
    <name>TP1190</name>
  </trkpt>
  <trkpt lat="54.96836" lon="25.62165">
    <name>TP1191</name>
  </trkpt>
  <trkpt lat="54.96847" lon="25.62171">
    <name>TP1192</name>
  </trkpt>
  <trkpt lat="54.96853" lon="25.62174">
    <name>TP1193</name>
  </trkpt>
  <trkpt lat="54.9687" lon="25.62183">
    <name>TP1194</name>
  </trkpt>
  <trkpt lat="54.96909" lon="25.62196">
    <name>TP1195</name>
  </trkpt>
  <trkpt lat="54.96933" lon="25.62205">
    <name>TP1196</name>
  </trkpt>
  <trkpt lat="54.96948" lon="25.6221">
    <name>TP1197</name>
  </trkpt>
  <trkpt lat="54.9696" lon="25.62218">
    <name>TP1198</name>
  </trkpt>
  <trkpt lat="54.96965" lon="25.62223">
    <name>TP1199</name>
  </trkpt>
  <trkpt lat="54.96966" lon="25.62223">
    <name>TP1200</name>
  </trkpt>
  <trkpt lat="54.9697" lon="25.62228">
    <name>TP1201</name>
  </trkpt>
  <trkpt lat="54.96978" lon="25.62235">
    <name>TP1202</name>
  </trkpt>
  <trkpt lat="54.96986" lon="25.6224">
    <name>TP1203</name>
  </trkpt>
  <trkpt lat="54.96992" lon="25.62245">
    <name>TP1204</name>
  </trkpt>
  <trkpt lat="54.9699163" lon="25.6224453">
    <name>TP1205</name>
  </trkpt>
  <trkpt lat="54.96951" lon="25.62445">
    <name>TP1206</name>
  </trkpt>
  <trkpt lat="54.9695122" lon="25.6244529">
    <name>TP1207</name>
  </trkpt>
  <trkpt lat="54.96972" lon="25.62464">
    <name>TP1208</name>
  </trkpt>
  <trkpt lat="54.96981" lon="25.6247">
    <name>TP1209</name>
  </trkpt>
  <trkpt lat="54.96986" lon="25.62477">
    <name>TP1210</name>
  </trkpt>
  <trkpt lat="54.9699" lon="25.62483">
    <name>TP1211</name>
  </trkpt>
  <trkpt lat="54.96994" lon="25.6249">
    <name>TP1212</name>
  </trkpt>
  <trkpt lat="54.96997" lon="25.62497">
    <name>TP1213</name>
  </trkpt>
  <trkpt lat="54.97003" lon="25.62514">
    <name>TP1214</name>
  </trkpt>
  <trkpt lat="54.97005" lon="25.62522">
    <name>TP1215</name>
  </trkpt>
  <trkpt lat="54.9701" lon="25.62541">
    <name>TP1216</name>
  </trkpt>
  <trkpt lat="54.97019" lon="25.62571">
    <name>TP1217</name>
  </trkpt>
  <trkpt lat="54.97027" lon="25.62595">
    <name>TP1218</name>
  </trkpt>
  <trkpt lat="54.97045" lon="25.62642">
    <name>TP1219</name>
  </trkpt>
  <trkpt lat="54.97062" lon="25.6268">
    <name>TP1220</name>
  </trkpt>
  <trkpt lat="54.97067" lon="25.62695">
    <name>TP1221</name>
  </trkpt>
  <trkpt lat="54.97074" lon="25.62712">
    <name>TP1222</name>
  </trkpt>
  <trkpt lat="54.97079" lon="25.62723">
    <name>TP1223</name>
  </trkpt>
  <trkpt lat="54.97084" lon="25.62732">
    <name>TP1224</name>
  </trkpt>
  <trkpt lat="54.97089" lon="25.62742">
    <name>TP1225</name>
  </trkpt>
  <trkpt lat="54.97095" lon="25.62754">
    <name>TP1226</name>
  </trkpt>
  <trkpt lat="54.971" lon="25.62761">
    <name>TP1227</name>
  </trkpt>
  <trkpt lat="54.97103" lon="25.62765">
    <name>TP1228</name>
  </trkpt>
  <trkpt lat="54.97104" lon="25.62766">
    <name>TP1229</name>
  </trkpt>
  <trkpt lat="54.97109" lon="25.6277">
    <name>TP1230</name>
  </trkpt>
  <trkpt lat="54.97114" lon="25.62773">
    <name>TP1231</name>
  </trkpt>
  <trkpt lat="54.9712" lon="25.62775">
    <name>TP1232</name>
  </trkpt>
  <trkpt lat="54.97125" lon="25.6278">
    <name>TP1233</name>
  </trkpt>
  <trkpt lat="54.9713" lon="25.62784">
    <name>TP1234</name>
  </trkpt>
  <trkpt lat="54.97146" lon="25.62801">
    <name>TP1235</name>
  </trkpt>
  <trkpt lat="54.97187" lon="25.62844">
    <name>TP1236</name>
  </trkpt>
  <trkpt lat="54.97191" lon="25.62849">
    <name>TP1237</name>
  </trkpt>
  <trkpt lat="54.97196" lon="25.62854">
    <name>TP1238</name>
  </trkpt>
  <trkpt lat="54.97201" lon="25.62863">
    <name>TP1239</name>
  </trkpt>
  <trkpt lat="54.97203" lon="25.62869">
    <name>TP1240</name>
  </trkpt>
  <trkpt lat="54.97208" lon="25.62877">
    <name>TP1241</name>
  </trkpt>
  <trkpt lat="54.97213" lon="25.62885">
    <name>TP1242</name>
  </trkpt>
  <trkpt lat="54.97218" lon="25.62891">
    <name>TP1243</name>
  </trkpt>
  <trkpt lat="54.97224" lon="25.62897">
    <name>TP1244</name>
  </trkpt>
  <trkpt lat="54.97237" lon="25.6291">
    <name>TP1245</name>
  </trkpt>
  <trkpt lat="54.97239" lon="25.62912">
    <name>TP1246</name>
  </trkpt>
  <trkpt lat="54.97244" lon="25.62917">
    <name>TP1247</name>
  </trkpt>
  <trkpt lat="54.9725" lon="25.62922">
    <name>TP1248</name>
  </trkpt>
  <trkpt lat="54.97255" lon="25.62923">
    <name>TP1249</name>
  </trkpt>
  <trkpt lat="54.97261" lon="25.62925">
    <name>TP1250</name>
  </trkpt>
  <trkpt lat="54.97274" lon="25.6293">
    <name>TP1251</name>
  </trkpt>
  <trkpt lat="54.97284" lon="25.62938">
    <name>TP1252</name>
  </trkpt>
  <trkpt lat="54.97363" lon="25.63014">
    <name>TP1253</name>
  </trkpt>
  <trkpt lat="54.97368" lon="25.63018">
    <name>TP1254</name>
  </trkpt>
  <trkpt lat="54.97373" lon="25.63021">
    <name>TP1255</name>
  </trkpt>
  <trkpt lat="54.97376" lon="25.63021">
    <name>TP1256</name>
  </trkpt>
  <trkpt lat="54.973756" lon="25.6302093">
    <name>TP1257</name>
  </trkpt>
  <trkpt lat="54.97385" lon="25.6303">
    <name>TP1258</name>
  </trkpt>
  <trkpt lat="54.974" lon="25.63045">
    <name>TP1259</name>
  </trkpt>
  <trkpt lat="54.97406" lon="25.63051">
    <name>TP1260</name>
  </trkpt>
  <trkpt lat="54.97411" lon="25.63058">
    <name>TP1261</name>
  </trkpt>
  <trkpt lat="54.97417" lon="25.63068">
    <name>TP1262</name>
  </trkpt>
  <trkpt lat="54.97422" lon="25.63074">
    <name>TP1263</name>
  </trkpt>
  <trkpt lat="54.97427" lon="25.63079">
    <name>TP1264</name>
  </trkpt>
  <trkpt lat="54.97433" lon="25.63084">
    <name>TP1265</name>
  </trkpt>
  <trkpt lat="54.97441" lon="25.63088">
    <name>TP1266</name>
  </trkpt>
  <trkpt lat="54.97447" lon="25.6309">
    <name>TP1267</name>
  </trkpt>
  <trkpt lat="54.97454" lon="25.6309">
    <name>TP1268</name>
  </trkpt>
  <trkpt lat="54.97463" lon="25.6309">
    <name>TP1269</name>
  </trkpt>
  <trkpt lat="54.9747" lon="25.6309">
    <name>TP1270</name>
  </trkpt>
  <trkpt lat="54.97472" lon="25.6309">
    <name>TP1271</name>
  </trkpt>
  <trkpt lat="54.97477" lon="25.6309">
    <name>TP1272</name>
  </trkpt>
  <trkpt lat="54.9749" lon="25.63094">
    <name>TP1273</name>
  </trkpt>
  <trkpt lat="54.97499" lon="25.63098">
    <name>TP1274</name>
  </trkpt>
  <trkpt lat="54.97511" lon="25.63105">
    <name>TP1275</name>
  </trkpt>
  <trkpt lat="54.97524" lon="25.63114">
    <name>TP1276</name>
  </trkpt>
  <trkpt lat="54.9753" lon="25.63123">
    <name>TP1277</name>
  </trkpt>
  <trkpt lat="54.97536" lon="25.63134">
    <name>TP1278</name>
  </trkpt>
  <trkpt lat="54.97542" lon="25.63146">
    <name>TP1279</name>
  </trkpt>
  <trkpt lat="54.97561" lon="25.63186">
    <name>TP1280</name>
  </trkpt>
  <trkpt lat="54.97572" lon="25.63208">
    <name>TP1281</name>
  </trkpt>
  <trkpt lat="54.97577" lon="25.63224">
    <name>TP1282</name>
  </trkpt>
  <trkpt lat="54.9758" lon="25.63236">
    <name>TP1283</name>
  </trkpt>
  <trkpt lat="54.9758" lon="25.63237">
    <name>TP1284</name>
  </trkpt>
  <trkpt lat="54.97584" lon="25.63253">
    <name>TP1285</name>
  </trkpt>
  <trkpt lat="54.97587" lon="25.63264">
    <name>TP1286</name>
  </trkpt>
  <trkpt lat="54.97587" lon="25.63265">
    <name>TP1287</name>
  </trkpt>
  <trkpt lat="54.97589" lon="25.63274">
    <name>TP1288</name>
  </trkpt>
  <trkpt lat="54.97595" lon="25.63286">
    <name>TP1289</name>
  </trkpt>
  <trkpt lat="54.97597" lon="25.6329">
    <name>TP1290</name>
  </trkpt>
  <trkpt lat="54.97603" lon="25.63304">
    <name>TP1291</name>
  </trkpt>
  <trkpt lat="54.97608" lon="25.63314">
    <name>TP1292</name>
  </trkpt>
  <trkpt lat="54.97619" lon="25.63333">
    <name>TP1293</name>
  </trkpt>
  <trkpt lat="54.97636" lon="25.63361">
    <name>TP1294</name>
  </trkpt>
  <trkpt lat="54.97658" lon="25.63385">
    <name>TP1295</name>
  </trkpt>
  <trkpt lat="54.97671" lon="25.634">
    <name>TP1296</name>
  </trkpt>
  <trkpt lat="54.97681" lon="25.63412">
    <name>TP1297</name>
  </trkpt>
  <trkpt lat="54.97687" lon="25.63426">
    <name>TP1298</name>
  </trkpt>
  <trkpt lat="54.97695" lon="25.63449">
    <name>TP1299</name>
  </trkpt>
  <trkpt lat="54.97712" lon="25.63479">
    <name>TP1300</name>
  </trkpt>
  <trkpt lat="54.97723" lon="25.63499">
    <name>TP1301</name>
  </trkpt>
  <trkpt lat="54.97735" lon="25.63522">
    <name>TP1302</name>
  </trkpt>
  <trkpt lat="54.97743" lon="25.6354">
    <name>TP1303</name>
  </trkpt>
  <trkpt lat="54.9775" lon="25.6355">
    <name>TP1304</name>
  </trkpt>
  <trkpt lat="54.9774956" lon="25.6355038">
    <name>TP1305</name>
  </trkpt>
  <trkpt lat="54.9774" lon="25.63616">
    <name>TP1306</name>
  </trkpt>
  <trkpt lat="54.97737" lon="25.63635">
    <name>TP1307</name>
  </trkpt>
  <trkpt lat="54.97736" lon="25.63644">
    <name>TP1308</name>
  </trkpt>
  <trkpt lat="54.97735" lon="25.63656">
    <name>TP1309</name>
  </trkpt>
  <trkpt lat="54.97735" lon="25.63674">
    <name>TP1310</name>
  </trkpt>
  <trkpt lat="54.97735" lon="25.63685">
    <name>TP1311</name>
  </trkpt>
  <trkpt lat="54.97735" lon="25.63696">
    <name>TP1312</name>
  </trkpt>
  <trkpt lat="54.97734" lon="25.63703">
    <name>TP1313</name>
  </trkpt>
  <trkpt lat="54.97734" lon="25.63713">
    <name>TP1314</name>
  </trkpt>
  <trkpt lat="54.97733" lon="25.63722">
    <name>TP1315</name>
  </trkpt>
  <trkpt lat="54.97732" lon="25.63733">
    <name>TP1316</name>
  </trkpt>
  <trkpt lat="54.97729" lon="25.63742">
    <name>TP1317</name>
  </trkpt>
  <trkpt lat="54.97724" lon="25.63772">
    <name>TP1318</name>
  </trkpt>
  <trkpt lat="54.9772" lon="25.63801">
    <name>TP1319</name>
  </trkpt>
  <trkpt lat="54.9772022" lon="25.6380126">
    <name>TP1320</name>
  </trkpt>
  <trkpt lat="54.97721" lon="25.63837">
    <name>TP1321</name>
  </trkpt>
  <trkpt lat="54.97724" lon="25.63872">
    <name>TP1322</name>
  </trkpt>
  <trkpt lat="54.97725" lon="25.63889">
    <name>TP1323</name>
  </trkpt>
  <trkpt lat="54.97726" lon="25.63907">
    <name>TP1324</name>
  </trkpt>
  <trkpt lat="54.97727" lon="25.6392">
    <name>TP1325</name>
  </trkpt>
  <trkpt lat="54.97728" lon="25.63927">
    <name>TP1326</name>
  </trkpt>
  <trkpt lat="54.97729" lon="25.63936">
    <name>TP1327</name>
  </trkpt>
  <trkpt lat="54.97732" lon="25.6395">
    <name>TP1328</name>
  </trkpt>
  <trkpt lat="54.97735" lon="25.6396">
    <name>TP1329</name>
  </trkpt>
  <trkpt lat="54.97739" lon="25.63971">
    <name>TP1330</name>
  </trkpt>
  <trkpt lat="54.97745" lon="25.63985">
    <name>TP1331</name>
  </trkpt>
  <trkpt lat="54.97761" lon="25.64027">
    <name>TP1332</name>
  </trkpt>
  <trkpt lat="54.97764" lon="25.64035">
    <name>TP1333</name>
  </trkpt>
  <trkpt lat="54.9777" lon="25.64049">
    <name>TP1334</name>
  </trkpt>
  <trkpt lat="54.9778" lon="25.64076">
    <name>TP1335</name>
  </trkpt>
  <trkpt lat="54.97791" lon="25.64105">
    <name>TP1336</name>
  </trkpt>
  <trkpt lat="54.97795" lon="25.64123">
    <name>TP1337</name>
  </trkpt>
  <trkpt lat="54.9779464" lon="25.6412275">
    <name>TP1338</name>
  </trkpt>
  <trkpt lat="54.97809" lon="25.6415">
    <name>TP1339</name>
  </trkpt>
  <trkpt lat="54.97815" lon="25.64163">
    <name>TP1340</name>
  </trkpt>
  <trkpt lat="54.9782" lon="25.64172">
    <name>TP1341</name>
  </trkpt>
  <trkpt lat="54.97826" lon="25.64181">
    <name>TP1342</name>
  </trkpt>
  <trkpt lat="54.97832" lon="25.6419">
    <name>TP1343</name>
  </trkpt>
  <trkpt lat="54.97842" lon="25.64203">
    <name>TP1344</name>
  </trkpt>
  <trkpt lat="54.97852" lon="25.64214">
    <name>TP1345</name>
  </trkpt>
  <trkpt lat="54.97865" lon="25.64228">
    <name>TP1346</name>
  </trkpt>
  <trkpt lat="54.97867" lon="25.64231">
    <name>TP1347</name>
  </trkpt>
  <trkpt lat="54.97882" lon="25.64248">
    <name>TP1348</name>
  </trkpt>
  <trkpt lat="54.97893" lon="25.6426">
    <name>TP1349</name>
  </trkpt>
  <trkpt lat="54.97898" lon="25.64264">
    <name>TP1350</name>
  </trkpt>
  <trkpt lat="54.97901" lon="25.64267">
    <name>TP1351</name>
  </trkpt>
  <trkpt lat="54.97913" lon="25.64278">
    <name>TP1352</name>
  </trkpt>
  <trkpt lat="54.97926" lon="25.64301">
    <name>TP1353</name>
  </trkpt>
  <trkpt lat="54.97941" lon="25.64319">
    <name>TP1354</name>
  </trkpt>
  <trkpt lat="54.97956" lon="25.64337">
    <name>TP1355</name>
  </trkpt>
  <trkpt lat="54.97964" lon="25.64346">
    <name>TP1356</name>
  </trkpt>
  <trkpt lat="54.97971" lon="25.64354">
    <name>TP1357</name>
  </trkpt>
  <trkpt lat="54.97987" lon="25.6437">
    <name>TP1358</name>
  </trkpt>
  <trkpt lat="54.98002" lon="25.64386">
    <name>TP1359</name>
  </trkpt>
  <trkpt lat="54.98009" lon="25.64393">
    <name>TP1360</name>
  </trkpt>
  <trkpt lat="54.98018" lon="25.644">
    <name>TP1361</name>
  </trkpt>
  <trkpt lat="54.98034" lon="25.64414">
    <name>TP1362</name>
  </trkpt>
  <trkpt lat="54.98044" lon="25.64423">
    <name>TP1363</name>
  </trkpt>
  <trkpt lat="54.9805" lon="25.64428">
    <name>TP1364</name>
  </trkpt>
  <trkpt lat="54.98066" lon="25.64442">
    <name>TP1365</name>
  </trkpt>
  <trkpt lat="54.9807" lon="25.64445">
    <name>TP1366</name>
  </trkpt>
  <trkpt lat="54.98083" lon="25.64454">
    <name>TP1367</name>
  </trkpt>
  <trkpt lat="54.98087" lon="25.64457">
    <name>TP1368</name>
  </trkpt>
  <trkpt lat="54.981" lon="25.64464">
    <name>TP1369</name>
  </trkpt>
  <trkpt lat="54.98104" lon="25.64466">
    <name>TP1370</name>
  </trkpt>
  <trkpt lat="54.98117" lon="25.64471">
    <name>TP1371</name>
  </trkpt>
  <trkpt lat="54.98133" lon="25.64476">
    <name>TP1372</name>
  </trkpt>
  <trkpt lat="54.98135" lon="25.64476">
    <name>TP1373</name>
  </trkpt>
  <trkpt lat="54.98151" lon="25.6448">
    <name>TP1374</name>
  </trkpt>
  <trkpt lat="54.9817" lon="25.6449">
    <name>TP1375</name>
  </trkpt>
  <trkpt lat="54.98187" lon="25.64499">
    <name>TP1376</name>
  </trkpt>
  <trkpt lat="54.98194" lon="25.64502">
    <name>TP1377</name>
  </trkpt>
  <trkpt lat="54.98204" lon="25.64511">
    <name>TP1378</name>
  </trkpt>
  <trkpt lat="54.98213" lon="25.64518">
    <name>TP1379</name>
  </trkpt>
  <trkpt lat="54.9822" lon="25.64525">
    <name>TP1380</name>
  </trkpt>
  <trkpt lat="54.98228" lon="25.64532">
    <name>TP1381</name>
  </trkpt>
  <trkpt lat="54.98245" lon="25.64545">
    <name>TP1382</name>
  </trkpt>
  <trkpt lat="54.98253" lon="25.64549">
    <name>TP1383</name>
  </trkpt>
  <trkpt lat="54.98269" lon="25.64558">
    <name>TP1384</name>
  </trkpt>
  <trkpt lat="54.98287" lon="25.64564">
    <name>TP1385</name>
  </trkpt>
  <trkpt lat="54.98301" lon="25.64564">
    <name>TP1386</name>
  </trkpt>
  <trkpt lat="54.98307" lon="25.64563">
    <name>TP1387</name>
  </trkpt>
  <trkpt lat="54.98311" lon="25.64563">
    <name>TP1388</name>
  </trkpt>
  <trkpt lat="54.98322" lon="25.64562">
    <name>TP1389</name>
  </trkpt>
  <trkpt lat="54.98325" lon="25.64562">
    <name>TP1390</name>
  </trkpt>
  <trkpt lat="54.98334" lon="25.64559">
    <name>TP1391</name>
  </trkpt>
  <trkpt lat="54.98342" lon="25.64555">
    <name>TP1392</name>
  </trkpt>
  <trkpt lat="54.98345" lon="25.64553">
    <name>TP1393</name>
  </trkpt>
  <trkpt lat="54.98359" lon="25.64547">
    <name>TP1394</name>
  </trkpt>
  <trkpt lat="54.9836" lon="25.64547">
    <name>TP1395</name>
  </trkpt>
  <trkpt lat="54.98376" lon="25.64536">
    <name>TP1396</name>
  </trkpt>
  <trkpt lat="54.98377" lon="25.64535">
    <name>TP1397</name>
  </trkpt>
  <trkpt lat="54.9839" lon="25.64526">
    <name>TP1398</name>
  </trkpt>
  <trkpt lat="54.98405" lon="25.64513">
    <name>TP1399</name>
  </trkpt>
  <trkpt lat="54.98409" lon="25.6451">
    <name>TP1400</name>
  </trkpt>
  <trkpt lat="54.98416" lon="25.64503">
    <name>TP1401</name>
  </trkpt>
  <trkpt lat="54.98423" lon="25.6449">
    <name>TP1402</name>
  </trkpt>
  <trkpt lat="54.98425" lon="25.64486">
    <name>TP1403</name>
  </trkpt>
  <trkpt lat="54.98433" lon="25.64475">
    <name>TP1404</name>
  </trkpt>
  <trkpt lat="54.98437" lon="25.6447">
    <name>TP1405</name>
  </trkpt>
  <trkpt lat="54.9845" lon="25.64451">
    <name>TP1406</name>
  </trkpt>
  <trkpt lat="54.9845" lon="25.6445">
    <name>TP1407</name>
  </trkpt>
  <trkpt lat="54.98465" lon="25.64432">
    <name>TP1408</name>
  </trkpt>
  <trkpt lat="54.9847" lon="25.64428">
    <name>TP1409</name>
  </trkpt>
  <trkpt lat="54.98474" lon="25.64425">
    <name>TP1410</name>
  </trkpt>
  <trkpt lat="54.98479" lon="25.64424">
    <name>TP1411</name>
  </trkpt>
  <trkpt lat="54.98483" lon="25.64423">
    <name>TP1412</name>
  </trkpt>
  <trkpt lat="54.98488" lon="25.64424">
    <name>TP1413</name>
  </trkpt>
  <trkpt lat="54.98497" lon="25.64427">
    <name>TP1414</name>
  </trkpt>
  <trkpt lat="54.985" lon="25.64429">
    <name>TP1415</name>
  </trkpt>
  <trkpt lat="54.98501" lon="25.6443">
    <name>TP1416</name>
  </trkpt>
  <trkpt lat="54.98505" lon="25.64436">
    <name>TP1417</name>
  </trkpt>
  <trkpt lat="54.9851" lon="25.64445">
    <name>TP1418</name>
  </trkpt>
  <trkpt lat="54.98517" lon="25.64458">
    <name>TP1419</name>
  </trkpt>
  <trkpt lat="54.98541" lon="25.64505">
    <name>TP1420</name>
  </trkpt>
  <trkpt lat="54.98547" lon="25.64517">
    <name>TP1421</name>
  </trkpt>
  <trkpt lat="54.98556" lon="25.64533">
    <name>TP1422</name>
  </trkpt>
  <trkpt lat="54.98569" lon="25.64553">
    <name>TP1423</name>
  </trkpt>
  <trkpt lat="54.98574" lon="25.64559">
    <name>TP1424</name>
  </trkpt>
  <trkpt lat="54.98583" lon="25.64571">
    <name>TP1425</name>
  </trkpt>
  <trkpt lat="54.98595" lon="25.64582">
    <name>TP1426</name>
  </trkpt>
  <trkpt lat="54.98601" lon="25.64585">
    <name>TP1427</name>
  </trkpt>
  <trkpt lat="54.98606" lon="25.64588">
    <name>TP1428</name>
  </trkpt>
  <trkpt lat="54.9861" lon="25.64588">
    <name>TP1429</name>
  </trkpt>
  <trkpt lat="54.98615" lon="25.64589">
    <name>TP1430</name>
  </trkpt>
  <trkpt lat="54.98619" lon="25.6459">
    <name>TP1431</name>
  </trkpt>
  <trkpt lat="54.98624" lon="25.64589">
    <name>TP1432</name>
  </trkpt>
  <trkpt lat="54.98647" lon="25.64587">
    <name>TP1433</name>
  </trkpt>
  <trkpt lat="54.98664" lon="25.64588">
    <name>TP1434</name>
  </trkpt>
  <trkpt lat="54.98692" lon="25.6459">
    <name>TP1435</name>
  </trkpt>
  <trkpt lat="54.98718" lon="25.64595">
    <name>TP1436</name>
  </trkpt>
  <trkpt lat="54.98736" lon="25.64598">
    <name>TP1437</name>
  </trkpt>
  <trkpt lat="54.98752" lon="25.64601">
    <name>TP1438</name>
  </trkpt>
  <trkpt lat="54.98754" lon="25.64601">
    <name>TP1439</name>
  </trkpt>
  <trkpt lat="54.98789" lon="25.64612">
    <name>TP1440</name>
  </trkpt>
  <trkpt lat="54.98842" lon="25.64634">
    <name>TP1441</name>
  </trkpt>
  <trkpt lat="54.98877" lon="25.64649">
    <name>TP1442</name>
  </trkpt>
  <trkpt lat="54.98894" lon="25.64656">
    <name>TP1443</name>
  </trkpt>
  <trkpt lat="54.98912" lon="25.64663">
    <name>TP1444</name>
  </trkpt>
  <trkpt lat="54.98918" lon="25.64666">
    <name>TP1445</name>
  </trkpt>
  <trkpt lat="54.98929" lon="25.64672">
    <name>TP1446</name>
  </trkpt>
  <trkpt lat="54.98969" lon="25.64692">
    <name>TP1447</name>
  </trkpt>
  <trkpt lat="54.9899" lon="25.64699">
    <name>TP1448</name>
  </trkpt>
  <trkpt lat="54.99021" lon="25.64705">
    <name>TP1449</name>
  </trkpt>
  <trkpt lat="54.99035" lon="25.64707">
    <name>TP1450</name>
  </trkpt>
  <trkpt lat="54.99059" lon="25.64711">
    <name>TP1451</name>
  </trkpt>
  <trkpt lat="54.9907" lon="25.64714">
    <name>TP1452</name>
  </trkpt>
  <trkpt lat="54.99099" lon="25.6472">
    <name>TP1453</name>
  </trkpt>
  <trkpt lat="54.99119" lon="25.64722">
    <name>TP1454</name>
  </trkpt>
  <trkpt lat="54.99126" lon="25.64721">
    <name>TP1455</name>
  </trkpt>
  <trkpt lat="54.99134" lon="25.64719">
    <name>TP1456</name>
  </trkpt>
  <trkpt lat="54.99145" lon="25.64714">
    <name>TP1457</name>
  </trkpt>
  <trkpt lat="54.9915" lon="25.64711">
    <name>TP1458</name>
  </trkpt>
  <trkpt lat="54.99155" lon="25.64707">
    <name>TP1459</name>
  </trkpt>
  <trkpt lat="54.99162" lon="25.647">
    <name>TP1460</name>
  </trkpt>
  <trkpt lat="54.99167" lon="25.64693">
    <name>TP1461</name>
  </trkpt>
  <trkpt lat="54.99174" lon="25.64684">
    <name>TP1462</name>
  </trkpt>
  <trkpt lat="54.99186" lon="25.64665">
    <name>TP1463</name>
  </trkpt>
  <trkpt lat="54.99188" lon="25.64662">
    <name>TP1464</name>
  </trkpt>
  <trkpt lat="54.99204" lon="25.6464">
    <name>TP1465</name>
  </trkpt>
  <trkpt lat="54.99214" lon="25.6463">
    <name>TP1466</name>
  </trkpt>
  <trkpt lat="54.99225" lon="25.6462">
    <name>TP1467</name>
  </trkpt>
  <trkpt lat="54.99236" lon="25.64613">
    <name>TP1468</name>
  </trkpt>
  <trkpt lat="54.99243" lon="25.64609">
    <name>TP1469</name>
  </trkpt>
  <trkpt lat="54.99251" lon="25.64606">
    <name>TP1470</name>
  </trkpt>
  <trkpt lat="54.99258" lon="25.64604">
    <name>TP1471</name>
  </trkpt>
  <trkpt lat="54.99267" lon="25.64604">
    <name>TP1472</name>
  </trkpt>
  <trkpt lat="54.99282" lon="25.64604">
    <name>TP1473</name>
  </trkpt>
  <trkpt lat="54.99307" lon="25.64615">
    <name>TP1474</name>
  </trkpt>
  <trkpt lat="54.99327" lon="25.64624">
    <name>TP1475</name>
  </trkpt>
  <trkpt lat="54.9936" lon="25.64639">
    <name>TP1476</name>
  </trkpt>
  <trkpt lat="54.99377" lon="25.64647">
    <name>TP1477</name>
  </trkpt>
  <trkpt lat="54.99395" lon="25.64654">
    <name>TP1478</name>
  </trkpt>
  <trkpt lat="54.994" lon="25.64656">
    <name>TP1479</name>
  </trkpt>
  <trkpt lat="54.99429" lon="25.64664">
    <name>TP1480</name>
  </trkpt>
  <trkpt lat="54.99437" lon="25.64665">
    <name>TP1481</name>
  </trkpt>
  <trkpt lat="54.9945" lon="25.64665">
    <name>TP1482</name>
  </trkpt>
  <trkpt lat="54.99469" lon="25.64664">
    <name>TP1483</name>
  </trkpt>
  <trkpt lat="54.99484" lon="25.64661">
    <name>TP1484</name>
  </trkpt>
  <trkpt lat="54.99499" lon="25.64658">
    <name>TP1485</name>
  </trkpt>
  <trkpt lat="54.99531" lon="25.64654">
    <name>TP1486</name>
  </trkpt>
  <trkpt lat="54.99552" lon="25.64649">
    <name>TP1487</name>
  </trkpt>
  <trkpt lat="54.99553" lon="25.64649">
    <name>TP1488</name>
  </trkpt>
  <trkpt lat="54.99573" lon="25.64644">
    <name>TP1489</name>
  </trkpt>
  <trkpt lat="54.99589" lon="25.6463">
    <name>TP1490</name>
  </trkpt>
  <trkpt lat="54.99613" lon="25.64609">
    <name>TP1491</name>
  </trkpt>
  <trkpt lat="54.99633" lon="25.6459">
    <name>TP1492</name>
  </trkpt>
  <trkpt lat="54.99646" lon="25.6458">
    <name>TP1493</name>
  </trkpt>
  <trkpt lat="54.9967" lon="25.64562">
    <name>TP1494</name>
  </trkpt>
  <trkpt lat="54.9968" lon="25.64556">
    <name>TP1495</name>
  </trkpt>
  <trkpt lat="54.99687" lon="25.64551">
    <name>TP1496</name>
  </trkpt>
  <trkpt lat="54.99713" lon="25.64534">
    <name>TP1497</name>
  </trkpt>
  <trkpt lat="54.99738" lon="25.64527">
    <name>TP1498</name>
  </trkpt>
  <trkpt lat="54.99739" lon="25.64527">
    <name>TP1499</name>
  </trkpt>
  <trkpt lat="54.99755" lon="25.64526">
    <name>TP1500</name>
  </trkpt>
  <trkpt lat="54.99757" lon="25.64526">
    <name>TP1501</name>
  </trkpt>
  <trkpt lat="54.99775" lon="25.64528">
    <name>TP1502</name>
  </trkpt>
  <trkpt lat="54.99783" lon="25.64528">
    <name>TP1503</name>
  </trkpt>
  <trkpt lat="54.99811" lon="25.64529">
    <name>TP1504</name>
  </trkpt>
  <trkpt lat="54.9982" lon="25.6453">
    <name>TP1505</name>
  </trkpt>
  <trkpt lat="54.9986" lon="25.64535">
    <name>TP1506</name>
  </trkpt>
  <trkpt lat="54.99886" lon="25.64542">
    <name>TP1507</name>
  </trkpt>
  <trkpt lat="54.99931" lon="25.64569">
    <name>TP1508</name>
  </trkpt>
  <trkpt lat="54.99974" lon="25.64594">
    <name>TP1509</name>
  </trkpt>
  <trkpt lat="55.00007" lon="25.64604">
    <name>TP1510</name>
  </trkpt>
  <trkpt lat="55.00017" lon="25.64607">
    <name>TP1511</name>
  </trkpt>
  <trkpt lat="55.00025" lon="25.64609">
    <name>TP1512</name>
  </trkpt>
  <trkpt lat="55.00056" lon="25.64619">
    <name>TP1513</name>
  </trkpt>
  <trkpt lat="55.00095" lon="25.64634">
    <name>TP1514</name>
  </trkpt>
  <trkpt lat="55.00113" lon="25.64641">
    <name>TP1515</name>
  </trkpt>
  <trkpt lat="55.00125" lon="25.64645">
    <name>TP1516</name>
  </trkpt>
  <trkpt lat="55.0013" lon="25.64648">
    <name>TP1517</name>
  </trkpt>
  <trkpt lat="55.00148" lon="25.64655">
    <name>TP1518</name>
  </trkpt>
  <trkpt lat="55.00182" lon="25.64669">
    <name>TP1519</name>
  </trkpt>
  <trkpt lat="55.00236" lon="25.64682">
    <name>TP1520</name>
  </trkpt>
  <trkpt lat="55.00251" lon="25.64686">
    <name>TP1521</name>
  </trkpt>
  <trkpt lat="55.00344" lon="25.64703">
    <name>TP1522</name>
  </trkpt>
  <trkpt lat="55.00417" lon="25.6473">
    <name>TP1523</name>
  </trkpt>
  <trkpt lat="55.00448" lon="25.64749">
    <name>TP1524</name>
  </trkpt>
  <trkpt lat="55.00476" lon="25.64765">
    <name>TP1525</name>
  </trkpt>
  <trkpt lat="55.00503" lon="25.64787">
    <name>TP1526</name>
  </trkpt>
  <trkpt lat="55.00526" lon="25.64807">
    <name>TP1527</name>
  </trkpt>
  <trkpt lat="55.00562" lon="25.64842">
    <name>TP1528</name>
  </trkpt>
  <trkpt lat="55.0058" lon="25.64854">
    <name>TP1529</name>
  </trkpt>
  <trkpt lat="55.00593" lon="25.64859">
    <name>TP1530</name>
  </trkpt>
  <trkpt lat="55.00596" lon="25.6486">
    <name>TP1531</name>
  </trkpt>
  <trkpt lat="55.00608" lon="25.64861">
    <name>TP1532</name>
  </trkpt>
  <trkpt lat="55.00624" lon="25.64859">
    <name>TP1533</name>
  </trkpt>
  <trkpt lat="55.00649" lon="25.6485">
    <name>TP1534</name>
  </trkpt>
  <trkpt lat="55.00656" lon="25.64848">
    <name>TP1535</name>
  </trkpt>
  <trkpt lat="55.00684" lon="25.64835">
    <name>TP1536</name>
  </trkpt>
  <trkpt lat="55.00694" lon="25.64831">
    <name>TP1537</name>
  </trkpt>
  <trkpt lat="55.00702" lon="25.64826">
    <name>TP1538</name>
  </trkpt>
  <trkpt lat="55.00754" lon="25.64792">
    <name>TP1539</name>
  </trkpt>
  <trkpt lat="55.00786" lon="25.64774">
    <name>TP1540</name>
  </trkpt>
  <trkpt lat="55.00791" lon="25.64771">
    <name>TP1541</name>
  </trkpt>
  <trkpt lat="55.00804" lon="25.64766">
    <name>TP1542</name>
  </trkpt>
  <trkpt lat="55.00815" lon="25.64761">
    <name>TP1543</name>
  </trkpt>
  <trkpt lat="55.00821" lon="25.64761">
    <name>TP1544</name>
  </trkpt>
  <trkpt lat="55.00838" lon="25.64762">
    <name>TP1545</name>
  </trkpt>
  <trkpt lat="55.00856" lon="25.64762">
    <name>TP1546</name>
  </trkpt>
  <trkpt lat="55.00875" lon="25.64758">
    <name>TP1547</name>
  </trkpt>
  <trkpt lat="55.00879" lon="25.64757">
    <name>TP1548</name>
  </trkpt>
  <trkpt lat="55.009" lon="25.64754">
    <name>TP1549</name>
  </trkpt>
  <trkpt lat="55.00911" lon="25.64757">
    <name>TP1550</name>
  </trkpt>
  <trkpt lat="55.00919" lon="25.64759">
    <name>TP1551</name>
  </trkpt>
  <trkpt lat="55.00928" lon="25.64765">
    <name>TP1552</name>
  </trkpt>
  <trkpt lat="55.00934" lon="25.64768">
    <name>TP1553</name>
  </trkpt>
  <trkpt lat="55.00944" lon="25.64779">
    <name>TP1554</name>
  </trkpt>
  <trkpt lat="55.00952" lon="25.64787">
    <name>TP1555</name>
  </trkpt>
  <trkpt lat="55.00984" lon="25.64812">
    <name>TP1556</name>
  </trkpt>
  <trkpt lat="55.01009" lon="25.64836">
    <name>TP1557</name>
  </trkpt>
  <trkpt lat="55.0100867" lon="25.6483594">
    <name>TP1558</name>
  </trkpt>
  <trkpt lat="55.0104" lon="25.64847">
    <name>TP1559</name>
  </trkpt>
  <trkpt lat="55.01062" lon="25.64858">
    <name>TP1560</name>
  </trkpt>
  <trkpt lat="55.01092" lon="25.64877">
    <name>TP1561</name>
  </trkpt>
  <trkpt lat="55.011" lon="25.64884">
    <name>TP1562</name>
  </trkpt>
  <trkpt lat="55.0111" lon="25.64893">
    <name>TP1563</name>
  </trkpt>
  <trkpt lat="55.01122" lon="25.64909">
    <name>TP1564</name>
  </trkpt>
  <trkpt lat="55.01128" lon="25.64914">
    <name>TP1565</name>
  </trkpt>
  <trkpt lat="55.0113" lon="25.64916">
    <name>TP1566</name>
  </trkpt>
  <trkpt lat="55.01133" lon="25.64918">
    <name>TP1567</name>
  </trkpt>
  <trkpt lat="55.01157" lon="25.64925">
    <name>TP1568</name>
  </trkpt>
  <trkpt lat="55.01162" lon="25.64925">
    <name>TP1569</name>
  </trkpt>
  <trkpt lat="55.01168" lon="25.64924">
    <name>TP1570</name>
  </trkpt>
  <trkpt lat="55.01183" lon="25.64921">
    <name>TP1571</name>
  </trkpt>
  <trkpt lat="55.01195" lon="25.64919">
    <name>TP1572</name>
  </trkpt>
  <trkpt lat="55.01219" lon="25.6491">
    <name>TP1573</name>
  </trkpt>
  <trkpt lat="55.01223" lon="25.64908">
    <name>TP1574</name>
  </trkpt>
  <trkpt lat="55.01236" lon="25.64905">
    <name>TP1575</name>
  </trkpt>
  <trkpt lat="55.01238" lon="25.64905">
    <name>TP1576</name>
  </trkpt>
  <trkpt lat="55.01241" lon="25.64905">
    <name>TP1577</name>
  </trkpt>
  <trkpt lat="55.01244" lon="25.64906">
    <name>TP1578</name>
  </trkpt>
  <trkpt lat="55.01261" lon="25.64913">
    <name>TP1579</name>
  </trkpt>
  <trkpt lat="55.01287" lon="25.64927">
    <name>TP1580</name>
  </trkpt>
  <trkpt lat="55.01289" lon="25.64927">
    <name>TP1581</name>
  </trkpt>
  <trkpt lat="55.01321" lon="25.64954">
    <name>TP1582</name>
  </trkpt>
  <trkpt lat="55.01325" lon="25.64957">
    <name>TP1583</name>
  </trkpt>
  <trkpt lat="55.01337" lon="25.64969">
    <name>TP1584</name>
  </trkpt>
  <trkpt lat="55.01355" lon="25.64984">
    <name>TP1585</name>
  </trkpt>
  <trkpt lat="55.01368" lon="25.65001">
    <name>TP1586</name>
  </trkpt>
  <trkpt lat="55.01375" lon="25.6501">
    <name>TP1587</name>
  </trkpt>
  <trkpt lat="55.01389" lon="25.65041">
    <name>TP1588</name>
  </trkpt>
  <trkpt lat="55.01391" lon="25.65048">
    <name>TP1589</name>
  </trkpt>
  <trkpt lat="55.01399" lon="25.65078">
    <name>TP1590</name>
  </trkpt>
  <trkpt lat="55.01409" lon="25.65122">
    <name>TP1591</name>
  </trkpt>
  <trkpt lat="55.0140861" lon="25.6512241">
    <name>TP1592</name>
  </trkpt>
  <trkpt lat="55.01452" lon="25.65204">
    <name>TP1593</name>
  </trkpt>
  <trkpt lat="55.01469" lon="25.65238">
    <name>TP1594</name>
  </trkpt>
  <trkpt lat="55.01478" lon="25.65244">
    <name>TP1595</name>
  </trkpt>
  <trkpt lat="55.01512" lon="25.65267">
    <name>TP1596</name>
  </trkpt>
  <trkpt lat="55.01519" lon="25.65272">
    <name>TP1597</name>
  </trkpt>
  <trkpt lat="55.01527" lon="25.65277">
    <name>TP1598</name>
  </trkpt>
  <trkpt lat="55.01529" lon="25.65278">
    <name>TP1599</name>
  </trkpt>
  <trkpt lat="55.01536" lon="25.65283">
    <name>TP1600</name>
  </trkpt>
  <trkpt lat="55.01562" lon="25.65301">
    <name>TP1601</name>
  </trkpt>
  <trkpt lat="55.01567" lon="25.65305">
    <name>TP1602</name>
  </trkpt>
  <trkpt lat="55.01579" lon="25.65311">
    <name>TP1603</name>
  </trkpt>
  <trkpt lat="55.01614" lon="25.65327">
    <name>TP1604</name>
  </trkpt>
  <trkpt lat="55.01631" lon="25.65335">
    <name>TP1605</name>
  </trkpt>
  <trkpt lat="55.01683" lon="25.6536">
    <name>TP1606</name>
  </trkpt>
  <trkpt lat="55.01713" lon="25.65374">
    <name>TP1607</name>
  </trkpt>
  <trkpt lat="55.01718" lon="25.65377">
    <name>TP1608</name>
  </trkpt>
  <trkpt lat="55.01734" lon="25.6539">
    <name>TP1609</name>
  </trkpt>
  <trkpt lat="55.01783" lon="25.65429">
    <name>TP1610</name>
  </trkpt>
  <trkpt lat="55.01849" lon="25.65481">
    <name>TP1611</name>
  </trkpt>
  <trkpt lat="55.01858" lon="25.65488">
    <name>TP1612</name>
  </trkpt>
  <trkpt lat="55.01866" lon="25.65493">
    <name>TP1613</name>
  </trkpt>
  <trkpt lat="55.01882" lon="25.65504">
    <name>TP1614</name>
  </trkpt>
  <trkpt lat="55.01984" lon="25.65569">
    <name>TP1615</name>
  </trkpt>
  <trkpt lat="55.01992" lon="25.65575">
    <name>TP1616</name>
  </trkpt>
  <trkpt lat="55.02" lon="25.65581">
    <name>TP1617</name>
  </trkpt>
  <trkpt lat="55.02017" lon="25.65593">
    <name>TP1618</name>
  </trkpt>
  <trkpt lat="55.02083" lon="25.65642">
    <name>TP1619</name>
  </trkpt>
  <trkpt lat="55.02116" lon="25.65667">
    <name>TP1620</name>
  </trkpt>
  <trkpt lat="55.02147" lon="25.6569">
    <name>TP1621</name>
  </trkpt>
  <trkpt lat="55.0219" lon="25.65734">
    <name>TP1622</name>
  </trkpt>
  <trkpt lat="55.02194" lon="25.65744">
    <name>TP1623</name>
  </trkpt>
  <trkpt lat="55.02213" lon="25.65796">
    <name>TP1624</name>
  </trkpt>
  <trkpt lat="55.0221322" lon="25.6579618">
    <name>TP1625</name>
  </trkpt>
  <trkpt lat="55.02263" lon="25.65791">
    <name>TP1626</name>
  </trkpt>
  <trkpt lat="55.02281" lon="25.65789">
    <name>TP1627</name>
  </trkpt>
  <trkpt lat="55.02299" lon="25.65788">
    <name>TP1628</name>
  </trkpt>
  <trkpt lat="55.02334" lon="25.65784">
    <name>TP1629</name>
  </trkpt>
  <trkpt lat="55.02352" lon="25.65782">
    <name>TP1630</name>
  </trkpt>
  <trkpt lat="55.0237" lon="25.6578">
    <name>TP1631</name>
  </trkpt>
  <trkpt lat="55.02406" lon="25.65777">
    <name>TP1632</name>
  </trkpt>
  <trkpt lat="55.0244" lon="25.65773">
    <name>TP1633</name>
  </trkpt>
  <trkpt lat="55.02442" lon="25.65773">
    <name>TP1634</name>
  </trkpt>
  <trkpt lat="55.02496" lon="25.65764">
    <name>TP1635</name>
  </trkpt>
  <trkpt lat="55.02514" lon="25.65761">
    <name>TP1636</name>
  </trkpt>
  <trkpt lat="55.02532" lon="25.65758">
    <name>TP1637</name>
  </trkpt>
  <trkpt lat="55.02568" lon="25.65753">
    <name>TP1638</name>
  </trkpt>
  <trkpt lat="55.02585" lon="25.6575">
    <name>TP1639</name>
  </trkpt>
  <trkpt lat="55.02603" lon="25.65747">
    <name>TP1640</name>
  </trkpt>
  <trkpt lat="55.02614" lon="25.65745">
    <name>TP1641</name>
  </trkpt>
  <trkpt lat="55.02621" lon="25.65744">
    <name>TP1642</name>
  </trkpt>
  <trkpt lat="55.02639" lon="25.65742">
    <name>TP1643</name>
  </trkpt>
  <trkpt lat="55.02657" lon="25.6574">
    <name>TP1644</name>
  </trkpt>
  <trkpt lat="55.02675" lon="25.65738">
    <name>TP1645</name>
  </trkpt>
  <trkpt lat="55.02729" lon="25.65732">
    <name>TP1646</name>
  </trkpt>
  <trkpt lat="55.02747" lon="25.6573">
    <name>TP1647</name>
  </trkpt>
  <trkpt lat="55.02783" lon="25.65726">
    <name>TP1648</name>
  </trkpt>
  <trkpt lat="55.02787" lon="25.65725">
    <name>TP1649</name>
  </trkpt>
  <trkpt lat="55.02801" lon="25.65723">
    <name>TP1650</name>
  </trkpt>
  <trkpt lat="55.02837" lon="25.65718">
    <name>TP1651</name>
  </trkpt>
  <trkpt lat="55.02901" lon="25.6571">
    <name>TP1652</name>
  </trkpt>
  <trkpt lat="55.02908" lon="25.65709">
    <name>TP1653</name>
  </trkpt>
  <trkpt lat="55.02944" lon="25.65704">
    <name>TP1654</name>
  </trkpt>
  <trkpt lat="55.02962" lon="25.65702">
    <name>TP1655</name>
  </trkpt>
  <trkpt lat="55.0298" lon="25.657">
    <name>TP1656</name>
  </trkpt>
  <trkpt lat="55.02998" lon="25.65698">
    <name>TP1657</name>
  </trkpt>
  <trkpt lat="55.03016" lon="25.65696">
    <name>TP1658</name>
  </trkpt>
  <trkpt lat="55.03049" lon="25.65691">
    <name>TP1659</name>
  </trkpt>
  <trkpt lat="55.03052" lon="25.65692">
    <name>TP1660</name>
  </trkpt>
  <trkpt lat="55.0307" lon="25.65694">
    <name>TP1661</name>
  </trkpt>
  <trkpt lat="55.03106" lon="25.65699">
    <name>TP1662</name>
  </trkpt>
  <trkpt lat="55.03124" lon="25.65701">
    <name>TP1663</name>
  </trkpt>
  <trkpt lat="55.0316" lon="25.65705">
    <name>TP1664</name>
  </trkpt>
  <trkpt lat="55.03178" lon="25.65707">
    <name>TP1665</name>
  </trkpt>
  <trkpt lat="55.03195" lon="25.6571">
    <name>TP1666</name>
  </trkpt>
  <trkpt lat="55.03285" lon="25.65721">
    <name>TP1667</name>
  </trkpt>
  <trkpt lat="55.03356" lon="25.65721">
    <name>TP1668</name>
  </trkpt>
  <trkpt lat="55.03374" lon="25.65721">
    <name>TP1669</name>
  </trkpt>
  <trkpt lat="55.03481" lon="25.65721">
    <name>TP1670</name>
  </trkpt>
  <trkpt lat="55.03499" lon="25.65721">
    <name>TP1671</name>
  </trkpt>
  <trkpt lat="55.03553" lon="25.65721">
    <name>TP1672</name>
  </trkpt>
  <trkpt lat="55.03572" lon="25.65721">
    <name>TP1673</name>
  </trkpt>
  <trkpt lat="55.03606" lon="25.65703">
    <name>TP1674</name>
  </trkpt>
  <trkpt lat="55.03645" lon="25.65683">
    <name>TP1675</name>
  </trkpt>
  <trkpt lat="55.03737" lon="25.65679">
    <name>TP1676</name>
  </trkpt>
  <trkpt lat="55.03819" lon="25.65654">
    <name>TP1677</name>
  </trkpt>
  <trkpt lat="55.03872" lon="25.65638">
    <name>TP1678</name>
  </trkpt>
  <trkpt lat="55.0389" lon="25.65633">
    <name>TP1679</name>
  </trkpt>
  <trkpt lat="55.03919" lon="25.65624">
    <name>TP1680</name>
  </trkpt>
  <trkpt lat="55.03925" lon="25.65625">
    <name>TP1681</name>
  </trkpt>
  <trkpt lat="55.03943" lon="25.65625">
    <name>TP1682</name>
  </trkpt>
  <trkpt lat="55.04014" lon="25.65628">
    <name>TP1683</name>
  </trkpt>
  <trkpt lat="55.04033" lon="25.65633">
    <name>TP1684</name>
  </trkpt>
  <trkpt lat="55.04051" lon="25.65636">
    <name>TP1685</name>
  </trkpt>
  <trkpt lat="55.04087" lon="25.65644">
    <name>TP1686</name>
  </trkpt>
  <trkpt lat="55.04116" lon="25.6565">
    <name>TP1687</name>
  </trkpt>
  <trkpt lat="55.04194" lon="25.6567">
    <name>TP1688</name>
  </trkpt>
  <trkpt lat="55.04211" lon="25.65675">
    <name>TP1689</name>
  </trkpt>
  <trkpt lat="55.04228" lon="25.65679">
    <name>TP1690</name>
  </trkpt>
  <trkpt lat="55.04247" lon="25.65678">
    <name>TP1691</name>
  </trkpt>
  <trkpt lat="55.04265" lon="25.65677">
    <name>TP1692</name>
  </trkpt>
  <trkpt lat="55.04319" lon="25.65674">
    <name>TP1693</name>
  </trkpt>
  <trkpt lat="55.04337" lon="25.65673">
    <name>TP1694</name>
  </trkpt>
  <trkpt lat="55.04354" lon="25.65672">
    <name>TP1695</name>
  </trkpt>
  <trkpt lat="55.04355" lon="25.65671">
    <name>TP1696</name>
  </trkpt>
  <trkpt lat="55.04372" lon="25.65664">
    <name>TP1697</name>
  </trkpt>
  <trkpt lat="55.0439" lon="25.65657">
    <name>TP1698</name>
  </trkpt>
  <trkpt lat="55.04407" lon="25.65649">
    <name>TP1699</name>
  </trkpt>
  <trkpt lat="55.04477" lon="25.65619">
    <name>TP1700</name>
  </trkpt>
  <trkpt lat="55.04486" lon="25.65616">
    <name>TP1701</name>
  </trkpt>
  <trkpt lat="55.04494" lon="25.6561">
    <name>TP1702</name>
  </trkpt>
  <trkpt lat="55.04511" lon="25.656">
    <name>TP1703</name>
  </trkpt>
  <trkpt lat="55.04562" lon="25.65568">
    <name>TP1704</name>
  </trkpt>
  <trkpt lat="55.04605" lon="25.65541">
    <name>TP1705</name>
  </trkpt>
  <trkpt lat="55.04613" lon="25.65535">
    <name>TP1706</name>
  </trkpt>
  <trkpt lat="55.04663" lon="25.65499">
    <name>TP1707</name>
  </trkpt>
  <trkpt lat="55.04691" lon="25.65478">
    <name>TP1708</name>
  </trkpt>
  <trkpt lat="55.0473" lon="25.65457">
    <name>TP1709</name>
  </trkpt>
  <trkpt lat="55.04768" lon="25.65433">
    <name>TP1710</name>
  </trkpt>
  <trkpt lat="55.04834" lon="25.65405">
    <name>TP1711</name>
  </trkpt>
  <trkpt lat="55.0486" lon="25.65394">
    <name>TP1712</name>
  </trkpt>
  <trkpt lat="55.04922" lon="25.65375">
    <name>TP1713</name>
  </trkpt>
  <trkpt lat="55.04953" lon="25.65366">
    <name>TP1714</name>
  </trkpt>
  <trkpt lat="55.04958" lon="25.65365">
    <name>TP1715</name>
  </trkpt>
  <trkpt lat="55.04975" lon="25.65361">
    <name>TP1716</name>
  </trkpt>
  <trkpt lat="55.05029" lon="25.65349">
    <name>TP1717</name>
  </trkpt>
  <trkpt lat="55.05047" lon="25.65348">
    <name>TP1718</name>
  </trkpt>
  <trkpt lat="55.05065" lon="25.65346">
    <name>TP1719</name>
  </trkpt>
  <trkpt lat="55.05109" lon="25.65342">
    <name>TP1720</name>
  </trkpt>
  <trkpt lat="55.05173" lon="25.65342">
    <name>TP1721</name>
  </trkpt>
  <trkpt lat="55.05209" lon="25.65342">
    <name>TP1722</name>
  </trkpt>
  <trkpt lat="55.05211" lon="25.65342">
    <name>TP1723</name>
  </trkpt>
  <trkpt lat="55.05227" lon="25.65342">
    <name>TP1724</name>
  </trkpt>
  <trkpt lat="55.05263" lon="25.65343">
    <name>TP1725</name>
  </trkpt>
  <trkpt lat="55.05335" lon="25.65346">
    <name>TP1726</name>
  </trkpt>
  <trkpt lat="55.05353" lon="25.65347">
    <name>TP1727</name>
  </trkpt>
  <trkpt lat="55.05408" lon="25.65348">
    <name>TP1728</name>
  </trkpt>
  <trkpt lat="55.0546" lon="25.65353">
    <name>TP1729</name>
  </trkpt>
  <trkpt lat="55.05496" lon="25.65356">
    <name>TP1730</name>
  </trkpt>
  <trkpt lat="55.05532" lon="25.65365">
    <name>TP1731</name>
  </trkpt>
  <trkpt lat="55.0555" lon="25.6537">
    <name>TP1732</name>
  </trkpt>
  <trkpt lat="55.05585" lon="25.65379">
    <name>TP1733</name>
  </trkpt>
  <trkpt lat="55.05602" lon="25.65383">
    <name>TP1734</name>
  </trkpt>
  <trkpt lat="55.05723" lon="25.65449">
    <name>TP1735</name>
  </trkpt>
  <trkpt lat="55.05835" lon="25.65552">
    <name>TP1736</name>
  </trkpt>
  <trkpt lat="55.05857" lon="25.65572">
    <name>TP1737</name>
  </trkpt>
  <trkpt lat="55.05883" lon="25.65592">
    <name>TP1738</name>
  </trkpt>
  <trkpt lat="55.05917" lon="25.65615">
    <name>TP1739</name>
  </trkpt>
  <trkpt lat="55.0594" lon="25.65632">
    <name>TP1740</name>
  </trkpt>
  <trkpt lat="55.05952" lon="25.65656">
    <name>TP1741</name>
  </trkpt>
  <trkpt lat="55.05958" lon="25.65672">
    <name>TP1742</name>
  </trkpt>
  <trkpt lat="55.05968" lon="25.65701">
    <name>TP1743</name>
  </trkpt>
  <trkpt lat="55.05978" lon="25.65722">
    <name>TP1744</name>
  </trkpt>
  <trkpt lat="55.05979" lon="25.65723">
    <name>TP1745</name>
  </trkpt>
  <trkpt lat="55.05988" lon="25.65732">
    <name>TP1746</name>
  </trkpt>
  <trkpt lat="55.05995" lon="25.65734">
    <name>TP1747</name>
  </trkpt>
  <trkpt lat="55.06002" lon="25.65737">
    <name>TP1748</name>
  </trkpt>
  <trkpt lat="55.06013" lon="25.65737">
    <name>TP1749</name>
  </trkpt>
  <trkpt lat="55.0602" lon="25.65738">
    <name>TP1750</name>
  </trkpt>
  <trkpt lat="55.0604" lon="25.65733">
    <name>TP1751</name>
  </trkpt>
  <trkpt lat="55.0606" lon="25.65724">
    <name>TP1752</name>
  </trkpt>
  <trkpt lat="55.06066" lon="25.6572">
    <name>TP1753</name>
  </trkpt>
  <trkpt lat="55.06089" lon="25.65707">
    <name>TP1754</name>
  </trkpt>
  <trkpt lat="55.06099" lon="25.65699">
    <name>TP1755</name>
  </trkpt>
  <trkpt lat="55.06103" lon="25.65696">
    <name>TP1756</name>
  </trkpt>
  <trkpt lat="55.06118" lon="25.65677">
    <name>TP1757</name>
  </trkpt>
  <trkpt lat="55.06129" lon="25.65664">
    <name>TP1758</name>
  </trkpt>
  <trkpt lat="55.06133" lon="25.65659">
    <name>TP1759</name>
  </trkpt>
  <trkpt lat="55.06145" lon="25.65642">
    <name>TP1760</name>
  </trkpt>
  <trkpt lat="55.06161" lon="25.65624">
    <name>TP1761</name>
  </trkpt>
  <trkpt lat="55.06181" lon="25.65606">
    <name>TP1762</name>
  </trkpt>
  <trkpt lat="55.06199" lon="25.65602">
    <name>TP1763</name>
  </trkpt>
  <trkpt lat="55.0621" lon="25.65601">
    <name>TP1764</name>
  </trkpt>
  <trkpt lat="55.06222" lon="25.65603">
    <name>TP1765</name>
  </trkpt>
  <trkpt lat="55.06236" lon="25.65607">
    <name>TP1766</name>
  </trkpt>
  <trkpt lat="55.06244" lon="25.65611">
    <name>TP1767</name>
  </trkpt>
  <trkpt lat="55.06247" lon="25.65613">
    <name>TP1768</name>
  </trkpt>
  <trkpt lat="55.06276" lon="25.6564">
    <name>TP1769</name>
  </trkpt>
  <trkpt lat="55.0632" lon="25.65682">
    <name>TP1770</name>
  </trkpt>
  <trkpt lat="55.06343" lon="25.65701">
    <name>TP1771</name>
  </trkpt>
  <trkpt lat="55.06354" lon="25.65718">
    <name>TP1772</name>
  </trkpt>
  <trkpt lat="55.06358" lon="25.65724">
    <name>TP1773</name>
  </trkpt>
  <trkpt lat="55.06395" lon="25.65779">
    <name>TP1774</name>
  </trkpt>
  <trkpt lat="55.06397" lon="25.65782">
    <name>TP1775</name>
  </trkpt>
  <trkpt lat="55.06424" lon="25.65817">
    <name>TP1776</name>
  </trkpt>
  <trkpt lat="55.06458" lon="25.65861">
    <name>TP1777</name>
  </trkpt>
  <trkpt lat="55.0645832" lon="25.6586084">
    <name>TP1778</name>
  </trkpt>
  <trkpt lat="55.06473" lon="25.6588">
    <name>TP1779</name>
  </trkpt>
  <trkpt lat="55.0653" lon="25.65956">
    <name>TP1780</name>
  </trkpt>
  <trkpt lat="55.06552" lon="25.65987">
    <name>TP1781</name>
  </trkpt>
  <trkpt lat="55.06557" lon="25.65991">
    <name>TP1782</name>
  </trkpt>
  <trkpt lat="55.06613" lon="25.66043">
    <name>TP1783</name>
  </trkpt>
  <trkpt lat="55.06656" lon="25.66073">
    <name>TP1784</name>
  </trkpt>
  <trkpt lat="55.06662" lon="25.66077">
    <name>TP1785</name>
  </trkpt>
  <trkpt lat="55.06673" lon="25.66084">
    <name>TP1786</name>
  </trkpt>
  <trkpt lat="55.06688" lon="25.66095">
    <name>TP1787</name>
  </trkpt>
  <trkpt lat="55.0669" lon="25.66096">
    <name>TP1788</name>
  </trkpt>
  <trkpt lat="55.06702" lon="25.66105">
    <name>TP1789</name>
  </trkpt>
  <trkpt lat="55.06704" lon="25.66107">
    <name>TP1790</name>
  </trkpt>
  <trkpt lat="55.06721" lon="25.66121">
    <name>TP1791</name>
  </trkpt>
  <trkpt lat="55.06748" lon="25.66161">
    <name>TP1792</name>
  </trkpt>
  <trkpt lat="55.06781" lon="25.66224">
    <name>TP1793</name>
  </trkpt>
  <trkpt lat="55.06809" lon="25.66276">
    <name>TP1794</name>
  </trkpt>
  <trkpt lat="55.06832" lon="25.66303">
    <name>TP1795</name>
  </trkpt>
  <trkpt lat="55.0683217" lon="25.6630342">
    <name>TP1796</name>
  </trkpt>
  <trkpt lat="55.0683217" lon="25.6630342">
    <name>TP1797</name>
  </trkpt>
  <trkpt lat="55.06836" lon="25.66308">
    <name>TP1798</name>
  </trkpt>
  <trkpt lat="55.06873" lon="25.66347">
    <name>TP1799</name>
  </trkpt>
  <trkpt lat="55.06902" lon="25.66373">
    <name>TP1800</name>
  </trkpt>
  <trkpt lat="55.06906" lon="25.66378">
    <name>TP1801</name>
  </trkpt>
  <trkpt lat="55.06981" lon="25.66444">
    <name>TP1802</name>
  </trkpt>
  <trkpt lat="55.07073" lon="25.66529">
    <name>TP1803</name>
  </trkpt>
  <trkpt lat="55.07074" lon="25.66529">
    <name>TP1804</name>
  </trkpt>
  <trkpt lat="55.07075" lon="25.66529">
    <name>TP1805</name>
  </trkpt>
  <trkpt lat="55.07076" lon="25.66529">
    <name>TP1806</name>
  </trkpt>
  <trkpt lat="55.07078" lon="25.66529">
    <name>TP1807</name>
  </trkpt>
  <trkpt lat="55.07079" lon="25.66529">
    <name>TP1808</name>
  </trkpt>
  <trkpt lat="55.0708" lon="25.66527">
    <name>TP1809</name>
  </trkpt>
  <trkpt lat="55.07138" lon="25.66468">
    <name>TP1810</name>
  </trkpt>
  <trkpt lat="55.07167" lon="25.66439">
    <name>TP1811</name>
  </trkpt>
  <trkpt lat="55.07189" lon="25.66427">
    <name>TP1812</name>
  </trkpt>
  <trkpt lat="55.07223" lon="25.66424">
    <name>TP1813</name>
  </trkpt>
  <trkpt lat="55.0722275" lon="25.6642406">
    <name>TP1814</name>
  </trkpt>
  <trkpt lat="55.07238" lon="25.66514">
    <name>TP1815</name>
  </trkpt>
  <trkpt lat="55.07244" lon="25.66544">
    <name>TP1816</name>
  </trkpt>
  <trkpt lat="55.07245" lon="25.66554">
    <name>TP1817</name>
  </trkpt>
  <trkpt lat="55.07247" lon="25.66558">
    <name>TP1818</name>
  </trkpt>
  <trkpt lat="55.07248" lon="25.66562">
    <name>TP1819</name>
  </trkpt>
  <trkpt lat="55.07308" lon="25.66652">
    <name>TP1820</name>
  </trkpt>
  <trkpt lat="55.07321" lon="25.66672">
    <name>TP1821</name>
  </trkpt>
  <trkpt lat="55.07349" lon="25.66713">
    <name>TP1822</name>
  </trkpt>
  <trkpt lat="55.0736" lon="25.66731">
    <name>TP1823</name>
  </trkpt>
  <trkpt lat="55.07397" lon="25.66786">
    <name>TP1824</name>
  </trkpt>
  <trkpt lat="55.07402" lon="25.66794">
    <name>TP1825</name>
  </trkpt>
  <trkpt lat="55.07517" lon="25.66981">
    <name>TP1826</name>
  </trkpt>
  <trkpt lat="55.07526" lon="25.66996">
    <name>TP1827</name>
  </trkpt>
  <trkpt lat="55.07527" lon="25.66998">
    <name>TP1828</name>
  </trkpt>
  <trkpt lat="55.07544" lon="25.67023">
    <name>TP1829</name>
  </trkpt>
  <trkpt lat="55.07585" lon="25.67084">
    <name>TP1830</name>
  </trkpt>
  <trkpt lat="55.07598" lon="25.67105">
    <name>TP1831</name>
  </trkpt>
  <trkpt lat="55.07653" lon="25.67187">
    <name>TP1832</name>
  </trkpt>
  <trkpt lat="55.07666" lon="25.67207">
    <name>TP1833</name>
  </trkpt>
  <trkpt lat="55.07707" lon="25.67269">
    <name>TP1834</name>
  </trkpt>
  <trkpt lat="55.07722" lon="25.6729">
    <name>TP1835</name>
  </trkpt>
  <trkpt lat="55.07749" lon="25.67329">
    <name>TP1836</name>
  </trkpt>
  <trkpt lat="55.07752" lon="25.67332">
    <name>TP1837</name>
  </trkpt>
  <trkpt lat="55.07763" lon="25.67348">
    <name>TP1838</name>
  </trkpt>
  <trkpt lat="55.07766" lon="25.67352">
    <name>TP1839</name>
  </trkpt>
  <trkpt lat="55.07777" lon="25.67368">
    <name>TP1840</name>
  </trkpt>
  <trkpt lat="55.07794" lon="25.67392">
    <name>TP1841</name>
  </trkpt>
  <trkpt lat="55.07805" lon="25.67408">
    <name>TP1842</name>
  </trkpt>
  <trkpt lat="55.07819" lon="25.67427">
    <name>TP1843</name>
  </trkpt>
  <trkpt lat="55.07833" lon="25.67447">
    <name>TP1844</name>
  </trkpt>
  <trkpt lat="55.07836" lon="25.67451">
    <name>TP1845</name>
  </trkpt>
  <trkpt lat="55.07837" lon="25.67453">
    <name>TP1846</name>
  </trkpt>
  <trkpt lat="55.07865" lon="25.67486">
    <name>TP1847</name>
  </trkpt>
  <trkpt lat="55.0788" lon="25.67504">
    <name>TP1848</name>
  </trkpt>
  <trkpt lat="55.07882" lon="25.67506">
    <name>TP1849</name>
  </trkpt>
  <trkpt lat="55.07944" lon="25.67561">
    <name>TP1850</name>
  </trkpt>
  <trkpt lat="55.07961" lon="25.67574">
    <name>TP1851</name>
  </trkpt>
  <trkpt lat="55.08043" lon="25.67637">
    <name>TP1852</name>
  </trkpt>
  <trkpt lat="55.0812" lon="25.67697">
    <name>TP1853</name>
  </trkpt>
  <trkpt lat="55.08142" lon="25.67712">
    <name>TP1854</name>
  </trkpt>
  <trkpt lat="55.08159" lon="25.67724">
    <name>TP1855</name>
  </trkpt>
  <trkpt lat="55.08178" lon="25.67738">
    <name>TP1856</name>
  </trkpt>
  <trkpt lat="55.08241" lon="25.67787">
    <name>TP1857</name>
  </trkpt>
  <trkpt lat="55.08278" lon="25.67816">
    <name>TP1858</name>
  </trkpt>
  <trkpt lat="55.08297" lon="25.67838">
    <name>TP1859</name>
  </trkpt>
  <trkpt lat="55.08306" lon="25.67848">
    <name>TP1860</name>
  </trkpt>
  <trkpt lat="55.08312" lon="25.67857">
    <name>TP1861</name>
  </trkpt>
  <trkpt lat="55.0832" lon="25.67869">
    <name>TP1862</name>
  </trkpt>
  <trkpt lat="55.08325" lon="25.67877">
    <name>TP1863</name>
  </trkpt>
  <trkpt lat="55.08329" lon="25.67882">
    <name>TP1864</name>
  </trkpt>
  <trkpt lat="55.08338" lon="25.67899">
    <name>TP1865</name>
  </trkpt>
  <trkpt lat="55.08351" lon="25.67923">
    <name>TP1866</name>
  </trkpt>
  <trkpt lat="55.08359" lon="25.6794">
    <name>TP1867</name>
  </trkpt>
  <trkpt lat="55.08374" lon="25.67974">
    <name>TP1868</name>
  </trkpt>
  <trkpt lat="55.08384" lon="25.67995">
    <name>TP1869</name>
  </trkpt>
  <trkpt lat="55.08388" lon="25.68004">
    <name>TP1870</name>
  </trkpt>
  <trkpt lat="55.08395" lon="25.6802">
    <name>TP1871</name>
  </trkpt>
  <trkpt lat="55.08423" lon="25.68083">
    <name>TP1872</name>
  </trkpt>
  <trkpt lat="55.08458" lon="25.68158">
    <name>TP1873</name>
  </trkpt>
  <trkpt lat="55.08487" lon="25.68215">
    <name>TP1874</name>
  </trkpt>
  <trkpt lat="55.0848719" lon="25.6821489">
    <name>TP1875</name>
  </trkpt>
  <trkpt lat="55.08489" lon="25.68213">
    <name>TP1876</name>
  </trkpt>
  <trkpt lat="55.0849" lon="25.68212">
    <name>TP1877</name>
  </trkpt>
  <trkpt lat="55.08492" lon="25.68211">
    <name>TP1878</name>
  </trkpt>
  <trkpt lat="55.08495" lon="25.6821">
    <name>TP1879</name>
  </trkpt>
  <trkpt lat="55.08497" lon="25.68211">
    <name>TP1880</name>
  </trkpt>
  <trkpt lat="55.08501" lon="25.68212">
    <name>TP1881</name>
  </trkpt>
  <trkpt lat="55.08504" lon="25.68215">
    <name>TP1882</name>
  </trkpt>
  <trkpt lat="55.08506" lon="25.68217">
    <name>TP1883</name>
  </trkpt>
  <trkpt lat="55.08519" lon="25.68231">
    <name>TP1884</name>
  </trkpt>
  <trkpt lat="55.08523" lon="25.68235">
    <name>TP1885</name>
  </trkpt>
  <trkpt lat="55.08527" lon="25.68238">
    <name>TP1886</name>
  </trkpt>
  <trkpt lat="55.0853" lon="25.68241">
    <name>TP1887</name>
  </trkpt>
  <trkpt lat="55.08531" lon="25.68242">
    <name>TP1888</name>
  </trkpt>
  <trkpt lat="55.08555" lon="25.68263">
    <name>TP1889</name>
  </trkpt>
  <trkpt lat="55.08571" lon="25.68277">
    <name>TP1890</name>
  </trkpt>
  <trkpt lat="55.08587" lon="25.68292">
    <name>TP1891</name>
  </trkpt>
  <trkpt lat="55.08604" lon="25.68306">
    <name>TP1892</name>
  </trkpt>
  <trkpt lat="55.08607" lon="25.68309">
    <name>TP1893</name>
  </trkpt>
  <trkpt lat="55.08671" lon="25.6837">
    <name>TP1894</name>
  </trkpt>
  <trkpt lat="55.08692" lon="25.6839">
    <name>TP1895</name>
  </trkpt>
  <trkpt lat="55.08744" lon="25.68445">
    <name>TP1896</name>
  </trkpt>
  <trkpt lat="55.0875" lon="25.6845">
    <name>TP1897</name>
  </trkpt>
  <trkpt lat="55.08779" lon="25.68482">
    <name>TP1898</name>
  </trkpt>
  <trkpt lat="55.08805" lon="25.68514">
    <name>TP1899</name>
  </trkpt>
  <trkpt lat="55.08814" lon="25.68525">
    <name>TP1900</name>
  </trkpt>
  <trkpt lat="55.08819" lon="25.68531">
    <name>TP1901</name>
  </trkpt>
  <trkpt lat="55.08834" lon="25.68549">
    <name>TP1902</name>
  </trkpt>
  <trkpt lat="55.08844" lon="25.68561">
    <name>TP1903</name>
  </trkpt>
  <trkpt lat="55.08863" lon="25.68583">
    <name>TP1904</name>
  </trkpt>
  <trkpt lat="55.08874" lon="25.68592">
    <name>TP1905</name>
  </trkpt>
  <trkpt lat="55.08877" lon="25.68595">
    <name>TP1906</name>
  </trkpt>
  <trkpt lat="55.08878" lon="25.68596">
    <name>TP1907</name>
  </trkpt>
  <trkpt lat="55.08889" lon="25.68604">
    <name>TP1908</name>
  </trkpt>
  <trkpt lat="55.08897" lon="25.68608">
    <name>TP1909</name>
  </trkpt>
  <trkpt lat="55.08928" lon="25.68615">
    <name>TP1910</name>
  </trkpt>
  <trkpt lat="55.08938" lon="25.68616">
    <name>TP1911</name>
  </trkpt>
  <trkpt lat="55.08972" lon="25.68618">
    <name>TP1912</name>
  </trkpt>
  <trkpt lat="55.09014" lon="25.68622">
    <name>TP1913</name>
  </trkpt>
  <trkpt lat="55.09052" lon="25.6862">
    <name>TP1914</name>
  </trkpt>
  <trkpt lat="55.09062" lon="25.68618">
    <name>TP1915</name>
  </trkpt>
  <trkpt lat="55.09079" lon="25.68616">
    <name>TP1916</name>
  </trkpt>
  <trkpt lat="55.09106" lon="25.68606">
    <name>TP1917</name>
  </trkpt>
  <trkpt lat="55.0913" lon="25.68593">
    <name>TP1918</name>
  </trkpt>
  <trkpt lat="55.0916" lon="25.68575">
    <name>TP1919</name>
  </trkpt>
  <trkpt lat="55.09182" lon="25.68558">
    <name>TP1920</name>
  </trkpt>
  <trkpt lat="55.0921" lon="25.68535">
    <name>TP1921</name>
  </trkpt>
  <trkpt lat="55.09247" lon="25.68505">
    <name>TP1922</name>
  </trkpt>
  <trkpt lat="55.09253" lon="25.68501">
    <name>TP1923</name>
  </trkpt>
  <trkpt lat="55.09263" lon="25.68491">
    <name>TP1924</name>
  </trkpt>
  <trkpt lat="55.09273" lon="25.68481">
    <name>TP1925</name>
  </trkpt>
  <trkpt lat="55.09292" lon="25.68463">
    <name>TP1926</name>
  </trkpt>
  <trkpt lat="55.0931" lon="25.68443">
    <name>TP1927</name>
  </trkpt>
  <trkpt lat="55.09325" lon="25.68427">
    <name>TP1928</name>
  </trkpt>
  <trkpt lat="55.09326" lon="25.68427">
    <name>TP1929</name>
  </trkpt>
  <trkpt lat="55.09334" lon="25.68415">
    <name>TP1930</name>
  </trkpt>
  <trkpt lat="55.0934" lon="25.68407">
    <name>TP1931</name>
  </trkpt>
  <trkpt lat="55.09356" lon="25.68382">
    <name>TP1932</name>
  </trkpt>
  <trkpt lat="55.09379" lon="25.68344">
    <name>TP1933</name>
  </trkpt>
  <trkpt lat="55.09392" lon="25.68322">
    <name>TP1934</name>
  </trkpt>
  <trkpt lat="55.09397" lon="25.68314">
    <name>TP1935</name>
  </trkpt>
  <trkpt lat="55.094" lon="25.68309">
    <name>TP1936</name>
  </trkpt>
  <trkpt lat="55.09405" lon="25.68301">
    <name>TP1937</name>
  </trkpt>
  <trkpt lat="55.09409" lon="25.68295">
    <name>TP1938</name>
  </trkpt>
  <trkpt lat="55.0942" lon="25.68282">
    <name>TP1939</name>
  </trkpt>
  <trkpt lat="55.09429" lon="25.68271">
    <name>TP1940</name>
  </trkpt>
  <trkpt lat="55.09431" lon="25.68269">
    <name>TP1941</name>
  </trkpt>
  <trkpt lat="55.09435" lon="25.68264">
    <name>TP1942</name>
  </trkpt>
  <trkpt lat="55.09444" lon="25.68253">
    <name>TP1943</name>
  </trkpt>
  <trkpt lat="55.09452" lon="25.68243">
    <name>TP1944</name>
  </trkpt>
  <trkpt lat="55.09489" lon="25.68205">
    <name>TP1945</name>
  </trkpt>
  <trkpt lat="55.09559" lon="25.68129">
    <name>TP1946</name>
  </trkpt>
  <trkpt lat="55.09603" lon="25.68084">
    <name>TP1947</name>
  </trkpt>
  <trkpt lat="55.09619" lon="25.68068">
    <name>TP1948</name>
  </trkpt>
  <trkpt lat="55.0965" lon="25.68034">
    <name>TP1949</name>
  </trkpt>
  <trkpt lat="55.09689" lon="25.67991">
    <name>TP1950</name>
  </trkpt>
  <trkpt lat="55.09695" lon="25.67985">
    <name>TP1951</name>
  </trkpt>
  <trkpt lat="55.09757" lon="25.67916">
    <name>TP1952</name>
  </trkpt>
  <trkpt lat="55.09807" lon="25.67865">
    <name>TP1953</name>
  </trkpt>
  <trkpt lat="55.09845" lon="25.67831">
    <name>TP1954</name>
  </trkpt>
  <trkpt lat="55.09863" lon="25.6782">
    <name>TP1955</name>
  </trkpt>
  <trkpt lat="55.09876" lon="25.67818">
    <name>TP1956</name>
  </trkpt>
  <trkpt lat="55.09886" lon="25.67818">
    <name>TP1957</name>
  </trkpt>
  <trkpt lat="55.09894" lon="25.67818">
    <name>TP1958</name>
  </trkpt>
  <trkpt lat="55.09902" lon="25.6782">
    <name>TP1959</name>
  </trkpt>
  <trkpt lat="55.09912" lon="25.67824">
    <name>TP1960</name>
  </trkpt>
  <trkpt lat="55.0993" lon="25.67837">
    <name>TP1961</name>
  </trkpt>
  <trkpt lat="55.09992" lon="25.67902">
    <name>TP1962</name>
  </trkpt>
  <trkpt lat="55.10014" lon="25.67923">
    <name>TP1963</name>
  </trkpt>
  <trkpt lat="55.10028" lon="25.67937">
    <name>TP1964</name>
  </trkpt>
  <trkpt lat="55.10055" lon="25.67966">
    <name>TP1965</name>
  </trkpt>
  <trkpt lat="55.10071" lon="25.67984">
    <name>TP1966</name>
  </trkpt>
  <trkpt lat="55.10076" lon="25.67988">
    <name>TP1967</name>
  </trkpt>
  <trkpt lat="55.10092" lon="25.68004">
    <name>TP1968</name>
  </trkpt>
  <trkpt lat="55.10102" lon="25.68014">
    <name>TP1969</name>
  </trkpt>
  <trkpt lat="55.10127" lon="25.68034">
    <name>TP1970</name>
  </trkpt>
  <trkpt lat="55.10156" lon="25.68046">
    <name>TP1971</name>
  </trkpt>
  <trkpt lat="55.10187" lon="25.68055">
    <name>TP1972</name>
  </trkpt>
  <trkpt lat="55.10194" lon="25.68057">
    <name>TP1973</name>
  </trkpt>
  <trkpt lat="55.10277" lon="25.68081">
    <name>TP1974</name>
  </trkpt>
  <trkpt lat="55.10288" lon="25.68086">
    <name>TP1975</name>
  </trkpt>
  <trkpt lat="55.10328" lon="25.68101">
    <name>TP1976</name>
  </trkpt>
  <trkpt lat="55.10385" lon="25.68119">
    <name>TP1977</name>
  </trkpt>
  <trkpt lat="55.10403" lon="25.68126">
    <name>TP1978</name>
  </trkpt>
  <trkpt lat="55.10422" lon="25.68136">
    <name>TP1979</name>
  </trkpt>
  <trkpt lat="55.10442" lon="25.68149">
    <name>TP1980</name>
  </trkpt>
  <trkpt lat="55.10481" lon="25.68179">
    <name>TP1981</name>
  </trkpt>
  <trkpt lat="55.10555" lon="25.68244">
    <name>TP1982</name>
  </trkpt>
  <trkpt lat="55.10579" lon="25.68264">
    <name>TP1983</name>
  </trkpt>
  <trkpt lat="55.10589" lon="25.68273">
    <name>TP1984</name>
  </trkpt>
  <trkpt lat="55.10608" lon="25.68292">
    <name>TP1985</name>
  </trkpt>
  <trkpt lat="55.10616" lon="25.68303">
    <name>TP1986</name>
  </trkpt>
  <trkpt lat="55.10624" lon="25.68312">
    <name>TP1987</name>
  </trkpt>
  <trkpt lat="55.10639" lon="25.68335">
    <name>TP1988</name>
  </trkpt>
  <trkpt lat="55.10653" lon="25.68361">
    <name>TP1989</name>
  </trkpt>
  <trkpt lat="55.10667" lon="25.68387">
    <name>TP1990</name>
  </trkpt>
  <trkpt lat="55.1068" lon="25.68417">
    <name>TP1991</name>
  </trkpt>
  <trkpt lat="55.10688" lon="25.68439">
    <name>TP1992</name>
  </trkpt>
  <trkpt lat="55.10696" lon="25.68463">
    <name>TP1993</name>
  </trkpt>
  <trkpt lat="55.10703" lon="25.68489">
    <name>TP1994</name>
  </trkpt>
  <trkpt lat="55.10711" lon="25.68519">
    <name>TP1995</name>
  </trkpt>
  <trkpt lat="55.10721" lon="25.68558">
    <name>TP1996</name>
  </trkpt>
  <trkpt lat="55.10727" lon="25.68583">
    <name>TP1997</name>
  </trkpt>
  <trkpt lat="55.10733" lon="25.68607">
    <name>TP1998</name>
  </trkpt>
  <trkpt lat="55.10741" lon="25.68641">
    <name>TP1999</name>
  </trkpt>
  <trkpt lat="55.10747" lon="25.68671">
    <name>TP2000</name>
  </trkpt>
  <trkpt lat="55.10749" lon="25.68678">
    <name>TP2001</name>
  </trkpt>
  <trkpt lat="55.10762" lon="25.6873">
    <name>TP2002</name>
  </trkpt>
  <trkpt lat="55.10763" lon="25.68736">
    <name>TP2003</name>
  </trkpt>
  <trkpt lat="55.10767" lon="25.68752">
    <name>TP2004</name>
  </trkpt>
  <trkpt lat="55.10775" lon="25.68788">
    <name>TP2005</name>
  </trkpt>
  <trkpt lat="55.10789" lon="25.68839">
    <name>TP2006</name>
  </trkpt>
  <trkpt lat="55.108" lon="25.68872">
    <name>TP2007</name>
  </trkpt>
  <trkpt lat="55.10806" lon="25.6889">
    <name>TP2008</name>
  </trkpt>
  <trkpt lat="55.10807" lon="25.68892">
    <name>TP2009</name>
  </trkpt>
  <trkpt lat="55.10809" lon="25.68899">
    <name>TP2010</name>
  </trkpt>
  <trkpt lat="55.10819" lon="25.68924">
    <name>TP2011</name>
  </trkpt>
  <trkpt lat="55.10832" lon="25.68953">
    <name>TP2012</name>
  </trkpt>
  <trkpt lat="55.10877" lon="25.69046">
    <name>TP2013</name>
  </trkpt>
  <trkpt lat="55.10889" lon="25.6907">
    <name>TP2014</name>
  </trkpt>
  <trkpt lat="55.10897" lon="25.69088">
    <name>TP2015</name>
  </trkpt>
  <trkpt lat="55.109" lon="25.69094">
    <name>TP2016</name>
  </trkpt>
  <trkpt lat="55.10905" lon="25.69104">
    <name>TP2017</name>
  </trkpt>
  <trkpt lat="55.10944" lon="25.69193">
    <name>TP2018</name>
  </trkpt>
  <trkpt lat="55.10967" lon="25.69244">
    <name>TP2019</name>
  </trkpt>
  <trkpt lat="55.10991" lon="25.6929">
    <name>TP2020</name>
  </trkpt>
  <trkpt lat="55.11005" lon="25.69308">
    <name>TP2021</name>
  </trkpt>
  <trkpt lat="55.11024" lon="25.69333">
    <name>TP2022</name>
  </trkpt>
  <trkpt lat="55.11052" lon="25.69359">
    <name>TP2023</name>
  </trkpt>
  <trkpt lat="55.11068" lon="25.69375">
    <name>TP2024</name>
  </trkpt>
  <trkpt lat="55.1107" lon="25.69376">
    <name>TP2025</name>
  </trkpt>
  <trkpt lat="55.11088" lon="25.69397">
    <name>TP2026</name>
  </trkpt>
  <trkpt lat="55.11101" lon="25.69412">
    <name>TP2027</name>
  </trkpt>
  <trkpt lat="55.11115" lon="25.69429">
    <name>TP2028</name>
  </trkpt>
  <trkpt lat="55.11125" lon="25.69444">
    <name>TP2029</name>
  </trkpt>
  <trkpt lat="55.11127" lon="25.69446">
    <name>TP2030</name>
  </trkpt>
  <trkpt lat="55.11141" lon="25.69467">
    <name>TP2031</name>
  </trkpt>
  <trkpt lat="55.11163" lon="25.695">
    <name>TP2032</name>
  </trkpt>
  <trkpt lat="55.11195" lon="25.69549">
    <name>TP2033</name>
  </trkpt>
  <trkpt lat="55.11202" lon="25.6956">
    <name>TP2034</name>
  </trkpt>
  <trkpt lat="55.11208" lon="25.69571">
    <name>TP2035</name>
  </trkpt>
  <trkpt lat="55.11243" lon="25.69633">
    <name>TP2036</name>
  </trkpt>
  <trkpt lat="55.11264" lon="25.69671">
    <name>TP2037</name>
  </trkpt>
  <trkpt lat="55.11299" lon="25.69741">
    <name>TP2038</name>
  </trkpt>
  <trkpt lat="55.11306" lon="25.69754">
    <name>TP2039</name>
  </trkpt>
  <trkpt lat="55.11319" lon="25.69777">
    <name>TP2040</name>
  </trkpt>
  <trkpt lat="55.11362" lon="25.69858">
    <name>TP2041</name>
  </trkpt>
  <trkpt lat="55.11368" lon="25.69868">
    <name>TP2042</name>
  </trkpt>
  <trkpt lat="55.11381" lon="25.69891">
    <name>TP2043</name>
  </trkpt>
  <trkpt lat="55.11385" lon="25.69898">
    <name>TP2044</name>
  </trkpt>
  <trkpt lat="55.11409" lon="25.69934">
    <name>TP2045</name>
  </trkpt>
  <trkpt lat="55.11422" lon="25.69952">
    <name>TP2046</name>
  </trkpt>
  <trkpt lat="55.11436" lon="25.69972">
    <name>TP2047</name>
  </trkpt>
  <trkpt lat="55.1145" lon="25.69992">
    <name>TP2048</name>
  </trkpt>
  <trkpt lat="55.11477" lon="25.70027">
    <name>TP2049</name>
  </trkpt>
  <trkpt lat="55.11492" lon="25.70047">
    <name>TP2050</name>
  </trkpt>
  <trkpt lat="55.11493" lon="25.70048">
    <name>TP2051</name>
  </trkpt>
  <trkpt lat="55.11506" lon="25.70066">
    <name>TP2052</name>
  </trkpt>
  <trkpt lat="55.11517" lon="25.70081">
    <name>TP2053</name>
  </trkpt>
  <trkpt lat="55.11573" lon="25.70155">
    <name>TP2054</name>
  </trkpt>
  <trkpt lat="55.11588" lon="25.70173">
    <name>TP2055</name>
  </trkpt>
  <trkpt lat="55.11619" lon="25.70208">
    <name>TP2056</name>
  </trkpt>
  <trkpt lat="55.11623" lon="25.70213">
    <name>TP2057</name>
  </trkpt>
  <trkpt lat="55.11624" lon="25.70213">
    <name>TP2058</name>
  </trkpt>
  <trkpt lat="55.11639" lon="25.70228">
    <name>TP2059</name>
  </trkpt>
  <trkpt lat="55.11648" lon="25.70236">
    <name>TP2060</name>
  </trkpt>
  <trkpt lat="55.11671" lon="25.70256">
    <name>TP2061</name>
  </trkpt>
  <trkpt lat="55.11672" lon="25.70257">
    <name>TP2062</name>
  </trkpt>
  <trkpt lat="55.11687" lon="25.7027">
    <name>TP2063</name>
  </trkpt>
  <trkpt lat="55.11695" lon="25.70277">
    <name>TP2064</name>
  </trkpt>
  <trkpt lat="55.11703" lon="25.70284">
    <name>TP2065</name>
  </trkpt>
  <trkpt lat="55.11719" lon="25.70299">
    <name>TP2066</name>
  </trkpt>
  <trkpt lat="55.11757" lon="25.70334">
    <name>TP2067</name>
  </trkpt>
  <trkpt lat="55.11845" lon="25.70422">
    <name>TP2068</name>
  </trkpt>
  <trkpt lat="55.1191" lon="25.70479">
    <name>TP2069</name>
  </trkpt>
  <trkpt lat="55.11937" lon="25.70503">
    <name>TP2070</name>
  </trkpt>
  <trkpt lat="55.11967" lon="25.70528">
    <name>TP2071</name>
  </trkpt>
  <trkpt lat="55.1197" lon="25.7053">
    <name>TP2072</name>
  </trkpt>
  <trkpt lat="55.11986" lon="25.70543">
    <name>TP2073</name>
  </trkpt>
  <trkpt lat="55.12003" lon="25.70555">
    <name>TP2074</name>
  </trkpt>
  <trkpt lat="55.12006" lon="25.70558">
    <name>TP2075</name>
  </trkpt>
  <trkpt lat="55.12019" lon="25.70567">
    <name>TP2076</name>
  </trkpt>
  <trkpt lat="55.1204" lon="25.70582">
    <name>TP2077</name>
  </trkpt>
  <trkpt lat="55.12053" lon="25.70589">
    <name>TP2078</name>
  </trkpt>
  <trkpt lat="55.12063" lon="25.70595">
    <name>TP2079</name>
  </trkpt>
  <trkpt lat="55.12088" lon="25.70606">
    <name>TP2080</name>
  </trkpt>
  <trkpt lat="55.12104" lon="25.70613">
    <name>TP2081</name>
  </trkpt>
  <trkpt lat="55.12119" lon="25.70616">
    <name>TP2082</name>
  </trkpt>
  <trkpt lat="55.12133" lon="25.70618">
    <name>TP2083</name>
  </trkpt>
  <trkpt lat="55.12138" lon="25.70619">
    <name>TP2084</name>
  </trkpt>
  <trkpt lat="55.12142" lon="25.70619">
    <name>TP2085</name>
  </trkpt>
  <trkpt lat="55.12152" lon="25.70619">
    <name>TP2086</name>
  </trkpt>
  <trkpt lat="55.12156" lon="25.70619">
    <name>TP2087</name>
  </trkpt>
  <trkpt lat="55.1218" lon="25.70618">
    <name>TP2088</name>
  </trkpt>
  <trkpt lat="55.12228" lon="25.70609">
    <name>TP2089</name>
  </trkpt>
  <trkpt lat="55.12235" lon="25.70608">
    <name>TP2090</name>
  </trkpt>
  <trkpt lat="55.12246" lon="25.70605">
    <name>TP2091</name>
  </trkpt>
  <trkpt lat="55.12294" lon="25.70594">
    <name>TP2092</name>
  </trkpt>
  <trkpt lat="55.12424" lon="25.70564">
    <name>TP2093</name>
  </trkpt>
  <trkpt lat="55.12442" lon="25.7056">
    <name>TP2094</name>
  </trkpt>
  <trkpt lat="55.12531" lon="25.7054">
    <name>TP2095</name>
  </trkpt>
  <trkpt lat="55.12549" lon="25.70536">
    <name>TP2096</name>
  </trkpt>
  <trkpt lat="55.12721" lon="25.70497">
    <name>TP2097</name>
  </trkpt>
  <trkpt lat="55.12727" lon="25.70495">
    <name>TP2098</name>
  </trkpt>
  <trkpt lat="55.12759" lon="25.7049">
    <name>TP2099</name>
  </trkpt>
  <trkpt lat="55.12772" lon="25.70487">
    <name>TP2100</name>
  </trkpt>
  <trkpt lat="55.12777" lon="25.70487">
    <name>TP2101</name>
  </trkpt>
  <trkpt lat="55.12801" lon="25.70484">
    <name>TP2102</name>
  </trkpt>
  <trkpt lat="55.12813" lon="25.70485">
    <name>TP2103</name>
  </trkpt>
  <trkpt lat="55.12831" lon="25.70486">
    <name>TP2104</name>
  </trkpt>
  <trkpt lat="55.12832" lon="25.70486">
    <name>TP2105</name>
  </trkpt>
  <trkpt lat="55.12861" lon="25.70495">
    <name>TP2106</name>
  </trkpt>
  <trkpt lat="55.12884" lon="25.70505">
    <name>TP2107</name>
  </trkpt>
  <trkpt lat="55.1293" lon="25.70528">
    <name>TP2108</name>
  </trkpt>
  <trkpt lat="55.12946" lon="25.70535">
    <name>TP2109</name>
  </trkpt>
  <trkpt lat="55.1298" lon="25.70551">
    <name>TP2110</name>
  </trkpt>
  <trkpt lat="55.13003" lon="25.70562">
    <name>TP2111</name>
  </trkpt>
  <trkpt lat="55.13025" lon="25.70572">
    <name>TP2112</name>
  </trkpt>
  <trkpt lat="55.13042" lon="25.70579">
    <name>TP2113</name>
  </trkpt>
  <trkpt lat="55.13053" lon="25.70584">
    <name>TP2114</name>
  </trkpt>
  <trkpt lat="55.1306" lon="25.70587">
    <name>TP2115</name>
  </trkpt>
  <trkpt lat="55.13077" lon="25.70595">
    <name>TP2116</name>
  </trkpt>
  <trkpt lat="55.13094" lon="25.70602">
    <name>TP2117</name>
  </trkpt>
  <trkpt lat="55.13112" lon="25.7061">
    <name>TP2118</name>
  </trkpt>
  <trkpt lat="55.13129" lon="25.70618">
    <name>TP2119</name>
  </trkpt>
  <trkpt lat="55.13147" lon="25.70626">
    <name>TP2120</name>
  </trkpt>
  <trkpt lat="55.13222" lon="25.7066">
    <name>TP2121</name>
  </trkpt>
  <trkpt lat="55.13321" lon="25.70705">
    <name>TP2122</name>
  </trkpt>
  <trkpt lat="55.13338" lon="25.70713">
    <name>TP2123</name>
  </trkpt>
  <trkpt lat="55.13356" lon="25.70721">
    <name>TP2124</name>
  </trkpt>
  <trkpt lat="55.13385" lon="25.70734">
    <name>TP2125</name>
  </trkpt>
  <trkpt lat="55.1339" lon="25.70737">
    <name>TP2126</name>
  </trkpt>
  <trkpt lat="55.13425" lon="25.70753">
    <name>TP2127</name>
  </trkpt>
  <trkpt lat="55.13464" lon="25.7077">
    <name>TP2128</name>
  </trkpt>
  <trkpt lat="55.13481" lon="25.70781">
    <name>TP2129</name>
  </trkpt>
  <trkpt lat="55.13519" lon="25.70804">
    <name>TP2130</name>
  </trkpt>
  <trkpt lat="55.13538" lon="25.70822">
    <name>TP2131</name>
  </trkpt>
  <trkpt lat="55.13554" lon="25.70838">
    <name>TP2132</name>
  </trkpt>
  <trkpt lat="55.13559" lon="25.70843">
    <name>TP2133</name>
  </trkpt>
  <trkpt lat="55.13573" lon="25.70861">
    <name>TP2134</name>
  </trkpt>
  <trkpt lat="55.13588" lon="25.70879">
    <name>TP2135</name>
  </trkpt>
  <trkpt lat="55.13602" lon="25.70897">
    <name>TP2136</name>
  </trkpt>
  <trkpt lat="55.13633" lon="25.70934">
    <name>TP2137</name>
  </trkpt>
  <trkpt lat="55.13643" lon="25.70944">
    <name>TP2138</name>
  </trkpt>
  <trkpt lat="55.13648" lon="25.70948">
    <name>TP2139</name>
  </trkpt>
  <trkpt lat="55.13657" lon="25.70955">
    <name>TP2140</name>
  </trkpt>
  <trkpt lat="55.13688" lon="25.70977">
    <name>TP2141</name>
  </trkpt>
  <trkpt lat="55.13718" lon="25.70997">
    <name>TP2142</name>
  </trkpt>
  <trkpt lat="55.1372" lon="25.70999">
    <name>TP2143</name>
  </trkpt>
  <trkpt lat="55.13815" lon="25.7106">
    <name>TP2144</name>
  </trkpt>
  <trkpt lat="55.13846" lon="25.71079">
    <name>TP2145</name>
  </trkpt>
  <trkpt lat="55.13863" lon="25.7109">
    <name>TP2146</name>
  </trkpt>
  <trkpt lat="55.13875" lon="25.71097">
    <name>TP2147</name>
  </trkpt>
  <trkpt lat="55.13958" lon="25.71157">
    <name>TP2148</name>
  </trkpt>
  <trkpt lat="55.13971" lon="25.71166">
    <name>TP2149</name>
  </trkpt>
  <trkpt lat="55.1398" lon="25.71173">
    <name>TP2150</name>
  </trkpt>
  <trkpt lat="55.1397979" lon="25.7117323">
    <name>TP2151</name>
  </trkpt>
  <trkpt lat="55.1397" lon="25.71233">
    <name>TP2152</name>
  </trkpt>
  <trkpt lat="55.13962" lon="25.71278">
    <name>TP2153</name>
  </trkpt>
  <trkpt lat="55.13959" lon="25.71304">
    <name>TP2154</name>
  </trkpt>
  <trkpt lat="55.13958" lon="25.71313">
    <name>TP2155</name>
  </trkpt>
  <trkpt lat="55.13956" lon="25.71336">
    <name>TP2156</name>
  </trkpt>
  <trkpt lat="55.13955" lon="25.71356">
    <name>TP2157</name>
  </trkpt>
  <trkpt lat="55.13954" lon="25.71362">
    <name>TP2158</name>
  </trkpt>
  <trkpt lat="55.13954" lon="25.71367">
    <name>TP2159</name>
  </trkpt>
  <trkpt lat="55.13952" lon="25.71388">
    <name>TP2160</name>
  </trkpt>
  <trkpt lat="55.13952" lon="25.71401">
    <name>TP2161</name>
  </trkpt>
  <trkpt lat="55.13951" lon="25.71455">
    <name>TP2162</name>
  </trkpt>
  <trkpt lat="55.1395" lon="25.71461">
    <name>TP2163</name>
  </trkpt>
  <trkpt lat="55.1395" lon="25.71488">
    <name>TP2164</name>
  </trkpt>
  <trkpt lat="55.13949" lon="25.71513">
    <name>TP2165</name>
  </trkpt>
  <trkpt lat="55.13948" lon="25.71519">
    <name>TP2166</name>
  </trkpt>
  <trkpt lat="55.13945" lon="25.71553">
    <name>TP2167</name>
  </trkpt>
  <trkpt lat="55.13943" lon="25.71574">
    <name>TP2168</name>
  </trkpt>
  <trkpt lat="55.13942" lon="25.71592">
    <name>TP2169</name>
  </trkpt>
  <trkpt lat="55.13942" lon="25.71611">
    <name>TP2170</name>
  </trkpt>
  <trkpt lat="55.13943" lon="25.71632">
    <name>TP2171</name>
  </trkpt>
  <trkpt lat="55.13946" lon="25.7166">
    <name>TP2172</name>
  </trkpt>
  <trkpt lat="55.13947" lon="25.71663">
    <name>TP2173</name>
  </trkpt>
  <trkpt lat="55.13952" lon="25.71699">
    <name>TP2174</name>
  </trkpt>
  <trkpt lat="55.13954" lon="25.71715">
    <name>TP2175</name>
  </trkpt>
  <trkpt lat="55.13956" lon="25.71724">
    <name>TP2176</name>
  </trkpt>
  <trkpt lat="55.13957" lon="25.71729">
    <name>TP2177</name>
  </trkpt>
  <trkpt lat="55.13962" lon="25.71759">
    <name>TP2178</name>
  </trkpt>
  <trkpt lat="55.13966" lon="25.71784">
    <name>TP2179</name>
  </trkpt>
  <trkpt lat="55.13967" lon="25.7179">
    <name>TP2180</name>
  </trkpt>
  <trkpt lat="55.13977" lon="25.71845">
    <name>TP2181</name>
  </trkpt>
  <trkpt lat="55.13978" lon="25.7185">
    <name>TP2182</name>
  </trkpt>
  <trkpt lat="55.13982" lon="25.71875">
    <name>TP2183</name>
  </trkpt>
  <trkpt lat="55.13987" lon="25.71905">
    <name>TP2184</name>
  </trkpt>
  <trkpt lat="55.13988" lon="25.7191">
    <name>TP2185</name>
  </trkpt>
  <trkpt lat="55.13992" lon="25.71935">
    <name>TP2186</name>
  </trkpt>
  <trkpt lat="55.13997" lon="25.71965">
    <name>TP2187</name>
  </trkpt>
  <trkpt lat="55.13998" lon="25.7197">
    <name>TP2188</name>
  </trkpt>
  <trkpt lat="55.14003" lon="25.71995">
    <name>TP2189</name>
  </trkpt>
  <trkpt lat="55.14018" lon="25.72086">
    <name>TP2190</name>
  </trkpt>
  <trkpt lat="55.1401801" lon="25.7208583">
    <name>TP2191</name>
  </trkpt>
  <trkpt lat="55.14016" lon="25.72102">
    <name>TP2192</name>
  </trkpt>
  <trkpt lat="55.14013" lon="25.72123">
    <name>TP2193</name>
  </trkpt>
  <trkpt lat="55.14007" lon="25.72146">
    <name>TP2194</name>
  </trkpt>
  <trkpt lat="55.13998" lon="25.72166">
    <name>TP2195</name>
  </trkpt>
  <trkpt lat="55.13996" lon="25.7217">
    <name>TP2196</name>
  </trkpt>
  <trkpt lat="55.13989" lon="25.72188">
    <name>TP2197</name>
  </trkpt>
  <trkpt lat="55.13983" lon="25.72207">
    <name>TP2198</name>
  </trkpt>
  <trkpt lat="55.13976" lon="25.72229">
    <name>TP2199</name>
  </trkpt>
  <trkpt lat="55.1397" lon="25.72247">
    <name>TP2200</name>
  </trkpt>
  <trkpt lat="55.13969" lon="25.72252">
    <name>TP2201</name>
  </trkpt>
  <trkpt lat="55.13964" lon="25.72268">
    <name>TP2202</name>
  </trkpt>
  <trkpt lat="55.1396" lon="25.72284">
    <name>TP2203</name>
  </trkpt>
  <trkpt lat="55.13957" lon="25.72315">
    <name>TP2204</name>
  </trkpt>
  <trkpt lat="55.13955" lon="25.7234">
    <name>TP2205</name>
  </trkpt>
  <trkpt lat="55.13955" lon="25.72374">
    <name>TP2206</name>
  </trkpt>
  <trkpt lat="55.13955" lon="25.7239">
    <name>TP2207</name>
  </trkpt>
  <trkpt lat="55.13956" lon="25.72405">
    <name>TP2208</name>
  </trkpt>
  <trkpt lat="55.13957" lon="25.72426">
    <name>TP2209</name>
  </trkpt>
  <trkpt lat="55.13958" lon="25.72436">
    <name>TP2210</name>
  </trkpt>
  <trkpt lat="55.13959" lon="25.72449">
    <name>TP2211</name>
  </trkpt>
  <trkpt lat="55.13963" lon="25.725">
    <name>TP2212</name>
  </trkpt>
  <trkpt lat="55.13966" lon="25.72551">
    <name>TP2213</name>
  </trkpt>
  <trkpt lat="55.13967" lon="25.72591">
    <name>TP2214</name>
  </trkpt>
  <trkpt lat="55.13967" lon="25.72593">
    <name>TP2215</name>
  </trkpt>
  <trkpt lat="55.13968" lon="25.72616">
    <name>TP2216</name>
  </trkpt>
  <trkpt lat="55.13968" lon="25.72636">
    <name>TP2217</name>
  </trkpt>
  <trkpt lat="55.13966" lon="25.72662">
    <name>TP2218</name>
  </trkpt>
  <trkpt lat="55.13964" lon="25.72687">
    <name>TP2219</name>
  </trkpt>
  <trkpt lat="55.13962" lon="25.72701">
    <name>TP2220</name>
  </trkpt>
  <trkpt lat="55.1396" lon="25.72734">
    <name>TP2221</name>
  </trkpt>
  <trkpt lat="55.1396" lon="25.72749">
    <name>TP2222</name>
  </trkpt>
  <trkpt lat="55.13961" lon="25.72796">
    <name>TP2223</name>
  </trkpt>
  <trkpt lat="55.13962" lon="25.72811">
    <name>TP2224</name>
  </trkpt>
  <trkpt lat="55.13966" lon="25.72857">
    <name>TP2225</name>
  </trkpt>
  <trkpt lat="55.13972" lon="25.72888">
    <name>TP2226</name>
  </trkpt>
  <trkpt lat="55.13982" lon="25.72932">
    <name>TP2227</name>
  </trkpt>
  <trkpt lat="55.13984" lon="25.72941">
    <name>TP2228</name>
  </trkpt>
  <trkpt lat="55.13989" lon="25.72961">
    <name>TP2229</name>
  </trkpt>
  <trkpt lat="55.13992" lon="25.72974">
    <name>TP2230</name>
  </trkpt>
  <trkpt lat="55.14003" lon="25.73009">
    <name>TP2231</name>
  </trkpt>
  <trkpt lat="55.14015" lon="25.73049">
    <name>TP2232</name>
  </trkpt>
  <trkpt lat="55.14021" lon="25.73089">
    <name>TP2233</name>
  </trkpt>
  <trkpt lat="55.14022" lon="25.73117">
    <name>TP2234</name>
  </trkpt>
  <trkpt lat="55.14023" lon="25.73173">
    <name>TP2235</name>
  </trkpt>
  <trkpt lat="55.1402" lon="25.73324">
    <name>TP2236</name>
  </trkpt>
  <trkpt lat="55.1402" lon="25.73361">
    <name>TP2237</name>
  </trkpt>
  <trkpt lat="55.14021" lon="25.73393">
    <name>TP2238</name>
  </trkpt>
  <trkpt lat="55.14021" lon="25.73474">
    <name>TP2239</name>
  </trkpt>
  <trkpt lat="55.14023" lon="25.73519">
    <name>TP2240</name>
  </trkpt>
  <trkpt lat="55.14026" lon="25.73594">
    <name>TP2241</name>
  </trkpt>
  <trkpt lat="55.14031" lon="25.73669">
    <name>TP2242</name>
  </trkpt>
  <trkpt lat="55.1403057" lon="25.7366877">
    <name>TP2243</name>
  </trkpt>
  <trkpt lat="55.14071" lon="25.73684">
    <name>TP2244</name>
  </trkpt>
  <trkpt lat="55.14094" lon="25.7369">
    <name>TP2245</name>
  </trkpt>
  <trkpt lat="55.14112" lon="25.73694">
    <name>TP2246</name>
  </trkpt>
  <trkpt lat="55.14136" lon="25.73699">
    <name>TP2247</name>
  </trkpt>
  <trkpt lat="55.14158" lon="25.73711">
    <name>TP2248</name>
  </trkpt>
  <trkpt lat="55.14178" lon="25.73736">
    <name>TP2249</name>
  </trkpt>
  <trkpt lat="55.1418" lon="25.73738">
    <name>TP2250</name>
  </trkpt>
  <trkpt lat="55.14191" lon="25.73758">
    <name>TP2251</name>
  </trkpt>
  <trkpt lat="55.14192" lon="25.73759">
    <name>TP2252</name>
  </trkpt>
  <trkpt lat="55.14202" lon="25.73783">
    <name>TP2253</name>
  </trkpt>
  <trkpt lat="55.14206" lon="25.73792">
    <name>TP2254</name>
  </trkpt>
  <trkpt lat="55.14216" lon="25.73809">
    <name>TP2255</name>
  </trkpt>
  <trkpt lat="55.14229" lon="25.7383">
    <name>TP2256</name>
  </trkpt>
  <trkpt lat="55.14244" lon="25.73845">
    <name>TP2257</name>
  </trkpt>
  <trkpt lat="55.1426" lon="25.73849">
    <name>TP2258</name>
  </trkpt>
  <trkpt lat="55.14265" lon="25.7385">
    <name>TP2259</name>
  </trkpt>
  <trkpt lat="55.14278" lon="25.7385">
    <name>TP2260</name>
  </trkpt>
  <trkpt lat="55.14289" lon="25.73851">
    <name>TP2261</name>
  </trkpt>
  <trkpt lat="55.14296" lon="25.7385">
    <name>TP2262</name>
  </trkpt>
  <trkpt lat="55.14313" lon="25.7385">
    <name>TP2263</name>
  </trkpt>
  <trkpt lat="55.14332" lon="25.73849">
    <name>TP2264</name>
  </trkpt>
  <trkpt lat="55.14357" lon="25.73858">
    <name>TP2265</name>
  </trkpt>
  <trkpt lat="55.14372" lon="25.73871">
    <name>TP2266</name>
  </trkpt>
  <trkpt lat="55.14382" lon="25.73882">
    <name>TP2267</name>
  </trkpt>
  <trkpt lat="55.14392" lon="25.73892">
    <name>TP2268</name>
  </trkpt>
  <trkpt lat="55.14411" lon="25.7392">
    <name>TP2269</name>
  </trkpt>
  <trkpt lat="55.14421" lon="25.73945">
    <name>TP2270</name>
  </trkpt>
  <trkpt lat="55.14432" lon="25.73971">
    <name>TP2271</name>
  </trkpt>
  <trkpt lat="55.14443" lon="25.73999">
    <name>TP2272</name>
  </trkpt>
  <trkpt lat="55.14454" lon="25.74056">
    <name>TP2273</name>
  </trkpt>
  <trkpt lat="55.14466" lon="25.74115">
    <name>TP2274</name>
  </trkpt>
  <trkpt lat="55.14484" lon="25.74204">
    <name>TP2275</name>
  </trkpt>
  <trkpt lat="55.1449" lon="25.74234">
    <name>TP2276</name>
  </trkpt>
  <trkpt lat="55.14495" lon="25.7426">
    <name>TP2277</name>
  </trkpt>
  <trkpt lat="55.14496" lon="25.74264">
    <name>TP2278</name>
  </trkpt>
  <trkpt lat="55.14508" lon="25.74323">
    <name>TP2279</name>
  </trkpt>
  <trkpt lat="55.14513" lon="25.74343">
    <name>TP2280</name>
  </trkpt>
  <trkpt lat="55.14525" lon="25.74378">
    <name>TP2281</name>
  </trkpt>
  <trkpt lat="55.14531" lon="25.74394">
    <name>TP2282</name>
  </trkpt>
  <trkpt lat="55.14535" lon="25.74404">
    <name>TP2283</name>
  </trkpt>
  <trkpt lat="55.14569" lon="25.74478">
    <name>TP2284</name>
  </trkpt>
  <trkpt lat="55.14591" lon="25.74527">
    <name>TP2285</name>
  </trkpt>
  <trkpt lat="55.14603" lon="25.74551">
    <name>TP2286</name>
  </trkpt>
  <trkpt lat="55.14637" lon="25.74625">
    <name>TP2287</name>
  </trkpt>
  <trkpt lat="55.14644" lon="25.74641">
    <name>TP2288</name>
  </trkpt>
  <trkpt lat="55.14681" lon="25.74724">
    <name>TP2289</name>
  </trkpt>
  <trkpt lat="55.14682" lon="25.74725">
    <name>TP2290</name>
  </trkpt>
  <trkpt lat="55.14694" lon="25.74746">
    <name>TP2291</name>
  </trkpt>
  <trkpt lat="55.14733" lon="25.74812">
    <name>TP2292</name>
  </trkpt>
  <trkpt lat="55.14745" lon="25.74834">
    <name>TP2293</name>
  </trkpt>
  <trkpt lat="55.14759" lon="25.74857">
    <name>TP2294</name>
  </trkpt>
  <trkpt lat="55.1477" lon="25.74879">
    <name>TP2295</name>
  </trkpt>
  <trkpt lat="55.14806" lon="25.74949">
    <name>TP2296</name>
  </trkpt>
  <trkpt lat="55.148065" lon="25.7494925">
    <name>TP2297</name>
  </trkpt>
  <trkpt lat="55.14821" lon="25.74978">
    <name>TP2298</name>
  </trkpt>
  <trkpt lat="55.14832" lon="25.75013">
    <name>TP2299</name>
  </trkpt>
  <trkpt lat="55.14838" lon="25.75055">
    <name>TP2300</name>
  </trkpt>
  <trkpt lat="55.14838" lon="25.75103">
    <name>TP2301</name>
  </trkpt>
  <trkpt lat="55.14836" lon="25.7518">
    <name>TP2302</name>
  </trkpt>
  <trkpt lat="55.14836" lon="25.75187">
    <name>TP2303</name>
  </trkpt>
  <trkpt lat="55.14832" lon="25.75258">
    <name>TP2304</name>
  </trkpt>
  <trkpt lat="55.14831" lon="25.75274">
    <name>TP2305</name>
  </trkpt>
  <trkpt lat="55.14829" lon="25.75305">
    <name>TP2306</name>
  </trkpt>
  <trkpt lat="55.14828" lon="25.75322">
    <name>TP2307</name>
  </trkpt>
  <trkpt lat="55.14826" lon="25.75337">
    <name>TP2308</name>
  </trkpt>
  <trkpt lat="55.14821" lon="25.75389">
    <name>TP2309</name>
  </trkpt>
  <trkpt lat="55.14811" lon="25.75427">
    <name>TP2310</name>
  </trkpt>
  <trkpt lat="55.14807" lon="25.75444">
    <name>TP2311</name>
  </trkpt>
  <trkpt lat="55.14793" lon="25.75481">
    <name>TP2312</name>
  </trkpt>
  <trkpt lat="55.14788" lon="25.75497">
    <name>TP2313</name>
  </trkpt>
  <trkpt lat="55.14782" lon="25.75514">
    <name>TP2314</name>
  </trkpt>
  <trkpt lat="55.14778" lon="25.75537">
    <name>TP2315</name>
  </trkpt>
  <trkpt lat="55.14776" lon="25.75545">
    <name>TP2316</name>
  </trkpt>
  <trkpt lat="55.14769" lon="25.75592">
    <name>TP2317</name>
  </trkpt>
  <trkpt lat="55.14768" lon="25.75598">
    <name>TP2318</name>
  </trkpt>
  <trkpt lat="55.14765" lon="25.75706">
    <name>TP2319</name>
  </trkpt>
  <trkpt lat="55.14767" lon="25.75723">
    <name>TP2320</name>
  </trkpt>
  <trkpt lat="55.14771" lon="25.75754">
    <name>TP2321</name>
  </trkpt>
  <trkpt lat="55.14791" lon="25.7594">
    <name>TP2322</name>
  </trkpt>
  <trkpt lat="55.14796" lon="25.75984">
    <name>TP2323</name>
  </trkpt>
  <trkpt lat="55.14805" lon="25.76079">
    <name>TP2324</name>
  </trkpt>
  <trkpt lat="55.14808" lon="25.76138">
    <name>TP2325</name>
  </trkpt>
  <trkpt lat="55.14809" lon="25.76173">
    <name>TP2326</name>
  </trkpt>
  <trkpt lat="55.1481" lon="25.76204">
    <name>TP2327</name>
  </trkpt>
  <trkpt lat="55.14811" lon="25.76236">
    <name>TP2328</name>
  </trkpt>
  <trkpt lat="55.14811" lon="25.76252">
    <name>TP2329</name>
  </trkpt>
  <trkpt lat="55.14815" lon="25.76298">
    <name>TP2330</name>
  </trkpt>
  <trkpt lat="55.14815" lon="25.763">
    <name>TP2331</name>
  </trkpt>
  <trkpt lat="55.14816" lon="25.7633">
    <name>TP2332</name>
  </trkpt>
  <trkpt lat="55.14817" lon="25.76346">
    <name>TP2333</name>
  </trkpt>
  <trkpt lat="55.14823" lon="25.76392">
    <name>TP2334</name>
  </trkpt>
  <trkpt lat="55.1482287" lon="25.7639223">
    <name>TP2335</name>
  </trkpt>
  <trkpt lat="55.14836" lon="25.76417">
    <name>TP2336</name>
  </trkpt>
  <trkpt lat="55.14847" lon="25.76438">
    <name>TP2337</name>
  </trkpt>
  <trkpt lat="55.14852" lon="25.76447">
    <name>TP2338</name>
  </trkpt>
  <trkpt lat="55.14854" lon="25.76449">
    <name>TP2339</name>
  </trkpt>
  <trkpt lat="55.14861" lon="25.76458">
    <name>TP2340</name>
  </trkpt>
  <trkpt lat="55.14868" lon="25.76468">
    <name>TP2341</name>
  </trkpt>
  <trkpt lat="55.14873" lon="25.76473">
    <name>TP2342</name>
  </trkpt>
  <trkpt lat="55.14905" lon="25.76489">
    <name>TP2343</name>
  </trkpt>
  <trkpt lat="55.14929" lon="25.76493">
    <name>TP2344</name>
  </trkpt>
  <trkpt lat="55.14938" lon="25.76495">
    <name>TP2345</name>
  </trkpt>
  <trkpt lat="55.14956" lon="25.76498">
    <name>TP2346</name>
  </trkpt>
  <trkpt lat="55.14965" lon="25.76499">
    <name>TP2347</name>
  </trkpt>
  <trkpt lat="55.14974" lon="25.76501">
    <name>TP2348</name>
  </trkpt>
  <trkpt lat="55.14984" lon="25.76502">
    <name>TP2349</name>
  </trkpt>
  <trkpt lat="55.1501" lon="25.76507">
    <name>TP2350</name>
  </trkpt>
  <trkpt lat="55.15018" lon="25.76508">
    <name>TP2351</name>
  </trkpt>
  <trkpt lat="55.15042" lon="25.76508">
    <name>TP2352</name>
  </trkpt>
  <trkpt lat="55.15069" lon="25.76509">
    <name>TP2353</name>
  </trkpt>
  <trkpt lat="55.1509" lon="25.76516">
    <name>TP2354</name>
  </trkpt>
  <trkpt lat="55.15108" lon="25.76522">
    <name>TP2355</name>
  </trkpt>
  <trkpt lat="55.15116" lon="25.76525">
    <name>TP2356</name>
  </trkpt>
  <trkpt lat="55.15149" lon="25.76544">
    <name>TP2357</name>
  </trkpt>
  <trkpt lat="55.1514898" lon="25.7654426">
    <name>TP2358</name>
  </trkpt>
  <trkpt lat="55.15157" lon="25.76594">
    <name>TP2359</name>
  </trkpt>
  <trkpt lat="55.15166" lon="25.76648">
    <name>TP2360</name>
  </trkpt>
  <trkpt lat="55.1518" lon="25.76691">
    <name>TP2361</name>
  </trkpt>
  <trkpt lat="55.15182" lon="25.76696">
    <name>TP2362</name>
  </trkpt>
  <trkpt lat="55.1522" lon="25.76796">
    <name>TP2363</name>
  </trkpt>
  <trkpt lat="55.15221" lon="25.76799">
    <name>TP2364</name>
  </trkpt>
  <trkpt lat="55.15233" lon="25.76818">
    <name>TP2365</name>
  </trkpt>
  <trkpt lat="55.15246" lon="25.76839">
    <name>TP2366</name>
  </trkpt>
  <trkpt lat="55.15294" lon="25.76916">
    <name>TP2367</name>
  </trkpt>
  <trkpt lat="55.15299" lon="25.76923">
    <name>TP2368</name>
  </trkpt>
  <trkpt lat="55.15314" lon="25.76942">
    <name>TP2369</name>
  </trkpt>
  <trkpt lat="55.15328" lon="25.76961">
    <name>TP2370</name>
  </trkpt>
  <trkpt lat="55.15343" lon="25.76981">
    <name>TP2371</name>
  </trkpt>
  <trkpt lat="55.15358" lon="25.77003">
    <name>TP2372</name>
  </trkpt>
  <trkpt lat="55.15376" lon="25.77038">
    <name>TP2373</name>
  </trkpt>
  <trkpt lat="55.15385" lon="25.77066">
    <name>TP2374</name>
  </trkpt>
  <trkpt lat="55.15397" lon="25.77161">
    <name>TP2375</name>
  </trkpt>
  <trkpt lat="55.15395" lon="25.77196">
    <name>TP2376</name>
  </trkpt>
  <trkpt lat="55.15394" lon="25.77221">
    <name>TP2377</name>
  </trkpt>
  <trkpt lat="55.15393" lon="25.77247">
    <name>TP2378</name>
  </trkpt>
  <trkpt lat="55.15392" lon="25.77253">
    <name>TP2379</name>
  </trkpt>
  <trkpt lat="55.15389" lon="25.77284">
    <name>TP2380</name>
  </trkpt>
  <trkpt lat="55.15388" lon="25.77299">
    <name>TP2381</name>
  </trkpt>
  <trkpt lat="55.15387" lon="25.77335">
    <name>TP2382</name>
  </trkpt>
  <trkpt lat="55.15386" lon="25.77346">
    <name>TP2383</name>
  </trkpt>
  <trkpt lat="55.15386" lon="25.77371">
    <name>TP2384</name>
  </trkpt>
  <trkpt lat="55.15386" lon="25.77411">
    <name>TP2385</name>
  </trkpt>
  <trkpt lat="55.15387" lon="25.77472">
    <name>TP2386</name>
  </trkpt>
  <trkpt lat="55.15387" lon="25.77489">
    <name>TP2387</name>
  </trkpt>
  <trkpt lat="55.15393" lon="25.77598">
    <name>TP2388</name>
  </trkpt>
  <trkpt lat="55.15394" lon="25.77621">
    <name>TP2389</name>
  </trkpt>
  <trkpt lat="55.15395" lon="25.77629">
    <name>TP2390</name>
  </trkpt>
  <trkpt lat="55.15398" lon="25.7768">
    <name>TP2391</name>
  </trkpt>
  <trkpt lat="55.15403" lon="25.77733">
    <name>TP2392</name>
  </trkpt>
  <trkpt lat="55.1541" lon="25.7778">
    <name>TP2393</name>
  </trkpt>
  <trkpt lat="55.15414" lon="25.77808">
    <name>TP2394</name>
  </trkpt>
  <trkpt lat="55.15416" lon="25.77836">
    <name>TP2395</name>
  </trkpt>
  <trkpt lat="55.15416" lon="25.77846">
    <name>TP2396</name>
  </trkpt>
  <trkpt lat="55.15417" lon="25.7787">
    <name>TP2397</name>
  </trkpt>
  <trkpt lat="55.15416" lon="25.77901">
    <name>TP2398</name>
  </trkpt>
  <trkpt lat="55.15415" lon="25.77908">
    <name>TP2399</name>
  </trkpt>
  <trkpt lat="55.15414" lon="25.77927">
    <name>TP2400</name>
  </trkpt>
  <trkpt lat="55.15408" lon="25.77967">
    <name>TP2401</name>
  </trkpt>
  <trkpt lat="55.15399" lon="25.78008">
    <name>TP2402</name>
  </trkpt>
  <trkpt lat="55.15392" lon="25.78042">
    <name>TP2403</name>
  </trkpt>
  <trkpt lat="55.15385" lon="25.78073">
    <name>TP2404</name>
  </trkpt>
  <trkpt lat="55.15379" lon="25.78106">
    <name>TP2405</name>
  </trkpt>
  <trkpt lat="55.15377" lon="25.78136">
    <name>TP2406</name>
  </trkpt>
  <trkpt lat="55.15376" lon="25.78151">
    <name>TP2407</name>
  </trkpt>
  <trkpt lat="55.1537" lon="25.78244">
    <name>TP2408</name>
  </trkpt>
  <trkpt lat="55.15362" lon="25.7837">
    <name>TP2409</name>
  </trkpt>
  <trkpt lat="55.1536" lon="25.78408">
    <name>TP2410</name>
  </trkpt>
  <trkpt lat="55.15362" lon="25.78432">
    <name>TP2411</name>
  </trkpt>
  <trkpt lat="55.15363" lon="25.78453">
    <name>TP2412</name>
  </trkpt>
  <trkpt lat="55.15366" lon="25.78463">
    <name>TP2413</name>
  </trkpt>
  <trkpt lat="55.15376" lon="25.78508">
    <name>TP2414</name>
  </trkpt>
  <trkpt lat="55.15393" lon="25.78556">
    <name>TP2415</name>
  </trkpt>
  <trkpt lat="55.154" lon="25.78579">
    <name>TP2416</name>
  </trkpt>
  <trkpt lat="55.15407" lon="25.78602">
    <name>TP2417</name>
  </trkpt>
  <trkpt lat="55.15416" lon="25.78629">
    <name>TP2418</name>
  </trkpt>
  <trkpt lat="55.15425" lon="25.78656">
    <name>TP2419</name>
  </trkpt>
  <trkpt lat="55.15438" lon="25.78694">
    <name>TP2420</name>
  </trkpt>
  <trkpt lat="55.15444" lon="25.7871">
    <name>TP2421</name>
  </trkpt>
  <trkpt lat="55.1546" lon="25.78753">
    <name>TP2422</name>
  </trkpt>
  <trkpt lat="55.15463" lon="25.78763">
    <name>TP2423</name>
  </trkpt>
  <trkpt lat="55.15472" lon="25.78791">
    <name>TP2424</name>
  </trkpt>
  <trkpt lat="55.1548" lon="25.78819">
    <name>TP2425</name>
  </trkpt>
  <trkpt lat="55.15489" lon="25.78847">
    <name>TP2426</name>
  </trkpt>
  <trkpt lat="55.15495" lon="25.78866">
    <name>TP2427</name>
  </trkpt>
  <trkpt lat="55.15504" lon="25.78904">
    <name>TP2428</name>
  </trkpt>
  <trkpt lat="55.15506" lon="25.78914">
    <name>TP2429</name>
  </trkpt>
  <trkpt lat="55.15507" lon="25.78916">
    <name>TP2430</name>
  </trkpt>
  <trkpt lat="55.15509" lon="25.78933">
    <name>TP2431</name>
  </trkpt>
  <trkpt lat="55.15513" lon="25.78973">
    <name>TP2432</name>
  </trkpt>
  <trkpt lat="55.15514" lon="25.78996">
    <name>TP2433</name>
  </trkpt>
  <trkpt lat="55.15514" lon="25.79017">
    <name>TP2434</name>
  </trkpt>
  <trkpt lat="55.15513" lon="25.79095">
    <name>TP2435</name>
  </trkpt>
  <trkpt lat="55.15511" lon="25.79119">
    <name>TP2436</name>
  </trkpt>
  <trkpt lat="55.15503" lon="25.79191">
    <name>TP2437</name>
  </trkpt>
  <trkpt lat="55.15501" lon="25.79219">
    <name>TP2438</name>
  </trkpt>
  <trkpt lat="55.15498" lon="25.7925">
    <name>TP2439</name>
  </trkpt>
  <trkpt lat="55.15497" lon="25.79253">
    <name>TP2440</name>
  </trkpt>
  <trkpt lat="55.15498" lon="25.79281">
    <name>TP2441</name>
  </trkpt>
  <trkpt lat="55.15498" lon="25.79327">
    <name>TP2442</name>
  </trkpt>
  <trkpt lat="55.15505" lon="25.79406">
    <name>TP2443</name>
  </trkpt>
  <trkpt lat="55.15508" lon="25.79435">
    <name>TP2444</name>
  </trkpt>
  <trkpt lat="55.15508" lon="25.79437">
    <name>TP2445</name>
  </trkpt>
  <trkpt lat="55.15513" lon="25.79468">
    <name>TP2446</name>
  </trkpt>
  <trkpt lat="55.15518" lon="25.79498">
    <name>TP2447</name>
  </trkpt>
  <trkpt lat="55.15522" lon="25.79528">
    <name>TP2448</name>
  </trkpt>
  <trkpt lat="55.15523" lon="25.79535">
    <name>TP2449</name>
  </trkpt>
  <trkpt lat="55.15526" lon="25.79559">
    <name>TP2450</name>
  </trkpt>
  <trkpt lat="55.15533" lon="25.79621">
    <name>TP2451</name>
  </trkpt>
  <trkpt lat="55.15536" lon="25.79648">
    <name>TP2452</name>
  </trkpt>
  <trkpt lat="55.15551" lon="25.7971">
    <name>TP2453</name>
  </trkpt>
  <trkpt lat="55.15557" lon="25.79739">
    <name>TP2454</name>
  </trkpt>
  <trkpt lat="55.15561" lon="25.79754">
    <name>TP2455</name>
  </trkpt>
  <trkpt lat="55.15574" lon="25.79795">
    <name>TP2456</name>
  </trkpt>
  <trkpt lat="55.15582" lon="25.79823">
    <name>TP2457</name>
  </trkpt>
  <trkpt lat="55.1559" lon="25.7985">
    <name>TP2458</name>
  </trkpt>
  <trkpt lat="55.15591" lon="25.7985">
    <name>TP2459</name>
  </trkpt>
  <trkpt lat="55.15599" lon="25.79878">
    <name>TP2460</name>
  </trkpt>
  <trkpt lat="55.15608" lon="25.79905">
    <name>TP2461</name>
  </trkpt>
  <trkpt lat="55.15617" lon="25.79933">
    <name>TP2462</name>
  </trkpt>
  <trkpt lat="55.15626" lon="25.7996">
    <name>TP2463</name>
  </trkpt>
  <trkpt lat="55.15635" lon="25.79988">
    <name>TP2464</name>
  </trkpt>
  <trkpt lat="55.15653" lon="25.80042">
    <name>TP2465</name>
  </trkpt>
  <trkpt lat="55.15656" lon="25.80052">
    <name>TP2466</name>
  </trkpt>
  <trkpt lat="55.15661" lon="25.8007">
    <name>TP2467</name>
  </trkpt>
  <trkpt lat="55.15684" lon="25.80156">
    <name>TP2468</name>
  </trkpt>
  <trkpt lat="55.1569" lon="25.80177">
    <name>TP2469</name>
  </trkpt>
  <trkpt lat="55.15691" lon="25.80184">
    <name>TP2470</name>
  </trkpt>
  <trkpt lat="55.15697" lon="25.80214">
    <name>TP2471</name>
  </trkpt>
  <trkpt lat="55.15703" lon="25.80244">
    <name>TP2472</name>
  </trkpt>
  <trkpt lat="55.15712" lon="25.80289">
    <name>TP2473</name>
  </trkpt>
  <trkpt lat="55.15722" lon="25.80341">
    <name>TP2474</name>
  </trkpt>
  <trkpt lat="55.15727" lon="25.80363">
    <name>TP2475</name>
  </trkpt>
  <trkpt lat="55.15733" lon="25.80392">
    <name>TP2476</name>
  </trkpt>
  <trkpt lat="55.15734" lon="25.80396">
    <name>TP2477</name>
  </trkpt>
  <trkpt lat="55.15749" lon="25.80443">
    <name>TP2478</name>
  </trkpt>
  <trkpt lat="55.15759" lon="25.80475">
    <name>TP2479</name>
  </trkpt>
  <trkpt lat="55.15762" lon="25.80485">
    <name>TP2480</name>
  </trkpt>
  <trkpt lat="55.15778" lon="25.80528">
    <name>TP2481</name>
  </trkpt>
  <trkpt lat="55.15781" lon="25.80536">
    <name>TP2482</name>
  </trkpt>
  <trkpt lat="55.15788" lon="25.80554">
    <name>TP2483</name>
  </trkpt>
  <trkpt lat="55.15817" lon="25.80623">
    <name>TP2484</name>
  </trkpt>
  <trkpt lat="55.1582" lon="25.80631">
    <name>TP2485</name>
  </trkpt>
  <trkpt lat="55.15831" lon="25.80656">
    <name>TP2486</name>
  </trkpt>
  <trkpt lat="55.15841" lon="25.80681">
    <name>TP2487</name>
  </trkpt>
  <trkpt lat="55.15856" lon="25.80715">
    <name>TP2488</name>
  </trkpt>
  <trkpt lat="55.15895" lon="25.80808">
    <name>TP2489</name>
  </trkpt>
  <trkpt lat="55.15938" lon="25.80911">
    <name>TP2490</name>
  </trkpt>
  <trkpt lat="55.15966" lon="25.80989">
    <name>TP2491</name>
  </trkpt>
  <trkpt lat="55.15986" lon="25.81043">
    <name>TP2492</name>
  </trkpt>
  <trkpt lat="55.16017" lon="25.8112">
    <name>TP2493</name>
  </trkpt>
  <trkpt lat="55.16029" lon="25.81152">
    <name>TP2494</name>
  </trkpt>
  <trkpt lat="55.16036" lon="25.81172">
    <name>TP2495</name>
  </trkpt>
  <trkpt lat="55.16046" lon="25.81199">
    <name>TP2496</name>
  </trkpt>
  <trkpt lat="55.16101" lon="25.81362">
    <name>TP2497</name>
  </trkpt>
  <trkpt lat="55.16119" lon="25.81416">
    <name>TP2498</name>
  </trkpt>
  <trkpt lat="55.16128" lon="25.81443">
    <name>TP2499</name>
  </trkpt>
  <trkpt lat="55.16137" lon="25.8147">
    <name>TP2500</name>
  </trkpt>
  <trkpt lat="55.16146" lon="25.81497">
    <name>TP2501</name>
  </trkpt>
  <trkpt lat="55.16152" lon="25.81515">
    <name>TP2502</name>
  </trkpt>
  <trkpt lat="55.16178" lon="25.81611">
    <name>TP2503</name>
  </trkpt>
  <trkpt lat="55.16181" lon="25.81625">
    <name>TP2504</name>
  </trkpt>
  <trkpt lat="55.16194" lon="25.817">
    <name>TP2505</name>
  </trkpt>
  <trkpt lat="55.162" lon="25.81734">
    <name>TP2506</name>
  </trkpt>
  <trkpt lat="55.16204" lon="25.81776">
    <name>TP2507</name>
  </trkpt>
  <trkpt lat="55.16205" lon="25.81793">
    <name>TP2508</name>
  </trkpt>
  <trkpt lat="55.16205" lon="25.81811">
    <name>TP2509</name>
  </trkpt>
  <trkpt lat="55.16206" lon="25.81837">
    <name>TP2510</name>
  </trkpt>
  <trkpt lat="55.16204" lon="25.81887">
    <name>TP2511</name>
  </trkpt>
  <trkpt lat="55.16204" lon="25.81894">
    <name>TP2512</name>
  </trkpt>
  <trkpt lat="55.16203" lon="25.81918">
    <name>TP2513</name>
  </trkpt>
  <trkpt lat="55.16202" lon="25.8195">
    <name>TP2514</name>
  </trkpt>
  <trkpt lat="55.16202" lon="25.81966">
    <name>TP2515</name>
  </trkpt>
  <trkpt lat="55.16202" lon="25.81981">
    <name>TP2516</name>
  </trkpt>
  <trkpt lat="55.162" lon="25.82031">
    <name>TP2517</name>
  </trkpt>
  <trkpt lat="55.16198" lon="25.82107">
    <name>TP2518</name>
  </trkpt>
  <trkpt lat="55.16197" lon="25.82132">
    <name>TP2519</name>
  </trkpt>
  <trkpt lat="55.16195" lon="25.82201">
    <name>TP2520</name>
  </trkpt>
  <trkpt lat="55.16193" lon="25.82264">
    <name>TP2521</name>
  </trkpt>
  <trkpt lat="55.16193" lon="25.82271">
    <name>TP2522</name>
  </trkpt>
  <trkpt lat="55.16192" lon="25.82296">
    <name>TP2523</name>
  </trkpt>
  <trkpt lat="55.16192" lon="25.82359">
    <name>TP2524</name>
  </trkpt>
  <trkpt lat="55.16191" lon="25.82438">
    <name>TP2525</name>
  </trkpt>
  <trkpt lat="55.16194" lon="25.82484">
    <name>TP2526</name>
  </trkpt>
  <trkpt lat="55.16196" lon="25.82517">
    <name>TP2527</name>
  </trkpt>
  <trkpt lat="55.162" lon="25.82546">
    <name>TP2528</name>
  </trkpt>
  <trkpt lat="55.16207" lon="25.82603">
    <name>TP2529</name>
  </trkpt>
  <trkpt lat="55.16219" lon="25.82665">
    <name>TP2530</name>
  </trkpt>
  <trkpt lat="55.1623" lon="25.82694">
    <name>TP2531</name>
  </trkpt>
  <trkpt lat="55.16238" lon="25.8272">
    <name>TP2532</name>
  </trkpt>
  <trkpt lat="55.16251" lon="25.82744">
    <name>TP2533</name>
  </trkpt>
  <trkpt lat="55.16263" lon="25.82768">
    <name>TP2534</name>
  </trkpt>
  <trkpt lat="55.16267" lon="25.82776">
    <name>TP2535</name>
  </trkpt>
  <trkpt lat="55.16312" lon="25.82828">
    <name>TP2536</name>
  </trkpt>
  <trkpt lat="55.16322" lon="25.82839">
    <name>TP2537</name>
  </trkpt>
  <trkpt lat="55.16353" lon="25.82872">
    <name>TP2538</name>
  </trkpt>
  <trkpt lat="55.16399" lon="25.82924">
    <name>TP2539</name>
  </trkpt>
  <trkpt lat="55.16427" lon="25.82959">
    <name>TP2540</name>
  </trkpt>
  <trkpt lat="55.16442" lon="25.82978">
    <name>TP2541</name>
  </trkpt>
  <trkpt lat="55.1646" lon="25.83001">
    <name>TP2542</name>
  </trkpt>
  <trkpt lat="55.16493" lon="25.83043">
    <name>TP2543</name>
  </trkpt>
  <trkpt lat="55.16499" lon="25.83054">
    <name>TP2544</name>
  </trkpt>
  <trkpt lat="55.16513" lon="25.83074">
    <name>TP2545</name>
  </trkpt>
  <trkpt lat="55.16513" lon="25.83075">
    <name>TP2546</name>
  </trkpt>
  <trkpt lat="55.16529" lon="25.83118">
    <name>TP2547</name>
  </trkpt>
  <trkpt lat="55.16532" lon="25.83128">
    <name>TP2548</name>
  </trkpt>
  <trkpt lat="55.16543" lon="25.83171">
    <name>TP2549</name>
  </trkpt>
  <trkpt lat="55.16559" lon="25.83237">
    <name>TP2550</name>
  </trkpt>
  <trkpt lat="55.16565" lon="25.83274">
    <name>TP2551</name>
  </trkpt>
  <trkpt lat="55.16571" lon="25.83304">
    <name>TP2552</name>
  </trkpt>
  <trkpt lat="55.16571" lon="25.83306">
    <name>TP2553</name>
  </trkpt>
  <trkpt lat="55.1658" lon="25.83331">
    <name>TP2554</name>
  </trkpt>
  <trkpt lat="55.16589" lon="25.83358">
    <name>TP2555</name>
  </trkpt>
  <trkpt lat="55.16596" lon="25.8338">
    <name>TP2556</name>
  </trkpt>
  <trkpt lat="55.16608" lon="25.83412">
    <name>TP2557</name>
  </trkpt>
  <trkpt lat="55.16618" lon="25.83438">
    <name>TP2558</name>
  </trkpt>
  <trkpt lat="55.16634" lon="25.83483">
    <name>TP2559</name>
  </trkpt>
  <trkpt lat="55.16649" lon="25.83518">
    <name>TP2560</name>
  </trkpt>
  <trkpt lat="55.1664929" lon="25.8351842">
    <name>TP2561</name>
  </trkpt>
  <trkpt lat="55.1665" lon="25.8356">
    <name>TP2562</name>
  </trkpt>
  <trkpt lat="55.16651" lon="25.83588">
    <name>TP2563</name>
  </trkpt>
  <trkpt lat="55.16651" lon="25.83591">
    <name>TP2564</name>
  </trkpt>
  <trkpt lat="55.16652" lon="25.83623">
    <name>TP2565</name>
  </trkpt>
  <trkpt lat="55.16652" lon="25.83629">
    <name>TP2566</name>
  </trkpt>
  <trkpt lat="55.16653" lon="25.83654">
    <name>TP2567</name>
  </trkpt>
  <trkpt lat="55.16653" lon="25.83672">
    <name>TP2568</name>
  </trkpt>
  <trkpt lat="55.16653" lon="25.8369">
    <name>TP2569</name>
  </trkpt>
  <trkpt lat="55.16654" lon="25.83703">
    <name>TP2570</name>
  </trkpt>
  <trkpt lat="55.16656" lon="25.83715">
    <name>TP2571</name>
  </trkpt>
  <trkpt lat="55.16659" lon="25.83727">
    <name>TP2572</name>
  </trkpt>
  <trkpt lat="55.16665" lon="25.83744">
    <name>TP2573</name>
  </trkpt>
  <trkpt lat="55.16668" lon="25.83754">
    <name>TP2574</name>
  </trkpt>
  <trkpt lat="55.16674" lon="25.8377">
    <name>TP2575</name>
  </trkpt>
  <trkpt lat="55.16683" lon="25.83792">
    <name>TP2576</name>
  </trkpt>
  <trkpt lat="55.16696" lon="25.83828">
    <name>TP2577</name>
  </trkpt>
  <trkpt lat="55.16707" lon="25.83857">
    <name>TP2578</name>
  </trkpt>
  <trkpt lat="55.16717" lon="25.83878">
    <name>TP2579</name>
  </trkpt>
  <trkpt lat="55.167166" lon="25.8387792">
    <name>TP2580</name>
  </trkpt>
  <trkpt lat="55.16709" lon="25.83891">
    <name>TP2581</name>
  </trkpt>
  <trkpt lat="55.16693" lon="25.83925">
    <name>TP2582</name>
  </trkpt>
  <trkpt lat="55.16685" lon="25.83943">
    <name>TP2583</name>
  </trkpt>
  <trkpt lat="55.16657" lon="25.83991">
    <name>TP2584</name>
  </trkpt>
  <trkpt lat="55.1665717" lon="25.8399107">
    <name>TP2585</name>
  </trkpt>
  <trkpt lat="55.16644" lon="25.84046">
    <name>TP2586</name>
  </trkpt>
  <trkpt lat="55.16641" lon="25.84057">
    <name>TP2587</name>
  </trkpt>
  <trkpt lat="55.16625" lon="25.8412">
    <name>TP2588</name>
  </trkpt>
  <trkpt lat="55.16618" lon="25.84149">
    <name>TP2589</name>
  </trkpt>
  <trkpt lat="55.16616" lon="25.84155">
    <name>TP2590</name>
  </trkpt>
  <trkpt lat="55.16598" lon="25.84237">
    <name>TP2591</name>
  </trkpt>
  <trkpt lat="55.16597" lon="25.84241">
    <name>TP2592</name>
  </trkpt>
  <trkpt lat="55.1658" lon="25.84305">
    <name>TP2593</name>
  </trkpt>
  <trkpt lat="55.16578" lon="25.84315">
    <name>TP2594</name>
  </trkpt>
  <trkpt lat="55.16572" lon="25.8434">
    <name>TP2595</name>
  </trkpt>
  <trkpt lat="55.16572" lon="25.84344">
    <name>TP2596</name>
  </trkpt>
  <trkpt lat="55.16567" lon="25.8439">
    <name>TP2597</name>
  </trkpt>
  <trkpt lat="55.16567" lon="25.84407">
    <name>TP2598</name>
  </trkpt>
  <trkpt lat="55.16567" lon="25.84422">
    <name>TP2599</name>
  </trkpt>
  <trkpt lat="55.16572" lon="25.84473">
    <name>TP2600</name>
  </trkpt>
  <trkpt lat="55.16579" lon="25.8451">
    <name>TP2601</name>
  </trkpt>
  <trkpt lat="55.16583" lon="25.84528">
    <name>TP2602</name>
  </trkpt>
  <trkpt lat="55.16593" lon="25.84568">
    <name>TP2603</name>
  </trkpt>
  <trkpt lat="55.16603" lon="25.8461">
    <name>TP2604</name>
  </trkpt>
  <trkpt lat="55.16605" lon="25.84619">
    <name>TP2605</name>
  </trkpt>
  <trkpt lat="55.16617" lon="25.84668">
    <name>TP2606</name>
  </trkpt>
  <trkpt lat="55.16624" lon="25.84695">
    <name>TP2607</name>
  </trkpt>
  <trkpt lat="55.16632" lon="25.84725">
    <name>TP2608</name>
  </trkpt>
  <trkpt lat="55.16643" lon="25.84764">
    <name>TP2609</name>
  </trkpt>
  <trkpt lat="55.16648" lon="25.84784">
    <name>TP2610</name>
  </trkpt>
  <trkpt lat="55.1665" lon="25.84794">
    <name>TP2611</name>
  </trkpt>
  <trkpt lat="55.16652" lon="25.84807">
    <name>TP2612</name>
  </trkpt>
  <trkpt lat="55.16653" lon="25.84825">
    <name>TP2613</name>
  </trkpt>
  <trkpt lat="55.16653" lon="25.84834">
    <name>TP2614</name>
  </trkpt>
  <trkpt lat="55.16651" lon="25.84857">
    <name>TP2615</name>
  </trkpt>
  <trkpt lat="55.16648" lon="25.84898">
    <name>TP2616</name>
  </trkpt>
  <trkpt lat="55.16645" lon="25.84919">
    <name>TP2617</name>
  </trkpt>
  <trkpt lat="55.1664" lon="25.84956">
    <name>TP2618</name>
  </trkpt>
  <trkpt lat="55.16635" lon="25.85003">
    <name>TP2619</name>
  </trkpt>
  <trkpt lat="55.16631" lon="25.85042">
    <name>TP2620</name>
  </trkpt>
  <trkpt lat="55.16629" lon="25.8507">
    <name>TP2621</name>
  </trkpt>
  <trkpt lat="55.16629" lon="25.85073">
    <name>TP2622</name>
  </trkpt>
  <trkpt lat="55.16629" lon="25.85105">
    <name>TP2623</name>
  </trkpt>
  <trkpt lat="55.16628" lon="25.85123">
    <name>TP2624</name>
  </trkpt>
  <trkpt lat="55.16631" lon="25.85167">
    <name>TP2625</name>
  </trkpt>
  <trkpt lat="55.16632" lon="25.85199">
    <name>TP2626</name>
  </trkpt>
  <trkpt lat="55.16633" lon="25.85214">
    <name>TP2627</name>
  </trkpt>
  <trkpt lat="55.16647" lon="25.85314">
    <name>TP2628</name>
  </trkpt>
  <trkpt lat="55.16648" lon="25.85321">
    <name>TP2629</name>
  </trkpt>
  <trkpt lat="55.16658" lon="25.85382">
    <name>TP2630</name>
  </trkpt>
  <trkpt lat="55.1666" lon="25.85393">
    <name>TP2631</name>
  </trkpt>
  <trkpt lat="55.16666" lon="25.85441">
    <name>TP2632</name>
  </trkpt>
  <trkpt lat="55.16666" lon="25.85444">
    <name>TP2633</name>
  </trkpt>
  <trkpt lat="55.16668" lon="25.85487">
    <name>TP2634</name>
  </trkpt>
  <trkpt lat="55.16666" lon="25.85506">
    <name>TP2635</name>
  </trkpt>
  <trkpt lat="55.16665" lon="25.85523">
    <name>TP2636</name>
  </trkpt>
  <trkpt lat="55.16663" lon="25.85537">
    <name>TP2637</name>
  </trkpt>
  <trkpt lat="55.16659" lon="25.85568">
    <name>TP2638</name>
  </trkpt>
  <trkpt lat="55.16657" lon="25.85585">
    <name>TP2639</name>
  </trkpt>
  <trkpt lat="55.16656" lon="25.85599">
    <name>TP2640</name>
  </trkpt>
  <trkpt lat="55.16654" lon="25.85624">
    <name>TP2641</name>
  </trkpt>
  <trkpt lat="55.16652" lon="25.85661">
    <name>TP2642</name>
  </trkpt>
  <trkpt lat="55.16649" lon="25.85708">
    <name>TP2643</name>
  </trkpt>
  <trkpt lat="55.16641" lon="25.85753">
    <name>TP2644</name>
  </trkpt>
  <trkpt lat="55.16636" lon="25.85783">
    <name>TP2645</name>
  </trkpt>
  <trkpt lat="55.16635" lon="25.85784">
    <name>TP2646</name>
  </trkpt>
  <trkpt lat="55.16633" lon="25.85798">
    <name>TP2647</name>
  </trkpt>
  <trkpt lat="55.1663" lon="25.85819">
    <name>TP2648</name>
  </trkpt>
  <trkpt lat="55.16627" lon="25.85845">
    <name>TP2649</name>
  </trkpt>
  <trkpt lat="55.16624" lon="25.85908">
    <name>TP2650</name>
  </trkpt>
  <trkpt lat="55.16624" lon="25.8592">
    <name>TP2651</name>
  </trkpt>
  <trkpt lat="55.16622" lon="25.85965">
    <name>TP2652</name>
  </trkpt>
  <trkpt lat="55.1662" lon="25.85996">
    <name>TP2653</name>
  </trkpt>
  <trkpt lat="55.1662" lon="25.86002">
    <name>TP2654</name>
  </trkpt>
  <trkpt lat="55.16618" lon="25.86033">
    <name>TP2655</name>
  </trkpt>
  <trkpt lat="55.16618" lon="25.86053">
    <name>TP2656</name>
  </trkpt>
  <trkpt lat="55.16619" lon="25.86096">
    <name>TP2657</name>
  </trkpt>
  <trkpt lat="55.1662" lon="25.8613">
    <name>TP2658</name>
  </trkpt>
  <trkpt lat="55.16622" lon="25.86159">
    <name>TP2659</name>
  </trkpt>
  <trkpt lat="55.16623" lon="25.86176">
    <name>TP2660</name>
  </trkpt>
  <trkpt lat="55.16633" lon="25.86218">
    <name>TP2661</name>
  </trkpt>
  <trkpt lat="55.16634" lon="25.86226">
    <name>TP2662</name>
  </trkpt>
  <trkpt lat="55.16645" lon="25.86278">
    <name>TP2663</name>
  </trkpt>
  <trkpt lat="55.16651" lon="25.86305">
    <name>TP2664</name>
  </trkpt>
  <trkpt lat="55.16659" lon="25.86336">
    <name>TP2665</name>
  </trkpt>
  <trkpt lat="55.16673" lon="25.86394">
    <name>TP2666</name>
  </trkpt>
  <trkpt lat="55.1668" lon="25.86423">
    <name>TP2667</name>
  </trkpt>
  <trkpt lat="55.16682" lon="25.86431">
    <name>TP2668</name>
  </trkpt>
  <trkpt lat="55.16712" lon="25.86533">
    <name>TP2669</name>
  </trkpt>
  <trkpt lat="55.16713" lon="25.86535">
    <name>TP2670</name>
  </trkpt>
  <trkpt lat="55.16722" lon="25.86562">
    <name>TP2671</name>
  </trkpt>
  <trkpt lat="55.16732" lon="25.86588">
    <name>TP2672</name>
  </trkpt>
  <trkpt lat="55.16751" lon="25.86642">
    <name>TP2673</name>
  </trkpt>
  <trkpt lat="55.16754" lon="25.8665">
    <name>TP2674</name>
  </trkpt>
  <trkpt lat="55.16769" lon="25.86696">
    <name>TP2675</name>
  </trkpt>
  <trkpt lat="55.16778" lon="25.86723">
    <name>TP2676</name>
  </trkpt>
  <trkpt lat="55.16787" lon="25.86751">
    <name>TP2677</name>
  </trkpt>
  <trkpt lat="55.16798" lon="25.86784">
    <name>TP2678</name>
  </trkpt>
  <trkpt lat="55.16805" lon="25.86805">
    <name>TP2679</name>
  </trkpt>
  <trkpt lat="55.16814" lon="25.86832">
    <name>TP2680</name>
  </trkpt>
  <trkpt lat="55.16823" lon="25.86859">
    <name>TP2681</name>
  </trkpt>
  <trkpt lat="55.16832" lon="25.86886">
    <name>TP2682</name>
  </trkpt>
  <trkpt lat="55.16832" lon="25.86887">
    <name>TP2683</name>
  </trkpt>
  <trkpt lat="55.16842" lon="25.86913">
    <name>TP2684</name>
  </trkpt>
  <trkpt lat="55.16852" lon="25.86939">
    <name>TP2685</name>
  </trkpt>
  <trkpt lat="55.1687" lon="25.86985">
    <name>TP2686</name>
  </trkpt>
  <trkpt lat="55.16884" lon="25.87016">
    <name>TP2687</name>
  </trkpt>
  <trkpt lat="55.16906" lon="25.87065">
    <name>TP2688</name>
  </trkpt>
  <trkpt lat="55.16915" lon="25.87086">
    <name>TP2689</name>
  </trkpt>
  <trkpt lat="55.16917" lon="25.8709">
    <name>TP2690</name>
  </trkpt>
  <trkpt lat="55.16953" lon="25.8717">
    <name>TP2691</name>
  </trkpt>
  <trkpt lat="55.16962" lon="25.87188">
    <name>TP2692</name>
  </trkpt>
  <trkpt lat="55.16986" lon="25.87236">
    <name>TP2693</name>
  </trkpt>
  <trkpt lat="55.17009" lon="25.87283">
    <name>TP2694</name>
  </trkpt>
  <trkpt lat="55.17036" lon="25.87336">
    <name>TP2695</name>
  </trkpt>
  <trkpt lat="55.17045" lon="25.87354">
    <name>TP2696</name>
  </trkpt>
  <trkpt lat="55.17058" lon="25.87377">
    <name>TP2697</name>
  </trkpt>
  <trkpt lat="55.1707" lon="25.87399">
    <name>TP2698</name>
  </trkpt>
  <trkpt lat="55.17097" lon="25.8745">
    <name>TP2699</name>
  </trkpt>
  <trkpt lat="55.17136" lon="25.87506">
    <name>TP2700</name>
  </trkpt>
  <trkpt lat="55.17177" lon="25.87567">
    <name>TP2701</name>
  </trkpt>
  <trkpt lat="55.17191" lon="25.87587">
    <name>TP2702</name>
  </trkpt>
  <trkpt lat="55.17195" lon="25.87593">
    <name>TP2703</name>
  </trkpt>
  <trkpt lat="55.17219" lon="25.87627">
    <name>TP2704</name>
  </trkpt>
  <trkpt lat="55.17232" lon="25.87648">
    <name>TP2705</name>
  </trkpt>
  <trkpt lat="55.17274" lon="25.87708">
    <name>TP2706</name>
  </trkpt>
  <trkpt lat="55.17315" lon="25.87769">
    <name>TP2707</name>
  </trkpt>
  <trkpt lat="55.17353" lon="25.87824">
    <name>TP2708</name>
  </trkpt>
  <trkpt lat="55.17369" lon="25.87852">
    <name>TP2709</name>
  </trkpt>
  <trkpt lat="55.17382" lon="25.87874">
    <name>TP2710</name>
  </trkpt>
  <trkpt lat="55.17395" lon="25.87896">
    <name>TP2711</name>
  </trkpt>
  <trkpt lat="55.17408" lon="25.87918">
    <name>TP2712</name>
  </trkpt>
  <trkpt lat="55.17422" lon="25.87942">
    <name>TP2713</name>
  </trkpt>
  <trkpt lat="55.17434" lon="25.87961">
    <name>TP2714</name>
  </trkpt>
  <trkpt lat="55.17448" lon="25.87981">
    <name>TP2715</name>
  </trkpt>
  <trkpt lat="55.17489" lon="25.88042">
    <name>TP2716</name>
  </trkpt>
  <trkpt lat="55.175" lon="25.88059">
    <name>TP2717</name>
  </trkpt>
  <trkpt lat="55.17503" lon="25.88063">
    <name>TP2718</name>
  </trkpt>
  <trkpt lat="55.17516" lon="25.88084">
    <name>TP2719</name>
  </trkpt>
  <trkpt lat="55.17538" lon="25.88119">
    <name>TP2720</name>
  </trkpt>
  <trkpt lat="55.17542" lon="25.88127">
    <name>TP2721</name>
  </trkpt>
  <trkpt lat="55.1755" lon="25.88145">
    <name>TP2722</name>
  </trkpt>
  <trkpt lat="55.17557" lon="25.88156">
    <name>TP2723</name>
  </trkpt>
  <trkpt lat="55.17568" lon="25.88171">
    <name>TP2724</name>
  </trkpt>
  <trkpt lat="55.17572" lon="25.88177">
    <name>TP2725</name>
  </trkpt>
  <trkpt lat="55.17603" lon="25.88208">
    <name>TP2726</name>
  </trkpt>
  <trkpt lat="55.17614" lon="25.88219">
    <name>TP2727</name>
  </trkpt>
  <trkpt lat="55.1763" lon="25.88235">
    <name>TP2728</name>
  </trkpt>
  <trkpt lat="55.17632" lon="25.88237">
    <name>TP2729</name>
  </trkpt>
  <trkpt lat="55.17645" lon="25.88252">
    <name>TP2730</name>
  </trkpt>
  <trkpt lat="55.17674" lon="25.88288">
    <name>TP2731</name>
  </trkpt>
  <trkpt lat="55.17733" lon="25.8836">
    <name>TP2732</name>
  </trkpt>
  <trkpt lat="55.17816" lon="25.88435">
    <name>TP2733</name>
  </trkpt>
  <trkpt lat="55.17844" lon="25.88461">
    <name>TP2734</name>
  </trkpt>
  <trkpt lat="55.1786" lon="25.88475">
    <name>TP2735</name>
  </trkpt>
  <trkpt lat="55.17892" lon="25.88505">
    <name>TP2736</name>
  </trkpt>
  <trkpt lat="55.1793" lon="25.88541">
    <name>TP2737</name>
  </trkpt>
  <trkpt lat="55.17955" lon="25.88565">
    <name>TP2738</name>
  </trkpt>
  <trkpt lat="55.17971" lon="25.8858">
    <name>TP2739</name>
  </trkpt>
  <trkpt lat="55.18018" lon="25.88625">
    <name>TP2740</name>
  </trkpt>
  <trkpt lat="55.18107" lon="25.88711">
    <name>TP2741</name>
  </trkpt>
  <trkpt lat="55.18158" lon="25.88765">
    <name>TP2742</name>
  </trkpt>
  <trkpt lat="55.18159" lon="25.88766">
    <name>TP2743</name>
  </trkpt>
  <trkpt lat="55.18197" lon="25.88813">
    <name>TP2744</name>
  </trkpt>
  <trkpt lat="55.18232" lon="25.88857">
    <name>TP2745</name>
  </trkpt>
  <trkpt lat="55.18277" lon="25.88909">
    <name>TP2746</name>
  </trkpt>
  <trkpt lat="55.18285" lon="25.88919">
    <name>TP2747</name>
  </trkpt>
  <trkpt lat="55.18307" lon="25.88944">
    <name>TP2748</name>
  </trkpt>
  <trkpt lat="55.18322" lon="25.88962">
    <name>TP2749</name>
  </trkpt>
  <trkpt lat="55.18369" lon="25.89017">
    <name>TP2750</name>
  </trkpt>
  <trkpt lat="55.18382" lon="25.89031">
    <name>TP2751</name>
  </trkpt>
  <trkpt lat="55.18413" lon="25.89064">
    <name>TP2752</name>
  </trkpt>
  <trkpt lat="55.18424" lon="25.89076">
    <name>TP2753</name>
  </trkpt>
  <trkpt lat="55.18428" lon="25.89081">
    <name>TP2754</name>
  </trkpt>
  <trkpt lat="55.18459" lon="25.89112">
    <name>TP2755</name>
  </trkpt>
  <trkpt lat="55.18473" lon="25.89132">
    <name>TP2756</name>
  </trkpt>
  <trkpt lat="55.18485" lon="25.89147">
    <name>TP2757</name>
  </trkpt>
  <trkpt lat="55.185" lon="25.89174">
    <name>TP2758</name>
  </trkpt>
  <trkpt lat="55.18512" lon="25.89197">
    <name>TP2759</name>
  </trkpt>
  <trkpt lat="55.18523" lon="25.89222">
    <name>TP2760</name>
  </trkpt>
  <trkpt lat="55.18534" lon="25.89248">
    <name>TP2761</name>
  </trkpt>
  <trkpt lat="55.18562" lon="25.8932">
    <name>TP2762</name>
  </trkpt>
  <trkpt lat="55.18569" lon="25.89347">
    <name>TP2763</name>
  </trkpt>
  <trkpt lat="55.18577" lon="25.89371">
    <name>TP2764</name>
  </trkpt>
  <trkpt lat="55.18582" lon="25.8938">
    <name>TP2765</name>
  </trkpt>
  <trkpt lat="55.18606" lon="25.89426">
    <name>TP2766</name>
  </trkpt>
  <trkpt lat="55.18609" lon="25.89432">
    <name>TP2767</name>
  </trkpt>
  <trkpt lat="55.18618" lon="25.89457">
    <name>TP2768</name>
  </trkpt>
  <trkpt lat="55.18653" lon="25.89519">
    <name>TP2769</name>
  </trkpt>
  <trkpt lat="55.18703" lon="25.89596">
    <name>TP2770</name>
  </trkpt>
  <trkpt lat="55.18721" lon="25.89625">
    <name>TP2771</name>
  </trkpt>
  <trkpt lat="55.18746" lon="25.89663">
    <name>TP2772</name>
  </trkpt>
  <trkpt lat="55.18764" lon="25.89682">
    <name>TP2773</name>
  </trkpt>
  <trkpt lat="55.18779" lon="25.89699">
    <name>TP2774</name>
  </trkpt>
  <trkpt lat="55.18794" lon="25.89716">
    <name>TP2775</name>
  </trkpt>
  <trkpt lat="55.18803" lon="25.89727">
    <name>TP2776</name>
  </trkpt>
  <trkpt lat="55.18825" lon="25.89749">
    <name>TP2777</name>
  </trkpt>
  <trkpt lat="55.18853" lon="25.89779">
    <name>TP2778</name>
  </trkpt>
  <trkpt lat="55.18855" lon="25.89782">
    <name>TP2779</name>
  </trkpt>
  <trkpt lat="55.18885" lon="25.89817">
    <name>TP2780</name>
  </trkpt>
  <trkpt lat="55.18887" lon="25.8982">
    <name>TP2781</name>
  </trkpt>
  <trkpt lat="55.18901" lon="25.89836">
    <name>TP2782</name>
  </trkpt>
  <trkpt lat="55.18915" lon="25.89852">
    <name>TP2783</name>
  </trkpt>
  <trkpt lat="55.1894" lon="25.89884">
    <name>TP2784</name>
  </trkpt>
  <trkpt lat="55.18955" lon="25.89902">
    <name>TP2785</name>
  </trkpt>
  <trkpt lat="55.19013" lon="25.89976">
    <name>TP2786</name>
  </trkpt>
  <trkpt lat="55.19023" lon="25.89987">
    <name>TP2787</name>
  </trkpt>
  <trkpt lat="55.19043" lon="25.90011">
    <name>TP2788</name>
  </trkpt>
  <trkpt lat="55.191" lon="25.90074">
    <name>TP2789</name>
  </trkpt>
  <trkpt lat="55.19104" lon="25.90079">
    <name>TP2790</name>
  </trkpt>
  <trkpt lat="55.19134" lon="25.90114">
    <name>TP2791</name>
  </trkpt>
  <trkpt lat="55.19148" lon="25.90132">
    <name>TP2792</name>
  </trkpt>
  <trkpt lat="55.19178" lon="25.90168">
    <name>TP2793</name>
  </trkpt>
  <trkpt lat="55.192" lon="25.90195">
    <name>TP2794</name>
  </trkpt>
  <trkpt lat="55.19236" lon="25.90242">
    <name>TP2795</name>
  </trkpt>
  <trkpt lat="55.19258" lon="25.90271">
    <name>TP2796</name>
  </trkpt>
  <trkpt lat="55.19279" lon="25.90301">
    <name>TP2797</name>
  </trkpt>
  <trkpt lat="55.1928" lon="25.90303">
    <name>TP2798</name>
  </trkpt>
  <trkpt lat="55.19294" lon="25.90332">
    <name>TP2799</name>
  </trkpt>
  <trkpt lat="55.1932" lon="25.90403">
    <name>TP2800</name>
  </trkpt>
  <trkpt lat="55.19327" lon="25.90422">
    <name>TP2801</name>
  </trkpt>
  <trkpt lat="55.1936" lon="25.90508">
    <name>TP2802</name>
  </trkpt>
  <trkpt lat="55.19391" lon="25.90585">
    <name>TP2803</name>
  </trkpt>
  <trkpt lat="55.19412" lon="25.90637">
    <name>TP2804</name>
  </trkpt>
  <trkpt lat="55.19466" lon="25.90776">
    <name>TP2805</name>
  </trkpt>
  <trkpt lat="55.19473" lon="25.90793">
    <name>TP2806</name>
  </trkpt>
  <trkpt lat="55.19493" lon="25.90845">
    <name>TP2807</name>
  </trkpt>
  <trkpt lat="55.19513" lon="25.90898">
    <name>TP2808</name>
  </trkpt>
  <trkpt lat="55.19553" lon="25.91002">
    <name>TP2809</name>
  </trkpt>
  <trkpt lat="55.19559" lon="25.91018">
    <name>TP2810</name>
  </trkpt>
  <trkpt lat="55.19586" lon="25.91076">
    <name>TP2811</name>
  </trkpt>
  <trkpt lat="55.19598" lon="25.91101">
    <name>TP2812</name>
  </trkpt>
  <trkpt lat="55.19599" lon="25.91102">
    <name>TP2813</name>
  </trkpt>
  <trkpt lat="55.19609" lon="25.91125">
    <name>TP2814</name>
  </trkpt>
  <trkpt lat="55.1962" lon="25.9115">
    <name>TP2815</name>
  </trkpt>
  <trkpt lat="55.19625" lon="25.91161">
    <name>TP2816</name>
  </trkpt>
  <trkpt lat="55.19664" lon="25.91244">
    <name>TP2817</name>
  </trkpt>
  <trkpt lat="55.19666" lon="25.91247">
    <name>TP2818</name>
  </trkpt>
  <trkpt lat="55.19702" lon="25.91304">
    <name>TP2819</name>
  </trkpt>
  <trkpt lat="55.19706" lon="25.9131">
    <name>TP2820</name>
  </trkpt>
  <trkpt lat="55.19727" lon="25.91342">
    <name>TP2821</name>
  </trkpt>
  <trkpt lat="55.19732" lon="25.91354">
    <name>TP2822</name>
  </trkpt>
  <trkpt lat="55.19743" lon="25.91378">
    <name>TP2823</name>
  </trkpt>
  <trkpt lat="55.19754" lon="25.91401">
    <name>TP2824</name>
  </trkpt>
  <trkpt lat="55.19765" lon="25.91429">
    <name>TP2825</name>
  </trkpt>
  <trkpt lat="55.19777" lon="25.91461">
    <name>TP2826</name>
  </trkpt>
  <trkpt lat="55.19789" lon="25.91499">
    <name>TP2827</name>
  </trkpt>
  <trkpt lat="55.19799" lon="25.9153">
    <name>TP2828</name>
  </trkpt>
  <trkpt lat="55.19805" lon="25.91557">
    <name>TP2829</name>
  </trkpt>
  <trkpt lat="55.19806" lon="25.91568">
    <name>TP2830</name>
  </trkpt>
  <trkpt lat="55.19807" lon="25.91576">
    <name>TP2831</name>
  </trkpt>
  <trkpt lat="55.19808" lon="25.91595">
    <name>TP2832</name>
  </trkpt>
  <trkpt lat="55.19809" lon="25.91599">
    <name>TP2833</name>
  </trkpt>
  <trkpt lat="55.1981" lon="25.91616">
    <name>TP2834</name>
  </trkpt>
  <trkpt lat="55.19812" lon="25.91632">
    <name>TP2835</name>
  </trkpt>
  <trkpt lat="55.19818" lon="25.91652">
    <name>TP2836</name>
  </trkpt>
  <trkpt lat="55.19819" lon="25.91659">
    <name>TP2837</name>
  </trkpt>
  <trkpt lat="55.1983" lon="25.91699">
    <name>TP2838</name>
  </trkpt>
  <trkpt lat="55.19836" lon="25.91708">
    <name>TP2839</name>
  </trkpt>
  <trkpt lat="55.19838" lon="25.91711">
    <name>TP2840</name>
  </trkpt>
  <trkpt lat="55.19841" lon="25.91715">
    <name>TP2841</name>
  </trkpt>
  <trkpt lat="55.19845" lon="25.91718">
    <name>TP2842</name>
  </trkpt>
  <trkpt lat="55.19849" lon="25.9172">
    <name>TP2843</name>
  </trkpt>
  <trkpt lat="55.19854" lon="25.9172">
    <name>TP2844</name>
  </trkpt>
  <trkpt lat="55.19855" lon="25.9172">
    <name>TP2845</name>
  </trkpt>
  <trkpt lat="55.19864" lon="25.91715">
    <name>TP2846</name>
  </trkpt>
  <trkpt lat="55.19871" lon="25.91712">
    <name>TP2847</name>
  </trkpt>
  <trkpt lat="55.19886" lon="25.9171">
    <name>TP2848</name>
  </trkpt>
  <trkpt lat="55.1989" lon="25.9171">
    <name>TP2849</name>
  </trkpt>
  <trkpt lat="55.19892" lon="25.9171">
    <name>TP2850</name>
  </trkpt>
  <trkpt lat="55.19896" lon="25.91713">
    <name>TP2851</name>
  </trkpt>
  <trkpt lat="55.19901" lon="25.91726">
    <name>TP2852</name>
  </trkpt>
  <trkpt lat="55.19902" lon="25.9173">
    <name>TP2853</name>
  </trkpt>
  <trkpt lat="55.19904" lon="25.91737">
    <name>TP2854</name>
  </trkpt>
  <trkpt lat="55.19915" lon="25.91776">
    <name>TP2855</name>
  </trkpt>
  <trkpt lat="55.19918" lon="25.91787">
    <name>TP2856</name>
  </trkpt>
  <trkpt lat="55.19921" lon="25.91798">
    <name>TP2857</name>
  </trkpt>
  <trkpt lat="55.19927" lon="25.91814">
    <name>TP2858</name>
  </trkpt>
  <trkpt lat="55.19935" lon="25.91831">
    <name>TP2859</name>
  </trkpt>
  <trkpt lat="55.19943" lon="25.9184">
    <name>TP2860</name>
  </trkpt>
  <trkpt lat="55.19954" lon="25.91855">
    <name>TP2861</name>
  </trkpt>
  <trkpt lat="55.19956" lon="25.91859">
    <name>TP2862</name>
  </trkpt>
  <trkpt lat="55.19974" lon="25.91897">
    <name>TP2863</name>
  </trkpt>
  <trkpt lat="55.20001" lon="25.9195">
    <name>TP2864</name>
  </trkpt>
  <trkpt lat="55.20006" lon="25.91959">
    <name>TP2865</name>
  </trkpt>
  <trkpt lat="55.20013" lon="25.91974">
    <name>TP2866</name>
  </trkpt>
  <trkpt lat="55.20035" lon="25.92023">
    <name>TP2867</name>
  </trkpt>
  <trkpt lat="55.20037" lon="25.92027">
    <name>TP2868</name>
  </trkpt>
  <trkpt lat="55.20061" lon="25.92067">
    <name>TP2869</name>
  </trkpt>
  <trkpt lat="55.20069" lon="25.92082">
    <name>TP2870</name>
  </trkpt>
  <trkpt lat="55.20074" lon="25.92089">
    <name>TP2871</name>
  </trkpt>
  <trkpt lat="55.20139" lon="25.92198">
    <name>TP2872</name>
  </trkpt>
  <trkpt lat="55.20152" lon="25.92219">
    <name>TP2873</name>
  </trkpt>
  <trkpt lat="55.20158" lon="25.92229">
    <name>TP2874</name>
  </trkpt>
  <trkpt lat="55.20165" lon="25.92242">
    <name>TP2875</name>
  </trkpt>
  <trkpt lat="55.20181" lon="25.92274">
    <name>TP2876</name>
  </trkpt>
  <trkpt lat="55.2019" lon="25.92286">
    <name>TP2877</name>
  </trkpt>
  <trkpt lat="55.20194" lon="25.92291">
    <name>TP2878</name>
  </trkpt>
  <trkpt lat="55.20202" lon="25.92306">
    <name>TP2879</name>
  </trkpt>
  <trkpt lat="55.20203" lon="25.92307">
    <name>TP2880</name>
  </trkpt>
  <trkpt lat="55.20209" lon="25.92313">
    <name>TP2881</name>
  </trkpt>
  <trkpt lat="55.20216" lon="25.92321">
    <name>TP2882</name>
  </trkpt>
  <trkpt lat="55.20225" lon="25.92332">
    <name>TP2883</name>
  </trkpt>
  <trkpt lat="55.20233" lon="25.9234">
    <name>TP2884</name>
  </trkpt>
  <trkpt lat="55.20239" lon="25.92345">
    <name>TP2885</name>
  </trkpt>
  <trkpt lat="55.20245" lon="25.92352">
    <name>TP2886</name>
  </trkpt>
  <trkpt lat="55.20252" lon="25.92363">
    <name>TP2887</name>
  </trkpt>
  <trkpt lat="55.20257" lon="25.92376">
    <name>TP2888</name>
  </trkpt>
  <trkpt lat="55.20261" lon="25.92397">
    <name>TP2889</name>
  </trkpt>
  <trkpt lat="55.20263" lon="25.92415">
    <name>TP2890</name>
  </trkpt>
  <trkpt lat="55.20266" lon="25.92446">
    <name>TP2891</name>
  </trkpt>
  <trkpt lat="55.20267" lon="25.92453">
    <name>TP2892</name>
  </trkpt>
  <trkpt lat="55.20269" lon="25.92478">
    <name>TP2893</name>
  </trkpt>
  <trkpt lat="55.20272" lon="25.92506">
    <name>TP2894</name>
  </trkpt>
  <trkpt lat="55.20277" lon="25.92538">
    <name>TP2895</name>
  </trkpt>
  <trkpt lat="55.20282" lon="25.92564">
    <name>TP2896</name>
  </trkpt>
  <trkpt lat="55.20288" lon="25.92598">
    <name>TP2897</name>
  </trkpt>
  <trkpt lat="55.20291" lon="25.92611">
    <name>TP2898</name>
  </trkpt>
  <trkpt lat="55.20299" lon="25.92653">
    <name>TP2899</name>
  </trkpt>
  <trkpt lat="55.20308" lon="25.92696">
    <name>TP2900</name>
  </trkpt>
  <trkpt lat="55.20311" lon="25.92719">
    <name>TP2901</name>
  </trkpt>
  <trkpt lat="55.20313" lon="25.92749">
    <name>TP2902</name>
  </trkpt>
  <trkpt lat="55.20314" lon="25.9275">
    <name>TP2903</name>
  </trkpt>
  <trkpt lat="55.20315" lon="25.92766">
    <name>TP2904</name>
  </trkpt>
  <trkpt lat="55.20316" lon="25.9278">
    <name>TP2905</name>
  </trkpt>
  <trkpt lat="55.20316" lon="25.92781">
    <name>TP2906</name>
  </trkpt>
  <trkpt lat="55.20319" lon="25.92798">
    <name>TP2907</name>
  </trkpt>
  <trkpt lat="55.20322" lon="25.92807">
    <name>TP2908</name>
  </trkpt>
  <trkpt lat="55.20323" lon="25.92809">
    <name>TP2909</name>
  </trkpt>
  <trkpt lat="55.20327" lon="25.9282">
    <name>TP2910</name>
  </trkpt>
  <trkpt lat="55.20332" lon="25.92832">
    <name>TP2911</name>
  </trkpt>
  <trkpt lat="55.20333" lon="25.92835">
    <name>TP2912</name>
  </trkpt>
  <trkpt lat="55.20337" lon="25.92846">
    <name>TP2913</name>
  </trkpt>
  <trkpt lat="55.20347" lon="25.92875">
    <name>TP2914</name>
  </trkpt>
  <trkpt lat="55.20359" lon="25.92918">
    <name>TP2915</name>
  </trkpt>
  <trkpt lat="55.20374" lon="25.92974">
    <name>TP2916</name>
  </trkpt>
  <trkpt lat="55.20381" lon="25.93">
    <name>TP2917</name>
  </trkpt>
  <trkpt lat="55.20382" lon="25.93003">
    <name>TP2918</name>
  </trkpt>
  <trkpt lat="55.20394" lon="25.93062">
    <name>TP2919</name>
  </trkpt>
  <trkpt lat="55.20407" lon="25.93121">
    <name>TP2920</name>
  </trkpt>
  <trkpt lat="55.20408" lon="25.93126">
    <name>TP2921</name>
  </trkpt>
  <trkpt lat="55.20426" lon="25.93243">
    <name>TP2922</name>
  </trkpt>
  <trkpt lat="55.2043" lon="25.93265">
    <name>TP2923</name>
  </trkpt>
  <trkpt lat="55.20431" lon="25.93273">
    <name>TP2924</name>
  </trkpt>
  <trkpt lat="55.20435" lon="25.93304">
    <name>TP2925</name>
  </trkpt>
  <trkpt lat="55.2044" lon="25.93334">
    <name>TP2926</name>
  </trkpt>
  <trkpt lat="55.2044" lon="25.93335">
    <name>TP2927</name>
  </trkpt>
  <trkpt lat="55.20457" lon="25.93424">
    <name>TP2928</name>
  </trkpt>
  <trkpt lat="55.2045705" lon="25.9342379">
    <name>TP2929</name>
  </trkpt>
  <trkpt lat="55.205" lon="25.93479">
    <name>TP2930</name>
  </trkpt>
  <trkpt lat="55.20514" lon="25.93496">
    <name>TP2931</name>
  </trkpt>
  <trkpt lat="55.20515" lon="25.93498">
    <name>TP2932</name>
  </trkpt>
  <trkpt lat="55.2053" lon="25.93516">
    <name>TP2933</name>
  </trkpt>
  <trkpt lat="55.20535" lon="25.93522">
    <name>TP2934</name>
  </trkpt>
  <trkpt lat="55.20544" lon="25.93536">
    <name>TP2935</name>
  </trkpt>
  <trkpt lat="55.2055" lon="25.93546">
    <name>TP2936</name>
  </trkpt>
  <trkpt lat="55.20558" lon="25.93555">
    <name>TP2937</name>
  </trkpt>
  <trkpt lat="55.20563" lon="25.93561">
    <name>TP2938</name>
  </trkpt>
  <trkpt lat="55.20573" lon="25.93571">
    <name>TP2939</name>
  </trkpt>
  <trkpt lat="55.20574" lon="25.93571">
    <name>TP2940</name>
  </trkpt>
  <trkpt lat="55.20581" lon="25.93579">
    <name>TP2941</name>
  </trkpt>
  <trkpt lat="55.20604" lon="25.93616">
    <name>TP2942</name>
  </trkpt>
  <trkpt lat="55.20629" lon="25.9365">
    <name>TP2943</name>
  </trkpt>
  <trkpt lat="55.20639" lon="25.93663">
    <name>TP2944</name>
  </trkpt>
  <trkpt lat="55.20658" lon="25.93688">
    <name>TP2945</name>
  </trkpt>
  <trkpt lat="55.20687" lon="25.93725">
    <name>TP2946</name>
  </trkpt>
  <trkpt lat="55.20702" lon="25.93744">
    <name>TP2947</name>
  </trkpt>
  <trkpt lat="55.20727" lon="25.93787">
    <name>TP2948</name>
  </trkpt>
  <trkpt lat="55.20753" lon="25.93832">
    <name>TP2949</name>
  </trkpt>
  <trkpt lat="55.20775" lon="25.9387">
    <name>TP2950</name>
  </trkpt>
  <trkpt lat="55.20779" lon="25.93875">
    <name>TP2951</name>
  </trkpt>
  <trkpt lat="55.20819" lon="25.93929">
    <name>TP2952</name>
  </trkpt>
  <trkpt lat="55.20822" lon="25.93933">
    <name>TP2953</name>
  </trkpt>
  <trkpt lat="55.20837" lon="25.93951">
    <name>TP2954</name>
  </trkpt>
  <trkpt lat="55.20865" lon="25.93984">
    <name>TP2955</name>
  </trkpt>
  <trkpt lat="55.20883" lon="25.93999">
    <name>TP2956</name>
  </trkpt>
  <trkpt lat="55.20911" lon="25.94022">
    <name>TP2957</name>
  </trkpt>
  <trkpt lat="55.20916" lon="25.94024">
    <name>TP2958</name>
  </trkpt>
  <trkpt lat="55.20936" lon="25.94036">
    <name>TP2959</name>
  </trkpt>
  <trkpt lat="55.20958" lon="25.94052">
    <name>TP2960</name>
  </trkpt>
  <trkpt lat="55.20975" lon="25.94055">
    <name>TP2961</name>
  </trkpt>
  <trkpt lat="55.20985" lon="25.94056">
    <name>TP2962</name>
  </trkpt>
  <trkpt lat="55.20986" lon="25.94057">
    <name>TP2963</name>
  </trkpt>
  <trkpt lat="55.20996" lon="25.94061">
    <name>TP2964</name>
  </trkpt>
  <trkpt lat="55.2101" lon="25.94071">
    <name>TP2965</name>
  </trkpt>
  <trkpt lat="55.21018" lon="25.94079">
    <name>TP2966</name>
  </trkpt>
  <trkpt lat="55.21034" lon="25.94093">
    <name>TP2967</name>
  </trkpt>
  <trkpt lat="55.21049" lon="25.94105">
    <name>TP2968</name>
  </trkpt>
  <trkpt lat="55.21065" lon="25.94124">
    <name>TP2969</name>
  </trkpt>
  <trkpt lat="55.21084" lon="25.94144">
    <name>TP2970</name>
  </trkpt>
  <trkpt lat="55.21096" lon="25.94157">
    <name>TP2971</name>
  </trkpt>
  <trkpt lat="55.21103" lon="25.94165">
    <name>TP2972</name>
  </trkpt>
  <trkpt lat="55.21112" lon="25.94171">
    <name>TP2973</name>
  </trkpt>
  <trkpt lat="55.21125" lon="25.94179">
    <name>TP2974</name>
  </trkpt>
  <trkpt lat="55.21128" lon="25.94183">
    <name>TP2975</name>
  </trkpt>
  <trkpt lat="55.21132" lon="25.94188">
    <name>TP2976</name>
  </trkpt>
  <trkpt lat="55.2114" lon="25.94196">
    <name>TP2977</name>
  </trkpt>
  <trkpt lat="55.21148" lon="25.94204">
    <name>TP2978</name>
  </trkpt>
  <trkpt lat="55.21153" lon="25.94209">
    <name>TP2979</name>
  </trkpt>
  <trkpt lat="55.21157" lon="25.94212">
    <name>TP2980</name>
  </trkpt>
  <trkpt lat="55.21162" lon="25.94214">
    <name>TP2981</name>
  </trkpt>
  <trkpt lat="55.21169" lon="25.94215">
    <name>TP2982</name>
  </trkpt>
  <trkpt lat="55.21178" lon="25.94214">
    <name>TP2983</name>
  </trkpt>
  <trkpt lat="55.21179" lon="25.94214">
    <name>TP2984</name>
  </trkpt>
  <trkpt lat="55.21187" lon="25.94214">
    <name>TP2985</name>
  </trkpt>
  <trkpt lat="55.21196" lon="25.94216">
    <name>TP2986</name>
  </trkpt>
  <trkpt lat="55.21199" lon="25.94217">
    <name>TP2987</name>
  </trkpt>
  <trkpt lat="55.21232" lon="25.94231">
    <name>TP2988</name>
  </trkpt>
  <trkpt lat="55.21248" lon="25.94238">
    <name>TP2989</name>
  </trkpt>
  <trkpt lat="55.21266" lon="25.94247">
    <name>TP2990</name>
  </trkpt>
  <trkpt lat="55.21283" lon="25.94256">
    <name>TP2991</name>
  </trkpt>
  <trkpt lat="55.2128255" lon="25.9425588">
    <name>TP2992</name>
  </trkpt>
  <trkpt lat="55.21383" lon="25.94156">
    <name>TP2993</name>
  </trkpt>
  <trkpt lat="55.21393" lon="25.94146">
    <name>TP2994</name>
  </trkpt>
  <trkpt lat="55.21399" lon="25.9414">
    <name>TP2995</name>
  </trkpt>
  <trkpt lat="55.21414" lon="25.94124">
    <name>TP2996</name>
  </trkpt>
  <trkpt lat="55.21422" lon="25.94117">
    <name>TP2997</name>
  </trkpt>
  <trkpt lat="55.2143" lon="25.94108">
    <name>TP2998</name>
  </trkpt>
  <trkpt lat="55.21445" lon="25.94091">
    <name>TP2999</name>
  </trkpt>
  <trkpt lat="55.21446" lon="25.94091">
    <name>TP3000</name>
  </trkpt>
  <trkpt lat="55.21474" lon="25.94055">
    <name>TP3001</name>
  </trkpt>
  <trkpt lat="55.2147442" lon="25.9405515">
    <name>TP3002</name>
  </trkpt>
  <trkpt lat="55.2151" lon="25.94039">
    <name>TP3003</name>
  </trkpt>
  <trkpt lat="55.21527" lon="25.94038">
    <name>TP3004</name>
  </trkpt>
  <trkpt lat="55.21532" lon="25.94037">
    <name>TP3005</name>
  </trkpt>
  <trkpt lat="55.21545" lon="25.94039">
    <name>TP3006</name>
  </trkpt>
  <trkpt lat="55.21551" lon="25.9404">
    <name>TP3007</name>
  </trkpt>
  <trkpt lat="55.21565" lon="25.9404">
    <name>TP3008</name>
  </trkpt>
  <trkpt lat="55.21617" lon="25.94055">
    <name>TP3009</name>
  </trkpt>
  <trkpt lat="55.21624" lon="25.94057">
    <name>TP3010</name>
  </trkpt>
  <trkpt lat="55.2162397" lon="25.9405678">
    <name>TP3011</name>
  </trkpt>
  <trkpt lat="55.2162397" lon="25.9405678">
    <name>TP3012</name>
  </trkpt>
  <trkpt lat="55.21631" lon="25.94059">
    <name>TP3013</name>
  </trkpt>
  <trkpt lat="55.21676" lon="25.94072">
    <name>TP3014</name>
  </trkpt>
  <trkpt lat="55.21701" lon="25.94084">
    <name>TP3015</name>
  </trkpt>
  <trkpt lat="55.21736" lon="25.94101">
    <name>TP3016</name>
  </trkpt>
  <trkpt lat="55.21753" lon="25.9411">
    <name>TP3017</name>
  </trkpt>
  <trkpt lat="55.21763" lon="25.94115">
    <name>TP3018</name>
  </trkpt>
  <trkpt lat="55.21787" lon="25.94127">
    <name>TP3019</name>
  </trkpt>
  <trkpt lat="55.21822" lon="25.94145">
    <name>TP3020</name>
  </trkpt>
  <trkpt lat="55.21823" lon="25.94145">
    <name>TP3021</name>
  </trkpt>
  <trkpt lat="55.21857" lon="25.94162">
    <name>TP3022</name>
  </trkpt>
  <trkpt lat="55.21874" lon="25.94171">
    <name>TP3023</name>
  </trkpt>
  <trkpt lat="55.21926" lon="25.94197">
    <name>TP3024</name>
  </trkpt>
  <trkpt lat="55.21959" lon="25.94215">
    <name>TP3025</name>
  </trkpt>
  <trkpt lat="55.21975" lon="25.94219">
    <name>TP3026</name>
  </trkpt>
  <trkpt lat="55.21992" lon="25.94221">
    <name>TP3027</name>
  </trkpt>
  <trkpt lat="55.22006" lon="25.9422">
    <name>TP3028</name>
  </trkpt>
  <trkpt lat="55.22012" lon="25.94218">
    <name>TP3029</name>
  </trkpt>
  <trkpt lat="55.22022" lon="25.94213">
    <name>TP3030</name>
  </trkpt>
  <trkpt lat="55.22042" lon="25.94201">
    <name>TP3031</name>
  </trkpt>
  <trkpt lat="55.22046" lon="25.94198">
    <name>TP3032</name>
  </trkpt>
  <trkpt lat="55.22061" lon="25.94182">
    <name>TP3033</name>
  </trkpt>
  <trkpt lat="55.22067" lon="25.94177">
    <name>TP3034</name>
  </trkpt>
  <trkpt lat="55.22103" lon="25.94142">
    <name>TP3035</name>
  </trkpt>
  <trkpt lat="55.22105" lon="25.9414">
    <name>TP3036</name>
  </trkpt>
  <trkpt lat="55.22128" lon="25.94123">
    <name>TP3037</name>
  </trkpt>
  <trkpt lat="55.22155" lon="25.94109">
    <name>TP3038</name>
  </trkpt>
  <trkpt lat="55.22156" lon="25.94109">
    <name>TP3039</name>
  </trkpt>
  <trkpt lat="55.22175" lon="25.94102">
    <name>TP3040</name>
  </trkpt>
  <trkpt lat="55.22205" lon="25.941">
    <name>TP3041</name>
  </trkpt>
  <trkpt lat="55.2221" lon="25.941">
    <name>TP3042</name>
  </trkpt>
  <trkpt lat="55.22263" lon="25.941">
    <name>TP3043</name>
  </trkpt>
  <trkpt lat="55.22276" lon="25.941">
    <name>TP3044</name>
  </trkpt>
  <trkpt lat="55.22307" lon="25.94099">
    <name>TP3045</name>
  </trkpt>
  <trkpt lat="55.22317" lon="25.94098">
    <name>TP3046</name>
  </trkpt>
  <trkpt lat="55.22343" lon="25.94095">
    <name>TP3047</name>
  </trkpt>
  <trkpt lat="55.22388" lon="25.94085">
    <name>TP3048</name>
  </trkpt>
  <trkpt lat="55.22428" lon="25.94076">
    <name>TP3049</name>
  </trkpt>
  <trkpt lat="55.22442" lon="25.94075">
    <name>TP3050</name>
  </trkpt>
  <trkpt lat="55.2246" lon="25.94077">
    <name>TP3051</name>
  </trkpt>
  <trkpt lat="55.22464" lon="25.94077">
    <name>TP3052</name>
  </trkpt>
  <trkpt lat="55.22478" lon="25.94083">
    <name>TP3053</name>
  </trkpt>
  <trkpt lat="55.22488" lon="25.94086">
    <name>TP3054</name>
  </trkpt>
  <trkpt lat="55.22495" lon="25.94091">
    <name>TP3055</name>
  </trkpt>
  <trkpt lat="55.22523" lon="25.9411">
    <name>TP3056</name>
  </trkpt>
  <trkpt lat="55.22562" lon="25.9414">
    <name>TP3057</name>
  </trkpt>
  <trkpt lat="55.22578" lon="25.94152">
    <name>TP3058</name>
  </trkpt>
  <trkpt lat="55.22582" lon="25.94155">
    <name>TP3059</name>
  </trkpt>
  <trkpt lat="55.22594" lon="25.94167">
    <name>TP3060</name>
  </trkpt>
  <trkpt lat="55.22618" lon="25.94188">
    <name>TP3061</name>
  </trkpt>
  <trkpt lat="55.22642" lon="25.94209">
    <name>TP3062</name>
  </trkpt>
  <trkpt lat="55.22659" lon="25.94223">
    <name>TP3063</name>
  </trkpt>
  <trkpt lat="55.22671" lon="25.94234">
    <name>TP3064</name>
  </trkpt>
  <trkpt lat="55.22675" lon="25.94237">
    <name>TP3065</name>
  </trkpt>
  <trkpt lat="55.22691" lon="25.9425">
    <name>TP3066</name>
  </trkpt>
  <trkpt lat="55.22707" lon="25.94264">
    <name>TP3067</name>
  </trkpt>
  <trkpt lat="55.22724" lon="25.94277">
    <name>TP3068</name>
  </trkpt>
  <trkpt lat="55.22728" lon="25.94281">
    <name>TP3069</name>
  </trkpt>
  <trkpt lat="55.22771" lon="25.94312">
    <name>TP3070</name>
  </trkpt>
  <trkpt lat="55.22773" lon="25.94313">
    <name>TP3071</name>
  </trkpt>
  <trkpt lat="55.22791" lon="25.94321">
    <name>TP3072</name>
  </trkpt>
  <trkpt lat="55.22808" lon="25.9433">
    <name>TP3073</name>
  </trkpt>
  <trkpt lat="55.22833" lon="25.94341">
    <name>TP3074</name>
  </trkpt>
  <trkpt lat="55.22843" lon="25.94346">
    <name>TP3075</name>
  </trkpt>
  <trkpt lat="55.2286" lon="25.94354">
    <name>TP3076</name>
  </trkpt>
  <trkpt lat="55.22878" lon="25.94361">
    <name>TP3077</name>
  </trkpt>
  <trkpt lat="55.22882" lon="25.94363">
    <name>TP3078</name>
  </trkpt>
  <trkpt lat="55.22919" lon="25.94371">
    <name>TP3079</name>
  </trkpt>
  <trkpt lat="55.2294" lon="25.94373">
    <name>TP3080</name>
  </trkpt>
  <trkpt lat="55.22946" lon="25.9437">
    <name>TP3081</name>
  </trkpt>
  <trkpt lat="55.22954" lon="25.94364">
    <name>TP3082</name>
  </trkpt>
  <trkpt lat="55.22962" lon="25.94356">
    <name>TP3083</name>
  </trkpt>
  <trkpt lat="55.2297" lon="25.94348">
    <name>TP3084</name>
  </trkpt>
  <trkpt lat="55.22976" lon="25.94342">
    <name>TP3085</name>
  </trkpt>
  <trkpt lat="55.22987" lon="25.94328">
    <name>TP3086</name>
  </trkpt>
  <trkpt lat="55.22994" lon="25.94317">
    <name>TP3087</name>
  </trkpt>
  <trkpt lat="55.23002" lon="25.9431">
    <name>TP3088</name>
  </trkpt>
  <trkpt lat="55.23017" lon="25.94298">
    <name>TP3089</name>
  </trkpt>
  <trkpt lat="55.23035" lon="25.94284">
    <name>TP3090</name>
  </trkpt>
  <trkpt lat="55.23055" lon="25.94268">
    <name>TP3091</name>
  </trkpt>
  <trkpt lat="55.23066" lon="25.94258">
    <name>TP3092</name>
  </trkpt>
  <trkpt lat="55.23084" lon="25.94239">
    <name>TP3093</name>
  </trkpt>
  <trkpt lat="55.23098" lon="25.94223">
    <name>TP3094</name>
  </trkpt>
  <trkpt lat="55.23105" lon="25.94214">
    <name>TP3095</name>
  </trkpt>
  <trkpt lat="55.23118" lon="25.94203">
    <name>TP3096</name>
  </trkpt>
  <trkpt lat="55.2313" lon="25.94196">
    <name>TP3097</name>
  </trkpt>
  <trkpt lat="55.23134" lon="25.94193">
    <name>TP3098</name>
  </trkpt>
  <trkpt lat="55.23144" lon="25.94189">
    <name>TP3099</name>
  </trkpt>
  <trkpt lat="55.23147" lon="25.94188">
    <name>TP3100</name>
  </trkpt>
  <trkpt lat="55.23159" lon="25.94184">
    <name>TP3101</name>
  </trkpt>
  <trkpt lat="55.23179" lon="25.94185">
    <name>TP3102</name>
  </trkpt>
  <trkpt lat="55.23183" lon="25.94185">
    <name>TP3103</name>
  </trkpt>
  <trkpt lat="55.23197" lon="25.94187">
    <name>TP3104</name>
  </trkpt>
  <trkpt lat="55.23211" lon="25.94185">
    <name>TP3105</name>
  </trkpt>
  <trkpt lat="55.23225" lon="25.94183">
    <name>TP3106</name>
  </trkpt>
  <trkpt lat="55.23236" lon="25.94182">
    <name>TP3107</name>
  </trkpt>
  <trkpt lat="55.23237" lon="25.94182">
    <name>TP3108</name>
  </trkpt>
  <trkpt lat="55.23255" lon="25.94177">
    <name>TP3109</name>
  </trkpt>
  <trkpt lat="55.23256" lon="25.94177">
    <name>TP3110</name>
  </trkpt>
  <trkpt lat="55.23278" lon="25.94171">
    <name>TP3111</name>
  </trkpt>
  <trkpt lat="55.2329" lon="25.94169">
    <name>TP3112</name>
  </trkpt>
  <trkpt lat="55.23296" lon="25.94167">
    <name>TP3113</name>
  </trkpt>
  <trkpt lat="55.23308" lon="25.94168">
    <name>TP3114</name>
  </trkpt>
  <trkpt lat="55.23311" lon="25.94168">
    <name>TP3115</name>
  </trkpt>
  <trkpt lat="55.23326" lon="25.94173">
    <name>TP3116</name>
  </trkpt>
  <trkpt lat="55.23341" lon="25.94181">
    <name>TP3117</name>
  </trkpt>
  <trkpt lat="55.23356" lon="25.94191">
    <name>TP3118</name>
  </trkpt>
  <trkpt lat="55.2336" lon="25.94194">
    <name>TP3119</name>
  </trkpt>
  <trkpt lat="55.23372" lon="25.94203">
    <name>TP3120</name>
  </trkpt>
  <trkpt lat="55.23376" lon="25.94207">
    <name>TP3121</name>
  </trkpt>
  <trkpt lat="55.23387" lon="25.94217">
    <name>TP3122</name>
  </trkpt>
  <trkpt lat="55.23404" lon="25.94235">
    <name>TP3123</name>
  </trkpt>
  <trkpt lat="55.23423" lon="25.94253">
    <name>TP3124</name>
  </trkpt>
  <trkpt lat="55.23455" lon="25.94283">
    <name>TP3125</name>
  </trkpt>
  <trkpt lat="55.23464" lon="25.94292">
    <name>TP3126</name>
  </trkpt>
  <trkpt lat="55.2347" lon="25.943">
    <name>TP3127</name>
  </trkpt>
  <trkpt lat="55.23483" lon="25.94315">
    <name>TP3128</name>
  </trkpt>
  <trkpt lat="55.23499" lon="25.94328">
    <name>TP3129</name>
  </trkpt>
  <trkpt lat="55.23502" lon="25.94329">
    <name>TP3130</name>
  </trkpt>
  <trkpt lat="55.23518" lon="25.94337">
    <name>TP3131</name>
  </trkpt>
  <trkpt lat="55.23519" lon="25.94337">
    <name>TP3132</name>
  </trkpt>
  <trkpt lat="55.23538" lon="25.94344">
    <name>TP3133</name>
  </trkpt>
  <trkpt lat="55.23555" lon="25.94346">
    <name>TP3134</name>
  </trkpt>
  <trkpt lat="55.23556" lon="25.94346">
    <name>TP3135</name>
  </trkpt>
  <trkpt lat="55.23579" lon="25.94344">
    <name>TP3136</name>
  </trkpt>
  <trkpt lat="55.23591" lon="25.94344">
    <name>TP3137</name>
  </trkpt>
  <trkpt lat="55.23614" lon="25.94346">
    <name>TP3138</name>
  </trkpt>
  <trkpt lat="55.23629" lon="25.94347">
    <name>TP3139</name>
  </trkpt>
  <trkpt lat="55.23646" lon="25.94354">
    <name>TP3140</name>
  </trkpt>
  <trkpt lat="55.23655" lon="25.9436">
    <name>TP3141</name>
  </trkpt>
  <trkpt lat="55.2367" lon="25.94377">
    <name>TP3142</name>
  </trkpt>
  <trkpt lat="55.23676" lon="25.94382">
    <name>TP3143</name>
  </trkpt>
  <trkpt lat="55.23691" lon="25.94399">
    <name>TP3144</name>
  </trkpt>
  <trkpt lat="55.23707" lon="25.94413">
    <name>TP3145</name>
  </trkpt>
  <trkpt lat="55.23709" lon="25.94414">
    <name>TP3146</name>
  </trkpt>
  <trkpt lat="55.23723" lon="25.94423">
    <name>TP3147</name>
  </trkpt>
  <trkpt lat="55.23733" lon="25.94427">
    <name>TP3148</name>
  </trkpt>
  <trkpt lat="55.23747" lon="25.94433">
    <name>TP3149</name>
  </trkpt>
  <trkpt lat="55.23759" lon="25.94437">
    <name>TP3150</name>
  </trkpt>
  <trkpt lat="55.23762" lon="25.94437">
    <name>TP3151</name>
  </trkpt>
  <trkpt lat="55.23777" lon="25.94443">
    <name>TP3152</name>
  </trkpt>
  <trkpt lat="55.23779" lon="25.94444">
    <name>TP3153</name>
  </trkpt>
  <trkpt lat="55.23808" lon="25.94459">
    <name>TP3154</name>
  </trkpt>
  <trkpt lat="55.23829" lon="25.94465">
    <name>TP3155</name>
  </trkpt>
  <trkpt lat="55.23838" lon="25.94468">
    <name>TP3156</name>
  </trkpt>
  <trkpt lat="55.23847" lon="25.94472">
    <name>TP3157</name>
  </trkpt>
  <trkpt lat="55.23875" lon="25.94484">
    <name>TP3158</name>
  </trkpt>
  <trkpt lat="55.23882" lon="25.94487">
    <name>TP3159</name>
  </trkpt>
  <trkpt lat="55.23899" lon="25.94496">
    <name>TP3160</name>
  </trkpt>
  <trkpt lat="55.23908" lon="25.945">
    <name>TP3161</name>
  </trkpt>
  <trkpt lat="55.2394" lon="25.94521">
    <name>TP3162</name>
  </trkpt>
  <trkpt lat="55.23965" lon="25.94542">
    <name>TP3163</name>
  </trkpt>
  <trkpt lat="55.23966" lon="25.94542">
    <name>TP3164</name>
  </trkpt>
  <trkpt lat="55.23999" lon="25.94566">
    <name>TP3165</name>
  </trkpt>
  <trkpt lat="55.24003" lon="25.94569">
    <name>TP3166</name>
  </trkpt>
  <trkpt lat="55.24015" lon="25.94579">
    <name>TP3167</name>
  </trkpt>
  <trkpt lat="55.24032" lon="25.94594">
    <name>TP3168</name>
  </trkpt>
  <trkpt lat="55.24046" lon="25.94612">
    <name>TP3169</name>
  </trkpt>
  <trkpt lat="55.24055" lon="25.94623">
    <name>TP3170</name>
  </trkpt>
  <trkpt lat="55.24071" lon="25.9464">
    <name>TP3171</name>
  </trkpt>
  <trkpt lat="55.24076" lon="25.94645">
    <name>TP3172</name>
  </trkpt>
  <trkpt lat="55.24086" lon="25.94653">
    <name>TP3173</name>
  </trkpt>
  <trkpt lat="55.24099" lon="25.94667">
    <name>TP3174</name>
  </trkpt>
  <trkpt lat="55.24118" lon="25.94684">
    <name>TP3175</name>
  </trkpt>
  <trkpt lat="55.24131" lon="25.94693">
    <name>TP3176</name>
  </trkpt>
  <trkpt lat="55.24143" lon="25.94706">
    <name>TP3177</name>
  </trkpt>
  <trkpt lat="55.24155" lon="25.94721">
    <name>TP3178</name>
  </trkpt>
  <trkpt lat="55.24173" lon="25.94745">
    <name>TP3179</name>
  </trkpt>
  <trkpt lat="55.24198" lon="25.94779">
    <name>TP3180</name>
  </trkpt>
  <trkpt lat="55.24212" lon="25.94798">
    <name>TP3181</name>
  </trkpt>
  <trkpt lat="55.24225" lon="25.94816">
    <name>TP3182</name>
  </trkpt>
  <trkpt lat="55.24226" lon="25.94817">
    <name>TP3183</name>
  </trkpt>
  <trkpt lat="55.24254" lon="25.94857">
    <name>TP3184</name>
  </trkpt>
  <trkpt lat="55.24281" lon="25.94893">
    <name>TP3185</name>
  </trkpt>
  <trkpt lat="55.24283" lon="25.94895">
    <name>TP3186</name>
  </trkpt>
  <trkpt lat="55.24298" lon="25.94913">
    <name>TP3187</name>
  </trkpt>
  <trkpt lat="55.24305" lon="25.94921">
    <name>TP3188</name>
  </trkpt>
  <trkpt lat="55.24337" lon="25.94951">
    <name>TP3189</name>
  </trkpt>
  <trkpt lat="55.24345" lon="25.9496">
    <name>TP3190</name>
  </trkpt>
  <trkpt lat="55.24354" lon="25.9497">
    <name>TP3191</name>
  </trkpt>
  <trkpt lat="55.2436" lon="25.94976">
    <name>TP3192</name>
  </trkpt>
  <trkpt lat="55.24366" lon="25.9498">
    <name>TP3193</name>
  </trkpt>
  <trkpt lat="55.24377" lon="25.94992">
    <name>TP3194</name>
  </trkpt>
  <trkpt lat="55.24389" lon="25.9501">
    <name>TP3195</name>
  </trkpt>
  <trkpt lat="55.24389" lon="25.95011">
    <name>TP3196</name>
  </trkpt>
  <trkpt lat="55.24399" lon="25.95029">
    <name>TP3197</name>
  </trkpt>
  <trkpt lat="55.24405" lon="25.95041">
    <name>TP3198</name>
  </trkpt>
  <trkpt lat="55.24409" lon="25.95055">
    <name>TP3199</name>
  </trkpt>
  <trkpt lat="55.24412" lon="25.9506">
    <name>TP3200</name>
  </trkpt>
  <trkpt lat="55.24413" lon="25.95064">
    <name>TP3201</name>
  </trkpt>
  <trkpt lat="55.24419" lon="25.95075">
    <name>TP3202</name>
  </trkpt>
  <trkpt lat="55.24426" lon="25.95085">
    <name>TP3203</name>
  </trkpt>
  <trkpt lat="55.2444" lon="25.95099">
    <name>TP3204</name>
  </trkpt>
  <trkpt lat="55.24441" lon="25.951">
    <name>TP3205</name>
  </trkpt>
  <trkpt lat="55.24458" lon="25.95112">
    <name>TP3206</name>
  </trkpt>
  <trkpt lat="55.24483" lon="25.95126">
    <name>TP3207</name>
  </trkpt>
  <trkpt lat="55.24491" lon="25.9513">
    <name>TP3208</name>
  </trkpt>
  <trkpt lat="55.24525" lon="25.95149">
    <name>TP3209</name>
  </trkpt>
  <trkpt lat="55.24537" lon="25.95155">
    <name>TP3210</name>
  </trkpt>
  <trkpt lat="55.24542" lon="25.95159">
    <name>TP3211</name>
  </trkpt>
  <trkpt lat="55.24557" lon="25.95169">
    <name>TP3212</name>
  </trkpt>
  <trkpt lat="55.24559" lon="25.95169">
    <name>TP3213</name>
  </trkpt>
  <trkpt lat="55.24572" lon="25.95174">
    <name>TP3214</name>
  </trkpt>
  <trkpt lat="55.24577" lon="25.95175">
    <name>TP3215</name>
  </trkpt>
  <trkpt lat="55.24587" lon="25.95176">
    <name>TP3216</name>
  </trkpt>
  <trkpt lat="55.24595" lon="25.95179">
    <name>TP3217</name>
  </trkpt>
  <trkpt lat="55.24599" lon="25.9518">
    <name>TP3218</name>
  </trkpt>
  <trkpt lat="55.24606" lon="25.95186">
    <name>TP3219</name>
  </trkpt>
  <trkpt lat="55.24611" lon="25.95193">
    <name>TP3220</name>
  </trkpt>
  <trkpt lat="55.24615" lon="25.95202">
    <name>TP3221</name>
  </trkpt>
  <trkpt lat="55.2462" lon="25.95219">
    <name>TP3222</name>
  </trkpt>
  <trkpt lat="55.24623" lon="25.95228">
    <name>TP3223</name>
  </trkpt>
  <trkpt lat="55.24637" lon="25.95263">
    <name>TP3224</name>
  </trkpt>
  <trkpt lat="55.2465" lon="25.95297">
    <name>TP3225</name>
  </trkpt>
  <trkpt lat="55.2466" lon="25.95323">
    <name>TP3226</name>
  </trkpt>
  <trkpt lat="55.24662" lon="25.95327">
    <name>TP3227</name>
  </trkpt>
  <trkpt lat="55.2469" lon="25.95401">
    <name>TP3228</name>
  </trkpt>
  <trkpt lat="55.2469" lon="25.95402">
    <name>TP3229</name>
  </trkpt>
  <trkpt lat="55.24705" lon="25.9545">
    <name>TP3230</name>
  </trkpt>
  <trkpt lat="55.24717" lon="25.95482">
    <name>TP3231</name>
  </trkpt>
  <trkpt lat="55.24727" lon="25.9551">
    <name>TP3232</name>
  </trkpt>
  <trkpt lat="55.2473" lon="25.95518">
    <name>TP3233</name>
  </trkpt>
  <trkpt lat="55.24743" lon="25.95567">
    <name>TP3234</name>
  </trkpt>
  <trkpt lat="55.2475" lon="25.95596">
    <name>TP3235</name>
  </trkpt>
  <trkpt lat="55.24756" lon="25.95617">
    <name>TP3236</name>
  </trkpt>
  <trkpt lat="55.24758" lon="25.95624">
    <name>TP3237</name>
  </trkpt>
  <trkpt lat="55.24765" lon="25.95653">
    <name>TP3238</name>
  </trkpt>
  <trkpt lat="55.24779" lon="25.95711">
    <name>TP3239</name>
  </trkpt>
  <trkpt lat="55.2478" lon="25.95716">
    <name>TP3240</name>
  </trkpt>
  <trkpt lat="55.24796" lon="25.95786">
    <name>TP3241</name>
  </trkpt>
  <trkpt lat="55.24812" lon="25.95858">
    <name>TP3242</name>
  </trkpt>
  <trkpt lat="55.24815" lon="25.95872">
    <name>TP3243</name>
  </trkpt>
  <trkpt lat="55.24818" lon="25.95888">
    <name>TP3244</name>
  </trkpt>
  <trkpt lat="55.24825" lon="25.95928">
    <name>TP3245</name>
  </trkpt>
  <trkpt lat="55.2483" lon="25.95964">
    <name>TP3246</name>
  </trkpt>
  <trkpt lat="55.2483006" lon="25.9596392">
    <name>TP3247</name>
  </trkpt>
  <trkpt lat="55.24833" lon="25.95995">
    <name>TP3248</name>
  </trkpt>
  <trkpt lat="55.24835" lon="25.96022">
    <name>TP3249</name>
  </trkpt>
  <trkpt lat="55.24835" lon="25.96038">
    <name>TP3250</name>
  </trkpt>
  <trkpt lat="55.24835" lon="25.96057">
    <name>TP3251</name>
  </trkpt>
  <trkpt lat="55.24835" lon="25.96058">
    <name>TP3252</name>
  </trkpt>
  <trkpt lat="55.24835" lon="25.96086">
    <name>TP3253</name>
  </trkpt>
  <trkpt lat="55.24835" lon="25.96089">
    <name>TP3254</name>
  </trkpt>
  <trkpt lat="55.24836" lon="25.96128">
    <name>TP3255</name>
  </trkpt>
  <trkpt lat="55.24837" lon="25.96157">
    <name>TP3256</name>
  </trkpt>
  <trkpt lat="55.2484" lon="25.96201">
    <name>TP3257</name>
  </trkpt>
  <trkpt lat="55.24843" lon="25.96225">
    <name>TP3258</name>
  </trkpt>
  <trkpt lat="55.24845" lon="25.96246">
    <name>TP3259</name>
  </trkpt>
  <trkpt lat="55.2485" lon="25.96284">
    <name>TP3260</name>
  </trkpt>
  <trkpt lat="55.24852" lon="25.96305">
    <name>TP3261</name>
  </trkpt>
  <trkpt lat="55.24854" lon="25.96339">
    <name>TP3262</name>
  </trkpt>
  <trkpt lat="55.24855" lon="25.96344">
    <name>TP3263</name>
  </trkpt>
  <trkpt lat="55.24855" lon="25.96361">
    <name>TP3264</name>
  </trkpt>
  <trkpt lat="55.24855" lon="25.96373">
    <name>TP3265</name>
  </trkpt>
  <trkpt lat="55.24853" lon="25.96385">
    <name>TP3266</name>
  </trkpt>
  <trkpt lat="55.24848" lon="25.96421">
    <name>TP3267</name>
  </trkpt>
  <trkpt lat="55.24845" lon="25.9645">
    <name>TP3268</name>
  </trkpt>
  <trkpt lat="55.24843" lon="25.9647">
    <name>TP3269</name>
  </trkpt>
  <trkpt lat="55.24841" lon="25.9649">
    <name>TP3270</name>
  </trkpt>
  <trkpt lat="55.2484" lon="25.96506">
    <name>TP3271</name>
  </trkpt>
  <trkpt lat="55.2484" lon="25.96509">
    <name>TP3272</name>
  </trkpt>
  <trkpt lat="55.24839" lon="25.96521">
    <name>TP3273</name>
  </trkpt>
  <trkpt lat="55.24839" lon="25.96543">
    <name>TP3274</name>
  </trkpt>
  <trkpt lat="55.2484" lon="25.9656">
    <name>TP3275</name>
  </trkpt>
  <trkpt lat="55.2484" lon="25.96563">
    <name>TP3276</name>
  </trkpt>
  <trkpt lat="55.24842" lon="25.96575">
    <name>TP3277</name>
  </trkpt>
  <trkpt lat="55.24846" lon="25.96596">
    <name>TP3278</name>
  </trkpt>
  <trkpt lat="55.24849" lon="25.96614">
    <name>TP3279</name>
  </trkpt>
  <trkpt lat="55.24855" lon="25.96642">
    <name>TP3280</name>
  </trkpt>
  <trkpt lat="55.24857" lon="25.96648">
    <name>TP3281</name>
  </trkpt>
  <trkpt lat="55.2486" lon="25.96657">
    <name>TP3282</name>
  </trkpt>
  <trkpt lat="55.24864" lon="25.96665">
    <name>TP3283</name>
  </trkpt>
  <trkpt lat="55.24867" lon="25.96672">
    <name>TP3284</name>
  </trkpt>
  <trkpt lat="55.24885" lon="25.96704">
    <name>TP3285</name>
  </trkpt>
  <trkpt lat="55.24889" lon="25.96711">
    <name>TP3286</name>
  </trkpt>
  <trkpt lat="55.24892" lon="25.96716">
    <name>TP3287</name>
  </trkpt>
  <trkpt lat="55.24894" lon="25.96724">
    <name>TP3288</name>
  </trkpt>
  <trkpt lat="55.24897" lon="25.96735">
    <name>TP3289</name>
  </trkpt>
  <trkpt lat="55.24899" lon="25.96745">
    <name>TP3290</name>
  </trkpt>
  <trkpt lat="55.24901" lon="25.96752">
    <name>TP3291</name>
  </trkpt>
  <trkpt lat="55.24901" lon="25.96754">
    <name>TP3292</name>
  </trkpt>
  <trkpt lat="55.24902" lon="25.96757">
    <name>TP3293</name>
  </trkpt>
  <trkpt lat="55.24904" lon="25.96761">
    <name>TP3294</name>
  </trkpt>
  <trkpt lat="55.24929" lon="25.96801">
    <name>TP3295</name>
  </trkpt>
  <trkpt lat="55.24957" lon="25.96848">
    <name>TP3296</name>
  </trkpt>
  <trkpt lat="55.2495725" lon="25.9684837">
    <name>TP3297</name>
  </trkpt>
  <trkpt lat="55.24892" lon="25.96933">
    <name>TP3298</name>
  </trkpt>
  <trkpt lat="55.24871" lon="25.96958">
    <name>TP3299</name>
  </trkpt>
  <trkpt lat="55.24855" lon="25.9698">
    <name>TP3300</name>
  </trkpt>
  <trkpt lat="55.24854" lon="25.96982">
    <name>TP3301</name>
  </trkpt>
  <trkpt lat="55.24831" lon="25.97019">
    <name>TP3302</name>
  </trkpt>
  <trkpt lat="55.24822" lon="25.97033">
    <name>TP3303</name>
  </trkpt>
  <trkpt lat="55.24811" lon="25.9705">
    <name>TP3304</name>
  </trkpt>
  <trkpt lat="55.24809" lon="25.97054">
    <name>TP3305</name>
  </trkpt>
  <trkpt lat="55.24802" lon="25.97065">
    <name>TP3306</name>
  </trkpt>
  <trkpt lat="55.24795" lon="25.97075">
    <name>TP3307</name>
  </trkpt>
  <trkpt lat="55.24754" lon="25.97141">
    <name>TP3308</name>
  </trkpt>
  <trkpt lat="55.24745" lon="25.97157">
    <name>TP3309</name>
  </trkpt>
  <trkpt lat="55.24741" lon="25.97162">
    <name>TP3310</name>
  </trkpt>
  <trkpt lat="55.24727" lon="25.97186">
    <name>TP3311</name>
  </trkpt>
  <trkpt lat="55.24704" lon="25.97227">
    <name>TP3312</name>
  </trkpt>
  <trkpt lat="55.24695" lon="25.97247">
    <name>TP3313</name>
  </trkpt>
  <trkpt lat="55.24678" lon="25.97296">
    <name>TP3314</name>
  </trkpt>
  <trkpt lat="55.24662" lon="25.97334">
    <name>TP3315</name>
  </trkpt>
  <trkpt lat="55.24649" lon="25.97368">
    <name>TP3316</name>
  </trkpt>
  <trkpt lat="55.24639" lon="25.97393">
    <name>TP3317</name>
  </trkpt>
  <trkpt lat="55.24632" lon="25.9742">
    <name>TP3318</name>
  </trkpt>
  <trkpt lat="55.24627" lon="25.97448">
    <name>TP3319</name>
  </trkpt>
  <trkpt lat="55.24626" lon="25.97467">
    <name>TP3320</name>
  </trkpt>
  <trkpt lat="55.24626" lon="25.97475">
    <name>TP3321</name>
  </trkpt>
  <trkpt lat="55.24625" lon="25.97494">
    <name>TP3322</name>
  </trkpt>
  <trkpt lat="55.24626" lon="25.97524">
    <name>TP3323</name>
  </trkpt>
  <trkpt lat="55.2463" lon="25.97544">
    <name>TP3324</name>
  </trkpt>
  <trkpt lat="55.24633" lon="25.97562">
    <name>TP3325</name>
  </trkpt>
  <trkpt lat="55.24641" lon="25.97588">
    <name>TP3326</name>
  </trkpt>
  <trkpt lat="55.24646" lon="25.97603">
    <name>TP3327</name>
  </trkpt>
  <trkpt lat="55.24653" lon="25.97618">
    <name>TP3328</name>
  </trkpt>
  <trkpt lat="55.24669" lon="25.97646">
    <name>TP3329</name>
  </trkpt>
  <trkpt lat="55.24679" lon="25.97663">
    <name>TP3330</name>
  </trkpt>
  <trkpt lat="55.24683" lon="25.9767">
    <name>TP3331</name>
  </trkpt>
  <trkpt lat="55.24714" lon="25.9771">
    <name>TP3332</name>
  </trkpt>
  <trkpt lat="55.24722" lon="25.97721">
    <name>TP3333</name>
  </trkpt>
  <trkpt lat="55.2473" lon="25.97731">
    <name>TP3334</name>
  </trkpt>
  <trkpt lat="55.24746" lon="25.97755">
    <name>TP3335</name>
  </trkpt>
  <trkpt lat="55.2475" lon="25.97762">
    <name>TP3336</name>
  </trkpt>
  <trkpt lat="55.24758" lon="25.97777">
    <name>TP3337</name>
  </trkpt>
  <trkpt lat="55.24766" lon="25.9779">
    <name>TP3338</name>
  </trkpt>
  <trkpt lat="55.24776" lon="25.97808">
    <name>TP3339</name>
  </trkpt>
  <trkpt lat="55.24783" lon="25.97817">
    <name>TP3340</name>
  </trkpt>
  <trkpt lat="55.24792" lon="25.97826">
    <name>TP3341</name>
  </trkpt>
  <trkpt lat="55.24819" lon="25.97852">
    <name>TP3342</name>
  </trkpt>
  <trkpt lat="55.24824" lon="25.97857">
    <name>TP3343</name>
  </trkpt>
  <trkpt lat="55.2482361" lon="25.9785658">
    <name>TP3344</name>
  </trkpt>
  <trkpt lat="55.24855" lon="25.97883">
    <name>TP3345</name>
  </trkpt>
  <trkpt lat="55.24865" lon="25.97893">
    <name>TP3346</name>
  </trkpt>
  <trkpt lat="55.24869" lon="25.97896">
    <name>TP3347</name>
  </trkpt>
  <trkpt lat="55.2491" lon="25.97933">
    <name>TP3348</name>
  </trkpt>
  <trkpt lat="55.24912" lon="25.97935">
    <name>TP3349</name>
  </trkpt>
  <trkpt lat="55.24975" lon="25.9799">
    <name>TP3350</name>
  </trkpt>
  <trkpt lat="55.24992" lon="25.98007">
    <name>TP3351</name>
  </trkpt>
  <trkpt lat="55.25026" lon="25.9804">
    <name>TP3352</name>
  </trkpt>
  <trkpt lat="55.25053" lon="25.98075">
    <name>TP3353</name>
  </trkpt>
  <trkpt lat="55.25072" lon="25.98097">
    <name>TP3354</name>
  </trkpt>
  <trkpt lat="55.25087" lon="25.98114">
    <name>TP3355</name>
  </trkpt>
  <trkpt lat="55.25102" lon="25.98132">
    <name>TP3356</name>
  </trkpt>
  <trkpt lat="55.25137" lon="25.98172">
    <name>TP3357</name>
  </trkpt>
  <trkpt lat="55.25156" lon="25.98195">
    <name>TP3358</name>
  </trkpt>
  <trkpt lat="55.25157" lon="25.98196">
    <name>TP3359</name>
  </trkpt>
  <trkpt lat="55.2517" lon="25.98215">
    <name>TP3360</name>
  </trkpt>
  <trkpt lat="55.25177" lon="25.98227">
    <name>TP3361</name>
  </trkpt>
  <trkpt lat="55.25187" lon="25.98249">
    <name>TP3362</name>
  </trkpt>
  <trkpt lat="55.2521" lon="25.98308">
    <name>TP3363</name>
  </trkpt>
  <trkpt lat="55.25219" lon="25.98328">
    <name>TP3364</name>
  </trkpt>
  <trkpt lat="55.25238" lon="25.98379">
    <name>TP3365</name>
  </trkpt>
  <trkpt lat="55.25248" lon="25.98409">
    <name>TP3366</name>
  </trkpt>
  <trkpt lat="55.25277" lon="25.98483">
    <name>TP3367</name>
  </trkpt>
  <trkpt lat="55.2529" lon="25.98518">
    <name>TP3368</name>
  </trkpt>
  <trkpt lat="55.25295" lon="25.98535">
    <name>TP3369</name>
  </trkpt>
  <trkpt lat="55.25295" lon="25.98537">
    <name>TP3370</name>
  </trkpt>
  <trkpt lat="55.25299" lon="25.98557">
    <name>TP3371</name>
  </trkpt>
  <trkpt lat="55.253" lon="25.98574">
    <name>TP3372</name>
  </trkpt>
  <trkpt lat="55.25301" lon="25.98591">
    <name>TP3373</name>
  </trkpt>
  <trkpt lat="55.25302" lon="25.98605">
    <name>TP3374</name>
  </trkpt>
  <trkpt lat="55.25303" lon="25.98617">
    <name>TP3375</name>
  </trkpt>
  <trkpt lat="55.25304" lon="25.98627">
    <name>TP3376</name>
  </trkpt>
  <trkpt lat="55.25309" lon="25.98641">
    <name>TP3377</name>
  </trkpt>
  <trkpt lat="55.25313" lon="25.98654">
    <name>TP3378</name>
  </trkpt>
  <trkpt lat="55.2535" lon="25.98752">
    <name>TP3379</name>
  </trkpt>
  <trkpt lat="55.25352" lon="25.98759">
    <name>TP3380</name>
  </trkpt>
  <trkpt lat="55.25354" lon="25.98763">
    <name>TP3381</name>
  </trkpt>
  <trkpt lat="55.25358" lon="25.98775">
    <name>TP3382</name>
  </trkpt>
  <trkpt lat="55.25364" lon="25.98789">
    <name>TP3383</name>
  </trkpt>
  <trkpt lat="55.25383" lon="25.98842">
    <name>TP3384</name>
  </trkpt>
  <trkpt lat="55.2538325" lon="25.9884223">
    <name>TP3385</name>
  </trkpt>
  <trkpt lat="55.2538325" lon="25.9884223">
    <name>TP3386</name>
  </trkpt>
  <trkpt lat="55.25415" lon="25.98672">
    <name>TP3387</name>
  </trkpt>
  <trkpt lat="55.25418" lon="25.98654">
    <name>TP3388</name>
  </trkpt>
  <trkpt lat="55.25424" lon="25.98624">
    <name>TP3389</name>
  </trkpt>
  <trkpt lat="55.25429" lon="25.98594">
    <name>TP3390</name>
  </trkpt>
  <trkpt lat="55.25432" lon="25.98583">
    <name>TP3391</name>
  </trkpt>
  <trkpt lat="55.25435" lon="25.98568">
    <name>TP3392</name>
  </trkpt>
  <trkpt lat="55.25435" lon="25.98566">
    <name>TP3393</name>
  </trkpt>
  <trkpt lat="55.25436" lon="25.98561">
    <name>TP3394</name>
  </trkpt>
  <trkpt lat="55.25441" lon="25.98531">
    <name>TP3395</name>
  </trkpt>
  <trkpt lat="55.25445" lon="25.98515">
    <name>TP3396</name>
  </trkpt>
  <trkpt lat="55.25452" lon="25.98474">
    <name>TP3397</name>
  </trkpt>
  <trkpt lat="55.25457" lon="25.98444">
    <name>TP3398</name>
  </trkpt>
  <trkpt lat="55.25463" lon="25.98414">
    <name>TP3399</name>
  </trkpt>
  <trkpt lat="55.25468" lon="25.98384">
    <name>TP3400</name>
  </trkpt>
  <trkpt lat="55.25487" lon="25.98279">
    <name>TP3401</name>
  </trkpt>
  <trkpt lat="55.2549" lon="25.98264">
    <name>TP3402</name>
  </trkpt>
  <trkpt lat="55.25495" lon="25.98233">
    <name>TP3403</name>
  </trkpt>
  <trkpt lat="55.25516" lon="25.98113">
    <name>TP3404</name>
  </trkpt>
  <trkpt lat="55.25521" lon="25.98082">
    <name>TP3405</name>
  </trkpt>
  <trkpt lat="55.25534" lon="25.9801">
    <name>TP3406</name>
  </trkpt>
  <trkpt lat="55.25559" lon="25.97871">
    <name>TP3407</name>
  </trkpt>
  <trkpt lat="55.25585" lon="25.97725">
    <name>TP3408</name>
  </trkpt>
  <trkpt lat="55.25644" lon="25.97394">
    <name>TP3409</name>
  </trkpt>
  <trkpt lat="55.256439" lon="25.9739358">
    <name>TP3410</name>
  </trkpt>
  <trkpt lat="55.25661" lon="25.9739">
    <name>TP3411</name>
  </trkpt>
  <trkpt lat="55.25666" lon="25.97388">
    <name>TP3412</name>
  </trkpt>
  <trkpt lat="55.25677" lon="25.97381">
    <name>TP3413</name>
  </trkpt>
  <trkpt lat="55.25683" lon="25.9738">
    <name>TP3414</name>
  </trkpt>
  <trkpt lat="55.25691" lon="25.97378">
    <name>TP3415</name>
  </trkpt>
  <trkpt lat="55.25692" lon="25.97378">
    <name>TP3416</name>
  </trkpt>
  <trkpt lat="55.25695" lon="25.97378">
    <name>TP3417</name>
  </trkpt>
  <trkpt lat="55.25708" lon="25.97376">
    <name>TP3418</name>
  </trkpt>
  <trkpt lat="55.2571" lon="25.97376">
    <name>TP3419</name>
  </trkpt>
  <trkpt lat="55.25718" lon="25.97376">
    <name>TP3420</name>
  </trkpt>
  <trkpt lat="55.25736" lon="25.97375">
    <name>TP3421</name>
  </trkpt>
  <trkpt lat="55.25744" lon="25.97372">
    <name>TP3422</name>
  </trkpt>
  <trkpt lat="55.25746" lon="25.97372">
    <name>TP3423</name>
  </trkpt>
  <trkpt lat="55.25751" lon="25.97371">
    <name>TP3424</name>
  </trkpt>
  <trkpt lat="55.2577" lon="25.97365">
    <name>TP3425</name>
  </trkpt>
  <trkpt lat="55.25779" lon="25.97363">
    <name>TP3426</name>
  </trkpt>
  <trkpt lat="55.25797" lon="25.97358">
    <name>TP3427</name>
  </trkpt>
  <trkpt lat="55.25806" lon="25.97357">
    <name>TP3428</name>
  </trkpt>
  <trkpt lat="55.25822" lon="25.97356">
    <name>TP3429</name>
  </trkpt>
  <trkpt lat="55.25832" lon="25.97356">
    <name>TP3430</name>
  </trkpt>
  <trkpt lat="55.25835" lon="25.97357">
    <name>TP3431</name>
  </trkpt>
  <trkpt lat="55.25837" lon="25.97357">
    <name>TP3432</name>
  </trkpt>
  <trkpt lat="55.25844" lon="25.97358">
    <name>TP3433</name>
  </trkpt>
  <trkpt lat="55.25853" lon="25.97361">
    <name>TP3434</name>
  </trkpt>
  <trkpt lat="55.25854" lon="25.97362">
    <name>TP3435</name>
  </trkpt>
  <trkpt lat="55.25859" lon="25.97364">
    <name>TP3436</name>
  </trkpt>
  <trkpt lat="55.25867" lon="25.97368">
    <name>TP3437</name>
  </trkpt>
  <trkpt lat="55.25879" lon="25.97379">
    <name>TP3438</name>
  </trkpt>
  <trkpt lat="55.25886" lon="25.97385">
    <name>TP3439</name>
  </trkpt>
  <trkpt lat="55.25889" lon="25.97389">
    <name>TP3440</name>
  </trkpt>
  <trkpt lat="55.25905" lon="25.97406">
    <name>TP3441</name>
  </trkpt>
  <trkpt lat="55.25917" lon="25.97418">
    <name>TP3442</name>
  </trkpt>
  <trkpt lat="55.25931" lon="25.97431">
    <name>TP3443</name>
  </trkpt>
  <trkpt lat="55.25943" lon="25.97442">
    <name>TP3444</name>
  </trkpt>
  <trkpt lat="55.25947" lon="25.97447">
    <name>TP3445</name>
  </trkpt>
  <trkpt lat="55.25949" lon="25.9745">
    <name>TP3446</name>
  </trkpt>
  <trkpt lat="55.25953" lon="25.97456">
    <name>TP3447</name>
  </trkpt>
  <trkpt lat="55.25957" lon="25.97463">
    <name>TP3448</name>
  </trkpt>
  <trkpt lat="55.2596" lon="25.97468">
    <name>TP3449</name>
  </trkpt>
  <trkpt lat="55.25962" lon="25.9747">
    <name>TP3450</name>
  </trkpt>
  <trkpt lat="55.25965" lon="25.97474">
    <name>TP3451</name>
  </trkpt>
  <trkpt lat="55.25969" lon="25.97477">
    <name>TP3452</name>
  </trkpt>
  <trkpt lat="55.25972" lon="25.97479">
    <name>TP3453</name>
  </trkpt>
  <trkpt lat="55.25975" lon="25.97481">
    <name>TP3454</name>
  </trkpt>
  <trkpt lat="55.25981" lon="25.97483">
    <name>TP3455</name>
  </trkpt>
  <trkpt lat="55.25989" lon="25.97485">
    <name>TP3456</name>
  </trkpt>
  <trkpt lat="55.25992" lon="25.97486">
    <name>TP3457</name>
  </trkpt>
  <trkpt lat="55.25999" lon="25.97487">
    <name>TP3458</name>
  </trkpt>
  <trkpt lat="55.26012" lon="25.97487">
    <name>TP3459</name>
  </trkpt>
  <trkpt lat="55.26032" lon="25.97495">
    <name>TP3460</name>
  </trkpt>
  <trkpt lat="55.26038" lon="25.97498">
    <name>TP3461</name>
  </trkpt>
  <trkpt lat="55.26042" lon="25.97498">
    <name>TP3462</name>
  </trkpt>
  <trkpt lat="55.26047" lon="25.97498">
    <name>TP3463</name>
  </trkpt>
  <trkpt lat="55.26052" lon="25.97496">
    <name>TP3464</name>
  </trkpt>
  <trkpt lat="55.26077" lon="25.97483">
    <name>TP3465</name>
  </trkpt>
  <trkpt lat="55.26079" lon="25.97482">
    <name>TP3466</name>
  </trkpt>
  <trkpt lat="55.26082" lon="25.97481">
    <name>TP3467</name>
  </trkpt>
  <trkpt lat="55.26083" lon="25.97482">
    <name>TP3468</name>
  </trkpt>
  <trkpt lat="55.2608342" lon="25.9748171">
    <name>TP3469</name>
  </trkpt>
  <trkpt lat="55.26085" lon="25.97482">
    <name>TP3470</name>
  </trkpt>
  <trkpt lat="55.26146" lon="25.97495">
    <name>TP3471</name>
  </trkpt>
  <trkpt lat="55.2615" lon="25.97495">
    <name>TP3472</name>
  </trkpt>
  <trkpt lat="55.26172" lon="25.97499">
    <name>TP3473</name>
  </trkpt>
  <trkpt lat="55.26179" lon="25.975">
    <name>TP3474</name>
  </trkpt>
  <trkpt lat="55.26184" lon="25.97502">
    <name>TP3475</name>
  </trkpt>
  <trkpt lat="55.26198" lon="25.9751">
    <name>TP3476</name>
  </trkpt>
  <trkpt lat="55.26207" lon="25.97513">
    <name>TP3477</name>
  </trkpt>
  <trkpt lat="55.26231" lon="25.97521">
    <name>TP3478</name>
  </trkpt>
  <trkpt lat="55.26238" lon="25.97523">
    <name>TP3479</name>
  </trkpt>
  <trkpt lat="55.26241" lon="25.97523">
    <name>TP3480</name>
  </trkpt>
  <trkpt lat="55.26244" lon="25.97526">
    <name>TP3481</name>
  </trkpt>
  <trkpt lat="55.26253" lon="25.97531">
    <name>TP3482</name>
  </trkpt>
  <trkpt lat="55.26256" lon="25.97533">
    <name>TP3483</name>
  </trkpt>
  <trkpt lat="55.26272" lon="25.97546">
    <name>TP3484</name>
  </trkpt>
  <trkpt lat="55.26277" lon="25.97549">
    <name>TP3485</name>
  </trkpt>
  <trkpt lat="55.26293" lon="25.97558">
    <name>TP3486</name>
  </trkpt>
  <trkpt lat="55.26302" lon="25.97563">
    <name>TP3487</name>
  </trkpt>
  <trkpt lat="55.26316" lon="25.97569">
    <name>TP3488</name>
  </trkpt>
  <trkpt lat="55.26324" lon="25.97573">
    <name>TP3489</name>
  </trkpt>
  <trkpt lat="55.26376" lon="25.97616">
    <name>TP3490</name>
  </trkpt>
  <trkpt lat="55.26386" lon="25.97622">
    <name>TP3491</name>
  </trkpt>
  <trkpt lat="55.26389" lon="25.97624">
    <name>TP3492</name>
  </trkpt>
  <trkpt lat="55.26401" lon="25.97629">
    <name>TP3493</name>
  </trkpt>
  <trkpt lat="55.26443" lon="25.97646">
    <name>TP3494</name>
  </trkpt>
  <trkpt lat="55.26463" lon="25.97656">
    <name>TP3495</name>
  </trkpt>
  <trkpt lat="55.26477" lon="25.97664">
    <name>TP3496</name>
  </trkpt>
  <trkpt lat="55.26483" lon="25.97672">
    <name>TP3497</name>
  </trkpt>
  <trkpt lat="55.26496" lon="25.97686">
    <name>TP3498</name>
  </trkpt>
  <trkpt lat="55.26502" lon="25.97695">
    <name>TP3499</name>
  </trkpt>
  <trkpt lat="55.26504" lon="25.97702">
    <name>TP3500</name>
  </trkpt>
  <trkpt lat="55.26508" lon="25.97711">
    <name>TP3501</name>
  </trkpt>
  <trkpt lat="55.26513" lon="25.9772">
    <name>TP3502</name>
  </trkpt>
  <trkpt lat="55.26527" lon="25.97739">
    <name>TP3503</name>
  </trkpt>
  <trkpt lat="55.26541" lon="25.97757">
    <name>TP3504</name>
  </trkpt>
  <trkpt lat="55.2661" lon="25.9782">
    <name>TP3505</name>
  </trkpt>
  <trkpt lat="55.2660969" lon="25.9781977">
    <name>TP3506</name>
  </trkpt>
  <trkpt lat="55.26621" lon="25.97803">
    <name>TP3507</name>
  </trkpt>
  <trkpt lat="55.26634" lon="25.97789">
    <name>TP3508</name>
  </trkpt>
  <trkpt lat="55.26643" lon="25.97781">
    <name>TP3509</name>
  </trkpt>
  <trkpt lat="55.2665" lon="25.97775">
    <name>TP3510</name>
  </trkpt>
  <trkpt lat="55.26651" lon="25.97775">
    <name>TP3511</name>
  </trkpt>
  <trkpt lat="55.26665" lon="25.97766">
    <name>TP3512</name>
  </trkpt>
  <trkpt lat="55.26686" lon="25.97752">
    <name>TP3513</name>
  </trkpt>
  <trkpt lat="55.26701" lon="25.97741">
    <name>TP3514</name>
  </trkpt>
  <trkpt lat="55.26704" lon="25.97738">
    <name>TP3515</name>
  </trkpt>
  <trkpt lat="55.26719" lon="25.97731">
    <name>TP3516</name>
  </trkpt>
  <trkpt lat="55.2672" lon="25.9773">
    <name>TP3517</name>
  </trkpt>
  <trkpt lat="55.26759" lon="25.97708">
    <name>TP3518</name>
  </trkpt>
  <trkpt lat="55.26771" lon="25.977">
    <name>TP3519</name>
  </trkpt>
  <trkpt lat="55.26786" lon="25.97688">
    <name>TP3520</name>
  </trkpt>
  <trkpt lat="55.26787" lon="25.97688">
    <name>TP3521</name>
  </trkpt>
  <trkpt lat="55.268" lon="25.97675">
    <name>TP3522</name>
  </trkpt>
  <trkpt lat="55.26802" lon="25.97673">
    <name>TP3523</name>
  </trkpt>
  <trkpt lat="55.26828" lon="25.97646">
    <name>TP3524</name>
  </trkpt>
  <trkpt lat="55.26833" lon="25.97641">
    <name>TP3525</name>
  </trkpt>
  <trkpt lat="55.26844" lon="25.97631">
    <name>TP3526</name>
  </trkpt>
  <trkpt lat="55.26874" lon="25.97604">
    <name>TP3527</name>
  </trkpt>
  <trkpt lat="55.26881" lon="25.97597">
    <name>TP3528</name>
  </trkpt>
  <trkpt lat="55.26897" lon="25.9758">
    <name>TP3529</name>
  </trkpt>
  <trkpt lat="55.2691" lon="25.97565">
    <name>TP3530</name>
  </trkpt>
  <trkpt lat="55.26911" lon="25.97564">
    <name>TP3531</name>
  </trkpt>
  <trkpt lat="55.26927" lon="25.9755">
    <name>TP3532</name>
  </trkpt>
  <trkpt lat="55.26939" lon="25.97541">
    <name>TP3533</name>
  </trkpt>
  <trkpt lat="55.26944" lon="25.97538">
    <name>TP3534</name>
  </trkpt>
  <trkpt lat="55.2696" lon="25.97526">
    <name>TP3535</name>
  </trkpt>
  <trkpt lat="55.2698" lon="25.97515">
    <name>TP3536</name>
  </trkpt>
  <trkpt lat="55.27006" lon="25.97493">
    <name>TP3537</name>
  </trkpt>
  <trkpt lat="55.27059" lon="25.97448">
    <name>TP3538</name>
  </trkpt>
  <trkpt lat="55.2707" lon="25.97439">
    <name>TP3539</name>
  </trkpt>
  <trkpt lat="55.27081" lon="25.9743">
    <name>TP3540</name>
  </trkpt>
  <trkpt lat="55.27089" lon="25.97421">
    <name>TP3541</name>
  </trkpt>
  <trkpt lat="55.27096" lon="25.97412">
    <name>TP3542</name>
  </trkpt>
  <trkpt lat="55.27108" lon="25.974">
    <name>TP3543</name>
  </trkpt>
  <trkpt lat="55.27115" lon="25.97395">
    <name>TP3544</name>
  </trkpt>
  <trkpt lat="55.27125" lon="25.97389">
    <name>TP3545</name>
  </trkpt>
  <trkpt lat="55.27136" lon="25.97383">
    <name>TP3546</name>
  </trkpt>
  <trkpt lat="55.27156" lon="25.97368">
    <name>TP3547</name>
  </trkpt>
  <trkpt lat="55.27173" lon="25.97355">
    <name>TP3548</name>
  </trkpt>
  <trkpt lat="55.2719" lon="25.97344">
    <name>TP3549</name>
  </trkpt>
  <trkpt lat="55.27206" lon="25.97335">
    <name>TP3550</name>
  </trkpt>
  <trkpt lat="55.27213" lon="25.97332">
    <name>TP3551</name>
  </trkpt>
  <trkpt lat="55.27244" lon="25.97325">
    <name>TP3552</name>
  </trkpt>
  <trkpt lat="55.27256" lon="25.97323">
    <name>TP3553</name>
  </trkpt>
  <trkpt lat="55.27262" lon="25.97323">
    <name>TP3554</name>
  </trkpt>
  <trkpt lat="55.27275" lon="25.97321">
    <name>TP3555</name>
  </trkpt>
  <trkpt lat="55.27308" lon="25.97321">
    <name>TP3556</name>
  </trkpt>
  <trkpt lat="55.27312" lon="25.97321">
    <name>TP3557</name>
  </trkpt>
  <trkpt lat="55.27316" lon="25.97319">
    <name>TP3558</name>
  </trkpt>
  <trkpt lat="55.2732" lon="25.97318">
    <name>TP3559</name>
  </trkpt>
  <trkpt lat="55.27324" lon="25.97315">
    <name>TP3560</name>
  </trkpt>
  <trkpt lat="55.27328" lon="25.97312">
    <name>TP3561</name>
  </trkpt>
  <trkpt lat="55.27333" lon="25.97306">
    <name>TP3562</name>
  </trkpt>
  <trkpt lat="55.27343" lon="25.97297">
    <name>TP3563</name>
  </trkpt>
  <trkpt lat="55.273431" lon="25.972973">
    <name>TP3564</name>
  </trkpt>
  <trkpt lat="55.27391" lon="25.97291">
    <name>TP3565</name>
  </trkpt>
  <trkpt lat="55.2743" lon="25.97299">
    <name>TP3566</name>
  </trkpt>
  <trkpt lat="55.27447" lon="25.97303">
    <name>TP3567</name>
  </trkpt>
  <trkpt lat="55.27459" lon="25.97305">
    <name>TP3568</name>
  </trkpt>
  <trkpt lat="55.27483" lon="25.97309">
    <name>TP3569</name>
  </trkpt>
  <trkpt lat="55.27517" lon="25.97308">
    <name>TP3570</name>
  </trkpt>
  <trkpt lat="55.27531" lon="25.97313">
    <name>TP3571</name>
  </trkpt>
  <trkpt lat="55.27546" lon="25.97323">
    <name>TP3572</name>
  </trkpt>
  <trkpt lat="55.27566" lon="25.97341">
    <name>TP3573</name>
  </trkpt>
  <trkpt lat="55.27579" lon="25.97355">
    <name>TP3574</name>
  </trkpt>
  <trkpt lat="55.276" lon="25.97377">
    <name>TP3575</name>
  </trkpt>
  <trkpt lat="55.2762" lon="25.97395">
    <name>TP3576</name>
  </trkpt>
  <trkpt lat="55.27631" lon="25.97404">
    <name>TP3577</name>
  </trkpt>
  <trkpt lat="55.2763098" lon="25.9740446">
    <name>TP3578</name>
  </trkpt>
  <trkpt lat="55.27644" lon="25.97455">
    <name>TP3579</name>
  </trkpt>
  <trkpt lat="55.27656" lon="25.97493">
    <name>TP3580</name>
  </trkpt>
  <trkpt lat="55.27661" lon="25.97506">
    <name>TP3581</name>
  </trkpt>
  <trkpt lat="55.2768" lon="25.97559">
    <name>TP3582</name>
  </trkpt>
  <trkpt lat="55.27684" lon="25.97568">
    <name>TP3583</name>
  </trkpt>
  <trkpt lat="55.2771" lon="25.97638">
    <name>TP3584</name>
  </trkpt>
  <trkpt lat="55.27712" lon="25.97646">
    <name>TP3585</name>
  </trkpt>
  <trkpt lat="55.2772" lon="25.97664">
    <name>TP3586</name>
  </trkpt>
  <trkpt lat="55.27727" lon="25.97683">
    <name>TP3587</name>
  </trkpt>
  <trkpt lat="55.27753" lon="25.97731">
    <name>TP3588</name>
  </trkpt>
  <trkpt lat="55.27768" lon="25.97757">
    <name>TP3589</name>
  </trkpt>
  <trkpt lat="55.27773" lon="25.97765">
    <name>TP3590</name>
  </trkpt>
  <trkpt lat="55.27797" lon="25.97801">
    <name>TP3591</name>
  </trkpt>
  <trkpt lat="55.27807" lon="25.97814">
    <name>TP3592</name>
  </trkpt>
  <trkpt lat="55.27813" lon="25.97827">
    <name>TP3593</name>
  </trkpt>
  <trkpt lat="55.27816" lon="25.97835">
    <name>TP3594</name>
  </trkpt>
  <trkpt lat="55.27818" lon="25.97846">
    <name>TP3595</name>
  </trkpt>
  <trkpt lat="55.27823" lon="25.97879">
    <name>TP3596</name>
  </trkpt>
  <trkpt lat="55.2783" lon="25.97938">
    <name>TP3597</name>
  </trkpt>
  <trkpt lat="55.27835" lon="25.97967">
    <name>TP3598</name>
  </trkpt>
  <trkpt lat="55.27841" lon="25.97997">
    <name>TP3599</name>
  </trkpt>
  <trkpt lat="55.27845" lon="25.9801">
    <name>TP3600</name>
  </trkpt>
  <trkpt lat="55.2785" lon="25.98027">
    <name>TP3601</name>
  </trkpt>
  <trkpt lat="55.27853" lon="25.98037">
    <name>TP3602</name>
  </trkpt>
  <trkpt lat="55.27861" lon="25.98057">
    <name>TP3603</name>
  </trkpt>
  <trkpt lat="55.27873" lon="25.9809">
    <name>TP3604</name>
  </trkpt>
  <trkpt lat="55.2789" lon="25.98131">
    <name>TP3605</name>
  </trkpt>
  <trkpt lat="55.27913" lon="25.98203">
    <name>TP3606</name>
  </trkpt>
  <trkpt lat="55.27918" lon="25.98226">
    <name>TP3607</name>
  </trkpt>
  <trkpt lat="55.27934" lon="25.98319">
    <name>TP3608</name>
  </trkpt>
  <trkpt lat="55.27935" lon="25.98328">
    <name>TP3609</name>
  </trkpt>
  <trkpt lat="55.27941" lon="25.98358">
    <name>TP3610</name>
  </trkpt>
  <trkpt lat="55.27947" lon="25.98388">
    <name>TP3611</name>
  </trkpt>
  <trkpt lat="55.27953" lon="25.98421">
    <name>TP3612</name>
  </trkpt>
  <trkpt lat="55.27959" lon="25.98448">
    <name>TP3613</name>
  </trkpt>
  <trkpt lat="55.27963" lon="25.98467">
    <name>TP3614</name>
  </trkpt>
  <trkpt lat="55.27973" lon="25.98506">
    <name>TP3615</name>
  </trkpt>
  <trkpt lat="55.27978" lon="25.98528">
    <name>TP3616</name>
  </trkpt>
  <trkpt lat="55.27988" lon="25.98563">
    <name>TP3617</name>
  </trkpt>
  <trkpt lat="55.27991" lon="25.98572">
    <name>TP3618</name>
  </trkpt>
  <trkpt lat="55.27998" lon="25.98589">
    <name>TP3619</name>
  </trkpt>
  <trkpt lat="55.28005" lon="25.98606">
    <name>TP3620</name>
  </trkpt>
  <trkpt lat="55.28009" lon="25.98614">
    <name>TP3621</name>
  </trkpt>
  <trkpt lat="55.28022" lon="25.98635">
    <name>TP3622</name>
  </trkpt>
  <trkpt lat="55.28036" lon="25.98653">
    <name>TP3623</name>
  </trkpt>
  <trkpt lat="55.28053" lon="25.98667">
    <name>TP3624</name>
  </trkpt>
  <trkpt lat="55.28069" lon="25.9868">
    <name>TP3625</name>
  </trkpt>
  <trkpt lat="55.28086" lon="25.98694">
    <name>TP3626</name>
  </trkpt>
  <trkpt lat="55.28102" lon="25.98708">
    <name>TP3627</name>
  </trkpt>
  <trkpt lat="55.28107" lon="25.98712">
    <name>TP3628</name>
  </trkpt>
  <trkpt lat="55.2812" lon="25.9873">
    <name>TP3629</name>
  </trkpt>
  <trkpt lat="55.28144" lon="25.98767">
    <name>TP3630</name>
  </trkpt>
  <trkpt lat="55.28144" lon="25.98768">
    <name>TP3631</name>
  </trkpt>
  <trkpt lat="55.28169" lon="25.98812">
    <name>TP3632</name>
  </trkpt>
  <trkpt lat="55.28175" lon="25.98822">
    <name>TP3633</name>
  </trkpt>
  <trkpt lat="55.28182" lon="25.98834">
    <name>TP3634</name>
  </trkpt>
  <trkpt lat="55.28194" lon="25.98857">
    <name>TP3635</name>
  </trkpt>
  <trkpt lat="55.28202" lon="25.98871">
    <name>TP3636</name>
  </trkpt>
  <trkpt lat="55.28207" lon="25.98879">
    <name>TP3637</name>
  </trkpt>
  <trkpt lat="55.2823" lon="25.98921">
    <name>TP3638</name>
  </trkpt>
  <trkpt lat="55.28232" lon="25.98925">
    <name>TP3639</name>
  </trkpt>
  <trkpt lat="55.28247" lon="25.98957">
    <name>TP3640</name>
  </trkpt>
  <trkpt lat="55.28252" lon="25.98976">
    <name>TP3641</name>
  </trkpt>
  <trkpt lat="55.28256" lon="25.98992">
    <name>TP3642</name>
  </trkpt>
  <trkpt lat="55.28259" lon="25.99005">
    <name>TP3643</name>
  </trkpt>
  <trkpt lat="55.28264" lon="25.99032">
    <name>TP3644</name>
  </trkpt>
  <trkpt lat="55.28265" lon="25.99035">
    <name>TP3645</name>
  </trkpt>
  <trkpt lat="55.2827" lon="25.99059">
    <name>TP3646</name>
  </trkpt>
  <trkpt lat="55.28271" lon="25.99065">
    <name>TP3647</name>
  </trkpt>
  <trkpt lat="55.28285" lon="25.99123">
    <name>TP3648</name>
  </trkpt>
  <trkpt lat="55.28298" lon="25.99182">
    <name>TP3649</name>
  </trkpt>
  <trkpt lat="55.28305" lon="25.99211">
    <name>TP3650</name>
  </trkpt>
  <trkpt lat="55.28309" lon="25.99229">
    <name>TP3651</name>
  </trkpt>
  <trkpt lat="55.28319" lon="25.99269">
    <name>TP3652</name>
  </trkpt>
  <trkpt lat="55.28339" lon="25.99343">
    <name>TP3653</name>
  </trkpt>
  <trkpt lat="55.2835" lon="25.99392">
    <name>TP3654</name>
  </trkpt>
  <trkpt lat="55.28354" lon="25.99415">
    <name>TP3655</name>
  </trkpt>
  <trkpt lat="55.28364" lon="25.9947">
    <name>TP3656</name>
  </trkpt>
  <trkpt lat="55.28365" lon="25.99475">
    <name>TP3657</name>
  </trkpt>
  <trkpt lat="55.28368" lon="25.99506">
    <name>TP3658</name>
  </trkpt>
  <trkpt lat="55.28369" lon="25.99514">
    <name>TP3659</name>
  </trkpt>
  <trkpt lat="55.28372" lon="25.99563">
    <name>TP3660</name>
  </trkpt>
  <trkpt lat="55.28364" lon="25.99625">
    <name>TP3661</name>
  </trkpt>
  <trkpt lat="55.28363" lon="25.9963">
    <name>TP3662</name>
  </trkpt>
  <trkpt lat="55.28358" lon="25.9966">
    <name>TP3663</name>
  </trkpt>
  <trkpt lat="55.28352" lon="25.9969">
    <name>TP3664</name>
  </trkpt>
  <trkpt lat="55.28349" lon="25.99708">
    <name>TP3665</name>
  </trkpt>
  <trkpt lat="55.28348" lon="25.99721">
    <name>TP3666</name>
  </trkpt>
  <trkpt lat="55.28345" lon="25.99752">
    <name>TP3667</name>
  </trkpt>
  <trkpt lat="55.28342" lon="25.99775">
    <name>TP3668</name>
  </trkpt>
  <trkpt lat="55.2834" lon="25.99814">
    <name>TP3669</name>
  </trkpt>
  <trkpt lat="55.2834" lon="25.99844">
    <name>TP3670</name>
  </trkpt>
  <trkpt lat="55.2834" lon="25.99846">
    <name>TP3671</name>
  </trkpt>
  <trkpt lat="55.28344" lon="25.99865">
    <name>TP3672</name>
  </trkpt>
  <trkpt lat="55.28346" lon="25.99876">
    <name>TP3673</name>
  </trkpt>
  <trkpt lat="55.2835" lon="25.99898">
    <name>TP3674</name>
  </trkpt>
  <trkpt lat="55.28359" lon="25.99935">
    <name>TP3675</name>
  </trkpt>
  <trkpt lat="55.2836" lon="25.99939">
    <name>TP3676</name>
  </trkpt>
  <trkpt lat="55.28371" lon="25.99963">
    <name>TP3677</name>
  </trkpt>
  <trkpt lat="55.28383" lon="25.99985">
    <name>TP3678</name>
  </trkpt>
  <trkpt lat="55.28397" lon="26">
    <name>TP3679</name>
  </trkpt>
  <trkpt lat="55.28424" lon="26.00029">
    <name>TP3680</name>
  </trkpt>
  <trkpt lat="55.28451" lon="26.00062">
    <name>TP3681</name>
  </trkpt>
  <trkpt lat="55.28469" lon="26.00087">
    <name>TP3682</name>
  </trkpt>
  <trkpt lat="55.28471" lon="26.0009">
    <name>TP3683</name>
  </trkpt>
  <trkpt lat="55.28491" lon="26.00125">
    <name>TP3684</name>
  </trkpt>
  <trkpt lat="55.28496" lon="26.00134">
    <name>TP3685</name>
  </trkpt>
  <trkpt lat="55.28502" lon="26.00145">
    <name>TP3686</name>
  </trkpt>
  <trkpt lat="55.28519" lon="26.00194">
    <name>TP3687</name>
  </trkpt>
  <trkpt lat="55.28537" lon="26.00266">
    <name>TP3688</name>
  </trkpt>
  <trkpt lat="55.28538" lon="26.00273">
    <name>TP3689</name>
  </trkpt>
  <trkpt lat="55.28558" lon="26.00361">
    <name>TP3690</name>
  </trkpt>
  <trkpt lat="55.28562" lon="26.00379">
    <name>TP3691</name>
  </trkpt>
  <trkpt lat="55.28566" lon="26.0039">
    <name>TP3692</name>
  </trkpt>
  <trkpt lat="55.28575" lon="26.00417">
    <name>TP3693</name>
  </trkpt>
  <trkpt lat="55.28578" lon="26.00427">
    <name>TP3694</name>
  </trkpt>
  <trkpt lat="55.28585" lon="26.00442">
    <name>TP3695</name>
  </trkpt>
  <trkpt lat="55.28595" lon="26.00464">
    <name>TP3696</name>
  </trkpt>
  <trkpt lat="55.28615" lon="26.00503">
    <name>TP3697</name>
  </trkpt>
  <trkpt lat="55.28621" lon="26.00514">
    <name>TP3698</name>
  </trkpt>
  <trkpt lat="55.28636" lon="26.00542">
    <name>TP3699</name>
  </trkpt>
  <trkpt lat="55.28644" lon="26.00561">
    <name>TP3700</name>
  </trkpt>
  <trkpt lat="55.2865" lon="26.00575">
    <name>TP3701</name>
  </trkpt>
  <trkpt lat="55.28655" lon="26.006">
    <name>TP3702</name>
  </trkpt>
  <trkpt lat="55.28658" lon="26.00626">
    <name>TP3703</name>
  </trkpt>
  <trkpt lat="55.2866" lon="26.0065">
    <name>TP3704</name>
  </trkpt>
  <trkpt lat="55.28662" lon="26.00669">
    <name>TP3705</name>
  </trkpt>
  <trkpt lat="55.28661" lon="26.00682">
    <name>TP3706</name>
  </trkpt>
  <trkpt lat="55.28661" lon="26.00713">
    <name>TP3707</name>
  </trkpt>
  <trkpt lat="55.28661" lon="26.00727">
    <name>TP3708</name>
  </trkpt>
  <trkpt lat="55.28657" lon="26.00776">
    <name>TP3709</name>
  </trkpt>
  <trkpt lat="55.28657" lon="26.00783">
    <name>TP3710</name>
  </trkpt>
  <trkpt lat="55.28655" lon="26.00807">
    <name>TP3711</name>
  </trkpt>
  <trkpt lat="55.2865" lon="26.00865">
    <name>TP3712</name>
  </trkpt>
  <trkpt lat="55.28649" lon="26.0087">
    <name>TP3713</name>
  </trkpt>
  <trkpt lat="55.28646" lon="26.00893">
    <name>TP3714</name>
  </trkpt>
  <trkpt lat="55.28642" lon="26.0093">
    <name>TP3715</name>
  </trkpt>
  <trkpt lat="55.2864" lon="26.0095">
    <name>TP3716</name>
  </trkpt>
  <trkpt lat="55.2864" lon="26.00964">
    <name>TP3717</name>
  </trkpt>
  <trkpt lat="55.28641" lon="26.00978">
    <name>TP3718</name>
  </trkpt>
  <trkpt lat="55.28642" lon="26.0099">
    <name>TP3719</name>
  </trkpt>
  <trkpt lat="55.28643" lon="26.00994">
    <name>TP3720</name>
  </trkpt>
  <trkpt lat="55.28644" lon="26.01002">
    <name>TP3721</name>
  </trkpt>
  <trkpt lat="55.28648" lon="26.01017">
    <name>TP3722</name>
  </trkpt>
  <trkpt lat="55.28649" lon="26.01023">
    <name>TP3723</name>
  </trkpt>
  <trkpt lat="55.28652" lon="26.01034">
    <name>TP3724</name>
  </trkpt>
  <trkpt lat="55.28656" lon="26.01053">
    <name>TP3725</name>
  </trkpt>
  <trkpt lat="55.28659" lon="26.01071">
    <name>TP3726</name>
  </trkpt>
  <trkpt lat="55.28662" lon="26.01083">
    <name>TP3727</name>
  </trkpt>
  <trkpt lat="55.28665" lon="26.01097">
    <name>TP3728</name>
  </trkpt>
  <trkpt lat="55.28668" lon="26.01112">
    <name>TP3729</name>
  </trkpt>
  <trkpt lat="55.28685" lon="26.01197">
    <name>TP3730</name>
  </trkpt>
  <trkpt lat="55.28686" lon="26.01201">
    <name>TP3731</name>
  </trkpt>
  <trkpt lat="55.28694" lon="26.01251">
    <name>TP3732</name>
  </trkpt>
  <trkpt lat="55.28696" lon="26.0127">
    <name>TP3733</name>
  </trkpt>
  <trkpt lat="55.28699" lon="26.01299">
    <name>TP3734</name>
  </trkpt>
  <trkpt lat="55.287" lon="26.01309">
    <name>TP3735</name>
  </trkpt>
  <trkpt lat="55.28703" lon="26.01324">
    <name>TP3736</name>
  </trkpt>
  <trkpt lat="55.28706" lon="26.01339">
    <name>TP3737</name>
  </trkpt>
  <trkpt lat="55.28709" lon="26.01349">
    <name>TP3738</name>
  </trkpt>
  <trkpt lat="55.28711" lon="26.01353">
    <name>TP3739</name>
  </trkpt>
  <trkpt lat="55.28718" lon="26.01371">
    <name>TP3740</name>
  </trkpt>
  <trkpt lat="55.28725" lon="26.01387">
    <name>TP3741</name>
  </trkpt>
  <trkpt lat="55.28764" lon="26.01474">
    <name>TP3742</name>
  </trkpt>
  <trkpt lat="55.28766" lon="26.01477">
    <name>TP3743</name>
  </trkpt>
  <trkpt lat="55.28787" lon="26.01528">
    <name>TP3744</name>
  </trkpt>
  <trkpt lat="55.28808" lon="26.01579">
    <name>TP3745</name>
  </trkpt>
  <trkpt lat="55.28829" lon="26.0163">
    <name>TP3746</name>
  </trkpt>
  <trkpt lat="55.28834" lon="26.01641">
    <name>TP3747</name>
  </trkpt>
  <trkpt lat="55.28841" lon="26.01655">
    <name>TP3748</name>
  </trkpt>
  <trkpt lat="55.28852" lon="26.01679">
    <name>TP3749</name>
  </trkpt>
  <trkpt lat="55.28876" lon="26.01728">
    <name>TP3750</name>
  </trkpt>
  <trkpt lat="55.28898" lon="26.01777">
    <name>TP3751</name>
  </trkpt>
  <trkpt lat="55.28909" lon="26.01802">
    <name>TP3752</name>
  </trkpt>
  <trkpt lat="55.28934" lon="26.0186">
    <name>TP3753</name>
  </trkpt>
  <trkpt lat="55.2894" lon="26.01879">
    <name>TP3754</name>
  </trkpt>
  <trkpt lat="55.28979" lon="26.02025">
    <name>TP3755</name>
  </trkpt>
  <trkpt lat="55.289794" lon="26.0202453">
    <name>TP3756</name>
  </trkpt>
  <trkpt lat="55.28952" lon="26.0199">
    <name>TP3757</name>
  </trkpt>
  <trkpt lat="55.2895226" lon="26.0198982">
    <name>TP3758</name>
  </trkpt>
  <trkpt lat="55.2895226" lon="26.0198982">
    <name>TP3759</name>
  </trkpt>
  <trkpt lat="55.28979" lon="26.02025">
    <name>TP3760</name>
  </trkpt>
  <trkpt lat="55.29025" lon="26.02075">
    <name>TP3761</name>
  </trkpt>
  <trkpt lat="55.29101" lon="26.02159">
    <name>TP3762</name>
  </trkpt>
  <trkpt lat="55.29117" lon="26.02176">
    <name>TP3763</name>
  </trkpt>
  <trkpt lat="55.29145" lon="26.02207">
    <name>TP3764</name>
  </trkpt>
  <trkpt lat="55.29151" lon="26.02216">
    <name>TP3765</name>
  </trkpt>
  <trkpt lat="55.29158" lon="26.02225">
    <name>TP3766</name>
  </trkpt>
  <trkpt lat="55.29199" lon="26.02294">
    <name>TP3767</name>
  </trkpt>
  <trkpt lat="55.29227" lon="26.02341">
    <name>TP3768</name>
  </trkpt>
  <trkpt lat="55.29315" lon="26.02492">
    <name>TP3769</name>
  </trkpt>
  <trkpt lat="55.2938" lon="26.02603">
    <name>TP3770</name>
  </trkpt>
  <trkpt lat="55.29385" lon="26.02613">
    <name>TP3771</name>
  </trkpt>
  <trkpt lat="55.29392" lon="26.02625">
    <name>TP3772</name>
  </trkpt>
  <trkpt lat="55.29405" lon="26.02647">
    <name>TP3773</name>
  </trkpt>
  <trkpt lat="55.29418" lon="26.02669">
    <name>TP3774</name>
  </trkpt>
  <trkpt lat="55.29438" lon="26.02704">
    <name>TP3775</name>
  </trkpt>
  <trkpt lat="55.29443" lon="26.02714">
    <name>TP3776</name>
  </trkpt>
  <trkpt lat="55.29468" lon="26.02759">
    <name>TP3777</name>
  </trkpt>
  <trkpt lat="55.29559" lon="26.02914">
    <name>TP3778</name>
  </trkpt>
  <trkpt lat="55.2958" lon="26.02951">
    <name>TP3779</name>
  </trkpt>
  <trkpt lat="55.29602" lon="26.02979">
    <name>TP3780</name>
  </trkpt>
  <trkpt lat="55.29619" lon="26.03009">
    <name>TP3781</name>
  </trkpt>
  <trkpt lat="55.29665" lon="26.03086">
    <name>TP3782</name>
  </trkpt>
  <trkpt lat="55.29719" lon="26.03158">
    <name>TP3783</name>
  </trkpt>
  <trkpt lat="55.29748" lon="26.03195">
    <name>TP3784</name>
  </trkpt>
  <trkpt lat="55.29804" lon="26.03253">
    <name>TP3785</name>
  </trkpt>
  <trkpt lat="55.29829" lon="26.03277">
    <name>TP3786</name>
  </trkpt>
  <trkpt lat="55.29878" lon="26.0332">
    <name>TP3787</name>
  </trkpt>
  <trkpt lat="55.2994" lon="26.03377">
    <name>TP3788</name>
  </trkpt>
  <trkpt lat="55.29944" lon="26.03381">
    <name>TP3789</name>
  </trkpt>
  <trkpt lat="55.29974" lon="26.03411">
    <name>TP3790</name>
  </trkpt>
  <trkpt lat="55.30005" lon="26.03444">
    <name>TP3791</name>
  </trkpt>
  <trkpt lat="55.30026" lon="26.03468">
    <name>TP3792</name>
  </trkpt>
  <trkpt lat="55.30044" lon="26.03494">
    <name>TP3793</name>
  </trkpt>
  <trkpt lat="55.30078" lon="26.03539">
    <name>TP3794</name>
  </trkpt>
  <trkpt lat="55.30091" lon="26.03558">
    <name>TP3795</name>
  </trkpt>
  <trkpt lat="55.30105" lon="26.03576">
    <name>TP3796</name>
  </trkpt>
  <trkpt lat="55.30248" lon="26.03785">
    <name>TP3797</name>
  </trkpt>
  <trkpt lat="55.30269" lon="26.03829">
    <name>TP3798</name>
  </trkpt>
  <trkpt lat="55.30273" lon="26.03838">
    <name>TP3799</name>
  </trkpt>
  <trkpt lat="55.30275" lon="26.03842">
    <name>TP3800</name>
  </trkpt>
  <trkpt lat="55.30276" lon="26.03846">
    <name>TP3801</name>
  </trkpt>
  <trkpt lat="55.30281" lon="26.03856">
    <name>TP3802</name>
  </trkpt>
  <trkpt lat="55.30387" lon="26.04093">
    <name>TP3803</name>
  </trkpt>
  <trkpt lat="55.30411" lon="26.04153">
    <name>TP3804</name>
  </trkpt>
  <trkpt lat="55.30473" lon="26.04311">
    <name>TP3805</name>
  </trkpt>
  <trkpt lat="55.30486" lon="26.04346">
    <name>TP3806</name>
  </trkpt>
  <trkpt lat="55.30577" lon="26.04579">
    <name>TP3807</name>
  </trkpt>
  <trkpt lat="55.30637" lon="26.04736">
    <name>TP3808</name>
  </trkpt>
  <trkpt lat="55.30638" lon="26.04737">
    <name>TP3809</name>
  </trkpt>
  <trkpt lat="55.30659" lon="26.04789">
    <name>TP3810</name>
  </trkpt>
  <trkpt lat="55.3069" lon="26.04868">
    <name>TP3811</name>
  </trkpt>
  <trkpt lat="55.307" lon="26.04891">
    <name>TP3812</name>
  </trkpt>
  <trkpt lat="55.30762" lon="26.05038">
    <name>TP3813</name>
  </trkpt>
  <trkpt lat="55.30794" lon="26.05119">
    <name>TP3814</name>
  </trkpt>
  <trkpt lat="55.30826" lon="26.05211">
    <name>TP3815</name>
  </trkpt>
  <trkpt lat="55.30829" lon="26.0522">
    <name>TP3816</name>
  </trkpt>
  <trkpt lat="55.30831" lon="26.05226">
    <name>TP3817</name>
  </trkpt>
  <trkpt lat="55.30833" lon="26.05233">
    <name>TP3818</name>
  </trkpt>
  <trkpt lat="55.30836" lon="26.05241">
    <name>TP3819</name>
  </trkpt>
  <trkpt lat="55.30892" lon="26.05415">
    <name>TP3820</name>
  </trkpt>
  <trkpt lat="55.30913" lon="26.05466">
    <name>TP3821</name>
  </trkpt>
  <trkpt lat="55.30917" lon="26.05478">
    <name>TP3822</name>
  </trkpt>
  <trkpt lat="55.30932" lon="26.0552">
    <name>TP3823</name>
  </trkpt>
  <trkpt lat="55.30939" lon="26.0554">
    <name>TP3824</name>
  </trkpt>
  <trkpt lat="55.3094" lon="26.05547">
    <name>TP3825</name>
  </trkpt>
  <trkpt lat="55.30954" lon="26.05597">
    <name>TP3826</name>
  </trkpt>
  <trkpt lat="55.30965" lon="26.05642">
    <name>TP3827</name>
  </trkpt>
  <trkpt lat="55.30969" lon="26.05677">
    <name>TP3828</name>
  </trkpt>
  <trkpt lat="55.3097" lon="26.05687">
    <name>TP3829</name>
  </trkpt>
  <trkpt lat="55.3097" lon="26.05689">
    <name>TP3830</name>
  </trkpt>
  <trkpt lat="55.30976" lon="26.05781">
    <name>TP3831</name>
  </trkpt>
  <trkpt lat="55.30977" lon="26.05812">
    <name>TP3832</name>
  </trkpt>
  <trkpt lat="55.30978" lon="26.05824">
    <name>TP3833</name>
  </trkpt>
  <trkpt lat="55.30979" lon="26.05842">
    <name>TP3834</name>
  </trkpt>
  <trkpt lat="55.30979" lon="26.05844">
    <name>TP3835</name>
  </trkpt>
  <trkpt lat="55.30979" lon="26.05845">
    <name>TP3836</name>
  </trkpt>
  <trkpt lat="55.3098" lon="26.05856">
    <name>TP3837</name>
  </trkpt>
  <trkpt lat="55.3098" lon="26.05859">
    <name>TP3838</name>
  </trkpt>
  <trkpt lat="55.3098" lon="26.05875">
    <name>TP3839</name>
  </trkpt>
  <trkpt lat="55.3098" lon="26.05939">
    <name>TP3840</name>
  </trkpt>
  <trkpt lat="55.3098" lon="26.05947">
    <name>TP3841</name>
  </trkpt>
  <trkpt lat="55.30981" lon="26.0597">
    <name>TP3842</name>
  </trkpt>
  <trkpt lat="55.30982" lon="26.05975">
    <name>TP3843</name>
  </trkpt>
  <trkpt lat="55.30987" lon="26.06017">
    <name>TP3844</name>
  </trkpt>
  <trkpt lat="55.3099" lon="26.06031">
    <name>TP3845</name>
  </trkpt>
  <trkpt lat="55.31" lon="26.06088">
    <name>TP3846</name>
  </trkpt>
  <trkpt lat="55.31021" lon="26.06161">
    <name>TP3847</name>
  </trkpt>
  <trkpt lat="55.31023" lon="26.06167">
    <name>TP3848</name>
  </trkpt>
  <trkpt lat="55.31026" lon="26.06175">
    <name>TP3849</name>
  </trkpt>
  <trkpt lat="55.31035" lon="26.06195">
    <name>TP3850</name>
  </trkpt>
  <trkpt lat="55.31061" lon="26.0625">
    <name>TP3851</name>
  </trkpt>
  <trkpt lat="55.31086" lon="26.06307">
    <name>TP3852</name>
  </trkpt>
  <trkpt lat="55.31102" lon="26.06342">
    <name>TP3853</name>
  </trkpt>
  <trkpt lat="55.3110228" lon="26.0634158">
    <name>TP3854</name>
  </trkpt>
  <trkpt lat="55.31134" lon="26.06345">
    <name>TP3855</name>
  </trkpt>
  <trkpt lat="55.31145" lon="26.06348">
    <name>TP3856</name>
  </trkpt>
  <trkpt lat="55.31151" lon="26.06349">
    <name>TP3857</name>
  </trkpt>
  <trkpt lat="55.31163" lon="26.06352">
    <name>TP3858</name>
  </trkpt>
  <trkpt lat="55.31177" lon="26.06358">
    <name>TP3859</name>
  </trkpt>
  <trkpt lat="55.31186" lon="26.06362">
    <name>TP3860</name>
  </trkpt>
  <trkpt lat="55.31191" lon="26.06366">
    <name>TP3861</name>
  </trkpt>
  <trkpt lat="55.31197" lon="26.06372">
    <name>TP3862</name>
  </trkpt>
  <trkpt lat="55.31202" lon="26.06377">
    <name>TP3863</name>
  </trkpt>
  <trkpt lat="55.31212" lon="26.06391">
    <name>TP3864</name>
  </trkpt>
  <trkpt lat="55.31213" lon="26.06393">
    <name>TP3865</name>
  </trkpt>
  <trkpt lat="55.31225" lon="26.06412">
    <name>TP3866</name>
  </trkpt>
  <trkpt lat="55.31243" lon="26.0644">
    <name>TP3867</name>
  </trkpt>
  <trkpt lat="55.31254" lon="26.06448">
    <name>TP3868</name>
  </trkpt>
  <trkpt lat="55.31255" lon="26.06449">
    <name>TP3869</name>
  </trkpt>
  <trkpt lat="55.31268" lon="26.06456">
    <name>TP3870</name>
  </trkpt>
  <trkpt lat="55.31271" lon="26.06458">
    <name>TP3871</name>
  </trkpt>
  <trkpt lat="55.3128" lon="26.06464">
    <name>TP3872</name>
  </trkpt>
  <trkpt lat="55.31288" lon="26.06466">
    <name>TP3873</name>
  </trkpt>
  <trkpt lat="55.31306" lon="26.0647">
    <name>TP3874</name>
  </trkpt>
  <trkpt lat="55.31324" lon="26.06473">
    <name>TP3875</name>
  </trkpt>
  <trkpt lat="55.31338" lon="26.06476">
    <name>TP3876</name>
  </trkpt>
  <trkpt lat="55.31342" lon="26.06476">
    <name>TP3877</name>
  </trkpt>
  <trkpt lat="55.3136" lon="26.06475">
    <name>TP3878</name>
  </trkpt>
  <trkpt lat="55.31376" lon="26.06479">
    <name>TP3879</name>
  </trkpt>
  <trkpt lat="55.31378" lon="26.0648">
    <name>TP3880</name>
  </trkpt>
  <trkpt lat="55.31394" lon="26.06487">
    <name>TP3881</name>
  </trkpt>
  <trkpt lat="55.31466" lon="26.06507">
    <name>TP3882</name>
  </trkpt>
  <trkpt lat="55.31478" lon="26.0651">
    <name>TP3883</name>
  </trkpt>
  <trkpt lat="55.31498" lon="26.06515">
    <name>TP3884</name>
  </trkpt>
  <trkpt lat="55.31502" lon="26.06516">
    <name>TP3885</name>
  </trkpt>
  <trkpt lat="55.3152" lon="26.0652">
    <name>TP3886</name>
  </trkpt>
  <trkpt lat="55.31523" lon="26.06521">
    <name>TP3887</name>
  </trkpt>
  <trkpt lat="55.31533" lon="26.06524">
    <name>TP3888</name>
  </trkpt>
  <trkpt lat="55.31537" lon="26.06526">
    <name>TP3889</name>
  </trkpt>
  <trkpt lat="55.3154" lon="26.06528">
    <name>TP3890</name>
  </trkpt>
  <trkpt lat="55.3155" lon="26.06538">
    <name>TP3891</name>
  </trkpt>
  <trkpt lat="55.31553" lon="26.06542">
    <name>TP3892</name>
  </trkpt>
  <trkpt lat="55.31561" lon="26.06552">
    <name>TP3893</name>
  </trkpt>
  <trkpt lat="55.31567" lon="26.06561">
    <name>TP3894</name>
  </trkpt>
  <trkpt lat="55.31581" lon="26.0658">
    <name>TP3895</name>
  </trkpt>
  <trkpt lat="55.31595" lon="26.066">
    <name>TP3896</name>
  </trkpt>
  <trkpt lat="55.31619" lon="26.06632">
    <name>TP3897</name>
  </trkpt>
  <trkpt lat="55.3164" lon="26.06654">
    <name>TP3898</name>
  </trkpt>
  <trkpt lat="55.31652" lon="26.06668">
    <name>TP3899</name>
  </trkpt>
  <trkpt lat="55.31689" lon="26.06692">
    <name>TP3900</name>
  </trkpt>
  <trkpt lat="55.31695" lon="26.06696">
    <name>TP3901</name>
  </trkpt>
  <trkpt lat="55.31701" lon="26.06698">
    <name>TP3902</name>
  </trkpt>
  <trkpt lat="55.31706" lon="26.067">
    <name>TP3903</name>
  </trkpt>
  <trkpt lat="55.3172" lon="26.06704">
    <name>TP3904</name>
  </trkpt>
  <trkpt lat="55.31724" lon="26.06705">
    <name>TP3905</name>
  </trkpt>
  <trkpt lat="55.31742" lon="26.06707">
    <name>TP3906</name>
  </trkpt>
  <trkpt lat="55.31743" lon="26.06707">
    <name>TP3907</name>
  </trkpt>
  <trkpt lat="55.31758" lon="26.06708">
    <name>TP3908</name>
  </trkpt>
  <trkpt lat="55.31763" lon="26.06708">
    <name>TP3909</name>
  </trkpt>
  <trkpt lat="55.31769" lon="26.06705">
    <name>TP3910</name>
  </trkpt>
  <trkpt lat="55.31773" lon="26.067">
    <name>TP3911</name>
  </trkpt>
  <trkpt lat="55.31775" lon="26.06694">
    <name>TP3912</name>
  </trkpt>
  <trkpt lat="55.31776" lon="26.06693">
    <name>TP3913</name>
  </trkpt>
  <trkpt lat="55.31778" lon="26.06685">
    <name>TP3914</name>
  </trkpt>
  <trkpt lat="55.31779" lon="26.06672">
    <name>TP3915</name>
  </trkpt>
  <trkpt lat="55.31779" lon="26.06666">
    <name>TP3916</name>
  </trkpt>
  <trkpt lat="55.31779" lon="26.06664">
    <name>TP3917</name>
  </trkpt>
  <trkpt lat="55.31779" lon="26.06661">
    <name>TP3918</name>
  </trkpt>
  <trkpt lat="55.31779" lon="26.06657">
    <name>TP3919</name>
  </trkpt>
  <trkpt lat="55.3178" lon="26.06653">
    <name>TP3920</name>
  </trkpt>
  <trkpt lat="55.31784" lon="26.06644">
    <name>TP3921</name>
  </trkpt>
  <trkpt lat="55.31796" lon="26.06622">
    <name>TP3922</name>
  </trkpt>
  <trkpt lat="55.318" lon="26.06615">
    <name>TP3923</name>
  </trkpt>
  <trkpt lat="55.3183" lon="26.0657">
    <name>TP3924</name>
  </trkpt>
  <trkpt lat="55.31838" lon="26.06559">
    <name>TP3925</name>
  </trkpt>
  <trkpt lat="55.31845" lon="26.06548">
    <name>TP3926</name>
  </trkpt>
  <trkpt lat="55.31861" lon="26.06522">
    <name>TP3927</name>
  </trkpt>
  <trkpt lat="55.31868" lon="26.06511">
    <name>TP3928</name>
  </trkpt>
  <trkpt lat="55.31881" lon="26.0649">
    <name>TP3929</name>
  </trkpt>
  <trkpt lat="55.31908" lon="26.0645">
    <name>TP3930</name>
  </trkpt>
  <trkpt lat="55.31925" lon="26.06423">
    <name>TP3931</name>
  </trkpt>
  <trkpt lat="55.3193" lon="26.06417">
    <name>TP3932</name>
  </trkpt>
  <trkpt lat="55.31933" lon="26.06415">
    <name>TP3933</name>
  </trkpt>
  <trkpt lat="55.31935" lon="26.06413">
    <name>TP3934</name>
  </trkpt>
  <trkpt lat="55.31937" lon="26.06413">
    <name>TP3935</name>
  </trkpt>
  <trkpt lat="55.3193728" lon="26.0641304">
    <name>TP3936</name>
  </trkpt>
  <trkpt lat="55.31938" lon="26.06413">
    <name>TP3937</name>
  </trkpt>
  <trkpt lat="55.31939" lon="26.06413">
    <name>TP3938</name>
  </trkpt>
  <trkpt lat="55.3194" lon="26.06413">
    <name>TP3939</name>
  </trkpt>
  <trkpt lat="55.31941" lon="26.06414">
    <name>TP3940</name>
  </trkpt>
  <trkpt lat="55.31946" lon="26.06421">
    <name>TP3941</name>
  </trkpt>
  <trkpt lat="55.31954" lon="26.06435">
    <name>TP3942</name>
  </trkpt>
  <trkpt lat="55.31959" lon="26.06446">
    <name>TP3943</name>
  </trkpt>
  <trkpt lat="55.31966" lon="26.06458">
    <name>TP3944</name>
  </trkpt>
  <trkpt lat="55.31977" lon="26.06479">
    <name>TP3945</name>
  </trkpt>
  <trkpt lat="55.31985" lon="26.06492">
    <name>TP3946</name>
  </trkpt>
  <trkpt lat="55.3201" lon="26.06549">
    <name>TP3947</name>
  </trkpt>
  <trkpt lat="55.32086" lon="26.06701">
    <name>TP3948</name>
  </trkpt>
  <trkpt lat="55.32089" lon="26.06706">
    <name>TP3949</name>
  </trkpt>
  <trkpt lat="55.32098" lon="26.06725">
    <name>TP3950</name>
  </trkpt>
  <trkpt lat="55.3211" lon="26.06749">
    <name>TP3951</name>
  </trkpt>
  <trkpt lat="55.32132" lon="26.06793">
    <name>TP3952</name>
  </trkpt>
  <trkpt lat="55.32218" lon="26.06961">
    <name>TP3953</name>
  </trkpt>
  <trkpt lat="55.32223" lon="26.0697">
    <name>TP3954</name>
  </trkpt>
  <trkpt lat="55.32265" lon="26.07056">
    <name>TP3955</name>
  </trkpt>
  <trkpt lat="55.32354" lon="26.07232">
    <name>TP3956</name>
  </trkpt>
  <trkpt lat="55.32357" lon="26.07239">
    <name>TP3957</name>
  </trkpt>
  <trkpt lat="55.3247" lon="26.07462">
    <name>TP3958</name>
  </trkpt>
  <trkpt lat="55.32492" lon="26.07506">
    <name>TP3959</name>
  </trkpt>
  <trkpt lat="55.32513" lon="26.07547">
    <name>TP3960</name>
  </trkpt>
  <trkpt lat="55.32539" lon="26.07598">
    <name>TP3961</name>
  </trkpt>
  <trkpt lat="55.32541" lon="26.07605">
    <name>TP3962</name>
  </trkpt>
  <trkpt lat="55.32544" lon="26.07614">
    <name>TP3963</name>
  </trkpt>
  <trkpt lat="55.32547" lon="26.07629">
    <name>TP3964</name>
  </trkpt>
  <trkpt lat="55.32548" lon="26.07633">
    <name>TP3965</name>
  </trkpt>
  <trkpt lat="55.32548" lon="26.07635">
    <name>TP3966</name>
  </trkpt>
  <trkpt lat="55.3255" lon="26.0766">
    <name>TP3967</name>
  </trkpt>
  <trkpt lat="55.32551" lon="26.07692">
    <name>TP3968</name>
  </trkpt>
  <trkpt lat="55.32552" lon="26.07696">
    <name>TP3969</name>
  </trkpt>
  <trkpt lat="55.32553" lon="26.07723">
    <name>TP3970</name>
  </trkpt>
  <trkpt lat="55.32556" lon="26.07786">
    <name>TP3971</name>
  </trkpt>
  <trkpt lat="55.32556" lon="26.07791">
    <name>TP3972</name>
  </trkpt>
  <trkpt lat="55.3256" lon="26.07885">
    <name>TP3973</name>
  </trkpt>
  <trkpt lat="55.3256" lon="26.07892">
    <name>TP3974</name>
  </trkpt>
  <trkpt lat="55.32561" lon="26.07912">
    <name>TP3975</name>
  </trkpt>
  <trkpt lat="55.32561" lon="26.07917">
    <name>TP3976</name>
  </trkpt>
  <trkpt lat="55.32562" lon="26.07931">
    <name>TP3977</name>
  </trkpt>
  <trkpt lat="55.3256181" lon="26.0793123">
    <name>TP3978</name>
  </trkpt>
  <trkpt lat="55.3256181" lon="26.0793123">
    <name>TP3979</name>
  </trkpt>
  <trkpt lat="55.3256181" lon="26.0793123">
    <name>TP3980</name>
  </trkpt>
  </trkseg>
</trk>
</gpx>