<?xml version="1.0" encoding="utf-8"?><gpx creator="Garmin Desktop App" version="1.1" xsi:schemaLocation="http://www.topografix.com/GPX/1/1 http://www.topografix.com/GPX/1/1/gpx.xsd http://www.garmin.com/xmlschemas/WaypointExtension/v1 http://www8.garmin.com/xmlschemas/WaypointExtensionv1.xsd http://www.garmin.com/xmlschemas/TrackPointExtension/v1 http://www.garmin.com/xmlschemas/TrackPointExtensionv1.xsd http://www.garmin.com/xmlschemas/GpxExtensions/v3 http://www8.garmin.com/xmlschemas/GpxExtensionsv3.xsd http://www.garmin.com/xmlschemas/ActivityExtension/v1 http://www8.garmin.com/xmlschemas/ActivityExtensionv1.xsd http://www.garmin.com/xmlschemas/AdventuresExtensions/v1 http://www8.garmin.com/xmlschemas/AdventuresExtensionv1.xsd http://www.garmin.com/xmlschemas/PressureExtension/v1 http://www.garmin.com/xmlschemas/PressureExtensionv1.xsd http://www.garmin.com/xmlschemas/TripExtensions/v1 http://www.garmin.com/xmlschemas/TripExtensionsv1.xsd http://www.garmin.com/xmlschemas/TripMetaDataExtensions/v1 http://www.garmin.com/xmlschemas/TripMetaDataExtensionsv1.xsd http://www.garmin.com/xmlschemas/ViaPointTransportationModeExtensions/v1 http://www.garmin.com/xmlschemas/ViaPointTransportationModeExtensionsv1.xsd http://www.garmin.com/xmlschemas/CreationTimeExtension/v1 http://www.garmin.com/xmlschemas/CreationTimeExtensionsv1.xsd http://www.garmin.com/xmlschemas/AccelerationExtension/v1 http://www.garmin.com/xmlschemas/AccelerationExtensionv1.xsd http://www.garmin.com/xmlschemas/PowerExtension/v1 http://www.garmin.com/xmlschemas/PowerExtensionv1.xsd http://www.garmin.com/xmlschemas/VideoExtension/v1 http://www.garmin.com/xmlschemas/VideoExtensionv1.xsd" xmlns="http://www.topografix.com/GPX/1/1" xmlns:xsi="http://www.w3.org/2001/XMLSchema-instance" xmlns:wptx1="http://www.garmin.com/xmlschemas/WaypointExtension/v1" xmlns:gpxtrx="http://www.garmin.com/xmlschemas/GpxExtensions/v3" xmlns:gpxtpx="http://www.garmin.com/xmlschemas/TrackPointExtension/v1" xmlns:gpxx="http://www.garmin.com/xmlschemas/GpxExtensions/v3" xmlns:trp="http://www.garmin.com/xmlschemas/TripExtensions/v1" xmlns:adv="http://www.garmin.com/xmlschemas/AdventuresExtensions/v1" xmlns:prs="http://www.garmin.com/xmlschemas/PressureExtension/v1" xmlns:tmd="http://www.garmin.com/xmlschemas/TripMetaDataExtensions/v1" xmlns:vptm="http://www.garmin.com/xmlschemas/ViaPointTransportationModeExtensions/v1" xmlns:ctx="http://www.garmin.com/xmlschemas/CreationTimeExtension/v1" xmlns:gpxacc="http://www.garmin.com/xmlschemas/AccelerationExtension/v1" xmlns:gpxpx="http://www.garmin.com/xmlschemas/PowerExtension/v1" xmlns:vidx1="http://www.garmin.com/xmlschemas/VideoExtension/v1">

  <metadata>
    <link href="http://www.garmin.com">
      <text>Garmin International</text>
    </link>
    <time>2026-01-19T18:14:49Z</time>
    <bounds maxlat="54.942365102469921" maxlon="23.586140759289265" minlat="54.562634462490678" minlon="23.121409909799695" />
  </metadata>

  <wpt lat="54.566056374460459" lon="23.380345925688744">
    <time>2026-01-19T18:06:43Z</time>
    <name>DEGALINE BP PETROL</name>
    <sym>Pin, Red</sym>
    <type>user</type>
    <extensions>
      <gpxx:WaypointExtension>
        <gpxx:DisplayMode>SymbolAndName</gpxx:DisplayMode>
      </gpxx:WaypointExtension>
      <wptx1:WaypointExtension>
        <wptx1:DisplayMode>SymbolAndName</wptx1:DisplayMode>
      </wptx1:WaypointExtension>
      <ctx:CreationTimeExtension>
        <ctx:CreationTime>2026-01-19T18:06:43Z</ctx:CreationTime>
      </ctx:CreationTimeExtension>
    </extensions>
  </wpt>

  <wpt lat="54.562867227941751" lon="23.40469560585916">
    <time>2026-01-19T18:05:12Z</time>
    <name>GRIŽTANT Į KAIRE</name>
    <sym>Pin, Red</sym>
    <type>user</type>
    <extensions>
      <gpxx:WaypointExtension>
        <gpxx:DisplayMode>SymbolAndName</gpxx:DisplayMode>
      </gpxx:WaypointExtension>
      <wptx1:WaypointExtension>
        <wptx1:DisplayMode>SymbolAndName</wptx1:DisplayMode>
      </wptx1:WaypointExtension>
      <ctx:CreationTimeExtension>
        <ctx:CreationTime>2026-01-19T18:05:12Z</ctx:CreationTime>
      </ctx:CreationTimeExtension>
    </extensions>
  </wpt>

  <wpt lat="54.668562356382608" lon="23.438466964289546">
    <time>2026-01-19T18:08:36Z</time>
    <name>MELERACIJOS GRIOVYS</name>
    <sym>Pin, Red</sym>
    <type>user</type>
    <extensions>
      <gpxx:WaypointExtension>
        <gpxx:DisplayMode>SymbolAndName</gpxx:DisplayMode>
      </gpxx:WaypointExtension>
      <wptx1:WaypointExtension>
        <wptx1:DisplayMode>SymbolAndName</wptx1:DisplayMode>
      </wptx1:WaypointExtension>
      <ctx:CreationTimeExtension>
        <ctx:CreationTime>2026-01-19T18:08:36Z</ctx:CreationTime>
      </ctx:CreationTimeExtension>
    </extensions>
  </wpt>

  <wpt lat="54.698187941685319" lon="23.517817016690969">
    <time>2026-01-19T18:00:41Z</time>
    <name>PAPILDOMA DEGALINE</name>
    <sym>Pin, Red</sym>
    <type>user</type>
    <extensions>
      <gpxx:WaypointExtension>
        <gpxx:DisplayMode>SymbolAndName</gpxx:DisplayMode>
      </gpxx:WaypointExtension>
      <wptx1:WaypointExtension>
        <wptx1:DisplayMode>SymbolAndName</wptx1:DisplayMode>
      </wptx1:WaypointExtension>
      <ctx:CreationTimeExtension>
        <ctx:CreationTime>2026-01-19T18:00:41Z</ctx:CreationTime>
      </ctx:CreationTimeExtension>
    </extensions>
  </wpt>

  <wpt lat="54.566567419096828" lon="23.376469714567065">
    <time>2026-01-19T18:06:08Z</time>
    <name>RETRO AUTO MUZIEJUS MARIJAMPOLE</name>
    <sym>Pin, Red</sym>
    <type>user</type>
    <extensions>
      <gpxx:WaypointExtension>
        <gpxx:DisplayMode>SymbolAndName</gpxx:DisplayMode>
      </gpxx:WaypointExtension>
      <wptx1:WaypointExtension>
        <wptx1:DisplayMode>SymbolAndName</wptx1:DisplayMode>
      </wptx1:WaypointExtension>
      <ctx:CreationTimeExtension>
        <ctx:CreationTime>2026-01-19T18:06:08Z</ctx:CreationTime>
      </ctx:CreationTimeExtension>
    </extensions>
  </wpt>

  <wpt lat="54.942240547388792" lon="23.163684289902449">
    <ele>0</ele>
    <time>2023-10-10T19:21:06Z</time>
    <name>TECHNIKA 3 STARTAS</name>
    <sym>Pin, Red</sym>
    <type>user</type>
    <extensions>
      <gpxx:WaypointExtension>
        <gpxx:DisplayMode>SymbolAndName</gpxx:DisplayMode>
      </gpxx:WaypointExtension>
      <wptx1:WaypointExtension>
        <wptx1:DisplayMode>SymbolAndName</wptx1:DisplayMode>
      </wptx1:WaypointExtension>
      <ctx:CreationTimeExtension>
        <ctx:CreationTime>2023-10-10T19:21:06Z</ctx:CreationTime>
      </ctx:CreationTimeExtension>
    </extensions>
  </wpt>

  <wpt lat="54.562876196578145" lon="23.406995180994272">
    <time>2026-01-19T18:04:49Z</time>
    <name>TIESIAI Į MUZIEJU RETRO</name>
    <sym>Pin, Red</sym>
    <type>user</type>
    <extensions>
      <gpxx:WaypointExtension>
        <gpxx:DisplayMode>SymbolAndName</gpxx:DisplayMode>
      </gpxx:WaypointExtension>
      <wptx1:WaypointExtension>
        <wptx1:DisplayMode>SymbolAndName</wptx1:DisplayMode>
      </wptx1:WaypointExtension>
      <ctx:CreationTimeExtension>
        <ctx:CreationTime>2026-01-19T18:04:49Z</ctx:CreationTime>
      </ctx:CreationTimeExtension>
    </extensions>
  </wpt>

  <trk>
    <name>TECHNIKA 3 FINAL</name>
    <extensions>
      <gpxx:TrackExtension>
        <gpxx:DisplayColor>Cyan</gpxx:DisplayColor>
      </gpxx:TrackExtension>
    </extensions>
    <trkseg>
      <trkpt lat="54.698152737691998" lon="23.51789329200983">
        <ele>-349.76999999999998</ele>
        <time>2026-01-19T10:56:01Z</time>
      </trkpt>
      <trkpt lat="54.698148630559444" lon="23.517892872914672">
        <ele>-352.51999999999998</ele>
        <time>2026-01-19T10:56:08Z</time>
      </trkpt>
      <trkpt lat="54.698149217292666" lon="23.517885580658913">
        <ele>-349.43000000000001</ele>
        <time>2026-01-19T10:56:33Z</time>
      </trkpt>
      <trkpt lat="54.698163215070963" lon="23.517864122986794">
        <ele>-346.42000000000002</ele>
        <time>2026-01-19T10:57:00Z</time>
      </trkpt>
      <trkpt lat="54.698171764612198" lon="23.517864039167762">
        <ele>-344.20999999999998</ele>
        <time>2026-01-19T11:00:01Z</time>
      </trkpt>
      <trkpt lat="54.69817235134542" lon="23.517863703891635">
        <ele>-345.68000000000001</ele>
        <time>2026-01-19T11:01:17Z</time>
      </trkpt>
      <trkpt lat="54.698168076574802" lon="23.517771922051907">
        <ele>-345.69</ele>
        <time>2026-01-19T11:01:21Z</time>
      </trkpt>
      <trkpt lat="54.697849312797189" lon="23.517628340050578">
        <ele>-344.88999999999999</ele>
        <time>2026-01-19T11:01:32Z</time>
      </trkpt>
      <trkpt lat="54.697756106033921" lon="23.51763135753572">
        <ele>-344.62</ele>
        <time>2026-01-19T11:01:35Z</time>
      </trkpt>
      <trkpt lat="54.697706317529082" lon="23.517621718347073">
        <ele>-344.47000000000003</ele>
        <time>2026-01-19T11:01:36Z</time>
      </trkpt>
      <trkpt lat="54.69765049405396" lon="23.517603697255254">
        <ele>-344.36000000000001</ele>
        <time>2026-01-19T11:01:37Z</time>
      </trkpt>
      <trkpt lat="54.697586540132761" lon="23.517568577080965">
        <ele>-344.30000000000001</ele>
        <time>2026-01-19T11:01:38Z</time>
      </trkpt>
      <trkpt lat="54.697501631453633" lon="23.517509233206511">
        <ele>-344.25</ele>
        <time>2026-01-19T11:01:39Z</time>
      </trkpt>
      <trkpt lat="54.696793025359511" lon="23.516940772533417">
        <ele>-343.52999999999997</ele>
        <time>2026-01-19T11:01:44Z</time>
      </trkpt>
      <trkpt lat="54.694950515404344" lon="23.515379726886749">
        <ele>-340.32999999999998</ele>
        <time>2026-01-19T11:01:56Z</time>
      </trkpt>
      <trkpt lat="54.694208465516567" lon="23.514772206544876">
        <ele>-338.32999999999998</ele>
        <time>2026-01-19T11:02:02Z</time>
      </trkpt>
      <trkpt lat="54.69382256269455" lon="23.514508847147226">
        <ele>-336.63999999999999</ele>
        <time>2026-01-19T11:02:08Z</time>
      </trkpt>
      <trkpt lat="54.693787358701229" lon="23.514507673680782">
        <ele>-336.31999999999999</ele>
        <time>2026-01-19T11:02:09Z</time>
      </trkpt>
      <trkpt lat="54.693762212991714" lon="23.514526952058077">
        <ele>-336.04000000000002</ele>
        <time>2026-01-19T11:02:10Z</time>
      </trkpt>
      <trkpt lat="54.693747963756323" lon="23.514565257355571">
        <ele>-335.81</ele>
        <time>2026-01-19T11:02:11Z</time>
      </trkpt>
      <trkpt lat="54.693745952099562" lon="23.514620997011662">
        <ele>-335.55000000000001</ele>
        <time>2026-01-19T11:02:12Z</time>
      </trkpt>
      <trkpt lat="54.693752154707909" lon="23.514696350321174">
        <ele>-335.26999999999998</ele>
        <time>2026-01-19T11:02:13Z</time>
      </trkpt>
      <trkpt lat="54.693762212991714" lon="23.514792658388615">
        <ele>-334.95999999999998</ele>
        <time>2026-01-19T11:02:14Z</time>
      </trkpt>
      <trkpt lat="54.693813342601061" lon="23.515296243131161">
        <ele>-334.01999999999998</ele>
        <time>2026-01-19T11:02:19Z</time>
      </trkpt>
      <trkpt lat="54.693924989551306" lon="23.51609512232244">
        <ele>-332.81</ele>
        <time>2026-01-19T11:02:27Z</time>
      </trkpt>
      <trkpt lat="54.69402339309454" lon="23.516924092546105">
        <ele>-332.01999999999998</ele>
        <time>2026-01-19T11:02:35Z</time>
      </trkpt>
      <trkpt lat="54.694124395027757" lon="23.517919359728694">
        <ele>-331.19999999999999</ele>
        <time>2026-01-19T11:02:44Z</time>
      </trkpt>
      <trkpt lat="54.694130346179008" lon="23.517939643934369">
        <ele>-330.01999999999998</ele>
        <time>2026-01-19T11:02:57Z</time>
      </trkpt>
      <trkpt lat="54.694133950397372" lon="23.517966801300645">
        <ele>-335.06999999999999</ele>
        <time>2026-01-19T11:04:17Z</time>
      </trkpt>
      <trkpt lat="54.694150546565652" lon="23.517976524308324">
        <ele>-335.06</ele>
        <time>2026-01-19T11:04:18Z</time>
      </trkpt>
      <trkpt lat="54.694169070571661" lon="23.518006028607488">
        <ele>-335.06</ele>
        <time>2026-01-19T11:04:19Z</time>
      </trkpt>
      <trkpt lat="54.694182313978672" lon="23.518047938123345">
        <ele>-335.07999999999998</ele>
        <time>2026-01-19T11:04:20Z</time>
      </trkpt>
      <trkpt lat="54.694006461650133" lon="23.518143324181437">
        <ele>-335.26999999999998</ele>
        <time>2026-01-19T11:04:26Z</time>
      </trkpt>
      <trkpt lat="54.693886432796717" lon="23.518192023038864">
        <ele>-335.26999999999998</ele>
        <time>2026-01-19T11:04:28Z</time>
      </trkpt>
      <trkpt lat="54.693633466959" lon="23.518319763243198">
        <ele>-335.36000000000001</ele>
        <time>2026-01-19T11:04:32Z</time>
      </trkpt>
      <trkpt lat="54.693575212731957" lon="23.518335018306971">
        <ele>-335.41000000000003</ele>
        <time>2026-01-19T11:04:33Z</time>
      </trkpt>
      <trkpt lat="54.69351720996201" lon="23.518348094075918">
        <ele>-335.47000000000003</ele>
        <time>2026-01-19T11:04:34Z</time>
      </trkpt>
      <trkpt lat="54.693472115322948" lon="23.518358655273914">
        <ele>-335.51999999999998</ele>
        <time>2026-01-19T11:04:35Z</time>
      </trkpt>
      <trkpt lat="54.693444957956672" lon="23.5183594096452">
        <ele>-335.52999999999997</ele>
        <time>2026-01-19T11:04:36Z</time>
      </trkpt>
      <trkpt lat="54.693427858874202" lon="23.51835111156106">
        <ele>-335.50999999999999</ele>
        <time>2026-01-19T11:04:37Z</time>
      </trkpt>
      <trkpt lat="54.693415202200413" lon="23.518331414088607">
        <ele>-335.47000000000003</ele>
        <time>2026-01-19T11:04:38Z</time>
      </trkpt>
      <trkpt lat="54.693398103117943" lon="23.518285732716322">
        <ele>-335.00999999999999</ele>
        <time>2026-01-19T11:04:51Z</time>
      </trkpt>
      <trkpt lat="54.693398522213101" lon="23.518286235630512">
        <ele>-335.06999999999999</ele>
        <time>2026-01-19T11:04:53Z</time>
      </trkpt>
      <trkpt lat="54.693414531648159" lon="23.518327055498958">
        <ele>-335.36000000000001</ele>
        <time>2026-01-19T11:04:59Z</time>
      </trkpt>
      <trkpt lat="54.693258125334978" lon="23.518406935036182">
        <ele>-335.55000000000001</ele>
        <time>2026-01-19T11:05:07Z</time>
      </trkpt>
      <trkpt lat="54.693217305466533" lon="23.518419675529003">
        <ele>-335.57999999999998</ele>
        <time>2026-01-19T11:05:08Z</time>
      </trkpt>
      <trkpt lat="54.692971212789416" lon="23.518440127372742">
        <ele>-335.64999999999998</ele>
        <time>2026-01-19T11:05:16Z</time>
      </trkpt>
      <trkpt lat="54.692929638549685" lon="23.518434846773744">
        <ele>-335.63</ele>
        <time>2026-01-19T11:05:17Z</time>
      </trkpt>
      <trkpt lat="54.692846490070224" lon="23.518437696620822">
        <ele>-335.57999999999998</ele>
        <time>2026-01-19T11:05:19Z</time>
      </trkpt>
      <trkpt lat="54.692807011306286" lon="23.518450940027833">
        <ele>-335.57999999999998</ele>
        <time>2026-01-19T11:05:20Z</time>
      </trkpt>
      <trkpt lat="54.692504676058888" lon="23.518399642780423">
        <ele>-335.73000000000002</ele>
        <time>2026-01-19T11:05:30Z</time>
      </trkpt>
      <trkpt lat="54.692482883110642" lon="23.518413389101624">
        <ele>-335.69</ele>
        <time>2026-01-19T11:05:31Z</time>
      </trkpt>
      <trkpt lat="54.692466454580426" lon="23.518437696620822">
        <ele>-335.69</ele>
        <time>2026-01-19T11:05:32Z</time>
      </trkpt>
      <trkpt lat="54.692451786249876" lon="23.518464183434844">
        <ele>-335.69</ele>
        <time>2026-01-19T11:05:33Z</time>
      </trkpt>
      <trkpt lat="54.692432256415486" lon="23.518487233668566">
        <ele>-335.70999999999998</ele>
        <time>2026-01-19T11:05:34Z</time>
      </trkpt>
      <trkpt lat="54.69240702688694" lon="23.518505170941353">
        <ele>-335.73000000000002</ele>
        <time>2026-01-19T11:05:35Z</time>
      </trkpt>
      <trkpt lat="54.692375510931015" lon="23.518523275852203">
        <ele>-335.75999999999999</ele>
        <time>2026-01-19T11:05:36Z</time>
      </trkpt>
      <trkpt lat="54.692338211461902" lon="23.518533669412136">
        <ele>-335.82999999999998</ele>
        <time>2026-01-19T11:05:37Z</time>
      </trkpt>
      <trkpt lat="54.692300660535693" lon="23.518528388813138">
        <ele>-335.91000000000003</ele>
        <time>2026-01-19T11:05:38Z</time>
      </trkpt>
      <trkpt lat="54.692265875637531" lon="23.518508272245526">
        <ele>-335.99000000000001</ele>
        <time>2026-01-19T11:05:39Z</time>
      </trkpt>
      <trkpt lat="54.692230839282274" lon="23.518475499004126">
        <ele>-336.07999999999998</ele>
        <time>2026-01-19T11:05:40Z</time>
      </trkpt>
      <trkpt lat="54.692191192880273" lon="23.518436020240188">
        <ele>-336.13999999999999</ele>
        <time>2026-01-19T11:05:41Z</time>
      </trkpt>
      <trkpt lat="54.692146014422178" lon="23.518404923379421">
        <ele>-336.20999999999998</ele>
        <time>2026-01-19T11:05:42Z</time>
      </trkpt>
      <trkpt lat="54.692099411040545" lon="23.518387489020824">
        <ele>-336.27999999999997</ele>
        <time>2026-01-19T11:05:43Z</time>
      </trkpt>
      <trkpt lat="54.69205523841083" lon="23.518389668315649">
        <ele>-336.37</ele>
        <time>2026-01-19T11:05:44Z</time>
      </trkpt>
      <trkpt lat="54.692011568695307" lon="23.518401822075248">
        <ele>-336.45999999999998</ele>
        <time>2026-01-19T11:05:45Z</time>
      </trkpt>
      <trkpt lat="54.691968820989132" lon="23.518408611416817">
        <ele>-336.52999999999997</ele>
        <time>2026-01-19T11:05:46Z</time>
      </trkpt>
      <trkpt lat="54.691926827654243" lon="23.518406013026834">
        <ele>-336.58999999999997</ele>
        <time>2026-01-19T11:05:47Z</time>
      </trkpt>
      <trkpt lat="54.691889863461256" lon="23.518397882580757">
        <ele>-336.66000000000003</ele>
        <time>2026-01-19T11:05:48Z</time>
      </trkpt>
      <trkpt lat="54.691859353333712" lon="23.518383968621492">
        <ele>-336.73000000000002</ele>
        <time>2026-01-19T11:05:49Z</time>
      </trkpt>
      <trkpt lat="54.691829429939389" lon="23.518368294462562">
        <ele>-336.80000000000001</ele>
        <time>2026-01-19T11:05:50Z</time>
      </trkpt>
      <trkpt lat="54.691795986145735" lon="23.518358655273914">
        <ele>-336.92000000000002</ele>
        <time>2026-01-19T11:05:51Z</time>
      </trkpt>
      <trkpt lat="54.69175960868597" lon="23.518361672759056">
        <ele>-337.06</ele>
        <time>2026-01-19T11:05:52Z</time>
      </trkpt>
      <trkpt lat="54.691722644492984" lon="23.518370138481259">
        <ele>-337.13</ele>
        <time>2026-01-19T11:05:53Z</time>
      </trkpt>
      <trkpt lat="54.691690960898995" lon="23.518368043005466">
        <ele>-337.18000000000001</ele>
        <time>2026-01-19T11:05:54Z</time>
      </trkpt>
      <trkpt lat="54.691660534590483" lon="23.51835354231298">
        <ele>-337.22000000000003</ele>
        <time>2026-01-19T11:05:55Z</time>
      </trkpt>
      <trkpt lat="54.691630275920033" lon="23.518335102126002">
        <ele>-337.25999999999999</ele>
        <time>2026-01-19T11:05:56Z</time>
      </trkpt>
      <trkpt lat="54.691596748307347" lon="23.51832470856607">
        <ele>-337.31999999999999</ele>
        <time>2026-01-19T11:05:57Z</time>
      </trkpt>
      <trkpt lat="54.691554587334394" lon="23.518323702737689">
        <ele>-337.33999999999997</ele>
        <time>2026-01-19T11:05:58Z</time>
      </trkpt>
      <trkpt lat="54.691511671990156" lon="23.518327558413148">
        <ele>-337.31999999999999</ele>
        <time>2026-01-19T11:05:59Z</time>
      </trkpt>
      <trkpt lat="54.691150831058621" lon="23.518352117389441">
        <ele>-337.50999999999999</ele>
        <time>2026-01-19T11:06:09Z</time>
      </trkpt>
      <trkpt lat="54.691040692850947" lon="23.518296042457223">
        <ele>-337.44</ele>
        <time>2026-01-19T11:06:12Z</time>
      </trkpt>
      <trkpt lat="54.690883113071322" lon="23.518319427967072">
        <ele>-337.48000000000002</ele>
        <time>2026-01-19T11:06:16Z</time>
      </trkpt>
      <trkpt lat="54.690798288211226" lon="23.518313309177756">
        <ele>-337.54000000000002</ele>
        <time>2026-01-19T11:06:18Z</time>
      </trkpt>
      <trkpt lat="54.690753947943449" lon="23.51830325089395">
        <ele>-337.55000000000001</ele>
        <time>2026-01-19T11:06:19Z</time>
      </trkpt>
      <trkpt lat="54.690708015114069" lon="23.518299562856555">
        <ele>-337.50999999999999</ele>
        <time>2026-01-19T11:06:20Z</time>
      </trkpt>
      <trkpt lat="54.690332757309079" lon="23.518245834857225">
        <ele>-337.38999999999999</ele>
        <time>2026-01-19T11:06:30Z</time>
      </trkpt>
      <trkpt lat="54.690215662121773" lon="23.518218426033854">
        <ele>-337.17000000000002</ele>
        <time>2026-01-19T11:06:33Z</time>
      </trkpt>
      <trkpt lat="54.690167801454663" lon="23.518219599500299">
        <ele>-337.08999999999997</ele>
        <time>2026-01-19T11:06:34Z</time>
      </trkpt>
      <trkpt lat="54.690125556662679" lon="23.518227646127343">
        <ele>-337.04000000000002</ele>
        <time>2026-01-19T11:06:35Z</time>
      </trkpt>
      <trkpt lat="54.689816934987903" lon="23.518246589228511">
        <ele>-336.91000000000003</ele>
        <time>2026-01-19T11:06:43Z</time>
      </trkpt>
      <trkpt lat="54.689769661054015" lon="23.518241560086608">
        <ele>-336.87</ele>
        <time>2026-01-19T11:06:44Z</time>
      </trkpt>
      <trkpt lat="54.689721800386906" lon="23.518230244517326">
        <ele>-336.75999999999999</ele>
        <time>2026-01-19T11:06:45Z</time>
      </trkpt>
      <trkpt lat="54.689676286652684" lon="23.518220856785774">
        <ele>-336.69999999999999</ele>
        <time>2026-01-19T11:06:46Z</time>
      </trkpt>
      <trkpt lat="54.689635382965207" lon="23.5182143189013">
        <ele>-336.67000000000002</ele>
        <time>2026-01-19T11:06:47Z</time>
      </trkpt>
      <trkpt lat="54.68952314928174" lon="23.518188083544374">
        <ele>-336.75999999999999</ele>
        <time>2026-01-19T11:06:50Z</time>
      </trkpt>
      <trkpt lat="54.689493477344513" lon="23.518165955320001">
        <ele>-336.79000000000002</ele>
        <time>2026-01-19T11:06:51Z</time>
      </trkpt>
      <trkpt lat="54.689461542293429" lon="23.518147515133023">
        <ele>-336.80000000000001</ele>
        <time>2026-01-19T11:06:52Z</time>
      </trkpt>
      <trkpt lat="54.689425248652697" lon="23.518137708306313">
        <ele>-336.80000000000001</ele>
        <time>2026-01-19T11:06:53Z</time>
      </trkpt>
      <trkpt lat="54.689392894506454" lon="23.518135948106647">
        <ele>-336.80000000000001</ele>
        <time>2026-01-19T11:06:54Z</time>
      </trkpt>
      <trkpt lat="54.689368586987257" lon="23.518149107694626">
        <ele>-336.81</ele>
        <time>2026-01-19T11:06:55Z</time>
      </trkpt>
      <trkpt lat="54.689350230619311" lon="23.518186071887612">
        <ele>-336.82999999999998</ele>
        <time>2026-01-19T11:06:56Z</time>
      </trkpt>
      <trkpt lat="54.689338412135839" lon="23.518245415762067">
        <ele>-336.82999999999998</ele>
        <time>2026-01-19T11:06:57Z</time>
      </trkpt>
      <trkpt lat="54.689332628622651" lon="23.518306519836187">
        <ele>-336.88</ele>
        <time>2026-01-19T11:06:58Z</time>
      </trkpt>
      <trkpt lat="54.689330533146858" lon="23.518348596990108">
        <ele>-336.93000000000001</ele>
        <time>2026-01-19T11:06:59Z</time>
      </trkpt>
      <trkpt lat="54.689334807917476" lon="23.51837701164186">
        <ele>-337.5</ele>
        <time>2026-01-19T11:07:13Z</time>
      </trkpt>
      <trkpt lat="54.689364479854703" lon="23.518811278045177">
        <ele>-339.89999999999998</ele>
        <time>2026-01-19T11:07:42Z</time>
      </trkpt>
      <trkpt lat="54.689381159842014" lon="23.519113780930638">
        <ele>-340.00999999999999</ele>
        <time>2026-01-19T11:07:44Z</time>
      </trkpt>
      <trkpt lat="54.689371520653367" lon="23.519246131181717">
        <ele>-340.08999999999997</ele>
        <time>2026-01-19T11:07:45Z</time>
      </trkpt>
      <trkpt lat="54.689350482076406" lon="23.51934939622879">
        <ele>-340.18000000000001</ele>
        <time>2026-01-19T11:07:46Z</time>
      </trkpt>
      <trkpt lat="54.689321061596274" lon="23.519432712346315">
        <ele>-340.27999999999997</ele>
        <time>2026-01-19T11:07:47Z</time>
      </trkpt>
      <trkpt lat="54.689280828461051" lon="23.519511418417096">
        <ele>-340.32999999999998</ele>
        <time>2026-01-19T11:07:48Z</time>
      </trkpt>
      <trkpt lat="54.689232632517815" lon="23.519597165286541">
        <ele>-340.38</ele>
        <time>2026-01-19T11:07:49Z</time>
      </trkpt>
      <trkpt lat="54.689134145155549" lon="23.519811658188701">
        <ele>-340.5</ele>
        <time>2026-01-19T11:07:51Z</time>
      </trkpt>
      <trkpt lat="54.689093576744199" lon="23.519946774467826">
        <ele>-340.56999999999999</ele>
        <time>2026-01-19T11:07:52Z</time>
      </trkpt>
      <trkpt lat="54.689066000282764" lon="23.520096559077501">
        <ele>-340.57999999999998</ele>
        <time>2026-01-19T11:07:53Z</time>
      </trkpt>
      <trkpt lat="54.689052673056722" lon="23.520260928198695">
        <ele>-340.56</ele>
        <time>2026-01-19T11:07:54Z</time>
      </trkpt>
      <trkpt lat="54.689052002504468" lon="23.520431499928236">
        <ele>-340.55000000000001</ele>
        <time>2026-01-19T11:07:55Z</time>
      </trkpt>
      <trkpt lat="54.689062144607306" lon="23.520602490752935">
        <ele>-340.50999999999999</ele>
        <time>2026-01-19T11:07:56Z</time>
      </trkpt>
      <trkpt lat="54.689083686098456" lon="23.520767949521542">
        <ele>-340.47000000000003</ele>
        <time>2026-01-19T11:07:57Z</time>
      </trkpt>
      <trkpt lat="54.689110172912478" lon="23.520923098549247">
        <ele>-340.42000000000002</ele>
        <time>2026-01-19T11:07:58Z</time>
      </trkpt>
      <trkpt lat="54.689135402441025" lon="23.521216716617346">
        <ele>-340.31</ele>
        <time>2026-01-19T11:08:00Z</time>
      </trkpt>
      <trkpt lat="54.689125260338187" lon="23.521364070475101">
        <ele>-340.26999999999998</ele>
        <time>2026-01-19T11:08:01Z</time>
      </trkpt>
      <trkpt lat="54.689097600057721" lon="23.521704291924834">
        <ele>-340.10000000000002</ele>
        <time>2026-01-19T11:08:03Z</time>
      </trkpt>
      <trkpt lat="54.689098354429007" lon="23.521890118718147">
        <ele>-340</ele>
        <time>2026-01-19T11:08:04Z</time>
      </trkpt>
      <trkpt lat="54.689108077436686" lon="23.522262275218964">
        <ele>-339.73000000000002</ele>
        <time>2026-01-19T11:08:06Z</time>
      </trkpt>
      <trkpt lat="54.689095672219992" lon="23.522449191659689">
        <ele>-339.60000000000002</ele>
        <time>2026-01-19T11:08:07Z</time>
      </trkpt>
      <trkpt lat="54.68907262198627" lon="23.522650105878711">
        <ele>-339.48000000000002</ele>
        <time>2026-01-19T11:08:08Z</time>
      </trkpt>
      <trkpt lat="54.688809094950557" lon="23.524329587817192">
        <ele>-338.11000000000001</ele>
        <time>2026-01-19T11:08:17Z</time>
      </trkpt>
      <trkpt lat="54.688728880137205" lon="23.525098543614149">
        <ele>-337.35000000000002</ele>
        <time>2026-01-19T11:08:21Z</time>
      </trkpt>
      <trkpt lat="54.688693759962916" lon="23.525278586894274">
        <ele>-337.20999999999998</ele>
        <time>2026-01-19T11:08:22Z</time>
      </trkpt>
      <trkpt lat="54.688520841300488" lon="23.526478875428438">
        <ele>-336.06999999999999</ele>
        <time>2026-01-19T11:08:29Z</time>
      </trkpt>
      <trkpt lat="54.688443224877119" lon="23.528330521658063">
        <ele>-334.31999999999999</ele>
        <time>2026-01-19T11:08:37Z</time>
      </trkpt>
      <trkpt lat="54.688429562374949" lon="23.529110122472048">
        <ele>-333.66000000000003</ele>
        <time>2026-01-19T11:08:41Z</time>
      </trkpt>
      <trkpt lat="54.688438531011343" lon="23.529893411323428">
        <ele>-332.75999999999999</ele>
        <time>2026-01-19T11:08:48Z</time>
      </trkpt>
      <trkpt lat="54.688453450798988" lon="23.529994999989867">
        <ele>-332.64999999999998</ele>
        <time>2026-01-19T11:08:49Z</time>
      </trkpt>
      <trkpt lat="54.688475830480456" lon="23.53008946403861">
        <ele>-332.56</ele>
        <time>2026-01-19T11:08:50Z</time>
      </trkpt>
      <trkpt lat="54.688529893755913" lon="23.530476959422231">
        <ele>-332.24000000000001</ele>
        <time>2026-01-19T11:08:55Z</time>
      </trkpt>
      <trkpt lat="54.688480356708169" lon="23.531422941014171">
        <ele>-331.55000000000001</ele>
        <time>2026-01-19T11:09:04Z</time>
      </trkpt>
      <trkpt lat="54.688444482162595" lon="23.531739776954055">
        <ele>-331.31</ele>
        <time>2026-01-19T11:09:08Z</time>
      </trkpt>
      <trkpt lat="54.688443811610341" lon="23.531815381720662">
        <ele>-331.26999999999998</ele>
        <time>2026-01-19T11:09:09Z</time>
      </trkpt>
      <trkpt lat="54.688447834923863" lon="23.531890567392111">
        <ele>-331.26999999999998</ele>
        <time>2026-01-19T11:09:10Z</time>
      </trkpt>
      <trkpt lat="54.688455630093813" lon="23.53196625597775">
        <ele>-331.26999999999998</ele>
        <time>2026-01-19T11:09:11Z</time>
      </trkpt>
      <trkpt lat="54.688465017825365" lon="23.532045884057879">
        <ele>-331.26999999999998</ele>
        <time>2026-01-19T11:09:12Z</time>
      </trkpt>
      <trkpt lat="54.6884735673666" lon="23.532133055850863">
        <ele>-331.25999999999999</ele>
        <time>2026-01-19T11:09:13Z</time>
      </trkpt>
      <trkpt lat="54.688475914299488" lon="23.532236907631159">
        <ele>-331.25999999999999</ele>
        <time>2026-01-19T11:09:14Z</time>
      </trkpt>
      <trkpt lat="54.688464934006333" lon="23.532356014475226">
        <ele>-331.25999999999999</ele>
        <time>2026-01-19T11:09:15Z</time>
      </trkpt>
      <trkpt lat="54.688449092209339" lon="23.532456262037158">
        <ele>-331.25999999999999</ele>
        <time>2026-01-19T11:09:16Z</time>
      </trkpt>
      <trkpt lat="54.688433418050408" lon="23.532530525699258">
        <ele>-331.25999999999999</ele>
        <time>2026-01-19T11:09:17Z</time>
      </trkpt>
      <trkpt lat="54.688422773033381" lon="23.532596239820123">
        <ele>-331.23000000000002</ele>
        <time>2026-01-19T11:09:18Z</time>
      </trkpt>
      <trkpt lat="54.688415816053748" lon="23.532669497653842">
        <ele>-331.23000000000002</ele>
        <time>2026-01-19T11:09:19Z</time>
      </trkpt>
      <trkpt lat="54.688401399180293" lon="23.532746192067862">
        <ele>-331.26999999999998</ele>
        <time>2026-01-19T11:09:20Z</time>
      </trkpt>
      <trkpt lat="54.688384719192982" lon="23.532824479043484">
        <ele>-331.30000000000001</ele>
        <time>2026-01-19T11:09:21Z</time>
      </trkpt>
      <trkpt lat="54.688378013670444" lon="23.532913997769356">
        <ele>-331.31999999999999</ele>
        <time>2026-01-19T11:09:22Z</time>
      </trkpt>
      <trkpt lat="54.688381282612681" lon="23.533033104613423">
        <ele>-331.32999999999998</ele>
        <time>2026-01-19T11:09:23Z</time>
      </trkpt>
      <trkpt lat="54.688387652859092" lon="23.533195462077856">
        <ele>-331.32999999999998</ele>
        <time>2026-01-19T11:09:24Z</time>
      </trkpt>
      <trkpt lat="54.688438950106502" lon="23.534573614597321">
        <ele>-331.10000000000002</ele>
        <time>2026-01-19T11:09:31Z</time>
      </trkpt>
      <trkpt lat="54.688432747498155" lon="23.534760531038046">
        <ele>-331.10000000000002</ele>
        <time>2026-01-19T11:09:32Z</time>
      </trkpt>
      <trkpt lat="54.688423024490476" lon="23.535140566527843">
        <ele>-331.16000000000003</ele>
        <time>2026-01-19T11:09:34Z</time>
      </trkpt>
      <trkpt lat="54.688439704477787" lon="23.535346174612641">
        <ele>-331.17000000000002</ele>
        <time>2026-01-19T11:09:35Z</time>
      </trkpt>
      <trkpt lat="54.688458815217018" lon="23.535567792132497">
        <ele>-331.17000000000002</ele>
        <time>2026-01-19T11:09:36Z</time>
      </trkpt>
      <trkpt lat="54.688542298972607" lon="23.536948207765818">
        <ele>-330.94999999999999</ele>
        <time>2026-01-19T11:09:42Z</time>
      </trkpt>
      <trkpt lat="54.6885478310287" lon="23.537167562171817">
        <ele>-330.88999999999999</ele>
        <time>2026-01-19T11:09:43Z</time>
      </trkpt>
      <trkpt lat="54.688816051930189" lon="23.53883346542716">
        <ele>-330.67000000000002</ele>
        <time>2026-01-19T11:09:51Z</time>
      </trkpt>
      <trkpt lat="54.688881430774927" lon="23.539001354947686">
        <ele>-330.66000000000003</ele>
        <time>2026-01-19T11:09:52Z</time>
      </trkpt>
      <trkpt lat="54.688954604789615" lon="23.539151977747679">
        <ele>-330.63</ele>
        <time>2026-01-19T11:09:53Z</time>
      </trkpt>
      <trkpt lat="54.689037585631013" lon="23.539296230301261">
        <ele>-330.58999999999997</ele>
        <time>2026-01-19T11:09:54Z</time>
      </trkpt>
      <trkpt lat="54.689127607271075" lon="23.539437213912606">
        <ele>-330.52999999999997</ele>
        <time>2026-01-19T11:09:55Z</time>
      </trkpt>
      <trkpt lat="54.689224418252707" lon="23.53957811370492">
        <ele>-330.48000000000002</ele>
        <time>2026-01-19T11:09:56Z</time>
      </trkpt>
      <trkpt lat="54.689828669652343" lon="23.540685446932912">
        <ele>-329.70999999999998</ele>
        <time>2026-01-19T11:10:03Z</time>
      </trkpt>
      <trkpt lat="54.689934616908431" lon="23.540793070569634">
        <ele>-329.60000000000002</ele>
        <time>2026-01-19T11:10:04Z</time>
      </trkpt>
      <trkpt lat="54.690146259963512" lon="23.541007647290826">
        <ele>-329.44999999999999</ele>
        <time>2026-01-19T11:10:06Z</time>
      </trkpt>
      <trkpt lat="54.690234521403909" lon="23.54115734808147">
        <ele>-329.39999999999998</ele>
        <time>2026-01-19T11:10:07Z</time>
      </trkpt>
      <trkpt lat="54.690315490588546" lon="23.541350299492478">
        <ele>-329.27999999999997</ele>
        <time>2026-01-19T11:10:08Z</time>
      </trkpt>
      <trkpt lat="54.690781524404883" lon="23.542854180559516">
        <ele>-328.5</ele>
        <time>2026-01-19T11:10:16Z</time>
      </trkpt>
      <trkpt lat="54.690829385071993" lon="23.542942861095071">
        <ele>-328.49000000000001</ele>
        <time>2026-01-19T11:10:17Z</time>
      </trkpt>
      <trkpt lat="54.690895350649953" lon="23.543005976825953">
        <ele>-328.44999999999999</ele>
        <time>2026-01-19T11:10:18Z</time>
      </trkpt>
      <trkpt lat="54.690978582948446" lon="23.54303564876318">
        <ele>-328.43000000000001</ele>
        <time>2026-01-19T11:10:19Z</time>
      </trkpt>
      <trkpt lat="54.691076399758458" lon="23.543066326528788">
        <ele>-328.41000000000003</ele>
        <time>2026-01-19T11:10:20Z</time>
      </trkpt>
      <trkpt lat="54.691174132749438" lon="23.543121060356498">
        <ele>-328.38</ele>
        <time>2026-01-19T11:10:21Z</time>
      </trkpt>
      <trkpt lat="54.691267926245928" lon="23.543192557990551">
        <ele>-328.32999999999998</ele>
        <time>2026-01-19T11:10:22Z</time>
      </trkpt>
      <trkpt lat="54.691361552104354" lon="23.543264223262668">
        <ele>-328.26999999999998</ele>
        <time>2026-01-19T11:10:23Z</time>
      </trkpt>
      <trkpt lat="54.691460290923715" lon="23.543318202719092">
        <ele>-328.19999999999999</ele>
        <time>2026-01-19T11:10:24Z</time>
      </trkpt>
      <trkpt lat="54.691561460494995" lon="23.543336475268006">
        <ele>-328.13999999999999</ele>
        <time>2026-01-19T11:10:25Z</time>
      </trkpt>
      <trkpt lat="54.691660618409514" lon="23.543320130556822">
        <ele>-328.10000000000002</ele>
        <time>2026-01-19T11:10:26Z</time>
      </trkpt>
      <trkpt lat="54.691763548180461" lon="23.54327604174614">
        <ele>-328.04000000000002</ele>
        <time>2026-01-19T11:10:27Z</time>
      </trkpt>
      <trkpt lat="54.691870752722025" lon="23.54323354549706">
        <ele>-328</ele>
        <time>2026-01-19T11:10:28Z</time>
      </trkpt>
      <trkpt lat="54.691976867616177" lon="23.543198257684708">
        <ele>-327.94</ele>
        <time>2026-01-19T11:10:29Z</time>
      </trkpt>
      <trkpt lat="54.692896781489253" lon="23.542852671816945">
        <ele>-327.43000000000001</ele>
        <time>2026-01-19T11:10:38Z</time>
      </trkpt>
      <trkpt lat="54.693756345659494" lon="23.542410945519805">
        <ele>-327.19</ele>
        <time>2026-01-19T11:10:47Z</time>
      </trkpt>
      <trkpt lat="54.69383773393929" lon="23.542389823123813">
        <ele>-327.18000000000001</ele>
        <time>2026-01-19T11:10:48Z</time>
      </trkpt>
      <trkpt lat="54.6939149312675" lon="23.542388817295432">
        <ele>-327.17000000000002</ele>
        <time>2026-01-19T11:10:49Z</time>
      </trkpt>
      <trkpt lat="54.694111570715904" lon="23.542437516152859">
        <ele>-327.19</ele>
        <time>2026-01-19T11:10:52Z</time>
      </trkpt>
      <trkpt lat="54.694151720032096" lon="23.542474480345845">
        <ele>-327.19999999999999</ele>
        <time>2026-01-19T11:10:53Z</time>
      </trkpt>
      <trkpt lat="54.694166304543614" lon="23.542536925524473">
        <ele>-327.19999999999999</ele>
        <time>2026-01-19T11:10:54Z</time>
      </trkpt>
      <trkpt lat="54.694155156612396" lon="23.542613703757524">
        <ele>-327.19999999999999</ele>
        <time>2026-01-19T11:10:55Z</time>
      </trkpt>
      <trkpt lat="54.694119617342949" lon="23.542698863893747">
        <ele>-327.22000000000003</ele>
        <time>2026-01-19T11:10:56Z</time>
      </trkpt>
      <trkpt lat="54.694068236276507" lon="23.542800284922123">
        <ele>-327.24000000000001</ele>
        <time>2026-01-19T11:10:57Z</time>
      </trkpt>
      <trkpt lat="54.693630281835794" lon="23.54375540278852">
        <ele>-327.68000000000001</ele>
        <time>2026-01-19T11:11:05Z</time>
      </trkpt>
      <trkpt lat="54.693126110360026" lon="23.544876985251904">
        <ele>-329.01999999999998</ele>
        <time>2026-01-19T11:11:16Z</time>
      </trkpt>
      <trkpt lat="54.692874234169722" lon="23.545406805351377">
        <ele>-329.75</ele>
        <time>2026-01-19T11:11:24Z</time>
      </trkpt>
      <trkpt lat="54.692623699083924" lon="23.545922292396426">
        <ele>-330.62</ele>
        <time>2026-01-19T11:11:31Z</time>
      </trkpt>
      <trkpt lat="54.692426808178425" lon="23.546402826905251">
        <ele>-332.01999999999998</ele>
        <time>2026-01-19T11:11:39Z</time>
      </trkpt>
      <trkpt lat="54.692363440990448" lon="23.546525118872523">
        <ele>-334.37</ele>
        <time>2026-01-19T11:12:02Z</time>
      </trkpt>
      <trkpt lat="54.691972173750401" lon="23.547353334724903">
        <ele>-335.44999999999999</ele>
        <time>2026-01-19T11:12:09Z</time>
      </trkpt>
      <trkpt lat="54.691664641723037" lon="23.548101838678122">
        <ele>-336.79000000000002</ele>
        <time>2026-01-19T11:12:17Z</time>
      </trkpt>
      <trkpt lat="54.691630946472287" lon="23.548168390989304">
        <ele>-337.69</ele>
        <time>2026-01-19T11:12:27Z</time>
      </trkpt>
      <trkpt lat="54.691478395834565" lon="23.548548510298133">
        <ele>-338.44999999999999</ele>
        <time>2026-01-19T11:12:34Z</time>
      </trkpt>
      <trkpt lat="54.690825697034597" lon="23.549983240664005">
        <ele>-338.73000000000002</ele>
        <time>2026-01-19T11:12:44Z</time>
      </trkpt>
      <trkpt lat="54.689997984096408" lon="23.551816949620843">
        <ele>-338.5</ele>
        <time>2026-01-19T11:12:55Z</time>
      </trkpt>
      <trkpt lat="54.689319133758545" lon="23.553306665271521">
        <ele>-337.47000000000003</ele>
        <time>2026-01-19T11:13:04Z</time>
      </trkpt>
      <trkpt lat="54.689202792942524" lon="23.553598774597049">
        <ele>-337.31999999999999</ele>
        <time>2026-01-19T11:13:07Z</time>
      </trkpt>
      <trkpt lat="54.689190555363894" lon="23.553658705204725">
        <ele>-337.30000000000001</ele>
        <time>2026-01-19T11:13:08Z</time>
      </trkpt>
      <trkpt lat="54.689189968630672" lon="23.553709415718913">
        <ele>-337.26999999999998</ele>
        <time>2026-01-19T11:13:09Z</time>
      </trkpt>
      <trkpt lat="54.689198769629002" lon="23.553755348548293">
        <ele>-337.22000000000003</ele>
        <time>2026-01-19T11:13:10Z</time>
      </trkpt>
      <trkpt lat="54.689213605597615" lon="23.55381284840405">
        <ele>-337.13999999999999</ele>
        <time>2026-01-19T11:13:11Z</time>
      </trkpt>
      <trkpt lat="54.689237577840686" lon="23.553895996883512">
        <ele>-337.08999999999997</ele>
        <time>2026-01-19T11:13:12Z</time>
      </trkpt>
      <trkpt lat="54.689273787662387" lon="23.553995657712221">
        <ele>-337.04000000000002</ele>
        <time>2026-01-19T11:13:13Z</time>
      </trkpt>
      <trkpt lat="54.689196422696114" lon="23.554526483640075">
        <ele>-342.75999999999999</ele>
        <time>2026-01-19T11:14:21Z</time>
      </trkpt>
      <trkpt lat="54.68916448764503" lon="23.554603680968285">
        <ele>-342.82999999999998</ele>
        <time>2026-01-19T11:14:22Z</time>
      </trkpt>
      <trkpt lat="54.689134480431676" lon="23.554682638496161">
        <ele>-342.87</ele>
        <time>2026-01-19T11:14:23Z</time>
      </trkpt>
      <trkpt lat="54.689112016931176" lon="23.554761679843068">
        <ele>-342.88999999999999</ele>
        <time>2026-01-19T11:14:24Z</time>
      </trkpt>
      <trkpt lat="54.689103551208973" lon="23.554846253246069">
        <ele>-342.93000000000001</ele>
        <time>2026-01-19T11:14:25Z</time>
      </trkpt>
      <trkpt lat="54.689114699140191" lon="23.554935520514846">
        <ele>-342.92000000000002</ele>
        <time>2026-01-19T11:14:26Z</time>
      </trkpt>
      <trkpt lat="54.689137162640691" lon="23.555030738934875">
        <ele>-342.89999999999998</ele>
        <time>2026-01-19T11:14:27Z</time>
      </trkpt>
      <trkpt lat="54.689160212874413" lon="23.555134674534202">
        <ele>-342.88999999999999</ele>
        <time>2026-01-19T11:14:28Z</time>
      </trkpt>
      <trkpt lat="54.689179658889771" lon="23.555243387818336">
        <ele>-342.88999999999999</ele>
        <time>2026-01-19T11:14:29Z</time>
      </trkpt>
      <trkpt lat="54.689262136816978" lon="23.555772621184587">
        <ele>-343.07999999999998</ele>
        <time>2026-01-19T11:14:33Z</time>
      </trkpt>
      <trkpt lat="54.689284935593605" lon="23.555882088840008">
        <ele>-343.10000000000002</ele>
        <time>2026-01-19T11:14:34Z</time>
      </trkpt>
      <trkpt lat="54.689298933371902" lon="23.555986192077398">
        <ele>-343.11000000000001</ele>
        <time>2026-01-19T11:14:35Z</time>
      </trkpt>
      <trkpt lat="54.68929884955287" lon="23.556080823764205">
        <ele>-343.11000000000001</ele>
        <time>2026-01-19T11:14:36Z</time>
      </trkpt>
      <trkpt lat="54.689283845946193" lon="23.556167660281062">
        <ele>-343.10000000000002</ele>
        <time>2026-01-19T11:14:37Z</time>
      </trkpt>
      <trkpt lat="54.689252497628331" lon="23.556255251169205">
        <ele>-343.10000000000002</ele>
        <time>2026-01-19T11:14:38Z</time>
      </trkpt>
      <trkpt lat="54.689206229522824" lon="23.556359941139817">
        <ele>-343.10000000000002</ele>
        <time>2026-01-19T11:14:39Z</time>
      </trkpt>
      <trkpt lat="54.688806077465415" lon="23.557288320735097">
        <ele>-343</ele>
        <time>2026-01-19T11:14:46Z</time>
      </trkpt>
      <trkpt lat="54.68867925927043" lon="23.557519828900695">
        <ele>-343.11000000000001</ele>
        <time>2026-01-19T11:14:50Z</time>
      </trkpt>
      <trkpt lat="54.688660316169262" lon="23.557583950459957">
        <ele>-343.06999999999999</ele>
        <time>2026-01-19T11:14:51Z</time>
      </trkpt>
      <trkpt lat="54.688648665323853" lon="23.557664919644594">
        <ele>-342.99000000000001</ele>
        <time>2026-01-19T11:14:52Z</time>
      </trkpt>
      <trkpt lat="54.688638690859079" lon="23.557850914075971">
        <ele>-342.88999999999999</ele>
        <time>2026-01-19T11:14:54Z</time>
      </trkpt>
      <trkpt lat="54.688647408038378" lon="23.557939846068621">
        <ele>-342.83999999999997</ele>
        <time>2026-01-19T11:14:55Z</time>
      </trkpt>
      <trkpt lat="54.688675235956907" lon="23.558021234348416">
        <ele>-342.80000000000001</ele>
        <time>2026-01-19T11:14:56Z</time>
      </trkpt>
      <trkpt lat="54.688720246776938" lon="23.558101449161768">
        <ele>-342.75</ele>
        <time>2026-01-19T11:14:57Z</time>
      </trkpt>
      <trkpt lat="54.68876039609313" lon="23.558177975937724">
        <ele>-342.73000000000002</ele>
        <time>2026-01-19T11:14:58Z</time>
      </trkpt>
      <trkpt lat="54.688783027231693" lon="23.558259783312678">
        <ele>-342.70999999999998</ele>
        <time>2026-01-19T11:14:59Z</time>
      </trkpt>
      <trkpt lat="54.688802137970924" lon="23.55835760012269">
        <ele>-342.69999999999999</ele>
        <time>2026-01-19T11:15:00Z</time>
      </trkpt>
      <trkpt lat="54.68883172608912" lon="23.558479640632868">
        <ele>-342.66000000000003</ele>
        <time>2026-01-19T11:15:01Z</time>
      </trkpt>
      <trkpt lat="54.688870785757899" lon="23.558620288968086">
        <ele>-342.63</ele>
        <time>2026-01-19T11:15:02Z</time>
      </trkpt>
      <trkpt lat="54.688913701102138" lon="23.558773761615157">
        <ele>-342.56</ele>
        <time>2026-01-19T11:15:03Z</time>
      </trkpt>
      <trkpt lat="54.688983773812652" lon="23.559104595333338">
        <ele>-342.31999999999999</ele>
        <time>2026-01-19T11:15:05Z</time>
      </trkpt>
      <trkpt lat="54.689010260626674" lon="23.559271479025483">
        <ele>-342.22000000000003</ele>
        <time>2026-01-19T11:15:06Z</time>
      </trkpt>
      <trkpt lat="54.689045716077089" lon="23.559429896995425">
        <ele>-342.11000000000001</ele>
        <time>2026-01-19T11:15:07Z</time>
      </trkpt>
      <trkpt lat="54.689207654446363" lon="23.56008879840374">
        <ele>-341.98000000000002</ele>
        <time>2026-01-19T11:15:12Z</time>
      </trkpt>
      <trkpt lat="54.689214862883091" lon="23.560195164754987">
        <ele>-341.98000000000002</ele>
        <time>2026-01-19T11:15:13Z</time>
      </trkpt>
      <trkpt lat="54.689207822084427" lon="23.560288120061159">
        <ele>-341.99000000000001</ele>
        <time>2026-01-19T11:15:14Z</time>
      </trkpt>
      <trkpt lat="54.689198769629002" lon="23.560376968234777">
        <ele>-341.99000000000001</ele>
        <time>2026-01-19T11:15:15Z</time>
      </trkpt>
      <trkpt lat="54.689197763800621" lon="23.560474198311567">
        <ele>-342</ele>
        <time>2026-01-19T11:15:16Z</time>
      </trkpt>
      <trkpt lat="54.68919868580997" lon="23.560572434216738">
        <ele>-342.00999999999999</ele>
        <time>2026-01-19T11:15:17Z</time>
      </trkpt>
      <trkpt lat="54.689196087419987" lon="23.56065608561039">
        <ele>-342.01999999999998</ele>
        <time>2026-01-19T11:15:18Z</time>
      </trkpt>
      <trkpt lat="54.689190723001957" lon="23.560723392292857">
        <ele>-342.01999999999998</ele>
        <time>2026-01-19T11:15:19Z</time>
      </trkpt>
      <trkpt lat="54.689184688031673" lon="23.560780556872487">
        <ele>-342.01999999999998</ele>
        <time>2026-01-19T11:15:20Z</time>
      </trkpt>
      <trkpt lat="54.689174629747868" lon="23.560895472764969">
        <ele>-342.01999999999998</ele>
        <time>2026-01-19T11:15:22Z</time>
      </trkpt>
      <trkpt lat="54.689167505130172" lon="23.56097417883575">
        <ele>-342.02999999999997</ele>
        <time>2026-01-19T11:15:23Z</time>
      </trkpt>
      <trkpt lat="54.689152836799622" lon="23.561045005917549">
        <ele>-342.02999999999997</ele>
        <time>2026-01-19T11:15:24Z</time>
      </trkpt>
      <trkpt lat="54.689128445461392" lon="23.561106277629733">
        <ele>-342.04000000000002</ele>
        <time>2026-01-19T11:15:25Z</time>
      </trkpt>
      <trkpt lat="54.689097013324499" lon="23.561169728636742">
        <ele>-342.04000000000002</ele>
        <time>2026-01-19T11:15:26Z</time>
      </trkpt>
      <trkpt lat="54.689067425206304" lon="23.561244830489159">
        <ele>-342.02999999999997</ele>
        <time>2026-01-19T11:15:27Z</time>
      </trkpt>
      <trkpt lat="54.688972709700465" lon="23.561530653387308">
        <ele>-342.00999999999999</ele>
        <time>2026-01-19T11:15:31Z</time>
      </trkpt>
      <trkpt lat="54.688941780477762" lon="23.561572395265102">
        <ele>-342.00999999999999</ele>
        <time>2026-01-19T11:15:32Z</time>
      </trkpt>
      <trkpt lat="54.688908085227013" lon="23.561584297567606">
        <ele>-342.00999999999999</ele>
        <time>2026-01-19T11:15:33Z</time>
      </trkpt>
      <trkpt lat="54.688868522644043" lon="23.561559654772282">
        <ele>-342.00999999999999</ele>
        <time>2026-01-19T11:15:34Z</time>
      </trkpt>
      <trkpt lat="54.688566355034709" lon="23.561508441343904">
        <ele>-342</ele>
        <time>2026-01-19T11:15:39Z</time>
      </trkpt>
      <trkpt lat="54.68851706944406" lon="23.561546914279461">
        <ele>-342</ele>
        <time>2026-01-19T11:15:40Z</time>
      </trkpt>
      <trkpt lat="54.6884770039469" lon="23.561563761904836">
        <ele>-342</ele>
        <time>2026-01-19T11:15:41Z</time>
      </trkpt>
      <trkpt lat="54.688446912914515" lon="23.561564516276121">
        <ele>-341.99000000000001</ele>
        <time>2026-01-19T11:15:42Z</time>
      </trkpt>
      <trkpt lat="54.688425455242395" lon="23.561558313667774">
        <ele>-341.99000000000001</ele>
        <time>2026-01-19T11:15:43Z</time>
      </trkpt>
      <trkpt lat="54.688411625102162" lon="23.561552781611681">
        <ele>-342.05000000000001</ele>
        <time>2026-01-19T11:15:44Z</time>
      </trkpt>
      <trkpt lat="54.688300397247076" lon="23.561528893187642">
        <ele>-342.35000000000002</ele>
        <time>2026-01-19T11:15:50Z</time>
      </trkpt>
      <trkpt lat="54.688251698389649" lon="23.561542890965939">
        <ele>-342.35000000000002</ele>
        <time>2026-01-19T11:15:51Z</time>
      </trkpt>
      <trkpt lat="54.688190761953592" lon="23.561582369729877">
        <ele>-342.37</ele>
        <time>2026-01-19T11:15:52Z</time>
      </trkpt>
      <trkpt lat="54.68758475035429" lon="23.562085619196296">
        <ele>-342.41000000000003</ele>
        <time>2026-01-19T11:15:58Z</time>
      </trkpt>
      <trkpt lat="54.687044871971011" lon="23.562567578628659">
        <ele>-342.60000000000002</ele>
        <time>2026-01-19T11:16:04Z</time>
      </trkpt>
      <trkpt lat="54.686984354630113" lon="23.562663048505783">
        <ele>-342.61000000000001</ele>
        <time>2026-01-19T11:16:05Z</time>
      </trkpt>
      <trkpt lat="54.686932638287544" lon="23.562778467312455">
        <ele>-342.61000000000001</ele>
        <time>2026-01-19T11:16:06Z</time>
      </trkpt>
      <trkpt lat="54.686834402382374" lon="23.563038809224963">
        <ele>-342.62</ele>
        <time>2026-01-19T11:16:08Z</time>
      </trkpt>
      <trkpt lat="54.686766173690557" lon="23.563155988231301">
        <ele>-342.62</ele>
        <time>2026-01-19T11:16:09Z</time>
      </trkpt>
      <trkpt lat="54.686676990240812" lon="23.563264198601246">
        <ele>-342.62</ele>
        <time>2026-01-19T11:16:10Z</time>
      </trkpt>
      <trkpt lat="54.686567354947329" lon="23.563366709277034">
        <ele>-342.62</ele>
        <time>2026-01-19T11:16:11Z</time>
      </trkpt>
      <trkpt lat="54.686443218961358" lon="23.563463101163507">
        <ele>-342.57999999999998</ele>
        <time>2026-01-19T11:16:12Z</time>
      </trkpt>
      <trkpt lat="54.686039881780744" lon="23.563726125285029">
        <ele>-342.27999999999997</ele>
        <time>2026-01-19T11:16:15Z</time>
      </trkpt>
      <trkpt lat="54.685916416347027" lon="23.563766106963158">
        <ele>-342.24000000000001</ele>
        <time>2026-01-19T11:16:16Z</time>
      </trkpt>
      <trkpt lat="54.685802925378084" lon="23.563796365633607">
        <ele>-342.23000000000002</ele>
        <time>2026-01-19T11:16:17Z</time>
      </trkpt>
      <trkpt lat="54.685697061941028" lon="23.563843555748463">
        <ele>-342.19</ele>
        <time>2026-01-19T11:16:18Z</time>
      </trkpt>
      <trkpt lat="54.685584995895624" lon="23.563904743641615">
        <ele>-342.16000000000003</ele>
        <time>2026-01-19T11:16:19Z</time>
      </trkpt>
      <trkpt lat="54.684997508302331" lon="23.564104316756129">
        <ele>-341.68000000000001</ele>
        <time>2026-01-19T11:16:24Z</time>
      </trkpt>
      <trkpt lat="54.684916120022535" lon="23.564129797741771">
        <ele>-341.60000000000002</ele>
        <time>2026-01-19T11:16:25Z</time>
      </trkpt>
      <trkpt lat="54.684234336018562" lon="23.56434085406363">
        <ele>-340.70999999999998</ele>
        <time>2026-01-19T11:16:31Z</time>
      </trkpt>
      <trkpt lat="54.683029185980558" lon="23.564762882888317">
        <ele>-339.31999999999999</ele>
        <time>2026-01-19T11:16:38Z</time>
      </trkpt>
      <trkpt lat="54.681788496673107" lon="23.565179882571101">
        <ele>-337.54000000000002</ele>
        <time>2026-01-19T11:16:48Z</time>
      </trkpt>
      <trkpt lat="54.680952485650778" lon="23.565504094585776">
        <ele>-336.20999999999998</ele>
        <time>2026-01-19T11:16:58Z</time>
      </trkpt>
      <trkpt lat="54.680393664166331" lon="23.56570266187191">
        <ele>-335.13</ele>
        <time>2026-01-19T11:17:08Z</time>
      </trkpt>
      <trkpt lat="54.680081270635128" lon="23.565707188099623">
        <ele>-334.70999999999998</ele>
        <time>2026-01-19T11:17:15Z</time>
      </trkpt>
      <trkpt lat="54.680065680295229" lon="23.565658573061228">
        <ele>-334.62</ele>
        <time>2026-01-19T11:17:16Z</time>
      </trkpt>
      <trkpt lat="54.680049838498235" lon="23.565568551421165">
        <ele>-334.56999999999999</ele>
        <time>2026-01-19T11:17:17Z</time>
      </trkpt>
      <trkpt lat="54.679937185719609" lon="23.564467336982489">
        <ele>-334.25</ele>
        <time>2026-01-19T11:17:22Z</time>
      </trkpt>
      <trkpt lat="54.679690087214112" lon="23.562085451558232">
        <ele>-332.89999999999998</ele>
        <time>2026-01-19T11:17:29Z</time>
      </trkpt>
      <trkpt lat="54.679440222680569" lon="23.559759138152003">
        <ele>-332.20999999999998</ele>
        <time>2026-01-19T11:17:38Z</time>
      </trkpt>
      <trkpt lat="54.679122045636177" lon="23.556846426799893">
        <ele>-330.91000000000003</ele>
        <time>2026-01-19T11:17:50Z</time>
      </trkpt>
      <trkpt lat="54.678737483918667" lon="23.553496431559324">
        <ele>-329.69999999999999</ele>
        <time>2026-01-19T11:18:02Z</time>
      </trkpt>
      <trkpt lat="54.678483009338379" lon="23.551304647698998">
        <ele>-328.32999999999998</ele>
        <time>2026-01-19T11:18:09Z</time>
      </trkpt>
      <trkpt lat="54.678303971886635" lon="23.549507400020957">
        <ele>-327.63</ele>
        <time>2026-01-19T11:18:16Z</time>
      </trkpt>
      <trkpt lat="54.678257452324033" lon="23.549073049798608">
        <ele>-327.68000000000001</ele>
        <time>2026-01-19T11:18:19Z</time>
      </trkpt>
      <trkpt lat="54.678235491737723" lon="23.549002725630999">
        <ele>-327.69999999999999</ele>
        <time>2026-01-19T11:18:20Z</time>
      </trkpt>
      <trkpt lat="54.678201880306005" lon="23.548970958217978">
        <ele>-327.74000000000001</ele>
        <time>2026-01-19T11:18:21Z</time>
      </trkpt>
      <trkpt lat="54.678151421248913" lon="23.548966851085424">
        <ele>-327.75999999999999</ele>
        <time>2026-01-19T11:18:22Z</time>
      </trkpt>
      <trkpt lat="54.678076319396496" lon="23.548983782529831">
        <ele>-327.76999999999998</ele>
        <time>2026-01-19T11:18:23Z</time>
      </trkpt>
      <trkpt lat="54.677977664396167" lon="23.549022004008293">
        <ele>-327.76999999999998</ele>
        <time>2026-01-19T11:18:24Z</time>
      </trkpt>
      <trkpt lat="54.677856545895338" lon="23.549068523570895">
        <ele>-327.74000000000001</ele>
        <time>2026-01-19T11:18:25Z</time>
      </trkpt>
      <trkpt lat="54.67771447263658" lon="23.549117390066385">
        <ele>-327.69</ele>
        <time>2026-01-19T11:18:26Z</time>
      </trkpt>
      <trkpt lat="54.676598254591227" lon="23.549518045037985">
        <ele>-326.5</ele>
        <time>2026-01-19T11:18:32Z</time>
      </trkpt>
      <trkpt lat="54.675213228911161" lon="23.549967231228948">
        <ele>-324.97000000000003</ele>
        <time>2026-01-19T11:18:40Z</time>
      </trkpt>
      <trkpt lat="54.674186445772648" lon="23.550294879823923">
        <ele>-323.70999999999998</ele>
        <time>2026-01-19T11:18:48Z</time>
      </trkpt>
      <trkpt lat="54.67379760928452" lon="23.550405185669661">
        <ele>-323.66000000000003</ele>
        <time>2026-01-19T11:18:55Z</time>
      </trkpt>
      <trkpt lat="54.673810265958309" lon="23.550417926162481">
        <ele>-325.13999999999999</ele>
        <time>2026-01-19T11:19:18Z</time>
      </trkpt>
      <trkpt lat="54.673812109977007" lon="23.550416082143784">
        <ele>-328.19</ele>
        <time>2026-01-19T11:19:39Z</time>
      </trkpt>
      <trkpt lat="54.673546487465501" lon="23.550519682466984">
        <ele>-330.06</ele>
        <time>2026-01-19T11:19:53Z</time>
      </trkpt>
      <trkpt lat="54.672801923006773" lon="23.550936849787831">
        <ele>-329.74000000000001</ele>
        <time>2026-01-19T11:20:01Z</time>
      </trkpt>
      <trkpt lat="54.672304540872574" lon="23.551608575507998">
        <ele>-329.05000000000001</ele>
        <time>2026-01-19T11:20:06Z</time>
      </trkpt>
      <trkpt lat="54.672140590846539" lon="23.551961537450552">
        <ele>-328.79000000000002</ele>
        <time>2026-01-19T11:20:08Z</time>
      </trkpt>
      <trkpt lat="54.67206590808928" lon="23.552174018695951">
        <ele>-328.66000000000003</ele>
        <time>2026-01-19T11:20:09Z</time>
      </trkpt>
      <trkpt lat="54.671504404395819" lon="23.554293718189001">
        <ele>-326.80000000000001</ele>
        <time>2026-01-19T11:20:17Z</time>
      </trkpt>
      <trkpt lat="54.671179438009858" lon="23.555477997288108">
        <ele>-325.91000000000003</ele>
        <time>2026-01-19T11:20:22Z</time>
      </trkpt>
      <trkpt lat="54.671102659776807" lon="23.555669942870736">
        <ele>-325.79000000000002</ele>
        <time>2026-01-19T11:20:23Z</time>
      </trkpt>
      <trkpt lat="54.671018924564123" lon="23.555847890675068">
        <ele>-325.63999999999999</ele>
        <time>2026-01-19T11:20:24Z</time>
      </trkpt>
      <trkpt lat="54.670928902924061" lon="23.556010667234659">
        <ele>-325.49000000000001</ele>
        <time>2026-01-19T11:20:25Z</time>
      </trkpt>
      <trkpt lat="54.670832678675652" lon="23.55616657063365">
        <ele>-325.37</ele>
        <time>2026-01-19T11:20:26Z</time>
      </trkpt>
      <trkpt lat="54.670016281306744" lon="23.557336181402206">
        <ele>-323.99000000000001</ele>
        <time>2026-01-19T11:20:33Z</time>
      </trkpt>
      <trkpt lat="54.66988661326468" lon="23.557466603815556">
        <ele>-323.82999999999998</ele>
        <time>2026-01-19T11:20:34Z</time>
      </trkpt>
      <trkpt lat="54.669746635481715" lon="23.557572048157454">
        <ele>-323.63999999999999</ele>
        <time>2026-01-19T11:20:35Z</time>
      </trkpt>
      <trkpt lat="54.669594001024961" lon="23.557653520256281">
        <ele>-323.38</ele>
        <time>2026-01-19T11:20:36Z</time>
      </trkpt>
      <trkpt lat="54.669426111504436" lon="23.557712528854609">
        <ele>-323.10000000000002</ele>
        <time>2026-01-19T11:20:37Z</time>
      </trkpt>
      <trkpt lat="54.669247576966882" lon="23.557755779474974">
        <ele>-322.86000000000001</ele>
        <time>2026-01-19T11:20:38Z</time>
      </trkpt>
      <trkpt lat="54.667413029819727" lon="23.558199517428875">
        <ele>-320.36000000000001</ele>
        <time>2026-01-19T11:20:48Z</time>
      </trkpt>
      <trkpt lat="54.666059101000428" lon="23.558483412489295">
        <ele>-319.04000000000002</ele>
        <time>2026-01-19T11:20:57Z</time>
      </trkpt>
      <trkpt lat="54.665958350524306" lon="23.558460781350732">
        <ele>-318.98000000000002</ele>
        <time>2026-01-19T11:20:58Z</time>
      </trkpt>
      <trkpt lat="54.665855336934328" lon="23.558414513245225">
        <ele>-318.93000000000001</ele>
        <time>2026-01-19T11:20:59Z</time>
      </trkpt>
      <trkpt lat="54.665741259232163" lon="23.558343350887299">
        <ele>-318.89999999999998</ele>
        <time>2026-01-19T11:21:00Z</time>
      </trkpt>
      <trkpt lat="54.665611004456878" lon="23.558249557390809">
        <ele>-318.85000000000002</ele>
        <time>2026-01-19T11:21:01Z</time>
      </trkpt>
      <trkpt lat="54.664421947672963" lon="23.557312376797199">
        <ele>-317.83999999999997</ele>
        <time>2026-01-19T11:21:08Z</time>
      </trkpt>
      <trkpt lat="54.663326432928443" lon="23.556495727971196">
        <ele>-316.91000000000003</ele>
        <time>2026-01-19T11:21:15Z</time>
      </trkpt>
      <trkpt lat="54.663179246708751" lon="23.556439401581883">
        <ele>-316.87</ele>
        <time>2026-01-19T11:21:16Z</time>
      </trkpt>
      <trkpt lat="54.66302040964365" lon="23.556404700502753">
        <ele>-316.80000000000001</ele>
        <time>2026-01-19T11:21:17Z</time>
      </trkpt>
      <trkpt lat="54.662854364141822" lon="23.556393720209599">
        <ele>-316.69999999999999</ele>
        <time>2026-01-19T11:21:18Z</time>
      </trkpt>
      <trkpt lat="54.662690749391913" lon="23.556402269750834">
        <ele>-316.58999999999997</ele>
        <time>2026-01-19T11:21:19Z</time>
      </trkpt>
      <trkpt lat="54.6625273860991" lon="23.556427331641316">
        <ele>-316.47000000000003</ele>
        <time>2026-01-19T11:21:20Z</time>
      </trkpt>
      <trkpt lat="54.66235882602632" lon="23.556464547291398">
        <ele>-316.36000000000001</ele>
        <time>2026-01-19T11:21:21Z</time>
      </trkpt>
      <trkpt lat="54.661592552438378" lon="23.556573679670691">
        <ele>-315.75</ele>
        <time>2026-01-19T11:21:26Z</time>
      </trkpt>
      <trkpt lat="54.661441091448069" lon="23.556528836488724">
        <ele>-315.63</ele>
        <time>2026-01-19T11:21:27Z</time>
      </trkpt>
      <trkpt lat="54.661279236897826" lon="23.5564627032727">
        <ele>-315.51999999999998</ele>
        <time>2026-01-19T11:21:28Z</time>
      </trkpt>
      <trkpt lat="54.660547077655792" lon="23.556113597005606">
        <ele>-315.11000000000001</ele>
        <time>2026-01-19T11:21:33Z</time>
      </trkpt>
      <trkpt lat="54.660418163985014" lon="23.556093815714121">
        <ele>-315.06999999999999</ele>
        <time>2026-01-19T11:21:34Z</time>
      </trkpt>
      <trkpt lat="54.660291094332933" lon="23.556097755208611">
        <ele>-315.01999999999998</ele>
        <time>2026-01-19T11:21:35Z</time>
      </trkpt>
      <trkpt lat="54.660167377442122" lon="23.556133881211281">
        <ele>-315</ele>
        <time>2026-01-19T11:21:36Z</time>
      </trkpt>
      <trkpt lat="54.660042487084866" lon="23.556208396330476">
        <ele>-314.93000000000001</ele>
        <time>2026-01-19T11:21:37Z</time>
      </trkpt>
      <trkpt lat="54.659916674718261" lon="23.556314846500754">
        <ele>-314.92000000000002</ele>
        <time>2026-01-19T11:21:38Z</time>
      </trkpt>
      <trkpt lat="54.659793544560671" lon="23.556455746293068">
        <ele>-314.91000000000003</ele>
        <time>2026-01-19T11:21:39Z</time>
      </trkpt>
      <trkpt lat="54.659667816013098" lon="23.556629503145814">
        <ele>-314.86000000000001</ele>
        <time>2026-01-19T11:21:40Z</time>
      </trkpt>
      <trkpt lat="54.658555872738361" lon="23.558367742225528">
        <ele>-314.18000000000001</ele>
        <time>2026-01-19T11:21:48Z</time>
      </trkpt>
      <trkpt lat="54.656527200713754" lon="23.561547668650746">
        <ele>-312.97000000000003</ele>
        <time>2026-01-19T11:22:03Z</time>
      </trkpt>
      <trkpt lat="54.655148796737194" lon="23.563616238534451">
        <ele>-312.31</ele>
        <time>2026-01-19T11:22:13Z</time>
      </trkpt>
      <trkpt lat="54.653737870976329" lon="23.565559331327677">
        <ele>-311.10000000000002</ele>
        <time>2026-01-19T11:22:22Z</time>
      </trkpt>
      <trkpt lat="54.652265757322311" lon="23.567581046372652">
        <ele>-309.93000000000001</ele>
        <time>2026-01-19T11:22:32Z</time>
      </trkpt>
      <trkpt lat="54.651071922853589" lon="23.569012675434351">
        <ele>-309.04000000000002</ele>
        <time>2026-01-19T11:22:41Z</time>
      </trkpt>
      <trkpt lat="54.649560749530792" lon="23.570445813238621">
        <ele>-307.74000000000001</ele>
        <time>2026-01-19T11:22:50Z</time>
      </trkpt>
      <trkpt lat="54.647766519337893" lon="23.572151865810156">
        <ele>-306.52999999999997</ele>
        <time>2026-01-19T11:23:01Z</time>
      </trkpt>
      <trkpt lat="54.64711063541472" lon="23.572770785540342">
        <ele>-306.66000000000003</ele>
        <time>2026-01-19T11:23:08Z</time>
      </trkpt>
      <trkpt lat="54.646923216059804" lon="23.572935573756695">
        <ele>-307.24000000000001</ele>
        <time>2026-01-19T11:23:14Z</time>
      </trkpt>
      <trkpt lat="54.646514011546969" lon="23.573311753571033">
        <ele>-307.33999999999997</ele>
        <time>2026-01-19T11:23:18Z</time>
      </trkpt>
      <trkpt lat="54.645435009151697" lon="23.574338536709547">
        <ele>-306.89999999999998</ele>
        <time>2026-01-19T11:23:24Z</time>
      </trkpt>
      <trkpt lat="54.64324900880456" lon="23.576449602842331">
        <ele>-305.10000000000002</ele>
        <time>2026-01-19T11:23:35Z</time>
      </trkpt>
      <trkpt lat="54.641946209594607" lon="23.577689034864306">
        <ele>-303.88999999999999</ele>
        <time>2026-01-19T11:23:42Z</time>
      </trkpt>
      <trkpt lat="54.639845285564661" lon="23.579694908112288">
        <ele>-302.04000000000002</ele>
        <time>2026-01-19T11:23:53Z</time>
      </trkpt>
      <trkpt lat="54.637895571067929" lon="23.581554517149925">
        <ele>-299.67000000000002</ele>
        <time>2026-01-19T11:24:03Z</time>
      </trkpt>
      <trkpt lat="54.636250538751483" lon="23.583117658272386">
        <ele>-298.61000000000001</ele>
        <time>2026-01-19T11:24:13Z</time>
      </trkpt>
      <trkpt lat="54.634852018207312" lon="23.584447363391519">
        <ele>-297.58999999999997</ele>
        <time>2026-01-19T11:24:22Z</time>
      </trkpt>
      <trkpt lat="54.633775195106864" lon="23.585463585332036">
        <ele>-296.75999999999999</ele>
        <time>2026-01-19T11:24:30Z</time>
      </trkpt>
      <trkpt lat="54.63288327679038" lon="23.586097843945026">
        <ele>-296.63</ele>
        <time>2026-01-19T11:24:39Z</time>
      </trkpt>
      <trkpt lat="54.632548419758677" lon="23.586140759289265">
        <ele>-296.54000000000002</ele>
        <time>2026-01-19T11:24:42Z</time>
      </trkpt>
      <trkpt lat="54.632422272115946" lon="23.586123324930668">
        <ele>-296.51999999999998</ele>
        <time>2026-01-19T11:24:43Z</time>
      </trkpt>
      <trkpt lat="54.63228371925652" lon="23.58608677983284">
        <ele>-296.5</ele>
        <time>2026-01-19T11:24:44Z</time>
      </trkpt>
      <trkpt lat="54.632126139476895" lon="23.58602617867291">
        <ele>-296.44999999999999</ele>
        <time>2026-01-19T11:24:45Z</time>
      </trkpt>
      <trkpt lat="54.631947940215468" lon="23.585939593613148">
        <ele>-296.39999999999998</ele>
        <time>2026-01-19T11:24:46Z</time>
      </trkpt>
      <trkpt lat="54.630712950602174" lon="23.585204919800162">
        <ele>-295.72000000000003</ele>
        <time>2026-01-19T11:24:53Z</time>
      </trkpt>
      <trkpt lat="54.630042146891356" lon="23.584558926522732">
        <ele>-295.75999999999999</ele>
        <time>2026-01-19T11:24:59Z</time>
      </trkpt>
      <trkpt lat="54.629847183823586" lon="23.584256088361144">
        <ele>-296.26999999999998</ele>
        <time>2026-01-19T11:25:03Z</time>
      </trkpt>
      <trkpt lat="54.629454324021935" lon="23.583214301615953">
        <ele>-296.87</ele>
        <time>2026-01-19T11:25:10Z</time>
      </trkpt>
      <trkpt lat="54.628954846411943" lon="23.581405151635408">
        <ele>-296.38</ele>
        <time>2026-01-19T11:25:16Z</time>
      </trkpt>
      <trkpt lat="54.628425948321819" lon="23.579488545656204">
        <ele>-296.31</ele>
        <time>2026-01-19T11:25:25Z</time>
      </trkpt>
      <trkpt lat="54.628346152603626" lon="23.579298444092274">
        <ele>-296.32999999999998</ele>
        <time>2026-01-19T11:25:26Z</time>
      </trkpt>
      <trkpt lat="54.628247413784266" lon="23.579109432175756">
        <ele>-296.33999999999997</ele>
        <time>2026-01-19T11:25:27Z</time>
      </trkpt>
      <trkpt lat="54.6273597702384" lon="23.577891038730741">
        <ele>-295.86000000000001</ele>
        <time>2026-01-19T11:25:33Z</time>
      </trkpt>
      <trkpt lat="54.625612646341324" lon="23.575711492449045">
        <ele>-293.95999999999998</ele>
        <time>2026-01-19T11:25:43Z</time>
      </trkpt>
      <trkpt lat="54.62429316714406" lon="23.574031172320247">
        <ele>-292.61000000000001</ele>
        <time>2026-01-19T11:25:52Z</time>
      </trkpt>
      <trkpt lat="54.622973268851638" lon="23.57290405780077">
        <ele>-291.94</ele>
        <time>2026-01-19T11:26:00Z</time>
      </trkpt>
      <trkpt lat="54.621780524030328" lon="23.572150776162744">
        <ele>-290.95999999999998</ele>
        <time>2026-01-19T11:26:07Z</time>
      </trkpt>
      <trkpt lat="54.620697414502501" lon="23.571477374061942">
        <ele>-290.80000000000001</ele>
        <time>2026-01-19T11:26:16Z</time>
      </trkpt>
      <trkpt lat="54.619546076282859" lon="23.570715710520744">
        <ele>-290.86000000000001</ele>
        <time>2026-01-19T11:26:25Z</time>
      </trkpt>
      <trkpt lat="54.618109501898289" lon="23.569779619574547">
        <ele>-290.13999999999999</ele>
        <time>2026-01-19T11:26:33Z</time>
      </trkpt>
      <trkpt lat="54.616778204217553" lon="23.568930616602302">
        <ele>-289.80000000000001</ele>
        <time>2026-01-19T11:26:41Z</time>
      </trkpt>
      <trkpt lat="54.615240376442671" lon="23.567932918667793">
        <ele>-288.83999999999997</ele>
        <time>2026-01-19T11:26:49Z</time>
      </trkpt>
      <trkpt lat="54.614069005474448" lon="23.567165806889534">
        <ele>-288.56999999999999</ele>
        <time>2026-01-19T11:26:56Z</time>
      </trkpt>
      <trkpt lat="54.612392038106918" lon="23.566051684319973">
        <ele>-287.89999999999998</ele>
        <time>2026-01-19T11:27:05Z</time>
      </trkpt>
      <trkpt lat="54.611264420673251" lon="23.565039904788136">
        <ele>-288.70999999999998</ele>
        <time>2026-01-19T11:27:14Z</time>
      </trkpt>
      <trkpt lat="54.610719932243228" lon="23.564407406374812">
        <ele>-289.47000000000003</ele>
        <time>2026-01-19T11:27:21Z</time>
      </trkpt>
      <trkpt lat="54.610381806269288" lon="23.564015217125416">
        <ele>-290.98000000000002</ele>
        <time>2026-01-19T11:27:30Z</time>
      </trkpt>
      <trkpt lat="54.609785182401538" lon="23.56336067430675">
        <ele>-291.49000000000001</ele>
        <time>2026-01-19T11:27:35Z</time>
      </trkpt>
      <trkpt lat="54.608469977974892" lon="23.561861654743552">
        <ele>-291.11000000000001</ele>
        <time>2026-01-19T11:27:43Z</time>
      </trkpt>
      <trkpt lat="54.607130382210016" lon="23.560329945757985">
        <ele>-290.93000000000001</ele>
        <time>2026-01-19T11:27:51Z</time>
      </trkpt>
      <trkpt lat="54.60529868490994" lon="23.55823639780283">
        <ele>-290.26999999999998</ele>
        <time>2026-01-19T11:28:02Z</time>
      </trkpt>
      <trkpt lat="54.6039520483464" lon="23.556718854233623">
        <ele>-289.58999999999997</ele>
        <time>2026-01-19T11:28:10Z</time>
      </trkpt>
      <trkpt lat="54.602669700980186" lon="23.555257888510823">
        <ele>-289.25</ele>
        <time>2026-01-19T11:28:19Z</time>
      </trkpt>
      <trkpt lat="54.601477710530162" lon="23.553891135379672">
        <ele>-288.99000000000001</ele>
        <time>2026-01-19T11:28:28Z</time>
      </trkpt>
      <trkpt lat="54.599876431748271" lon="23.552072262391448">
        <ele>-287.85000000000002</ele>
        <time>2026-01-19T11:28:38Z</time>
      </trkpt>
      <trkpt lat="54.598431307822466" lon="23.55044717900455">
        <ele>-286.87</ele>
        <time>2026-01-19T11:28:47Z</time>
      </trkpt>
      <trkpt lat="54.597521619871259" lon="23.54943179525435">
        <ele>-286.63999999999999</ele>
        <time>2026-01-19T11:28:55Z</time>
      </trkpt>
      <trkpt lat="54.597266223281622" lon="23.549092579632998">
        <ele>-286.66000000000003</ele>
        <time>2026-01-19T11:29:00Z</time>
      </trkpt>
      <trkpt lat="54.597254320979118" lon="23.549029128625989">
        <ele>-286.75999999999999</ele>
        <time>2026-01-19T11:29:01Z</time>
      </trkpt>
      <trkpt lat="54.59726370871067" lon="23.5489422082901">
        <ele>-286.87</ele>
        <time>2026-01-19T11:29:02Z</time>
      </trkpt>
      <trkpt lat="54.597289273515344" lon="23.548822263255715">
        <ele>-286.93000000000001</ele>
        <time>2026-01-19T11:29:03Z</time>
      </trkpt>
      <trkpt lat="54.597336379811168" lon="23.548672227188945">
        <ele>-286.98000000000002</ele>
        <time>2026-01-19T11:29:04Z</time>
      </trkpt>
      <trkpt lat="54.59740343503654" lon="23.548501152545214">
        <ele>-287.01999999999998</ele>
        <time>2026-01-19T11:29:05Z</time>
      </trkpt>
      <trkpt lat="54.597487254068255" lon="23.548310212790966">
        <ele>-287.04000000000002</ele>
        <time>2026-01-19T11:29:06Z</time>
      </trkpt>
      <trkpt lat="54.598362240940332" lon="23.546918397769332">
        <ele>-286.80000000000001</ele>
        <time>2026-01-19T11:29:14Z</time>
      </trkpt>
      <trkpt lat="54.598449161276221" lon="23.546746401116252">
        <ele>-286.77999999999997</ele>
        <time>2026-01-19T11:29:15Z</time>
      </trkpt>
      <trkpt lat="54.59851554594934" lon="23.546564346179366">
        <ele>-286.82999999999998</ele>
        <time>2026-01-19T11:29:16Z</time>
      </trkpt>
      <trkpt lat="54.598560221493244" lon="23.546357816085219">
        <ele>-286.88999999999999</ele>
        <time>2026-01-19T11:29:17Z</time>
      </trkpt>
      <trkpt lat="54.598584193736315" lon="23.546122116968036">
        <ele>-286.94999999999999</ele>
        <time>2026-01-19T11:29:18Z</time>
      </trkpt>
      <trkpt lat="54.598581595346332" lon="23.545867977663875">
        <ele>-287.01999999999998</ele>
        <time>2026-01-19T11:29:19Z</time>
      </trkpt>
      <trkpt lat="54.598551923409104" lon="23.545612329617143">
        <ele>-287.05000000000001</ele>
        <time>2026-01-19T11:29:20Z</time>
      </trkpt>
      <trkpt lat="54.59850087761879" lon="23.545375457033515">
        <ele>-287.06999999999999</ele>
        <time>2026-01-19T11:29:21Z</time>
      </trkpt>
      <trkpt lat="54.598439270630479" lon="23.545163478702307">
        <ele>-287.06</ele>
        <time>2026-01-19T11:29:22Z</time>
      </trkpt>
      <trkpt lat="54.598278841003776" lon="23.544572051614523">
        <ele>-287.04000000000002</ele>
        <time>2026-01-19T11:29:25Z</time>
      </trkpt>
      <trkpt lat="54.598247073590755" lon="23.544359486550093">
        <ele>-287.04000000000002</ele>
        <time>2026-01-19T11:29:26Z</time>
      </trkpt>
      <trkpt lat="54.598228968679905" lon="23.544115154072642">
        <ele>-287.04000000000002</ele>
        <time>2026-01-19T11:29:27Z</time>
      </trkpt>
      <trkpt lat="54.598239362239838" lon="23.543844167143106">
        <ele>-287.04000000000002</ele>
        <time>2026-01-19T11:29:28Z</time>
      </trkpt>
      <trkpt lat="54.598271800205112" lon="23.543558847159147">
        <ele>-287.05000000000001</ele>
        <time>2026-01-19T11:29:29Z</time>
      </trkpt>
      <trkpt lat="54.598313877359033" lon="23.543275287374854">
        <ele>-287.05000000000001</ele>
        <time>2026-01-19T11:29:30Z</time>
      </trkpt>
      <trkpt lat="54.59834648296237" lon="23.54299608618021">
        <ele>-287.01999999999998</ele>
        <time>2026-01-19T11:29:31Z</time>
      </trkpt>
      <trkpt lat="54.598355870693922" lon="23.542706575244665">
        <ele>-286.98000000000002</ele>
        <time>2026-01-19T11:29:32Z</time>
      </trkpt>
      <trkpt lat="54.59834698587656" lon="23.542399043217301">
        <ele>-286.94</ele>
        <time>2026-01-19T11:29:33Z</time>
      </trkpt>
      <trkpt lat="54.598319660872221" lon="23.542083129286766">
        <ele>-286.92000000000002</ele>
        <time>2026-01-19T11:29:34Z</time>
      </trkpt>
      <trkpt lat="54.598283702507615" lon="23.541771322488785">
        <ele>-286.91000000000003</ele>
        <time>2026-01-19T11:29:35Z</time>
      </trkpt>
      <trkpt lat="54.598227627575397" lon="23.540929695591331">
        <ele>-286.87</ele>
        <time>2026-01-19T11:29:38Z</time>
      </trkpt>
      <trkpt lat="54.598241876810789" lon="23.540662815794349">
        <ele>-286.87</ele>
        <time>2026-01-19T11:29:39Z</time>
      </trkpt>
      <trkpt lat="54.598274314776063" lon="23.540406664833426">
        <ele>-286.88</ele>
        <time>2026-01-19T11:29:40Z</time>
      </trkpt>
      <trkpt lat="54.598308596760035" lon="23.540166188031435">
        <ele>-286.89999999999998</ele>
        <time>2026-01-19T11:29:41Z</time>
      </trkpt>
      <trkpt lat="54.598326785489917" lon="23.539921604096889">
        <ele>-286.92000000000002</ele>
        <time>2026-01-19T11:29:42Z</time>
      </trkpt>
      <trkpt lat="54.598328797146678" lon="23.53966360911727">
        <ele>-286.95999999999998</ele>
        <time>2026-01-19T11:29:43Z</time>
      </trkpt>
      <trkpt lat="54.598312703892589" lon="23.539394550025463">
        <ele>-287.00999999999999</ele>
        <time>2026-01-19T11:29:44Z</time>
      </trkpt>
      <trkpt lat="54.598277835175395" lon="23.539124149829149">
        <ele>-287.04000000000002</ele>
        <time>2026-01-19T11:29:45Z</time>
      </trkpt>
      <trkpt lat="54.59822385571897" lon="23.538853749632835">
        <ele>-287.04000000000002</ele>
        <time>2026-01-19T11:29:46Z</time>
      </trkpt>
      <trkpt lat="54.598136181011796" lon="23.538577063009143">
        <ele>-287.05000000000001</ele>
        <time>2026-01-19T11:29:47Z</time>
      </trkpt>
      <trkpt lat="54.598034843802452" lon="23.538296688348055">
        <ele>-287.04000000000002</ele>
        <time>2026-01-19T11:29:48Z</time>
      </trkpt>
      <trkpt lat="54.597663776949048" lon="23.537303349003196">
        <ele>-287.01999999999998</ele>
        <time>2026-01-19T11:29:52Z</time>
      </trkpt>
      <trkpt lat="54.59755246527493" lon="23.537108721211553">
        <ele>-287.01999999999998</ele>
        <time>2026-01-19T11:29:53Z</time>
      </trkpt>
      <trkpt lat="54.597415504977107" lon="23.536925408989191">
        <ele>-287.01999999999998</ele>
        <time>2026-01-19T11:29:54Z</time>
      </trkpt>
      <trkpt lat="54.597258344292641" lon="23.53675483725965">
        <ele>-287.01999999999998</ele>
        <time>2026-01-19T11:29:55Z</time>
      </trkpt>
      <trkpt lat="54.59709171205759" lon="23.536595748737454">
        <ele>-287</ele>
        <time>2026-01-19T11:29:56Z</time>
      </trkpt>
      <trkpt lat="54.595988066866994" lon="23.535336283966899">
        <ele>-286.60000000000002</ele>
        <time>2026-01-19T11:30:03Z</time>
      </trkpt>
      <trkpt lat="54.595846915617585" lon="23.535072505474091">
        <ele>-286.48000000000002</ele>
        <time>2026-01-19T11:30:04Z</time>
      </trkpt>
      <trkpt lat="54.594910908490419" lon="23.533548004925251">
        <ele>-285.81</ele>
        <time>2026-01-19T11:30:10Z</time>
      </trkpt>
      <trkpt lat="54.593595955520868" lon="23.531936332583427">
        <ele>-284.87</ele>
        <time>2026-01-19T11:30:18Z</time>
      </trkpt>
      <trkpt lat="54.592040944844484" lon="23.530898569151759">
        <ele>-283.44999999999999</ele>
        <time>2026-01-19T11:30:25Z</time>
      </trkpt>
      <trkpt lat="54.590415107086301" lon="23.529790481552482">
        <ele>-282.63999999999999</ele>
        <time>2026-01-19T11:30:33Z</time>
      </trkpt>
      <trkpt lat="54.58889689296484" lon="23.528774427250028">
        <ele>-281.51999999999998</ele>
        <time>2026-01-19T11:30:40Z</time>
      </trkpt>
      <trkpt lat="54.588286438956857" lon="23.528232621029019">
        <ele>-281.16000000000003</ele>
        <time>2026-01-19T11:30:43Z</time>
      </trkpt>
      <trkpt lat="54.588096588850021" lon="23.527984600514174">
        <ele>-281.06999999999999</ele>
        <time>2026-01-19T11:30:44Z</time>
      </trkpt>
      <trkpt lat="54.587434669956565" lon="23.527062674984336">
        <ele>-280.99000000000001</ele>
        <time>2026-01-19T11:30:48Z</time>
      </trkpt>
      <trkpt lat="54.587324447929859" lon="23.526824126020074">
        <ele>-280.99000000000001</ele>
        <time>2026-01-19T11:30:49Z</time>
      </trkpt>
      <trkpt lat="54.587249597534537" lon="23.526578200981021">
        <ele>-281.04000000000002</ele>
        <time>2026-01-19T11:30:50Z</time>
      </trkpt>
      <trkpt lat="54.587210370227695" lon="23.526338646188378">
        <ele>-281.16000000000003</ele>
        <time>2026-01-19T11:30:51Z</time>
      </trkpt>
      <trkpt lat="54.587196372449398" lon="23.526104874908924">
        <ele>-281.30000000000001</ele>
        <time>2026-01-19T11:30:52Z</time>
      </trkpt>
      <trkpt lat="54.587200228124857" lon="23.525858614593744">
        <ele>-281.5</ele>
        <time>2026-01-19T11:30:53Z</time>
      </trkpt>
      <trkpt lat="54.587210370227695" lon="23.525582598522305">
        <ele>-281.68000000000001</ele>
        <time>2026-01-19T11:30:54Z</time>
      </trkpt>
      <trkpt lat="54.587217243388295" lon="23.52432950399816">
        <ele>-281.87</ele>
        <time>2026-01-19T11:30:58Z</time>
      </trkpt>
      <trkpt lat="54.587181033566594" lon="23.524068323895335">
        <ele>-281.87</ele>
        <time>2026-01-19T11:30:59Z</time>
      </trkpt>
      <trkpt lat="54.587118504568934" lon="23.523811083287001">
        <ele>-281.87</ele>
        <time>2026-01-19T11:31:00Z</time>
      </trkpt>
      <trkpt lat="54.586603604257107" lon="23.522247020155191">
        <ele>-282.00999999999999</ele>
        <time>2026-01-19T11:31:05Z</time>
      </trkpt>
      <trkpt lat="54.586239159107208" lon="23.521153433248401">
        <ele>-282.45999999999998</ele>
        <time>2026-01-19T11:31:10Z</time>
      </trkpt>
      <trkpt lat="54.586154753342271" lon="23.520895270630717">
        <ele>-282.93000000000001</ele>
        <time>2026-01-19T11:31:12Z</time>
      </trkpt>
      <trkpt lat="54.586135726422071" lon="23.520788485184312">
        <ele>-283.13</ele>
        <time>2026-01-19T11:31:13Z</time>
      </trkpt>
      <trkpt lat="54.586136061698198" lon="23.520694775506854">
        <ele>-283.30000000000001</ele>
        <time>2026-01-19T11:31:14Z</time>
      </trkpt>
      <trkpt lat="54.586157016456127" lon="23.520606765523553">
        <ele>-283.49000000000001</ele>
        <time>2026-01-19T11:31:15Z</time>
      </trkpt>
      <trkpt lat="54.586202781647444" lon="23.520531998947263">
        <ele>-283.68000000000001</ele>
        <time>2026-01-19T11:31:16Z</time>
      </trkpt>
      <trkpt lat="54.586273189634085" lon="23.52047567255795">
        <ele>-283.88</ele>
        <time>2026-01-19T11:31:17Z</time>
      </trkpt>
      <trkpt lat="54.586363630369306" lon="23.520421525463462">
        <ele>-284.11000000000001</ele>
        <time>2026-01-19T11:31:18Z</time>
      </trkpt>
      <trkpt lat="54.587085396051407" lon="23.519949372857809">
        <ele>-285.07999999999998</ele>
        <time>2026-01-19T11:31:23Z</time>
      </trkpt>
      <trkpt lat="54.588852049782872" lon="23.518797028809786">
        <ele>-284.83999999999997</ele>
        <time>2026-01-19T11:31:31Z</time>
      </trkpt>
      <trkpt lat="54.591101501137018" lon="23.51733623072505">
        <ele>-284.27999999999997</ele>
        <time>2026-01-19T11:31:40Z</time>
      </trkpt>
      <trkpt lat="54.592584762722254" lon="23.516382873058319">
        <ele>-284.51999999999998</ele>
        <time>2026-01-19T11:31:47Z</time>
      </trkpt>
      <trkpt lat="54.593237210065126" lon="23.515924215316772">
        <ele>-285.49000000000001</ele>
        <time>2026-01-19T11:31:52Z</time>
      </trkpt>
      <trkpt lat="54.593226397410035" lon="23.51593435741961">
        <ele>-287.20999999999998</ele>
        <time>2026-01-19T11:31:57Z</time>
      </trkpt>
      <trkpt lat="54.593203933909535" lon="23.515930585563183">
        <ele>-288.42000000000002</ele>
        <time>2026-01-19T11:32:01Z</time>
      </trkpt>
      <trkpt lat="54.593152469024062" lon="23.515807371586561">
        <ele>-288.99000000000001</ele>
        <time>2026-01-19T11:32:03Z</time>
      </trkpt>
      <trkpt lat="54.593117013573647" lon="23.515652725473046">
        <ele>-289.26999999999998</ele>
        <time>2026-01-19T11:32:04Z</time>
      </trkpt>
      <trkpt lat="54.59308197721839" lon="23.515438986942172">
        <ele>-289.49000000000001</ele>
        <time>2026-01-19T11:32:05Z</time>
      </trkpt>
      <trkpt lat="54.592839824035764" lon="23.513693120330572">
        <ele>-290.38</ele>
        <time>2026-01-19T11:32:11Z</time>
      </trkpt>
      <trkpt lat="54.592548385262489" lon="23.511563194915652">
        <ele>-291.14999999999998</ele>
        <time>2026-01-19T11:32:18Z</time>
      </trkpt>
      <trkpt lat="54.59225133061409" lon="23.50971800275147">
        <ele>-292.81999999999999</ele>
        <time>2026-01-19T11:32:26Z</time>
      </trkpt>
      <trkpt lat="54.591734670102596" lon="23.507888987660408">
        <ele>-294.67000000000002</ele>
        <time>2026-01-19T11:32:35Z</time>
      </trkpt>
      <trkpt lat="54.591536438092589" lon="23.507307702675462">
        <ele>-296</ele>
        <time>2026-01-19T11:32:40Z</time>
      </trkpt>
      <trkpt lat="54.59086949005723" lon="23.506131302565336">
        <ele>-297.17000000000002</ele>
        <time>2026-01-19T11:32:49Z</time>
      </trkpt>
      <trkpt lat="54.59025526419282" lon="23.504936043173075">
        <ele>-298.26999999999998</ele>
        <time>2026-01-19T11:32:57Z</time>
      </trkpt>
      <trkpt lat="54.59001244045794" lon="23.504322404041886">
        <ele>-298.88999999999999</ele>
        <time>2026-01-19T11:33:01Z</time>
      </trkpt>
      <trkpt lat="54.589964998885989" lon="23.504137331619859">
        <ele>-299.10000000000002</ele>
        <time>2026-01-19T11:33:02Z</time>
      </trkpt>
      <trkpt lat="54.58952771499753" lon="23.502534879371524">
        <ele>-300.16000000000003</ele>
        <time>2026-01-19T11:33:11Z</time>
      </trkpt>
      <trkpt lat="54.589036367833614" lon="23.500901665538549">
        <ele>-301.12</ele>
        <time>2026-01-19T11:33:21Z</time>
      </trkpt>
      <trkpt lat="54.588738474994898" lon="23.499898603186011">
        <ele>-302.06</ele>
        <time>2026-01-19T11:33:27Z</time>
      </trkpt>
      <trkpt lat="54.588676281273365" lon="23.499664328992367">
        <ele>-302.31</ele>
        <time>2026-01-19T11:33:29Z</time>
      </trkpt>
      <trkpt lat="54.588606543838978" lon="23.499442879110575">
        <ele>-302.56999999999999</ele>
        <time>2026-01-19T11:33:31Z</time>
      </trkpt>
      <trkpt lat="54.588293479755521" lon="23.498344346880913">
        <ele>-303.17000000000002</ele>
        <time>2026-01-19T11:33:37Z</time>
      </trkpt>
      <trkpt lat="54.58780967630446" lon="23.49654802121222">
        <ele>-303.60000000000002</ele>
        <time>2026-01-19T11:33:45Z</time>
      </trkpt>
      <trkpt lat="54.587570037692785" lon="23.495605727657676">
        <ele>-304.04000000000002</ele>
        <time>2026-01-19T11:33:51Z</time>
      </trkpt>
      <trkpt lat="54.587546987459064" lon="23.495370699092746">
        <ele>-304.76999999999998</ele>
        <time>2026-01-19T11:33:56Z</time>
      </trkpt>
      <trkpt lat="54.587554950267076" lon="23.49538067355752">
        <ele>-307.06</ele>
        <time>2026-01-19T11:34:13Z</time>
      </trkpt>
      <trkpt lat="54.587556375190616" lon="23.495385618880391">
        <ele>-310.23000000000002</ele>
        <time>2026-01-19T11:34:31Z</time>
      </trkpt>
      <trkpt lat="54.587557632476091" lon="23.495389558374882">
        <ele>-313.33999999999997</ele>
        <time>2026-01-19T11:34:48Z</time>
      </trkpt>
      <trkpt lat="54.587558638304472" lon="23.495393330231309">
        <ele>-316.33999999999997</ele>
        <time>2026-01-19T11:35:04Z</time>
      </trkpt>
      <trkpt lat="54.587560063228011" lon="23.49539827555418">
        <ele>-319.38</ele>
        <time>2026-01-19T11:35:26Z</time>
      </trkpt>
      <trkpt lat="54.587562493979931" lon="23.495408585295081">
        <ele>-322.39999999999998</ele>
        <time>2026-01-19T11:36:21Z</time>
      </trkpt>
      <trkpt lat="54.58757028914988" lon="23.495434736832976">
        <ele>-320.81999999999999</ele>
        <time>2026-01-19T11:41:49Z</time>
      </trkpt>
      <trkpt lat="54.587573390454054" lon="23.495446303859353">
        <ele>-317.76999999999998</ele>
        <time>2026-01-19T11:45:16Z</time>
      </trkpt>
      <trkpt lat="54.587576743215322" lon="23.495467929169536">
        <ele>-314.70999999999998</ele>
        <time>2026-01-19T11:45:36Z</time>
      </trkpt>
      <trkpt lat="54.587576743215322" lon="23.495469270274043">
        <ele>-311.67000000000002</ele>
        <time>2026-01-19T11:45:53Z</time>
      </trkpt>
      <trkpt lat="54.587574480101466" lon="23.495425852015615">
        <ele>-309.14999999999998</ele>
        <time>2026-01-19T11:46:12Z</time>
      </trkpt>
      <trkpt lat="54.587574480101466" lon="23.495426690205932">
        <ele>-306.13</ele>
        <time>2026-01-19T11:46:37Z</time>
      </trkpt>
      <trkpt lat="54.587574312463403" lon="23.495430797338486">
        <ele>-303.07999999999998</ele>
        <time>2026-01-19T11:49:25Z</time>
      </trkpt>
      <trkpt lat="54.587608091533184" lon="23.495313450694084">
        <ele>-303.25999999999999</ele>
        <time>2026-01-19T11:50:41Z</time>
      </trkpt>
      <trkpt lat="54.587609684094787" lon="23.495313785970211">
        <ele>-306.27999999999997</ele>
        <time>2026-01-19T11:51:30Z</time>
      </trkpt>
      <trkpt lat="54.58761035464704" lon="23.495294507592916">
        <ele>-307.56999999999999</ele>
        <time>2026-01-19T11:51:57Z</time>
      </trkpt>
      <trkpt lat="54.587607253342867" lon="23.495265254750848">
        <ele>-307.57999999999998</ele>
        <time>2026-01-19T11:51:58Z</time>
      </trkpt>
      <trkpt lat="54.587600464001298" lon="23.495239773765206">
        <ele>-307.57999999999998</ele>
        <time>2026-01-19T11:51:59Z</time>
      </trkpt>
      <trkpt lat="54.58759224973619" lon="23.495217058807611">
        <ele>-307.57999999999998</ele>
        <time>2026-01-19T11:52:16Z</time>
      </trkpt>
      <trkpt lat="54.587512454017997" lon="23.494918663054705">
        <ele>-305.16000000000003</ele>
        <time>2026-01-19T11:52:47Z</time>
      </trkpt>
      <trkpt lat="54.587199976667762" lon="23.493919791653752">
        <ele>-304.18000000000001</ele>
        <time>2026-01-19T11:52:54Z</time>
      </trkpt>
      <trkpt lat="54.587160749360919" lon="23.49380093626678">
        <ele>-304.04000000000002</ele>
        <time>2026-01-19T11:52:55Z</time>
      </trkpt>
      <trkpt lat="54.587082965299487" lon="23.493567500263453">
        <ele>-303.73000000000002</ele>
        <time>2026-01-19T11:52:58Z</time>
      </trkpt>
      <trkpt lat="54.587056310847402" lon="23.493502540513873">
        <ele>-303.63</ele>
        <time>2026-01-19T11:52:59Z</time>
      </trkpt>
      <trkpt lat="54.586885655298829" lon="23.493023598566651">
        <ele>-303.25999999999999</ele>
        <time>2026-01-19T11:53:04Z</time>
      </trkpt>
      <trkpt lat="54.586510397493839" lon="23.491384098306298">
        <ele>-302.89999999999998</ele>
        <time>2026-01-19T11:53:13Z</time>
      </trkpt>
      <trkpt lat="54.586364133283496" lon="23.490791833028197">
        <ele>-302.64999999999998</ele>
        <time>2026-01-19T11:53:17Z</time>
      </trkpt>
      <trkpt lat="54.586330857127905" lon="23.490715641528368">
        <ele>-302.61000000000001</ele>
        <time>2026-01-19T11:53:18Z</time>
      </trkpt>
      <trkpt lat="54.586297664791346" lon="23.490680102258921">
        <ele>-302.57999999999998</ele>
        <time>2026-01-19T11:53:19Z</time>
      </trkpt>
      <trkpt lat="54.586264053359628" lon="23.490677587687969">
        <ele>-302.54000000000002</ele>
        <time>2026-01-19T11:53:20Z</time>
      </trkpt>
      <trkpt lat="54.586230525746942" lon="23.490695189684629">
        <ele>-302.50999999999999</ele>
        <time>2026-01-19T11:53:21Z</time>
      </trkpt>
      <trkpt lat="54.586200350895524" lon="23.490717820823193">
        <ele>-302.5</ele>
        <time>2026-01-19T11:53:22Z</time>
      </trkpt>
      <trkpt lat="54.585985690355301" lon="23.490826869383454">
        <ele>-302.27999999999997</ele>
        <time>2026-01-19T11:53:31Z</time>
      </trkpt>
      <trkpt lat="54.585839174687862" lon="23.490894930437207">
        <ele>-302.32999999999998</ele>
        <time>2026-01-19T11:53:36Z</time>
      </trkpt>
      <trkpt lat="54.585785530507565" lon="23.490909263491631">
        <ele>-302.32999999999998</ele>
        <time>2026-01-19T11:53:37Z</time>
      </trkpt>
      <trkpt lat="54.585714703425765" lon="23.490939354524016">
        <ele>-302.37</ele>
        <time>2026-01-19T11:53:38Z</time>
      </trkpt>
      <trkpt lat="54.585582101717591" lon="23.491006158292294">
        <ele>-302.38</ele>
        <time>2026-01-19T11:53:40Z</time>
      </trkpt>
      <trkpt lat="54.585531558841467" lon="23.491013031452894">
        <ele>-302.38</ele>
        <time>2026-01-19T11:53:41Z</time>
      </trkpt>
      <trkpt lat="54.585491996258497" lon="23.490993166342378">
        <ele>-302.41000000000003</ele>
        <time>2026-01-19T11:53:42Z</time>
      </trkpt>
      <trkpt lat="54.585378337651491" lon="23.490840028971434">
        <ele>-302.56</ele>
        <time>2026-01-19T11:53:46Z</time>
      </trkpt>
      <trkpt lat="54.585354030132294" lon="23.490749085322022">
        <ele>-302.64999999999998</ele>
        <time>2026-01-19T11:53:47Z</time>
      </trkpt>
      <trkpt lat="54.585236432030797" lon="23.490188755095005">
        <ele>-302.87</ele>
        <time>2026-01-19T11:53:51Z</time>
      </trkpt>
      <trkpt lat="54.585158228874207" lon="23.489874517545104">
        <ele>-302.93000000000001</ele>
        <time>2026-01-19T11:53:53Z</time>
      </trkpt>
      <trkpt lat="54.584806440398097" lon="23.488194029778242">
        <ele>-303.07999999999998</ele>
        <time>2026-01-19T11:54:00Z</time>
      </trkpt>
      <trkpt lat="54.584360774606466" lon="23.485957318916917">
        <ele>-302.94999999999999</ele>
        <time>2026-01-19T11:54:08Z</time>
      </trkpt>
      <trkpt lat="54.58393338136375" lon="23.483983548358083">
        <ele>-302.5</ele>
        <time>2026-01-19T11:54:16Z</time>
      </trkpt>
      <trkpt lat="54.583593495190144" lon="23.482592822983861">
        <ele>-302.24000000000001</ele>
        <time>2026-01-19T11:54:23Z</time>
      </trkpt>
      <trkpt lat="54.583527278155088" lon="23.482465166598558">
        <ele>-302.24000000000001</ele>
        <time>2026-01-19T11:54:24Z</time>
      </trkpt>
      <trkpt lat="54.583455780521035" lon="23.482381431385875">
        <ele>-302.23000000000002</ele>
        <time>2026-01-19T11:54:25Z</time>
      </trkpt>
      <trkpt lat="54.583384534344077" lon="23.48234161734581">
        <ele>-302.23000000000002</ele>
        <time>2026-01-19T11:54:26Z</time>
      </trkpt>
      <trkpt lat="54.583314713090658" lon="23.482326027005911">
        <ele>-302.23000000000002</ele>
        <time>2026-01-19T11:54:27Z</time>
      </trkpt>
      <trkpt lat="54.583240784704685" lon="23.482333067804575">
        <ele>-302.23000000000002</ele>
        <time>2026-01-19T11:54:28Z</time>
      </trkpt>
      <trkpt lat="54.58315109834075" lon="23.482365421950817">
        <ele>-302.19999999999999</ele>
        <time>2026-01-19T11:54:29Z</time>
      </trkpt>
      <trkpt lat="54.583039283752441" lon="23.482409175485373">
        <ele>-302.19999999999999</ele>
        <time>2026-01-19T11:54:30Z</time>
      </trkpt>
      <trkpt lat="54.582919925451279" lon="23.482468519359827">
        <ele>-302.19999999999999</ele>
        <time>2026-01-19T11:54:31Z</time>
      </trkpt>
      <trkpt lat="54.58272697404027" lon="23.482573544606566">
        <ele>-302.19999999999999</ele>
        <time>2026-01-19T11:54:33Z</time>
      </trkpt>
      <trkpt lat="54.582407036796212" lon="23.482701871544123">
        <ele>-302.06999999999999</ele>
        <time>2026-01-19T11:54:36Z</time>
      </trkpt>
      <trkpt lat="54.581484273076057" lon="23.483248287811875">
        <ele>-301.07999999999998</ele>
        <time>2026-01-19T11:54:43Z</time>
      </trkpt>
      <trkpt lat="54.580426644533873" lon="23.483862513676286">
        <ele>-299.57999999999998</ele>
        <time>2026-01-19T11:54:49Z</time>
      </trkpt>
      <trkpt lat="54.579056622460485" lon="23.484569527208805">
        <ele>-297.51999999999998</ele>
        <time>2026-01-19T11:54:58Z</time>
      </trkpt>
      <trkpt lat="54.577875360846519" lon="23.485181238502264">
        <ele>-296.13</ele>
        <time>2026-01-19T11:55:06Z</time>
      </trkpt>
      <trkpt lat="54.576658559963107" lon="23.485813234001398">
        <ele>-294.56</ele>
        <time>2026-01-19T11:55:14Z</time>
      </trkpt>
      <trkpt lat="54.575624736025929" lon="23.486358309164643">
        <ele>-293.39999999999998</ele>
        <time>2026-01-19T11:55:22Z</time>
      </trkpt>
      <trkpt lat="54.574826192110777" lon="23.486787881702185">
        <ele>-292.52999999999997</ele>
        <time>2026-01-19T11:55:28Z</time>
      </trkpt>
      <trkpt lat="54.573447788134217" lon="23.487494392320514">
        <ele>-290.95999999999998</ele>
        <time>2026-01-19T11:55:37Z</time>
      </trkpt>
      <trkpt lat="54.572851499542594" lon="23.487794464454055">
        <ele>-290.63999999999999</ele>
        <time>2026-01-19T11:55:43Z</time>
      </trkpt>
      <trkpt lat="54.572448078542948" lon="23.488102667033672">
        <ele>-290.24000000000001</ele>
        <time>2026-01-19T11:55:47Z</time>
      </trkpt>
      <trkpt lat="54.572326457127929" lon="23.488180870190263">
        <ele>-290.18000000000001</ele>
        <time>2026-01-19T11:55:48Z</time>
      </trkpt>
      <trkpt lat="54.571171347051859" lon="23.488786965608597">
        <ele>-289.63</ele>
        <time>2026-01-19T11:55:58Z</time>
      </trkpt>
      <trkpt lat="54.57091293297708" lon="23.48891512490809">
        <ele>-289.51999999999998</ele>
        <time>2026-01-19T11:56:00Z</time>
      </trkpt>
      <trkpt lat="54.570801537483931" lon="23.488964661955833">
        <ele>-289.48000000000002</ele>
        <time>2026-01-19T11:56:01Z</time>
      </trkpt>
      <trkpt lat="54.570694584399462" lon="23.489024424925447">
        <ele>-289.44</ele>
        <time>2026-01-19T11:56:02Z</time>
      </trkpt>
      <trkpt lat="54.570180606096983" lon="23.489274960011244">
        <ele>-288.97000000000003</ele>
        <time>2026-01-19T11:56:07Z</time>
      </trkpt>
      <trkpt lat="54.570119250565767" lon="23.489281497895718">
        <ele>-288.89999999999998</ele>
        <time>2026-01-19T11:56:08Z</time>
      </trkpt>
      <trkpt lat="54.57006661221385" lon="23.489274876192212">
        <ele>-288.85000000000002</ele>
        <time>2026-01-19T11:56:09Z</time>
      </trkpt>
      <trkpt lat="54.570021349936724" lon="23.489243444055319">
        <ele>-288.81999999999999</ele>
        <time>2026-01-19T11:56:10Z</time>
      </trkpt>
      <trkpt lat="54.569979356601834" lon="23.48917169496417">
        <ele>-288.81</ele>
        <time>2026-01-19T11:56:11Z</time>
      </trkpt>
      <trkpt lat="54.569940883666277" lon="23.489065580070019">
        <ele>-288.75999999999999</ele>
        <time>2026-01-19T11:56:12Z</time>
      </trkpt>
      <trkpt lat="54.569905763491988" lon="23.488932391628623">
        <ele>-288.73000000000002</ele>
        <time>2026-01-19T11:56:13Z</time>
      </trkpt>
      <trkpt lat="54.569867709651589" lon="23.488778499886394">
        <ele>-288.69999999999999</ele>
        <time>2026-01-19T11:56:14Z</time>
      </trkpt>
      <trkpt lat="54.569421540945768" lon="23.487157188355923">
        <ele>-288.41000000000003</ele>
        <time>2026-01-19T11:56:22Z</time>
      </trkpt>
      <trkpt lat="54.568702792748809" lon="23.484649825841188">
        <ele>-288.17000000000002</ele>
        <time>2026-01-19T11:56:35Z</time>
      </trkpt>
      <trkpt lat="54.568130392581224" lon="23.482667002826929">
        <ele>-288.10000000000002</ele>
        <time>2026-01-19T11:56:44Z</time>
      </trkpt>
      <trkpt lat="54.567515663802624" lon="23.480609832331538">
        <ele>-287.88</ele>
        <time>2026-01-19T11:56:54Z</time>
      </trkpt>
      <trkpt lat="54.567447435110807" lon="23.480470692738891">
        <ele>-287.89999999999998</ele>
        <time>2026-01-19T11:56:55Z</time>
      </trkpt>
      <trkpt lat="54.567364286631346" lon="23.480350077152252">
        <ele>-287.97000000000003</ele>
        <time>2026-01-19T11:56:56Z</time>
      </trkpt>
      <trkpt lat="54.567275438457727" lon="23.480263072997332">
        <ele>-288.04000000000002</ele>
        <time>2026-01-19T11:56:57Z</time>
      </trkpt>
      <trkpt lat="54.56717980094254" lon="23.480217223986983">
        <ele>-288.07999999999998</ele>
        <time>2026-01-19T11:56:58Z</time>
      </trkpt>
      <trkpt lat="54.56707569770515" lon="23.48020532168448">
        <ele>-288.13</ele>
        <time>2026-01-19T11:56:59Z</time>
      </trkpt>
      <trkpt lat="54.566971594467759" lon="23.480211943387985">
        <ele>-288.17000000000002</ele>
        <time>2026-01-19T11:57:00Z</time>
      </trkpt>
      <trkpt lat="54.566726256161928" lon="23.480214290320873">
        <ele>-288.26999999999998</ele>
        <time>2026-01-19T11:57:03Z</time>
      </trkpt>
      <trkpt lat="54.566680574789643" lon="23.480175901204348">
        <ele>-288.30000000000001</ele>
        <time>2026-01-19T11:57:04Z</time>
      </trkpt>
      <trkpt lat="54.56665844656527" lon="23.480100715532899">
        <ele>-288.39999999999998</ele>
        <time>2026-01-19T11:57:05Z</time>
      </trkpt>
      <trkpt lat="54.566652411594987" lon="23.479979429394007">
        <ele>-288.5</ele>
        <time>2026-01-19T11:57:06Z</time>
      </trkpt>
      <trkpt lat="54.566660542041063" lon="23.479810869321227">
        <ele>-288.56</ele>
        <time>2026-01-19T11:57:07Z</time>
      </trkpt>
      <trkpt lat="54.566676048561931" lon="23.479593442752957">
        <ele>-288.57999999999998</ele>
        <time>2026-01-19T11:57:08Z</time>
      </trkpt>
      <trkpt lat="54.566706642508507" lon="23.477846151217818">
        <ele>-288.63</ele>
        <time>2026-01-19T11:57:14Z</time>
      </trkpt>
      <trkpt lat="54.566495670005679" lon="23.476029625162482">
        <ele>-289.31</ele>
        <time>2026-01-19T11:57:21Z</time>
      </trkpt>
      <trkpt lat="54.566178163513541" lon="23.473587138578296">
        <ele>-289.02999999999997</ele>
        <time>2026-01-19T11:57:29Z</time>
      </trkpt>
      <trkpt lat="54.566045729443431" lon="23.472529174759984">
        <ele>-289.22000000000003</ele>
        <time>2026-01-19T11:57:34Z</time>
      </trkpt>
      <trkpt lat="54.565878510475159" lon="23.471303321421146">
        <ele>-290.06</ele>
        <time>2026-01-19T11:57:42Z</time>
      </trkpt>
      <trkpt lat="54.565650774165988" lon="23.469466678798199">
        <ele>-290.17000000000002</ele>
        <time>2026-01-19T11:57:48Z</time>
      </trkpt>
      <trkpt lat="54.565450865775347" lon="23.467798009514809">
        <ele>-290.26999999999998</ele>
        <time>2026-01-19T11:57:54Z</time>
      </trkpt>
      <trkpt lat="54.565276689827442" lon="23.466238221153617">
        <ele>-291.05000000000001</ele>
        <time>2026-01-19T11:58:01Z</time>
      </trkpt>
      <trkpt lat="54.565006457269192" lon="23.463874692097306">
        <ele>-290.98000000000002</ele>
        <time>2026-01-19T11:58:08Z</time>
      </trkpt>
      <trkpt lat="54.56480311229825" lon="23.461708221584558">
        <ele>-291.94</ele>
        <time>2026-01-19T11:58:16Z</time>
      </trkpt>
      <trkpt lat="54.564402373507619" lon="23.459226926788688">
        <ele>-292.13999999999999</ele>
        <time>2026-01-19T11:58:23Z</time>
      </trkpt>
      <trkpt lat="54.563849084079266" lon="23.456509178504348">
        <ele>-291.95999999999998</ele>
        <time>2026-01-19T11:58:31Z</time>
      </trkpt>
      <trkpt lat="54.56331524066627" lon="23.453931575641036">
        <ele>-291.26999999999998</ele>
        <time>2026-01-19T11:58:38Z</time>
      </trkpt>
      <trkpt lat="54.562796987593174" lon="23.451403509825468">
        <ele>-290.74000000000001</ele>
        <time>2026-01-19T11:58:46Z</time>
      </trkpt>
      <trkpt lat="54.56263898871839" lon="23.450630698353052">
        <ele>-290.99000000000001</ele>
        <time>2026-01-19T11:58:50Z</time>
      </trkpt>
      <trkpt lat="54.562634462490678" lon="23.450502706691623">
        <ele>-291.22000000000003</ele>
        <time>2026-01-19T11:58:51Z</time>
      </trkpt>
      <trkpt lat="54.56265265122056" lon="23.450367255136371">
        <ele>-291.5</ele>
        <time>2026-01-19T11:58:52Z</time>
      </trkpt>
      <trkpt lat="54.562697410583496" lon="23.450216045603156">
        <ele>-291.70999999999998</ele>
        <time>2026-01-19T11:58:53Z</time>
      </trkpt>
      <trkpt lat="54.562766309827566" lon="23.450042540207505">
        <ele>-291.86000000000001</ele>
        <time>2026-01-19T11:58:54Z</time>
      </trkpt>
      <trkpt lat="54.562855158001184" lon="23.449837183579803">
        <ele>-291.98000000000002</ele>
        <time>2026-01-19T11:58:55Z</time>
      </trkpt>
      <trkpt lat="54.563491595908999" lon="23.448415528982878">
        <ele>-292.12</ele>
        <time>2026-01-19T11:59:00Z</time>
      </trkpt>
      <trkpt lat="54.56441561691463" lon="23.446676284074783">
        <ele>-292.58999999999997</ele>
        <time>2026-01-19T11:59:07Z</time>
      </trkpt>
      <trkpt lat="54.565412476658821" lon="23.444848777726293">
        <ele>-293.00999999999999</ele>
        <time>2026-01-19T11:59:14Z</time>
      </trkpt>
      <trkpt lat="54.565738616511226" lon="23.444144194945693">
        <ele>-293.49000000000001</ele>
        <time>2026-01-19T11:59:17Z</time>
      </trkpt>
      <trkpt lat="54.565830985084176" lon="23.443879075348377">
        <ele>-293.68000000000001</ele>
        <time>2026-01-19T11:59:18Z</time>
      </trkpt>
      <trkpt lat="54.566124435514212" lon="23.442598655819893">
        <ele>-294.38</ele>
        <time>2026-01-19T11:59:23Z</time>
      </trkpt>
      <trkpt lat="54.566130470484495" lon="23.442346779629588">
        <ele>-294.61000000000001</ele>
        <time>2026-01-19T11:59:24Z</time>
      </trkpt>
      <trkpt lat="54.566120663657784" lon="23.442059447988868">
        <ele>-294.83999999999997</ele>
        <time>2026-01-19T11:59:25Z</time>
      </trkpt>
      <trkpt lat="54.565850095823407" lon="23.43989834189415">
        <ele>-294.85000000000002</ele>
        <time>2026-01-19T11:59:31Z</time>
      </trkpt>
      <trkpt lat="54.565360089763999" lon="23.437267765402794">
        <ele>-294.57999999999998</ele>
        <time>2026-01-19T11:59:38Z</time>
      </trkpt>
      <trkpt lat="54.564755083993077" lon="23.434307780116796">
        <ele>-294.29000000000002</ele>
        <time>2026-01-19T11:59:46Z</time>
      </trkpt>
      <trkpt lat="54.564259797334671" lon="23.431785833090544">
        <ele>-294.39999999999998</ele>
        <time>2026-01-19T11:59:54Z</time>
      </trkpt>
      <trkpt lat="54.564145635813475" lon="23.429556749761105">
        <ele>-295.06999999999999</ele>
        <time>2026-01-19T12:00:01Z</time>
      </trkpt>
      <trkpt lat="54.564076568931341" lon="23.427506117150187">
        <ele>-296.02999999999997</ele>
        <time>2026-01-19T12:00:08Z</time>
      </trkpt>
      <trkpt lat="54.563879342749715" lon="23.425569394603372">
        <ele>-297.04000000000002</ele>
        <time>2026-01-19T12:00:14Z</time>
      </trkpt>
      <trkpt lat="54.563618246465921" lon="23.423188850283623">
        <ele>-297.44999999999999</ele>
        <time>2026-01-19T12:00:21Z</time>
      </trkpt>
      <trkpt lat="54.563605086877942" lon="23.421821342781186">
        <ele>-298.87</ele>
        <time>2026-01-19T12:00:27Z</time>
      </trkpt>
      <trkpt lat="54.563594106584787" lon="23.419488072395325">
        <ele>-299.16000000000003</ele>
        <time>2026-01-19T12:00:33Z</time>
      </trkpt>
      <trkpt lat="54.563594777137041" lon="23.417035108432174">
        <ele>-299.89999999999998</ele>
        <time>2026-01-19T12:00:40Z</time>
      </trkpt>
      <trkpt lat="54.563604248687625" lon="23.414751878008246">
        <ele>-301.00999999999999</ele>
        <time>2026-01-19T12:00:47Z</time>
      </trkpt>
      <trkpt lat="54.563599722459912" lon="23.413241626694798">
        <ele>-302.91000000000003</ele>
        <time>2026-01-19T12:00:54Z</time>
      </trkpt>
      <trkpt lat="54.563604835420847" lon="23.412686660885811">
        <ele>-304.18000000000001</ele>
        <time>2026-01-19T12:00:58Z</time>
      </trkpt>
      <trkpt lat="54.563589161261916" lon="23.41257568448782">
        <ele>-304.45999999999998</ele>
        <time>2026-01-19T12:00:59Z</time>
      </trkpt>
      <trkpt lat="54.563556890934706" lon="23.412479208782315">
        <ele>-304.77999999999997</ele>
        <time>2026-01-19T12:01:00Z</time>
      </trkpt>
      <trkpt lat="54.563506515696645" lon="23.412409638985991">
        <ele>-305.13999999999999</ele>
        <time>2026-01-19T12:01:01Z</time>
      </trkpt>
      <trkpt lat="54.563440885394812" lon="23.412377033382654">
        <ele>-305.45999999999998</ele>
        <time>2026-01-19T12:01:02Z</time>
      </trkpt>
      <trkpt lat="54.563363352790475" lon="23.412374686449766">
        <ele>-305.79000000000002</ele>
        <time>2026-01-19T12:01:03Z</time>
      </trkpt>
      <trkpt lat="54.563281210139394" lon="23.412384325638413">
        <ele>-306.05000000000001</ele>
        <time>2026-01-19T12:01:04Z</time>
      </trkpt>
      <trkpt lat="54.563028998672962" lon="23.412381140515208">
        <ele>-306.94999999999999</ele>
        <time>2026-01-19T12:01:08Z</time>
      </trkpt>
      <trkpt lat="54.562986670061946" lon="23.412358090281487">
        <ele>-307.19</ele>
        <time>2026-01-19T12:01:09Z</time>
      </trkpt>
      <trkpt lat="54.562951382249594" lon="23.412312492728233">
        <ele>-307.52999999999997</ele>
        <time>2026-01-19T12:01:10Z</time>
      </trkpt>
      <trkpt lat="54.562926990911365" lon="23.412231775000691">
        <ele>-307.83999999999997</ele>
        <time>2026-01-19T12:01:11Z</time>
      </trkpt>
      <trkpt lat="54.56291601061821" lon="23.412109231576324">
        <ele>-308.06</ele>
        <time>2026-01-19T12:01:12Z</time>
      </trkpt>
      <trkpt lat="54.562915423884988" lon="23.411933882161975">
        <ele>-308.23000000000002</ele>
        <time>2026-01-19T12:01:13Z</time>
      </trkpt>
      <trkpt lat="54.562915591523051" lon="23.411702122539282">
        <ele>-308.42000000000002</ele>
        <time>2026-01-19T12:01:14Z</time>
      </trkpt>
      <trkpt lat="54.562902599573135" lon="23.409573789685965">
        <ele>-309.10000000000002</ele>
        <time>2026-01-19T12:01:21Z</time>
      </trkpt>
      <trkpt lat="54.562892457470298" lon="23.407188132405281">
        <ele>-310.35000000000002</ele>
        <time>2026-01-19T12:01:30Z</time>
      </trkpt>
      <trkpt lat="54.562889188528061" lon="23.406089432537556">
        <ele>-311.70999999999998</ele>
        <time>2026-01-19T12:01:37Z</time>
      </trkpt>
      <trkpt lat="54.562886757776141" lon="23.405568916350603">
        <ele>-313.13</ele>
        <time>2026-01-19T12:01:44Z</time>
      </trkpt>
      <trkpt lat="54.562878711149096" lon="23.40428757481277">
        <ele>-313.81</ele>
        <time>2026-01-19T12:01:49Z</time>
      </trkpt>
      <trkpt lat="54.562871251255274" lon="23.401666721329093">
        <ele>-315</ele>
        <time>2026-01-19T12:01:59Z</time>
      </trkpt>
      <trkpt lat="54.56286521628499" lon="23.399291625246406">
        <ele>-316.75999999999999</ele>
        <time>2026-01-19T12:02:10Z</time>
      </trkpt>
      <trkpt lat="54.562860773876309" lon="23.396950727328658">
        <ele>-317.93000000000001</ele>
        <time>2026-01-19T12:02:19Z</time>
      </trkpt>
      <trkpt lat="54.562875106930733" lon="23.394977375864983">
        <ele>-318.37</ele>
        <time>2026-01-19T12:02:25Z</time>
      </trkpt>
      <trkpt lat="54.56289840862155" lon="23.393866438418627">
        <ele>-319.58999999999997</ele>
        <time>2026-01-19T12:02:31Z</time>
      </trkpt>
      <trkpt lat="54.562921458855271" lon="23.393790749832988">
        <ele>-319.87</ele>
        <time>2026-01-19T12:02:32Z</time>
      </trkpt>
      <trkpt lat="54.562958171591163" lon="23.393734088167548">
        <ele>-320.13</ele>
        <time>2026-01-19T12:02:33Z</time>
      </trkpt>
      <trkpt lat="54.563014078885317" lon="23.393697626888752">
        <ele>-320.42000000000002</ele>
        <time>2026-01-19T12:02:34Z</time>
      </trkpt>
      <trkpt lat="54.563093706965446" lon="23.393687400966883">
        <ele>-320.69999999999999</ele>
        <time>2026-01-19T12:02:35Z</time>
      </trkpt>
      <trkpt lat="54.56318917684257" lon="23.393693435937166">
        <ele>-320.93000000000001</ele>
        <time>2026-01-19T12:02:36Z</time>
      </trkpt>
      <trkpt lat="54.563604835420847" lon="23.393708104267716">
        <ele>-321.56999999999999</ele>
        <time>2026-01-19T12:02:40Z</time>
      </trkpt>
      <trkpt lat="54.563707178458571" lon="23.393676420673728">
        <ele>-321.82999999999998</ele>
        <time>2026-01-19T12:02:41Z</time>
      </trkpt>
      <trkpt lat="54.563810275867581" lon="23.393617579713464">
        <ele>-322.07999999999998</ele>
        <time>2026-01-19T12:02:42Z</time>
      </trkpt>
      <trkpt lat="54.56391379237175" lon="23.393536023795605">
        <ele>-322.27999999999997</ele>
        <time>2026-01-19T12:02:43Z</time>
      </trkpt>
      <trkpt lat="54.564017644152045" lon="23.393437704071403">
        <ele>-322.45999999999998</ele>
        <time>2026-01-19T12:02:44Z</time>
      </trkpt>
      <trkpt lat="54.564116047695279" lon="23.393336283043027">
        <ele>-322.67000000000002</ele>
        <time>2026-01-19T12:02:45Z</time>
      </trkpt>
      <trkpt lat="54.564690375700593" lon="23.392677968367934">
        <ele>-324.31999999999999</ele>
        <time>2026-01-19T12:02:52Z</time>
      </trkpt>
      <trkpt lat="54.564742930233479" lon="23.392556514590979">
        <ele>-324.54000000000002</ele>
        <time>2026-01-19T12:02:53Z</time>
      </trkpt>
      <trkpt lat="54.564775452017784" lon="23.39240706525743">
        <ele>-324.75</ele>
        <time>2026-01-19T12:02:54Z</time>
      </trkpt>
      <trkpt lat="54.564787857234478" lon="23.392227021977305">
        <ele>-324.94999999999999</ele>
        <time>2026-01-19T12:02:55Z</time>
      </trkpt>
      <trkpt lat="54.56478794105351" lon="23.392014037817717">
        <ele>-325.12</ele>
        <time>2026-01-19T12:02:56Z</time>
      </trkpt>
      <trkpt lat="54.56478307954967" lon="23.391756797209382">
        <ele>-325.26999999999998</ele>
        <time>2026-01-19T12:02:57Z</time>
      </trkpt>
      <trkpt lat="54.564755251631141" lon="23.389870533719659">
        <ele>-325.64999999999998</ele>
        <time>2026-01-19T12:03:03Z</time>
      </trkpt>
      <trkpt lat="54.564725747331977" lon="23.387828283011913">
        <ele>-326.19999999999999</ele>
        <time>2026-01-19T12:03:10Z</time>
      </trkpt>
      <trkpt lat="54.564721472561359" lon="23.38615408167243">
        <ele>-327.45999999999998</ele>
        <time>2026-01-19T12:03:19Z</time>
      </trkpt>
      <trkpt lat="54.564727339893579" lon="23.385969512164593">
        <ele>-327.67000000000002</ele>
        <time>2026-01-19T12:03:20Z</time>
      </trkpt>
      <trkpt lat="54.564744522795081" lon="23.38578762486577">
        <ele>-327.85000000000002</ele>
        <time>2026-01-19T12:03:21Z</time>
      </trkpt>
      <trkpt lat="54.564778637140989" lon="23.385610263794661">
        <ele>-328.00999999999999</ele>
        <time>2026-01-19T12:03:22Z</time>
      </trkpt>
      <trkpt lat="54.564832700416446" lon="23.385429633781314">
        <ele>-328.13</ele>
        <time>2026-01-19T12:03:23Z</time>
      </trkpt>
      <trkpt lat="54.564893469214439" lon="23.385252524167299">
        <ele>-328.20999999999998</ele>
        <time>2026-01-19T12:03:24Z</time>
      </trkpt>
      <trkpt lat="54.565136963501573" lon="23.384509133175015">
        <ele>-329.06999999999999</ele>
        <time>2026-01-19T12:03:30Z</time>
      </trkpt>
      <trkpt lat="54.565173927694559" lon="23.38443118147552">
        <ele>-329.27999999999997</ele>
        <time>2026-01-19T12:03:31Z</time>
      </trkpt>
      <trkpt lat="54.565325556322932" lon="23.384134713560343">
        <ele>-330.00999999999999</ele>
        <time>2026-01-19T12:03:36Z</time>
      </trkpt>
      <trkpt lat="54.565376350656152" lon="23.383982414379716">
        <ele>-330.14999999999998</ele>
        <time>2026-01-19T12:03:37Z</time>
      </trkpt>
      <trkpt lat="54.565793517976999" lon="23.382474929094315">
        <ele>-331.06</ele>
        <time>2026-01-19T12:03:44Z</time>
      </trkpt>
      <trkpt lat="54.566131308674812" lon="23.381087053567171">
        <ele>-332.10000000000002</ele>
        <time>2026-01-19T12:03:52Z</time>
      </trkpt>
      <trkpt lat="54.566277405247092" lon="23.380521023645997">
        <ele>-333.23000000000002</ele>
        <time>2026-01-19T12:04:01Z</time>
      </trkpt>
      <trkpt lat="54.566337168216705" lon="23.380259675905108">
        <ele>-334.16000000000003</ele>
        <time>2026-01-19T12:04:08Z</time>
      </trkpt>
      <trkpt lat="54.566609831526875" lon="23.379122251644731">
        <ele>-334.68000000000001</ele>
        <time>2026-01-19T12:04:14Z</time>
      </trkpt>
      <trkpt lat="54.56677176989615" lon="23.377833031117916">
        <ele>-343.55000000000001</ele>
        <time>2026-01-19T12:09:55Z</time>
      </trkpt>
      <trkpt lat="54.566784258931875" lon="23.377798413857818">
        <ele>-343.44999999999999</ele>
        <time>2026-01-19T12:09:56Z</time>
      </trkpt>
      <trkpt lat="54.566787527874112" lon="23.377754660323262">
        <ele>-343.36000000000001</ele>
        <time>2026-01-19T12:09:57Z</time>
      </trkpt>
      <trkpt lat="54.566777218133211" lon="23.377714427188039">
        <ele>-343.25999999999999</ele>
        <time>2026-01-19T12:09:58Z</time>
      </trkpt>
      <trkpt lat="54.566756514832377" lon="23.377684336155653">
        <ele>-343.14999999999998</ele>
        <time>2026-01-19T12:09:59Z</time>
      </trkpt>
      <trkpt lat="54.566727681085467" lon="23.377663716673851">
        <ele>-343.02999999999997</ele>
        <time>2026-01-19T12:10:00Z</time>
      </trkpt>
      <trkpt lat="54.566694404929876" lon="23.377648293972015">
        <ele>-342.89999999999998</ele>
        <time>2026-01-19T12:10:01Z</time>
      </trkpt>
      <trkpt lat="54.566532801836729" lon="23.37755567394197">
        <ele>-342.45999999999998</ele>
        <time>2026-01-19T12:10:06Z</time>
      </trkpt>
      <trkpt lat="54.566518384963274" lon="23.377509573474526">
        <ele>-342.35000000000002</ele>
        <time>2026-01-19T12:10:07Z</time>
      </trkpt>
      <trkpt lat="54.566512852907181" lon="23.377338415011764">
        <ele>-341.97000000000003</ele>
        <time>2026-01-19T12:10:10Z</time>
      </trkpt>
      <trkpt lat="54.566575214266777" lon="23.376615894958377">
        <ele>-340.64999999999998</ele>
        <time>2026-01-19T12:10:26Z</time>
      </trkpt>
      <trkpt lat="54.56660958006978" lon="23.376470385119319">
        <ele>-340.44</ele>
        <time>2026-01-19T12:10:30Z</time>
      </trkpt>
      <trkpt lat="54.5665343105793" lon="23.376420931890607">
        <ele>-339.99000000000001</ele>
        <time>2026-01-19T12:10:38Z</time>
      </trkpt>
      <trkpt lat="54.566548224538565" lon="23.376419674605131">
        <ele>-339.52999999999997</ele>
        <time>2026-01-19T12:10:46Z</time>
      </trkpt>
      <trkpt lat="54.566535735502839" lon="23.376859305426478">
        <ele>-339.39999999999998</ele>
        <time>2026-01-19T12:10:57Z</time>
      </trkpt>
      <trkpt lat="54.566524336114526" lon="23.376990566030145">
        <ele>-339.60000000000002</ele>
        <time>2026-01-19T12:11:04Z</time>
      </trkpt>
      <trkpt lat="54.566507656127214" lon="23.377370433881879">
        <ele>-340.06</ele>
        <time>2026-01-19T12:11:15Z</time>
      </trkpt>
      <trkpt lat="54.566527437418699" lon="23.377491468563676">
        <ele>-340.10000000000002</ele>
        <time>2026-01-19T12:11:17Z</time>
      </trkpt>
      <trkpt lat="54.566733129322529" lon="23.377695148810744">
        <ele>-340.31</ele>
        <time>2026-01-19T12:11:22Z</time>
      </trkpt>
      <trkpt lat="54.566779145970941" lon="23.377732951194048">
        <ele>-340.38</ele>
        <time>2026-01-19T12:11:25Z</time>
      </trkpt>
      <trkpt lat="54.566786354407668" lon="23.377759605646133">
        <ele>-340.41000000000003</ele>
        <time>2026-01-19T12:11:26Z</time>
      </trkpt>
      <trkpt lat="54.566789288073778" lon="23.377800593152642">
        <ele>-340.43000000000001</ele>
        <time>2026-01-19T12:11:27Z</time>
      </trkpt>
      <trkpt lat="54.566785851493478" lon="23.377882903441787">
        <ele>-340.44999999999999</ele>
        <time>2026-01-19T12:11:28Z</time>
      </trkpt>
      <trkpt lat="54.566773027181625" lon="23.378030424937606">
        <ele>-340.45999999999998</ele>
        <time>2026-01-19T12:11:29Z</time>
      </trkpt>
      <trkpt lat="54.56674737855792" lon="23.378237122669816">
        <ele>-340.45999999999998</ele>
        <time>2026-01-19T12:11:30Z</time>
      </trkpt>
      <trkpt lat="54.566711420193315" lon="23.37847089394927">
        <ele>-340.38999999999999</ele>
        <time>2026-01-19T12:11:31Z</time>
      </trkpt>
      <trkpt lat="54.566410174593329" lon="23.379772268235683">
        <ele>-339.89999999999998</ele>
        <time>2026-01-19T12:11:37Z</time>
      </trkpt>
      <trkpt lat="54.566338760778308" lon="23.380029341205955">
        <ele>-339.73000000000002</ele>
        <time>2026-01-19T12:11:39Z</time>
      </trkpt>
      <trkpt lat="54.566304981708527" lon="23.380094300955534">
        <ele>-339.68000000000001</ele>
        <time>2026-01-19T12:11:40Z</time>
      </trkpt>
      <trkpt lat="54.566271873190999" lon="23.380129002034664">
        <ele>-339.61000000000001</ele>
        <time>2026-01-19T12:11:41Z</time>
      </trkpt>
      <trkpt lat="54.566119574010372" lon="23.380222963169217">
        <ele>-339.50999999999999</ele>
        <time>2026-01-19T12:11:46Z</time>
      </trkpt>
      <trkpt lat="54.56605352461338" lon="23.380237212404609">
        <ele>-339.19999999999999</ele>
        <time>2026-01-19T12:11:55Z</time>
      </trkpt>
      <trkpt lat="54.566053943708539" lon="23.380222963169217">
        <ele>-342.24000000000001</ele>
        <time>2026-01-19T12:12:53Z</time>
      </trkpt>
      <trkpt lat="54.566054111346602" lon="23.380219275131822">
        <ele>-345.31999999999999</ele>
        <time>2026-01-19T12:13:25Z</time>
      </trkpt>
      <trkpt lat="54.566052937880158" lon="23.380212401971221">
        <ele>-348.33999999999997</ele>
        <time>2026-01-19T12:14:15Z</time>
      </trkpt>
      <trkpt lat="54.565993677824736" lon="23.380302004516125">
        <ele>-348.99000000000001</ele>
        <time>2026-01-19T12:14:29Z</time>
      </trkpt>
      <trkpt lat="54.565987391397357" lon="23.380324551835656">
        <ele>-348.69</ele>
        <time>2026-01-19T12:18:59Z</time>
      </trkpt>
      <trkpt lat="54.565984709188342" lon="23.380323043093085">
        <ele>-347.68000000000001</ele>
        <time>2026-01-19T12:24:15Z</time>
      </trkpt>
      <trkpt lat="54.565985882654786" lon="23.380319522693753">
        <ele>-344.67000000000002</ele>
        <time>2026-01-19T12:26:29Z</time>
      </trkpt>
      <trkpt lat="54.565986720845103" lon="23.380322204902768">
        <ele>-341.67000000000002</ele>
        <time>2026-01-19T12:28:03Z</time>
      </trkpt>
      <trkpt lat="54.565916899591684" lon="23.380369059741497">
        <ele>-340.14999999999998</ele>
        <time>2026-01-19T12:30:04Z</time>
      </trkpt>
      <trkpt lat="54.565889071673155" lon="23.380517084151506">
        <ele>-340.02999999999997</ele>
        <time>2026-01-19T12:30:08Z</time>
      </trkpt>
      <trkpt lat="54.566013962030411" lon="23.381261732429266">
        <ele>-339.56999999999999</ele>
        <time>2026-01-19T12:30:23Z</time>
      </trkpt>
      <trkpt lat="54.566002981737256" lon="23.381381090730429">
        <ele>-339.51999999999998</ele>
        <time>2026-01-19T12:30:24Z</time>
      </trkpt>
      <trkpt lat="54.565973393619061" lon="23.381550908088684">
        <ele>-339.44</ele>
        <time>2026-01-19T12:30:25Z</time>
      </trkpt>
      <trkpt lat="54.565722942352295" lon="23.382637538015842">
        <ele>-338.64999999999998</ele>
        <time>2026-01-19T12:30:31Z</time>
      </trkpt>
      <trkpt lat="54.565365370362997" lon="23.38388635776937">
        <ele>-337.26999999999998</ele>
        <time>2026-01-19T12:30:40Z</time>
      </trkpt>
      <trkpt lat="54.56526973284781" lon="23.384175365790725">
        <ele>-336.29000000000002</ele>
        <time>2026-01-19T12:30:46Z</time>
      </trkpt>
      <trkpt lat="54.565192870795727" lon="23.384359935298562">
        <ele>-335.17000000000002</ele>
        <time>2026-01-19T12:30:52Z</time>
      </trkpt>
      <trkpt lat="54.564787689596415" lon="23.385587129741907">
        <ele>-333.66000000000003</ele>
        <time>2026-01-19T12:31:00Z</time>
      </trkpt>
      <trkpt lat="54.564746115356684" lon="23.385749151930213">
        <ele>-333.43000000000001</ele>
        <time>2026-01-19T12:31:01Z</time>
      </trkpt>
      <trkpt lat="54.564715437591076" lon="23.385921567678452">
        <ele>-333.24000000000001</ele>
        <time>2026-01-19T12:31:02Z</time>
      </trkpt>
      <trkpt lat="54.56469607539475" lon="23.386111836880445">
        <ele>-333.11000000000001</ele>
        <time>2026-01-19T12:31:03Z</time>
      </trkpt>
      <trkpt lat="54.564686436206102" lon="23.386322055011988">
        <ele>-332.97000000000003</ele>
        <time>2026-01-19T12:31:04Z</time>
      </trkpt>
      <trkpt lat="54.564684173092246" lon="23.386558089405298">
        <ele>-332.75</ele>
        <time>2026-01-19T12:31:05Z</time>
      </trkpt>
      <trkpt lat="54.564692303538322" lon="23.388197924941778">
        <ele>-331.06999999999999</ele>
        <time>2026-01-19T12:31:10Z</time>
      </trkpt>
      <trkpt lat="54.564716191962361" lon="23.390599675476551">
        <ele>-328.20999999999998</ele>
        <time>2026-01-19T12:31:17Z</time>
      </trkpt>
      <trkpt lat="54.564740415662527" lon="23.392377477139235">
        <ele>-325.80000000000001</ele>
        <time>2026-01-19T12:31:24Z</time>
      </trkpt>
      <trkpt lat="54.564732117578387" lon="23.392536481842399">
        <ele>-325.54000000000002</ele>
        <time>2026-01-19T12:31:25Z</time>
      </trkpt>
      <trkpt lat="54.564705630764365" lon="23.392664054408669">
        <ele>-325.31999999999999</ele>
        <time>2026-01-19T12:31:26Z</time>
      </trkpt>
      <trkpt lat="54.564655842259526" lon="23.392781065776944">
        <ele>-325.10000000000002</ele>
        <time>2026-01-19T12:31:27Z</time>
      </trkpt>
      <trkpt lat="54.564577890560031" lon="23.392904028296471">
        <ele>-324.87</ele>
        <time>2026-01-19T12:31:28Z</time>
      </trkpt>
      <trkpt lat="54.56446691416204" lon="23.39303788729012">
        <ele>-324.58999999999997</ele>
        <time>2026-01-19T12:31:29Z</time>
      </trkpt>
      <trkpt lat="54.564335066825151" lon="23.393182307481766">
        <ele>-324.29000000000002</ele>
        <time>2026-01-19T12:31:30Z</time>
      </trkpt>
      <trkpt lat="54.563679601997137" lon="23.393800975754857">
        <ele>-322.66000000000003</ele>
        <time>2026-01-19T12:31:36Z</time>
      </trkpt>
      <trkpt lat="54.563580444082618" lon="23.393827714025974">
        <ele>-322.47000000000003</ele>
        <time>2026-01-19T12:31:37Z</time>
      </trkpt>
      <trkpt lat="54.563461756333709" lon="23.393834754824638">
        <ele>-322.19999999999999</ele>
        <time>2026-01-19T12:31:38Z</time>
      </trkpt>
      <trkpt lat="54.562958339229226" lon="23.393822349607944">
        <ele>-320.81999999999999</ele>
        <time>2026-01-19T12:31:43Z</time>
      </trkpt>
      <trkpt lat="54.562900085002184" lon="23.393868701532483">
        <ele>-320.57999999999998</ele>
        <time>2026-01-19T12:31:44Z</time>
      </trkpt>
      <trkpt lat="54.562860270962119" lon="23.393949335440993">
        <ele>-320.35000000000002</ele>
        <time>2026-01-19T12:31:45Z</time>
      </trkpt>
      <trkpt lat="54.562841998413205" lon="23.394063748419285">
        <ele>-320.08999999999997</ele>
        <time>2026-01-19T12:31:46Z</time>
      </trkpt>
      <trkpt lat="54.562839735299349" lon="23.394218981266022">
        <ele>-319.81999999999999</ele>
        <time>2026-01-19T12:31:47Z</time>
      </trkpt>
      <trkpt lat="54.562842501327395" lon="23.394423499703407">
        <ele>-319.58999999999997</ele>
        <time>2026-01-19T12:31:48Z</time>
      </trkpt>
      <trkpt lat="54.562825402244925" lon="23.395977839827538">
        <ele>-317.36000000000001</ele>
        <time>2026-01-19T12:31:53Z</time>
      </trkpt>
      <trkpt lat="54.562821295112371" lon="23.39853054843843">
        <ele>-314.45999999999998</ele>
        <time>2026-01-19T12:32:01Z</time>
      </trkpt>
      <trkpt lat="54.562816517427564" lon="23.400451513007283">
        <ele>-312.25999999999999</ele>
        <time>2026-01-19T12:32:09Z</time>
      </trkpt>
      <trkpt lat="54.562836131080985" lon="23.402997935190797">
        <ele>-309.51999999999998</ele>
        <time>2026-01-19T12:32:19Z</time>
      </trkpt>
      <trkpt lat="54.562861109152436" lon="23.40494186617434">
        <ele>-307.62</ele>
        <time>2026-01-19T12:32:26Z</time>
      </trkpt>
      <trkpt lat="54.562870748341084" lon="23.405832275748253">
        <ele>-306.64999999999998</ele>
        <time>2026-01-19T12:32:32Z</time>
      </trkpt>
      <trkpt lat="54.562880890443921" lon="23.405908048152924">
        <ele>-306.06</ele>
        <time>2026-01-19T12:32:39Z</time>
      </trkpt>
      <trkpt lat="54.562902096658945" lon="23.405940821394324">
        <ele>-305.89999999999998</ele>
        <time>2026-01-19T12:32:42Z</time>
      </trkpt>
      <trkpt lat="54.56294140778482" lon="23.405968146398664">
        <ele>-305.89999999999998</ele>
        <time>2026-01-19T12:32:43Z</time>
      </trkpt>
      <trkpt lat="54.563007038086653" lon="23.405977534130216">
        <ele>-305.91000000000003</ele>
        <time>2026-01-19T12:32:44Z</time>
      </trkpt>
      <trkpt lat="54.563751937821507" lon="23.406018605455756">
        <ele>-305.73000000000002</ele>
        <time>2026-01-19T12:32:50Z</time>
      </trkpt>
      <trkpt lat="54.564871173352003" lon="23.406474161893129">
        <ele>-305.14999999999998</ele>
        <time>2026-01-19T12:32:56Z</time>
      </trkpt>
      <trkpt lat="54.566845446825027" lon="23.40730682015419">
        <ele>-303.73000000000002</ele>
        <time>2026-01-19T12:33:05Z</time>
      </trkpt>
      <trkpt lat="54.568815445527434" lon="23.408126151189208">
        <ele>-301.82999999999998</ele>
        <time>2026-01-19T12:33:14Z</time>
      </trkpt>
      <trkpt lat="54.571426659822464" lon="23.409223174676299">
        <ele>-299.48000000000002</ele>
        <time>2026-01-19T12:33:25Z</time>
      </trkpt>
      <trkpt lat="54.574072072282434" lon="23.410344924777746">
        <ele>-296.94</ele>
        <time>2026-01-19T12:33:36Z</time>
      </trkpt>
      <trkpt lat="54.575891280546784" lon="23.411071971058846">
        <ele>-295.87</ele>
        <time>2026-01-19T12:33:44Z</time>
      </trkpt>
      <trkpt lat="54.577088635414839" lon="23.41115084476769">
        <ele>-296.06</ele>
        <time>2026-01-19T12:33:51Z</time>
      </trkpt>
      <trkpt lat="54.577585514634848" lon="23.411099966615438">
        <ele>-296.24000000000001</ele>
        <time>2026-01-19T12:33:55Z</time>
      </trkpt>
      <trkpt lat="54.577691294252872" lon="23.411032743752003">
        <ele>-296.33999999999997</ele>
        <time>2026-01-19T12:33:56Z</time>
      </trkpt>
      <trkpt lat="54.577795146033168" lon="23.41093341819942">
        <ele>-296.48000000000002</ele>
        <time>2026-01-19T12:33:57Z</time>
      </trkpt>
      <trkpt lat="54.577904278412461" lon="23.410809533670545">
        <ele>-296.62</ele>
        <time>2026-01-19T12:33:58Z</time>
      </trkpt>
      <trkpt lat="54.57802296616137" lon="23.410658743232489">
        <ele>-296.73000000000002</ele>
        <time>2026-01-19T12:33:59Z</time>
      </trkpt>
      <trkpt lat="54.578693518415093" lon="23.409755760803819">
        <ele>-298.11000000000001</ele>
        <time>2026-01-19T12:34:06Z</time>
      </trkpt>
      <trkpt lat="54.578743306919932" lon="23.409682838246226">
        <ele>-298.42000000000002</ele>
        <time>2026-01-19T12:34:07Z</time>
      </trkpt>
      <trkpt lat="54.578786976635456" lon="23.409615028649569">
        <ele>-298.74000000000001</ele>
        <time>2026-01-19T12:34:08Z</time>
      </trkpt>
      <trkpt lat="54.578829640522599" lon="23.409558115527034">
        <ele>-299.04000000000002</ele>
        <time>2026-01-19T12:34:09Z</time>
      </trkpt>
      <trkpt lat="54.57895427942276" lon="23.409430962055922">
        <ele>-301.30000000000001</ele>
        <time>2026-01-19T12:34:16Z</time>
      </trkpt>
      <trkpt lat="54.578992500901222" lon="23.409350914880633">
        <ele>-302.08999999999997</ele>
        <time>2026-01-19T12:34:18Z</time>
      </trkpt>
      <trkpt lat="54.578951094299555" lon="23.40940497815609">
        <ele>-327.24000000000001</ele>
        <time>2026-01-19T12:38:24Z</time>
      </trkpt>
      <trkpt lat="54.578990992158651" lon="23.409656267613173">
        <ele>-327.06</ele>
        <time>2026-01-19T12:38:25Z</time>
      </trkpt>
      <trkpt lat="54.579501785337925" lon="23.411755850538611">
        <ele>-325.07999999999998</ele>
        <time>2026-01-19T12:38:32Z</time>
      </trkpt>
      <trkpt lat="54.580019116401672" lon="23.413811596110463">
        <ele>-323.32999999999998</ele>
        <time>2026-01-19T12:38:40Z</time>
      </trkpt>
      <trkpt lat="54.580603586509824" lon="23.41614855453372">
        <ele>-322.25</ele>
        <time>2026-01-19T12:38:52Z</time>
      </trkpt>
      <trkpt lat="54.581200545653701" lon="23.418541001155972">
        <ele>-320.97000000000003</ele>
        <time>2026-01-19T12:39:04Z</time>
      </trkpt>
      <trkpt lat="54.581742435693741" lon="23.420687858015299">
        <ele>-319.88999999999999</ele>
        <time>2026-01-19T12:39:15Z</time>
      </trkpt>
      <trkpt lat="54.581911079585552" lon="23.421318512409925">
        <ele>-319.73000000000002</ele>
        <time>2026-01-19T12:39:22Z</time>
      </trkpt>
      <trkpt lat="54.581942176446319" lon="23.421388417482376">
        <ele>-319.72000000000003</ele>
        <time>2026-01-19T12:39:23Z</time>
      </trkpt>
      <trkpt lat="54.582010740414262" lon="23.421504339203238">
        <ele>-319.73000000000002</ele>
        <time>2026-01-19T12:39:25Z</time>
      </trkpt>
      <trkpt lat="54.582051979377866" lon="23.421514984220266">
        <ele>-319.75</ele>
        <time>2026-01-19T12:39:26Z</time>
      </trkpt>
      <trkpt lat="54.582097576931119" lon="23.421492604538798">
        <ele>-319.75999999999999</ele>
        <time>2026-01-19T12:39:27Z</time>
      </trkpt>
      <trkpt lat="54.582143928855658" lon="23.421444157138467">
        <ele>-319.80000000000001</ele>
        <time>2026-01-19T12:39:28Z</time>
      </trkpt>
      <trkpt lat="54.582193298265338" lon="23.421383388340473">
        <ele>-319.86000000000001</ele>
        <time>2026-01-19T12:39:29Z</time>
      </trkpt>
      <trkpt lat="54.582614824175835" lon="23.421058086678386">
        <ele>-320.61000000000001</ele>
        <time>2026-01-19T12:39:36Z</time>
      </trkpt>
      <trkpt lat="54.582723202183843" lon="23.420965382829309">
        <ele>-321.50999999999999</ele>
        <time>2026-01-19T12:39:44Z</time>
      </trkpt>
      <trkpt lat="54.582932749763131" lon="23.420855831354856">
        <ele>-323.72000000000003</ele>
        <time>2026-01-19T12:40:04Z</time>
      </trkpt>
      <trkpt lat="54.583225278183818" lon="23.420789698138833">
        <ele>-323.89999999999998</ele>
        <time>2026-01-19T12:40:07Z</time>
      </trkpt>
      <trkpt lat="54.583323011174798" lon="23.420793721452355">
        <ele>-323.92000000000002</ele>
        <time>2026-01-19T12:40:08Z</time>
      </trkpt>
      <trkpt lat="54.583606906235218" lon="23.420846192166209">
        <ele>-323.94999999999999</ele>
        <time>2026-01-19T12:40:12Z</time>
      </trkpt>
      <trkpt lat="54.583642445504665" lon="23.420847030356526">
        <ele>-324.00999999999999</ele>
        <time>2026-01-19T12:40:13Z</time>
      </trkpt>
      <trkpt lat="54.583675721660256" lon="23.42084770090878">
        <ele>-324.07999999999998</ele>
        <time>2026-01-19T12:40:14Z</time>
      </trkpt>
      <trkpt lat="54.583908738568425" lon="23.420850047841668">
        <ele>-324.13</ele>
        <time>2026-01-19T12:40:17Z</time>
      </trkpt>
      <trkpt lat="54.584820857271552" lon="23.420974183827639">
        <ele>-323.58999999999997</ele>
        <time>2026-01-19T12:40:24Z</time>
      </trkpt>
      <trkpt lat="54.585195779800415" lon="23.420974351465702">
        <ele>-323.35000000000002</ele>
        <time>2026-01-19T12:40:28Z</time>
      </trkpt>
      <trkpt lat="54.585256800055504" lon="23.421001676470041">
        <ele>-323.36000000000001</ele>
        <time>2026-01-19T12:40:29Z</time>
      </trkpt>
      <trkpt lat="54.585309019312263" lon="23.421055572107434">
        <ele>-323.39999999999998</ele>
        <time>2026-01-19T12:40:30Z</time>
      </trkpt>
      <trkpt lat="54.585352102294564" lon="23.421141905710101">
        <ele>-323.39999999999998</ele>
        <time>2026-01-19T12:40:31Z</time>
      </trkpt>
      <trkpt lat="54.58537976257503" lon="23.421253971755505">
        <ele>-323.42000000000002</ele>
        <time>2026-01-19T12:40:32Z</time>
      </trkpt>
      <trkpt lat="54.585392083972692" lon="23.421380538493395">
        <ele>-323.44</ele>
        <time>2026-01-19T12:40:33Z</time>
      </trkpt>
      <trkpt lat="54.585393676534295" lon="23.42151909135282">
        <ele>-323.43000000000001</ele>
        <time>2026-01-19T12:40:34Z</time>
      </trkpt>
      <trkpt lat="54.585387641564012" lon="23.4216617513448">
        <ele>-323.42000000000002</ele>
        <time>2026-01-19T12:40:35Z</time>
      </trkpt>
      <trkpt lat="54.585380181670189" lon="23.421806506812572">
        <ele>-323.37</ele>
        <time>2026-01-19T12:40:36Z</time>
      </trkpt>
      <trkpt lat="54.585378002375364" lon="23.421953525394201">
        <ele>-323.31</ele>
        <time>2026-01-19T12:40:37Z</time>
      </trkpt>
      <trkpt lat="54.585388982668519" lon="23.422104651108384">
        <ele>-323.26999999999998</ele>
        <time>2026-01-19T12:40:38Z</time>
      </trkpt>
      <trkpt lat="54.585418654605746" lon="23.422253765165806">
        <ele>-323.25</ele>
        <time>2026-01-19T12:40:39Z</time>
      </trkpt>
      <trkpt lat="54.585461569949985" lon="23.422388797625899">
        <ele>-323.23000000000002</ele>
        <time>2026-01-19T12:40:40Z</time>
      </trkpt>
      <trkpt lat="54.585511358454823" lon="23.422514358535409">
        <ele>-323.22000000000003</ele>
        <time>2026-01-19T12:40:41Z</time>
      </trkpt>
      <trkpt lat="54.585570618510246" lon="23.422627681866288">
        <ele>-323.22000000000003</ele>
        <time>2026-01-19T12:40:42Z</time>
      </trkpt>
      <trkpt lat="54.585638931021094" lon="23.422729773446918">
        <ele>-323.25</ele>
        <time>2026-01-19T12:40:43Z</time>
      </trkpt>
      <trkpt lat="54.585711937397718" lon="23.422838822007179">
        <ele>-323.29000000000002</ele>
        <time>2026-01-19T12:40:44Z</time>
      </trkpt>
      <trkpt lat="54.585790224373341" lon="23.422944433987141">
        <ele>-323.31</ele>
        <time>2026-01-19T12:40:45Z</time>
      </trkpt>
      <trkpt lat="54.585879156365991" lon="23.423027833923697">
        <ele>-323.32999999999998</ele>
        <time>2026-01-19T12:40:46Z</time>
      </trkpt>
      <trkpt lat="54.585978398099542" lon="23.423091787844896">
        <ele>-323.33999999999997</ele>
        <time>2026-01-19T12:40:47Z</time>
      </trkpt>
      <trkpt lat="54.586084261536598" lon="23.423134535551071">
        <ele>-323.32999999999998</ele>
        <time>2026-01-19T12:40:48Z</time>
      </trkpt>
      <trkpt lat="54.58619968034327" lon="23.423150293529034">
        <ele>-323.32999999999998</ele>
        <time>2026-01-19T12:40:49Z</time>
      </trkpt>
      <trkpt lat="54.586327588185668" lon="23.423130596056581">
        <ele>-323.31</ele>
        <time>2026-01-19T12:40:50Z</time>
      </trkpt>
      <trkpt lat="54.586465805768967" lon="23.423084914684296">
        <ele>-323.27999999999997</ele>
        <time>2026-01-19T12:40:51Z</time>
      </trkpt>
      <trkpt lat="54.586860258132219" lon="23.422985170036554">
        <ele>-323.25999999999999</ele>
        <time>2026-01-19T12:40:54Z</time>
      </trkpt>
      <trkpt lat="54.586966540664434" lon="23.423007633537054">
        <ele>-323.27999999999997</ele>
        <time>2026-01-19T12:40:55Z</time>
      </trkpt>
      <trkpt lat="54.587069805711508" lon="23.423064043745399">
        <ele>-323.27999999999997</ele>
        <time>2026-01-19T12:40:56Z</time>
      </trkpt>
      <trkpt lat="54.587843120098114" lon="23.423590259626508">
        <ele>-323.19</ele>
        <time>2026-01-19T12:41:02Z</time>
      </trkpt>
      <trkpt lat="54.588027521967888" lon="23.423722190782428">
        <ele>-323.11000000000001</ele>
        <time>2026-01-19T12:41:04Z</time>
      </trkpt>
      <trkpt lat="54.58809357136488" lon="23.423814726993442">
        <ele>-323.13</ele>
        <time>2026-01-19T12:41:05Z</time>
      </trkpt>
      <trkpt lat="54.588141264393926" lon="23.423932660371065">
        <ele>-323.13999999999999</ele>
        <time>2026-01-19T12:41:06Z</time>
      </trkpt>
      <trkpt lat="54.588173953816295" lon="23.424074985086918">
        <ele>-323.14999999999998</ele>
        <time>2026-01-19T12:41:07Z</time>
      </trkpt>
      <trkpt lat="54.588197423145175" lon="23.424249244853854">
        <ele>-323.13999999999999</ele>
        <time>2026-01-19T12:41:08Z</time>
      </trkpt>
      <trkpt lat="54.588215025141835" lon="23.424454433843493">
        <ele>-323.13999999999999</ele>
        <time>2026-01-19T12:41:09Z</time>
      </trkpt>
      <trkpt lat="54.588224580511451" lon="23.424665993079543">
        <ele>-323.13</ele>
        <time>2026-01-19T12:41:10Z</time>
      </trkpt>
      <trkpt lat="54.588230783119798" lon="23.424866907298565">
        <ele>-323.11000000000001</ele>
        <time>2026-01-19T12:41:11Z</time>
      </trkpt>
      <trkpt lat="54.588249893859029" lon="23.425537291914225">
        <ele>-323.04000000000002</ele>
        <time>2026-01-19T12:41:15Z</time>
      </trkpt>
      <trkpt lat="54.588243691250682" lon="23.425687244161963">
        <ele>-323.04000000000002</ele>
        <time>2026-01-19T12:41:16Z</time>
      </trkpt>
      <trkpt lat="54.588246289640665" lon="23.425836693495512">
        <ele>-323.04000000000002</ele>
        <time>2026-01-19T12:41:17Z</time>
      </trkpt>
      <trkpt lat="54.58826070651412" lon="23.425980946049094">
        <ele>-323.05000000000001</ele>
        <time>2026-01-19T12:41:18Z</time>
      </trkpt>
      <trkpt lat="54.588286774232984" lon="23.426117319613695">
        <ele>-323.07999999999998</ele>
        <time>2026-01-19T12:41:19Z</time>
      </trkpt>
      <trkpt lat="54.588330695405602" lon="23.426246233284473">
        <ele>-323.11000000000001</ele>
        <time>2026-01-19T12:41:20Z</time>
      </trkpt>
      <trkpt lat="54.588397163897753" lon="23.426373973488808">
        <ele>-323.13</ele>
        <time>2026-01-19T12:41:21Z</time>
      </trkpt>
      <trkpt lat="54.588480647653341" lon="23.42651529237628">
        <ele>-323.16000000000003</ele>
        <time>2026-01-19T12:41:22Z</time>
      </trkpt>
      <trkpt lat="54.588913824409246" lon="23.427327079698443">
        <ele>-323.18000000000001</ele>
        <time>2026-01-19T12:41:27Z</time>
      </trkpt>
      <trkpt lat="54.588962523266673" lon="23.427502010017633">
        <ele>-323.18000000000001</ele>
        <time>2026-01-19T12:41:28Z</time>
      </trkpt>
      <trkpt lat="54.589227391406894" lon="23.42843852005899">
        <ele>-323.08999999999997</ele>
        <time>2026-01-19T12:41:34Z</time>
      </trkpt>
      <trkpt lat="54.589280532673001" lon="23.428523428738117">
        <ele>-323.06999999999999</ele>
        <time>2026-01-19T12:41:35Z</time>
      </trkpt>
      <trkpt lat="54.589340882375836" lon="23.428568271920085">
        <ele>-323.06999999999999</ele>
        <time>2026-01-19T12:41:36Z</time>
      </trkpt>
      <trkpt lat="54.58941238000989" lon="23.428570786491036">
        <ele>-323.10000000000002</ele>
        <time>2026-01-19T12:41:37Z</time>
      </trkpt>
      <trkpt lat="54.589493097737432" lon="23.428551843389869">
        <ele>-323.13999999999999</ele>
        <time>2026-01-19T12:41:38Z</time>
      </trkpt>
      <trkpt lat="54.589572641998529" lon="23.428523512557149">
        <ele>-323.23000000000002</ele>
        <time>2026-01-19T12:41:39Z</time>
      </trkpt>
      <trkpt lat="54.589646402746439" lon="23.428490906953812">
        <ele>-323.33999999999997</ele>
        <time>2026-01-19T12:41:40Z</time>
      </trkpt>
      <trkpt lat="54.589825859293342" lon="23.428438268601894">
        <ele>-323.76999999999998</ele>
        <time>2026-01-19T12:41:46Z</time>
      </trkpt>
      <trkpt lat="54.58983994089067" lon="23.428461067378521">
        <ele>-324.24000000000001</ele>
        <time>2026-01-19T12:41:52Z</time>
      </trkpt>
      <trkpt lat="54.589857291430235" lon="23.428510772064328">
        <ele>-324.36000000000001</ele>
        <time>2026-01-19T12:41:53Z</time>
      </trkpt>
      <trkpt lat="54.589872965589166" lon="23.428582604974508">
        <ele>-324.44999999999999</ele>
        <time>2026-01-19T12:41:54Z</time>
      </trkpt>
      <trkpt lat="54.589916802942753" lon="23.428773377090693">
        <ele>-324.66000000000003</ele>
        <time>2026-01-19T12:41:56Z</time>
      </trkpt>
      <trkpt lat="54.589942954480648" lon="23.428848814219236">
        <ele>-324.70999999999998</ele>
        <time>2026-01-19T12:41:57Z</time>
      </trkpt>
      <trkpt lat="54.58996701054275" lon="23.428901368752122">
        <ele>-324.80000000000001</ele>
        <time>2026-01-19T12:41:58Z</time>
      </trkpt>
      <trkpt lat="54.589991234242916" lon="23.428959120064974">
        <ele>-324.86000000000001</ele>
        <time>2026-01-19T12:41:59Z</time>
      </trkpt>
      <trkpt lat="54.590023756027222" lon="23.429044028744102">
        <ele>-324.89999999999998</ele>
        <time>2026-01-19T12:42:00Z</time>
      </trkpt>
      <trkpt lat="54.590315194800496" lon="23.429991938173771">
        <ele>-324.69999999999999</ele>
        <time>2026-01-19T12:42:05Z</time>
      </trkpt>
      <trkpt lat="54.590884828940034" lon="23.431933354586363">
        <ele>-323.67000000000002</ele>
        <time>2026-01-19T12:42:13Z</time>
      </trkpt>
      <trkpt lat="54.591505844146013" lon="23.433887762948871">
        <ele>-322.82999999999998</ele>
        <time>2026-01-19T12:42:22Z</time>
      </trkpt>
      <trkpt lat="54.591737519949675" lon="23.434710362926126">
        <ele>-322.52999999999997</ele>
        <time>2026-01-19T12:42:27Z</time>
      </trkpt>
      <trkpt lat="54.591833241283894" lon="23.435019319877028">
        <ele>-322.49000000000001</ele>
        <time>2026-01-19T12:42:30Z</time>
      </trkpt>
      <trkpt lat="54.591870876029134" lon="23.435082519426942">
        <ele>-322.51999999999998</ele>
        <time>2026-01-19T12:42:31Z</time>
      </trkpt>
      <trkpt lat="54.591908510774374" lon="23.435108587145805">
        <ele>-322.54000000000002</ele>
        <time>2026-01-19T12:42:32Z</time>
      </trkpt>
      <trkpt lat="54.591946313157678" lon="23.435088386759162">
        <ele>-322.57999999999998</ele>
        <time>2026-01-19T12:42:33Z</time>
      </trkpt>
      <trkpt lat="54.591990569606423" lon="23.435019990429282">
        <ele>-322.60000000000002</ele>
        <time>2026-01-19T12:42:34Z</time>
      </trkpt>
      <trkpt lat="54.592046979814768" lon="23.434922425076365">
        <ele>-322.61000000000001</ele>
        <time>2026-01-19T12:42:35Z</time>
      </trkpt>
      <trkpt lat="54.592653578147292" lon="23.433957919478416">
        <ele>-322.83999999999997</ele>
        <time>2026-01-19T12:42:41Z</time>
      </trkpt>
      <trkpt lat="54.593831822276115" lon="23.432123875245452">
        <ele>-322.63</ele>
        <time>2026-01-19T12:42:50Z</time>
      </trkpt>
      <trkpt lat="54.594664899632335" lon="23.430946804583073">
        <ele>-322.86000000000001</ele>
        <time>2026-01-19T12:42:57Z</time>
      </trkpt>
      <trkpt lat="54.59557986818254" lon="23.429850870743394">
        <ele>-322.94999999999999</ele>
        <time>2026-01-19T12:43:03Z</time>
      </trkpt>
      <trkpt lat="54.59624296054244" lon="23.429051320999861">
        <ele>-323.13999999999999</ele>
        <time>2026-01-19T12:43:09Z</time>
      </trkpt>
      <trkpt lat="54.596322253346443" lon="23.429004214704037">
        <ele>-323.25</ele>
        <time>2026-01-19T12:43:10Z</time>
      </trkpt>
      <trkpt lat="54.596399702131748" lon="23.428997928276658">
        <ele>-323.44</ele>
        <time>2026-01-19T12:43:11Z</time>
      </trkpt>
      <trkpt lat="54.596555018797517" lon="23.429016955196857">
        <ele>-323.85000000000002</ele>
        <time>2026-01-19T12:43:13Z</time>
      </trkpt>
      <trkpt lat="54.596639089286327" lon="23.428989797830582">
        <ele>-323.97000000000003</ele>
        <time>2026-01-19T12:43:14Z</time>
      </trkpt>
      <trkpt lat="54.597015269100666" lon="23.428755355998874">
        <ele>-324.66000000000003</ele>
        <time>2026-01-19T12:43:18Z</time>
      </trkpt>
      <trkpt lat="54.597109314054251" lon="23.428683606907725">
        <ele>-324.75999999999999</ele>
        <time>2026-01-19T12:43:19Z</time>
      </trkpt>
      <trkpt lat="54.597197072580457" lon="23.428616300225258">
        <ele>-324.85000000000002</ele>
        <time>2026-01-19T12:43:20Z</time>
      </trkpt>
      <trkpt lat="54.598335837945342" lon="23.427740139886737">
        <ele>-326.55000000000001</ele>
        <time>2026-01-19T12:43:32Z</time>
      </trkpt>
      <trkpt lat="54.599224906414747" lon="23.427047543227673">
        <ele>-328.44</ele>
        <time>2026-01-19T12:43:43Z</time>
      </trkpt>
      <trkpt lat="54.599299924448133" lon="23.427003873512149">
        <ele>-328.52999999999997</ele>
        <time>2026-01-19T12:43:44Z</time>
      </trkpt>
      <trkpt lat="54.599366895854473" lon="23.426995575428009">
        <ele>-328.62</ele>
        <time>2026-01-19T12:43:45Z</time>
      </trkpt>
      <trkpt lat="54.599423641338944" lon="23.427028013393283">
        <ele>-328.74000000000001</ele>
        <time>2026-01-19T12:43:46Z</time>
      </trkpt>
      <trkpt lat="54.599470999091864" lon="23.427081489935517">
        <ele>-328.93000000000001</ele>
        <time>2026-01-19T12:43:47Z</time>
      </trkpt>
      <trkpt lat="54.599512908607721" lon="23.427144940942526">
        <ele>-329.13999999999999</ele>
        <time>2026-01-19T12:43:48Z</time>
      </trkpt>
      <trkpt lat="54.599553141742945" lon="23.427220545709133">
        <ele>-329.32999999999998</ele>
        <time>2026-01-19T12:43:49Z</time>
      </trkpt>
      <trkpt lat="54.599593710154295" lon="23.427304197102785">
        <ele>-329.49000000000001</ele>
        <time>2026-01-19T12:43:50Z</time>
      </trkpt>
      <trkpt lat="54.599698819220066" lon="23.427553391084075">
        <ele>-329.83999999999997</ele>
        <time>2026-01-19T12:43:53Z</time>
      </trkpt>
      <trkpt lat="54.599726563319564" lon="23.427649699151516">
        <ele>-329.97000000000003</ele>
        <time>2026-01-19T12:43:54Z</time>
      </trkpt>
      <trkpt lat="54.599755732342601" lon="23.427775092422962">
        <ele>-330.05000000000001</ele>
        <time>2026-01-19T12:43:55Z</time>
      </trkpt>
      <trkpt lat="54.599784146994352" lon="23.427922362461686">
        <ele>-330.10000000000002</ele>
        <time>2026-01-19T12:43:56Z</time>
      </trkpt>
      <trkpt lat="54.599811304360628" lon="23.428071141242981">
        <ele>-330.12</ele>
        <time>2026-01-19T12:43:57Z</time>
      </trkpt>
      <trkpt lat="54.599847430363297" lon="23.428210951387882">
        <ele>-330.13</ele>
        <time>2026-01-19T12:43:58Z</time>
      </trkpt>
      <trkpt lat="54.599891100078821" lon="23.428349504247308">
        <ele>-330.13999999999999</ele>
        <time>2026-01-19T12:43:59Z</time>
      </trkpt>
      <trkpt lat="54.600005596876144" lon="23.428749404847622">
        <ele>-330.29000000000002</ele>
        <time>2026-01-19T12:44:02Z</time>
      </trkpt>
      <trkpt lat="54.600044908002019" lon="23.428831631317735">
        <ele>-330.38999999999999</ele>
        <time>2026-01-19T12:44:03Z</time>
      </trkpt>
      <trkpt lat="54.600090337917209" lon="23.428868930786848">
        <ele>-330.43000000000001</ele>
        <time>2026-01-19T12:44:04Z</time>
      </trkpt>
      <trkpt lat="54.600141802802682" lon="23.428866751492023">
        <ele>-330.50999999999999</ele>
        <time>2026-01-19T12:44:05Z</time>
      </trkpt>
      <trkpt lat="54.600196117535233" lon="23.428830122575164">
        <ele>-330.63999999999999</ele>
        <time>2026-01-19T12:44:06Z</time>
      </trkpt>
      <trkpt lat="54.600253030657768" lon="23.428765749558806">
        <ele>-330.77999999999997</ele>
        <time>2026-01-19T12:44:07Z</time>
      </trkpt>
      <trkpt lat="54.600314637646079" lon="23.42869408428669">
        <ele>-330.91000000000003</ele>
        <time>2026-01-19T12:44:08Z</time>
      </trkpt>
      <trkpt lat="54.600378843024373" lon="23.428620910272002">
        <ele>-331.05000000000001</ele>
        <time>2026-01-19T12:44:09Z</time>
      </trkpt>
      <trkpt lat="54.601069930940866" lon="23.42779453843832">
        <ele>-332.07999999999998</ele>
        <time>2026-01-19T12:44:19Z</time>
      </trkpt>
      <trkpt lat="54.601693712174892" lon="23.427045280113816">
        <ele>-332.95999999999998</ele>
        <time>2026-01-19T12:44:28Z</time>
      </trkpt>
      <trkpt lat="54.602224621921778" lon="23.426439100876451">
        <ele>-333.88</ele>
        <time>2026-01-19T12:44:35Z</time>
      </trkpt>
      <trkpt lat="54.602611698210239" lon="23.425976168364286">
        <ele>-334.64999999999998</ele>
        <time>2026-01-19T12:44:40Z</time>
      </trkpt>
      <trkpt lat="54.602674730122089" lon="23.425896121188998">
        <ele>-334.74000000000001</ele>
        <time>2026-01-19T12:44:41Z</time>
      </trkpt>
      <trkpt lat="54.602732732892036" lon="23.425834095105529">
        <ele>-334.86000000000001</ele>
        <time>2026-01-19T12:44:42Z</time>
      </trkpt>
      <trkpt lat="54.602785790339112" lon="23.425785396248102">
        <ele>-334.99000000000001</ele>
        <time>2026-01-19T12:44:43Z</time>
      </trkpt>
      <trkpt lat="54.602838596329093" lon="23.425759160891175">
        <ele>-335.13999999999999</ele>
        <time>2026-01-19T12:44:44Z</time>
      </trkpt>
      <trkpt lat="54.602885618805885" lon="23.425777098163962">
        <ele>-335.31999999999999</ele>
        <time>2026-01-19T12:44:45Z</time>
      </trkpt>
      <trkpt lat="54.602927779778838" lon="23.425846165046096">
        <ele>-335.45999999999998</ele>
        <time>2026-01-19T12:44:46Z</time>
      </trkpt>
      <trkpt lat="54.60297136567533" lon="23.425961164757609">
        <ele>-335.56999999999999</ele>
        <time>2026-01-19T12:44:47Z</time>
      </trkpt>
      <trkpt lat="54.603018807247281" lon="23.426116816699505">
        <ele>-335.68000000000001</ele>
        <time>2026-01-19T12:44:48Z</time>
      </trkpt>
      <trkpt lat="54.603072283789515" lon="23.426305577158928">
        <ele>-335.76999999999998</ele>
        <time>2026-01-19T12:44:49Z</time>
      </trkpt>
      <trkpt lat="54.603365901857615" lon="23.427292127162218">
        <ele>-336.52999999999997</ele>
        <time>2026-01-19T12:44:55Z</time>
      </trkpt>
      <trkpt lat="54.603412002325058" lon="23.427318278700113">
        <ele>-336.62</ele>
        <time>2026-01-19T12:44:56Z</time>
      </trkpt>
      <trkpt lat="54.603453995659947" lon="23.427295228466392">
        <ele>-336.73000000000002</ele>
        <time>2026-01-19T12:44:57Z</time>
      </trkpt>
      <trkpt lat="54.603489618748426" lon="23.427245942875743">
        <ele>-336.85000000000002</ele>
        <time>2026-01-19T12:44:58Z</time>
      </trkpt>
      <trkpt lat="54.603522308170795" lon="23.427187521010637">
        <ele>-337.04000000000002</ele>
        <time>2026-01-19T12:44:59Z</time>
      </trkpt>
      <trkpt lat="54.603549800813198" lon="23.427125830203295">
        <ele>-337.29000000000002</ele>
        <time>2026-01-19T12:45:00Z</time>
      </trkpt>
      <trkpt lat="54.60357528179884" lon="23.427070090547204">
        <ele>-337.70999999999998</ele>
        <time>2026-01-19T12:45:01Z</time>
      </trkpt>
      <trkpt lat="54.60360168479383" lon="23.427012758329511">
        <ele>-337.85000000000002</ele>
        <time>2026-01-19T12:45:02Z</time>
      </trkpt>
      <trkpt lat="54.603630602359772" lon="23.426945032551885">
        <ele>-337.95999999999998</ele>
        <time>2026-01-19T12:45:03Z</time>
      </trkpt>
      <trkpt lat="54.603694304823875" lon="23.426781669259071">
        <ele>-338.08999999999997</ele>
        <time>2026-01-19T12:45:05Z</time>
      </trkpt>
      <trkpt lat="54.603725066408515" lon="23.426676476374269">
        <ele>-338.19</ele>
        <time>2026-01-19T12:45:06Z</time>
      </trkpt>
      <trkpt lat="54.603769406676292" lon="23.426550580188632">
        <ele>-338.20999999999998</ele>
        <time>2026-01-19T12:45:07Z</time>
      </trkpt>
      <trkpt lat="54.603832690045238" lon="23.426414541900158">
        <ele>-338.25999999999999</ele>
        <time>2026-01-19T12:45:08Z</time>
      </trkpt>
      <trkpt lat="54.603893794119358" lon="23.426286466419697">
        <ele>-338.31999999999999</ele>
        <time>2026-01-19T12:45:09Z</time>
      </trkpt>
      <trkpt lat="54.604003261774778" lon="23.426083456724882">
        <ele>-338.61000000000001</ele>
        <time>2026-01-19T12:45:11Z</time>
      </trkpt>
      <trkpt lat="54.604308279231191" lon="23.425611974671483">
        <ele>-339.38</ele>
        <time>2026-01-19T12:45:18Z</time>
      </trkpt>
      <trkpt lat="54.604340214282274" lon="23.425556654110551">
        <ele>-339.44999999999999</ele>
        <time>2026-01-19T12:45:19Z</time>
      </trkpt>
      <trkpt lat="54.604696026071906" lon="23.424851233139634">
        <ele>-340.56</ele>
        <time>2026-01-19T12:45:28Z</time>
      </trkpt>
      <trkpt lat="54.604968186467886" lon="23.424319485202432">
        <ele>-341.43000000000001</ele>
        <time>2026-01-19T12:45:39Z</time>
      </trkpt>
      <trkpt lat="54.605205226689577" lon="23.423850266262889">
        <ele>-342.22000000000003</ele>
        <time>2026-01-19T12:45:52Z</time>
      </trkpt>
      <trkpt lat="54.605297427624464" lon="23.42360895127058">
        <ele>-342.5</ele>
        <time>2026-01-19T12:45:56Z</time>
      </trkpt>
      <trkpt lat="54.605356100946665" lon="23.423355231061578">
        <ele>-342.74000000000001</ele>
        <time>2026-01-19T12:45:59Z</time>
      </trkpt>
      <trkpt lat="54.605382084846497" lon="23.423169236630201">
        <ele>-342.88</ele>
        <time>2026-01-19T12:46:01Z</time>
      </trkpt>
      <trkpt lat="54.605388538911939" lon="23.423082148656249">
        <ele>-343.02999999999997</ele>
        <time>2026-01-19T12:46:02Z</time>
      </trkpt>
      <trkpt lat="54.605393316596746" lon="23.42260479927063">
        <ele>-343.56999999999999</ele>
        <time>2026-01-19T12:46:08Z</time>
      </trkpt>
      <trkpt lat="54.605398010462523" lon="23.421791084110737">
        <ele>-344.77999999999997</ele>
        <time>2026-01-19T12:46:20Z</time>
      </trkpt>
      <trkpt lat="54.605380576103926" lon="23.421089434996247">
        <ele>-345.49000000000001</ele>
        <time>2026-01-19T12:46:32Z</time>
      </trkpt>
      <trkpt lat="54.605411505326629" lon="23.420940823853016">
        <ele>-345.58999999999997</ele>
        <time>2026-01-19T12:46:34Z</time>
      </trkpt>
      <trkpt lat="54.605435142293572" lon="23.420874020084739">
        <ele>-345.61000000000001</ele>
        <time>2026-01-19T12:46:35Z</time>
      </trkpt>
      <trkpt lat="54.605461545288563" lon="23.420813838019967">
        <ele>-345.62</ele>
        <time>2026-01-19T12:46:36Z</time>
      </trkpt>
      <trkpt lat="54.605491301044822" lon="23.420764887705445">
        <ele>-345.62</ele>
        <time>2026-01-19T12:46:37Z</time>
      </trkpt>
      <trkpt lat="54.605525331571698" lon="23.420733036473393">
        <ele>-345.62</ele>
        <time>2026-01-19T12:46:38Z</time>
      </trkpt>
      <trkpt lat="54.605557518079877" lon="23.42071233317256">
        <ele>-345.63999999999999</ele>
        <time>2026-01-19T12:46:39Z</time>
      </trkpt>
      <trkpt lat="54.605631362646818" lon="23.420717446133494">
        <ele>-346.02999999999997</ele>
        <time>2026-01-19T12:46:42Z</time>
      </trkpt>
      <trkpt lat="54.605653993785381" lon="23.420753153041005">
        <ele>-346.07999999999998</ele>
        <time>2026-01-19T12:46:43Z</time>
      </trkpt>
      <trkpt lat="54.605675702914596" lon="23.420807300135493">
        <ele>-346.13</ele>
        <time>2026-01-19T12:46:44Z</time>
      </trkpt>
      <trkpt lat="54.605930177494884" lon="23.421613136306405">
        <ele>-346.01999999999998</ele>
        <time>2026-01-19T12:46:49Z</time>
      </trkpt>
      <trkpt lat="54.60649679414928" lon="23.423447431996465">
        <ele>-344.49000000000001</ele>
        <time>2026-01-19T12:46:55Z</time>
      </trkpt>
      <trkpt lat="54.606937766075134" lon="23.424769174307585">
        <ele>-342.42000000000002</ele>
        <time>2026-01-19T12:47:32Z</time>
      </trkpt>
      <trkpt lat="54.606958553195" lon="23.424721732735634">
        <ele>-342.33999999999997</ele>
        <time>2026-01-19T12:47:33Z</time>
      </trkpt>
      <trkpt lat="54.607001636177301" lon="23.424682589247823">
        <ele>-342.30000000000001</ele>
        <time>2026-01-19T12:47:34Z</time>
      </trkpt>
      <trkpt lat="54.607068188488483" lon="23.424636153504252">
        <ele>-342.27999999999997</ele>
        <time>2026-01-19T12:47:35Z</time>
      </trkpt>
      <trkpt lat="54.607638828456402" lon="23.424149584025145">
        <ele>-342.01999999999998</ele>
        <time>2026-01-19T12:47:40Z</time>
      </trkpt>
      <trkpt lat="54.607850555330515" lon="23.423992758616805">
        <ele>-341.80000000000001</ele>
        <time>2026-01-19T12:47:42Z</time>
      </trkpt>
      <trkpt lat="54.608008386567235" lon="23.423897121101618">
        <ele>-341.79000000000002</ele>
        <time>2026-01-19T12:47:44Z</time>
      </trkpt>
      <trkpt lat="54.608095306903124" lon="23.4238117095083">
        <ele>-341.79000000000002</ele>
        <time>2026-01-19T12:47:45Z</time>
      </trkpt>
      <trkpt lat="54.608807852491736" lon="23.423099499195814">
        <ele>-341.77999999999997</ele>
        <time>2026-01-19T12:47:51Z</time>
      </trkpt>
      <trkpt lat="54.609505394473672" lon="23.422418553382158">
        <ele>-341.41000000000003</ele>
        <time>2026-01-19T12:47:58Z</time>
      </trkpt>
      <trkpt lat="54.610329587012529" lon="23.421741966158152">
        <ele>-341.19</ele>
        <time>2026-01-19T12:48:04Z</time>
      </trkpt>
      <trkpt lat="54.611595338210464" lon="23.420596411451697">
        <ele>-341.26999999999998</ele>
        <time>2026-01-19T12:48:14Z</time>
      </trkpt>
      <trkpt lat="54.611852914094925" lon="23.420378314331174">
        <ele>-341.24000000000001</ele>
        <time>2026-01-19T12:48:16Z</time>
      </trkpt>
      <trkpt lat="54.611975038424134" lon="23.420308660715818">
        <ele>-341.24000000000001</ele>
        <time>2026-01-19T12:48:17Z</time>
      </trkpt>
      <trkpt lat="54.612184669822454" lon="23.420199612155557">
        <ele>-341.24000000000001</ele>
        <time>2026-01-19T12:48:19Z</time>
      </trkpt>
      <trkpt lat="54.612949267029762" lon="23.419583709910512">
        <ele>-341.50999999999999</ele>
        <time>2026-01-19T12:48:27Z</time>
      </trkpt>
      <trkpt lat="54.613502388820052" lon="23.419137205928564">
        <ele>-341.61000000000001</ele>
        <time>2026-01-19T12:48:34Z</time>
      </trkpt>
      <trkpt lat="54.614125583320856" lon="23.418692462146282">
        <ele>-341.88999999999999</ele>
        <time>2026-01-19T12:48:41Z</time>
      </trkpt>
      <trkpt lat="54.614208480343223" lon="23.418665053322911">
        <ele>-341.88999999999999</ele>
        <time>2026-01-19T12:48:42Z</time>
      </trkpt>
      <trkpt lat="54.614291293546557" lon="23.41865424066782">
        <ele>-341.88999999999999</ele>
        <time>2026-01-19T12:48:43Z</time>
      </trkpt>
      <trkpt lat="54.614378968253732" lon="23.418656587600708">
        <ele>-341.88999999999999</ele>
        <time>2026-01-19T12:48:44Z</time>
      </trkpt>
      <trkpt lat="54.614470833912492" lon="23.418663963675499">
        <ele>-341.88999999999999</ele>
        <time>2026-01-19T12:48:45Z</time>
      </trkpt>
      <trkpt lat="54.614749699831009" lon="23.418702017515898">
        <ele>-341.82999999999998</ele>
        <time>2026-01-19T12:48:49Z</time>
      </trkpt>
      <trkpt lat="54.614817425608635" lon="23.418722804635763">
        <ele>-341.81999999999999</ele>
        <time>2026-01-19T12:48:50Z</time>
      </trkpt>
      <trkpt lat="54.61497014388442" lon="23.418779969215393">
        <ele>-341.81999999999999</ele>
        <time>2026-01-19T12:48:52Z</time>
      </trkpt>
      <trkpt lat="54.615108780562878" lon="23.41886387206614">
        <ele>-341.81</ele>
        <time>2026-01-19T12:48:54Z</time>
      </trkpt>
      <trkpt lat="54.615165526047349" lon="23.418887592852116">
        <ele>-341.81</ele>
        <time>2026-01-19T12:48:55Z</time>
      </trkpt>
      <trkpt lat="54.615213302895427" lon="23.418908882886171">
        <ele>-341.77999999999997</ele>
        <time>2026-01-19T12:48:56Z</time>
      </trkpt>
      <trkpt lat="54.615357471629977" lon="23.418978871777654">
        <ele>-341.74000000000001</ele>
        <time>2026-01-19T12:49:04Z</time>
      </trkpt>
      <trkpt lat="54.615378342568874" lon="23.419009381905198">
        <ele>-341.52999999999997</ele>
        <time>2026-01-19T12:49:15Z</time>
      </trkpt>
      <trkpt lat="54.615367026999593" lon="23.418997898697853">
        <ele>-341.12</ele>
        <time>2026-01-19T12:49:29Z</time>
      </trkpt>
      <trkpt lat="54.615305671468377" lon="23.418970657512546">
        <ele>-340.74000000000001</ele>
        <time>2026-01-19T12:49:38Z</time>
      </trkpt>
      <trkpt lat="54.615305000916123" lon="23.418968645855784">
        <ele>-340.49000000000001</ele>
        <time>2026-01-19T12:49:42Z</time>
      </trkpt>
      <trkpt lat="54.615336935967207" lon="23.418964203447104">
        <ele>-339.88999999999999</ele>
        <time>2026-01-19T12:49:56Z</time>
      </trkpt>
      <trkpt lat="54.615335846319795" lon="23.418964119628072">
        <ele>-339.73000000000002</ele>
        <time>2026-01-19T12:50:01Z</time>
      </trkpt>
      <trkpt lat="54.615160916000605" lon="23.418906452134252">
        <ele>-339.81</ele>
        <time>2026-01-19T12:50:16Z</time>
      </trkpt>
      <trkpt lat="54.615123951807618" lon="23.418886922299862">
        <ele>-339.82999999999998</ele>
        <time>2026-01-19T12:50:18Z</time>
      </trkpt>
      <trkpt lat="54.615096710622311" lon="23.418865129351616">
        <ele>-339.80000000000001</ele>
        <time>2026-01-19T12:50:20Z</time>
      </trkpt>
      <trkpt lat="54.615073995664716" lon="23.418869655579329">
        <ele>-339.66000000000003</ele>
        <time>2026-01-19T12:50:25Z</time>
      </trkpt>
      <trkpt lat="54.615147337317467" lon="23.419003179296851">
        <ele>-339.56999999999999</ele>
        <time>2026-01-19T12:50:28Z</time>
      </trkpt>
      <trkpt lat="54.615189414471388" lon="23.419029247015715">
        <ele>-339.55000000000001</ele>
        <time>2026-01-19T12:50:29Z</time>
      </trkpt>
      <trkpt lat="54.615245992317796" lon="23.419058164581656">
        <ele>-339.55000000000001</ele>
        <time>2026-01-19T12:50:30Z</time>
      </trkpt>
      <trkpt lat="54.61531606502831" lon="23.419095212593675">
        <ele>-339.55000000000001</ele>
        <time>2026-01-19T12:50:31Z</time>
      </trkpt>
      <trkpt lat="54.615532318130136" lon="23.41920736245811">
        <ele>-339.43000000000001</ele>
        <time>2026-01-19T12:50:34Z</time>
      </trkpt>
      <trkpt lat="54.615589985623956" lon="23.41921322979033">
        <ele>-339.38999999999999</ele>
        <time>2026-01-19T12:50:35Z</time>
      </trkpt>
      <trkpt lat="54.615635918453336" lon="23.419207949191332">
        <ele>-339.37</ele>
        <time>2026-01-19T12:50:36Z</time>
      </trkpt>
      <trkpt lat="54.615772208198905" lon="23.419149527326226">
        <ele>-339.33999999999997</ele>
        <time>2026-01-19T12:50:41Z</time>
      </trkpt>
      <trkpt lat="54.615793833509088" lon="23.419085489585996">
        <ele>-339.38</ele>
        <time>2026-01-19T12:50:42Z</time>
      </trkpt>
      <trkpt lat="54.615807412192225" lon="23.418970657512546">
        <ele>-339.44</ele>
        <time>2026-01-19T12:50:43Z</time>
      </trkpt>
      <trkpt lat="54.615834150463343" lon="23.417699709534645">
        <ele>-339.38</ele>
        <time>2026-01-19T12:50:48Z</time>
      </trkpt>
      <trkpt lat="54.615866839885712" lon="23.416036572307348">
        <ele>-339.04000000000002</ele>
        <time>2026-01-19T12:50:55Z</time>
      </trkpt>
      <trkpt lat="54.615871533751488" lon="23.41580213047564">
        <ele>-339.22000000000003</ele>
        <time>2026-01-19T12:51:01Z</time>
      </trkpt>
      <trkpt lat="54.615833647549152" lon="23.415684113278985">
        <ele>-339.38999999999999</ele>
        <time>2026-01-19T12:51:04Z</time>
      </trkpt>
      <trkpt lat="54.615787379443645" lon="23.415632145479321">
        <ele>-339.44</ele>
        <time>2026-01-19T12:51:05Z</time>
      </trkpt>
      <trkpt lat="54.615734573453665" lon="23.415594594553113">
        <ele>-339.47000000000003</ele>
        <time>2026-01-19T12:51:06Z</time>
      </trkpt>
      <trkpt lat="54.615685204043984" lon="23.415561988949776">
        <ele>-339.52999999999997</ele>
        <time>2026-01-19T12:51:07Z</time>
      </trkpt>
      <trkpt lat="54.61564396508038" lon="23.415525108575821">
        <ele>-339.61000000000001</ele>
        <time>2026-01-19T12:51:08Z</time>
      </trkpt>
      <trkpt lat="54.615474147722125" lon="23.415425196290016">
        <ele>-341.81999999999999</ele>
        <time>2026-01-19T12:51:41Z</time>
      </trkpt>
      <trkpt lat="54.615395693108439" lon="23.415407007560134">
        <ele>-341.85000000000002</ele>
        <time>2026-01-19T12:51:42Z</time>
      </trkpt>
      <trkpt lat="54.615286812186241" lon="23.415352189913392">
        <ele>-341.87</ele>
        <time>2026-01-19T12:51:43Z</time>
      </trkpt>
      <trkpt lat="54.614440742880106" lon="23.414959413930774">
        <ele>-341.68000000000001</ele>
        <time>2026-01-19T12:51:48Z</time>
      </trkpt>
      <trkpt lat="54.613220673054457" lon="23.414273019880056">
        <ele>-339.69</ele>
        <time>2026-01-19T12:51:55Z</time>
      </trkpt>
      <trkpt lat="54.612048966810107" lon="23.413399290293455">
        <ele>-338.13</ele>
        <time>2026-01-19T12:52:02Z</time>
      </trkpt>
      <trkpt lat="54.611736321821809" lon="23.413135930895805">
        <ele>-338.06</ele>
        <time>2026-01-19T12:52:05Z</time>
      </trkpt>
      <trkpt lat="54.611694579944015" lon="23.413045322522521">
        <ele>-338.07999999999998</ele>
        <time>2026-01-19T12:52:06Z</time>
      </trkpt>
      <trkpt lat="54.611688209697604" lon="23.412938788533211">
        <ele>-338.18000000000001</ele>
        <time>2026-01-19T12:52:07Z</time>
      </trkpt>
      <trkpt lat="54.61170899681747" lon="23.412813311442733">
        <ele>-338.25999999999999</ele>
        <time>2026-01-19T12:52:08Z</time>
      </trkpt>
      <trkpt lat="54.611742105334997" lon="23.41264508664608">
        <ele>-338.31999999999999</ele>
        <time>2026-01-19T12:52:09Z</time>
      </trkpt>
      <trkpt lat="54.611768675968051" lon="23.412450291216373">
        <ele>-338.33999999999997</ele>
        <time>2026-01-19T12:52:10Z</time>
      </trkpt>
      <trkpt lat="54.611807819455862" lon="23.412129934877157">
        <ele>-338.38999999999999</ele>
        <time>2026-01-19T12:52:12Z</time>
      </trkpt>
      <trkpt lat="54.611797006800771" lon="23.412018287926912">
        <ele>-338.41000000000003</ele>
        <time>2026-01-19T12:52:13Z</time>
      </trkpt>
      <trkpt lat="54.611762221902609" lon="23.411930445581675">
        <ele>-338.44</ele>
        <time>2026-01-19T12:52:14Z</time>
      </trkpt>
      <trkpt lat="54.611685695126653" lon="23.411849811673164">
        <ele>-338.49000000000001</ele>
        <time>2026-01-19T12:52:15Z</time>
      </trkpt>
      <trkpt lat="54.61158930324018" lon="23.411780744791031">
        <ele>-338.55000000000001</ele>
        <time>2026-01-19T12:52:16Z</time>
      </trkpt>
      <trkpt lat="54.611487127840519" lon="23.411719808354974">
        <ele>-338.58999999999997</ele>
        <time>2026-01-19T12:52:17Z</time>
      </trkpt>
      <trkpt lat="54.611337091773748" lon="23.41160774230957">
        <ele>-338.63999999999999</ele>
        <time>2026-01-19T12:52:19Z</time>
      </trkpt>
      <trkpt lat="54.611310269683599" lon="23.411545967683196">
        <ele>-338.68000000000001</ele>
        <time>2026-01-19T12:52:20Z</time>
      </trkpt>
      <trkpt lat="54.611320830881596" lon="23.41146063990891">
        <ele>-338.73000000000002</ele>
        <time>2026-01-19T12:52:21Z</time>
      </trkpt>
      <trkpt lat="54.611361147835851" lon="23.411351339891553">
        <ele>-338.76999999999998</ele>
        <time>2026-01-19T12:52:22Z</time>
      </trkpt>
      <trkpt lat="54.611427448689938" lon="23.411209685727954">
        <ele>-338.81</ele>
        <time>2026-01-19T12:52:23Z</time>
      </trkpt>
      <trkpt lat="54.611562397330999" lon="23.410862674936652">
        <ele>-338.87</ele>
        <time>2026-01-19T12:52:25Z</time>
      </trkpt>
      <trkpt lat="54.611611012369394" lon="23.410685397684574">
        <ele>-338.91000000000003</ele>
        <time>2026-01-19T12:52:26Z</time>
      </trkpt>
      <trkpt lat="54.612043602392077" lon="23.408508282154799">
        <ele>-339.31</ele>
        <time>2026-01-19T12:52:38Z</time>
      </trkpt>
      <trkpt lat="54.612519862130284" lon="23.406148692592978">
        <ele>-339.30000000000001</ele>
        <time>2026-01-19T12:52:49Z</time>
      </trkpt>
      <trkpt lat="54.612788250669837" lon="23.405157197266817">
        <ele>-339.44999999999999</ele>
        <time>2026-01-19T12:52:56Z</time>
      </trkpt>
      <trkpt lat="54.613171722739935" lon="23.403993118554354">
        <ele>-340.38</ele>
        <time>2026-01-19T12:53:11Z</time>
      </trkpt>
      <trkpt lat="54.613290745764971" lon="23.403672929853201">
        <ele>-340.74000000000001</ele>
        <time>2026-01-19T12:53:16Z</time>
      </trkpt>
      <trkpt lat="54.613327626138926" lon="23.403639402240515">
        <ele>-340.92000000000002</ele>
        <time>2026-01-19T12:53:17Z</time>
      </trkpt>
      <trkpt lat="54.613372553139925" lon="23.403635546565056">
        <ele>-340.99000000000001</ele>
        <time>2026-01-19T12:53:18Z</time>
      </trkpt>
      <trkpt lat="54.613423431292176" lon="23.403669157996774">
        <ele>-341.02999999999997</ele>
        <time>2026-01-19T12:53:19Z</time>
      </trkpt>
      <trkpt lat="54.613477746024728" lon="23.403725568205118">
        <ele>-341.08999999999997</ele>
        <time>2026-01-19T12:53:20Z</time>
      </trkpt>
      <trkpt lat="54.613533988595009" lon="23.403787510469556">
        <ele>-341.16000000000003</ele>
        <time>2026-01-19T12:53:21Z</time>
      </trkpt>
      <trkpt lat="54.613589057698846" lon="23.40383998118341">
        <ele>-341.24000000000001</ele>
        <time>2026-01-19T12:53:22Z</time>
      </trkpt>
      <trkpt lat="54.61364253424108" lon="23.40387711301446">
        <ele>-341.30000000000001</ele>
        <time>2026-01-19T12:53:23Z</time>
      </trkpt>
      <trkpt lat="54.613694418221712" lon="23.403899073600769">
        <ele>-341.38</ele>
        <time>2026-01-19T12:53:24Z</time>
      </trkpt>
      <trkpt lat="54.613742614164948" lon="23.403905779123306">
        <ele>-341.44999999999999</ele>
        <time>2026-01-19T12:53:25Z</time>
      </trkpt>
      <trkpt lat="54.613788882270455" lon="23.403898822143674">
        <ele>-341.54000000000002</ele>
        <time>2026-01-19T12:53:26Z</time>
      </trkpt>
      <trkpt lat="54.613839173689485" lon="23.403878370299935">
        <ele>-341.67000000000002</ele>
        <time>2026-01-19T12:53:27Z</time>
      </trkpt>
      <trkpt lat="54.613901115953922" lon="23.403841489925981">
        <ele>-341.76999999999998</ele>
        <time>2026-01-19T12:53:28Z</time>
      </trkpt>
      <trkpt lat="54.613978900015354" lon="23.403783487156034">
        <ele>-341.81999999999999</ele>
        <time>2026-01-19T12:53:29Z</time>
      </trkpt>
      <trkpt lat="54.614069843664765" lon="23.403704026713967">
        <ele>-341.87</ele>
        <time>2026-01-19T12:53:30Z</time>
      </trkpt>
      <trkpt lat="54.614764284342527" lon="23.403081586584449">
        <ele>-341.81</ele>
        <time>2026-01-19T12:53:35Z</time>
      </trkpt>
      <trkpt lat="54.615696938708425" lon="23.402252364903688">
        <ele>-341.63999999999999</ele>
        <time>2026-01-19T12:53:42Z</time>
      </trkpt>
      <trkpt lat="54.615892069414258" lon="23.402005434036255">
        <ele>-341.68000000000001</ele>
        <time>2026-01-19T12:53:44Z</time>
      </trkpt>
      <trkpt lat="54.615990724414587" lon="23.401838885620236">
        <ele>-341.68000000000001</ele>
        <time>2026-01-19T12:53:45Z</time>
      </trkpt>
      <trkpt lat="54.616091223433614" lon="23.401629673317075">
        <ele>-341.69</ele>
        <time>2026-01-19T12:53:46Z</time>
      </trkpt>
      <trkpt lat="54.61678734049201" lon="23.399924961850047">
        <ele>-341.45999999999998</ele>
        <time>2026-01-19T12:53:53Z</time>
      </trkpt>
      <trkpt lat="54.616889851167798" lon="23.399733267724514">
        <ele>-341.42000000000002</ele>
        <time>2026-01-19T12:53:54Z</time>
      </trkpt>
      <trkpt lat="54.616991858929396" lon="23.399581303820014">
        <ele>-341.41000000000003</ele>
        <time>2026-01-19T12:53:55Z</time>
      </trkpt>
      <trkpt lat="54.617096213623881" lon="23.399456162005663">
        <ele>-341.39999999999998</ele>
        <time>2026-01-19T12:53:56Z</time>
      </trkpt>
      <trkpt lat="54.617204591631889" lon="23.399347951635718">
        <ele>-341.38999999999999</ele>
        <time>2026-01-19T12:53:57Z</time>
      </trkpt>
      <trkpt lat="54.617324033752084" lon="23.399251056835055">
        <ele>-341.38999999999999</ele>
        <time>2026-01-19T12:53:58Z</time>
      </trkpt>
      <trkpt lat="54.617463173344731" lon="23.399154832586646">
        <ele>-341.38999999999999</ele>
        <time>2026-01-19T12:53:59Z</time>
      </trkpt>
      <trkpt lat="54.618560615926981" lon="23.39843038469553">
        <ele>-340.81999999999999</ele>
        <time>2026-01-19T12:54:05Z</time>
      </trkpt>
      <trkpt lat="54.618924641981721" lon="23.398295268416405">
        <ele>-340.56</ele>
        <time>2026-01-19T12:54:07Z</time>
      </trkpt>
      <trkpt lat="54.619109043851495" lon="23.398268194869161">
        <ele>-340.42000000000002</ele>
        <time>2026-01-19T12:54:08Z</time>
      </trkpt>
      <trkpt lat="54.619296379387379" lon="23.398263417184353">
        <ele>-340.27999999999997</ele>
        <time>2026-01-19T12:54:09Z</time>
      </trkpt>
      <trkpt lat="54.620589120313525" lon="23.398408507928252">
        <ele>-339.44999999999999</ele>
        <time>2026-01-19T12:54:16Z</time>
      </trkpt>
      <trkpt lat="54.621003605425358" lon="23.39848704636097">
        <ele>-339.25</ele>
        <time>2026-01-19T12:54:19Z</time>
      </trkpt>
      <trkpt lat="54.621110642328858" lon="23.398542450740933">
        <ele>-339.24000000000001</ele>
        <time>2026-01-19T12:54:20Z</time>
      </trkpt>
      <trkpt lat="54.621196975931525" lon="23.398619648069143">
        <ele>-339.20999999999998</ele>
        <time>2026-01-19T12:54:21Z</time>
      </trkpt>
      <trkpt lat="54.621274508535862" lon="23.398717800155282">
        <ele>-339.19</ele>
        <time>2026-01-19T12:54:22Z</time>
      </trkpt>
      <trkpt lat="54.621349610388279" lon="23.398844199255109">
        <ele>-339.16000000000003</ele>
        <time>2026-01-19T12:54:23Z</time>
      </trkpt>
      <trkpt lat="54.621427226811647" lon="23.398996917530894">
        <ele>-339.13999999999999</ele>
        <time>2026-01-19T12:54:24Z</time>
      </trkpt>
      <trkpt lat="54.62223993614316" lon="23.400555532425642">
        <ele>-338.86000000000001</ele>
        <time>2026-01-19T12:54:34Z</time>
      </trkpt>
      <trkpt lat="54.622335406020284" lon="23.400685116648674">
        <ele>-338.86000000000001</ele>
        <time>2026-01-19T12:54:35Z</time>
      </trkpt>
      <trkpt lat="54.622446717694402" lon="23.400792991742492">
        <ele>-338.81</ele>
        <time>2026-01-19T12:54:36Z</time>
      </trkpt>
      <trkpt lat="54.622578145936131" lon="23.400884522125125">
        <ele>-338.72000000000003</ele>
        <time>2026-01-19T12:54:37Z</time>
      </trkpt>
      <trkpt lat="54.622726840898395" lon="23.400962641462684">
        <ele>-338.67000000000002</ele>
        <time>2026-01-19T12:54:38Z</time>
      </trkpt>
      <trkpt lat="54.6228819899261" lon="23.401027852669358">
        <ele>-338.58999999999997</ele>
        <time>2026-01-19T12:54:39Z</time>
      </trkpt>
      <trkpt lat="54.62448813021183" lon="23.401589691638947">
        <ele>-337.70999999999998</ele>
        <time>2026-01-19T12:54:50Z</time>
      </trkpt>
      <trkpt lat="54.625516925007105" lon="23.401525318622589">
        <ele>-337.07999999999998</ele>
        <time>2026-01-19T12:54:57Z</time>
      </trkpt>
      <trkpt lat="54.6256398037076" lon="23.401471003890038">
        <ele>-337.02999999999997</ele>
        <time>2026-01-19T12:54:58Z</time>
      </trkpt>
      <trkpt lat="54.625753629952669" lon="23.401395818218589">
        <ele>-337.02999999999997</ele>
        <time>2026-01-19T12:54:59Z</time>
      </trkpt>
      <trkpt lat="54.625864019617438" lon="23.40129766613245">
        <ele>-337.05000000000001</ele>
        <time>2026-01-19T12:55:00Z</time>
      </trkpt>
      <trkpt lat="54.625983713194728" lon="23.401168836280704">
        <ele>-337.06</ele>
        <time>2026-01-19T12:55:01Z</time>
      </trkpt>
      <trkpt lat="54.62611380033195" lon="23.401016034185886">
        <ele>-337.06999999999999</ele>
        <time>2026-01-19T12:55:02Z</time>
      </trkpt>
      <trkpt lat="54.626829531043768" lon="23.400169378146529">
        <ele>-337.06</ele>
        <time>2026-01-19T12:55:08Z</time>
      </trkpt>
      <trkpt lat="54.627144690603018" lon="23.399721197783947">
        <ele>-337.19</ele>
        <time>2026-01-19T12:55:12Z</time>
      </trkpt>
      <trkpt lat="54.62720587849617" lon="23.399658417329192">
        <ele>-337.31</ele>
        <time>2026-01-19T12:55:13Z</time>
      </trkpt>
      <trkpt lat="54.627267150208354" lon="23.399631511420012">
        <ele>-337.44999999999999</ele>
        <time>2026-01-19T12:55:14Z</time>
      </trkpt>
      <trkpt lat="54.627329260110855" lon="23.399646263569593">
        <ele>-337.56999999999999</ele>
        <time>2026-01-19T12:55:15Z</time>
      </trkpt>
      <trkpt lat="54.627390783280134" lon="23.399710133671761">
        <ele>-337.66000000000003</ele>
        <time>2026-01-19T12:55:16Z</time>
      </trkpt>
      <trkpt lat="54.627451887354255" lon="23.399823373183608">
        <ele>-337.70999999999998</ele>
        <time>2026-01-19T12:55:17Z</time>
      </trkpt>
      <trkpt lat="54.627520451322198" lon="23.399987742304802">
        <ele>-337.75</ele>
        <time>2026-01-19T12:55:18Z</time>
      </trkpt>
      <trkpt lat="54.627603767439723" lon="23.400192260742187">
        <ele>-337.76999999999998</ele>
        <time>2026-01-19T12:55:19Z</time>
      </trkpt>
      <trkpt lat="54.628358976915479" lon="23.40190258808434">
        <ele>-336.94</ele>
        <time>2026-01-19T12:55:25Z</time>
      </trkpt>
      <trkpt lat="54.62929087691009" lon="23.404015330597758">
        <ele>-335.55000000000001</ele>
        <time>2026-01-19T12:55:32Z</time>
      </trkpt>
      <trkpt lat="54.629717264324427" lon="23.405008586123586">
        <ele>-335.19</ele>
        <time>2026-01-19T12:55:37Z</time>
      </trkpt>
      <trkpt lat="54.629758335649967" lon="23.40512752532959">
        <ele>-335.23000000000002</ele>
        <time>2026-01-19T12:55:38Z</time>
      </trkpt>
      <trkpt lat="54.629783062264323" lon="23.405226347967982">
        <ele>-335.30000000000001</ele>
        <time>2026-01-19T12:55:39Z</time>
      </trkpt>
      <trkpt lat="54.629809381440282" lon="23.405387112870812">
        <ele>-335.91000000000003</ele>
        <time>2026-01-19T12:55:45Z</time>
      </trkpt>
      <trkpt lat="54.629842154681683" lon="23.405800340697169">
        <ele>-337.76999999999998</ele>
        <time>2026-01-19T12:56:01Z</time>
      </trkpt>
      <trkpt lat="54.629963943734765" lon="23.407333893701434">
        <ele>-337.63</ele>
        <time>2026-01-19T12:56:06Z</time>
      </trkpt>
      <trkpt lat="54.630292430520058" lon="23.410929227247834">
        <ele>-335.45999999999998</ele>
        <time>2026-01-19T12:56:15Z</time>
      </trkpt>
      <trkpt lat="54.630441879853606" lon="23.412801325321198">
        <ele>-334.82999999999998</ele>
        <time>2026-01-19T12:56:21Z</time>
      </trkpt>
      <trkpt lat="54.630489489063621" lon="23.413460562005639">
        <ele>-334.81999999999999</ele>
        <time>2026-01-19T12:56:24Z</time>
      </trkpt>
      <trkpt lat="54.630518490448594" lon="23.413643455132842">
        <ele>-334.88999999999999</ele>
        <time>2026-01-19T12:56:25Z</time>
      </trkpt>
      <trkpt lat="54.630557633936405" lon="23.413799358531833">
        <ele>-334.99000000000001</ele>
        <time>2026-01-19T12:56:26Z</time>
      </trkpt>
      <trkpt lat="54.630608847364783" lon="23.41393212787807">
        <ele>-335.10000000000002</ele>
        <time>2026-01-19T12:56:27Z</time>
      </trkpt>
      <trkpt lat="54.630676992237568" lon="23.414047127589583">
        <ele>-335.22000000000003</ele>
        <time>2026-01-19T12:56:28Z</time>
      </trkpt>
      <trkpt lat="54.630762739107013" lon="23.414146956056356">
        <ele>-335.31999999999999</ele>
        <time>2026-01-19T12:56:29Z</time>
      </trkpt>
      <trkpt lat="54.630860891193151" lon="23.414233289659023">
        <ele>-335.41000000000003</ele>
        <time>2026-01-19T12:56:30Z</time>
      </trkpt>
      <trkpt lat="54.630970610305667" lon="23.414298836141825">
        <ele>-335.49000000000001</ele>
        <time>2026-01-19T12:56:31Z</time>
      </trkpt>
      <trkpt lat="54.631093237549067" lon="23.414340661838651">
        <ele>-335.57999999999998</ele>
        <time>2026-01-19T12:56:32Z</time>
      </trkpt>
      <trkpt lat="54.631229024380445" lon="23.414350636303425">
        <ele>-335.63999999999999</ele>
        <time>2026-01-19T12:56:33Z</time>
      </trkpt>
      <trkpt lat="54.631383083760738" lon="23.414322808384895">
        <ele>-335.69999999999999</ele>
        <time>2026-01-19T12:56:34Z</time>
      </trkpt>
      <trkpt lat="54.63155860081315" lon="23.41427612118423">
        <ele>-335.70999999999998</ele>
        <time>2026-01-19T12:56:35Z</time>
      </trkpt>
      <trkpt lat="54.633050160482526" lon="23.413870520889759">
        <ele>-335.06</ele>
        <time>2026-01-19T12:56:42Z</time>
      </trkpt>
      <trkpt lat="54.634968526661396" lon="23.413329217582941">
        <ele>-333.97000000000003</ele>
        <time>2026-01-19T12:56:51Z</time>
      </trkpt>
      <trkpt lat="54.636685056611896" lon="23.412781041115522">
        <ele>-333.52999999999997</ele>
        <time>2026-01-19T12:56:59Z</time>
      </trkpt>
      <trkpt lat="54.638530667871237" lon="23.412300758063793">
        <ele>-332.66000000000003</ele>
        <time>2026-01-19T12:57:07Z</time>
      </trkpt>
      <trkpt lat="54.640358509495854" lon="23.411779487505555">
        <ele>-332</ele>
        <time>2026-01-19T12:57:15Z</time>
      </trkpt>
      <trkpt lat="54.642697479575872" lon="23.411129470914602">
        <ele>-331.36000000000001</ele>
        <time>2026-01-19T12:57:25Z</time>
      </trkpt>
      <trkpt lat="54.644511071965098" lon="23.410670645534992">
        <ele>-331.10000000000002</ele>
        <time>2026-01-19T12:57:33Z</time>
      </trkpt>
      <trkpt lat="54.646384008228779" lon="23.410159097984433">
        <ele>-330.75999999999999</ele>
        <time>2026-01-19T12:57:41Z</time>
      </trkpt>
      <trkpt lat="54.647931139916182" lon="23.409736566245556">
        <ele>-331.33999999999997</ele>
        <time>2026-01-19T12:57:49Z</time>
      </trkpt>
      <trkpt lat="54.649241315200925" lon="23.409398524090648">
        <ele>-332.27999999999997</ele>
        <time>2026-01-19T12:57:57Z</time>
      </trkpt>
      <trkpt lat="54.649365535005927" lon="23.409416796639562">
        <ele>-332.48000000000002</ele>
        <time>2026-01-19T12:57:58Z</time>
      </trkpt>
      <trkpt lat="54.64949076063931" lon="23.409475972875953">
        <ele>-332.69</ele>
        <time>2026-01-19T12:57:59Z</time>
      </trkpt>
      <trkpt lat="54.649624368175864" lon="23.409587200731039">
        <ele>-332.85000000000002</ele>
        <time>2026-01-19T12:58:00Z</time>
      </trkpt>
      <trkpt lat="54.649773146957159" lon="23.409738494083285">
        <ele>-332.95999999999998</ele>
        <time>2026-01-19T12:58:01Z</time>
      </trkpt>
      <trkpt lat="54.650871846824884" lon="23.410956300795078">
        <ele>-333.18000000000001</ele>
        <time>2026-01-19T12:58:08Z</time>
      </trkpt>
      <trkpt lat="54.651700649410486" lon="23.411867413669825">
        <ele>-333.67000000000002</ele>
        <time>2026-01-19T12:58:14Z</time>
      </trkpt>
      <trkpt lat="54.651797544211149" lon="23.412022478878498">
        <ele>-333.75</ele>
        <time>2026-01-19T12:58:15Z</time>
      </trkpt>
      <trkpt lat="54.651872562244534" lon="23.412200342863798">
        <ele>-333.81</ele>
        <time>2026-01-19T12:58:16Z</time>
      </trkpt>
      <trkpt lat="54.651923440396786" lon="23.412420116364956">
        <ele>-334.01999999999998</ele>
        <time>2026-01-19T12:58:17Z</time>
      </trkpt>
      <trkpt lat="54.651954285800457" lon="23.412689343094826">
        <ele>-334.10000000000002</ele>
        <time>2026-01-19T12:58:18Z</time>
      </trkpt>
      <trkpt lat="54.651975743472576" lon="23.412999976426363">
        <ele>-334.14999999999998</ele>
        <time>2026-01-19T12:58:19Z</time>
      </trkpt>
      <trkpt lat="54.652194092050195" lon="23.415784863755107">
        <ele>-334.01999999999998</ele>
        <time>2026-01-19T12:58:27Z</time>
      </trkpt>
      <trkpt lat="54.652384277433157" lon="23.417940437793732">
        <ele>-334.31</ele>
        <time>2026-01-19T12:58:35Z</time>
      </trkpt>
      <trkpt lat="54.65259063988924" lon="23.42030044645071">
        <ele>-335.19</ele>
        <time>2026-01-19T12:58:46Z</time>
      </trkpt>
      <trkpt lat="54.652717458084226" lon="23.421800723299384">
        <ele>-335.99000000000001</ele>
        <time>2026-01-19T12:58:55Z</time>
      </trkpt>
      <trkpt lat="54.652897417545319" lon="23.423763513565063">
        <ele>-335.41000000000003</ele>
        <time>2026-01-19T12:59:01Z</time>
      </trkpt>
      <trkpt lat="54.653095984831452" lon="23.42590257525444">
        <ele>-335.24000000000001</ele>
        <time>2026-01-19T12:59:09Z</time>
      </trkpt>
      <trkpt lat="54.653240321204066" lon="23.427381310611963">
        <ele>-335.69999999999999</ele>
        <time>2026-01-19T12:59:17Z</time>
      </trkpt>
      <trkpt lat="54.653273848816752" lon="23.427454568445683">
        <ele>-335.81999999999999</ele>
        <time>2026-01-19T12:59:18Z</time>
      </trkpt>
      <trkpt lat="54.653333779424429" lon="23.427507877349854">
        <ele>-335.92000000000002</ele>
        <time>2026-01-19T12:59:19Z</time>
      </trkpt>
      <trkpt lat="54.65392705053091" lon="23.427869472652674">
        <ele>-336.16000000000003</ele>
        <time>2026-01-19T12:59:24Z</time>
      </trkpt>
      <trkpt lat="54.654375063255429" lon="23.428190667182207">
        <ele>-336.47000000000003</ele>
        <time>2026-01-19T12:59:29Z</time>
      </trkpt>
      <trkpt lat="54.654434490948915" lon="23.42827876098454">
        <ele>-336.62</ele>
        <time>2026-01-19T12:59:30Z</time>
      </trkpt>
      <trkpt lat="54.654488135129213" lon="23.428390491753817">
        <ele>-336.73000000000002</ele>
        <time>2026-01-19T12:59:31Z</time>
      </trkpt>
      <trkpt lat="54.65454462915659" lon="23.428514543920755">
        <ele>-336.80000000000001</ele>
        <time>2026-01-19T12:59:32Z</time>
      </trkpt>
      <trkpt lat="54.654609421268106" lon="23.428634656593204">
        <ele>-336.86000000000001</ele>
        <time>2026-01-19T12:59:33Z</time>
      </trkpt>
      <trkpt lat="54.654685696586967" lon="23.428737251088023">
        <ele>-336.91000000000003</ele>
        <time>2026-01-19T12:59:34Z</time>
      </trkpt>
      <trkpt lat="54.654782675206661" lon="23.428825763985515">
        <ele>-336.99000000000001</ele>
        <time>2026-01-19T12:59:35Z</time>
      </trkpt>
      <trkpt lat="54.654903123155236" lon="23.428916959092021">
        <ele>-337.07999999999998</ele>
        <time>2026-01-19T12:59:36Z</time>
      </trkpt>
      <trkpt lat="54.65589327737689" lon="23.429639311507344">
        <ele>-336.81</ele>
        <time>2026-01-19T12:59:43Z</time>
      </trkpt>
      <trkpt lat="54.657051488757133" lon="23.430352527648211">
        <ele>-336.44999999999999</ele>
        <time>2026-01-19T12:59:51Z</time>
      </trkpt>
      <trkpt lat="54.657530011609197" lon="23.43067548237741">
        <ele>-336.38</ele>
        <time>2026-01-19T12:59:55Z</time>
      </trkpt>
      <trkpt lat="54.657619781792164" lon="23.430773550644517">
        <ele>-336.42000000000002</ele>
        <time>2026-01-19T12:59:56Z</time>
      </trkpt>
      <trkpt lat="54.657874507829547" lon="23.431069348007441">
        <ele>-336.52999999999997</ele>
        <time>2026-01-19T12:59:59Z</time>
      </trkpt>
      <trkpt lat="54.657974084839225" lon="23.431152664124966">
        <ele>-336.52999999999997</ele>
        <time>2026-01-19T13:00:00Z</time>
      </trkpt>
      <trkpt lat="54.658951247110963" lon="23.431841237470508">
        <ele>-336.61000000000001</ele>
        <time>2026-01-19T13:00:08Z</time>
      </trkpt>
      <trkpt lat="54.660197217017412" lon="23.432715637609363">
        <ele>-336.20999999999998</ele>
        <time>2026-01-19T13:00:18Z</time>
      </trkpt>
      <trkpt lat="54.661210672929883" lon="23.433370850980282">
        <ele>-336.32999999999998</ele>
        <time>2026-01-19T13:00:28Z</time>
      </trkpt>
      <trkpt lat="54.661372695118189" lon="23.433410665020347">
        <ele>-336.41000000000003</ele>
        <time>2026-01-19T13:00:30Z</time>
      </trkpt>
      <trkpt lat="54.661449221894145" lon="23.433410078287125">
        <ele>-336.48000000000002</ele>
        <time>2026-01-19T13:00:31Z</time>
      </trkpt>
      <trkpt lat="54.661522395908833" lon="23.433409910649061">
        <ele>-336.57999999999998</ele>
        <time>2026-01-19T13:00:32Z</time>
      </trkpt>
      <trkpt lat="54.661590959876776" lon="23.433424830436707">
        <ele>-336.72000000000003</ele>
        <time>2026-01-19T13:00:33Z</time>
      </trkpt>
      <trkpt lat="54.661655332893133" lon="23.433451317250729">
        <ele>-336.85000000000002</ele>
        <time>2026-01-19T13:00:34Z</time>
      </trkpt>
      <trkpt lat="54.661714173853397" lon="23.433484761044383">
        <ele>-336.94</ele>
        <time>2026-01-19T13:00:35Z</time>
      </trkpt>
      <trkpt lat="54.661768153309822" lon="23.433522814884782">
        <ele>-337.00999999999999</ele>
        <time>2026-01-19T13:00:36Z</time>
      </trkpt>
      <trkpt lat="54.661972001194954" lon="23.433658769354224">
        <ele>-337.72000000000003</ele>
        <time>2026-01-19T13:00:44Z</time>
      </trkpt>
      <trkpt lat="54.662071159109473" lon="23.433780139312148">
        <ele>-338.68000000000001</ele>
        <time>2026-01-19T13:00:55Z</time>
      </trkpt>
      <trkpt lat="54.662159169092774" lon="23.433862030506134">
        <ele>-338.74000000000001</ele>
        <time>2026-01-19T13:00:56Z</time>
      </trkpt>
      <trkpt lat="54.662915803492069" lon="23.43442521058023">
        <ele>-338.75</ele>
        <time>2026-01-19T13:01:03Z</time>
      </trkpt>
      <trkpt lat="54.663784084841609" lon="23.43506726436317">
        <ele>-338.99000000000001</ele>
        <time>2026-01-19T13:01:11Z</time>
      </trkpt>
      <trkpt lat="54.664884712547064" lon="23.435870166867971">
        <ele>-338.42000000000002</ele>
        <time>2026-01-19T13:01:18Z</time>
      </trkpt>
      <trkpt lat="54.666310893371701" lon="23.436898542568088">
        <ele>-337.45999999999998</ele>
        <time>2026-01-19T13:01:27Z</time>
      </trkpt>
      <trkpt lat="54.667526939883828" lon="23.43777378089726">
        <ele>-336.69999999999999</ele>
        <time>2026-01-19T13:01:35Z</time>
      </trkpt>
      <trkpt lat="54.668436963111162" lon="23.438393538817763">
        <ele>-336.76999999999998</ele>
        <time>2026-01-19T13:01:43Z</time>
      </trkpt>
      <trkpt lat="54.668618096038699" lon="23.438499653711915">
        <ele>-337.22000000000003</ele>
        <time>2026-01-19T13:01:50Z</time>
      </trkpt>
      <trkpt lat="54.668705016374588" lon="23.438580958172679">
        <ele>-343.41000000000003</ele>
        <time>2026-01-19T13:02:59Z</time>
      </trkpt>
      <trkpt lat="54.668752960860729" lon="23.438586574047804">
        <ele>-343.79000000000002</ele>
        <time>2026-01-19T13:03:04Z</time>
      </trkpt>
      <trkpt lat="54.668970555067062" lon="23.438886730000377">
        <ele>-344.13999999999999</ele>
        <time>2026-01-19T13:03:10Z</time>
      </trkpt>
      <trkpt lat="54.670186601579189" lon="23.439667169004679">
        <ele>-343.18000000000001</ele>
        <time>2026-01-19T13:03:19Z</time>
      </trkpt>
      <trkpt lat="54.670992437750101" lon="23.440115684643388">
        <ele>-342.24000000000001</ele>
        <time>2026-01-19T13:03:26Z</time>
      </trkpt>
      <trkpt lat="54.671190669760108" lon="23.440233282744884">
        <ele>-342.16000000000003</ele>
        <time>2026-01-19T13:03:29Z</time>
      </trkpt>
      <trkpt lat="54.671393930912018" lon="23.440456576645374">
        <ele>-342.16000000000003</ele>
        <time>2026-01-19T13:03:37Z</time>
      </trkpt>
      <trkpt lat="54.67215827666223" lon="23.440850861370564">
        <ele>-341.93000000000001</ele>
        <time>2026-01-19T13:03:44Z</time>
      </trkpt>
      <trkpt lat="54.672842659056187" lon="23.441248750314116">
        <ele>-341.61000000000001</ele>
        <time>2026-01-19T13:03:50Z</time>
      </trkpt>
      <trkpt lat="54.673226717859507" lon="23.441183706745505">
        <ele>-341.44999999999999</ele>
        <time>2026-01-19T13:03:55Z</time>
      </trkpt>
      <trkpt lat="54.673365270718932" lon="23.441130481660366">
        <ele>-341.5</ele>
        <time>2026-01-19T13:04:01Z</time>
      </trkpt>
      <trkpt lat="54.673389494419098" lon="23.44109452329576">
        <ele>-341.54000000000002</ele>
        <time>2026-01-19T13:04:02Z</time>
      </trkpt>
      <trkpt lat="54.673422435298562" lon="23.441011123359203">
        <ele>-341.58999999999997</ele>
        <time>2026-01-19T13:04:03Z</time>
      </trkpt>
      <trkpt lat="54.673455208539963" lon="23.440869804471731">
        <ele>-341.62</ele>
        <time>2026-01-19T13:04:04Z</time>
      </trkpt>
      <trkpt lat="54.673487562686205" lon="23.440671404823661">
        <ele>-341.63</ele>
        <time>2026-01-19T13:04:05Z</time>
      </trkpt>
      <trkpt lat="54.67384597286582" lon="23.438590262085199">
        <ele>-341.22000000000003</ele>
        <time>2026-01-19T13:04:13Z</time>
      </trkpt>
      <trkpt lat="54.674396412447095" lon="23.435488035902381">
        <ele>-340.88</ele>
        <time>2026-01-19T13:04:26Z</time>
      </trkpt>
      <trkpt lat="54.674468329176307" lon="23.435143958777189">
        <ele>-340.94999999999999</ele>
        <time>2026-01-19T13:04:29Z</time>
      </trkpt>
      <trkpt lat="54.674501772969961" lon="23.435103893280029">
        <ele>-341.02999999999997</ele>
        <time>2026-01-19T13:04:30Z</time>
      </trkpt>
      <trkpt lat="54.674547370523214" lon="23.435104815289378">
        <ele>-341.12</ele>
        <time>2026-01-19T13:04:31Z</time>
      </trkpt>
      <trkpt lat="54.67461358755827" lon="23.435130715370178">
        <ele>-341.18000000000001</ele>
        <time>2026-01-19T13:04:32Z</time>
      </trkpt>
      <trkpt lat="54.674708973616362" lon="23.435181258246303">
        <ele>-341.24000000000001</ele>
        <time>2026-01-19T13:04:33Z</time>
      </trkpt>
      <trkpt lat="54.674831852316856" lon="23.435254516080022">
        <ele>-341.26999999999998</ele>
        <time>2026-01-19T13:04:34Z</time>
      </trkpt>
      <trkpt lat="54.675852349027991" lon="23.435842925682664">
        <ele>-341.32999999999998</ele>
        <time>2026-01-19T13:04:41Z</time>
      </trkpt>
      <trkpt lat="54.677356146275997" lon="23.436656976118684">
        <ele>-341.05000000000001</ele>
        <time>2026-01-19T13:04:53Z</time>
      </trkpt>
      <trkpt lat="54.678375385701656" lon="23.437214456498623">
        <ele>-340.73000000000002</ele>
        <time>2026-01-19T13:05:01Z</time>
      </trkpt>
      <trkpt lat="54.679496129974723" lon="23.437823820859194">
        <ele>-340.70999999999998</ele>
        <time>2026-01-19T13:05:10Z</time>
      </trkpt>
      <trkpt lat="54.679833585396409" lon="23.43795700930059">
        <ele>-341.19</ele>
        <time>2026-01-19T13:05:16Z</time>
      </trkpt>
      <trkpt lat="54.679875411093235" lon="23.437944855540991">
        <ele>-341.25</ele>
        <time>2026-01-19T13:05:17Z</time>
      </trkpt>
      <trkpt lat="54.680362567305565" lon="23.437676215544343">
        <ele>-342.16000000000003</ele>
        <time>2026-01-19T13:05:25Z</time>
      </trkpt>
      <trkpt lat="54.680482428520918" lon="23.437589881941676">
        <ele>-342.38</ele>
        <time>2026-01-19T13:05:27Z</time>
      </trkpt>
      <trkpt lat="54.681347692385316" lon="23.437056876718998">
        <ele>-343.04000000000002</ele>
        <time>2026-01-19T13:05:38Z</time>
      </trkpt>
      <trkpt lat="54.681561598554254" lon="23.436939027160406">
        <ele>-344</ele>
        <time>2026-01-19T13:05:44Z</time>
      </trkpt>
      <trkpt lat="54.681613817811012" lon="23.436910025775433">
        <ele>-345.44999999999999</ele>
        <time>2026-01-19T13:05:55Z</time>
      </trkpt>
      <trkpt lat="54.681976167485118" lon="23.436654880642891">
        <ele>-346.05000000000001</ele>
        <time>2026-01-19T13:06:02Z</time>
      </trkpt>
      <trkpt lat="54.682155372574925" lon="23.436513394117355">
        <ele>-346.26999999999998</ele>
        <time>2026-01-19T13:06:06Z</time>
      </trkpt>
      <trkpt lat="54.682190744206309" lon="23.436493529006839">
        <ele>-346.31</ele>
        <time>2026-01-19T13:06:07Z</time>
      </trkpt>
      <trkpt lat="54.682288812473416" lon="23.436487661674619">
        <ele>-346.61000000000001</ele>
        <time>2026-01-19T13:06:11Z</time>
      </trkpt>
      <trkpt lat="54.682378750294447" lon="23.436593692749739">
        <ele>-346.95999999999998</ele>
        <time>2026-01-19T13:06:15Z</time>
      </trkpt>
      <trkpt lat="54.682407584041357" lon="23.4365922678262">
        <ele>-347.00999999999999</ele>
        <time>2026-01-19T13:06:16Z</time>
      </trkpt>
      <trkpt lat="54.682435914874077" lon="23.436574833467603">
        <ele>-347.02999999999997</ele>
        <time>2026-01-19T13:06:17Z</time>
      </trkpt>
      <trkpt lat="54.682465754449368" lon="23.4365439042449">
        <ele>-347.04000000000002</ele>
        <time>2026-01-19T13:06:18Z</time>
      </trkpt>
      <trkpt lat="54.682498862966895" lon="23.43650383874774">
        <ele>-347.06999999999999</ele>
        <time>2026-01-19T13:06:19Z</time>
      </trkpt>
      <trkpt lat="54.682625094428658" lon="23.436343492940068">
        <ele>-347.12</ele>
        <time>2026-01-19T13:06:22Z</time>
      </trkpt>
      <trkpt lat="54.682679241523147" lon="23.436292530968785">
        <ele>-347.12</ele>
        <time>2026-01-19T13:06:23Z</time>
      </trkpt>
      <trkpt lat="54.682740932330489" lon="23.436246514320374">
        <ele>-347.12</ele>
        <time>2026-01-19T13:06:24Z</time>
      </trkpt>
      <trkpt lat="54.682804634794593" lon="23.436211477965117">
        <ele>-347.12</ele>
        <time>2026-01-19T13:06:25Z</time>
      </trkpt>
      <trkpt lat="54.682865990325809" lon="23.436181051656604">
        <ele>-347.13999999999999</ele>
        <time>2026-01-19T13:06:26Z</time>
      </trkpt>
      <trkpt lat="54.682920640334487" lon="23.436138806864619">
        <ele>-347.16000000000003</ele>
        <time>2026-01-19T13:06:27Z</time>
      </trkpt>
      <trkpt lat="54.682966824620962" lon="23.436071332544088">
        <ele>-347.20999999999998</ele>
        <time>2026-01-19T13:06:28Z</time>
      </trkpt>
      <trkpt lat="54.683003956452012" lon="23.43597904779017">
        <ele>-347.25999999999999</ele>
        <time>2026-01-19T13:06:29Z</time>
      </trkpt>
      <trkpt lat="54.683031113818288" lon="23.43587008304894">
        <ele>-347.29000000000002</ele>
        <time>2026-01-19T13:06:30Z</time>
      </trkpt>
      <trkpt lat="54.683049637824297" lon="23.435754161328077">
        <ele>-347.33999999999997</ele>
        <time>2026-01-19T13:06:31Z</time>
      </trkpt>
      <trkpt lat="54.683061204850674" lon="23.435639329254627">
        <ele>-347.35000000000002</ele>
        <time>2026-01-19T13:06:32Z</time>
      </trkpt>
      <trkpt lat="54.683069167658687" lon="23.435528101399541">
        <ele>-347.38999999999999</ele>
        <time>2026-01-19T13:06:33Z</time>
      </trkpt>
      <trkpt lat="54.683071430772543" lon="23.43532282859087">
        <ele>-347.44</ele>
        <time>2026-01-19T13:06:35Z</time>
      </trkpt>
      <trkpt lat="54.683060953393579" lon="23.435234567150474">
        <ele>-347.48000000000002</ele>
        <time>2026-01-19T13:06:36Z</time>
      </trkpt>
      <trkpt lat="54.683048464357853" lon="23.435155693441629">
        <ele>-347.51999999999998</ele>
        <time>2026-01-19T13:06:37Z</time>
      </trkpt>
      <trkpt lat="54.683043099939823" lon="23.435083692893386">
        <ele>-347.54000000000002</ele>
        <time>2026-01-19T13:06:38Z</time>
      </trkpt>
      <trkpt lat="54.683049889281392" lon="23.435026528313756">
        <ele>-347.57999999999998</ele>
        <time>2026-01-19T13:06:39Z</time>
      </trkpt>
      <trkpt lat="54.683061540126801" lon="23.434980008751154">
        <ele>-347.69</ele>
        <time>2026-01-19T13:06:40Z</time>
      </trkpt>
      <trkpt lat="54.683065647259355" lon="23.434926364570856">
        <ele>-347.81</ele>
        <time>2026-01-19T13:06:41Z</time>
      </trkpt>
      <trkpt lat="54.683057684451342" lon="23.43485226854682">
        <ele>-347.86000000000001</ele>
        <time>2026-01-19T13:06:42Z</time>
      </trkpt>
      <trkpt lat="54.683036059141159" lon="23.434750009328127">
        <ele>-347.89999999999998</ele>
        <time>2026-01-19T13:06:43Z</time>
      </trkpt>
      <trkpt lat="54.682998592033982" lon="23.434628555551171">
        <ele>-347.89999999999998</ele>
        <time>2026-01-19T13:06:44Z</time>
      </trkpt>
      <trkpt lat="54.682949306443334" lon="23.434491427615285">
        <ele>-347.88</ele>
        <time>2026-01-19T13:06:45Z</time>
      </trkpt>
      <trkpt lat="54.682595506310463" lon="23.43308100476861">
        <ele>-347.33999999999997</ele>
        <time>2026-01-19T13:06:51Z</time>
      </trkpt>
      <trkpt lat="54.682554770261049" lon="23.432756373658776">
        <ele>-347.19</ele>
        <time>2026-01-19T13:06:52Z</time>
      </trkpt>
      <trkpt lat="54.682356957346201" lon="23.430487308651209">
        <ele>-346.00999999999999</ele>
        <time>2026-01-19T13:06:59Z</time>
      </trkpt>
      <trkpt lat="54.682279508560896" lon="23.428220339119434">
        <ele>-344.61000000000001</ele>
        <time>2026-01-19T13:07:06Z</time>
      </trkpt>
      <trkpt lat="54.682345222681761" lon="23.42572370544076">
        <ele>-343.38</ele>
        <time>2026-01-19T13:07:14Z</time>
      </trkpt>
      <trkpt lat="54.68245904892683" lon="23.423242578282952">
        <ele>-341.81999999999999</ele>
        <time>2026-01-19T13:07:21Z</time>
      </trkpt>
      <trkpt lat="54.682789463549852" lon="23.421136122196913">
        <ele>-340.89999999999998</ele>
        <time>2026-01-19T13:07:28Z</time>
      </trkpt>
      <trkpt lat="54.68313287012279" lon="23.419157238677144">
        <ele>-340.31</ele>
        <time>2026-01-19T13:07:35Z</time>
      </trkpt>
      <trkpt lat="54.683545678853989" lon="23.416947517544031">
        <ele>-339.25</ele>
        <time>2026-01-19T13:07:43Z</time>
      </trkpt>
      <trkpt lat="54.683902161195874" lon="23.415060918778181">
        <ele>-338.94</ele>
        <time>2026-01-19T13:07:50Z</time>
      </trkpt>
      <trkpt lat="54.684344558045268" lon="23.412562189623713">
        <ele>-338.39999999999998</ele>
        <time>2026-01-19T13:07:57Z</time>
      </trkpt>
      <trkpt lat="54.684731885790825" lon="23.410393204540014">
        <ele>-338.19</ele>
        <time>2026-01-19T13:08:04Z</time>
      </trkpt>
      <trkpt lat="54.685046290978789" lon="23.408656977117062">
        <ele>-338.63</ele>
        <time>2026-01-19T13:08:11Z</time>
      </trkpt>
      <trkpt lat="54.685136815533042" lon="23.408145848661661">
        <ele>-339.05000000000001</ele>
        <time>2026-01-19T13:08:14Z</time>
      </trkpt>
      <trkpt lat="54.685183083638549" lon="23.408053563907743">
        <ele>-339.19999999999999</ele>
        <time>2026-01-19T13:08:15Z</time>
      </trkpt>
      <trkpt lat="54.685244858264923" lon="23.40800411067903">
        <ele>-339.32999999999998</ele>
        <time>2026-01-19T13:08:16Z</time>
      </trkpt>
      <trkpt lat="54.685319708660245" lon="23.407993968576193">
        <ele>-339.43000000000001</ele>
        <time>2026-01-19T13:08:17Z</time>
      </trkpt>
      <trkpt lat="54.685410903766751" lon="23.408018527552485">
        <ele>-339.52999999999997</ele>
        <time>2026-01-19T13:08:18Z</time>
      </trkpt>
      <trkpt lat="54.685519533231854" lon="23.408073261380196">
        <ele>-339.66000000000003</ele>
        <time>2026-01-19T13:08:19Z</time>
      </trkpt>
      <trkpt lat="54.685646938160062" lon="23.40815456584096">
        <ele>-339.73000000000002</ele>
        <time>2026-01-19T13:08:20Z</time>
      </trkpt>
      <trkpt lat="54.685797058045864" lon="23.408255483955145">
        <ele>-339.76999999999998</ele>
        <time>2026-01-19T13:08:21Z</time>
      </trkpt>
      <trkpt lat="54.687155429273844" lon="23.409012285992503">
        <ele>-339.30000000000001</ele>
        <time>2026-01-19T13:08:28Z</time>
      </trkpt>
      <trkpt lat="54.688698705285788" lon="23.409821139648557">
        <ele>-338.89999999999998</ele>
        <time>2026-01-19T13:08:37Z</time>
      </trkpt>
      <trkpt lat="54.689812660217285" lon="23.410403346642852">
        <ele>-339.10000000000002</ele>
        <time>2026-01-19T13:08:44Z</time>
      </trkpt>
      <trkpt lat="54.691605297848582" lon="23.411357793956995">
        <ele>-338.29000000000002</ele>
        <time>2026-01-19T13:08:54Z</time>
      </trkpt>
      <trkpt lat="54.692860739305615" lon="23.412053072825074">
        <ele>-338.02999999999997</ele>
        <time>2026-01-19T13:09:02Z</time>
      </trkpt>
      <trkpt lat="54.693893138319254" lon="23.4131327457726">
        <ele>-337.39999999999998</ele>
        <time>2026-01-19T13:09:09Z</time>
      </trkpt>
      <trkpt lat="54.694951437413692" lon="23.414227506145835">
        <ele>-336.88</ele>
        <time>2026-01-19T13:09:17Z</time>
      </trkpt>
      <trkpt lat="54.695951985195279" lon="23.415272226557136">
        <ele>-336.63999999999999</ele>
        <time>2026-01-19T13:09:26Z</time>
      </trkpt>
      <trkpt lat="54.696951862424612" lon="23.416285179555416">
        <ele>-336.73000000000002</ele>
        <time>2026-01-19T13:09:36Z</time>
      </trkpt>
      <trkpt lat="54.697744371369481" lon="23.417080705985427">
        <ele>-337.13999999999999</ele>
        <time>2026-01-19T13:09:43Z</time>
      </trkpt>
      <trkpt lat="54.698859332129359" lon="23.417769530788064">
        <ele>-337.5</ele>
        <time>2026-01-19T13:09:51Z</time>
      </trkpt>
      <trkpt lat="54.69968855381012" lon="23.417927026748657">
        <ele>-337.81999999999999</ele>
        <time>2026-01-19T13:09:57Z</time>
      </trkpt>
      <trkpt lat="54.699794501066208" lon="23.417896600440145">
        <ele>-337.92000000000002</ele>
        <time>2026-01-19T13:09:58Z</time>
      </trkpt>
      <trkpt lat="54.699884103611112" lon="23.417852595448494">
        <ele>-337.98000000000002</ele>
        <time>2026-01-19T13:09:59Z</time>
      </trkpt>
      <trkpt lat="54.699968425557017" lon="23.41779668815434">
        <ele>-338.06</ele>
        <time>2026-01-19T13:10:00Z</time>
      </trkpt>
      <trkpt lat="54.700042605400085" lon="23.417719826102257">
        <ele>-338.13999999999999</ele>
        <time>2026-01-19T13:10:01Z</time>
      </trkpt>
      <trkpt lat="54.700110834091902" lon="23.417618991807103">
        <ele>-338.23000000000002</ele>
        <time>2026-01-19T13:10:02Z</time>
      </trkpt>
      <trkpt lat="54.700181242078543" lon="23.417491754516959">
        <ele>-338.35000000000002</ele>
        <time>2026-01-19T13:10:03Z</time>
      </trkpt>
      <trkpt lat="54.700260618701577" lon="23.417335934937">
        <ele>-338.49000000000001</ele>
        <time>2026-01-19T13:10:04Z</time>
      </trkpt>
      <trkpt lat="54.700749032199383" lon="23.416327759623528">
        <ele>-339.56</ele>
        <time>2026-01-19T13:10:11Z</time>
      </trkpt>
      <trkpt lat="54.700797060504556" lon="23.416276043280959">
        <ele>-339.76999999999998</ele>
        <time>2026-01-19T13:10:12Z</time>
      </trkpt>
      <trkpt lat="54.700846178457141" lon="23.416227344423532">
        <ele>-339.93000000000001</ele>
        <time>2026-01-19T13:10:13Z</time>
      </trkpt>
      <trkpt lat="54.700894122943282" lon="23.416153583675623">
        <ele>-340.06999999999999</ele>
        <time>2026-01-19T13:10:14Z</time>
      </trkpt>
      <trkpt lat="54.700941229239106" lon="23.416040427982807">
        <ele>-340.26999999999998</ele>
        <time>2026-01-19T13:10:15Z</time>
      </trkpt>
      <trkpt lat="54.700989760458469" lon="23.415882512927055">
        <ele>-340.45999999999998</ele>
        <time>2026-01-19T13:10:16Z</time>
      </trkpt>
      <trkpt lat="54.701049439609051" lon="23.415695512667298">
        <ele>-340.63999999999999</ele>
        <time>2026-01-19T13:10:17Z</time>
      </trkpt>
      <trkpt lat="54.701131246984005" lon="23.415489485487342">
        <ele>-340.81</ele>
        <time>2026-01-19T13:10:18Z</time>
      </trkpt>
      <trkpt lat="54.701229818165302" lon="23.415265940129757">
        <ele>-340.94</ele>
        <time>2026-01-19T13:10:19Z</time>
      </trkpt>
      <trkpt lat="54.702205220237374" lon="23.413094105198979">
        <ele>-341.06999999999999</ele>
        <time>2026-01-19T13:10:27Z</time>
      </trkpt>
      <trkpt lat="54.703560238704085" lon="23.410085840150714">
        <ele>-341.22000000000003</ele>
        <time>2026-01-19T13:10:38Z</time>
      </trkpt>
      <trkpt lat="54.704683413729072" lon="23.407641844823956">
        <ele>-341.27999999999997</ele>
        <time>2026-01-19T13:10:47Z</time>
      </trkpt>
      <trkpt lat="54.705569045618176" lon="23.405731609091163">
        <ele>-341.77999999999997</ele>
        <time>2026-01-19T13:10:56Z</time>
      </trkpt>
      <trkpt lat="54.70608034171164" lon="23.404671465978026">
        <ele>-342.51999999999998</ele>
        <time>2026-01-19T13:11:04Z</time>
      </trkpt>
      <trkpt lat="54.706136165186763" lon="23.404606003314257">
        <ele>-342.66000000000003</ele>
        <time>2026-01-19T13:11:05Z</time>
      </trkpt>
      <trkpt lat="54.706195006147027" lon="23.404571637511253">
        <ele>-342.80000000000001</ele>
        <time>2026-01-19T13:11:06Z</time>
      </trkpt>
      <trkpt lat="54.70625376328826" lon="23.404566776007414">
        <ele>-342.94999999999999</ele>
        <time>2026-01-19T13:11:07Z</time>
      </trkpt>
      <trkpt lat="54.706309586763382" lon="23.40458957478404">
        <ele>-343.13</ele>
        <time>2026-01-19T13:11:08Z</time>
      </trkpt>
      <trkpt lat="54.706363817676902" lon="23.404645314440131">
        <ele>-343.29000000000002</ele>
        <time>2026-01-19T13:11:09Z</time>
      </trkpt>
      <trkpt lat="54.7064174618572" lon="23.404740784317255">
        <ele>-343.38999999999999</ele>
        <time>2026-01-19T13:11:10Z</time>
      </trkpt>
      <trkpt lat="54.706472950056195" lon="23.404882606118917">
        <ele>-343.5</ele>
        <time>2026-01-19T13:11:11Z</time>
      </trkpt>
      <trkpt lat="54.70653916709125" lon="23.405053848400712">
        <ele>-343.61000000000001</ele>
        <time>2026-01-19T13:11:12Z</time>
      </trkpt>
      <trkpt lat="54.707040823996067" lon="23.406318426132202">
        <ele>-343.87</ele>
        <time>2026-01-19T13:11:18Z</time>
      </trkpt>
      <trkpt lat="54.707729816436768" lon="23.408021125942469">
        <ele>-344.19999999999999</ele>
        <time>2026-01-19T13:11:26Z</time>
      </trkpt>
      <trkpt lat="54.708298025652766" lon="23.409421825781465">
        <ele>-344.66000000000003</ele>
        <time>2026-01-19T13:11:33Z</time>
      </trkpt>
      <trkpt lat="54.708990203216672" lon="23.411184791475534">
        <ele>-344.91000000000003</ele>
        <time>2026-01-19T13:11:42Z</time>
      </trkpt>
      <trkpt lat="54.709057509899139" lon="23.411289062350988">
        <ele>-344.97000000000003</ele>
        <time>2026-01-19T13:11:43Z</time>
      </trkpt>
      <trkpt lat="54.709143256768584" lon="23.411359051242471">
        <ele>-345.10000000000002</ele>
        <time>2026-01-19T13:11:44Z</time>
      </trkpt>
      <trkpt lat="54.709250628948212" lon="23.411401631310582">
        <ele>-345.22000000000003</ele>
        <time>2026-01-19T13:11:45Z</time>
      </trkpt>
      <trkpt lat="54.70936881378293" lon="23.411424094811082">
        <ele>-345.29000000000002</ele>
        <time>2026-01-19T13:11:46Z</time>
      </trkpt>
      <trkpt lat="54.70948850736022" lon="23.41143230907619">
        <ele>-345.31</ele>
        <time>2026-01-19T13:11:47Z</time>
      </trkpt>
      <trkpt lat="54.709615912288427" lon="23.41142694465816">
        <ele>-345.31</ele>
        <time>2026-01-19T13:11:48Z</time>
      </trkpt>
      <trkpt lat="54.709753375500441" lon="23.411419065669179">
        <ele>-345.26999999999998</ele>
        <time>2026-01-19T13:11:49Z</time>
      </trkpt>
      <trkpt lat="54.710851907730103" lon="23.411386543884873">
        <ele>-344.80000000000001</ele>
        <time>2026-01-19T13:11:55Z</time>
      </trkpt>
      <trkpt lat="54.712452432140708" lon="23.411382436752319">
        <ele>-344.23000000000002</ele>
        <time>2026-01-19T13:12:04Z</time>
      </trkpt>
      <trkpt lat="54.714124035090208" lon="23.411375731229782">
        <ele>-343.38999999999999</ele>
        <time>2026-01-19T13:12:13Z</time>
      </trkpt>
      <trkpt lat="54.715263387188315" lon="23.411376820877194">
        <ele>-343.16000000000003</ele>
        <time>2026-01-19T13:12:21Z</time>
      </trkpt>
      <trkpt lat="54.715631771832705" lon="23.41137464158237">
        <ele>-343.52999999999997</ele>
        <time>2026-01-19T13:12:26Z</time>
      </trkpt>
      <trkpt lat="54.715689774602652" lon="23.411336671561003">
        <ele>-343.62</ele>
        <time>2026-01-19T13:12:27Z</time>
      </trkpt>
      <trkpt lat="54.715744759887457" lon="23.411254277452826">
        <ele>-343.69999999999999</ele>
        <time>2026-01-19T13:12:28Z</time>
      </trkpt>
      <trkpt lat="54.715790944173932" lon="23.411126704886556">
        <ele>-343.79000000000002</ele>
        <time>2026-01-19T13:12:29Z</time>
      </trkpt>
      <trkpt lat="54.715829333290458" lon="23.410961162298918">
        <ele>-343.89999999999998</ele>
        <time>2026-01-19T13:12:30Z</time>
      </trkpt>
      <trkpt lat="54.715869650244713" lon="23.410769468173385">
        <ele>-344.00999999999999</ele>
        <time>2026-01-19T13:12:31Z</time>
      </trkpt>
      <trkpt lat="54.716301150619984" lon="23.409030474722385">
        <ele>-344.31999999999999</ele>
        <time>2026-01-19T13:12:39Z</time>
      </trkpt>
      <trkpt lat="54.716395866125822" lon="23.408664101734757">
        <ele>-344.30000000000001</ele>
        <time>2026-01-19T13:12:41Z</time>
      </trkpt>
      <trkpt lat="54.716729549691081" lon="23.407005909830332">
        <ele>-344.32999999999998</ele>
        <time>2026-01-19T13:12:48Z</time>
      </trkpt>
      <trkpt lat="54.717208156362176" lon="23.404718656092882">
        <ele>-344.41000000000003</ele>
        <time>2026-01-19T13:12:56Z</time>
      </trkpt>
      <trkpt lat="54.71773412078619" lon="23.402243396267295">
        <ele>-344.48000000000002</ele>
        <time>2026-01-19T13:13:05Z</time>
      </trkpt>
      <trkpt lat="54.718110468238592" lon="23.400313379243016">
        <ele>-344.36000000000001</ele>
        <time>2026-01-19T13:13:13Z</time>
      </trkpt>
      <trkpt lat="54.718184564262629" lon="23.399696471169591">
        <ele>-344.39999999999998</ele>
        <time>2026-01-19T13:13:16Z</time>
      </trkpt>
      <trkpt lat="54.718227060511708" lon="23.399498071521521">
        <ele>-344.39999999999998</ele>
        <time>2026-01-19T13:13:17Z</time>
      </trkpt>
      <trkpt lat="54.718283135443926" lon="23.399291625246406">
        <ele>-344.39999999999998</ele>
        <time>2026-01-19T13:13:18Z</time>
      </trkpt>
      <trkpt lat="54.718349436298013" lon="23.3990846760571">
        <ele>-344.39999999999998</ele>
        <time>2026-01-19T13:13:19Z</time>
      </trkpt>
      <trkpt lat="54.71841867081821" lon="23.398895915597677">
        <ele>-344.39999999999998</ele>
        <time>2026-01-19T13:13:20Z</time>
      </trkpt>
      <trkpt lat="54.718484133481979" lon="23.398724338039756">
        <ele>-344.39999999999998</ele>
        <time>2026-01-19T13:13:21Z</time>
      </trkpt>
      <trkpt lat="54.718535095453262" lon="23.398558376356959">
        <ele>-344.39999999999998</ele>
        <time>2026-01-19T13:13:22Z</time>
      </trkpt>
      <trkpt lat="54.718567617237568" lon="23.398384787142277">
        <ele>-344.39999999999998</ele>
        <time>2026-01-19T13:13:23Z</time>
      </trkpt>
      <trkpt lat="54.718591002747416" lon="23.39819292537868">
        <ele>-344.38999999999999</ele>
        <time>2026-01-19T13:13:24Z</time>
      </trkpt>
      <trkpt lat="54.718609023839235" lon="23.397988239303231">
        <ele>-344.35000000000002</ele>
        <time>2026-01-19T13:13:25Z</time>
      </trkpt>
      <trkpt lat="54.718603240326047" lon="23.397748013958335">
        <ele>-344.27999999999997</ele>
        <time>2026-01-19T13:13:26Z</time>
      </trkpt>
      <trkpt lat="54.718579268082976" lon="23.397471578791738">
        <ele>-344.19999999999999</ele>
        <time>2026-01-19T13:13:27Z</time>
      </trkpt>
      <trkpt lat="54.718542220070958" lon="23.397165471687913">
        <ele>-344.14999999999998</ele>
        <time>2026-01-19T13:13:28Z</time>
      </trkpt>
      <trkpt lat="54.718291349709034" lon="23.395100589841604">
        <ele>-343.91000000000003</ele>
        <time>2026-01-19T13:13:36Z</time>
      </trkpt>
      <trkpt lat="54.718071073293686" lon="23.393327398225665">
        <ele>-344.05000000000001</ele>
        <time>2026-01-19T13:13:43Z</time>
      </trkpt>
      <trkpt lat="54.71781425178051" lon="23.391138715669513">
        <ele>-343.95999999999998</ele>
        <time>2026-01-19T13:13:51Z</time>
      </trkpt>
      <trkpt lat="54.717587772756815" lon="23.389298133552074">
        <ele>-343.94999999999999</ele>
        <time>2026-01-19T13:13:58Z</time>
      </trkpt>
      <trkpt lat="54.717429606243968" lon="23.388118548318744">
        <ele>-343.81999999999999</ele>
        <time>2026-01-19T13:14:03Z</time>
      </trkpt>
      <trkpt lat="54.71683013252914" lon="23.38659631088376">
        <ele>-343.35000000000002</ele>
        <time>2026-01-19T13:14:10Z</time>
      </trkpt>
      <trkpt lat="54.716754024848342" lon="23.386381650343537">
        <ele>-343.24000000000001</ele>
        <time>2026-01-19T13:14:11Z</time>
      </trkpt>
      <trkpt lat="54.716348592191935" lon="23.384466888383031">
        <ele>-343.02999999999997</ele>
        <time>2026-01-19T13:14:19Z</time>
      </trkpt>
      <trkpt lat="54.715845594182611" lon="23.382382057607174">
        <ele>-342.38</ele>
        <time>2026-01-19T13:14:27Z</time>
      </trkpt>
      <trkpt lat="54.715323904529214" lon="23.380481628701091">
        <ele>-341.97000000000003</ele>
        <time>2026-01-19T13:14:35Z</time>
      </trkpt>
      <trkpt lat="54.714909670874476" lon="23.378474665805697">
        <ele>-341.25999999999999</ele>
        <time>2026-01-19T13:14:43Z</time>
      </trkpt>
      <trkpt lat="54.714757204055786" lon="23.377665225416422">
        <ele>-341.20999999999998</ele>
        <time>2026-01-19T13:14:47Z</time>
      </trkpt>
      <trkpt lat="54.714760389178991" lon="23.377439836040139">
        <ele>-341.22000000000003</ele>
        <time>2026-01-19T13:14:48Z</time>
      </trkpt>
      <trkpt lat="54.714769776910543" lon="23.377176392823458">
        <ele>-341.19</ele>
        <time>2026-01-19T13:14:49Z</time>
      </trkpt>
      <trkpt lat="54.714951915666461" lon="23.375213937833905">
        <ele>-340.93000000000001</ele>
        <time>2026-01-19T13:14:56Z</time>
      </trkpt>
      <trkpt lat="54.71501000225544" lon="23.372799698263407">
        <ele>-340.91000000000003</ele>
        <time>2026-01-19T13:15:05Z</time>
      </trkpt>
      <trkpt lat="54.71492936834693" lon="23.371014352887869">
        <ele>-341.61000000000001</ele>
        <time>2026-01-19T13:15:13Z</time>
      </trkpt>
      <trkpt lat="54.714813949540257" lon="23.369506113231182">
        <ele>-342.32999999999998</ele>
        <time>2026-01-19T13:15:20Z</time>
      </trkpt>
      <trkpt lat="54.714745972305536" lon="23.367543406784534">
        <ele>-342.47000000000003</ele>
        <time>2026-01-19T13:15:27Z</time>
      </trkpt>
      <trkpt lat="54.714868180453777" lon="23.365378445014358">
        <ele>-342.45999999999998</ele>
        <time>2026-01-19T13:15:35Z</time>
      </trkpt>
      <trkpt lat="54.715316696092486" lon="23.362792292609811">
        <ele>-342.23000000000002</ele>
        <time>2026-01-19T13:15:44Z</time>
      </trkpt>
      <trkpt lat="54.715487351641059" lon="23.361997101455927">
        <ele>-342.51999999999998</ele>
        <time>2026-01-19T13:15:49Z</time>
      </trkpt>
      <trkpt lat="54.715478802099824" lon="23.361875396221876">
        <ele>-342.61000000000001</ele>
        <time>2026-01-19T13:15:50Z</time>
      </trkpt>
      <trkpt lat="54.715461954474449" lon="23.361749583855271">
        <ele>-342.69</ele>
        <time>2026-01-19T13:15:51Z</time>
      </trkpt>
      <trkpt lat="54.715439071878791" lon="23.361625531688333">
        <ele>-342.79000000000002</ele>
        <time>2026-01-19T13:15:52Z</time>
      </trkpt>
      <trkpt lat="54.715400096029043" lon="23.361504999920726">
        <ele>-342.88</ele>
        <time>2026-01-19T13:15:53Z</time>
      </trkpt>
      <trkpt lat="54.715340165421367" lon="23.3613889105618">
        <ele>-342.97000000000003</ele>
        <time>2026-01-19T13:15:54Z</time>
      </trkpt>
      <trkpt lat="54.715255340561271" lon="23.361270474269986">
        <ele>-343.05000000000001</ele>
        <time>2026-01-19T13:15:55Z</time>
      </trkpt>
      <trkpt lat="54.7151571046561" lon="23.361137202009559">
        <ele>-343.08999999999997</ele>
        <time>2026-01-19T13:15:56Z</time>
      </trkpt>
      <trkpt lat="54.714756952598691" lon="23.360639652237296">
        <ele>-343.45999999999998</ele>
        <time>2026-01-19T13:16:01Z</time>
      </trkpt>
      <trkpt lat="54.714439194649458" lon="23.360199686139822">
        <ele>-343.56999999999999</ele>
        <time>2026-01-19T13:16:04Z</time>
      </trkpt>
      <trkpt lat="54.714332325384021" lon="23.360009081661701">
        <ele>-343.56</ele>
        <time>2026-01-19T13:16:05Z</time>
      </trkpt>
      <trkpt lat="54.713706029579043" lon="23.358739139512181">
        <ele>-343.37</ele>
        <time>2026-01-19T13:16:12Z</time>
      </trkpt>
      <trkpt lat="54.71363645978272" lon="23.35850796662271">
        <ele>-343.37</ele>
        <time>2026-01-19T13:16:13Z</time>
      </trkpt>
      <trkpt lat="54.713168414309621" lon="23.356516510248184">
        <ele>-343.20999999999998</ele>
        <time>2026-01-19T13:16:21Z</time>
      </trkpt>
      <trkpt lat="54.712919890880585" lon="23.354216851294041">
        <ele>-342.98000000000002</ele>
        <time>2026-01-19T13:16:29Z</time>
      </trkpt>
      <trkpt lat="54.712716126814485" lon="23.35171208716929">
        <ele>-342.57999999999998</ele>
        <time>2026-01-19T13:16:37Z</time>
      </trkpt>
      <trkpt lat="54.712640773504972" lon="23.350167470052838">
        <ele>-342.75</ele>
        <time>2026-01-19T13:16:43Z</time>
      </trkpt>
      <trkpt lat="54.712735991925001" lon="23.348255222663283">
        <ele>-342.95999999999998</ele>
        <time>2026-01-19T13:16:50Z</time>
      </trkpt>
      <trkpt lat="54.712760550901294" lon="23.348034359514713">
        <ele>-343.04000000000002</ele>
        <time>2026-01-19T13:16:51Z</time>
      </trkpt>
      <trkpt lat="54.712800029665232" lon="23.347822800278664">
        <ele>-343.13</ele>
        <time>2026-01-19T13:16:52Z</time>
      </trkpt>
      <trkpt lat="54.712892565876245" lon="23.347417199984193">
        <ele>-343.33999999999997</ele>
        <time>2026-01-19T13:16:54Z</time>
      </trkpt>
      <trkpt lat="54.712918298318982" lon="23.34718787111342">
        <ele>-343.49000000000001</ele>
        <time>2026-01-19T13:16:55Z</time>
      </trkpt>
      <trkpt lat="54.712924333289266" lon="23.346930127590895">
        <ele>-343.63999999999999</ele>
        <time>2026-01-19T13:16:56Z</time>
      </trkpt>
      <trkpt lat="54.712913101539016" lon="23.344963816925883">
        <ele>-343.88999999999999</ele>
        <time>2026-01-19T13:17:03Z</time>
      </trkpt>
      <trkpt lat="54.712899355217814" lon="23.342880494892597">
        <ele>-345.27999999999997</ele>
        <time>2026-01-19T13:17:13Z</time>
      </trkpt>
      <trkpt lat="54.71288594417274" lon="23.340745959430933">
        <ele>-346.83999999999997</ele>
        <time>2026-01-19T13:17:24Z</time>
      </trkpt>
      <trkpt lat="54.712907234206796" lon="23.340294426307082">
        <ele>-347.49000000000001</ele>
        <time>2026-01-19T13:17:27Z</time>
      </trkpt>
      <trkpt lat="54.712930200621486" lon="23.340190574526787">
        <ele>-347.68000000000001</ele>
        <time>2026-01-19T13:17:28Z</time>
      </trkpt>
      <trkpt lat="54.712970769032836" lon="23.340120250359178">
        <ele>-347.81999999999999</ele>
        <time>2026-01-19T13:17:29Z</time>
      </trkpt>
      <trkpt lat="54.713032878935337" lon="23.340076999738812">
        <ele>-347.99000000000001</ele>
        <time>2026-01-19T13:17:30Z</time>
      </trkpt>
      <trkpt lat="54.713120218366385" lon="23.340059565380216">
        <ele>-348.16000000000003</ele>
        <time>2026-01-19T13:17:31Z</time>
      </trkpt>
      <trkpt lat="54.713232703506947" lon="23.340059481561184">
        <ele>-348.33999999999997</ele>
        <time>2026-01-19T13:17:32Z</time>
      </trkpt>
      <trkpt lat="54.71336823888123" lon="23.340058894827962">
        <ele>-348.50999999999999</ele>
        <time>2026-01-19T13:17:33Z</time>
      </trkpt>
      <trkpt lat="54.714888799935579" lon="23.340110778808594">
        <ele>-349.45999999999998</ele>
        <time>2026-01-19T13:17:43Z</time>
      </trkpt>
      <trkpt lat="54.716258822008967" lon="23.340156795457006">
        <ele>-349.72000000000003</ele>
        <time>2026-01-19T13:17:51Z</time>
      </trkpt>
      <trkpt lat="54.717291723936796" lon="23.340199375525117">
        <ele>-350.08999999999997</ele>
        <time>2026-01-19T13:17:59Z</time>
      </trkpt>
      <trkpt lat="54.717371519654989" lon="23.340190574526787">
        <ele>-350.17000000000002</ele>
        <time>2026-01-19T13:18:00Z</time>
      </trkpt>
      <trkpt lat="54.717439329251647" lon="23.340157549828291">
        <ele>-350.20999999999998</ele>
        <time>2026-01-19T13:18:01Z</time>
      </trkpt>
      <trkpt lat="54.717492889612913" lon="23.340090997517109">
        <ele>-350.27999999999997</ele>
        <time>2026-01-19T13:18:02Z</time>
      </trkpt>
      <trkpt lat="54.71752742305398" lon="23.339991252869368">
        <ele>-350.39999999999998</ele>
        <time>2026-01-19T13:18:03Z</time>
      </trkpt>
      <trkpt lat="54.717539912089705" lon="23.339859070256352">
        <ele>-350.75</ele>
        <time>2026-01-19T13:18:04Z</time>
      </trkpt>
      <trkpt lat="54.717535972595215" lon="23.339693192392588">
        <ele>-350.88</ele>
        <time>2026-01-19T13:18:05Z</time>
      </trkpt>
      <trkpt lat="54.717521974816918" lon="23.339486494660378">
        <ele>-350.94999999999999</ele>
        <time>2026-01-19T13:18:06Z</time>
      </trkpt>
      <trkpt lat="54.717430360615253" lon="23.337858896702528">
        <ele>-350.66000000000003</ele>
        <time>2026-01-19T13:18:11Z</time>
      </trkpt>
      <trkpt lat="54.717279402539134" lon="23.335075350478292">
        <ele>-349.63</ele>
        <time>2026-01-19T13:18:18Z</time>
      </trkpt>
      <trkpt lat="54.717176975682378" lon="23.333078194409609">
        <ele>-349.56999999999999</ele>
        <time>2026-01-19T13:18:25Z</time>
      </trkpt>
      <trkpt lat="54.717135317623615" lon="23.332416191697121">
        <ele>-350.04000000000002</ele>
        <time>2026-01-19T13:18:30Z</time>
      </trkpt>
      <trkpt lat="54.717123750597239" lon="23.331953845918179">
        <ele>-351.18000000000001</ele>
        <time>2026-01-19T13:18:42Z</time>
      </trkpt>
      <trkpt lat="54.717136323451996" lon="23.331443974748254">
        <ele>-351.54000000000002</ele>
        <time>2026-01-19T13:18:46Z</time>
      </trkpt>
      <trkpt lat="54.717158200219274" lon="23.331191595643759">
        <ele>-351.57999999999998</ele>
        <time>2026-01-19T13:18:47Z</time>
      </trkpt>
      <trkpt lat="54.717512084171176" lon="23.328445600345731">
        <ele>-351.13</ele>
        <time>2026-01-19T13:18:56Z</time>
      </trkpt>
      <trkpt lat="54.71780645661056" lon="23.326224479824305">
        <ele>-350.69999999999999</ele>
        <time>2026-01-19T13:19:03Z</time>
      </trkpt>
      <trkpt lat="54.718303419649601" lon="23.323680739849806">
        <ele>-349.75999999999999</ele>
        <time>2026-01-19T13:19:12Z</time>
      </trkpt>
      <trkpt lat="54.718685382977128" lon="23.321705628186464">
        <ele>-349.20999999999998</ele>
        <time>2026-01-19T13:19:18Z</time>
      </trkpt>
      <trkpt lat="54.719015378504992" lon="23.319695983082056">
        <ele>-348.75999999999999</ele>
        <time>2026-01-19T13:19:25Z</time>
      </trkpt>
      <trkpt lat="54.719028957188129" lon="23.319389624521136">
        <ele>-348.75</ele>
        <time>2026-01-19T13:19:26Z</time>
      </trkpt>
      <trkpt lat="54.719064245000482" lon="23.316835658624768">
        <ele>-348.01999999999998</ele>
        <time>2026-01-19T13:19:33Z</time>
      </trkpt>
      <trkpt lat="54.719061395153403" lon="23.313652714714408">
        <ele>-347.52999999999997</ele>
        <time>2026-01-19T13:19:41Z</time>
      </trkpt>
      <trkpt lat="54.719081930816174" lon="23.310530288144946">
        <ele>-346.97000000000003</ele>
        <time>2026-01-19T13:19:49Z</time>
      </trkpt>
      <trkpt lat="54.719095258042216" lon="23.308145217597485">
        <ele>-346.24000000000001</ele>
        <time>2026-01-19T13:19:56Z</time>
      </trkpt>
      <trkpt lat="54.7189717926085" lon="23.305787136778235">
        <ele>-346.14999999999998</ele>
        <time>2026-01-19T13:20:03Z</time>
      </trkpt>
      <trkpt lat="54.718615980818868" lon="23.301960043609142">
        <ele>-344.38999999999999</ele>
        <time>2026-01-19T13:20:12Z</time>
      </trkpt>
      <trkpt lat="54.718367792665958" lon="23.299108855426311">
        <ele>-342.85000000000002</ele>
        <time>2026-01-19T13:20:19Z</time>
      </trkpt>
      <trkpt lat="54.718217588961124" lon="23.296387167647481">
        <ele>-342.19</ele>
        <time>2026-01-19T13:20:27Z</time>
      </trkpt>
      <trkpt lat="54.718360584229231" lon="23.293958427384496">
        <ele>-341.95999999999998</ele>
        <time>2026-01-19T13:20:35Z</time>
      </trkpt>
      <trkpt lat="54.718643724918365" lon="23.291369508951902">
        <ele>-341.93000000000001</ele>
        <time>2026-01-19T13:20:43Z</time>
      </trkpt>
      <trkpt lat="54.718784037977457" lon="23.289855066686869">
        <ele>-342.44</ele>
        <time>2026-01-19T13:20:49Z</time>
      </trkpt>
      <trkpt lat="54.71902216784656" lon="23.287860760465264">
        <ele>-343.66000000000003</ele>
        <time>2026-01-19T13:20:57Z</time>
      </trkpt>
      <trkpt lat="54.7193793207407" lon="23.285513073205948">
        <ele>-344.24000000000001</ele>
        <time>2026-01-19T13:21:05Z</time>
      </trkpt>
      <trkpt lat="54.719631113111973" lon="23.282653670758009">
        <ele>-344.63999999999999</ele>
        <time>2026-01-19T13:21:13Z</time>
      </trkpt>
      <trkpt lat="54.719992708414793" lon="23.279703911393881">
        <ele>-344.18000000000001</ele>
        <time>2026-01-19T13:21:21Z</time>
      </trkpt>
      <trkpt lat="54.720377437770367" lon="23.27672959305346">
        <ele>-343.22000000000003</ele>
        <time>2026-01-19T13:21:29Z</time>
      </trkpt>
      <trkpt lat="54.720716737210751" lon="23.273950908333063">
        <ele>-342.56</ele>
        <time>2026-01-19T13:21:37Z</time>
      </trkpt>
      <trkpt lat="54.721155446022749" lon="23.270282484591007">
        <ele>-342.25999999999999</ele>
        <time>2026-01-19T13:21:49Z</time>
      </trkpt>
      <trkpt lat="54.721295926719904" lon="23.269050680100918">
        <ele>-342.44</ele>
        <time>2026-01-19T13:21:54Z</time>
      </trkpt>
      <trkpt lat="54.721303386613727" lon="23.268755972385406">
        <ele>-342.47000000000003</ele>
        <time>2026-01-19T13:21:55Z</time>
      </trkpt>
      <trkpt lat="54.721310762688518" lon="23.266494115814567">
        <ele>-341.95999999999998</ele>
        <time>2026-01-19T13:22:01Z</time>
      </trkpt>
      <trkpt lat="54.721283689141273" lon="23.263070695102215">
        <ele>-340.66000000000003</ele>
        <time>2026-01-19T13:22:09Z</time>
      </trkpt>
      <trkpt lat="54.721260135993361" lon="23.259809128940105">
        <ele>-339.58999999999997</ele>
        <time>2026-01-19T13:22:17Z</time>
      </trkpt>
      <trkpt lat="54.721181262284517" lon="23.256569942459464">
        <ele>-339.12</ele>
        <time>2026-01-19T13:22:25Z</time>
      </trkpt>
      <trkpt lat="54.72112912684679" lon="23.253578776493669">
        <ele>-338.79000000000002</ele>
        <time>2026-01-19T13:22:33Z</time>
      </trkpt>
      <trkpt lat="54.721033656969666" lon="23.250790033489466">
        <ele>-338.5</ele>
        <time>2026-01-19T13:22:40Z</time>
      </trkpt>
      <trkpt lat="54.720985796302557" lon="23.249347675591707">
        <ele>-338.66000000000003</ele>
        <time>2026-01-19T13:22:45Z</time>
      </trkpt>
      <trkpt lat="54.720982694998384" lon="23.249175008386374">
        <ele>-338.85000000000002</ele>
        <time>2026-01-19T13:22:46Z</time>
      </trkpt>
      <trkpt lat="54.720996776595712" lon="23.249039892107248">
        <ele>-339.10000000000002</ele>
        <time>2026-01-19T13:22:47Z</time>
      </trkpt>
      <trkpt lat="54.721035500988364" lon="23.248947020620108">
        <ele>-339.35000000000002</ele>
        <time>2026-01-19T13:22:48Z</time>
      </trkpt>
      <trkpt lat="54.721099203452468" lon="23.248889604583383">
        <ele>-339.60000000000002</ele>
        <time>2026-01-19T13:22:49Z</time>
      </trkpt>
      <trkpt lat="54.721187548711896" lon="23.248861776664853">
        <ele>-339.87</ele>
        <time>2026-01-19T13:22:50Z</time>
      </trkpt>
      <trkpt lat="54.721301961690187" lon="23.248853730037808">
        <ele>-340.13</ele>
        <time>2026-01-19T13:22:51Z</time>
      </trkpt>
      <trkpt lat="54.721440933644772" lon="23.24884744361043">
        <ele>-340.33999999999997</ele>
        <time>2026-01-19T13:22:52Z</time>
      </trkpt>
      <trkpt lat="54.722626302391291" lon="23.248755410313606">
        <ele>-340.69</ele>
        <time>2026-01-19T13:22:58Z</time>
      </trkpt>
      <trkpt lat="54.72425390034914" lon="23.24854452162981">
        <ele>-341</ele>
        <time>2026-01-19T13:23:06Z</time>
      </trkpt>
      <trkpt lat="54.725759541615844" lon="23.248149314895272">
        <ele>-341.13</ele>
        <time>2026-01-19T13:23:13Z</time>
      </trkpt>
      <trkpt lat="54.727353109046817" lon="23.247774643823504">
        <ele>-341.75</ele>
        <time>2026-01-19T13:23:22Z</time>
      </trkpt>
      <trkpt lat="54.728044029325247" lon="23.247607257217169">
        <ele>-342.66000000000003</ele>
        <time>2026-01-19T13:23:28Z</time>
      </trkpt>
      <trkpt lat="54.728131955489516" lon="23.247562749311328">
        <ele>-342.81</ele>
        <time>2026-01-19T13:23:29Z</time>
      </trkpt>
      <trkpt lat="54.728213008493185" lon="23.247501980513334">
        <ele>-343</ele>
        <time>2026-01-19T13:23:30Z</time>
      </trkpt>
      <trkpt lat="54.728287775069475" lon="23.247423944994807">
        <ele>-343.19999999999999</ele>
        <time>2026-01-19T13:23:31Z</time>
      </trkpt>
      <trkpt lat="54.728355417028069" lon="23.247332330793142">
        <ele>-343.38</ele>
        <time>2026-01-19T13:23:32Z</time>
      </trkpt>
      <trkpt lat="54.728414928540587" lon="23.247234933078289">
        <ele>-343.58999999999997</ele>
        <time>2026-01-19T13:23:33Z</time>
      </trkpt>
      <trkpt lat="54.728472596034408" lon="23.247154131531715">
        <ele>-343.79000000000002</ele>
        <time>2026-01-19T13:23:34Z</time>
      </trkpt>
      <trkpt lat="54.728531520813704" lon="23.247113227844238">
        <ele>-343.98000000000002</ele>
        <time>2026-01-19T13:23:35Z</time>
      </trkpt>
      <trkpt lat="54.728583488613367" lon="23.247114401310682">
        <ele>-344.19</ele>
        <time>2026-01-19T13:23:36Z</time>
      </trkpt>
      <trkpt lat="54.72862564958632" lon="23.247153963893652">
        <ele>-344.41000000000003</ele>
        <time>2026-01-19T13:23:37Z</time>
      </trkpt>
      <trkpt lat="54.728660769760609" lon="23.247216073796153">
        <ele>-344.57999999999998</ele>
        <time>2026-01-19T13:23:38Z</time>
      </trkpt>
      <trkpt lat="54.728685412555933" lon="23.247268041595817">
        <ele>-344.69999999999999</ele>
        <time>2026-01-19T13:23:39Z</time>
      </trkpt>
      <trkpt lat="54.728776020929217" lon="23.247448336333036">
        <ele>-345.60000000000002</ele>
        <time>2026-01-19T13:23:45Z</time>
      </trkpt>
      <trkpt lat="54.729201318696141" lon="23.248281497508287">
        <ele>-345.88</ele>
        <time>2026-01-19T13:23:50Z</time>
      </trkpt>
      <trkpt lat="54.730055015534163" lon="23.249930050224066">
        <ele>-345.23000000000002</ele>
        <time>2026-01-19T13:23:56Z</time>
      </trkpt>
      <trkpt lat="54.731110380962491" lon="23.251903988420963">
        <ele>-344.27999999999997</ele>
        <time>2026-01-19T13:24:03Z</time>
      </trkpt>
      <trkpt lat="54.731986876577139" lon="23.253642814233899">
        <ele>-343.70999999999998</ele>
        <time>2026-01-19T13:24:10Z</time>
      </trkpt>
      <trkpt lat="54.732244703918695" lon="23.254141872748733">
        <ele>-343.77999999999997</ele>
        <time>2026-01-19T13:24:13Z</time>
      </trkpt>
      <trkpt lat="54.732335563749075" lon="23.254254106432199">
        <ele>-343.89999999999998</ele>
        <time>2026-01-19T13:24:14Z</time>
      </trkpt>
      <trkpt lat="54.732439331710339" lon="23.254334069788456">
        <ele>-344.00999999999999</ele>
        <time>2026-01-19T13:24:15Z</time>
      </trkpt>
      <trkpt lat="54.732557097449899" lon="23.254369022324681">
        <ele>-344.16000000000003</ele>
        <time>2026-01-19T13:24:16Z</time>
      </trkpt>
      <trkpt lat="54.732676455751061" lon="23.254359718412161">
        <ele>-344.36000000000001</ele>
        <time>2026-01-19T13:24:17Z</time>
      </trkpt>
      <trkpt lat="54.732794975861907" lon="23.25431814417243">
        <ele>-344.58999999999997</ele>
        <time>2026-01-19T13:24:18Z</time>
      </trkpt>
      <trkpt lat="54.732910310849547" lon="23.254260560497642">
        <ele>-344.79000000000002</ele>
        <time>2026-01-19T13:24:19Z</time>
      </trkpt>
      <trkpt lat="54.733251789584756" lon="23.254039362072945">
        <ele>-345.61000000000001</ele>
        <time>2026-01-19T13:24:23Z</time>
      </trkpt>
      <trkpt lat="54.733315324410796" lon="23.25393894687295">
        <ele>-345.88</ele>
        <time>2026-01-19T13:24:24Z</time>
      </trkpt>
      <trkpt lat="54.733377769589424" lon="23.25378849171102">
        <ele>-346.07999999999998</ele>
        <time>2026-01-19T13:24:25Z</time>
      </trkpt>
      <trkpt lat="54.733443148434162" lon="23.253591936081648">
        <ele>-346.20999999999998</ele>
        <time>2026-01-19T13:24:26Z</time>
      </trkpt>
      <trkpt lat="54.733513221144676" lon="23.253354812040925">
        <ele>-346.36000000000001</ele>
        <time>2026-01-19T13:24:27Z</time>
      </trkpt>
      <trkpt lat="54.734073216095567" lon="23.251519678160548">
        <ele>-346.97000000000003</ele>
        <time>2026-01-19T13:24:33Z</time>
      </trkpt>
      <trkpt lat="54.735044008120894" lon="23.248389037325978">
        <ele>-346.74000000000001</ele>
        <time>2026-01-19T13:24:42Z</time>
      </trkpt>
      <trkpt lat="54.735880857333541" lon="23.245612950995564">
        <ele>-346.69999999999999</ele>
        <time>2026-01-19T13:24:50Z</time>
      </trkpt>
      <trkpt lat="54.73670169711113" lon="23.242550622671843">
        <ele>-346.18000000000001</ele>
        <time>2026-01-19T13:24:58Z</time>
      </trkpt>
      <trkpt lat="54.737246353179216" lon="23.239586362615228">
        <ele>-346.00999999999999</ele>
        <time>2026-01-19T13:25:06Z</time>
      </trkpt>
      <trkpt lat="54.737539803609252" lon="23.237302210181952">
        <ele>-346.10000000000002</ele>
        <time>2026-01-19T13:25:13Z</time>
      </trkpt>
      <trkpt lat="54.737473335117102" lon="23.235344365239143">
        <ele>-346.14999999999998</ele>
        <time>2026-01-19T13:25:19Z</time>
      </trkpt>
      <trkpt lat="54.737378535792232" lon="23.233573269098997">
        <ele>-346.31</ele>
        <time>2026-01-19T13:25:26Z</time>
      </trkpt>
      <trkpt lat="54.737331848591566" lon="23.233385011553764">
        <ele>-346.47000000000003</ele>
        <time>2026-01-19T13:25:27Z</time>
      </trkpt>
      <trkpt lat="54.737258926033974" lon="23.233194658532739">
        <ele>-346.56</ele>
        <time>2026-01-19T13:25:28Z</time>
      </trkpt>
      <trkpt lat="54.73716345615685" lon="23.233000701293349">
        <ele>-346.62</ele>
        <time>2026-01-19T13:25:29Z</time>
      </trkpt>
      <trkpt lat="54.737056586891413" lon="23.232799954712391">
        <ele>-346.64999999999998</ele>
        <time>2026-01-19T13:25:30Z</time>
      </trkpt>
      <trkpt lat="54.736957680433989" lon="23.232575822621584">
        <ele>-346.66000000000003</ele>
        <time>2026-01-19T13:25:31Z</time>
      </trkpt>
      <trkpt lat="54.7368707600981" lon="23.232315815985203">
        <ele>-346.62</ele>
        <time>2026-01-19T13:25:32Z</time>
      </trkpt>
      <trkpt lat="54.736242033541203" lon="23.230774300172925">
        <ele>-346.37</ele>
        <time>2026-01-19T13:25:39Z</time>
      </trkpt>
      <trkpt lat="54.736180929467082" lon="23.230605069547892">
        <ele>-346.39999999999998</ele>
        <time>2026-01-19T13:25:40Z</time>
      </trkpt>
      <trkpt lat="54.736133823171258" lon="23.23043642565608">
        <ele>-346.44999999999999</ele>
        <time>2026-01-19T13:25:41Z</time>
      </trkpt>
      <trkpt lat="54.736101469025016" lon="23.230265602469444">
        <ele>-346.55000000000001</ele>
        <time>2026-01-19T13:25:42Z</time>
      </trkpt>
      <trkpt lat="54.736090153455734" lon="23.230103999376297">
        <ele>-346.63</ele>
        <time>2026-01-19T13:25:43Z</time>
      </trkpt>
      <trkpt lat="54.736084202304482" lon="23.229938121512532">
        <ele>-346.69</ele>
        <time>2026-01-19T13:25:44Z</time>
      </trkpt>
      <trkpt lat="54.736088393256068" lon="23.228791896253824">
        <ele>-346.99000000000001</ele>
        <time>2026-01-19T13:25:50Z</time>
      </trkpt>
      <trkpt lat="54.736079508438706" lon="23.228579750284553">
        <ele>-347</ele>
        <time>2026-01-19T13:25:51Z</time>
      </trkpt>
      <trkpt lat="54.736036341637373" lon="23.227709960192442">
        <ele>-347.36000000000001</ele>
        <time>2026-01-19T13:25:57Z</time>
      </trkpt>
      <trkpt lat="54.736054446548223" lon="23.227490521967411">
        <ele>-348.38</ele>
        <time>2026-01-19T13:26:05Z</time>
      </trkpt>
      <trkpt lat="54.73606207408011" lon="23.22747970931232">
        <ele>-348.97000000000003</ele>
        <time>2026-01-19T13:26:11Z</time>
      </trkpt>
      <trkpt lat="54.736079424619675" lon="23.227451210841537">
        <ele>-349.05000000000001</ele>
        <time>2026-01-19T13:26:12Z</time>
      </trkpt>
      <trkpt lat="54.736117646098137" lon="23.227425562217832">
        <ele>-349.17000000000002</ele>
        <time>2026-01-19T13:26:13Z</time>
      </trkpt>
      <trkpt lat="54.736178079620004" lon="23.227409888058901">
        <ele>-349.31999999999999</ele>
        <time>2026-01-19T13:26:14Z</time>
      </trkpt>
      <trkpt lat="54.736264999955893" lon="23.227400165051222">
        <ele>-349.44</ele>
        <time>2026-01-19T13:26:15Z</time>
      </trkpt>
      <trkpt lat="54.736386453732848" lon="23.22738884948194">
        <ele>-349.51999999999998</ele>
        <time>2026-01-19T13:26:16Z</time>
      </trkpt>
      <trkpt lat="54.737331848591566" lon="23.227216433733702">
        <ele>-349.70999999999998</ele>
        <time>2026-01-19T13:26:22Z</time>
      </trkpt>
      <trkpt lat="54.73844270221889" lon="23.226864142343402">
        <ele>-350.39999999999998</ele>
        <time>2026-01-19T13:26:30Z</time>
      </trkpt>
      <trkpt lat="54.738559126853943" lon="23.226761547848582">
        <ele>-350.52999999999997</ele>
        <time>2026-01-19T13:26:31Z</time>
      </trkpt>
      <trkpt lat="54.738663649186492" lon="23.226635986939073">
        <ele>-350.63999999999999</ele>
        <time>2026-01-19T13:26:32Z</time>
      </trkpt>
      <trkpt lat="54.738755682483315" lon="23.226497434079647">
        <ele>-350.75</ele>
        <time>2026-01-19T13:26:33Z</time>
      </trkpt>
      <trkpt lat="54.73883748985827" lon="23.226352259516716">
        <ele>-350.88</ele>
        <time>2026-01-19T13:26:34Z</time>
      </trkpt>
      <trkpt lat="54.738912004977465" lon="23.226204151287675">
        <ele>-351.02999999999997</ele>
        <time>2026-01-19T13:26:35Z</time>
      </trkpt>
      <trkpt lat="54.739639721810818" lon="23.224625000730157">
        <ele>-352.50999999999999</ele>
        <time>2026-01-19T13:26:47Z</time>
      </trkpt>
      <trkpt lat="54.740058062598109" lon="23.223680779337883">
        <ele>-353.5</ele>
        <time>2026-01-19T13:26:56Z</time>
      </trkpt>
      <trkpt lat="54.74061906337738" lon="23.222465990111232">
        <ele>-353.41000000000003</ele>
        <time>2026-01-19T13:27:01Z</time>
      </trkpt>
      <trkpt lat="54.741637632250786" lon="23.220271440222859">
        <ele>-353.69999999999999</ele>
        <time>2026-01-19T13:27:11Z</time>
      </trkpt>
      <trkpt lat="54.742433577775955" lon="23.218519622460008">
        <ele>-353.69999999999999</ele>
        <time>2026-01-19T13:27:18Z</time>
      </trkpt>
      <trkpt lat="54.74346237257123" lon="23.216292802244425">
        <ele>-353.32999999999998</ele>
        <time>2026-01-19T13:27:27Z</time>
      </trkpt>
      <trkpt lat="54.744545314460993" lon="23.213955173268914">
        <ele>-353.25999999999999</ele>
        <time>2026-01-19T13:27:38Z</time>
      </trkpt>
      <trkpt lat="54.744755364954472" lon="23.213638169690967">
        <ele>-353.30000000000001</ele>
        <time>2026-01-19T13:27:40Z</time>
      </trkpt>
      <trkpt lat="54.744877908378839" lon="23.213502047583461">
        <ele>-353.31999999999999</ele>
        <time>2026-01-19T13:27:41Z</time>
      </trkpt>
      <trkpt lat="54.745008246973157" lon="23.213385371491313">
        <ele>-353.33999999999997</ele>
        <time>2026-01-19T13:27:42Z</time>
      </trkpt>
      <trkpt lat="54.745139926671982" lon="23.213290069252253">
        <ele>-353.33999999999997</ele>
        <time>2026-01-19T13:27:43Z</time>
      </trkpt>
      <trkpt lat="54.745271857827902" lon="23.213209854438901">
        <ele>-353.31</ele>
        <time>2026-01-19T13:27:44Z</time>
      </trkpt>
      <trkpt lat="54.746197303757071" lon="23.212695708498359">
        <ele>-353.44999999999999</ele>
        <time>2026-01-19T13:27:53Z</time>
      </trkpt>
      <trkpt lat="54.747543521225452" lon="23.211948964744806">
        <ele>-355.22000000000003</ele>
        <time>2026-01-19T13:28:08Z</time>
      </trkpt>
      <trkpt lat="54.749168688431382" lon="23.211009940132499">
        <ele>-355.22000000000003</ele>
        <time>2026-01-19T13:28:22Z</time>
      </trkpt>
      <trkpt lat="54.751040618866682" lon="23.209899002686143">
        <ele>-354.24000000000001</ele>
        <time>2026-01-19T13:28:33Z</time>
      </trkpt>
      <trkpt lat="54.752031108364463" lon="23.209284441545606">
        <ele>-353.52999999999997</ele>
        <time>2026-01-19T13:28:40Z</time>
      </trkpt>
      <trkpt lat="54.752517342567444" lon="23.209032565355301">
        <ele>-353.44999999999999</ele>
        <time>2026-01-19T13:28:45Z</time>
      </trkpt>
      <trkpt lat="54.752541063353419" lon="23.209004150703549">
        <ele>-353.5</ele>
        <time>2026-01-19T13:28:50Z</time>
      </trkpt>
      <trkpt lat="54.752540811896324" lon="23.208959642797709">
        <ele>-353.5</ele>
        <time>2026-01-19T13:28:51Z</time>
      </trkpt>
      <trkpt lat="54.752527149394155" lon="23.208879847079515">
        <ele>-353.49000000000001</ele>
        <time>2026-01-19T13:28:52Z</time>
      </trkpt>
      <trkpt lat="54.752498734742403" lon="23.208757471293211">
        <ele>-353.49000000000001</ele>
        <time>2026-01-19T13:28:53Z</time>
      </trkpt>
      <trkpt lat="54.752464117482305" lon="23.208593940362334">
        <ele>-353.49000000000001</ele>
        <time>2026-01-19T13:28:54Z</time>
      </trkpt>
      <trkpt lat="54.752432266250253" lon="23.208389170467854">
        <ele>-353.47000000000003</ele>
        <time>2026-01-19T13:28:55Z</time>
      </trkpt>
      <trkpt lat="54.752171589061618" lon="23.206542050465941">
        <ele>-352.92000000000002</ele>
        <time>2026-01-19T13:29:01Z</time>
      </trkpt>
      <trkpt lat="54.751702370122075" lon="23.203281490132213">
        <ele>-350.72000000000003</ele>
        <time>2026-01-19T13:29:09Z</time>
      </trkpt>
      <trkpt lat="54.751020753756166" lon="23.19850112311542">
        <ele>-348.06999999999999</ele>
        <time>2026-01-19T13:29:20Z</time>
      </trkpt>
      <trkpt lat="54.750536950305104" lon="23.195123802870512">
        <ele>-346.38999999999999</ele>
        <time>2026-01-19T13:29:28Z</time>
      </trkpt>
      <trkpt lat="54.750020122155547" lon="23.192251240834594">
        <ele>-345.77999999999997</ele>
        <time>2026-01-19T13:29:36Z</time>
      </trkpt>
      <trkpt lat="54.749503964558244" lon="23.1896070856601">
        <ele>-344.82999999999998</ele>
        <time>2026-01-19T13:29:43Z</time>
      </trkpt>
      <trkpt lat="54.749000631272793" lon="23.187092179432511">
        <ele>-344.81999999999999</ele>
        <time>2026-01-19T13:29:51Z</time>
      </trkpt>
      <trkpt lat="54.748379280790687" lon="23.183851903304458">
        <ele>-343.69999999999999</ele>
        <time>2026-01-19T13:29:59Z</time>
      </trkpt>
      <trkpt lat="54.747775532305241" lon="23.18091144785285">
        <ele>-343.26999999999998</ele>
        <time>2026-01-19T13:30:07Z</time>
      </trkpt>
      <trkpt lat="54.747130712494254" lon="23.178283385932446">
        <ele>-342.70999999999998</ele>
        <time>2026-01-19T13:30:14Z</time>
      </trkpt>
      <trkpt lat="54.746586726978421" lon="23.175431862473488">
        <ele>-342.18000000000001</ele>
        <time>2026-01-19T13:30:22Z</time>
      </trkpt>
      <trkpt lat="54.746350273489952" lon="23.17303036339581">
        <ele>-342.08999999999997</ele>
        <time>2026-01-19T13:30:29Z</time>
      </trkpt>
      <trkpt lat="54.74628665484488" lon="23.171697137877345">
        <ele>-342.25999999999999</ele>
        <time>2026-01-19T13:30:34Z</time>
      </trkpt>
      <trkpt lat="54.746306352317333" lon="23.171473760157824">
        <ele>-342.36000000000001</ele>
        <time>2026-01-19T13:30:35Z</time>
      </trkpt>
      <trkpt lat="54.746342897415161" lon="23.171260608360171">
        <ele>-342.45999999999998</ele>
        <time>2026-01-19T13:30:36Z</time>
      </trkpt>
      <trkpt lat="54.746400816366076" lon="23.171057179570198">
        <ele>-342.56</ele>
        <time>2026-01-19T13:30:37Z</time>
      </trkpt>
      <trkpt lat="54.746482539921999" lon="23.17084763199091">
        <ele>-342.63</ele>
        <time>2026-01-19T13:30:38Z</time>
      </trkpt>
      <trkpt lat="54.74658815190196" lon="23.170628780499101">
        <ele>-342.66000000000003</ele>
        <time>2026-01-19T13:30:39Z</time>
      </trkpt>
      <trkpt lat="54.746715473011136" lon="23.170397356152534">
        <ele>-342.68000000000001</ele>
        <time>2026-01-19T13:30:40Z</time>
      </trkpt>
      <trkpt lat="54.747874438762665" lon="23.168537579476833">
        <ele>-341.55000000000001</ele>
        <time>2026-01-19T13:30:47Z</time>
      </trkpt>
      <trkpt lat="54.749295171350241" lon="23.166328193619847">
        <ele>-340.14999999999998</ele>
        <time>2026-01-19T13:30:55Z</time>
      </trkpt>
      <trkpt lat="54.750181306153536" lon="23.164872089400887">
        <ele>-339.49000000000001</ele>
        <time>2026-01-19T13:31:01Z</time>
      </trkpt>
      <trkpt lat="54.751243963837624" lon="23.163377679884434">
        <ele>-339.93000000000001</ele>
        <time>2026-01-19T13:31:09Z</time>
      </trkpt>
      <trkpt lat="54.75270333699882" lon="23.161808419972658">
        <ele>-339.22000000000003</ele>
        <time>2026-01-19T13:31:16Z</time>
      </trkpt>
      <trkpt lat="54.753896333277225" lon="23.160443175584078">
        <ele>-339.45999999999998</ele>
        <time>2026-01-19T13:31:23Z</time>
      </trkpt>
      <trkpt lat="54.754101438447833" lon="23.160078646615148">
        <ele>-339.77999999999997</ele>
        <time>2026-01-19T13:31:25Z</time>
      </trkpt>
      <trkpt lat="54.754181569442153" lon="23.15985937602818">
        <ele>-340</ele>
        <time>2026-01-19T13:31:26Z</time>
      </trkpt>
      <trkpt lat="54.75425717420876" lon="23.159597609192133">
        <ele>-340.18000000000001</ele>
        <time>2026-01-19T13:31:27Z</time>
      </trkpt>
      <trkpt lat="54.754742151126266" lon="23.157419487833977">
        <ele>-340.41000000000003</ele>
        <time>2026-01-19T13:31:33Z</time>
      </trkpt>
      <trkpt lat="54.755665166303515" lon="23.153160978108644">
        <ele>-339.17000000000002</ele>
        <time>2026-01-19T13:31:43Z</time>
      </trkpt>
      <trkpt lat="54.756250390782952" lon="23.149900333955884">
        <ele>-338.62</ele>
        <time>2026-01-19T13:31:51Z</time>
      </trkpt>
      <trkpt lat="54.756745509803295" lon="23.146746726706624">
        <ele>-338.75</ele>
        <time>2026-01-19T13:31:59Z</time>
      </trkpt>
      <trkpt lat="54.756846260279417" lon="23.146390495821834">
        <ele>-338.74000000000001</ele>
        <time>2026-01-19T13:32:00Z</time>
      </trkpt>
      <trkpt lat="54.756958242505789" lon="23.146074246615171">
        <ele>-338.74000000000001</ele>
        <time>2026-01-19T13:32:01Z</time>
      </trkpt>
      <trkpt lat="54.75708288140595" lon="23.145777862519026">
        <ele>-338.75</ele>
        <time>2026-01-19T13:32:02Z</time>
      </trkpt>
      <trkpt lat="54.758238242939115" lon="23.143495637923479">
        <ele>-338.45999999999998</ele>
        <time>2026-01-19T13:32:09Z</time>
      </trkpt>
      <trkpt lat="54.758931845426559" lon="23.142145313322544">
        <ele>-338.33999999999997</ele>
        <time>2026-01-19T13:32:14Z</time>
      </trkpt>
      <trkpt lat="54.759086407721043" lon="23.141919504851103">
        <ele>-338.62</ele>
        <time>2026-01-19T13:32:16Z</time>
      </trkpt>
      <trkpt lat="54.759161761030555" lon="23.141875164583325">
        <ele>-338.77999999999997</ele>
        <time>2026-01-19T13:32:17Z</time>
      </trkpt>
      <trkpt lat="54.75924314931035" lon="23.14187734387815">
        <ele>-338.94999999999999</ele>
        <time>2026-01-19T13:32:18Z</time>
      </trkpt>
      <trkpt lat="54.759331662207842" lon="23.14192621037364">
        <ele>-339.13999999999999</ele>
        <time>2026-01-19T13:32:19Z</time>
      </trkpt>
      <trkpt lat="54.759432328864932" lon="23.14202293753624">
        <ele>-339.31</ele>
        <time>2026-01-19T13:32:20Z</time>
      </trkpt>
      <trkpt lat="54.759549591690302" lon="23.142156377434731">
        <ele>-339.44</ele>
        <time>2026-01-19T13:32:21Z</time>
      </trkpt>
      <trkpt lat="54.759688898921013" lon="23.142314460128546">
        <ele>-339.52999999999997</ele>
        <time>2026-01-19T13:32:22Z</time>
      </trkpt>
      <trkpt lat="54.76078424602747" lon="23.143533691763878">
        <ele>-339.24000000000001</ele>
        <time>2026-01-19T13:32:28Z</time>
      </trkpt>
      <trkpt lat="54.762229202315211" lon="23.145143436267972">
        <ele>-338.00999999999999</ele>
        <time>2026-01-19T13:32:35Z</time>
      </trkpt>
      <trkpt lat="54.763967776671052" lon="23.147053252905607">
        <ele>-336.76999999999998</ele>
        <time>2026-01-19T13:32:43Z</time>
      </trkpt>
      <trkpt lat="54.766176491975784" lon="23.149469420313835">
        <ele>-335.18000000000001</ele>
        <time>2026-01-19T13:32:53Z</time>
      </trkpt>
      <trkpt lat="54.767922442406416" lon="23.151415782049298">
        <ele>-334.22000000000003</ele>
        <time>2026-01-19T13:33:01Z</time>
      </trkpt>
      <trkpt lat="54.769536713138223" lon="23.153202049434185">
        <ele>-334.11000000000001</ele>
        <time>2026-01-19T13:33:09Z</time>
      </trkpt>
      <trkpt lat="54.770555952563882" lon="23.154285326600075">
        <ele>-334.42000000000002</ele>
        <time>2026-01-19T13:33:15Z</time>
      </trkpt>
      <trkpt lat="54.771846514195204" lon="23.15518663264811">
        <ele>-334.33999999999997</ele>
        <time>2026-01-19T13:33:21Z</time>
      </trkpt>
      <trkpt lat="54.77377493865788" lon="23.156515918672085">
        <ele>-333.60000000000002</ele>
        <time>2026-01-19T13:33:29Z</time>
      </trkpt>
      <trkpt lat="54.775439584627748" lon="23.157393168658018">
        <ele>-333.35000000000002</ele>
        <time>2026-01-19T13:33:36Z</time>
      </trkpt>
      <trkpt lat="54.777110265567899" lon="23.15794100984931">
        <ele>-333.26999999999998</ele>
        <time>2026-01-19T13:33:43Z</time>
      </trkpt>
      <trkpt lat="54.778302004560828" lon="23.158294139429927">
        <ele>-334.07999999999998</ele>
        <time>2026-01-19T13:33:50Z</time>
      </trkpt>
      <trkpt lat="54.77859822101891" lon="23.158439062535763">
        <ele>-334.69</ele>
        <time>2026-01-19T13:33:53Z</time>
      </trkpt>
      <trkpt lat="54.77865194901824" lon="23.158531850203872">
        <ele>-334.89999999999998</ele>
        <time>2026-01-19T13:33:54Z</time>
      </trkpt>
      <trkpt lat="54.778695870190859" lon="23.158678533509374">
        <ele>-335.13999999999999</ele>
        <time>2026-01-19T13:33:55Z</time>
      </trkpt>
      <trkpt lat="54.778734091669321" lon="23.158887326717377">
        <ele>-335.39999999999998</ele>
        <time>2026-01-19T13:33:56Z</time>
      </trkpt>
      <trkpt lat="54.77876921184361" lon="23.159155379980803">
        <ele>-335.60000000000002</ele>
        <time>2026-01-19T13:33:57Z</time>
      </trkpt>
      <trkpt lat="54.778805421665311" lon="23.159463331103325">
        <ele>-335.69999999999999</ele>
        <time>2026-01-19T13:33:58Z</time>
      </trkpt>
      <trkpt lat="54.779067859053612" lon="23.161544222384691">
        <ele>-335.68000000000001</ele>
        <time>2026-01-19T13:34:04Z</time>
      </trkpt>
      <trkpt lat="54.779094094410539" lon="23.161969687789679">
        <ele>-338.20999999999998</ele>
        <time>2026-01-19T13:34:17Z</time>
      </trkpt>
      <trkpt lat="54.779132483527064" lon="23.161887964233756">
        <ele>-338.44</ele>
        <time>2026-01-19T13:34:18Z</time>
      </trkpt>
      <trkpt lat="54.779202891513705" lon="23.161821328103542">
        <ele>-338.68000000000001</ele>
        <time>2026-01-19T13:34:19Z</time>
      </trkpt>
      <trkpt lat="54.77929936721921" lon="23.161767683923244">
        <ele>-338.99000000000001</ele>
        <time>2026-01-19T13:34:20Z</time>
      </trkpt>
      <trkpt lat="54.77941763587296" lon="23.161705825477839">
        <ele>-339.29000000000002</ele>
        <time>2026-01-19T13:34:21Z</time>
      </trkpt>
      <trkpt lat="54.780373591929674" lon="23.161244736984372">
        <ele>-340.19999999999999</ele>
        <time>2026-01-19T13:34:27Z</time>
      </trkpt>
      <trkpt lat="54.781568767502904" lon="23.160499753430486">
        <ele>-341.52999999999997</ele>
        <time>2026-01-19T13:34:35Z</time>
      </trkpt>
      <trkpt lat="54.781959448009729" lon="23.160182917490602">
        <ele>-342.68000000000001</ele>
        <time>2026-01-19T13:34:39Z</time>
      </trkpt>
      <trkpt lat="54.782030442729592" lon="23.160078981891274">
        <ele>-343</ele>
        <time>2026-01-19T13:34:40Z</time>
      </trkpt>
      <trkpt lat="54.782091965898871" lon="23.159954845905304">
        <ele>-343.22000000000003</ele>
        <time>2026-01-19T13:34:41Z</time>
      </trkpt>
      <trkpt lat="54.78215885348618" lon="23.159843701869249">
        <ele>-343.44999999999999</ele>
        <time>2026-01-19T13:34:42Z</time>
      </trkpt>
      <trkpt lat="54.782243762165308" lon="23.159767929464579">
        <ele>-343.70999999999998</ele>
        <time>2026-01-19T13:34:43Z</time>
      </trkpt>
      <trkpt lat="54.782348955050111" lon="23.159714536741376">
        <ele>-343.95999999999998</ele>
        <time>2026-01-19T13:34:44Z</time>
      </trkpt>
      <trkpt lat="54.782474599778652" lon="23.15965561196208">
        <ele>-344.22000000000003</ele>
        <time>2026-01-19T13:34:45Z</time>
      </trkpt>
      <trkpt lat="54.783415552228689" lon="23.159173233434558">
        <ele>-344.87</ele>
        <time>2026-01-19T13:34:51Z</time>
      </trkpt>
      <trkpt lat="54.783806400373578" lon="23.158964607864618">
        <ele>-345.18000000000001</ele>
        <time>2026-01-19T13:34:54Z</time>
      </trkpt>
      <trkpt lat="54.784750789403915" lon="23.158503100275993">
        <ele>-345.88999999999999</ele>
        <time>2026-01-19T13:35:01Z</time>
      </trkpt>
      <trkpt lat="54.784866040572524" lon="23.15845943056047">
        <ele>-345.95999999999998</ele>
        <time>2026-01-19T13:35:02Z</time>
      </trkpt>
      <trkpt lat="54.785178769379854" lon="23.158366056159139">
        <ele>-346.45999999999998</ele>
        <time>2026-01-19T13:35:05Z</time>
      </trkpt>
      <trkpt lat="54.785275915637612" lon="23.158373013138771">
        <ele>-346.61000000000001</ele>
        <time>2026-01-19T13:35:06Z</time>
      </trkpt>
      <trkpt lat="54.78538429364562" lon="23.158411905169487">
        <ele>-346.70999999999998</ele>
        <time>2026-01-19T13:35:07Z</time>
      </trkpt>
      <trkpt lat="54.786336394026875" lon="23.158735865727067">
        <ele>-346.87</ele>
        <time>2026-01-19T13:35:13Z</time>
      </trkpt>
      <trkpt lat="54.787710942327976" lon="23.159142974764109">
        <ele>-346.35000000000002</ele>
        <time>2026-01-19T13:35:21Z</time>
      </trkpt>
      <trkpt lat="54.789376426488161" lon="23.159663658589125">
        <ele>-345.5</ele>
        <time>2026-01-19T13:35:30Z</time>
      </trkpt>
      <trkpt lat="54.790937975049019" lon="23.160117203369737">
        <ele>-344.75</ele>
        <time>2026-01-19T13:35:39Z</time>
      </trkpt>
      <trkpt lat="54.792467840015888" lon="23.16058793105185">
        <ele>-343.93000000000001</ele>
        <time>2026-01-19T13:35:47Z</time>
      </trkpt>
      <trkpt lat="54.793244507163763" lon="23.160815751180053">
        <ele>-343.76999999999998</ele>
        <time>2026-01-19T13:35:53Z</time>
      </trkpt>
      <trkpt lat="54.793585147708654" lon="23.160933181643486">
        <ele>-344.14999999999998</ele>
        <time>2026-01-19T13:35:59Z</time>
      </trkpt>
      <trkpt lat="54.793779607862234" lon="23.16092018969357">
        <ele>-344.48000000000002</ele>
        <time>2026-01-19T13:36:02Z</time>
      </trkpt>
      <trkpt lat="54.794522495940328" lon="23.160710306838155">
        <ele>-344.61000000000001</ele>
        <time>2026-01-19T13:36:07Z</time>
      </trkpt>
      <trkpt lat="54.796120170503855" lon="23.160256678238511">
        <ele>-343.38</ele>
        <time>2026-01-19T13:36:14Z</time>
      </trkpt>
      <trkpt lat="54.797804597765207" lon="23.159794164821506">
        <ele>-342.26999999999998</ele>
        <time>2026-01-19T13:36:21Z</time>
      </trkpt>
      <trkpt lat="54.798787795007229" lon="23.159526865929365">
        <ele>-342.24000000000001</ele>
        <time>2026-01-19T13:36:27Z</time>
      </trkpt>
      <trkpt lat="54.799209656193852" lon="23.159399041905999">
        <ele>-342.76999999999998</ele>
        <time>2026-01-19T13:36:32Z</time>
      </trkpt>
      <trkpt lat="54.799256511032581" lon="23.159367190673947">
        <ele>-342.92000000000002</ele>
        <time>2026-01-19T13:36:33Z</time>
      </trkpt>
      <trkpt lat="54.79929456487298" lon="23.159347157925367">
        <ele>-343.06999999999999</ele>
        <time>2026-01-19T13:36:34Z</time>
      </trkpt>
      <trkpt lat="54.799325158819556" lon="23.159355204552412">
        <ele>-343.20999999999998</ele>
        <time>2026-01-19T13:36:35Z</time>
      </trkpt>
      <trkpt lat="54.799353322014213" lon="23.159369118511677">
        <ele>-343.32999999999998</ele>
        <time>2026-01-19T13:36:36Z</time>
      </trkpt>
      <trkpt lat="54.799375366419554" lon="23.159361323341727">
        <ele>-343.42000000000002</ele>
        <time>2026-01-19T13:36:37Z</time>
      </trkpt>
      <trkpt lat="54.799384670332074" lon="23.159331483766437">
        <ele>-343.51999999999998</ele>
        <time>2026-01-19T13:36:38Z</time>
      </trkpt>
      <trkpt lat="54.799380647018552" lon="23.159299800172448">
        <ele>-343.63999999999999</ele>
        <time>2026-01-19T13:36:39Z</time>
      </trkpt>
      <trkpt lat="54.799371175467968" lon="23.15928228199482">
        <ele>-343.75999999999999</ele>
        <time>2026-01-19T13:36:40Z</time>
      </trkpt>
      <trkpt lat="54.79935416020453" lon="23.159279599785805">
        <ele>-345.52999999999997</ele>
        <time>2026-01-19T13:37:01Z</time>
      </trkpt>
      <trkpt lat="54.799348879605532" lon="23.159281862899661">
        <ele>-348.52999999999997</ele>
        <time>2026-01-19T13:37:52Z</time>
      </trkpt>
      <trkpt lat="54.799336474388838" lon="23.159280186519027">
        <ele>-351.57999999999998</ele>
        <time>2026-01-19T13:40:34Z</time>
      </trkpt>
      <trkpt lat="54.799257684499025" lon="23.159008612856269">
        <ele>-349.37</ele>
        <time>2026-01-19T13:45:31Z</time>
      </trkpt>
      <trkpt lat="54.799187611788511" lon="23.157975040376186">
        <ele>-348.94</ele>
        <time>2026-01-19T13:45:44Z</time>
      </trkpt>
      <trkpt lat="54.799114773049951" lon="23.156736698001623">
        <ele>-348.97000000000003</ele>
        <time>2026-01-19T13:45:52Z</time>
      </trkpt>
      <trkpt lat="54.798981752246618" lon="23.154486995190382">
        <ele>-348.47000000000003</ele>
        <time>2026-01-19T13:45:59Z</time>
      </trkpt>
      <trkpt lat="54.798849737271667" lon="23.152349442243576">
        <ele>-347.81</ele>
        <time>2026-01-19T13:46:06Z</time>
      </trkpt>
      <trkpt lat="54.798853173851967" lon="23.152139307931066">
        <ele>-347.81999999999999</ele>
        <time>2026-01-19T13:46:07Z</time>
      </trkpt>
      <trkpt lat="54.798873625695705" lon="23.151947446167469">
        <ele>-347.88</ele>
        <time>2026-01-19T13:46:08Z</time>
      </trkpt>
      <trkpt lat="54.79891587048769" lon="23.151771761476994">
        <ele>-347.97000000000003</ele>
        <time>2026-01-19T13:46:09Z</time>
      </trkpt>
      <trkpt lat="54.798986027017236" lon="23.151608146727085">
        <ele>-348.07999999999998</ele>
        <time>2026-01-19T13:46:10Z</time>
      </trkpt>
      <trkpt lat="54.799081077799201" lon="23.151452243328094">
        <ele>-348.13999999999999</ele>
        <time>2026-01-19T13:46:11Z</time>
      </trkpt>
      <trkpt lat="54.799190713092685" lon="23.151290472596884">
        <ele>-348.20999999999998</ele>
        <time>2026-01-19T13:46:12Z</time>
      </trkpt>
      <trkpt lat="54.800084643065929" lon="23.150058081373572">
        <ele>-348.06999999999999</ele>
        <time>2026-01-19T13:46:18Z</time>
      </trkpt>
      <trkpt lat="54.801241010427475" lon="23.148414893075824">
        <ele>-347.49000000000001</ele>
        <time>2026-01-19T13:46:26Z</time>
      </trkpt>
      <trkpt lat="54.802125971764326" lon="23.146740272641182">
        <ele>-347.31</ele>
        <time>2026-01-19T13:46:34Z</time>
      </trkpt>
      <trkpt lat="54.803064074367285" lon="23.144435584545135">
        <ele>-346.18000000000001</ele>
        <time>2026-01-19T13:46:41Z</time>
      </trkpt>
      <trkpt lat="54.80450727045536" lon="23.140889788046479">
        <ele>-343.74000000000001</ele>
        <time>2026-01-19T13:46:51Z</time>
      </trkpt>
      <trkpt lat="54.80551284737885" lon="23.13837387599051">
        <ele>-342.97000000000003</ele>
        <time>2026-01-19T13:46:59Z</time>
      </trkpt>
      <trkpt lat="54.807058218866587" lon="23.134548291563988">
        <ele>-341.14999999999998</ele>
        <time>2026-01-19T13:47:10Z</time>
      </trkpt>
      <trkpt lat="54.807630702853203" lon="23.133258232846856">
        <ele>-340.87</ele>
        <time>2026-01-19T13:47:15Z</time>
      </trkpt>
      <trkpt lat="54.807754587382078" lon="23.13308690674603">
        <ele>-340.87</ele>
        <time>2026-01-19T13:47:16Z</time>
      </trkpt>
      <trkpt lat="54.807896912097931" lon="23.132953718304634">
        <ele>-340.89999999999998</ele>
        <time>2026-01-19T13:47:17Z</time>
      </trkpt>
      <trkpt lat="54.808057844638824" lon="23.132854560390115">
        <ele>-340.91000000000003</ele>
        <time>2026-01-19T13:47:18Z</time>
      </trkpt>
      <trkpt lat="54.808236798271537" lon="23.132779123261571">
        <ele>-340.92000000000002</ele>
        <time>2026-01-19T13:47:19Z</time>
      </trkpt>
      <trkpt lat="54.808430336415768" lon="23.132716426625848">
        <ele>-340.92000000000002</ele>
        <time>2026-01-19T13:47:20Z</time>
      </trkpt>
      <trkpt lat="54.81073871254921" lon="23.132032630965114">
        <ele>-340.31</ele>
        <time>2026-01-19T13:47:31Z</time>
      </trkpt>
      <trkpt lat="54.81263117864728" lon="23.131519993767142">
        <ele>-340.36000000000001</ele>
        <time>2026-01-19T13:47:41Z</time>
      </trkpt>
      <trkpt lat="54.813805902376771" lon="23.13116317614913">
        <ele>-340.79000000000002</ele>
        <time>2026-01-19T13:47:49Z</time>
      </trkpt>
      <trkpt lat="54.814374530687928" lon="23.13092328608036">
        <ele>-341.41000000000003</ele>
        <time>2026-01-19T13:47:56Z</time>
      </trkpt>
      <trkpt lat="54.815204674378037" lon="23.130689933896065">
        <ele>-342.70999999999998</ele>
        <time>2026-01-19T13:48:08Z</time>
      </trkpt>
      <trkpt lat="54.815299138426781" lon="23.130679037421942">
        <ele>-343.02999999999997</ele>
        <time>2026-01-19T13:48:10Z</time>
      </trkpt>
      <trkpt lat="54.815343730151653" lon="23.130687922239304">
        <ele>-343.13999999999999</ele>
        <time>2026-01-19T13:48:11Z</time>
      </trkpt>
      <trkpt lat="54.815385555848479" lon="23.130709966644645">
        <ele>-343.25</ele>
        <time>2026-01-19T13:48:12Z</time>
      </trkpt>
      <trkpt lat="54.815423609688878" lon="23.130745002999902">
        <ele>-343.36000000000001</ele>
        <time>2026-01-19T13:48:13Z</time>
      </trkpt>
      <trkpt lat="54.815458813682199" lon="23.130801497027278">
        <ele>-343.44999999999999</ele>
        <time>2026-01-19T13:48:14Z</time>
      </trkpt>
      <trkpt lat="54.815490413457155" lon="23.130886908620596">
        <ele>-343.50999999999999</ele>
        <time>2026-01-19T13:48:15Z</time>
      </trkpt>
      <trkpt lat="54.815516984090209" lon="23.130996963009238">
        <ele>-343.56999999999999</ele>
        <time>2026-01-19T13:48:16Z</time>
      </trkpt>
      <trkpt lat="54.815540369600058" lon="23.131118165329099">
        <ele>-343.63</ele>
        <time>2026-01-19T13:48:17Z</time>
      </trkpt>
      <trkpt lat="54.815600467845798" lon="23.13134397380054">
        <ele>-343.79000000000002</ele>
        <time>2026-01-19T13:48:19Z</time>
      </trkpt>
      <trkpt lat="54.815649418160319" lon="23.131428295746446">
        <ele>-343.87</ele>
        <time>2026-01-19T13:48:20Z</time>
      </trkpt>
      <trkpt lat="54.815713120624423" lon="23.131480263546109">
        <ele>-343.92000000000002</ele>
        <time>2026-01-19T13:48:21Z</time>
      </trkpt>
      <trkpt lat="54.815788976848125" lon="23.131497446447611">
        <ele>-343.99000000000001</ele>
        <time>2026-01-19T13:48:22Z</time>
      </trkpt>
      <trkpt lat="54.815871203318238" lon="23.131485376507044">
        <ele>-344.07999999999998</ele>
        <time>2026-01-19T13:48:23Z</time>
      </trkpt>
      <trkpt lat="54.815954938530922" lon="23.131449082866311">
        <ele>-344.14999999999998</ele>
        <time>2026-01-19T13:48:24Z</time>
      </trkpt>
      <trkpt lat="54.816036410629749" lon="23.131387475878">
        <ele>-344.19999999999999</ele>
        <time>2026-01-19T13:48:25Z</time>
      </trkpt>
      <trkpt lat="54.816115368157625" lon="23.131302064284682">
        <ele>-344.24000000000001</ele>
        <time>2026-01-19T13:48:26Z</time>
      </trkpt>
      <trkpt lat="54.816191643476486" lon="23.131191758438945">
        <ele>-344.26999999999998</ele>
        <time>2026-01-19T13:48:27Z</time>
      </trkpt>
      <trkpt lat="54.816264901310205" lon="23.131057815626264">
        <ele>-344.32999999999998</ele>
        <time>2026-01-19T13:48:28Z</time>
      </trkpt>
      <trkpt lat="54.816337153315544" lon="23.130909707397223">
        <ele>-344.39999999999998</ele>
        <time>2026-01-19T13:48:29Z</time>
      </trkpt>
      <trkpt lat="54.81682020239532" lon="23.129888456314802">
        <ele>-344.67000000000002</ele>
        <time>2026-01-19T13:48:35Z</time>
      </trkpt>
      <trkpt lat="54.816929334774613" lon="23.12973297201097">
        <ele>-344.73000000000002</ele>
        <time>2026-01-19T13:48:36Z</time>
      </trkpt>
      <trkpt lat="54.817056320607662" lon="23.129599029198289">
        <ele>-344.74000000000001</ele>
        <time>2026-01-19T13:48:37Z</time>
      </trkpt>
      <trkpt lat="54.818252334371209" lon="23.128650281578302">
        <ele>-344.38</ele>
        <time>2026-01-19T13:48:44Z</time>
      </trkpt>
      <trkpt lat="54.820195762440562" lon="23.127197446301579">
        <ele>-342.93000000000001</ele>
        <time>2026-01-19T13:48:53Z</time>
      </trkpt>
      <trkpt lat="54.822914265096188" lon="23.125178748741746">
        <ele>-340.94</ele>
        <time>2026-01-19T13:49:05Z</time>
      </trkpt>
      <trkpt lat="54.824803797528148" lon="23.123775450512767">
        <ele>-339.75</ele>
        <time>2026-01-19T13:49:14Z</time>
      </trkpt>
      <trkpt lat="54.825117532163858" lon="23.123569758608937">
        <ele>-339.73000000000002</ele>
        <time>2026-01-19T13:49:17Z</time>
      </trkpt>
      <trkpt lat="54.825183665379882" lon="23.123558275401592">
        <ele>-339.82999999999998</ele>
        <time>2026-01-19T13:49:18Z</time>
      </trkpt>
      <trkpt lat="54.825230268761516" lon="23.123585600405931">
        <ele>-340</ele>
        <time>2026-01-19T13:49:19Z</time>
      </trkpt>
      <trkpt lat="54.825261449441314" lon="23.123652236536145">
        <ele>-340.17000000000002</ele>
        <time>2026-01-19T13:49:20Z</time>
      </trkpt>
      <trkpt lat="54.825293133035302" lon="23.123757010325789">
        <ele>-340.33999999999997</ele>
        <time>2026-01-19T13:49:21Z</time>
      </trkpt>
      <trkpt lat="54.825330851599574" lon="23.123905202373862">
        <ele>-340.44999999999999</ele>
        <time>2026-01-19T13:49:22Z</time>
      </trkpt>
      <trkpt lat="54.825373515486717" lon="23.124100835993886">
        <ele>-340.51999999999998</ele>
        <time>2026-01-19T13:49:23Z</time>
      </trkpt>
      <trkpt lat="54.82541810721159" lon="23.124344162642956">
        <ele>-340.56</ele>
        <time>2026-01-19T13:49:24Z</time>
      </trkpt>
      <trkpt lat="54.825964774936438" lon="23.126191450282931">
        <ele>-339.88</ele>
        <time>2026-01-19T13:49:30Z</time>
      </trkpt>
      <trkpt lat="54.827264808118343" lon="23.128630835562944">
        <ele>-337.50999999999999</ele>
        <time>2026-01-19T13:49:38Z</time>
      </trkpt>
      <trkpt lat="54.828179106116295" lon="23.130203364416957">
        <ele>-336.80000000000001</ele>
        <time>2026-01-19T13:49:45Z</time>
      </trkpt>
      <trkpt lat="54.828329812735319" lon="23.130366811528802">
        <ele>-336.72000000000003</ele>
        <time>2026-01-19T13:49:46Z</time>
      </trkpt>
      <trkpt lat="54.82850331813097" lon="23.130515674129128">
        <ele>-336.66000000000003</ele>
        <time>2026-01-19T13:49:47Z</time>
      </trkpt>
      <trkpt lat="54.83019445091486" lon="23.131654355674982">
        <ele>-335.06999999999999</ele>
        <time>2026-01-19T13:49:55Z</time>
      </trkpt>
      <trkpt lat="54.831310836598277" lon="23.132434375584126">
        <ele>-334.27999999999997</ele>
        <time>2026-01-19T13:50:01Z</time>
      </trkpt>
      <trkpt lat="54.832405429333448" lon="23.133214730769396">
        <ele>-334.39999999999998</ele>
        <time>2026-01-19T13:50:09Z</time>
      </trkpt>
      <trkpt lat="54.833156447857618" lon="23.133866591379046">
        <ele>-334.81999999999999</ele>
        <time>2026-01-19T13:50:16Z</time>
      </trkpt>
      <trkpt lat="54.833210008218884" lon="23.133877152577043">
        <ele>-334.97000000000003</ele>
        <time>2026-01-19T13:50:17Z</time>
      </trkpt>
      <trkpt lat="54.833253677934408" lon="23.133848151192069">
        <ele>-335.13</ele>
        <time>2026-01-19T13:50:18Z</time>
      </trkpt>
      <trkpt lat="54.833290306851268" lon="23.133775480091572">
        <ele>-335.26999999999998</ele>
        <time>2026-01-19T13:50:19Z</time>
      </trkpt>
      <trkpt lat="54.833325929939747" lon="23.133655954152346">
        <ele>-335.35000000000002</ele>
        <time>2026-01-19T13:50:20Z</time>
      </trkpt>
      <trkpt lat="54.833369012922049" lon="23.133491249755025">
        <ele>-335.43000000000001</ele>
        <time>2026-01-19T13:50:21Z</time>
      </trkpt>
      <trkpt lat="54.833828341215849" lon="23.131809337064624">
        <ele>-336.01999999999998</ele>
        <time>2026-01-19T13:50:28Z</time>
      </trkpt>
      <trkpt lat="54.834697712212801" lon="23.128662100061774">
        <ele>-335.45999999999998</ele>
        <time>2026-01-19T13:50:37Z</time>
      </trkpt>
      <trkpt lat="54.835486952215433" lon="23.125811079517007">
        <ele>-334.95999999999998</ele>
        <time>2026-01-19T13:50:45Z</time>
      </trkpt>
      <trkpt lat="54.83595734462142" lon="23.124158419668674">
        <ele>-335.04000000000002</ele>
        <time>2026-01-19T13:50:51Z</time>
      </trkpt>
      <trkpt lat="54.836051724851131" lon="23.123851558193564">
        <ele>-335.44999999999999</ele>
        <time>2026-01-19T13:50:54Z</time>
      </trkpt>
      <trkpt lat="54.836074272170663" lon="23.12385625205934">
        <ele>-335.69</ele>
        <time>2026-01-19T13:50:55Z</time>
      </trkpt>
      <trkpt lat="54.83610050752759" lon="23.123882235959172">
        <ele>-335.93000000000001</ele>
        <time>2026-01-19T13:50:56Z</time>
      </trkpt>
      <trkpt lat="54.836136549711227" lon="23.123907968401909">
        <ele>-336.13</ele>
        <time>2026-01-19T13:50:57Z</time>
      </trkpt>
      <trkpt lat="54.836195642128587" lon="23.123920122161508">
        <ele>-336.31999999999999</ele>
        <time>2026-01-19T13:50:58Z</time>
      </trkpt>
      <trkpt lat="54.83627644367516" lon="23.123897574841976">
        <ele>-336.48000000000002</ele>
        <time>2026-01-19T13:50:59Z</time>
      </trkpt>
      <trkpt lat="54.836377110332251" lon="23.123845858499408">
        <ele>-336.61000000000001</ele>
        <time>2026-01-19T13:51:00Z</time>
      </trkpt>
      <trkpt lat="54.837315380573273" lon="23.123337579891086">
        <ele>-336.99000000000001</ele>
        <time>2026-01-19T13:51:06Z</time>
      </trkpt>
      <trkpt lat="54.837898425757885" lon="23.12298403121531">
        <ele>-337.41000000000003</ele>
        <time>2026-01-19T13:51:10Z</time>
      </trkpt>
      <trkpt lat="54.838033793494105" lon="23.122845478355885">
        <ele>-337.61000000000001</ele>
        <time>2026-01-19T13:51:11Z</time>
      </trkpt>
      <trkpt lat="54.838301176205277" lon="23.122578430920839">
        <ele>-337.89999999999998</ele>
        <time>2026-01-19T13:51:13Z</time>
      </trkpt>
      <trkpt lat="54.83844836242497" lon="23.122478183358908">
        <ele>-338.01999999999998</ele>
        <time>2026-01-19T13:51:14Z</time>
      </trkpt>
      <trkpt lat="54.838611809536815" lon="23.122396124526858">
        <ele>-338.13999999999999</ele>
        <time>2026-01-19T13:51:15Z</time>
      </trkpt>
      <trkpt lat="54.839725513011217" lon="23.121816348284483">
        <ele>-338.47000000000003</ele>
        <time>2026-01-19T13:51:22Z</time>
      </trkpt>
      <trkpt lat="54.840023657307029" lon="23.121522227302194">
        <ele>-338.75</ele>
        <time>2026-01-19T13:51:25Z</time>
      </trkpt>
      <trkpt lat="54.840112505480647" lon="23.121460536494851">
        <ele>-338.85000000000002</ele>
        <time>2026-01-19T13:51:26Z</time>
      </trkpt>
      <trkpt lat="54.840196073055267" lon="23.121423069387674">
        <ele>-338.94</ele>
        <time>2026-01-19T13:51:27Z</time>
      </trkpt>
      <trkpt lat="54.840275198221207" lon="23.121409909799695">
        <ele>-339.01999999999998</ele>
        <time>2026-01-19T13:51:28Z</time>
      </trkpt>
      <trkpt lat="54.840350216254592" lon="23.121411502361298">
        <ele>-339.10000000000002</ele>
        <time>2026-01-19T13:51:29Z</time>
      </trkpt>
      <trkpt lat="54.840412745252252" lon="23.121421225368977">
        <ele>-339.19</ele>
        <time>2026-01-19T13:51:30Z</time>
      </trkpt>
      <trkpt lat="54.84045616351068" lon="23.121434468775988">
        <ele>-339.31</ele>
        <time>2026-01-19T13:51:31Z</time>
      </trkpt>
      <trkpt lat="54.840486841276288" lon="23.121458105742931">
        <ele>-340.32999999999998</ele>
        <time>2026-01-19T13:51:39Z</time>
      </trkpt>
      <trkpt lat="54.840482985600829" lon="23.121463973075151">
        <ele>-343.36000000000001</ele>
        <time>2026-01-19T13:52:02Z</time>
      </trkpt>
      <trkpt lat="54.840479465201497" lon="23.121466068550944">
        <ele>-346.49000000000001</ele>
        <time>2026-01-19T13:52:29Z</time>
      </trkpt>
      <trkpt lat="54.840731844305992" lon="23.121462799608707">
        <ele>-348.48000000000002</ele>
        <time>2026-01-19T13:52:48Z</time>
      </trkpt>
      <trkpt lat="54.841603897511959" lon="23.121528010815382">
        <ele>-348.47000000000003</ele>
        <time>2026-01-19T13:52:54Z</time>
      </trkpt>
      <trkpt lat="54.843527879565954" lon="23.121637478470802">
        <ele>-347.22000000000003</ele>
        <time>2026-01-19T13:53:03Z</time>
      </trkpt>
      <trkpt lat="54.845575327053666" lon="23.121747868135571">
        <ele>-345.75999999999999</ele>
        <time>2026-01-19T13:53:12Z</time>
      </trkpt>
      <trkpt lat="54.847735678777099" lon="23.121855072677135">
        <ele>-344.23000000000002</ele>
        <time>2026-01-19T13:53:22Z</time>
      </trkpt>
      <trkpt lat="54.849634682759643" lon="23.121969737112522">
        <ele>-342.93000000000001</ele>
        <time>2026-01-19T13:53:31Z</time>
      </trkpt>
      <trkpt lat="54.851509630680084" lon="23.122106529772282">
        <ele>-341.37</ele>
        <time>2026-01-19T13:53:39Z</time>
      </trkpt>
      <trkpt lat="54.853424057364464" lon="23.122370894998312">
        <ele>-339.75999999999999</ele>
        <time>2026-01-19T13:53:47Z</time>
      </trkpt>
      <trkpt lat="54.85499968752265" lon="23.122715139761567">
        <ele>-338.06</ele>
        <time>2026-01-19T13:53:54Z</time>
      </trkpt>
      <trkpt lat="54.85515215434134" lon="23.122816560789943">
        <ele>-337.95999999999998</ele>
        <time>2026-01-19T13:53:55Z</time>
      </trkpt>
      <trkpt lat="54.85528752207756" lon="23.122961400076747">
        <ele>-337.87</ele>
        <time>2026-01-19T13:53:56Z</time>
      </trkpt>
      <trkpt lat="54.855420039966702" lon="23.123146221041679">
        <ele>-337.79000000000002</ele>
        <time>2026-01-19T13:53:57Z</time>
      </trkpt>
      <trkpt lat="54.85556211322546" lon="23.123362641781569">
        <ele>-337.70999999999998</ele>
        <time>2026-01-19T13:53:58Z</time>
      </trkpt>
      <trkpt lat="54.856802131980658" lon="23.125225771218538">
        <ele>-336.25</ele>
        <time>2026-01-19T13:54:05Z</time>
      </trkpt>
      <trkpt lat="54.858986707404256" lon="23.128479793667793">
        <ele>-333.29000000000002</ele>
        <time>2026-01-19T13:54:16Z</time>
      </trkpt>
      <trkpt lat="54.861290892586112" lon="23.13188242726028">
        <ele>-329.82999999999998</ele>
        <time>2026-01-19T13:54:27Z</time>
      </trkpt>
      <trkpt lat="54.862339803948998" lon="23.133442299440503">
        <ele>-328.73000000000002</ele>
        <time>2026-01-19T13:54:33Z</time>
      </trkpt>
      <trkpt lat="54.863454010337591" lon="23.13510593958199">
        <ele>-328.61000000000001</ele>
        <time>2026-01-19T13:54:40Z</time>
      </trkpt>
      <trkpt lat="54.864363111555576" lon="23.136471686884761">
        <ele>-328.37</ele>
        <time>2026-01-19T13:54:46Z</time>
      </trkpt>
      <trkpt lat="54.865039112046361" lon="23.137448346242309">
        <ele>-329.50999999999999</ele>
        <time>2026-01-19T13:54:54Z</time>
      </trkpt>
      <trkpt lat="54.865643195807934" lon="23.138010185211897">
        <ele>-331.24000000000001</ele>
        <time>2026-01-19T13:55:03Z</time>
      </trkpt>
      <trkpt lat="54.866647180169821" lon="23.138902774080634">
        <ele>-331.13</ele>
        <time>2026-01-19T13:55:09Z</time>
      </trkpt>
      <trkpt lat="54.868847094476223" lon="23.140823403373361">
        <ele>-329.88999999999999</ele>
        <time>2026-01-19T13:55:20Z</time>
      </trkpt>
      <trkpt lat="54.871017336845398" lon="23.142734477296472">
        <ele>-328.68000000000001</ele>
        <time>2026-01-19T13:55:30Z</time>
      </trkpt>
      <trkpt lat="54.872647617012262" lon="23.144164513796568">
        <ele>-328.13</ele>
        <time>2026-01-19T13:55:38Z</time>
      </trkpt>
      <trkpt lat="54.873394528403878" lon="23.144816374406219">
        <ele>-328.85000000000002</ele>
        <time>2026-01-19T13:55:44Z</time>
      </trkpt>
      <trkpt lat="54.873631652444601" lon="23.145010583102703">
        <ele>-330.30000000000001</ele>
        <time>2026-01-19T13:55:50Z</time>
      </trkpt>
      <trkpt lat="54.873634502291679" lon="23.145005386322737">
        <ele>-333.42000000000002</ele>
        <time>2026-01-19T13:56:04Z</time>
      </trkpt>
      <trkpt lat="54.873631065711379" lon="23.145000860095024">
        <ele>-336.42000000000002</ele>
        <time>2026-01-19T13:56:20Z</time>
      </trkpt>
      <trkpt lat="54.8738769069314" lon="23.14522105269134">
        <ele>-337.77999999999997</ele>
        <time>2026-01-19T13:56:31Z</time>
      </trkpt>
      <trkpt lat="54.874660698696971" lon="23.145935861393809">
        <ele>-337.88999999999999</ele>
        <time>2026-01-19T13:56:37Z</time>
      </trkpt>
      <trkpt lat="54.875582456588745" lon="23.146754521876574">
        <ele>-338.06999999999999</ele>
        <time>2026-01-19T13:56:45Z</time>
      </trkpt>
      <trkpt lat="54.876469932496548" lon="23.147594388574362">
        <ele>-338.69</ele>
        <time>2026-01-19T13:56:56Z</time>
      </trkpt>
      <trkpt lat="54.877070998772979" lon="23.148456383496523">
        <ele>-338.87</ele>
        <time>2026-01-19T13:57:04Z</time>
      </trkpt>
      <trkpt lat="54.87753820605576" lon="23.149204300716519">
        <ele>-339.23000000000002</ele>
        <time>2026-01-19T13:57:13Z</time>
      </trkpt>
      <trkpt lat="54.877637196332216" lon="23.149368250742555">
        <ele>-339.31</ele>
        <time>2026-01-19T13:57:15Z</time>
      </trkpt>
      <trkpt lat="54.8776691313833" lon="23.149450393393636">
        <ele>-339.36000000000001</ele>
        <time>2026-01-19T13:57:16Z</time>
      </trkpt>
      <trkpt lat="54.877685140818357" lon="23.149540917947888">
        <ele>-339.42000000000002</ele>
        <time>2026-01-19T13:57:17Z</time>
      </trkpt>
      <trkpt lat="54.877676842734218" lon="23.149650888517499">
        <ele>-339.49000000000001</ele>
        <time>2026-01-19T13:57:18Z</time>
      </trkpt>
      <trkpt lat="54.87764423713088" lon="23.149792291224003">
        <ele>-339.52999999999997</ele>
        <time>2026-01-19T13:57:19Z</time>
      </trkpt>
      <trkpt lat="54.877592185512185" lon="23.149969652295113">
        <ele>-339.58999999999997</ele>
        <time>2026-01-19T13:57:20Z</time>
      </trkpt>
      <trkpt lat="54.877524459734559" lon="23.150187497958541">
        <ele>-339.61000000000001</ele>
        <time>2026-01-19T13:57:21Z</time>
      </trkpt>
      <trkpt lat="54.877086756750941" lon="23.151912074536085">
        <ele>-339.42000000000002</ele>
        <time>2026-01-19T13:57:28Z</time>
      </trkpt>
      <trkpt lat="54.877076530829072" lon="23.153376979753375">
        <ele>-339.44999999999999</ele>
        <time>2026-01-19T13:57:34Z</time>
      </trkpt>
      <trkpt lat="54.877314744517207" lon="23.155512269586325">
        <ele>-339.17000000000002</ele>
        <time>2026-01-19T13:57:41Z</time>
      </trkpt>
      <trkpt lat="54.877748005092144" lon="23.158697560429573">
        <ele>-336.75</ele>
        <time>2026-01-19T13:57:49Z</time>
      </trkpt>
      <trkpt lat="54.878009939566255" lon="23.161929957568645">
        <ele>-334.89999999999998</ele>
        <time>2026-01-19T13:57:57Z</time>
      </trkpt>
      <trkpt lat="54.878099709749222" lon="23.162797233089805">
        <ele>-335.12</ele>
        <time>2026-01-19T13:58:01Z</time>
      </trkpt>
      <trkpt lat="54.878136925399303" lon="23.16290745511651">
        <ele>-335.31999999999999</ele>
        <time>2026-01-19T13:58:02Z</time>
      </trkpt>
      <trkpt lat="54.878192497417331" lon="23.162972079589963">
        <ele>-335.51999999999998</ele>
        <time>2026-01-19T13:58:03Z</time>
      </trkpt>
      <trkpt lat="54.878265587612987" lon="23.162986915558577">
        <ele>-335.69</ele>
        <time>2026-01-19T13:58:04Z</time>
      </trkpt>
      <trkpt lat="54.878355441614985" lon="23.162957997992635">
        <ele>-335.88999999999999</ele>
        <time>2026-01-19T13:58:05Z</time>
      </trkpt>
      <trkpt lat="54.87846314907074" lon="23.162900162860751">
        <ele>-336.08999999999997</ele>
        <time>2026-01-19T13:58:06Z</time>
      </trkpt>
      <trkpt lat="54.878590805456042" lon="23.162825061008334">
        <ele>-336.20999999999998</ele>
        <time>2026-01-19T13:58:07Z</time>
      </trkpt>
      <trkpt lat="54.879518263041973" lon="23.162508308887482">
        <ele>-336.31</ele>
        <time>2026-01-19T13:58:12Z</time>
      </trkpt>
      <trkpt lat="54.881298495456576" lon="23.162624230608344">
        <ele>-335.29000000000002</ele>
        <time>2026-01-19T13:58:19Z</time>
      </trkpt>
      <trkpt lat="54.883490363135934" lon="23.162926901131868">
        <ele>-334.22000000000003</ele>
        <time>2026-01-19T13:58:28Z</time>
      </trkpt>
      <trkpt lat="54.885935867205262" lon="23.163225967437029">
        <ele>-332.61000000000001</ele>
        <time>2026-01-19T13:58:38Z</time>
      </trkpt>
      <trkpt lat="54.888987466692924" lon="23.163644140586257">
        <ele>-330.75</ele>
        <time>2026-01-19T13:58:50Z</time>
      </trkpt>
      <trkpt lat="54.890813212841749" lon="23.163896519690752">
        <ele>-330.10000000000002</ele>
        <time>2026-01-19T13:58:58Z</time>
      </trkpt>
      <trkpt lat="54.892305107787251" lon="23.16409969702363">
        <ele>-330.24000000000001</ele>
        <time>2026-01-19T13:59:06Z</time>
      </trkpt>
      <trkpt lat="54.892755718901753" lon="23.164273370057344">
        <ele>-330.38999999999999</ele>
        <time>2026-01-19T13:59:09Z</time>
      </trkpt>
      <trkpt lat="54.892905168235302" lon="23.164393985643983">
        <ele>-330.44999999999999</ele>
        <time>2026-01-19T13:59:10Z</time>
      </trkpt>
      <trkpt lat="54.893061155453324" lon="23.164561623707414">
        <ele>-330.48000000000002</ele>
        <time>2026-01-19T13:59:11Z</time>
      </trkpt>
      <trkpt lat="54.89377286285162" lon="23.165555465966463">
        <ele>-330.76999999999998</ele>
        <time>2026-01-19T13:59:17Z</time>
      </trkpt>
      <trkpt lat="54.893838912248611" lon="23.165643056854606">
        <ele>-330.85000000000002</ele>
        <time>2026-01-19T13:59:18Z</time>
      </trkpt>
      <trkpt lat="54.893892724066973" lon="23.165686391294003">
        <ele>-330.94999999999999</ele>
        <time>2026-01-19T13:59:19Z</time>
      </trkpt>
      <trkpt lat="54.893936645239592" lon="23.165685888379812">
        <ele>-331.06999999999999</ele>
        <time>2026-01-19T13:59:20Z</time>
      </trkpt>
      <trkpt lat="54.893970424309373" lon="23.165632579475641">
        <ele>-331.26999999999998</ele>
        <time>2026-01-19T13:59:21Z</time>
      </trkpt>
      <trkpt lat="54.894000347703695" lon="23.165512047708035">
        <ele>-331.54000000000002</ele>
        <time>2026-01-19T13:59:22Z</time>
      </trkpt>
      <trkpt lat="54.894042005762458" lon="23.165321946144104">
        <ele>-331.93000000000001</ele>
        <time>2026-01-19T13:59:23Z</time>
      </trkpt>
      <trkpt lat="54.894352219998837" lon="23.163771461695433">
        <ele>-332.01999999999998</ele>
        <time>2026-01-19T13:59:28Z</time>
      </trkpt>
      <trkpt lat="54.894909281283617" lon="23.161046002060175">
        <ele>-331.13</ele>
        <time>2026-01-19T13:59:35Z</time>
      </trkpt>
      <trkpt lat="54.895667340606451" lon="23.157416470348835">
        <ele>-330.37</ele>
        <time>2026-01-19T13:59:45Z</time>
      </trkpt>
      <trkpt lat="54.896220713853836" lon="23.15479620359838">
        <ele>-329.74000000000001</ele>
        <time>2026-01-19T13:59:53Z</time>
      </trkpt>
      <trkpt lat="54.896396482363343" lon="23.153941668570042">
        <ele>-330.25</ele>
        <time>2026-01-19T13:59:58Z</time>
      </trkpt>
      <trkpt lat="54.896794119849801" lon="23.152091363444924">
        <ele>-330.88999999999999</ele>
        <time>2026-01-19T14:00:06Z</time>
      </trkpt>
      <trkpt lat="54.896895457059145" lon="23.151709651574492">
        <ele>-331.04000000000002</ele>
        <time>2026-01-19T14:00:08Z</time>
      </trkpt>
      <trkpt lat="54.896948765963316" lon="23.151576463133097">
        <ele>-331.11000000000001</ele>
        <time>2026-01-19T14:00:09Z</time>
      </trkpt>
      <trkpt lat="54.897014312446117" lon="23.151448722928762">
        <ele>-331.23000000000002</ele>
        <time>2026-01-19T14:00:10Z</time>
      </trkpt>
      <trkpt lat="54.897092096507549" lon="23.15132986754179">
        <ele>-331.37</ele>
        <time>2026-01-19T14:00:11Z</time>
      </trkpt>
      <trkpt lat="54.897182956337929" lon="23.151228446513414">
        <ele>-331.47000000000003</ele>
        <time>2026-01-19T14:00:12Z</time>
      </trkpt>
      <trkpt lat="54.89728169515729" lon="23.151148986071348">
        <ele>-331.56999999999999</ele>
        <time>2026-01-19T14:00:13Z</time>
      </trkpt>
      <trkpt lat="54.897385211661458" lon="23.151092743501067">
        <ele>-331.67000000000002</ele>
        <time>2026-01-19T14:00:14Z</time>
      </trkpt>
      <trkpt lat="54.897498032078147" lon="23.151059467345476">
        <ele>-331.76999999999998</ele>
        <time>2026-01-19T14:00:15Z</time>
      </trkpt>
      <trkpt lat="54.897617055103183" lon="23.151041027158499">
        <ele>-331.86000000000001</ele>
        <time>2026-01-19T14:00:16Z</time>
      </trkpt>
      <trkpt lat="54.898740230128169" lon="23.150883112102747">
        <ele>-332.48000000000002</ele>
        <time>2026-01-19T14:00:24Z</time>
      </trkpt>
      <trkpt lat="54.900161046534777" lon="23.150636097416282">
        <ele>-332.75999999999999</ele>
        <time>2026-01-19T14:00:33Z</time>
      </trkpt>
      <trkpt lat="54.901225883513689" lon="23.150435602292418">
        <ele>-332.94999999999999</ele>
        <time>2026-01-19T14:00:40Z</time>
      </trkpt>
      <trkpt lat="54.902397338300943" lon="23.150266958400607">
        <ele>-333.54000000000002</ele>
        <time>2026-01-19T14:00:48Z</time>
      </trkpt>
      <trkpt lat="54.902481911703944" lon="23.150325464084744">
        <ele>-333.63</ele>
        <time>2026-01-19T14:00:49Z</time>
      </trkpt>
      <trkpt lat="54.902545781806111" lon="23.150431243702769">
        <ele>-333.75</ele>
        <time>2026-01-19T14:00:50Z</time>
      </trkpt>
      <trkpt lat="54.902597414329648" lon="23.150581112131476">
        <ele>-333.88</ele>
        <time>2026-01-19T14:00:51Z</time>
      </trkpt>
      <trkpt lat="54.902645777910948" lon="23.15075964666903">
        <ele>-334.01999999999998</ele>
        <time>2026-01-19T14:00:52Z</time>
      </trkpt>
      <trkpt lat="54.90288675762713" lon="23.151628263294697">
        <ele>-334.54000000000002</ele>
        <time>2026-01-19T14:00:57Z</time>
      </trkpt>
      <trkpt lat="54.902944173663855" lon="23.151735384017229">
        <ele>-334.62</ele>
        <time>2026-01-19T14:00:58Z</time>
      </trkpt>
      <trkpt lat="54.903013240545988" lon="23.151817275211215">
        <ele>-334.68000000000001</ele>
        <time>2026-01-19T14:00:59Z</time>
      </trkpt>
      <trkpt lat="54.903089096769691" lon="23.151871925219893">
        <ele>-334.73000000000002</ele>
        <time>2026-01-19T14:01:00Z</time>
      </trkpt>
      <trkpt lat="54.903174508363008" lon="23.151899166405201">
        <ele>-334.81</ele>
        <time>2026-01-19T14:01:01Z</time>
      </trkpt>
      <trkpt lat="54.90327768959105" lon="23.151908721774817">
        <ele>-335.01999999999998</ele>
        <time>2026-01-19T14:01:02Z</time>
      </trkpt>
      <trkpt lat="54.903396209701896" lon="23.151926156133413">
        <ele>-335.06999999999999</ele>
        <time>2026-01-19T14:01:03Z</time>
      </trkpt>
      <trkpt lat="54.904547045007348" lon="23.152145175263286">
        <ele>-334.64999999999998</ele>
        <time>2026-01-19T14:01:10Z</time>
      </trkpt>
      <trkpt lat="54.90661209449172" lon="23.152555050328374">
        <ele>-333.49000000000001</ele>
        <time>2026-01-19T14:01:20Z</time>
      </trkpt>
      <trkpt lat="54.908411521464586" lon="23.152921926230192">
        <ele>-332.48000000000002</ele>
        <time>2026-01-19T14:01:28Z</time>
      </trkpt>
      <trkpt lat="54.909674087539315" lon="23.153158379718661">
        <ele>-331.37</ele>
        <time>2026-01-19T14:01:34Z</time>
      </trkpt>
      <trkpt lat="54.911053916439414" lon="23.153404891490936">
        <ele>-331.51999999999998</ele>
        <time>2026-01-19T14:01:43Z</time>
      </trkpt>
      <trkpt lat="54.911651127040386" lon="23.153601950034499">
        <ele>-332.05000000000001</ele>
        <time>2026-01-19T14:01:50Z</time>
      </trkpt>
      <trkpt lat="54.911656826734543" lon="23.153601447120309">
        <ele>-332.75</ele>
        <time>2026-01-19T14:01:58Z</time>
      </trkpt>
      <trkpt lat="54.91165129467845" lon="23.153601195663214">
        <ele>-335.82999999999998</ele>
        <time>2026-01-19T14:02:20Z</time>
      </trkpt>
      <trkpt lat="54.911646684631705" lon="23.153600692749023">
        <ele>-338.88</ele>
        <time>2026-01-19T14:02:44Z</time>
      </trkpt>
      <trkpt lat="54.911944828927517" lon="23.153607733547688">
        <ele>-341.50999999999999</ele>
        <time>2026-01-19T14:03:09Z</time>
      </trkpt>
      <trkpt lat="54.912675814703107" lon="23.15376321785152">
        <ele>-341.75999999999999</ele>
        <time>2026-01-19T14:03:15Z</time>
      </trkpt>
      <trkpt lat="54.914223533123732" lon="23.154154736548662">
        <ele>-340.94999999999999</ele>
        <time>2026-01-19T14:03:24Z</time>
      </trkpt>
      <trkpt lat="54.916342897340655" lon="23.154814057052135">
        <ele>-338.25999999999999</ele>
        <time>2026-01-19T14:03:33Z</time>
      </trkpt>
      <trkpt lat="54.918187921866775" lon="23.155357036739588">
        <ele>-337.19</ele>
        <time>2026-01-19T14:03:42Z</time>
      </trkpt>
      <trkpt lat="54.920186083763838" lon="23.155974699184299">
        <ele>-335.10000000000002</ele>
        <time>2026-01-19T14:03:50Z</time>
      </trkpt>
      <trkpt lat="54.921452170237899" lon="23.156343000009656">
        <ele>-334.02999999999997</ele>
        <time>2026-01-19T14:03:56Z</time>
      </trkpt>
      <trkpt lat="54.922912884503603" lon="23.156823366880417">
        <ele>-333.43000000000001</ele>
        <time>2026-01-19T14:04:03Z</time>
      </trkpt>
      <trkpt lat="54.924447610974312" lon="23.157317480072379">
        <ele>-332.13999999999999</ele>
        <time>2026-01-19T14:04:10Z</time>
      </trkpt>
      <trkpt lat="54.92641719058156" lon="23.157935980707407">
        <ele>-330.70999999999998</ele>
        <time>2026-01-19T14:04:18Z</time>
      </trkpt>
      <trkpt lat="54.928283924236894" lon="23.158554565161467">
        <ele>-329.22000000000003</ele>
        <time>2026-01-19T14:04:26Z</time>
      </trkpt>
      <trkpt lat="54.929877324029803" lon="23.159003918990493">
        <ele>-328.56</ele>
        <time>2026-01-19T14:04:33Z</time>
      </trkpt>
      <trkpt lat="54.931815974414349" lon="23.159602889791131">
        <ele>-327.45999999999998</ele>
        <time>2026-01-19T14:04:41Z</time>
      </trkpt>
      <trkpt lat="54.934024522081017" lon="23.160280901938677">
        <ele>-326.26999999999998</ele>
        <time>2026-01-19T14:04:50Z</time>
      </trkpt>
      <trkpt lat="54.936286630108953" lon="23.160995459184051">
        <ele>-325.35000000000002</ele>
        <time>2026-01-19T14:04:59Z</time>
      </trkpt>
      <trkpt lat="54.938156129792333" lon="23.161586886271834">
        <ele>-325.20999999999998</ele>
        <time>2026-01-19T14:05:07Z</time>
      </trkpt>
      <trkpt lat="54.939776351675391" lon="23.162099858745933">
        <ele>-325.18000000000001</ele>
        <time>2026-01-19T14:05:15Z</time>
      </trkpt>
      <trkpt lat="54.940698863938451" lon="23.162398925051093">
        <ele>-326.22000000000003</ele>
        <time>2026-01-19T14:05:22Z</time>
      </trkpt>
      <trkpt lat="54.941444350406528" lon="23.162628170102835">
        <ele>-327.74000000000001</ele>
        <time>2026-01-19T14:05:30Z</time>
      </trkpt>
      <trkpt lat="54.94202840141952" lon="23.162796813994646">
        <ele>-329.32999999999998</ele>
        <time>2026-01-19T14:05:39Z</time>
      </trkpt>
      <trkpt lat="54.942359989508986" lon="23.162924470379949">
        <ele>-330.77999999999997</ele>
        <time>2026-01-19T14:05:47Z</time>
      </trkpt>
      <trkpt lat="54.942365102469921" lon="23.162945006042719">
        <ele>-331.00999999999999</ele>
        <time>2026-01-19T14:05:48Z</time>
      </trkpt>
      <trkpt lat="54.942354373633862" lon="23.162973839789629">
        <ele>-333.50999999999999</ele>
        <time>2026-01-19T14:06:04Z</time>
      </trkpt>
      <trkpt lat="54.942327803000808" lon="23.163050701841712">
        <ele>-333.74000000000001</ele>
        <time>2026-01-19T14:06:06Z</time>
      </trkpt>
      <trkpt lat="54.942305088043213" lon="23.163090934976935">
        <ele>-333.86000000000001</ele>
        <time>2026-01-19T14:06:07Z</time>
      </trkpt>
      <trkpt lat="54.942277008667588" lon="23.163140136748552">
        <ele>-333.97000000000003</ele>
        <time>2026-01-19T14:06:08Z</time>
      </trkpt>
      <trkpt lat="54.942247420549393" lon="23.163207108154893">
        <ele>-334.10000000000002</ele>
        <time>2026-01-19T14:06:09Z</time>
      </trkpt>
      <trkpt lat="54.942190255969763" lon="23.16336284391582">
        <ele>-334.30000000000001</ele>
        <time>2026-01-19T14:06:11Z</time>
      </trkpt>
      <trkpt lat="54.942177934572101" lon="23.16358027048409">
        <ele>-334.72000000000003</ele>
        <time>2026-01-19T14:06:14Z</time>
      </trkpt>
      <trkpt lat="54.942142898216844" lon="23.164018392562866">
        <ele>-335.31999999999999</ele>
        <time>2026-01-19T14:06:21Z</time>
      </trkpt>
      <trkpt lat="54.942186148837209" lon="23.163669118657708">
        <ele>-335.47000000000003</ele>
        <time>2026-01-19T14:06:26Z</time>
      </trkpt>
      <trkpt lat="54.942313469946384" lon="23.162981551140547">
        <ele>-335.74000000000001</ele>
        <time>2026-01-19T14:06:35Z</time>
      </trkpt>
      <trkpt lat="54.942291425541043" lon="23.162899827584624">
        <ele>-335.81</ele>
        <time>2026-01-19T14:06:37Z</time>
      </trkpt>
      <trkpt lat="54.942248174920678" lon="23.162847105413675">
        <ele>-335.94</ele>
        <time>2026-01-19T14:06:39Z</time>
      </trkpt>
      <trkpt lat="54.942229902371764" lon="23.162840316072106">
        <ele>-336</ele>
        <time>2026-01-19T14:06:40Z</time>
      </trkpt>
      <trkpt lat="54.942200649529696" lon="23.162833945825696">
        <ele>-336.81</ele>
        <time>2026-01-19T14:06:57Z</time>
      </trkpt>
      <trkpt lat="54.941939217969775" lon="23.162760771811008">
        <ele>-339.01999999999998</ele>
        <time>2026-01-19T14:07:23Z</time>
      </trkpt>
      <trkpt lat="54.941776944324374" lon="23.162713665515184">
        <ele>-339.19999999999999</ele>
        <time>2026-01-19T14:07:26Z</time>
      </trkpt>
      <trkpt lat="54.941737046465278" lon="23.162739649415016">
        <ele>-339.26999999999998</ele>
        <time>2026-01-19T14:07:27Z</time>
      </trkpt>
      <trkpt lat="54.941706284880638" lon="23.162800334393978">
        <ele>-339.32999999999998</ele>
        <time>2026-01-19T14:07:28Z</time>
      </trkpt>
      <trkpt lat="54.941686084493995" lon="23.162899324670434">
        <ele>-339.41000000000003</ele>
        <time>2026-01-19T14:07:29Z</time>
      </trkpt>
      <trkpt lat="54.941670494154096" lon="23.163037458434701">
        <ele>-339.44999999999999</ele>
        <time>2026-01-19T14:07:30Z</time>
      </trkpt>
      <trkpt lat="54.941507130861282" lon="23.16420036368072">
        <ele>-339.35000000000002</ele>
        <time>2026-01-19T14:07:35Z</time>
      </trkpt>
      <trkpt lat="54.941130531951785" lon="23.166888188570738">
        <ele>-337.70999999999998</ele>
        <time>2026-01-19T14:07:43Z</time>
      </trkpt>
      <trkpt lat="54.940734151750803" lon="23.169749435037374">
        <ele>-336.25</ele>
        <time>2026-01-19T14:07:51Z</time>
      </trkpt>
      <trkpt lat="54.940384374931455" lon="23.172247661277652">
        <ele>-335.13</ele>
        <time>2026-01-19T14:07:58Z</time>
      </trkpt>
      <trkpt lat="54.939962597563863" lon="23.175288615748286">
        <ele>-333.64999999999998</ele>
        <time>2026-01-19T14:08:06Z</time>
      </trkpt>
      <trkpt lat="54.939512657001615" lon="23.178464602679014">
        <ele>-331.62</ele>
        <time>2026-01-19T14:08:14Z</time>
      </trkpt>
      <trkpt lat="54.939293889328837" lon="23.18013746291399">
        <ele>-331.62</ele>
        <time>2026-01-19T14:08:20Z</time>
      </trkpt>
      <trkpt lat="54.939023740589619" lon="23.182066474109888">
        <ele>-331.61000000000001</ele>
        <time>2026-01-19T14:08:27Z</time>
      </trkpt>
      <trkpt lat="54.938582349568605" lon="23.185207508504391">
        <ele>-330.31</ele>
        <time>2026-01-19T14:08:35Z</time>
      </trkpt>
      <trkpt lat="54.938232908025384" lon="23.187655610963702">
        <ele>-329.56</ele>
        <time>2026-01-19T14:08:42Z</time>
      </trkpt>
      <trkpt lat="54.938003746792674" lon="23.189277676865458">
        <ele>-330.41000000000003</ele>
        <time>2026-01-19T14:08:49Z</time>
      </trkpt>
      <trkpt lat="54.937851196154952" lon="23.190320134162903">
        <ele>-331.83999999999997</ele>
        <time>2026-01-19T14:08:57Z</time>
      </trkpt>
      <trkpt lat="54.937834516167641" lon="23.190381657332182">
        <ele>-332.06</ele>
        <time>2026-01-19T14:08:58Z</time>
      </trkpt>
      <trkpt lat="54.937811885029078" lon="23.190419711172581">
        <ele>-332.30000000000001</ele>
        <time>2026-01-19T14:08:59Z</time>
      </trkpt>
      <trkpt lat="54.937779363244772" lon="23.190433708950877">
        <ele>-332.48000000000002</ele>
        <time>2026-01-19T14:09:00Z</time>
      </trkpt>
      <trkpt lat="54.937735358253121" lon="23.190418286249042">
        <ele>-332.62</ele>
        <time>2026-01-19T14:09:01Z</time>
      </trkpt>
      <trkpt lat="54.937678696587682" lon="23.190369168296456">
        <ele>-332.75999999999999</ele>
        <time>2026-01-19T14:09:02Z</time>
      </trkpt>
      <trkpt lat="54.93760921061039" lon="23.190295826643705">
        <ele>-332.91000000000003</ele>
        <time>2026-01-19T14:09:03Z</time>
      </trkpt>
      <trkpt lat="54.936964306980371" lon="23.189625861123204">
        <ele>-333.44</ele>
        <time>2026-01-19T14:09:08Z</time>
      </trkpt>
      <trkpt lat="54.935342660173774" lon="23.187961215153337">
        <ele>-332.73000000000002</ele>
        <time>2026-01-19T14:09:17Z</time>
      </trkpt>
      <trkpt lat="54.933966435492039" lon="23.186633856967092">
        <ele>-334.61000000000001</ele>
        <time>2026-01-19T14:10:06Z</time>
      </trkpt>
      <trkpt lat="54.933959143236279" lon="23.186717173084617">
        <ele>-334.70999999999998</ele>
        <time>2026-01-19T14:10:07Z</time>
      </trkpt>
      <trkpt lat="54.93392645381391" lon="23.186824880540371">
        <ele>-334.77999999999997</ele>
        <time>2026-01-19T14:10:08Z</time>
      </trkpt>
      <trkpt lat="54.933875156566501" lon="23.186961757019162">
        <ele>-334.85000000000002</ele>
        <time>2026-01-19T14:10:09Z</time>
      </trkpt>
      <trkpt lat="54.933485984802246" lon="23.188088620081544">
        <ele>-334.69</ele>
        <time>2026-01-19T14:10:14Z</time>
      </trkpt>
      <trkpt lat="54.932485856115818" lon="23.191015077754855">
        <ele>-333.52999999999997</ele>
        <time>2026-01-19T14:10:24Z</time>
      </trkpt>
      <trkpt lat="54.931771382689476" lon="23.193133771419525">
        <ele>-332.50999999999999</ele>
        <time>2026-01-19T14:10:31Z</time>
      </trkpt>
      <trkpt lat="54.931182134896517" lon="23.194861030206084">
        <ele>-332.49000000000001</ele>
        <time>2026-01-19T14:10:39Z</time>
      </trkpt>
      <trkpt lat="54.931061770766973" lon="23.195136627182364">
        <ele>-332.56999999999999</ele>
        <time>2026-01-19T14:10:41Z</time>
      </trkpt>
      <trkpt lat="54.930989434942603" lon="23.195232851430774">
        <ele>-332.62</ele>
        <time>2026-01-19T14:10:42Z</time>
      </trkpt>
      <trkpt lat="54.930902346968651" lon="23.195299487560987">
        <ele>-332.70999999999998</ele>
        <time>2026-01-19T14:10:43Z</time>
      </trkpt>
      <trkpt lat="54.930800087749958" lon="23.195328069850802">
        <ele>-332.83999999999997</ele>
        <time>2026-01-19T14:10:44Z</time>
      </trkpt>
      <trkpt lat="54.930689781904221" lon="23.195326309651136">
        <ele>-332.95999999999998</ele>
        <time>2026-01-19T14:10:45Z</time>
      </trkpt>
      <trkpt lat="54.930572938174009" lon="23.195310886949301">
        <ele>-333.06</ele>
        <time>2026-01-19T14:10:46Z</time>
      </trkpt>
      <trkpt lat="54.930452741682529" lon="23.195286076515913">
        <ele>-333.13</ele>
        <time>2026-01-19T14:10:47Z</time>
      </trkpt>
      <trkpt lat="54.92926687002182" lon="23.195018358528614">
        <ele>-333.22000000000003</ele>
        <time>2026-01-19T14:10:56Z</time>
      </trkpt>
      <trkpt lat="54.928160458803177" lon="23.194876369088888">
        <ele>-333.25999999999999</ele>
        <time>2026-01-19T14:11:06Z</time>
      </trkpt>
      <trkpt lat="54.927814370021224" lon="23.194853905588388">
        <ele>-333.60000000000002</ele>
        <time>2026-01-19T14:11:14Z</time>
      </trkpt>
      <trkpt lat="54.927807496860623" lon="23.194887181743979">
        <ele>-334.76999999999998</ele>
        <time>2026-01-19T14:11:31Z</time>
      </trkpt>
      <trkpt lat="54.927806742489338" lon="23.194927666336298">
        <ele>-334.85000000000002</ele>
        <time>2026-01-19T14:11:32Z</time>
      </trkpt>
      <trkpt lat="54.927809927612543" lon="23.194985082373023">
        <ele>-334.91000000000003</ele>
        <time>2026-01-19T14:11:33Z</time>
      </trkpt>
      <trkpt lat="54.927800623700023" lon="23.195066638290882">
        <ele>-334.99000000000001</ele>
        <time>2026-01-19T14:11:34Z</time>
      </trkpt>
      <trkpt lat="54.927774807438254" lon="23.19517845287919">
        <ele>-335.06999999999999</ele>
        <time>2026-01-19T14:11:35Z</time>
      </trkpt>
      <trkpt lat="54.927678247913718" lon="23.19572813808918">
        <ele>-335.16000000000003</ele>
        <time>2026-01-19T14:11:38Z</time>
      </trkpt>
      <trkpt lat="54.927453696727753" lon="23.197630327194929">
        <ele>-335.12</ele>
        <time>2026-01-19T14:11:46Z</time>
      </trkpt>
      <trkpt lat="54.927171813324094" lon="23.199665704742074">
        <ele>-334.56999999999999</ele>
        <time>2026-01-19T14:11:54Z</time>
      </trkpt>
      <trkpt lat="54.927124958485365" lon="23.200134169310331">
        <ele>-334.41000000000003</ele>
        <time>2026-01-19T14:11:56Z</time>
      </trkpt>
      <trkpt lat="54.927115989848971" lon="23.200387638062239">
        <ele>-334.37</ele>
        <time>2026-01-19T14:11:57Z</time>
      </trkpt>
      <trkpt lat="54.926957320421934" lon="23.202394684776664">
        <ele>-333.55000000000001</ele>
        <time>2026-01-19T14:12:04Z</time>
      </trkpt>
      <trkpt lat="54.92650805041194" lon="23.204442802816629">
        <ele>-332.87</ele>
        <time>2026-01-19T14:12:13Z</time>
      </trkpt>
      <trkpt lat="54.926392463967204" lon="23.204745389521122">
        <ele>-332.75</ele>
        <time>2026-01-19T14:12:15Z</time>
      </trkpt>
      <trkpt lat="54.925964483991265" lon="23.205618280917406">
        <ele>-332.74000000000001</ele>
        <time>2026-01-19T14:12:23Z</time>
      </trkpt>
      <trkpt lat="54.92583129554987" lon="23.205782901495695">
        <ele>-332.76999999999998</ele>
        <time>2026-01-19T14:12:26Z</time>
      </trkpt>
      <trkpt lat="54.925785111263394" lon="23.205820620059967">
        <ele>-332.76999999999998</ele>
        <time>2026-01-19T14:12:27Z</time>
      </trkpt>
      <trkpt lat="54.925740184262395" lon="23.205856494605541">
        <ele>-332.79000000000002</ele>
        <time>2026-01-19T14:12:28Z</time>
      </trkpt>
      <trkpt lat="54.925696430727839" lon="23.205899577587843">
        <ele>-332.81</ele>
        <time>2026-01-19T14:12:29Z</time>
      </trkpt>
      <trkpt lat="54.925655862316489" lon="23.205950874835253">
        <ele>-332.85000000000002</ele>
        <time>2026-01-19T14:12:30Z</time>
      </trkpt>
      <trkpt lat="54.925620909780264" lon="23.206010470166802">
        <ele>-332.87</ele>
        <time>2026-01-19T14:12:31Z</time>
      </trkpt>
      <trkpt lat="54.925592076033354" lon="23.20608708076179">
        <ele>-332.89999999999998</ele>
        <time>2026-01-19T14:12:32Z</time>
      </trkpt>
      <trkpt lat="54.925566427409649" lon="23.206180287525058">
        <ele>-332.89999999999998</ele>
        <time>2026-01-19T14:12:33Z</time>
      </trkpt>
      <trkpt lat="54.925441956147552" lon="23.206829633563757">
        <ele>-333.01999999999998</ele>
        <time>2026-01-19T14:12:43Z</time>
      </trkpt>
      <trkpt lat="54.925443716347218" lon="23.206969946622849">
        <ele>-333.44</ele>
        <time>2026-01-19T14:12:57Z</time>
      </trkpt>
      <trkpt lat="54.925453774631023" lon="23.207061644643545">
        <ele>-333.48000000000002</ele>
        <time>2026-01-19T14:12:58Z</time>
      </trkpt>
      <trkpt lat="54.925490319728851" lon="23.207274209707975">
        <ele>-333.56</ele>
        <time>2026-01-19T14:13:00Z</time>
      </trkpt>
      <trkpt lat="54.925520494580269" lon="23.207424078136683">
        <ele>-333.56999999999999</ele>
        <time>2026-01-19T14:13:01Z</time>
      </trkpt>
      <trkpt lat="54.925723671913147" lon="23.208526885136962">
        <ele>-333.50999999999999</ele>
        <time>2026-01-19T14:13:10Z</time>
      </trkpt>
      <trkpt lat="54.925835486501455" lon="23.209277149289846">
        <ele>-333.79000000000002</ele>
        <time>2026-01-19T14:13:21Z</time>
      </trkpt>
      <trkpt lat="54.925851915031672" lon="23.209370607510209">
        <ele>-333.80000000000001</ele>
        <time>2026-01-19T14:13:22Z</time>
      </trkpt>
      <trkpt lat="54.92599063552916" lon="23.210416417568922">
        <ele>-333.93000000000001</ele>
        <time>2026-01-19T14:13:33Z</time>
      </trkpt>
      <trkpt lat="54.92602089419961" lon="23.210792345926166">
        <ele>-334.04000000000002</ele>
        <time>2026-01-19T14:13:36Z</time>
      </trkpt>
      <trkpt lat="54.925928944721818" lon="23.211288303136826">
        <ele>-334.23000000000002</ele>
        <time>2026-01-19T14:13:42Z</time>
      </trkpt>
      <trkpt lat="54.925910923629999" lon="23.211385365575552">
        <ele>-334.25</ele>
        <time>2026-01-19T14:13:43Z</time>
      </trkpt>
      <trkpt lat="54.925884688273072" lon="23.211493492126465">
        <ele>-334.25</ele>
        <time>2026-01-19T14:13:44Z</time>
      </trkpt>
      <trkpt lat="54.925818806514144" lon="23.211758360266685">
        <ele>-334.26999999999998</ele>
        <time>2026-01-19T14:13:46Z</time>
      </trkpt>
      <trkpt lat="54.925791146233678" lon="23.211927926167846">
        <ele>-334.26999999999998</ele>
        <time>2026-01-19T14:13:47Z</time>
      </trkpt>
      <trkpt lat="54.925554944202304" lon="23.213197784498334">
        <ele>-333.99000000000001</ele>
        <time>2026-01-19T14:13:54Z</time>
      </trkpt>
      <trkpt lat="54.925516555085778" lon="23.213314795866609">
        <ele>-333.95999999999998</ele>
        <time>2026-01-19T14:13:55Z</time>
      </trkpt>
      <trkpt lat="54.925296865403652" lon="23.213867666199803">
        <ele>-334.24000000000001</ele>
        <time>2026-01-19T14:14:01Z</time>
      </trkpt>
      <trkpt lat="54.925231235101819" lon="23.213985348120332">
        <ele>-334.26999999999998</ele>
        <time>2026-01-19T14:14:02Z</time>
      </trkpt>
      <trkpt lat="54.924639975652099" lon="23.214767714962363">
        <ele>-334.02999999999997</ele>
        <time>2026-01-19T14:14:08Z</time>
      </trkpt>
      <trkpt lat="54.924547439441085" lon="23.21483300998807">
        <ele>-333.94999999999999</ele>
        <time>2026-01-19T14:14:09Z</time>
      </trkpt>
      <trkpt lat="54.924281733110547" lon="23.214985225349665">
        <ele>-333.70999999999998</ele>
        <time>2026-01-19T14:14:12Z</time>
      </trkpt>
      <trkpt lat="54.924217779189348" lon="23.215063344687223">
        <ele>-333.68000000000001</ele>
        <time>2026-01-19T14:14:13Z</time>
      </trkpt>
      <trkpt lat="54.9241684935987" lon="23.215168202295899">
        <ele>-333.63</ele>
        <time>2026-01-19T14:14:14Z</time>
      </trkpt>
      <trkpt lat="54.924122309312224" lon="23.215285046026111">
        <ele>-333.60000000000002</ele>
        <time>2026-01-19T14:14:15Z</time>
      </trkpt>
      <trkpt lat="54.924071012064815" lon="23.215385628864169">
        <ele>-333.60000000000002</ele>
        <time>2026-01-19T14:14:16Z</time>
      </trkpt>
      <trkpt lat="54.924015942960978" lon="23.215460395440459">
        <ele>-333.58999999999997</ele>
        <time>2026-01-19T14:14:17Z</time>
      </trkpt>
      <trkpt lat="54.923953581601381" lon="23.215510435402393">
        <ele>-333.56999999999999</ele>
        <time>2026-01-19T14:14:18Z</time>
      </trkpt>
      <trkpt lat="54.923879569396377" lon="23.215532479807734">
        <ele>-333.55000000000001</ele>
        <time>2026-01-19T14:14:19Z</time>
      </trkpt>
      <trkpt lat="54.923793403431773" lon="23.215534742921591">
        <ele>-333.54000000000002</ele>
        <time>2026-01-19T14:14:20Z</time>
      </trkpt>
      <trkpt lat="54.923705561086535" lon="23.215544549748302">
        <ele>-333.5</ele>
        <time>2026-01-19T14:14:21Z</time>
      </trkpt>
      <trkpt lat="54.92362174205482" lon="23.215572126209736">
        <ele>-333.43000000000001</ele>
        <time>2026-01-19T14:14:22Z</time>
      </trkpt>
      <trkpt lat="54.923546807840466" lon="23.215611185878515">
        <ele>-333.37</ele>
        <time>2026-01-19T14:14:23Z</time>
      </trkpt>
      <trkpt lat="54.923482015728951" lon="23.215654855594039">
        <ele>-333.33999999999997</ele>
        <time>2026-01-19T14:14:24Z</time>
      </trkpt>
      <trkpt lat="54.923425354063511" lon="23.215713864192367">
        <ele>-333.33999999999997</ele>
        <time>2026-01-19T14:14:25Z</time>
      </trkpt>
      <trkpt lat="54.923368440940976" lon="23.215782511979342">
        <ele>-333.32999999999998</ele>
        <time>2026-01-19T14:14:26Z</time>
      </trkpt>
      <trkpt lat="54.923302223905921" lon="23.215838251635432">
        <ele>-333.32999999999998</ele>
        <time>2026-01-19T14:14:27Z</time>
      </trkpt>
      <trkpt lat="54.923225110396743" lon="23.215866247192025">
        <ele>-333.31999999999999</ele>
        <time>2026-01-19T14:14:28Z</time>
      </trkpt>
      <trkpt lat="54.923143554478884" lon="23.215867839753628">
        <ele>-333.31999999999999</ele>
        <time>2026-01-19T14:14:29Z</time>
      </trkpt>
      <trkpt lat="54.922987651079893" lon="23.215821487829089">
        <ele>-333.31999999999999</ele>
        <time>2026-01-19T14:14:31Z</time>
      </trkpt>
      <trkpt lat="54.922687159851193" lon="23.215783182531595">
        <ele>-333.30000000000001</ele>
        <time>2026-01-19T14:14:36Z</time>
      </trkpt>
      <trkpt lat="54.922526562586427" lon="23.21598133072257">
        <ele>-333.27999999999997</ele>
        <time>2026-01-19T14:14:40Z</time>
      </trkpt>
      <trkpt lat="54.922336125746369" lon="23.216444766148925">
        <ele>-333.31999999999999</ele>
        <time>2026-01-19T14:14:47Z</time>
      </trkpt>
      <trkpt lat="54.92221400141716" lon="23.216851036995649">
        <ele>-333.61000000000001</ele>
        <time>2026-01-19T14:14:55Z</time>
      </trkpt>
      <trkpt lat="54.92227946408093" lon="23.217296367511153">
        <ele>-333.74000000000001</ele>
        <time>2026-01-19T14:15:01Z</time>
      </trkpt>
      <trkpt lat="54.922251300886273" lon="23.217924842610955">
        <ele>-334.23000000000002</ele>
        <time>2026-01-19T14:15:13Z</time>
      </trkpt>
      <trkpt lat="54.922245685011148" lon="23.217964740470052">
        <ele>-335.39999999999998</ele>
        <time>2026-01-19T14:15:24Z</time>
      </trkpt>
      <trkpt lat="54.922246774658561" lon="23.217967338860035">
        <ele>-338.44999999999999</ele>
        <time>2026-01-19T14:15:57Z</time>
      </trkpt>
      <trkpt lat="54.92224769666791" lon="23.217964405193925">
        <ele>-341.44999999999999</ele>
        <time>2026-01-19T14:17:01Z</time>
      </trkpt>
      <trkpt lat="54.922246020287275" lon="23.217947725206614">
        <ele>-342.97000000000003</ele>
        <time>2026-01-19T14:18:12Z</time>
      </trkpt>
      <trkpt lat="54.922252139076591" lon="23.217919897288084">
        <ele>-343.01999999999998</ele>
        <time>2026-01-19T14:18:16Z</time>
      </trkpt>
      <trkpt lat="54.922237638384104" lon="23.217935739085078">
        <ele>-343.02999999999997</ele>
        <time>2026-01-19T14:18:18Z</time>
      </trkpt>
      <trkpt lat="54.922223472967744" lon="23.218028945848346">
        <ele>-342.94</ele>
        <time>2026-01-19T14:18:22Z</time>
      </trkpt>
      <trkpt lat="54.92220570333302" lon="23.218188034370542">
        <ele>-342.56999999999999</ele>
        <time>2026-01-19T14:18:37Z</time>
      </trkpt>
      <trkpt lat="54.922212325036526" lon="23.218513252213597">
        <ele>-342.31999999999999</ele>
        <time>2026-01-19T14:18:48Z</time>
      </trkpt>
      <trkpt lat="54.922288600355387" lon="23.218908878043294">
        <ele>-342.25999999999999</ele>
        <time>2026-01-19T14:19:00Z</time>
      </trkpt>
      <trkpt lat="54.922362947836518" lon="23.219374911859632">
        <ele>-341.97000000000003</ele>
        <time>2026-01-19T14:19:10Z</time>
      </trkpt>
      <trkpt lat="54.922367725521326" lon="23.219512710347772">
        <ele>-341.82999999999998</ele>
        <time>2026-01-19T14:19:12Z</time>
      </trkpt>
      <trkpt lat="54.92235766723752" lon="23.219591667875648">
        <ele>-341.79000000000002</ele>
        <time>2026-01-19T14:19:13Z</time>
      </trkpt>
      <trkpt lat="54.922344088554382" lon="23.219667691737413">
        <ele>-341.73000000000002</ele>
        <time>2026-01-19T14:19:14Z</time>
      </trkpt>
      <trkpt lat="54.922333611175418" lon="23.219735417515039">
        <ele>-341.68000000000001</ele>
        <time>2026-01-19T14:19:15Z</time>
      </trkpt>
      <trkpt lat="54.922326235100627" lon="23.219803143292665">
        <ele>-341.67000000000002</ele>
        <time>2026-01-19T14:19:16Z</time>
      </trkpt>
      <trkpt lat="54.92233419790864" lon="23.220055857673287">
        <ele>-341.38</ele>
        <time>2026-01-19T14:19:24Z</time>
      </trkpt>
      <trkpt lat="54.922382645308971" lon="23.220427175983787">
        <ele>-341.31999999999999</ele>
        <time>2026-01-19T14:19:33Z</time>
      </trkpt>
      <trkpt lat="54.922445341944695" lon="23.22071953676641">
        <ele>-341.19999999999999</ele>
        <time>2026-01-19T14:19:51Z</time>
      </trkpt>
      <trkpt lat="54.92258582264185" lon="23.221200993284583">
        <ele>-341.62</ele>
        <time>2026-01-19T14:20:04Z</time>
      </trkpt>
      <trkpt lat="54.922585487365723" lon="23.221206106245518">
        <ele>-341.67000000000002</ele>
        <time>2026-01-19T14:20:09Z</time>
      </trkpt>
      <trkpt lat="54.922671150416136" lon="23.221540795639157">
        <ele>-341.88999999999999</ele>
        <time>2026-01-19T14:20:17Z</time>
      </trkpt>
      <trkpt lat="54.922841135412455" lon="23.222251664847136">
        <ele>-341.73000000000002</ele>
        <time>2026-01-19T14:20:33Z</time>
      </trkpt>
      <trkpt lat="54.922966528683901" lon="23.222890784963965">
        <ele>-341.13</ele>
        <time>2026-01-19T14:20:46Z</time>
      </trkpt>
      <trkpt lat="54.922979939728975" lon="23.222941663116217">
        <ele>-341.06999999999999</ele>
        <time>2026-01-19T14:20:47Z</time>
      </trkpt>
      <trkpt lat="54.923047497868538" lon="23.22353744879365">
        <ele>-340.13</ele>
        <time>2026-01-19T14:20:57Z</time>
      </trkpt>
      <trkpt lat="54.92310231551528" lon="23.223782116547227">
        <ele>-339.88999999999999</ele>
        <time>2026-01-19T14:21:00Z</time>
      </trkpt>
      <trkpt lat="54.92311698384583" lon="23.223854033276439">
        <ele>-339.83999999999997</ele>
        <time>2026-01-19T14:21:01Z</time>
      </trkpt>
      <trkpt lat="54.923129137605429" lon="23.223911365494132">
        <ele>-339.79000000000002</ele>
        <time>2026-01-19T14:21:02Z</time>
      </trkpt>
      <trkpt lat="54.923259140923619" lon="23.22474435903132">
        <ele>-339.18000000000001</ele>
        <time>2026-01-19T14:21:11Z</time>
      </trkpt>
      <trkpt lat="54.923271462321281" lon="23.224830022081733">
        <ele>-339.05000000000001</ele>
        <time>2026-01-19T14:21:12Z</time>
      </trkpt>
      <trkpt lat="54.923284538090229" lon="23.224907806143165">
        <ele>-338.95999999999998</ele>
        <time>2026-01-19T14:21:13Z</time>
      </trkpt>
      <trkpt lat="54.923298368230462" lon="23.224970167502761">
        <ele>-338.88</ele>
        <time>2026-01-19T14:21:14Z</time>
      </trkpt>
      <trkpt lat="54.923307504504919" lon="23.225025152787566">
        <ele>-338.79000000000002</ele>
        <time>2026-01-19T14:21:15Z</time>
      </trkpt>
      <trkpt lat="54.923312785103917" lon="23.225074354559183">
        <ele>-338.70999999999998</ele>
        <time>2026-01-19T14:21:16Z</time>
      </trkpt>
      <trkpt lat="54.923424683511257" lon="23.225727807730436">
        <ele>-338.35000000000002</ele>
        <time>2026-01-19T14:21:28Z</time>
      </trkpt>
      <trkpt lat="54.923520907759666" lon="23.226338094100356">
        <ele>-338</ele>
        <time>2026-01-19T14:21:38Z</time>
      </trkpt>
      <trkpt lat="54.923646384850144" lon="23.22703848592937">
        <ele>-337.47000000000003</ele>
        <time>2026-01-19T14:21:46Z</time>
      </trkpt>
      <trkpt lat="54.923680666834116" lon="23.227270077914">
        <ele>-337.19999999999999</ele>
        <time>2026-01-19T14:21:49Z</time>
      </trkpt>
      <trkpt lat="54.923696592450142" lon="23.227356411516666">
        <ele>-337.16000000000003</ele>
        <time>2026-01-19T14:21:50Z</time>
      </trkpt>
      <trkpt lat="54.923702795058489" lon="23.227454982697964">
        <ele>-337.13999999999999</ele>
        <time>2026-01-19T14:21:51Z</time>
      </trkpt>
      <trkpt lat="54.923695921897888" lon="23.227553386241198">
        <ele>-337.11000000000001</ele>
        <time>2026-01-19T14:21:52Z</time>
      </trkpt>
      <trkpt lat="54.923678990453482" lon="23.227647179737687">
        <ele>-337.08999999999997</ele>
        <time>2026-01-19T14:21:53Z</time>
      </trkpt>
      <trkpt lat="54.923654766753316" lon="23.227730495855212">
        <ele>-337.04000000000002</ele>
        <time>2026-01-19T14:21:54Z</time>
      </trkpt>
      <trkpt lat="54.923626771196723" lon="23.227805597707629">
        <ele>-336.94999999999999</ele>
        <time>2026-01-19T14:21:55Z</time>
      </trkpt>
      <trkpt lat="54.923593075945973" lon="23.227882292121649">
        <ele>-336.87</ele>
        <time>2026-01-19T14:21:56Z</time>
      </trkpt>
      <trkpt lat="54.923552004620433" lon="23.227965189144015">
        <ele>-336.80000000000001</ele>
        <time>2026-01-19T14:21:57Z</time>
      </trkpt>
      <trkpt lat="54.923506490886211" lon="23.228047331795096">
        <ele>-336.73000000000002</ele>
        <time>2026-01-19T14:21:58Z</time>
      </trkpt>
      <trkpt lat="54.923459552228451" lon="23.228109106421471">
        <ele>-336.67000000000002</ele>
        <time>2026-01-19T14:21:59Z</time>
      </trkpt>
      <trkpt lat="54.923417223617435" lon="23.228150848299265">
        <ele>-336.64999999999998</ele>
        <time>2026-01-19T14:22:00Z</time>
      </trkpt>
      <trkpt lat="54.923209771513939" lon="23.228366179391742">
        <ele>-336.38999999999999</ele>
        <time>2026-01-19T14:22:09Z</time>
      </trkpt>
      <trkpt lat="54.923037020489573" lon="23.228508168831468">
        <ele>-336.26999999999998</ele>
        <time>2026-01-19T14:22:19Z</time>
      </trkpt>
      <trkpt lat="54.922616332769394" lon="23.228897005319595">
        <ele>-336.06</ele>
        <time>2026-01-19T14:22:34Z</time>
      </trkpt>
      <trkpt lat="54.922316763550043" lon="23.229033714160323">
        <ele>-336.14999999999998</ele>
        <time>2026-01-19T14:22:45Z</time>
      </trkpt>
      <trkpt lat="54.921954749152064" lon="23.229174613952637">
        <ele>-335.81</ele>
        <time>2026-01-19T14:22:56Z</time>
      </trkpt>
      <trkpt lat="54.921885011717677" lon="23.229210488498211">
        <ele>-335.72000000000003</ele>
        <time>2026-01-19T14:22:58Z</time>
      </trkpt>
      <trkpt lat="54.921753918752074" lon="23.22928081266582">
        <ele>-335.63</ele>
        <time>2026-01-19T14:23:01Z</time>
      </trkpt>
      <trkpt lat="54.921712763607502" lon="23.229298666119576">
        <ele>-335.58999999999997</ele>
        <time>2026-01-19T14:23:02Z</time>
      </trkpt>
      <trkpt lat="54.921571528539062" lon="23.229362284764647">
        <ele>-335.54000000000002</ele>
        <time>2026-01-19T14:23:07Z</time>
      </trkpt>
      <trkpt lat="54.921539090573788" lon="23.229347532615066">
        <ele>-335.54000000000002</ele>
        <time>2026-01-19T14:23:11Z</time>
      </trkpt>
      <trkpt lat="54.921507406979799" lon="23.229194059967995">
        <ele>-335.30000000000001</ele>
        <time>2026-01-19T14:23:15Z</time>
      </trkpt>
      <trkpt lat="54.921472622081637" lon="23.229126837104559">
        <ele>-335.08999999999997</ele>
        <time>2026-01-19T14:23:19Z</time>
      </trkpt>
      <trkpt lat="54.921458708122373" lon="23.229124154895544">
        <ele>-335.04000000000002</ele>
        <time>2026-01-19T14:23:20Z</time>
      </trkpt>
      <trkpt lat="54.92143071256578" lon="23.229144439101219">
        <ele>-334.91000000000003</ele>
        <time>2026-01-19T14:23:23Z</time>
      </trkpt>
      <trkpt lat="54.921424426138401" lon="23.2291713450104">
        <ele>-334.85000000000002</ele>
        <time>2026-01-19T14:23:24Z</time>
      </trkpt>
      <trkpt lat="54.921400705352426" lon="23.229268826544285">
        <ele>-334.75999999999999</ele>
        <time>2026-01-19T14:23:27Z</time>
      </trkpt>
      <trkpt lat="54.92137405090034" lon="23.229318279772997">
        <ele>-334.75</ele>
        <time>2026-01-19T14:23:29Z</time>
      </trkpt>
      <trkpt lat="54.921343708410859" lon="23.229414001107216">
        <ele>-334.77999999999997</ele>
        <time>2026-01-19T14:23:32Z</time>
      </trkpt>
      <trkpt lat="54.921325854957104" lon="23.229426741600037">
        <ele>-334.75999999999999</ele>
        <time>2026-01-19T14:23:33Z</time>
      </trkpt>
      <trkpt lat="54.921300709247589" lon="23.229439398273826">
        <ele>-334.75</ele>
        <time>2026-01-19T14:23:34Z</time>
      </trkpt>
      <trkpt lat="54.920929223299026" lon="23.229476194828749">
        <ele>-334.77999999999997</ele>
        <time>2026-01-19T14:23:41Z</time>
      </trkpt>
      <trkpt lat="54.920874405652285" lon="23.229474937543273">
        <ele>-334.81</ele>
        <time>2026-01-19T14:23:42Z</time>
      </trkpt>
      <trkpt lat="54.920719675719738" lon="23.229475440457463">
        <ele>-334.81999999999999</ele>
        <time>2026-01-19T14:23:45Z</time>
      </trkpt>
      <trkpt lat="54.920659912750125" lon="23.229472255334258">
        <ele>-334.81999999999999</ele>
        <time>2026-01-19T14:23:46Z</time>
      </trkpt>
      <trkpt lat="54.920052057132125" lon="23.229525228962302">
        <ele>-334.55000000000001</ele>
        <time>2026-01-19T14:23:55Z</time>
      </trkpt>
      <trkpt lat="54.919990198686719" lon="23.229558588936925">
        <ele>-334.50999999999999</ele>
        <time>2026-01-19T14:23:56Z</time>
      </trkpt>
      <trkpt lat="54.919933453202248" lon="23.229602845385671">
        <ele>-334.45999999999998</ele>
        <time>2026-01-19T14:23:57Z</time>
      </trkpt>
      <trkpt lat="54.919878970831633" lon="23.229644587263465">
        <ele>-334.44</ele>
        <time>2026-01-19T14:23:58Z</time>
      </trkpt>
      <trkpt lat="54.919820800423622" lon="23.229685071855783">
        <ele>-334.39999999999998</ele>
        <time>2026-01-19T14:23:59Z</time>
      </trkpt>
      <trkpt lat="54.919760869815946" lon="23.229728993028402">
        <ele>-334.33999999999997</ele>
        <time>2026-01-19T14:24:00Z</time>
      </trkpt>
      <trkpt lat="54.919316964223981" lon="23.230056893080473">
        <ele>-334.00999999999999</ele>
        <time>2026-01-19T14:24:07Z</time>
      </trkpt>
      <trkpt lat="54.919257871806622" lon="23.230131743475795">
        <ele>-333.93000000000001</ele>
        <time>2026-01-19T14:24:08Z</time>
      </trkpt>
      <trkpt lat="54.919200455769897" lon="23.23022872209549">
        <ele>-333.87</ele>
        <time>2026-01-19T14:24:09Z</time>
      </trkpt>
      <trkpt lat="54.919152343645692" lon="23.230343051254749">
        <ele>-333.81999999999999</ele>
        <time>2026-01-19T14:24:10Z</time>
      </trkpt>
      <trkpt lat="54.919115295633674" lon="23.230481771752238">
        <ele>-333.75999999999999</ele>
        <time>2026-01-19T14:24:11Z</time>
      </trkpt>
      <trkpt lat="54.919086713343859" lon="23.230645805597305">
        <ele>-333.72000000000003</ele>
        <time>2026-01-19T14:24:12Z</time>
      </trkpt>
      <trkpt lat="54.919055700302124" lon="23.230814952403307">
        <ele>-333.63</ele>
        <time>2026-01-19T14:24:13Z</time>
      </trkpt>
      <trkpt lat="54.919019658118486" lon="23.23097001761198">
        <ele>-333.54000000000002</ele>
        <time>2026-01-19T14:24:14Z</time>
      </trkpt>
      <trkpt lat="54.918951094150543" lon="23.231225162744522">
        <ele>-333.31</ele>
        <time>2026-01-19T14:24:16Z</time>
      </trkpt>
      <trkpt lat="54.918887307867408" lon="23.231407720595598">
        <ele>-333.19999999999999</ele>
        <time>2026-01-19T14:24:18Z</time>
      </trkpt>
      <trkpt lat="54.918858055025339" lon="23.231466561555862">
        <ele>-333.16000000000003</ele>
        <time>2026-01-19T14:24:19Z</time>
      </trkpt>
      <trkpt lat="54.918835340067744" lon="23.231505453586578">
        <ele>-333.07999999999998</ele>
        <time>2026-01-19T14:24:20Z</time>
      </trkpt>
      <trkpt lat="54.918814301490784" lon="23.23153386823833">
        <ele>-332.98000000000002</ele>
        <time>2026-01-19T14:24:21Z</time>
      </trkpt>
      <trkpt lat="54.918788820505142" lon="23.231557421386242">
        <ele>-332.87</ele>
        <time>2026-01-19T14:24:22Z</time>
      </trkpt>
      <trkpt lat="54.91875839419663" lon="23.231574017554522">
        <ele>-332.79000000000002</ele>
        <time>2026-01-19T14:24:23Z</time>
      </trkpt>
      <trkpt lat="54.918720927089453" lon="23.231586003676057">
        <ele>-332.75999999999999</ele>
        <time>2026-01-19T14:24:24Z</time>
      </trkpt>
      <trkpt lat="54.918681951239705" lon="23.231600755825639">
        <ele>-332.72000000000003</ele>
        <time>2026-01-19T14:24:25Z</time>
      </trkpt>
      <trkpt lat="54.918643394485116" lon="23.231626991182566">
        <ele>-332.66000000000003</ele>
        <time>2026-01-19T14:24:26Z</time>
      </trkpt>
      <trkpt lat="54.918595282360911" lon="23.231673594564199">
        <ele>-332.63999999999999</ele>
        <time>2026-01-19T14:24:27Z</time>
      </trkpt>
      <trkpt lat="54.918527891859412" lon="23.231736794114113">
        <ele>-332.64999999999998</ele>
        <time>2026-01-19T14:24:28Z</time>
      </trkpt>
      <trkpt lat="54.918441725894809" lon="23.23180066421628">
        <ele>-332.64999999999998</ele>
        <time>2026-01-19T14:24:29Z</time>
      </trkpt>
      <trkpt lat="54.918352458626032" lon="23.231855314224958">
        <ele>-332.63</ele>
        <time>2026-01-19T14:24:30Z</time>
      </trkpt>
      <trkpt lat="54.918268639594316" lon="23.231914825737476">
        <ele>-332.57999999999998</ele>
        <time>2026-01-19T14:24:31Z</time>
      </trkpt>
      <trkpt lat="54.918186999857426" lon="23.231990011408925">
        <ele>-332.5</ele>
        <time>2026-01-19T14:24:32Z</time>
      </trkpt>
      <trkpt lat="54.917476717382669" lon="23.232815461233258">
        <ele>-331.5</ele>
        <time>2026-01-19T14:24:40Z</time>
      </trkpt>
      <trkpt lat="54.917049240320921" lon="23.233212428167462">
        <ele>-330.72000000000003</ele>
        <time>2026-01-19T14:24:45Z</time>
      </trkpt>
      <trkpt lat="54.916837261989713" lon="23.233478721231222">
        <ele>-330.25999999999999</ele>
        <time>2026-01-19T14:24:48Z</time>
      </trkpt>
      <trkpt lat="54.916767524555326" lon="23.23351576924324">
        <ele>-330.17000000000002</ele>
        <time>2026-01-19T14:24:49Z</time>
      </trkpt>
      <trkpt lat="54.91668563336134" lon="23.233523061499">
        <ele>-330.11000000000001</ele>
        <time>2026-01-19T14:24:50Z</time>
      </trkpt>
      <trkpt lat="54.916501399129629" lon="23.233495317399502">
        <ele>-329.94999999999999</ele>
        <time>2026-01-19T14:24:52Z</time>
      </trkpt>
      <trkpt lat="54.916417077183723" lon="23.23345810174942">
        <ele>-329.81</ele>
        <time>2026-01-19T14:24:53Z</time>
      </trkpt>
      <trkpt lat="54.91633434779942" lon="23.233393644914031">
        <ele>-329.68000000000001</ele>
        <time>2026-01-19T14:24:54Z</time>
      </trkpt>
      <trkpt lat="54.916254803538322" lon="23.23331099934876">
        <ele>-329.56</ele>
        <time>2026-01-19T14:24:55Z</time>
      </trkpt>
      <trkpt lat="54.916179114952683" lon="23.233241010457277">
        <ele>-329.44999999999999</ele>
        <time>2026-01-19T14:24:56Z</time>
      </trkpt>
      <trkpt lat="54.916098481044173" lon="23.233207985758781">
        <ele>-329.37</ele>
        <time>2026-01-19T14:24:57Z</time>
      </trkpt>
      <trkpt lat="54.91600695066154" lon="23.233197340741754">
        <ele>-329.27999999999997</ele>
        <time>2026-01-19T14:24:58Z</time>
      </trkpt>
      <trkpt lat="54.915904775261879" lon="23.233179822564125">
        <ele>-329.20999999999998</ele>
        <time>2026-01-19T14:24:59Z</time>
      </trkpt>
      <trkpt lat="54.915803018957376" lon="23.233149647712708">
        <ele>-329.14999999999998</ele>
        <time>2026-01-19T14:25:00Z</time>
      </trkpt>
      <trkpt lat="54.915711153298616" lon="23.233120981603861">
        <ele>-329.05000000000001</ele>
        <time>2026-01-19T14:25:01Z</time>
      </trkpt>
      <trkpt lat="54.915632782503963" lon="23.233083179220557">
        <ele>-328.87</ele>
        <time>2026-01-19T14:25:02Z</time>
      </trkpt>
      <trkpt lat="54.915559608489275" lon="23.233013022691011">
        <ele>-328.72000000000003</ele>
        <time>2026-01-19T14:25:03Z</time>
      </trkpt>
      <trkpt lat="54.91548559628427" lon="23.232920821756124">
        <ele>-328.63</ele>
        <time>2026-01-19T14:25:04Z</time>
      </trkpt>
      <trkpt lat="54.915408901870251" lon="23.232822334393859">
        <ele>-328.57999999999998</ele>
        <time>2026-01-19T14:25:05Z</time>
      </trkpt>
      <trkpt lat="54.915324999019504" lon="23.232724266126752">
        <ele>-328.50999999999999</ele>
        <time>2026-01-19T14:25:06Z</time>
      </trkpt>
      <trkpt lat="54.914636090397835" lon="23.231941815465689">
        <ele>-327.79000000000002</ele>
        <time>2026-01-19T14:25:15Z</time>
      </trkpt>
      <trkpt lat="54.914598874747753" lon="23.231916502118111">
        <ele>-327.39999999999998</ele>
        <time>2026-01-19T14:25:23Z</time>
      </trkpt>
      <trkpt lat="54.914471972733736" lon="23.231662195175886">
        <ele>-329.97000000000003</ele>
        <time>2026-01-19T14:26:10Z</time>
      </trkpt>
      <trkpt lat="54.914387734606862" lon="23.231194904074073">
        <ele>-330.24000000000001</ele>
        <time>2026-01-19T14:26:17Z</time>
      </trkpt>
      <trkpt lat="54.914080621674657" lon="23.230023700743914">
        <ele>-330.12</ele>
        <time>2026-01-19T14:26:24Z</time>
      </trkpt>
      <trkpt lat="54.91368499584496" lon="23.22768053971231">
        <ele>-329.26999999999998</ele>
        <time>2026-01-19T14:26:33Z</time>
      </trkpt>
      <trkpt lat="54.913143441081047" lon="23.225402338430285">
        <ele>-328.36000000000001</ele>
        <time>2026-01-19T14:26:42Z</time>
      </trkpt>
      <trkpt lat="54.913044702261686" lon="23.225056249648333">
        <ele>-328.18000000000001</ele>
        <time>2026-01-19T14:26:44Z</time>
      </trkpt>
      <trkpt lat="54.913009917363524" lon="23.224978465586901">
        <ele>-328.16000000000003</ele>
        <time>2026-01-19T14:26:45Z</time>
      </trkpt>
      <trkpt lat="54.912983430549502" lon="23.224952230229974">
        <ele>-328.16000000000003</ele>
        <time>2026-01-19T14:26:46Z</time>
      </trkpt>
      <trkpt lat="54.912959709763527" lon="23.224961450323462">
        <ele>-328.17000000000002</ele>
        <time>2026-01-19T14:26:47Z</time>
      </trkpt>
      <trkpt lat="54.912928026169538" lon="23.224997743964195">
        <ele>-328.17000000000002</ele>
        <time>2026-01-19T14:26:48Z</time>
      </trkpt>
      <trkpt lat="54.912886619567871" lon="23.22506932541728">
        <ele>-328.17000000000002</ele>
        <time>2026-01-19T14:26:49Z</time>
      </trkpt>
      <trkpt lat="54.912844123318791" lon="23.225177703425288">
        <ele>-328.14999999999998</ele>
        <time>2026-01-19T14:26:50Z</time>
      </trkpt>
      <trkpt lat="54.912799615412951" lon="23.225325727835298">
        <ele>-328.04000000000002</ele>
        <time>2026-01-19T14:26:51Z</time>
      </trkpt>
      <trkpt lat="54.91274924017489" lon="23.225512728095055">
        <ele>-327.95999999999998</ele>
        <time>2026-01-19T14:26:52Z</time>
      </trkpt>
      <trkpt lat="54.912245655432343" lon="23.226963300257921">
        <ele>-327.07999999999998</ele>
        <time>2026-01-19T14:26:59Z</time>
      </trkpt>
      <trkpt lat="54.912191424518824" lon="23.227182906121016">
        <ele>-326.99000000000001</ele>
        <time>2026-01-19T14:27:00Z</time>
      </trkpt>
      <trkpt lat="54.912143144756556" lon="23.227421455085278">
        <ele>-326.94</ele>
        <time>2026-01-19T14:27:01Z</time>
      </trkpt>
      <trkpt lat="54.9119508638978" lon="23.229133961722255">
        <ele>-326.63999999999999</ele>
        <time>2026-01-19T14:27:08Z</time>
      </trkpt>
      <trkpt lat="54.911958491429687" lon="23.229399919509888">
        <ele>-326.58999999999997</ele>
        <time>2026-01-19T14:27:09Z</time>
      </trkpt>
      <trkpt lat="54.912112802267075" lon="23.231876436620951">
        <ele>-325.64999999999998</ele>
        <time>2026-01-19T14:27:18Z</time>
      </trkpt>
      <trkpt lat="54.912120681256056" lon="23.232104927301407">
        <ele>-325.60000000000002</ele>
        <time>2026-01-19T14:27:19Z</time>
      </trkpt>
      <trkpt lat="54.912090674042702" lon="23.232754692435265">
        <ele>-325.50999999999999</ele>
        <time>2026-01-19T14:27:22Z</time>
      </trkpt>
      <trkpt lat="54.912052704021335" lon="23.232985865324736">
        <ele>-325.49000000000001</ele>
        <time>2026-01-19T14:27:23Z</time>
      </trkpt>
      <trkpt lat="54.912000568583608" lon="23.233225587755442">
        <ele>-325.45999999999998</ele>
        <time>2026-01-19T14:27:24Z</time>
      </trkpt>
      <trkpt lat="54.911938039585948" lon="23.233458772301674">
        <ele>-325.42000000000002</ele>
        <time>2026-01-19T14:27:25Z</time>
      </trkpt>
      <trkpt lat="54.911868218332529" lon="23.233675360679626">
        <ele>-325.39999999999998</ele>
        <time>2026-01-19T14:27:26Z</time>
      </trkpt>
      <trkpt lat="54.911788338795304" lon="23.233872251585126">
        <ele>-325.36000000000001</ele>
        <time>2026-01-19T14:27:27Z</time>
      </trkpt>
      <trkpt lat="54.911702256649733" lon="23.234054977074265">
        <ele>-325.10000000000002</ele>
        <time>2026-01-19T14:27:28Z</time>
      </trkpt>
      <trkpt lat="54.910938916727901" lon="23.235185192897916">
        <ele>-324.44999999999999</ele>
        <time>2026-01-19T14:27:34Z</time>
      </trkpt>
      <trkpt lat="54.909861674532294" lon="23.236307194456458">
        <ele>-323.61000000000001</ele>
        <time>2026-01-19T14:27:42Z</time>
      </trkpt>
      <trkpt lat="54.908910915255547" lon="23.23675436899066">
        <ele>-322.63</ele>
        <time>2026-01-19T14:27:49Z</time>
      </trkpt>
      <trkpt lat="54.908019918948412" lon="23.237114623188972">
        <ele>-321.81</ele>
        <time>2026-01-19T14:27:55Z</time>
      </trkpt>
      <trkpt lat="54.907285328954458" lon="23.237700937315822">
        <ele>-321.17000000000002</ele>
        <time>2026-01-19T14:28:01Z</time>
      </trkpt>
      <trkpt lat="54.907105285674334" lon="23.237948203459382">
        <ele>-321.06</ele>
        <time>2026-01-19T14:28:03Z</time>
      </trkpt>
      <trkpt lat="54.907029680907726" lon="23.238091198727489">
        <ele>-321.02999999999997</ele>
        <time>2026-01-19T14:28:04Z</time>
      </trkpt>
      <trkpt lat="54.906455520540476" lon="23.239251337945461">
        <ele>-320.51999999999998</ele>
        <time>2026-01-19T14:28:12Z</time>
      </trkpt>
      <trkpt lat="54.906419981271029" lon="23.239366924390197">
        <ele>-320.47000000000003</ele>
        <time>2026-01-19T14:28:13Z</time>
      </trkpt>
      <trkpt lat="54.906287211924791" lon="23.239858355373144">
        <ele>-320.42000000000002</ele>
        <time>2026-01-19T14:28:22Z</time>
      </trkpt>
      <trkpt lat="54.906055955216289" lon="23.240499403327703">
        <ele>-320.49000000000001</ele>
        <time>2026-01-19T14:28:29Z</time>
      </trkpt>
      <trkpt lat="54.905373081564903" lon="23.241942850872874">
        <ele>-320.13</ele>
        <time>2026-01-19T14:28:37Z</time>
      </trkpt>
      <trkpt lat="54.905037386342883" lon="23.242594292387366">
        <ele>-320.04000000000002</ele>
        <time>2026-01-19T14:28:43Z</time>
      </trkpt>
      <trkpt lat="54.905016180127859" lon="23.242604099214077">
        <ele>-320.10000000000002</ele>
        <time>2026-01-19T14:28:44Z</time>
      </trkpt>
      <trkpt lat="54.904998578131199" lon="23.242592783644795">
        <ele>-320.16000000000003</ele>
        <time>2026-01-19T14:28:45Z</time>
      </trkpt>
      <trkpt lat="54.904975024983287" lon="23.242554729804397">
        <ele>-320.24000000000001</ele>
        <time>2026-01-19T14:28:46Z</time>
      </trkpt>
      <trkpt lat="54.9048569239676" lon="23.24225977063179">
        <ele>-320.48000000000002</ele>
        <time>2026-01-19T14:28:49Z</time>
      </trkpt>
      <trkpt lat="54.904794562608004" lon="23.242133622989058">
        <ele>-320.50999999999999</ele>
        <time>2026-01-19T14:28:50Z</time>
      </trkpt>
      <trkpt lat="54.90420020185411" lon="23.241088064387441">
        <ele>-320.58999999999997</ele>
        <time>2026-01-19T14:28:58Z</time>
      </trkpt>
      <trkpt lat="54.90415527485311" lon="23.240955797955394">
        <ele>-320.64999999999998</ele>
        <time>2026-01-19T14:28:59Z</time>
      </trkpt>
      <trkpt lat="54.903943799436092" lon="23.24018751271069">
        <ele>-320.98000000000002</ele>
        <time>2026-01-19T14:29:05Z</time>
      </trkpt>
      <trkpt lat="54.903898034244776" lon="23.240076955407858">
        <ele>-321.04000000000002</ele>
        <time>2026-01-19T14:29:06Z</time>
      </trkpt>
      <trkpt lat="54.903792422264814" lon="23.239822145551443">
        <ele>-321.11000000000001</ele>
        <time>2026-01-19T14:29:08Z</time>
      </trkpt>
      <trkpt lat="54.903740873560309" lon="23.239657189697027">
        <ele>-321.13</ele>
        <time>2026-01-19T14:29:09Z</time>
      </trkpt>
      <trkpt lat="54.903595028445125" lon="23.23918579146266">
        <ele>-321.31</ele>
        <time>2026-01-19T14:29:12Z</time>
      </trkpt>
      <trkpt lat="54.903529481962323" lon="23.239072468131781">
        <ele>-321.35000000000002</ele>
        <time>2026-01-19T14:29:13Z</time>
      </trkpt>
      <trkpt lat="54.903451781719923" lon="23.238968113437295">
        <ele>-321.39999999999998</ele>
        <time>2026-01-19T14:29:14Z</time>
      </trkpt>
      <trkpt lat="54.903193032369018" lon="23.238664856180549">
        <ele>-321.44999999999999</ele>
        <time>2026-01-19T14:29:17Z</time>
      </trkpt>
      <trkpt lat="54.903011647984385" lon="23.238494703546166">
        <ele>-321.5</ele>
        <time>2026-01-19T14:29:19Z</time>
      </trkpt>
      <trkpt lat="54.902852810919285" lon="23.238307284191251">
        <ele>-321.60000000000002</ele>
        <time>2026-01-19T14:29:21Z</time>
      </trkpt>
      <trkpt lat="54.90277586504817" lon="23.238246012479067">
        <ele>-321.64999999999998</ele>
        <time>2026-01-19T14:29:22Z</time>
      </trkpt>
      <trkpt lat="54.902694225311279" lon="23.238203935325146">
        <ele>-321.74000000000001</ele>
        <time>2026-01-19T14:29:23Z</time>
      </trkpt>
      <trkpt lat="54.902606885880232" lon="23.238157499581575">
        <ele>-321.76999999999998</ele>
        <time>2026-01-19T14:29:24Z</time>
      </trkpt>
      <trkpt lat="54.902513595297933" lon="23.23809614405036">
        <ele>-321.75999999999999</ele>
        <time>2026-01-19T14:29:25Z</time>
      </trkpt>
      <trkpt lat="54.902415443211794" lon="23.238017857074738">
        <ele>-321.76999999999998</ele>
        <time>2026-01-19T14:29:26Z</time>
      </trkpt>
      <trkpt lat="54.901622934266925" lon="23.237252756953239">
        <ele>-321.89999999999998</ele>
        <time>2026-01-19T14:29:34Z</time>
      </trkpt>
      <trkpt lat="54.901331160217524" lon="23.236957211047411">
        <ele>-322.13999999999999</ele>
        <time>2026-01-19T14:29:38Z</time>
      </trkpt>
      <trkpt lat="54.900871329009533" lon="23.236590251326561">
        <ele>-322.68000000000001</ele>
        <time>2026-01-19T14:29:43Z</time>
      </trkpt>
      <trkpt lat="54.900803016498685" lon="23.236499559134245">
        <ele>-322.77999999999997</ele>
        <time>2026-01-19T14:29:44Z</time>
      </trkpt>
      <trkpt lat="54.90032784640789" lon="23.235745942220092">
        <ele>-323.26999999999998</ele>
        <time>2026-01-19T14:29:51Z</time>
      </trkpt>
      <trkpt lat="54.900264982134104" lon="23.235599091276526">
        <ele>-323.26999999999998</ele>
        <time>2026-01-19T14:29:52Z</time>
      </trkpt>
      <trkpt lat="54.899636758491397" lon="23.233871581032872">
        <ele>-323.41000000000003</ele>
        <time>2026-01-19T14:30:03Z</time>
      </trkpt>
      <trkpt lat="54.899514969438314" lon="23.233573855832219">
        <ele>-323.44</ele>
        <time>2026-01-19T14:30:05Z</time>
      </trkpt>
      <trkpt lat="54.899440454319119" lon="23.233460616320372">
        <ele>-323.49000000000001</ele>
        <time>2026-01-19T14:30:06Z</time>
      </trkpt>
      <trkpt lat="54.898993028327823" lon="23.23293624445796">
        <ele>-323.58999999999997</ele>
        <time>2026-01-19T14:30:11Z</time>
      </trkpt>
      <trkpt lat="54.898820528760552" lon="23.232804397121072">
        <ele>-323.62</ele>
        <time>2026-01-19T14:30:13Z</time>
      </trkpt>
      <trkpt lat="54.898743582889438" lon="23.232767265290022">
        <ele>-323.69</ele>
        <time>2026-01-19T14:30:14Z</time>
      </trkpt>
      <trkpt lat="54.898664960637689" lon="23.232747567817569">
        <ele>-323.75</ele>
        <time>2026-01-19T14:30:15Z</time>
      </trkpt>
      <trkpt lat="54.898586003109813" lon="23.232751004397869">
        <ele>-323.79000000000002</ele>
        <time>2026-01-19T14:30:16Z</time>
      </trkpt>
      <trkpt lat="54.898506039753556" lon="23.232767516747117">
        <ele>-323.85000000000002</ele>
        <time>2026-01-19T14:30:17Z</time>
      </trkpt>
      <trkpt lat="54.898420879617333" lon="23.232777575030923">
        <ele>-323.94999999999999</ele>
        <time>2026-01-19T14:30:18Z</time>
      </trkpt>
      <trkpt lat="54.898333288729191" lon="23.232772378250957">
        <ele>-324.05000000000001</ele>
        <time>2026-01-19T14:30:19Z</time>
      </trkpt>
      <trkpt lat="54.898252822458744" lon="23.232775563374162">
        <ele>-324.13</ele>
        <time>2026-01-19T14:30:20Z</time>
      </trkpt>
      <trkpt lat="54.898182079195976" lon="23.232802720740438">
        <ele>-324.23000000000002</ele>
        <time>2026-01-19T14:30:21Z</time>
      </trkpt>
      <trkpt lat="54.898112844675779" lon="23.232848821207881">
        <ele>-324.26999999999998</ele>
        <time>2026-01-19T14:30:22Z</time>
      </trkpt>
      <trkpt lat="54.89803908392787" lon="23.232913445681334">
        <ele>-324.37</ele>
        <time>2026-01-19T14:30:23Z</time>
      </trkpt>
      <trkpt lat="54.897966999560595" lon="23.232976393774152">
        <ele>-324.47000000000003</ele>
        <time>2026-01-19T14:30:24Z</time>
      </trkpt>
      <trkpt lat="54.897898687049747" lon="23.233039593324065">
        <ele>-324.56</ele>
        <time>2026-01-19T14:30:25Z</time>
      </trkpt>
      <trkpt lat="54.897836577147245" lon="23.233116203919053">
        <ele>-324.66000000000003</ele>
        <time>2026-01-19T14:30:26Z</time>
      </trkpt>
      <trkpt lat="54.897784274071455" lon="23.233205135911703">
        <ele>-324.80000000000001</ele>
        <time>2026-01-19T14:30:27Z</time>
      </trkpt>
      <trkpt lat="54.897742867469788" lon="23.233296247199178">
        <ele>-324.99000000000001</ele>
        <time>2026-01-19T14:30:28Z</time>
      </trkpt>
      <trkpt lat="54.897709423676133" lon="23.233395740389824">
        <ele>-325.16000000000003</ele>
        <time>2026-01-19T14:30:29Z</time>
      </trkpt>
      <trkpt lat="54.897673465311527" lon="23.233500262722373">
        <ele>-325.29000000000002</ele>
        <time>2026-01-19T14:30:30Z</time>
      </trkpt>
      <trkpt lat="54.897632393985987" lon="23.233588105067611">
        <ele>-325.38999999999999</ele>
        <time>2026-01-19T14:30:31Z</time>
      </trkpt>
      <trkpt lat="54.897579839453101" lon="23.233642168343067">
        <ele>-325.5</ele>
        <time>2026-01-19T14:30:32Z</time>
      </trkpt>
      <trkpt lat="54.89751722663641" lon="23.23366479948163">
        <ele>-325.63999999999999</ele>
        <time>2026-01-19T14:30:33Z</time>
      </trkpt>
      <trkpt lat="54.897439191117883" lon="23.233668906614184">
        <ele>-325.67000000000002</ele>
        <time>2026-01-19T14:30:34Z</time>
      </trkpt>
      <trkpt lat="54.897350007668138" lon="23.233658345416188">
        <ele>-325.75999999999999</ele>
        <time>2026-01-19T14:30:35Z</time>
      </trkpt>
      <trkpt lat="54.897263590246439" lon="23.233642168343067">
        <ele>-325.86000000000001</ele>
        <time>2026-01-19T14:30:36Z</time>
      </trkpt>
      <trkpt lat="54.896757993847132" lon="23.233457431197166">
        <ele>-326.44999999999999</ele>
        <time>2026-01-19T14:30:42Z</time>
      </trkpt>
      <trkpt lat="54.896699907258153" lon="23.233381072059274">
        <ele>-326.49000000000001</ele>
        <time>2026-01-19T14:30:43Z</time>
      </trkpt>
      <trkpt lat="54.896639725193381" lon="23.233273196965456">
        <ele>-326.51999999999998</ele>
        <time>2026-01-19T14:30:44Z</time>
      </trkpt>
      <trkpt lat="54.896413078531623" lon="23.232782101258636">
        <ele>-326.91000000000003</ele>
        <time>2026-01-19T14:30:48Z</time>
      </trkpt>
      <trkpt lat="54.896305957809091" lon="23.232490830123425">
        <ele>-327.08999999999997</ele>
        <time>2026-01-19T14:30:50Z</time>
      </trkpt>
      <trkpt lat="54.896229514852166" lon="23.23233618400991">
        <ele>-327.17000000000002</ele>
        <time>2026-01-19T14:30:51Z</time>
      </trkpt>
      <trkpt lat="54.895569020882249" lon="23.230978818610311">
        <ele>-327.67000000000002</ele>
        <time>2026-01-19T14:31:00Z</time>
      </trkpt>
      <trkpt lat="54.895544042810798" lon="23.230866501107812">
        <ele>-327.76999999999998</ele>
        <time>2026-01-19T14:31:01Z</time>
      </trkpt>
      <trkpt lat="54.895507078617811" lon="23.230584701523185">
        <ele>-328.02999999999997</ele>
        <time>2026-01-19T14:31:03Z</time>
      </trkpt>
      <trkpt lat="54.895475227385759" lon="23.230452351272106">
        <ele>-328.13999999999999</ele>
        <time>2026-01-19T14:31:04Z</time>
      </trkpt>
      <trkpt lat="54.895426193252206" lon="23.230340201407671">
        <ele>-328.19999999999999</ele>
        <time>2026-01-19T14:31:05Z</time>
      </trkpt>
      <trkpt lat="54.895361820235848" lon="23.230249844491482">
        <ele>-328.26999999999998</ele>
        <time>2026-01-19T14:31:06Z</time>
      </trkpt>
      <trkpt lat="54.895301889628172" lon="23.230201564729214">
        <ele>-328.39999999999998</ele>
        <time>2026-01-19T14:31:07Z</time>
      </trkpt>
      <trkpt lat="54.89526123739779" lon="23.230200139805675">
        <ele>-328.60000000000002</ele>
        <time>2026-01-19T14:31:08Z</time>
      </trkpt>
      <trkpt lat="54.895223937928677" lon="23.230232996866107">
        <ele>-328.80000000000001</ele>
        <time>2026-01-19T14:31:09Z</time>
      </trkpt>
      <trkpt lat="54.895168952643871" lon="23.230278175324202">
        <ele>-328.92000000000002</ele>
        <time>2026-01-19T14:31:10Z</time>
      </trkpt>
      <trkpt lat="54.895109105855227" lon="23.230315139517188">
        <ele>-329.06999999999999</ele>
        <time>2026-01-19T14:31:11Z</time>
      </trkpt>
      <trkpt lat="54.895055294036865" lon="23.230337519198656">
        <ele>-329.24000000000001</ele>
        <time>2026-01-19T14:31:12Z</time>
      </trkpt>
      <trkpt lat="54.895008187741041" lon="23.23034162633121">
        <ele>-329.38</ele>
        <time>2026-01-19T14:31:13Z</time>
      </trkpt>
      <trkpt lat="54.894966529682279" lon="23.230333076789975">
        <ele>-329.44</ele>
        <time>2026-01-19T14:31:14Z</time>
      </trkpt>
      <trkpt lat="54.894933085888624" lon="23.230313127860427">
        <ele>-329.5</ele>
        <time>2026-01-19T14:31:15Z</time>
      </trkpt>
      <trkpt lat="54.894907269626856" lon="23.230281779542565">
        <ele>-329.55000000000001</ele>
        <time>2026-01-19T14:31:16Z</time>
      </trkpt>
      <trkpt lat="54.894886566326022" lon="23.230234673246741">
        <ele>-329.64999999999998</ele>
        <time>2026-01-19T14:31:17Z</time>
      </trkpt>
      <trkpt lat="54.894874496385455" lon="23.230174407362938">
        <ele>-329.77999999999997</ele>
        <time>2026-01-19T14:31:18Z</time>
      </trkpt>
      <trkpt lat="54.894869634881616" lon="23.230113219469786">
        <ele>-329.92000000000002</ele>
        <time>2026-01-19T14:31:19Z</time>
      </trkpt>
      <trkpt lat="54.894867120310664" lon="23.230045409873128">
        <ele>-330.06</ele>
        <time>2026-01-19T14:31:20Z</time>
      </trkpt>
      <trkpt lat="54.894868629053235" lon="23.229966033250093">
        <ele>-330.16000000000003</ele>
        <time>2026-01-19T14:31:21Z</time>
      </trkpt>
      <trkpt lat="54.894878519698977" lon="23.229873329401016">
        <ele>-330.25</ele>
        <time>2026-01-19T14:31:22Z</time>
      </trkpt>
      <trkpt lat="54.894894696772099" lon="23.229760257527232">
        <ele>-330.37</ele>
        <time>2026-01-19T14:31:23Z</time>
      </trkpt>
      <trkpt lat="54.894967032596469" lon="23.229352813214064">
        <ele>-330.75</ele>
        <time>2026-01-19T14:31:26Z</time>
      </trkpt>
      <trkpt lat="54.894982371479273" lon="23.229209985584021">
        <ele>-330.83999999999997</ele>
        <time>2026-01-19T14:31:27Z</time>
      </trkpt>
      <trkpt lat="54.895047247409821" lon="23.228401551023126">
        <ele>-331.11000000000001</ele>
        <time>2026-01-19T14:31:32Z</time>
      </trkpt>
      <trkpt lat="54.895053785294294" lon="23.228271212428808">
        <ele>-331.17000000000002</ele>
        <time>2026-01-19T14:31:33Z</time>
      </trkpt>
      <trkpt lat="54.895067028701305" lon="23.228151770308614">
        <ele>-331.26999999999998</ele>
        <time>2026-01-19T14:31:34Z</time>
      </trkpt>
      <trkpt lat="54.895110782235861" lon="23.227832419797778">
        <ele>-331.70999999999998</ele>
        <time>2026-01-19T14:31:37Z</time>
      </trkpt>
      <trkpt lat="54.895109608769417" lon="23.227736027911305">
        <ele>-331.82999999999998</ele>
        <time>2026-01-19T14:31:38Z</time>
      </trkpt>
      <trkpt lat="54.895093683153391" lon="23.227632427588105">
        <ele>-331.92000000000002</ele>
        <time>2026-01-19T14:31:39Z</time>
      </trkpt>
      <trkpt lat="54.895063759759068" lon="23.227533018216491">
        <ele>-331.99000000000001</ele>
        <time>2026-01-19T14:31:40Z</time>
      </trkpt>
      <trkpt lat="54.895027549937367" lon="23.227450121194124">
        <ele>-332.05000000000001</ele>
        <time>2026-01-19T14:31:41Z</time>
      </trkpt>
      <trkpt lat="54.894985388964415" lon="23.227392369881272">
        <ele>-332.06999999999999</ele>
        <time>2026-01-19T14:31:42Z</time>
      </trkpt>
      <trkpt lat="54.894929816946387" lon="23.227350208908319">
        <ele>-332.06999999999999</ele>
        <time>2026-01-19T14:31:43Z</time>
      </trkpt>
      <trkpt lat="54.894862426444888" lon="23.227330427616835">
        <ele>-332.06999999999999</ele>
        <time>2026-01-19T14:31:44Z</time>
      </trkpt>
      <trkpt lat="54.894790509715676" lon="23.227326823398471">
        <ele>-332.08999999999997</ele>
        <time>2026-01-19T14:31:45Z</time>
      </trkpt>
      <trkpt lat="54.894001018255949" lon="23.227139823138714">
        <ele>-331.93000000000001</ele>
        <time>2026-01-19T14:31:52Z</time>
      </trkpt>
      <trkpt lat="54.892214415594935" lon="23.226715279743075">
        <ele>-330.52999999999997</ele>
        <time>2026-01-19T14:32:01Z</time>
      </trkpt>
      <trkpt lat="54.889787016436458" lon="23.226171210408211">
        <ele>-328.30000000000001</ele>
        <time>2026-01-19T14:32:12Z</time>
      </trkpt>
      <trkpt lat="54.888034192845225" lon="23.225763514637947">
        <ele>-326.69</ele>
        <time>2026-01-19T14:32:21Z</time>
      </trkpt>
      <trkpt lat="54.886160837486386" lon="23.225333774462342">
        <ele>-324.69</ele>
        <time>2026-01-19T14:32:30Z</time>
      </trkpt>
      <trkpt lat="54.885083762928843" lon="23.225141325965524">
        <ele>-324.37</ele>
        <time>2026-01-19T14:32:38Z</time>
      </trkpt>
      <trkpt lat="54.88500245846808" lon="23.225159514695406">
        <ele>-324.41000000000003</ele>
        <time>2026-01-19T14:32:39Z</time>
      </trkpt>
      <trkpt lat="54.884924171492457" lon="23.225201675668359">
        <ele>-324.5</ele>
        <time>2026-01-19T14:32:40Z</time>
      </trkpt>
      <trkpt lat="54.884846471250057" lon="23.225277028977871">
        <ele>-324.56999999999999</ele>
        <time>2026-01-19T14:32:41Z</time>
      </trkpt>
      <trkpt lat="54.884777991101146" lon="23.225387586280704">
        <ele>-324.63999999999999</ele>
        <time>2026-01-19T14:32:42Z</time>
      </trkpt>
      <trkpt lat="54.884722167626023" lon="23.225532341748476">
        <ele>-324.68000000000001</ele>
        <time>2026-01-19T14:32:43Z</time>
      </trkpt>
      <trkpt lat="54.884675731882453" lon="23.225715570151806">
        <ele>-324.70999999999998</ele>
        <time>2026-01-19T14:32:44Z</time>
      </trkpt>
      <trkpt lat="54.884634492918849" lon="23.225940959528089">
        <ele>-324.73000000000002</ele>
        <time>2026-01-19T14:32:45Z</time>
      </trkpt>
      <trkpt lat="54.884594595059752" lon="23.22620490565896">
        <ele>-324.73000000000002</ele>
        <time>2026-01-19T14:32:46Z</time>
      </trkpt>
      <trkpt lat="54.884302234277129" lon="23.228372214362025">
        <ele>-323.95999999999998</ele>
        <time>2026-01-19T14:32:52Z</time>
      </trkpt>
      <trkpt lat="54.883858412504196" lon="23.231607377529144">
        <ele>-322.13999999999999</ele>
        <time>2026-01-19T14:33:00Z</time>
      </trkpt>
      <trkpt lat="54.883543588221073" lon="23.233802681788802">
        <ele>-321.63999999999999</ele>
        <time>2026-01-19T14:33:07Z</time>
      </trkpt>
      <trkpt lat="54.882999686524272" lon="23.23645094409585">
        <ele>-320.75999999999999</ele>
        <time>2026-01-19T14:33:14Z</time>
      </trkpt>
      <trkpt lat="54.882257049903274" lon="23.240089360624552">
        <ele>-318.49000000000001</ele>
        <time>2026-01-19T14:33:23Z</time>
      </trkpt>
      <trkpt lat="54.881845666095614" lon="23.242139238864183">
        <ele>-318.5</ele>
        <time>2026-01-19T14:33:30Z</time>
      </trkpt>
      <trkpt lat="54.881725469604135" lon="23.242668975144625">
        <ele>-318.81</ele>
        <time>2026-01-19T14:33:33Z</time>
      </trkpt>
      <trkpt lat="54.88167442381382" lon="23.242775006219745">
        <ele>-319.00999999999999</ele>
        <time>2026-01-19T14:33:34Z</time>
      </trkpt>
      <trkpt lat="54.881608709692955" lon="23.242834433913231">
        <ele>-319.26999999999998</ele>
        <time>2026-01-19T14:33:35Z</time>
      </trkpt>
      <trkpt lat="54.881527656689286" lon="23.242852706462145">
        <ele>-319.50999999999999</ele>
        <time>2026-01-19T14:33:36Z</time>
      </trkpt>
      <trkpt lat="54.881427409127355" lon="23.242837954312563">
        <ele>-319.64999999999998</ele>
        <time>2026-01-19T14:33:37Z</time>
      </trkpt>
      <trkpt lat="54.881311235949397" lon="23.242797888815403">
        <ele>-319.75</ele>
        <time>2026-01-19T14:33:38Z</time>
      </trkpt>
      <trkpt lat="54.881181651726365" lon="23.242729073390365">
        <ele>-319.82999999999998</ele>
        <time>2026-01-19T14:33:39Z</time>
      </trkpt>
      <trkpt lat="54.881037147715688" lon="23.242640811949968">
        <ele>-319.92000000000002</ele>
        <time>2026-01-19T14:33:40Z</time>
      </trkpt>
      <trkpt lat="54.879852365702391" lon="23.242175951600075">
        <ele>-319.66000000000003</ele>
        <time>2026-01-19T14:33:46Z</time>
      </trkpt>
      <trkpt lat="54.877908853814006" lon="23.241455443203449">
        <ele>-318.25999999999999</ele>
        <time>2026-01-19T14:33:54Z</time>
      </trkpt>
      <trkpt lat="54.87634738907218" lon="23.240889078006148">
        <ele>-317.37</ele>
        <time>2026-01-19T14:34:01Z</time>
      </trkpt>
      <trkpt lat="54.875307446345687" lon="23.240506779402494">
        <ele>-317.57999999999998</ele>
        <time>2026-01-19T14:34:07Z</time>
      </trkpt>
      <trkpt lat="54.875010559335351" lon="23.240404520183802">
        <ele>-318.13999999999999</ele>
        <time>2026-01-19T14:34:10Z</time>
      </trkpt>
      <trkpt lat="54.874373031780124" lon="23.240343080833554">
        <ele>-319.24000000000001</ele>
        <time>2026-01-19T14:34:16Z</time>
      </trkpt>
      <trkpt lat="54.873798536136746" lon="23.240315588191152">
        <ele>-320.38999999999999</ele>
        <time>2026-01-19T14:34:22Z</time>
      </trkpt>
      <trkpt lat="54.87373910844326" lon="23.240308463573456">
        <ele>-320.64999999999998</ele>
        <time>2026-01-19T14:34:23Z</time>
      </trkpt>
      <trkpt lat="54.873687224462628" lon="23.240316258743405">
        <ele>-320.83999999999997</ele>
        <time>2026-01-19T14:34:24Z</time>
      </trkpt>
      <trkpt lat="54.873642297461629" lon="23.240344924852252">
        <ele>-320.97000000000003</ele>
        <time>2026-01-19T14:34:25Z</time>
      </trkpt>
      <trkpt lat="54.873605500906706" lon="23.240392366424203">
        <ele>-321.11000000000001</ele>
        <time>2026-01-19T14:34:26Z</time>
      </trkpt>
      <trkpt lat="54.873580606654286" lon="23.240465205162764">
        <ele>-321.29000000000002</ele>
        <time>2026-01-19T14:34:27Z</time>
      </trkpt>
      <trkpt lat="54.873570799827576" lon="23.240575678646564">
        <ele>-321.45999999999998</ele>
        <time>2026-01-19T14:34:28Z</time>
      </trkpt>
      <trkpt lat="54.873570883646607" lon="23.240728564560413">
        <ele>-321.63</ele>
        <time>2026-01-19T14:34:29Z</time>
      </trkpt>
      <trkpt lat="54.873571638017893" lon="23.240925706923008">
        <ele>-321.85000000000002</ele>
        <time>2026-01-19T14:34:30Z</time>
      </trkpt>
      <trkpt lat="54.873586306348443" lon="23.241481762379408">
        <ele>-322.37</ele>
        <time>2026-01-19T14:34:33Z</time>
      </trkpt>
      <trkpt lat="54.873616732656956" lon="23.242425229400396">
        <ele>-323.57999999999998</ele>
        <time>2026-01-19T14:34:41Z</time>
      </trkpt>
      <trkpt lat="54.873601142317057" lon="23.242492536082864">
        <ele>-323.83999999999997</ele>
        <time>2026-01-19T14:34:42Z</time>
      </trkpt>
      <trkpt lat="54.873570799827576" lon="23.242532517760992">
        <ele>-324.06</ele>
        <time>2026-01-19T14:34:43Z</time>
      </trkpt>
      <trkpt lat="54.873521849513054" lon="23.242553640156984">
        <ele>-324.23000000000002</ele>
        <time>2026-01-19T14:34:44Z</time>
      </trkpt>
      <trkpt lat="54.873448507860303" lon="23.242563949897885">
        <ele>-324.38</ele>
        <time>2026-01-19T14:34:45Z</time>
      </trkpt>
      <trkpt lat="54.873356642201543" lon="23.242556490004063">
        <ele>-324.52999999999997</ele>
        <time>2026-01-19T14:34:46Z</time>
      </trkpt>
      <trkpt lat="54.873255137354136" lon="23.24252363294363">
        <ele>-324.64999999999998</ele>
        <time>2026-01-19T14:34:47Z</time>
      </trkpt>
      <trkpt lat="54.873144580051303" lon="23.242478957399726">
        <ele>-324.75999999999999</ele>
        <time>2026-01-19T14:34:48Z</time>
      </trkpt>
      <trkpt lat="54.872071444988251" lon="23.242209563031793">
        <ele>-325.06</ele>
        <time>2026-01-19T14:34:55Z</time>
      </trkpt>
      <trkpt lat="54.870321890339255" lon="23.241783091798425">
        <ele>-325.42000000000002</ele>
        <time>2026-01-19T14:35:05Z</time>
      </trkpt>
      <trkpt lat="54.868753552436829" lon="23.241381430998445">
        <ele>-325.08999999999997</ele>
        <time>2026-01-19T14:35:13Z</time>
      </trkpt>
      <trkpt lat="54.866847423836589" lon="23.240883629769087">
        <ele>-323.63</ele>
        <time>2026-01-19T14:35:21Z</time>
      </trkpt>
      <trkpt lat="54.865650655701756" lon="23.240584814921021">
        <ele>-322.95999999999998</ele>
        <time>2026-01-19T14:35:27Z</time>
      </trkpt>
      <trkpt lat="54.864975912496448" lon="23.240409884601831">
        <ele>-323.31</ele>
        <time>2026-01-19T14:35:33Z</time>
      </trkpt>
      <trkpt lat="54.864925285801291" lon="23.240402340888977">
        <ele>-323.50999999999999</ele>
        <time>2026-01-19T14:35:34Z</time>
      </trkpt>
      <trkpt lat="54.864888908341527" lon="23.240428660064936">
        <ele>-323.69999999999999</ele>
        <time>2026-01-19T14:35:35Z</time>
      </trkpt>
      <trkpt lat="54.864862086251378" lon="23.24048699811101">
        <ele>-323.83999999999997</ele>
        <time>2026-01-19T14:35:36Z</time>
      </trkpt>
      <trkpt lat="54.864840796217322" lon="23.240579953417182">
        <ele>-323.95999999999998</ele>
        <time>2026-01-19T14:35:37Z</time>
      </trkpt>
      <trkpt lat="54.864816991612315" lon="23.240714315325022">
        <ele>-324.11000000000001</ele>
        <time>2026-01-19T14:35:38Z</time>
      </trkpt>
      <trkpt lat="54.864673325791955" lon="23.241979228332639">
        <ele>-324.74000000000001</ele>
        <time>2026-01-19T14:35:44Z</time>
      </trkpt>
      <trkpt lat="54.86446344293654" lon="23.244005972519517">
        <ele>-325.01999999999998</ele>
        <time>2026-01-19T14:35:54Z</time>
      </trkpt>
      <trkpt lat="54.864387083798647" lon="23.244801666587591">
        <ele>-325.30000000000001</ele>
        <time>2026-01-19T14:35:58Z</time>
      </trkpt>
      <trkpt lat="54.864349365234375" lon="23.244979614391923">
        <ele>-325.37</ele>
        <time>2026-01-19T14:35:59Z</time>
      </trkpt>
      <trkpt lat="54.864289853721857" lon="23.24515487998724">
        <ele>-325.41000000000003</ele>
        <time>2026-01-19T14:36:00Z</time>
      </trkpt>
      <trkpt lat="54.86349742859602" lon="23.246951792389154">
        <ele>-325.48000000000002</ele>
        <time>2026-01-19T14:36:10Z</time>
      </trkpt>
      <trkpt lat="54.862973392009735" lon="23.248070608824492">
        <ele>-325.56</ele>
        <time>2026-01-19T14:36:17Z</time>
      </trkpt>
      <trkpt lat="54.862376600503922" lon="23.249387321993709">
        <ele>-325.51999999999998</ele>
        <time>2026-01-19T14:36:24Z</time>
      </trkpt>
      <trkpt lat="54.861641256138682" lon="23.251047693192959">
        <ele>-325.36000000000001</ele>
        <time>2026-01-19T14:36:33Z</time>
      </trkpt>
      <trkpt lat="54.861047146841884" lon="23.252875367179513">
        <ele>-325.32999999999998</ele>
        <time>2026-01-19T14:36:43Z</time>
      </trkpt>
      <trkpt lat="54.86072008498013" lon="23.253872562199831">
        <ele>-325.48000000000002</ele>
        <time>2026-01-19T14:36:50Z</time>
      </trkpt>
      <trkpt lat="54.860670799389482" lon="23.253906760364771">
        <ele>-325.60000000000002</ele>
        <time>2026-01-19T14:36:51Z</time>
      </trkpt>
      <trkpt lat="54.860606174916029" lon="23.25389108620584">
        <ele>-325.70999999999998</ele>
        <time>2026-01-19T14:36:52Z</time>
      </trkpt>
      <trkpt lat="54.860520511865616" lon="23.253829814493656">
        <ele>-325.80000000000001</ele>
        <time>2026-01-19T14:36:53Z</time>
      </trkpt>
      <trkpt lat="54.86041322350502" lon="23.253725795075297">
        <ele>-325.88999999999999</ele>
        <time>2026-01-19T14:36:54Z</time>
      </trkpt>
      <trkpt lat="54.860283806920052" lon="23.253594618290663">
        <ele>-325.93000000000001</ele>
        <time>2026-01-19T14:36:55Z</time>
      </trkpt>
      <trkpt lat="54.859478725120425" lon="23.252951474860311">
        <ele>-325.75</ele>
        <time>2026-01-19T14:37:01Z</time>
      </trkpt>
      <trkpt lat="54.85937487334013" lon="23.252926580607891">
        <ele>-325.77999999999997</ele>
        <time>2026-01-19T14:37:02Z</time>
      </trkpt>
      <trkpt lat="54.859264818951488" lon="23.252933202311397">
        <ele>-325.81999999999999</ele>
        <time>2026-01-19T14:37:03Z</time>
      </trkpt>
      <trkpt lat="54.859136827290058" lon="23.252974189817905">
        <ele>-325.87</ele>
        <time>2026-01-19T14:37:04Z</time>
      </trkpt>
      <trkpt lat="54.858992239460349" lon="23.253045938909054">
        <ele>-325.88999999999999</ele>
        <time>2026-01-19T14:37:05Z</time>
      </trkpt>
      <trkpt lat="54.858831390738487" lon="23.253140235319734">
        <ele>-325.89999999999998</ele>
        <time>2026-01-19T14:37:06Z</time>
      </trkpt>
      <trkpt lat="54.857722548767924" lon="23.253821935504675">
        <ele>-325.23000000000002</ele>
        <time>2026-01-19T14:37:12Z</time>
      </trkpt>
      <trkpt lat="54.85608589835465" lon="23.254801947623491">
        <ele>-324.26999999999998</ele>
        <time>2026-01-19T14:37:20Z</time>
      </trkpt>
      <trkpt lat="54.854991137981415" lon="23.255343250930309">
        <ele>-324</ele>
        <time>2026-01-19T14:37:27Z</time>
      </trkpt>
      <trkpt lat="54.854869181290269" lon="23.255329001694918">
        <ele>-324.13999999999999</ele>
        <time>2026-01-19T14:37:28Z</time>
      </trkpt>
      <trkpt lat="54.854745883494616" lon="23.255276950076222">
        <ele>-324.24000000000001</ele>
        <time>2026-01-19T14:37:29Z</time>
      </trkpt>
      <trkpt lat="54.854277838021517" lon="23.2550207991153">
        <ele>-324.41000000000003</ele>
        <time>2026-01-19T14:37:33Z</time>
      </trkpt>
      <trkpt lat="54.854195611551404" lon="23.255024570971727">
        <ele>-324.48000000000002</ele>
        <time>2026-01-19T14:37:34Z</time>
      </trkpt>
      <trkpt lat="54.854117324575782" lon="23.255063714459538">
        <ele>-324.61000000000001</ele>
        <time>2026-01-19T14:37:35Z</time>
      </trkpt>
      <trkpt lat="54.854042138904333" lon="23.25513219460845">
        <ele>-324.79000000000002</ele>
        <time>2026-01-19T14:37:36Z</time>
      </trkpt>
      <trkpt lat="54.853969635441899" lon="23.255216516554356">
        <ele>-324.97000000000003</ele>
        <time>2026-01-19T14:37:37Z</time>
      </trkpt>
      <trkpt lat="54.853892689570785" lon="23.255306789651513">
        <ele>-325.11000000000001</ele>
        <time>2026-01-19T14:37:38Z</time>
      </trkpt>
      <trkpt lat="54.853805266320705" lon="23.255391195416451">
        <ele>-325.23000000000002</ele>
        <time>2026-01-19T14:37:39Z</time>
      </trkpt>
      <trkpt lat="54.853714657947421" lon="23.255463866516948">
        <ele>-325.30000000000001</ele>
        <time>2026-01-19T14:37:40Z</time>
      </trkpt>
      <trkpt lat="54.853624971583486" lon="23.255522958934307">
        <ele>-325.36000000000001</ele>
        <time>2026-01-19T14:37:41Z</time>
      </trkpt>
      <trkpt lat="54.853533273562789" lon="23.255568891763687">
        <ele>-325.41000000000003</ele>
        <time>2026-01-19T14:37:42Z</time>
      </trkpt>
      <trkpt lat="54.853434283286333" lon="23.255595797672868">
        <ele>-325.5</ele>
        <time>2026-01-19T14:37:43Z</time>
      </trkpt>
      <trkpt lat="54.853319451212883" lon="23.255598563700914">
        <ele>-325.56999999999999</ele>
        <time>2026-01-19T14:37:44Z</time>
      </trkpt>
      <trkpt lat="54.853188609704375" lon="23.255585990846157">
        <ele>-325.63999999999999</ele>
        <time>2026-01-19T14:37:45Z</time>
      </trkpt>
      <trkpt lat="54.852617299184203" lon="23.255489263683558">
        <ele>-325.77999999999997</ele>
        <time>2026-01-19T14:37:49Z</time>
      </trkpt>
      <trkpt lat="54.852472627535462" lon="23.25543268583715">
        <ele>-325.77999999999997</ele>
        <time>2026-01-19T14:37:50Z</time>
      </trkpt>
      <trkpt lat="54.851605100557208" lon="23.25512389652431">
        <ele>-325.63</ele>
        <time>2026-01-19T14:37:56Z</time>
      </trkpt>
      <trkpt lat="54.851475600153208" lon="23.255131859332323">
        <ele>-325.64999999999998</ele>
        <time>2026-01-19T14:37:57Z</time>
      </trkpt>
      <trkpt lat="54.851343082264066" lon="23.255143761634827">
        <ele>-325.64999999999998</ele>
        <time>2026-01-19T14:37:58Z</time>
      </trkpt>
      <trkpt lat="54.851204697042704" lon="23.255131272599101">
        <ele>-325.70999999999998</ele>
        <time>2026-01-19T14:37:59Z</time>
      </trkpt>
      <trkpt lat="54.851060276851058" lon="23.255099337548018">
        <ele>-325.75999999999999</ele>
        <time>2026-01-19T14:38:00Z</time>
      </trkpt>
      <trkpt lat="54.849819168448448" lon="23.254936477169394">
        <ele>-325.79000000000002</ele>
        <time>2026-01-19T14:38:08Z</time>
      </trkpt>
      <trkpt lat="54.849096313118935" lon="23.254883168265224">
        <ele>-326.13</ele>
        <time>2026-01-19T14:38:14Z</time>
      </trkpt>
      <trkpt lat="54.848972596228123" lon="23.254861794412136">
        <ele>-326.22000000000003</ele>
        <time>2026-01-19T14:38:15Z</time>
      </trkpt>
      <trkpt lat="54.847874902188778" lon="23.254663813859224">
        <ele>-326.36000000000001</ele>
        <time>2026-01-19T14:38:22Z</time>
      </trkpt>
      <trkpt lat="54.845704743638635" lon="23.254286292940378">
        <ele>-325.56</ele>
        <time>2026-01-19T14:38:34Z</time>
      </trkpt>
      <trkpt lat="54.8452178388834" lon="23.254112619906664">
        <ele>-325.47000000000003</ele>
        <time>2026-01-19T14:38:37Z</time>
      </trkpt>
      <trkpt lat="54.845082303509116" lon="23.25402008369565">
        <ele>-325.47000000000003</ele>
        <time>2026-01-19T14:38:38Z</time>
      </trkpt>
      <trkpt lat="54.844964118674397" lon="23.253895109519362">
        <ele>-325.47000000000003</ele>
        <time>2026-01-19T14:38:39Z</time>
      </trkpt>
      <trkpt lat="54.844849705696106" lon="23.253735434263945">
        <ele>-325.48000000000002</ele>
        <time>2026-01-19T14:38:40Z</time>
      </trkpt>
      <trkpt lat="54.844728084281087" lon="23.253559162840247">
        <ele>-325.5</ele>
        <time>2026-01-19T14:38:41Z</time>
      </trkpt>
      <trkpt lat="54.843601053580642" lon="23.25203575193882">
        <ele>-325.64999999999998</ele>
        <time>2026-01-19T14:38:50Z</time>
      </trkpt>
      <trkpt lat="54.843407431617379" lon="23.251830898225307">
        <ele>-325.94</ele>
        <time>2026-01-19T14:38:53Z</time>
      </trkpt>
      <trkpt lat="54.843297712504864" lon="23.25214228592813">
        <ele>-326.79000000000002</ele>
        <time>2026-01-19T14:38:58Z</time>
      </trkpt>
      <trkpt lat="54.843067042529583" lon="23.253703834488988">
        <ele>-327.52999999999997</ele>
        <time>2026-01-19T14:39:07Z</time>
      </trkpt>
      <trkpt lat="54.843034185469151" lon="23.253810368478298">
        <ele>-327.68000000000001</ele>
        <time>2026-01-19T14:39:08Z</time>
      </trkpt>
      <trkpt lat="54.842982469126582" lon="23.253980102017522">
        <ele>-328.57999999999998</ele>
        <time>2026-01-19T14:39:14Z</time>
      </trkpt>
      <trkpt lat="54.842988252639771" lon="23.253975491970778">
        <ele>-331.63999999999999</ele>
        <time>2026-01-19T14:39:34Z</time>
      </trkpt>
      <trkpt lat="54.842984061688185" lon="23.253981862217188">
        <ele>-332.36000000000001</ele>
        <time>2026-01-19T14:39:39Z</time>
      </trkpt>
      <trkpt lat="54.842969393357635" lon="23.253994267433882">
        <ele>-332.48000000000002</ele>
        <time>2026-01-19T14:39:40Z</time>
      </trkpt>
      <trkpt lat="54.842945085838437" lon="23.254002230241895">
        <ele>-332.60000000000002</ele>
        <time>2026-01-19T14:39:41Z</time>
      </trkpt>
      <trkpt lat="54.842916922643781" lon="23.253999883309007">
        <ele>-332.73000000000002</ele>
        <time>2026-01-19T14:39:42Z</time>
      </trkpt>
      <trkpt lat="54.842886412516236" lon="23.253988483920693">
        <ele>-332.86000000000001</ele>
        <time>2026-01-19T14:39:43Z</time>
      </trkpt>
      <trkpt lat="54.842853890731931" lon="23.253970379009843">
        <ele>-333.01999999999998</ele>
        <time>2026-01-19T14:39:44Z</time>
      </trkpt>
      <trkpt lat="54.842818435281515" lon="23.253943976014853">
        <ele>-333.19</ele>
        <time>2026-01-19T14:39:45Z</time>
      </trkpt>
      <trkpt lat="54.842780129984021" lon="23.253910364583135">
        <ele>-333.37</ele>
        <time>2026-01-19T14:39:46Z</time>
      </trkpt>
      <trkpt lat="54.842267828062177" lon="23.2534752599895">
        <ele>-334.31999999999999</ele>
        <time>2026-01-19T14:39:55Z</time>
      </trkpt>
      <trkpt lat="54.84119008295238" lon="23.252642182633281">
        <ele>-334.72000000000003</ele>
        <time>2026-01-19T14:40:07Z</time>
      </trkpt>
      <trkpt lat="54.840797139331698" lon="23.252282934263349">
        <ele>-334.77999999999997</ele>
        <time>2026-01-19T14:40:12Z</time>
      </trkpt>
      <trkpt lat="54.840749865397811" lon="23.252213196828961">
        <ele>-334.86000000000001</ele>
        <time>2026-01-19T14:40:13Z</time>
      </trkpt>
      <trkpt lat="54.840719187632203" lon="23.252141196280718">
        <ele>-334.97000000000003</ele>
        <time>2026-01-19T14:40:14Z</time>
      </trkpt>
      <trkpt lat="54.840700244531035" lon="23.252069614827633">
        <ele>-335.12</ele>
        <time>2026-01-19T14:40:15Z</time>
      </trkpt>
      <trkpt lat="54.840684989467263" lon="23.25199568644166">
        <ele>-335.26999999999998</ele>
        <time>2026-01-19T14:40:16Z</time>
      </trkpt>
      <trkpt lat="54.840653724968433" lon="23.251651106402278">
        <ele>-335.88</ele>
        <time>2026-01-19T14:40:21Z</time>
      </trkpt>
      <trkpt lat="54.840630255639553" lon="23.251622021198273">
        <ele>-336.02999999999997</ele>
        <time>2026-01-19T14:40:22Z</time>
      </trkpt>
      <trkpt lat="54.840592537075281" lon="23.251664265990257">
        <ele>-336.27999999999997</ele>
        <time>2026-01-19T14:40:24Z</time>
      </trkpt>
      <trkpt lat="54.840588681399822" lon="23.251707851886749">
        <ele>-336.43000000000001</ele>
        <time>2026-01-19T14:40:25Z</time>
      </trkpt>
      <trkpt lat="54.840442165732384" lon="23.25239785015583">
        <ele>-337.52999999999997</ele>
        <time>2026-01-19T14:40:34Z</time>
      </trkpt>
      <trkpt lat="54.840118959546089" lon="23.253662679344416">
        <ele>-338.22000000000003</ele>
        <time>2026-01-19T14:40:43Z</time>
      </trkpt>
      <trkpt lat="54.839851493015885" lon="23.254744866862893">
        <ele>-337.81</ele>
        <time>2026-01-19T14:40:48Z</time>
      </trkpt>
      <trkpt lat="54.839352518320084" lon="23.256695251911879">
        <ele>-336.42000000000002</ele>
        <time>2026-01-19T14:40:55Z</time>
      </trkpt>
      <trkpt lat="54.838979691267014" lon="23.258732138201594">
        <ele>-335.5</ele>
        <time>2026-01-19T14:41:02Z</time>
      </trkpt>
      <trkpt lat="54.838667381554842" lon="23.26054866425693">
        <ele>-335.10000000000002</ele>
        <time>2026-01-19T14:41:10Z</time>
      </trkpt>
      <trkpt lat="54.838636536151171" lon="23.260680930688977">
        <ele>-335.22000000000003</ele>
        <time>2026-01-19T14:41:11Z</time>
      </trkpt>
      <trkpt lat="54.838600242510438" lon="23.260784614831209">
        <ele>-335.32999999999998</ele>
        <time>2026-01-19T14:41:12Z</time>
      </trkpt>
      <trkpt lat="54.838547604158521" lon="23.260857369750738">
        <ele>-335.41000000000003</ele>
        <time>2026-01-19T14:41:13Z</time>
      </trkpt>
      <trkpt lat="54.838477866724133" lon="23.260903134942055">
        <ele>-335.5</ele>
        <time>2026-01-19T14:41:14Z</time>
      </trkpt>
      <trkpt lat="54.838390108197927" lon="23.260919228196144">
        <ele>-335.55000000000001</ele>
        <time>2026-01-19T14:41:15Z</time>
      </trkpt>
      <trkpt lat="54.838280891999602" lon="23.260912019759417">
        <ele>-335.61000000000001</ele>
        <time>2026-01-19T14:41:16Z</time>
      </trkpt>
      <trkpt lat="54.838147955015302" lon="23.260880000889301">
        <ele>-335.63999999999999</ele>
        <time>2026-01-19T14:41:17Z</time>
      </trkpt>
      <trkpt lat="54.837993308901787" lon="23.260829541832209">
        <ele>-335.66000000000003</ele>
        <time>2026-01-19T14:41:18Z</time>
      </trkpt>
      <trkpt lat="54.836827721446753" lon="23.260480938479304">
        <ele>-335</ele>
        <time>2026-01-19T14:41:24Z</time>
      </trkpt>
      <trkpt lat="54.835328198969364" lon="23.260058993473649">
        <ele>-333.88</ele>
        <time>2026-01-19T14:41:32Z</time>
      </trkpt>
      <trkpt lat="54.83399061486125" lon="23.259584158658981">
        <ele>-333.63</ele>
        <time>2026-01-19T14:41:41Z</time>
      </trkpt>
      <trkpt lat="54.8336011916399" lon="23.259261203929782">
        <ele>-333.69999999999999</ele>
        <time>2026-01-19T14:41:46Z</time>
      </trkpt>
      <trkpt lat="54.833568418398499" lon="23.259257012978196">
        <ele>-333.74000000000001</ele>
        <time>2026-01-19T14:41:47Z</time>
      </trkpt>
      <trkpt lat="54.833548720926046" lon="23.259287271648645">
        <ele>-333.75999999999999</ele>
        <time>2026-01-19T14:41:48Z</time>
      </trkpt>
      <trkpt lat="54.833542350679636" lon="23.259343095123768">
        <ele>-333.79000000000002</ele>
        <time>2026-01-19T14:41:49Z</time>
      </trkpt>
      <trkpt lat="54.833541680127382" lon="23.259425489231944">
        <ele>-333.80000000000001</ele>
        <time>2026-01-19T14:41:50Z</time>
      </trkpt>
      <trkpt lat="54.833534890785813" lon="23.259537471458316">
        <ele>-333.83999999999997</ele>
        <time>2026-01-19T14:41:51Z</time>
      </trkpt>
      <trkpt lat="54.833398852497339" lon="23.260806826874614">
        <ele>-334.00999999999999</ele>
        <time>2026-01-19T14:42:00Z</time>
      </trkpt>
      <trkpt lat="54.833368342369795" lon="23.26109541580081">
        <ele>-334.07999999999998</ele>
        <time>2026-01-19T14:42:02Z</time>
      </trkpt>
      <trkpt lat="54.833376137539744" lon="23.262425288558006">
        <ele>-333.97000000000003</ele>
        <time>2026-01-19T14:42:08Z</time>
      </trkpt>
      <trkpt lat="54.833375466987491" lon="23.26304504647851">
        <ele>-333.97000000000003</ele>
        <time>2026-01-19T14:42:11Z</time>
      </trkpt>
      <trkpt lat="54.833314279094338" lon="23.263986501842737">
        <ele>-333.97000000000003</ele>
        <time>2026-01-19T14:42:16Z</time>
      </trkpt>
      <trkpt lat="54.833303885534406" lon="23.264106865972281">
        <ele>-334.01999999999998</ele>
        <time>2026-01-19T14:42:17Z</time>
      </trkpt>
      <trkpt lat="54.833275303244591" lon="23.264193953946233">
        <ele>-334.04000000000002</ele>
        <time>2026-01-19T14:42:18Z</time>
      </trkpt>
      <trkpt lat="54.833229202777147" lon="23.264247514307499">
        <ele>-334.06999999999999</ele>
        <time>2026-01-19T14:42:19Z</time>
      </trkpt>
      <trkpt lat="54.833167092874646" lon="23.264261931180954">
        <ele>-334.08999999999997</ele>
        <time>2026-01-19T14:42:20Z</time>
      </trkpt>
      <trkpt lat="54.833084782585502" lon="23.264245670288801">
        <ele>-334.10000000000002</ele>
        <time>2026-01-19T14:42:21Z</time>
      </trkpt>
      <trkpt lat="54.832980427891016" lon="23.264215830713511">
        <ele>-334.12</ele>
        <time>2026-01-19T14:42:22Z</time>
      </trkpt>
      <trkpt lat="54.832213819026947" lon="23.263970743864775">
        <ele>-334.05000000000001</ele>
        <time>2026-01-19T14:42:28Z</time>
      </trkpt>
      <trkpt lat="54.831363977864385" lon="23.263685591518879">
        <ele>-334.00999999999999</ele>
        <time>2026-01-19T14:42:36Z</time>
      </trkpt>
      <trkpt lat="54.831221653148532" lon="23.263653824105859">
        <ele>-334.25</ele>
        <time>2026-01-19T14:42:39Z</time>
      </trkpt>
      <trkpt lat="54.831139175221324" lon="23.2636534050107">
        <ele>-334.31</ele>
        <time>2026-01-19T14:42:40Z</time>
      </trkpt>
      <trkpt lat="54.831030294299126" lon="23.26366363093257">
        <ele>-334.38999999999999</ele>
        <time>2026-01-19T14:42:41Z</time>
      </trkpt>
      <trkpt lat="54.830191936343908" lon="23.263720292598009">
        <ele>-334.19999999999999</ele>
        <time>2026-01-19T14:42:46Z</time>
      </trkpt>
      <trkpt lat="54.828228643164039" lon="23.263907376676798">
        <ele>-332.44</ele>
        <time>2026-01-19T14:42:55Z</time>
      </trkpt>
      <trkpt lat="54.825908029451966" lon="23.264091778546572">
        <ele>-329.31999999999999</ele>
        <time>2026-01-19T14:43:05Z</time>
      </trkpt>
      <trkpt lat="54.823488928377628" lon="23.264292776584625">
        <ele>-326.97000000000003</ele>
        <time>2026-01-19T14:43:15Z</time>
      </trkpt>
      <trkpt lat="54.820899423211813" lon="23.264456307515502">
        <ele>-324.5</ele>
        <time>2026-01-19T14:43:25Z</time>
      </trkpt>
      <trkpt lat="54.819562342017889" lon="23.264529816806316">
        <ele>-324.11000000000001</ele>
        <time>2026-01-19T14:43:32Z</time>
      </trkpt>
      <trkpt lat="54.819077365100384" lon="23.264506347477436">
        <ele>-324.12</ele>
        <time>2026-01-19T14:43:35Z</time>
      </trkpt>
      <trkpt lat="54.818897573277354" lon="23.264446333050728">
        <ele>-324.12</ele>
        <time>2026-01-19T14:43:36Z</time>
      </trkpt>
      <trkpt lat="54.817334096878767" lon="23.263715514913201">
        <ele>-323.19</ele>
        <time>2026-01-19T14:43:43Z</time>
      </trkpt>
      <trkpt lat="54.814782226458192" lon="23.262522434815764">
        <ele>-321.02999999999997</ele>
        <time>2026-01-19T14:43:53Z</time>
      </trkpt>
      <trkpt lat="54.812732432037592" lon="23.261584499850869">
        <ele>-320.44</ele>
        <time>2026-01-19T14:44:02Z</time>
      </trkpt>
      <trkpt lat="54.811333743855357" lon="23.260947475209832">
        <ele>-320.44999999999999</ele>
        <time>2026-01-19T14:44:09Z</time>
      </trkpt>
      <trkpt lat="54.810503851622343" lon="23.260614378377795">
        <ele>-321.88999999999999</ele>
        <time>2026-01-19T14:44:16Z</time>
      </trkpt>
      <trkpt lat="54.810423972085118" lon="23.26062192209065">
        <ele>-322.13999999999999</ele>
        <time>2026-01-19T14:44:17Z</time>
      </trkpt>
      <trkpt lat="54.810335375368595" lon="23.260647319257259">
        <ele>-322.35000000000002</ele>
        <time>2026-01-19T14:44:18Z</time>
      </trkpt>
      <trkpt lat="54.810227835550904" lon="23.260692832991481">
        <ele>-322.61000000000001</ele>
        <time>2026-01-19T14:44:19Z</time>
      </trkpt>
      <trkpt lat="54.810102777555585" lon="23.260762067511678">
        <ele>-322.87</ele>
        <time>2026-01-19T14:44:20Z</time>
      </trkpt>
      <trkpt lat="54.809964476153255" lon="23.260855190455914">
        <ele>-323.11000000000001</ele>
        <time>2026-01-19T14:44:21Z</time>
      </trkpt>
      <trkpt lat="54.808501834049821" lon="23.261816343292594">
        <ele>-323.82999999999998</ele>
        <time>2026-01-19T14:44:30Z</time>
      </trkpt>
      <trkpt lat="54.807290732860565" lon="23.262514974921942">
        <ele>-324.36000000000001</ele>
        <time>2026-01-19T14:44:38Z</time>
      </trkpt>
      <trkpt lat="54.806634681299329" lon="23.262841450050473">
        <ele>-325.06</ele>
        <time>2026-01-19T14:44:44Z</time>
      </trkpt>
      <trkpt lat="54.805952059105039" lon="23.263387950137258">
        <ele>-326.29000000000002</ele>
        <time>2026-01-19T14:44:52Z</time>
      </trkpt>
      <trkpt lat="54.805606389418244" lon="23.263695482164621">
        <ele>-327.69999999999999</ele>
        <time>2026-01-19T14:45:00Z</time>
      </trkpt>
      <trkpt lat="54.805617118254304" lon="23.263691794127226">
        <ele>-330.75</ele>
        <time>2026-01-19T14:45:17Z</time>
      </trkpt>
      <trkpt lat="54.805619716644287" lon="23.26369103975594">
        <ele>-333.79000000000002</ele>
        <time>2026-01-19T14:45:35Z</time>
      </trkpt>
      <trkpt lat="54.805622482672334" lon="23.263689866289496">
        <ele>-336.87</ele>
        <time>2026-01-19T14:45:55Z</time>
      </trkpt>
      <trkpt lat="54.805592391639948" lon="23.263862198218703">
        <ele>-338.26999999999998</ele>
        <time>2026-01-19T14:46:06Z</time>
      </trkpt>
      <trkpt lat="54.805591134354472" lon="23.263940066099167">
        <ele>-338.33999999999997</ele>
        <time>2026-01-19T14:46:07Z</time>
      </trkpt>
      <trkpt lat="54.805591553449631" lon="23.264209376648068">
        <ele>-338.72000000000003</ele>
        <time>2026-01-19T14:46:10Z</time>
      </trkpt>
      <trkpt lat="54.805601611733437" lon="23.26430325396359">
        <ele>-338.87</ele>
        <time>2026-01-19T14:46:11Z</time>
      </trkpt>
      <trkpt lat="54.805843932554126" lon="23.265438163653016">
        <ele>-339.47000000000003</ele>
        <time>2026-01-19T14:46:20Z</time>
      </trkpt>
      <trkpt lat="54.806065047159791" lon="23.266407614573836">
        <ele>-339.61000000000001</ele>
        <time>2026-01-19T14:46:26Z</time>
      </trkpt>
      <trkpt lat="54.806087845936418" lon="23.266564439982176">
        <ele>-339.60000000000002</ele>
        <time>2026-01-19T14:46:27Z</time>
      </trkpt>
      <trkpt lat="54.806132353842258" lon="23.26689007692039">
        <ele>-339.56</ele>
        <time>2026-01-19T14:46:29Z</time>
      </trkpt>
      <trkpt lat="54.806532841175795" lon="23.268666034564376">
        <ele>-339.07999999999998</ele>
        <time>2026-01-19T14:46:38Z</time>
      </trkpt>
      <trkpt lat="54.806873816996813" lon="23.27017025090754">
        <ele>-338.75999999999999</ele>
        <time>2026-01-19T14:46:46Z</time>
      </trkpt>
      <trkpt lat="54.807065092027187" lon="23.270772658288479">
        <ele>-338.76999999999998</ele>
        <time>2026-01-19T14:46:50Z</time>
      </trkpt>
      <trkpt lat="54.807508578523993" lon="23.272794876247644">
        <ele>-337.97000000000003</ele>
        <time>2026-01-19T14:46:59Z</time>
      </trkpt>
      <trkpt lat="54.807786773890257" lon="23.274144781753421">
        <ele>-337.62</ele>
        <time>2026-01-19T14:47:05Z</time>
      </trkpt>
      <trkpt lat="54.807800771668553" lon="23.274341253563762">
        <ele>-337.57999999999998</ele>
        <time>2026-01-19T14:47:06Z</time>
      </trkpt>
      <trkpt lat="54.807799346745014" lon="23.274537809193134">
        <ele>-337.52999999999997</ele>
        <time>2026-01-19T14:47:07Z</time>
      </trkpt>
      <trkpt lat="54.807673702016473" lon="23.276315191760659">
        <ele>-337.22000000000003</ele>
        <time>2026-01-19T14:47:16Z</time>
      </trkpt>
      <trkpt lat="54.807675210759044" lon="23.276495737954974">
        <ele>-337.22000000000003</ele>
        <time>2026-01-19T14:47:17Z</time>
      </trkpt>
      <trkpt lat="54.80769264511764" lon="23.277279110625386">
        <ele>-337.19999999999999</ele>
        <time>2026-01-19T14:47:21Z</time>
      </trkpt>
      <trkpt lat="54.807806806638837" lon="23.279342064633965">
        <ele>-337.11000000000001</ele>
        <time>2026-01-19T14:47:31Z</time>
      </trkpt>
      <trkpt lat="54.807769423350692" lon="23.280523074790835">
        <ele>-337.08999999999997</ele>
        <time>2026-01-19T14:47:38Z</time>
      </trkpt>
      <trkpt lat="54.807753246277571" lon="23.280647965148091">
        <ele>-337.13999999999999</ele>
        <time>2026-01-19T14:47:39Z</time>
      </trkpt>
      <trkpt lat="54.807744696736336" lon="23.280792972072959">
        <ele>-337.19999999999999</ele>
        <time>2026-01-19T14:47:40Z</time>
      </trkpt>
      <trkpt lat="54.807738661766052" lon="23.281252132728696">
        <ele>-337.35000000000002</ele>
        <time>2026-01-19T14:47:43Z</time>
      </trkpt>
      <trkpt lat="54.807752156630158" lon="23.281403006985784">
        <ele>-337.41000000000003</ele>
        <time>2026-01-19T14:47:44Z</time>
      </trkpt>
      <trkpt lat="54.807782247662544" lon="23.281702492386103">
        <ele>-337.56999999999999</ele>
        <time>2026-01-19T14:47:46Z</time>
      </trkpt>
      <trkpt lat="54.807773195207119" lon="23.281845487654209">
        <ele>-337.61000000000001</ele>
        <time>2026-01-19T14:47:47Z</time>
      </trkpt>
      <trkpt lat="54.807744696736336" lon="23.28198672272265">
        <ele>-337.63</ele>
        <time>2026-01-19T14:47:48Z</time>
      </trkpt>
      <trkpt lat="54.807575214654207" lon="23.282633638009429">
        <ele>-337.64999999999998</ele>
        <time>2026-01-19T14:47:52Z</time>
      </trkpt>
      <trkpt lat="54.80755434371531" lon="23.282823320478201">
        <ele>-337.61000000000001</ele>
        <time>2026-01-19T14:47:53Z</time>
      </trkpt>
      <trkpt lat="54.80750891380012" lon="23.283832669258118">
        <ele>-337.54000000000002</ele>
        <time>2026-01-19T14:47:58Z</time>
      </trkpt>
      <trkpt lat="54.807570185512304" lon="23.284408757463098">
        <ele>-337.66000000000003</ele>
        <time>2026-01-19T14:48:02Z</time>
      </trkpt>
      <trkpt lat="54.807590888813138" lon="23.284642025828362">
        <ele>-337.73000000000002</ele>
        <time>2026-01-19T14:48:04Z</time>
      </trkpt>
      <trkpt lat="54.807554930448532" lon="23.28510076738894">
        <ele>-337.81999999999999</ele>
        <time>2026-01-19T14:48:08Z</time>
      </trkpt>
      <trkpt lat="54.807274471968412" lon="23.285300089046359">
        <ele>-338.10000000000002</ele>
        <time>2026-01-19T14:48:14Z</time>
      </trkpt>
      <trkpt lat="54.807108175009489" lon="23.285194477066398">
        <ele>-338.23000000000002</ele>
        <time>2026-01-19T14:48:16Z</time>
      </trkpt>
      <trkpt lat="54.806612385436893" lon="23.285059025511146">
        <ele>-338.55000000000001</ele>
        <time>2026-01-19T14:48:24Z</time>
      </trkpt>
      <trkpt lat="54.806559076532722" lon="23.285105042159557">
        <ele>-338.60000000000002</ele>
        <time>2026-01-19T14:48:25Z</time>
      </trkpt>
      <trkpt lat="54.806506605818868" lon="23.285180730745196">
        <ele>-338.63</ele>
        <time>2026-01-19T14:48:26Z</time>
      </trkpt>
      <trkpt lat="54.806463355198503" lon="23.285280559211969">
        <ele>-338.63999999999999</ele>
        <time>2026-01-19T14:48:27Z</time>
      </trkpt>
      <trkpt lat="54.806431503966451" lon="23.285388266667724">
        <ele>-338.67000000000002</ele>
        <time>2026-01-19T14:48:28Z</time>
      </trkpt>
      <trkpt lat="54.806415075436234" lon="23.285497818142176">
        <ele>-338.68000000000001</ele>
        <time>2026-01-19T14:48:29Z</time>
      </trkpt>
      <trkpt lat="54.806412812322378" lon="23.285627653822303">
        <ele>-338.67000000000002</ele>
        <time>2026-01-19T14:48:30Z</time>
      </trkpt>
      <trkpt lat="54.806423876434565" lon="23.285789089277387">
        <ele>-338.66000000000003</ele>
        <time>2026-01-19T14:48:31Z</time>
      </trkpt>
      <trkpt lat="54.806437371298671" lon="23.285975838080049">
        <ele>-338.62</ele>
        <time>2026-01-19T14:48:32Z</time>
      </trkpt>
      <trkpt lat="54.806441981345415" lon="23.286191672086716">
        <ele>-338.57999999999998</ele>
        <time>2026-01-19T14:48:33Z</time>
      </trkpt>
      <trkpt lat="54.806434940546751" lon="23.286415971815586">
        <ele>-338.52999999999997</ele>
        <time>2026-01-19T14:48:34Z</time>
      </trkpt>
      <trkpt lat="54.806419182568789" lon="23.286621915176511">
        <ele>-338.45999999999998</ele>
        <time>2026-01-19T14:48:35Z</time>
      </trkpt>
      <trkpt lat="54.806400323286653" lon="23.28680707141757">
        <ele>-338.42000000000002</ele>
        <time>2026-01-19T14:48:36Z</time>
      </trkpt>
      <trkpt lat="54.806368136778474" lon="23.287154333665967">
        <ele>-338.49000000000001</ele>
        <time>2026-01-19T14:48:39Z</time>
      </trkpt>
      <trkpt lat="54.806353719905019" lon="23.287327000871301">
        <ele>-338.62</ele>
        <time>2026-01-19T14:48:41Z</time>
      </trkpt>
      <trkpt lat="54.806371238082647" lon="23.287408137694001">
        <ele>-338.68000000000001</ele>
        <time>2026-01-19T14:48:42Z</time>
      </trkpt>
      <trkpt lat="54.806401077657938" lon="23.287467733025551">
        <ele>-338.74000000000001</ele>
        <time>2026-01-19T14:48:43Z</time>
      </trkpt>
      <trkpt lat="54.806430749595165" lon="23.28750385902822">
        <ele>-338.77999999999997</ele>
        <time>2026-01-19T14:48:44Z</time>
      </trkpt>
      <trkpt lat="54.806458074599504" lon="23.287535458803177">
        <ele>-338.82999999999998</ele>
        <time>2026-01-19T14:48:45Z</time>
      </trkpt>
      <trkpt lat="54.806478694081306" lon="23.287583235651255">
        <ele>-338.89999999999998</ele>
        <time>2026-01-19T14:48:46Z</time>
      </trkpt>
      <trkpt lat="54.806490512564778" lon="23.287636125460267">
        <ele>-339.04000000000002</ele>
        <time>2026-01-19T14:48:47Z</time>
      </trkpt>
      <trkpt lat="54.806507611647248" lon="23.287761015817523">
        <ele>-339.54000000000002</ele>
        <time>2026-01-19T14:48:51Z</time>
      </trkpt>
      <trkpt lat="54.806495876982808" lon="23.287787167355418">
        <ele>-339.58999999999997</ele>
        <time>2026-01-19T14:48:52Z</time>
      </trkpt>
      <trkpt lat="54.806440304964781" lon="23.287897640839219">
        <ele>-339.69999999999999</ele>
        <time>2026-01-19T14:48:54Z</time>
      </trkpt>
      <trkpt lat="54.806420858949423" lon="23.287995122373104">
        <ele>-339.74000000000001</ele>
        <time>2026-01-19T14:48:55Z</time>
      </trkpt>
      <trkpt lat="54.806418679654598" lon="23.288120934739709">
        <ele>-339.75999999999999</ele>
        <time>2026-01-19T14:48:56Z</time>
      </trkpt>
      <trkpt lat="54.806437790393829" lon="23.288274658843875">
        <ele>-339.76999999999998</ele>
        <time>2026-01-19T14:48:57Z</time>
      </trkpt>
      <trkpt lat="54.806471150368452" lon="23.288455959409475">
        <ele>-339.80000000000001</ele>
        <time>2026-01-19T14:48:58Z</time>
      </trkpt>
      <trkpt lat="54.80650283396244" lon="23.288660310208797">
        <ele>-339.80000000000001</ele>
        <time>2026-01-19T14:48:59Z</time>
      </trkpt>
      <trkpt lat="54.806525632739067" lon="23.28888033516705">
        <ele>-339.76999999999998</ele>
        <time>2026-01-19T14:49:00Z</time>
      </trkpt>
      <trkpt lat="54.806770468130708" lon="23.290977654978633">
        <ele>-339.26999999999998</ele>
        <time>2026-01-19T14:49:09Z</time>
      </trkpt>
      <trkpt lat="54.806960066780448" lon="23.292832151055336">
        <ele>-338.75999999999999</ele>
        <time>2026-01-19T14:49:18Z</time>
      </trkpt>
      <trkpt lat="54.806988816708326" lon="23.292955113574862">
        <ele>-338.75999999999999</ele>
        <time>2026-01-19T14:49:19Z</time>
      </trkpt>
      <trkpt lat="54.807025277987123" lon="23.293049158528447">
        <ele>-338.77999999999997</ele>
        <time>2026-01-19T14:49:20Z</time>
      </trkpt>
      <trkpt lat="54.807068612426519" lon="23.293163320049644">
        <ele>-338.94999999999999</ele>
        <time>2026-01-19T14:49:22Z</time>
      </trkpt>
      <trkpt lat="54.807054530829191" lon="23.293201038613915">
        <ele>-339.04000000000002</ele>
        <time>2026-01-19T14:49:23Z</time>
      </trkpt>
      <trkpt lat="54.807017482817173" lon="23.293218724429607">
        <ele>-339.10000000000002</ele>
        <time>2026-01-19T14:49:24Z</time>
      </trkpt>
      <trkpt lat="54.806958558037877" lon="23.293226771056652">
        <ele>-339.13</ele>
        <time>2026-01-19T14:49:25Z</time>
      </trkpt>
      <trkpt lat="54.806880438700318" lon="23.293236326426268">
        <ele>-339.18000000000001</ele>
        <time>2026-01-19T14:49:26Z</time>
      </trkpt>
      <trkpt lat="54.806184656918049" lon="23.293324504047632">
        <ele>-339.02999999999997</ele>
        <time>2026-01-19T14:49:32Z</time>
      </trkpt>
      <trkpt lat="54.806034956127405" lon="23.293357947841287">
        <ele>-339.01999999999998</ele>
        <time>2026-01-19T14:49:34Z</time>
      </trkpt>
      <trkpt lat="54.805988436564803" lon="23.293392900377512">
        <ele>-339.01999999999998</ele>
        <time>2026-01-19T14:49:35Z</time>
      </trkpt>
      <trkpt lat="54.80595507659018" lon="23.293462470173836">
        <ele>-339.01999999999998</ele>
        <time>2026-01-19T14:49:36Z</time>
      </trkpt>
      <trkpt lat="54.805938396602869" lon="23.293561208993196">
        <ele>-339.01999999999998</ele>
        <time>2026-01-19T14:49:37Z</time>
      </trkpt>
      <trkpt lat="54.805941665545106" lon="23.293688781559467">
        <ele>-339.04000000000002</ele>
        <time>2026-01-19T14:49:38Z</time>
      </trkpt>
      <trkpt lat="54.805958848446608" lon="23.293850468471646">
        <ele>-339.04000000000002</ele>
        <time>2026-01-19T14:49:39Z</time>
      </trkpt>
      <trkpt lat="54.805977456271648" lon="23.294047862291336">
        <ele>-339.04000000000002</ele>
        <time>2026-01-19T14:49:40Z</time>
      </trkpt>
      <trkpt lat="54.805993717163801" lon="23.294280292466283">
        <ele>-339.04000000000002</ele>
        <time>2026-01-19T14:49:41Z</time>
      </trkpt>
      <trkpt lat="54.806062951683998" lon="23.295424170792103">
        <ele>-339.02999999999997</ele>
        <time>2026-01-19T14:49:48Z</time>
      </trkpt>
      <trkpt lat="54.806052139028907" lon="23.295439509674907">
        <ele>-339.36000000000001</ele>
        <time>2026-01-19T14:49:59Z</time>
      </trkpt>
      <trkpt lat="54.806050127372146" lon="23.295432301238179">
        <ele>-342.38999999999999</ele>
        <time>2026-01-19T14:50:42Z</time>
      </trkpt>
      <trkpt lat="54.806078793480992" lon="23.295826921239495">
        <ele>-344.54000000000002</ele>
        <time>2026-01-19T14:51:14Z</time>
      </trkpt>
      <trkpt lat="54.80610846541822" lon="23.296692185103893">
        <ele>-344.81</ele>
        <time>2026-01-19T14:51:23Z</time>
      </trkpt>
      <trkpt lat="54.806116260588169" lon="23.296848256140947">
        <ele>-344.81</ele>
        <time>2026-01-19T14:51:24Z</time>
      </trkpt>
      <trkpt lat="54.806167976930737" lon="23.298435369506478">
        <ele>-344.55000000000001</ele>
        <time>2026-01-19T14:51:33Z</time>
      </trkpt>
      <trkpt lat="54.806227739900351" lon="23.299830034375191">
        <ele>-343.81</ele>
        <time>2026-01-19T14:51:41Z</time>
      </trkpt>
      <trkpt lat="54.806239055469632" lon="23.300038408488035">
        <ele>-343.70999999999998</ele>
        <time>2026-01-19T14:51:42Z</time>
      </trkpt>
      <trkpt lat="54.806323125958443" lon="23.30216565169394">
        <ele>-342.39999999999998</ele>
        <time>2026-01-19T14:51:52Z</time>
      </trkpt>
      <trkpt lat="54.80638456530869" lon="23.303734911605716">
        <ele>-341.26999999999998</ele>
        <time>2026-01-19T14:52:00Z</time>
      </trkpt>
      <trkpt lat="54.80641532689333" lon="23.30448467284441">
        <ele>-340.95999999999998</ele>
        <time>2026-01-19T14:52:04Z</time>
      </trkpt>
      <trkpt lat="54.806495876982808" lon="23.306241268292069">
        <ele>-340.27999999999997</ele>
        <time>2026-01-19T14:52:12Z</time>
      </trkpt>
      <trkpt lat="54.806555723771453" lon="23.30781907774508">
        <ele>-339.68000000000001</ele>
        <time>2026-01-19T14:52:18Z</time>
      </trkpt>
      <trkpt lat="54.806627975776792" lon="23.309687320142984">
        <ele>-338.52999999999997</ele>
        <time>2026-01-19T14:52:25Z</time>
      </trkpt>
      <trkpt lat="54.80667089112103" lon="23.310813177376986">
        <ele>-338.43000000000001</ele>
        <time>2026-01-19T14:52:31Z</time>
      </trkpt>
      <trkpt lat="54.806653456762433" lon="23.310897499322891">
        <ele>-338.47000000000003</ele>
        <time>2026-01-19T14:52:32Z</time>
      </trkpt>
      <trkpt lat="54.806621689349413" lon="23.310943096876144">
        <ele>-338.50999999999999</ele>
        <time>2026-01-19T14:52:33Z</time>
      </trkpt>
      <trkpt lat="54.806577181443572" lon="23.310949550941586">
        <ele>-338.56999999999999</ele>
        <time>2026-01-19T14:52:34Z</time>
      </trkpt>
      <trkpt lat="54.80651993304491" lon="23.31093211658299">
        <ele>-338.62</ele>
        <time>2026-01-19T14:52:35Z</time>
      </trkpt>
      <trkpt lat="54.806445334106684" lon="23.310898756608367">
        <ele>-338.66000000000003</ele>
        <time>2026-01-19T14:52:36Z</time>
      </trkpt>
      <trkpt lat="54.806348606944084" lon="23.31085592508316">
        <ele>-338.67000000000002</ele>
        <time>2026-01-19T14:52:37Z</time>
      </trkpt>
      <trkpt lat="54.805584512650967" lon="23.310613771900535">
        <ele>-338.41000000000003</ele>
        <time>2026-01-19T14:52:42Z</time>
      </trkpt>
      <trkpt lat="54.80418473482132" lon="23.310049921274185">
        <ele>-337.56999999999999</ele>
        <time>2026-01-19T14:52:50Z</time>
      </trkpt>
      <trkpt lat="54.8024916741997" lon="23.309268308803439">
        <ele>-336.37</ele>
        <time>2026-01-19T14:52:59Z</time>
      </trkpt>
      <trkpt lat="54.80085963383317" lon="23.30850656144321">
        <ele>-334.37</ele>
        <time>2026-01-19T14:53:07Z</time>
      </trkpt>
      <trkpt lat="54.799401517957449" lon="23.307853946462274">
        <ele>-333.13999999999999</ele>
        <time>2026-01-19T14:53:14Z</time>
      </trkpt>
      <trkpt lat="54.797810465097427" lon="23.307123463600874">
        <ele>-331.97000000000003</ele>
        <time>2026-01-19T14:53:23Z</time>
      </trkpt>
      <trkpt lat="54.796643368899822" lon="23.306335648521781">
        <ele>-331.60000000000002</ele>
        <time>2026-01-19T14:53:31Z</time>
      </trkpt>
      <trkpt lat="54.794984338805079" lon="23.305066963657737">
        <ele>-330.18000000000001</ele>
        <time>2026-01-19T14:53:39Z</time>
      </trkpt>
      <trkpt lat="54.793312400579453" lon="23.303684201091528">
        <ele>-328.44999999999999</ele>
        <time>2026-01-19T14:53:47Z</time>
      </trkpt>
      <trkpt lat="54.791948413476348" lon="23.30212265253067">
        <ele>-327.80000000000001</ele>
        <time>2026-01-19T14:53:54Z</time>
      </trkpt>
      <trkpt lat="54.790571853518486" lon="23.300533527508378">
        <ele>-326.93000000000001</ele>
        <time>2026-01-19T14:54:01Z</time>
      </trkpt>
      <trkpt lat="54.789071325212717" lon="23.298507705330849">
        <ele>-326.77999999999997</ele>
        <time>2026-01-19T14:54:10Z</time>
      </trkpt>
      <trkpt lat="54.787954604253173" lon="23.296484900638461">
        <ele>-326.22000000000003</ele>
        <time>2026-01-19T14:54:17Z</time>
      </trkpt>
      <trkpt lat="54.786591706797481" lon="23.293972844257951">
        <ele>-325.63</ele>
        <time>2026-01-19T14:54:25Z</time>
      </trkpt>
      <trkpt lat="54.785311371088028" lon="23.291718028485775">
        <ele>-325.54000000000002</ele>
        <time>2026-01-19T14:54:33Z</time>
      </trkpt>
      <trkpt lat="54.784171180799603" lon="23.29006914049387">
        <ele>-326.44</ele>
        <time>2026-01-19T14:54:41Z</time>
      </trkpt>
      <trkpt lat="54.783691233024001" lon="23.289592377841473">
        <ele>-327.18000000000001</ele>
        <time>2026-01-19T14:54:45Z</time>
      </trkpt>
      <trkpt lat="54.783544382080436" lon="23.28951308503747">
        <ele>-327.31999999999999</ele>
        <time>2026-01-19T14:54:46Z</time>
      </trkpt>
      <trkpt lat="54.782725470140576" lon="23.289246456697583">
        <ele>-327.62</ele>
        <time>2026-01-19T14:54:51Z</time>
      </trkpt>
      <trkpt lat="54.782565543428063" lon="23.289267495274544">
        <ele>-327.69</ele>
        <time>2026-01-19T14:54:52Z</time>
      </trkpt>
      <trkpt lat="54.782389188185334" lon="23.289314098656178">
        <ele>-327.73000000000002</ele>
        <time>2026-01-19T14:54:53Z</time>
      </trkpt>
      <trkpt lat="54.781406912952662" lon="23.28962791711092">
        <ele>-327.88</ele>
        <time>2026-01-19T14:54:59Z</time>
      </trkpt>
      <trkpt lat="54.781219828873873" lon="23.289706455543637">
        <ele>-328.42000000000002</ele>
        <time>2026-01-19T14:55:02Z</time>
      </trkpt>
      <trkpt lat="54.781204406172037" lon="23.289756076410413">
        <ele>-328.64999999999998</ele>
        <time>2026-01-19T14:55:03Z</time>
      </trkpt>
      <trkpt lat="54.781198874115944" lon="23.289839560166001">
        <ele>-328.86000000000001</ele>
        <time>2026-01-19T14:55:04Z</time>
      </trkpt>
      <trkpt lat="54.781199628487229" lon="23.289961433038116">
        <ele>-329</ele>
        <time>2026-01-19T14:55:05Z</time>
      </trkpt>
      <trkpt lat="54.781207926571369" lon="23.290121192112565">
        <ele>-329.12</ele>
        <time>2026-01-19T14:55:06Z</time>
      </trkpt>
      <trkpt lat="54.781227707862854" lon="23.290309868752956">
        <ele>-329.23000000000002</ele>
        <time>2026-01-19T14:55:07Z</time>
      </trkpt>
      <trkpt lat="54.78125587105751" lon="23.29052846878767">
        <ele>-329.37</ele>
        <time>2026-01-19T14:55:08Z</time>
      </trkpt>
      <trkpt lat="54.781419569626451" lon="23.292087335139513">
        <ele>-329.62</ele>
        <time>2026-01-19T14:55:13Z</time>
      </trkpt>
      <trkpt lat="54.781561307609081" lon="23.295213114470243">
        <ele>-328.32999999999998</ele>
        <time>2026-01-19T14:55:21Z</time>
      </trkpt>
      <trkpt lat="54.781684018671513" lon="23.29833428375423">
        <ele>-327.43000000000001</ele>
        <time>2026-01-19T14:55:29Z</time>
      </trkpt>
      <trkpt lat="54.78178066201508" lon="23.300749445334077">
        <ele>-327.33999999999997</ele>
        <time>2026-01-19T14:55:36Z</time>
      </trkpt>
      <trkpt lat="54.781849309802055" lon="23.302735956385732">
        <ele>-326.93000000000001</ele>
        <time>2026-01-19T14:55:42Z</time>
      </trkpt>
      <trkpt lat="54.78167119435966" lon="23.305139886215329">
        <ele>-326.67000000000002</ele>
        <time>2026-01-19T14:55:49Z</time>
      </trkpt>
      <trkpt lat="54.781422251835465" lon="23.308098278939724">
        <ele>-326.31</ele>
        <time>2026-01-19T14:55:57Z</time>
      </trkpt>
      <trkpt lat="54.781170040369034" lon="23.311288515105844">
        <ele>-325.93000000000001</ele>
        <time>2026-01-19T14:56:05Z</time>
      </trkpt>
      <trkpt lat="54.780921181663871" lon="23.31434179097414">
        <ele>-325.66000000000003</ele>
        <time>2026-01-19T14:56:13Z</time>
      </trkpt>
      <trkpt lat="54.780755219981074" lon="23.316354705020785">
        <ele>-326.88</ele>
        <time>2026-01-19T14:56:20Z</time>
      </trkpt>
      <trkpt lat="54.780669724568725" lon="23.317308817058802">
        <ele>-328.70999999999998</ele>
        <time>2026-01-19T14:56:26Z</time>
      </trkpt>
      <trkpt lat="54.780653128400445" lon="23.317706789821386">
        <ele>-330.70999999999998</ele>
        <time>2026-01-19T14:56:32Z</time>
      </trkpt>
      <trkpt lat="54.780691685155034" lon="23.317762278020382">
        <ele>-331</ele>
        <time>2026-01-19T14:56:33Z</time>
      </trkpt>
      <trkpt lat="54.780756058171391" lon="23.317815000191331">
        <ele>-331.29000000000002</ele>
        <time>2026-01-19T14:56:34Z</time>
      </trkpt>
      <trkpt lat="54.780956972390413" lon="23.317989259958267">
        <ele>-332.07999999999998</ele>
        <time>2026-01-19T14:56:37Z</time>
      </trkpt>
      <trkpt lat="54.780999468639493" lon="23.318053800612688">
        <ele>-332.33999999999997</ele>
        <time>2026-01-19T14:56:38Z</time>
      </trkpt>
      <trkpt lat="54.781021010130644" lon="23.318125801160932">
        <ele>-332.63</ele>
        <time>2026-01-19T14:56:39Z</time>
      </trkpt>
      <trkpt lat="54.781018327921629" lon="23.318209201097488">
        <ele>-332.98000000000002</ele>
        <time>2026-01-19T14:56:40Z</time>
      </trkpt>
      <trkpt lat="54.780986895784736" lon="23.318305090069771">
        <ele>-333.31999999999999</ele>
        <time>2026-01-19T14:56:41Z</time>
      </trkpt>
      <trkpt lat="54.780926629900932" lon="23.318407600745559">
        <ele>-333.60000000000002</ele>
        <time>2026-01-19T14:56:42Z</time>
      </trkpt>
      <trkpt lat="54.780857060104609" lon="23.318517738953233">
        <ele>-333.81</ele>
        <time>2026-01-19T14:56:43Z</time>
      </trkpt>
      <trkpt lat="54.780794531106949" lon="23.31864514388144">
        <ele>-334.01999999999998</ele>
        <time>2026-01-19T14:56:44Z</time>
      </trkpt>
      <trkpt lat="54.780747508630157" lon="23.31880540587008">
        <ele>-334.24000000000001</ele>
        <time>2026-01-19T14:56:45Z</time>
      </trkpt>
      <trkpt lat="54.780720937997103" lon="23.319007409736514">
        <ele>-334.43000000000001</ele>
        <time>2026-01-19T14:56:46Z</time>
      </trkpt>
      <trkpt lat="54.78071833960712" lon="23.319246377795935">
        <ele>-334.58999999999997</ele>
        <time>2026-01-19T14:56:47Z</time>
      </trkpt>
      <trkpt lat="54.780731163918972" lon="23.319521890953183">
        <ele>-334.75</ele>
        <time>2026-01-19T14:56:48Z</time>
      </trkpt>
      <trkpt lat="54.780897712334991" lon="23.321729097515345">
        <ele>-334.98000000000002</ele>
        <time>2026-01-19T14:56:54Z</time>
      </trkpt>
      <trkpt lat="54.781166519969702" lon="23.32509065978229">
        <ele>-334.32999999999998</ele>
        <time>2026-01-19T14:57:03Z</time>
      </trkpt>
      <trkpt lat="54.781386544927955" lon="23.328029355034232">
        <ele>-334.38999999999999</ele>
        <time>2026-01-19T14:57:12Z</time>
      </trkpt>
      <trkpt lat="54.781566588208079" lon="23.330418951809406">
        <ele>-334.42000000000002</ele>
        <time>2026-01-19T14:57:20Z</time>
      </trkpt>
      <trkpt lat="54.781628446653485" lon="23.331967340782285">
        <ele>-334.80000000000001</ele>
        <time>2026-01-19T14:57:26Z</time>
      </trkpt>
      <trkpt lat="54.781603887677193" lon="23.332246374338865">
        <ele>-334.82999999999998</ele>
        <time>2026-01-19T14:57:27Z</time>
      </trkpt>
      <trkpt lat="54.781317813321948" lon="23.334304131567478">
        <ele>-334.50999999999999</ele>
        <time>2026-01-19T14:57:33Z</time>
      </trkpt>
      <trkpt lat="54.780874075368047" lon="23.337592855095863">
        <ele>-333.36000000000001</ele>
        <time>2026-01-19T14:57:42Z</time>
      </trkpt>
      <trkpt lat="54.780804924666882" lon="23.340087812393904">
        <ele>-332.98000000000002</ele>
        <time>2026-01-19T14:57:49Z</time>
      </trkpt>
      <trkpt lat="54.780533434823155" lon="23.342245817184448">
        <ele>-332.95999999999998</ele>
        <time>2026-01-19T14:57:55Z</time>
      </trkpt>
      <trkpt lat="54.779894985258579" lon="23.34568633697927">
        <ele>-332.22000000000003</ele>
        <time>2026-01-19T14:58:04Z</time>
      </trkpt>
      <trkpt lat="54.779536994174123" lon="23.348257318139076">
        <ele>-332.14999999999998</ele>
        <time>2026-01-19T14:58:11Z</time>
      </trkpt>
      <trkpt lat="54.779241280630231" lon="23.349896818399429">
        <ele>-332.74000000000001</ele>
        <time>2026-01-19T14:58:17Z</time>
      </trkpt>
      <trkpt lat="54.778964258730412" lon="23.351289974525571">
        <ele>-333.92000000000002</ele>
        <time>2026-01-19T14:58:23Z</time>
      </trkpt>
      <trkpt lat="54.7784916870296" lon="23.353889118880033">
        <ele>-333.64999999999998</ele>
        <time>2026-01-19T14:58:30Z</time>
      </trkpt>
      <trkpt lat="54.778121458366513" lon="23.355601457878947">
        <ele>-333.88</ele>
        <time>2026-01-19T14:58:36Z</time>
      </trkpt>
      <trkpt lat="54.777868743985891" lon="23.356774337589741">
        <ele>-335.75</ele>
        <time>2026-01-19T14:58:43Z</time>
      </trkpt>
      <trkpt lat="54.777724910527468" lon="23.357413373887539">
        <ele>-337.39999999999998</ele>
        <time>2026-01-19T14:58:52Z</time>
      </trkpt>
      <trkpt lat="54.777557523921132" lon="23.358169002458453">
        <ele>-338.05000000000001</ele>
        <time>2026-01-19T14:58:57Z</time>
      </trkpt>
      <trkpt lat="54.77752324193716" lon="23.358257347717881">
        <ele>-338.12</ele>
        <time>2026-01-19T14:58:58Z</time>
      </trkpt>
      <trkpt lat="54.77748753502965" lon="23.358306046575308">
        <ele>-338.19999999999999</ele>
        <time>2026-01-19T14:58:59Z</time>
      </trkpt>
      <trkpt lat="54.777450654655695" lon="23.358317445963621">
        <ele>-338.38999999999999</ele>
        <time>2026-01-19T14:59:00Z</time>
      </trkpt>
      <trkpt lat="54.77741276845336" lon="23.358289869502187">
        <ele>-338.50999999999999</ele>
        <time>2026-01-19T14:59:01Z</time>
      </trkpt>
      <trkpt lat="54.777372200042009" lon="23.35821820423007">
        <ele>-338.63</ele>
        <time>2026-01-19T14:59:02Z</time>
      </trkpt>
      <trkpt lat="54.777329619973898" lon="23.358104964718223">
        <ele>-338.74000000000001</ele>
        <time>2026-01-19T14:59:03Z</time>
      </trkpt>
      <trkpt lat="54.77727647870779" lon="23.357950653880835">
        <ele>-338.77999999999997</ele>
        <time>2026-01-19T14:59:04Z</time>
      </trkpt>
      <trkpt lat="54.776812959462404" lon="23.356564035639167">
        <ele>-338.58999999999997</ele>
        <time>2026-01-19T14:59:09Z</time>
      </trkpt>
      <trkpt lat="54.776206780225039" lon="23.354738876223564">
        <ele>-338.30000000000001</ele>
        <time>2026-01-19T14:59:16Z</time>
      </trkpt>
      <trkpt lat="54.77600209414959" lon="23.354196818545461">
        <ele>-338.54000000000002</ele>
        <time>2026-01-19T14:59:19Z</time>
      </trkpt>
      <trkpt lat="54.775925735011697" lon="23.354066731408238">
        <ele>-338.62</ele>
        <time>2026-01-19T14:59:20Z</time>
      </trkpt>
      <trkpt lat="54.775840993970633" lon="23.353960448876023">
        <ele>-338.68000000000001</ele>
        <time>2026-01-19T14:59:21Z</time>
      </trkpt>
      <trkpt lat="54.775744266808033" lon="23.353882245719433">
        <ele>-338.72000000000003</ele>
        <time>2026-01-19T14:59:22Z</time>
      </trkpt>
      <trkpt lat="54.77563614025712" lon="23.353835474699736">
        <ele>-338.75999999999999</ele>
        <time>2026-01-19T14:59:23Z</time>
      </trkpt>
      <trkpt lat="54.77551787160337" lon="23.353818962350488">
        <ele>-338.81999999999999</ele>
        <time>2026-01-19T14:59:24Z</time>
      </trkpt>
      <trkpt lat="54.77538987994194" lon="23.353826673701406">
        <ele>-338.89999999999998</ele>
        <time>2026-01-19T14:59:25Z</time>
      </trkpt>
      <trkpt lat="54.775249902158976" lon="23.353848466649652">
        <ele>-338.93000000000001</ele>
        <time>2026-01-19T14:59:26Z</time>
      </trkpt>
      <trkpt lat="54.774261675775051" lon="23.353995401412249">
        <ele>-338.64999999999998</ele>
        <time>2026-01-19T14:59:31Z</time>
      </trkpt>
      <trkpt lat="54.771941816434264" lon="23.354317266494036">
        <ele>-336.12</ele>
        <time>2026-01-19T14:59:40Z</time>
      </trkpt>
      <trkpt lat="54.770065359771252" lon="23.354563442990184">
        <ele>-335.16000000000003</ele>
        <time>2026-01-19T14:59:48Z</time>
      </trkpt>
      <trkpt lat="54.769074702635407" lon="23.354697721078992">
        <ele>-335.31</ele>
        <time>2026-01-19T14:59:54Z</time>
      </trkpt>
      <trkpt lat="54.768377412110567" lon="23.354788832366467">
        <ele>-335.87</ele>
        <time>2026-01-19T15:00:00Z</time>
      </trkpt>
      <trkpt lat="54.768205499276519" lon="23.354788580909371">
        <ele>-336.5</ele>
        <time>2026-01-19T15:00:04Z</time>
      </trkpt>
      <trkpt lat="54.76819384843111" lon="23.354806350544095">
        <ele>-336.69</ele>
        <time>2026-01-19T15:00:05Z</time>
      </trkpt>
      <trkpt lat="54.768190244212747" lon="23.354834765195847">
        <ele>-336.86000000000001</ele>
        <time>2026-01-19T15:00:06Z</time>
      </trkpt>
      <trkpt lat="54.768213713541627" lon="23.35482127033174">
        <ele>-338.74000000000001</ele>
        <time>2026-01-19T15:00:17Z</time>
      </trkpt>
      <trkpt lat="54.7682168148458" lon="23.354822192341089">
        <ele>-339.04000000000002</ele>
        <time>2026-01-19T15:00:19Z</time>
      </trkpt>
      <trkpt lat="54.768248666077852" lon="23.354847421869636">
        <ele>-339.30000000000001</ele>
        <time>2026-01-19T15:00:21Z</time>
      </trkpt>
      <trkpt lat="54.768285881727934" lon="23.354850606992841">
        <ele>-339.44999999999999</ele>
        <time>2026-01-19T15:00:22Z</time>
      </trkpt>
      <trkpt lat="54.768695337697864" lon="23.354809870943427">
        <ele>-339.88</ele>
        <time>2026-01-19T15:00:26Z</time>
      </trkpt>
      <trkpt lat="54.769180063158274" lon="23.354752287268639">
        <ele>-340.39999999999998</ele>
        <time>2026-01-19T15:00:32Z</time>
      </trkpt>
      <trkpt lat="54.769263127818704" lon="23.354753544554114">
        <ele>-341.5</ele>
        <time>2026-01-19T15:00:42Z</time>
      </trkpt>
      <trkpt lat="54.769232366234064" lon="23.354749269783497">
        <ele>-342.37</ele>
        <time>2026-01-19T15:00:52Z</time>
      </trkpt>
      <trkpt lat="54.769213255494833" lon="23.35472596809268">
        <ele>-342.44</ele>
        <time>2026-01-19T15:00:53Z</time>
      </trkpt>
      <trkpt lat="54.769184589385986" lon="23.354710461571813">
        <ele>-342.50999999999999</ele>
        <time>2026-01-19T15:00:54Z</time>
      </trkpt>
      <trkpt lat="54.76915156468749" lon="23.3547059353441">
        <ele>-342.56999999999999</ele>
        <time>2026-01-19T15:00:55Z</time>
      </trkpt>
      <trkpt lat="54.76911585777998" lon="23.35470643825829">
        <ele>-342.63</ele>
        <time>2026-01-19T15:00:56Z</time>
      </trkpt>
      <trkpt lat="54.768909495323896" lon="23.354721274226904">
        <ele>-343.66000000000003</ele>
        <time>2026-01-19T15:01:08Z</time>
      </trkpt>
      <trkpt lat="54.768693409860134" lon="23.354748263955116">
        <ele>-345.48000000000002</ele>
        <time>2026-01-19T15:01:30Z</time>
      </trkpt>
      <trkpt lat="54.768391912803054" lon="23.354779025539756">
        <ele>-345.67000000000002</ele>
        <time>2026-01-19T15:01:34Z</time>
      </trkpt>
      <trkpt lat="54.767590267583728" lon="23.354885140433908">
        <ele>-346.06</ele>
        <time>2026-01-19T15:01:44Z</time>
      </trkpt>
      <trkpt lat="54.766692062839866" lon="23.355004414916039">
        <ele>-345.99000000000001</ele>
        <time>2026-01-19T15:01:52Z</time>
      </trkpt>
      <trkpt lat="54.765555476769805" lon="23.355094771832228">
        <ele>-345.17000000000002</ele>
        <time>2026-01-19T15:01:59Z</time>
      </trkpt>
      <trkpt lat="54.764983411878347" lon="23.355109440162778">
        <ele>-345.20999999999998</ele>
        <time>2026-01-19T15:02:06Z</time>
      </trkpt>
      <trkpt lat="54.763923520222306" lon="23.355133831501007">
        <ele>-345.69999999999999</ele>
        <time>2026-01-19T15:02:27Z</time>
      </trkpt>
      <trkpt lat="54.763145092874765" lon="23.35517062805593">
        <ele>-345.98000000000002</ele>
        <time>2026-01-19T15:02:49Z</time>
      </trkpt>
      <trkpt lat="54.76265424862504" lon="23.355183033272624">
        <ele>-346.04000000000002</ele>
        <time>2026-01-19T15:02:55Z</time>
      </trkpt>
      <trkpt lat="54.761608522385359" lon="23.355188816785812">
        <ele>-344.86000000000001</ele>
        <time>2026-01-19T15:03:01Z</time>
      </trkpt>
      <trkpt lat="54.761062944307923" lon="23.355228630825877">
        <ele>-344.62</ele>
        <time>2026-01-19T15:03:06Z</time>
      </trkpt>
      <trkpt lat="54.761008964851499" lon="23.355246568098664">
        <ele>-344.62</ele>
        <time>2026-01-19T15:03:07Z</time>
      </trkpt>
      <trkpt lat="54.760970156639814" lon="23.355278335511684">
        <ele>-344.62</ele>
        <time>2026-01-19T15:03:08Z</time>
      </trkpt>
      <trkpt lat="54.760945178568363" lon="23.355336086824536">
        <ele>-344.62</ele>
        <time>2026-01-19T15:03:09Z</time>
      </trkpt>
      <trkpt lat="54.760930677875876" lon="23.355428371578455">
        <ele>-344.62</ele>
        <time>2026-01-19T15:03:10Z</time>
      </trkpt>
      <trkpt lat="54.760928330942988" lon="23.355555860325694">
        <ele>-344.62</ele>
        <time>2026-01-19T15:03:11Z</time>
      </trkpt>
      <trkpt lat="54.76093721576035" lon="23.355716792866588">
        <ele>-344.61000000000001</ele>
        <time>2026-01-19T15:03:12Z</time>
      </trkpt>
      <trkpt lat="54.76094794459641" lon="23.355901949107647">
        <ele>-344.60000000000002</ele>
        <time>2026-01-19T15:03:13Z</time>
      </trkpt>
      <trkpt lat="54.76095087826252" lon="23.356095906347036">
        <ele>-344.56</ele>
        <time>2026-01-19T15:03:14Z</time>
      </trkpt>
      <trkpt lat="54.76094895042479" lon="23.356284918263555">
        <ele>-344.51999999999998</ele>
        <time>2026-01-19T15:03:15Z</time>
      </trkpt>
      <trkpt lat="54.760925313457847" lon="23.357952581718564">
        <ele>-343.87</ele>
        <time>2026-01-19T15:03:22Z</time>
      </trkpt>
      <trkpt lat="54.760979376733303" lon="23.360237991437316">
        <ele>-342.39999999999998</ele>
        <time>2026-01-19T15:03:31Z</time>
      </trkpt>
      <trkpt lat="54.760998738929629" lon="23.362266579642892">
        <ele>-341.60000000000002</ele>
        <time>2026-01-19T15:03:41Z</time>
      </trkpt>
      <trkpt lat="54.761020950973034" lon="23.363625621423125">
        <ele>-341</ele>
        <time>2026-01-19T15:03:48Z</time>
      </trkpt>
      <trkpt lat="54.761031176894903" lon="23.363755624741316">
        <ele>-340.95999999999998</ele>
        <time>2026-01-19T15:03:49Z</time>
      </trkpt>
      <trkpt lat="54.761049617081881" lon="23.363878754898906">
        <ele>-340.93000000000001</ele>
        <time>2026-01-19T15:03:50Z</time>
      </trkpt>
      <trkpt lat="54.761074846610427" lon="23.364007081836462">
        <ele>-340.91000000000003</ele>
        <time>2026-01-19T15:03:51Z</time>
      </trkpt>
      <trkpt lat="54.761113403365016" lon="23.364147813990712">
        <ele>-340.88</ele>
        <time>2026-01-19T15:03:52Z</time>
      </trkpt>
      <trkpt lat="54.761166041716933" lon="23.364311261102557">
        <ele>-340.86000000000001</ele>
        <time>2026-01-19T15:03:53Z</time>
      </trkpt>
      <trkpt lat="54.761645821854472" lon="23.365352377295494">
        <ele>-340.10000000000002</ele>
        <time>2026-01-19T15:03:59Z</time>
      </trkpt>
      <trkpt lat="54.762465320527554" lon="23.366485945880413">
        <ele>-339.19</ele>
        <time>2026-01-19T15:04:08Z</time>
      </trkpt>
      <trkpt lat="54.762642765417695" lon="23.366689709946513">
        <ele>-339.05000000000001</ele>
        <time>2026-01-19T15:04:14Z</time>
      </trkpt>
      <trkpt lat="54.762846110388637" lon="23.366997828707099">
        <ele>-338.94999999999999</ele>
        <time>2026-01-19T15:04:24Z</time>
      </trkpt>
      <trkpt lat="54.762958763167262" lon="23.367181979119778">
        <ele>-339.04000000000002</ele>
        <time>2026-01-19T15:04:27Z</time>
      </trkpt>
      <trkpt lat="54.763199994340539" lon="23.367597889155149">
        <ele>-339.23000000000002</ele>
        <time>2026-01-19T15:04:35Z</time>
      </trkpt>
      <trkpt lat="54.763397974893451" lon="23.367750523611903">
        <ele>-339.58999999999997</ele>
        <time>2026-01-19T15:04:42Z</time>
      </trkpt>
      <trkpt lat="54.763552453368902" lon="23.36791061796248">
        <ele>-339.85000000000002</ele>
        <time>2026-01-19T15:04:46Z</time>
      </trkpt>
      <trkpt lat="54.763620682060719" lon="23.368019750341773">
        <ele>-339.91000000000003</ele>
        <time>2026-01-19T15:04:48Z</time>
      </trkpt>
      <trkpt lat="54.763781698420644" lon="23.368415711447597">
        <ele>-339.94</ele>
        <time>2026-01-19T15:04:57Z</time>
      </trkpt>
      <trkpt lat="54.763780273497105" lon="23.36840950883925">
        <ele>-340.05000000000001</ele>
        <time>2026-01-19T15:05:02Z</time>
      </trkpt>
      <trkpt lat="54.763771304860711" lon="23.368439516052604">
        <ele>-340.67000000000002</ele>
        <time>2026-01-19T15:05:13Z</time>
      </trkpt>
      <trkpt lat="54.76376686245203" lon="23.368445299565792">
        <ele>-341.48000000000002</ele>
        <time>2026-01-19T15:05:31Z</time>
      </trkpt>
      <trkpt lat="54.763764347881079" lon="23.36845644749701">
        <ele>-342.17000000000002</ele>
        <time>2026-01-19T15:08:56Z</time>
      </trkpt>
      <trkpt lat="54.76376585662365" lon="23.368471534922719">
        <ele>-343.16000000000003</ele>
        <time>2026-01-19T15:12:14Z</time>
      </trkpt>
      <trkpt lat="54.763599308207631" lon="23.368835980072618">
        <ele>-342.45999999999998</ele>
        <time>2026-01-19T15:14:09Z</time>
      </trkpt>
      <trkpt lat="54.76355379447341" lon="23.368888702243567">
        <ele>-342.44999999999999</ele>
        <time>2026-01-19T15:14:10Z</time>
      </trkpt>
      <trkpt lat="54.763449272140861" lon="23.368979645892978">
        <ele>-342.44</ele>
        <time>2026-01-19T15:14:12Z</time>
      </trkpt>
      <trkpt lat="54.763397974893451" lon="23.369007976725698">
        <ele>-342.44</ele>
        <time>2026-01-19T15:14:13Z</time>
      </trkpt>
      <trkpt lat="54.763345252722502" lon="23.369029434397817">
        <ele>-342.44</ele>
        <time>2026-01-19T15:14:14Z</time>
      </trkpt>
      <trkpt lat="54.763285489752889" lon="23.369056675583124">
        <ele>-342.44</ele>
        <time>2026-01-19T15:14:15Z</time>
      </trkpt>
      <trkpt lat="54.763222709298134" lon="23.369092382490635">
        <ele>-342.43000000000001</ele>
        <time>2026-01-19T15:14:16Z</time>
      </trkpt>
      <trkpt lat="54.762867987155914" lon="23.369332775473595">
        <ele>-342.19999999999999</ele>
        <time>2026-01-19T15:14:22Z</time>
      </trkpt>
      <trkpt lat="54.76281501352787" lon="23.369397399947047">
        <ele>-342.10000000000002</ele>
        <time>2026-01-19T15:14:23Z</time>
      </trkpt>
      <trkpt lat="54.762753322720528" lon="23.369466634467244">
        <ele>-342.02999999999997</ele>
        <time>2026-01-19T15:14:24Z</time>
      </trkpt>
      <trkpt lat="54.762311344966292" lon="23.369845245033503">
        <ele>-341.85000000000002</ele>
        <time>2026-01-19T15:14:31Z</time>
      </trkpt>
      <trkpt lat="54.762262059375644" lon="23.369902661070228">
        <ele>-341.82999999999998</ele>
        <time>2026-01-19T15:14:32Z</time>
      </trkpt>
      <trkpt lat="54.762199614197016" lon="23.3699662797153">
        <ele>-341.81999999999999</ele>
        <time>2026-01-19T15:14:33Z</time>
      </trkpt>
      <trkpt lat="54.76207179017365" lon="23.370101312175393">
        <ele>-341.69</ele>
        <time>2026-01-19T15:14:35Z</time>
      </trkpt>
      <trkpt lat="54.761815806850791" lon="23.370519569143653">
        <ele>-341.26999999999998</ele>
        <time>2026-01-19T15:14:42Z</time>
      </trkpt>
      <trkpt lat="54.761785129085183" lon="23.370606992393732">
        <ele>-341.23000000000002</ele>
        <time>2026-01-19T15:14:43Z</time>
      </trkpt>
      <trkpt lat="54.761758306995034" lon="23.37071243673563">
        <ele>-341.20999999999998</ele>
        <time>2026-01-19T15:14:44Z</time>
      </trkpt>
      <trkpt lat="54.761674152687192" lon="23.371048467233777">
        <ele>-340.99000000000001</ele>
        <time>2026-01-19T15:14:47Z</time>
      </trkpt>
      <trkpt lat="54.761626878753304" lon="23.37118249386549">
        <ele>-340.89999999999998</ele>
        <time>2026-01-19T15:14:48Z</time>
      </trkpt>
      <trkpt lat="54.761191690340638" lon="23.372264178469777">
        <ele>-340.45999999999998</ele>
        <time>2026-01-19T15:14:56Z</time>
      </trkpt>
      <trkpt lat="54.761148188263178" lon="23.372416477650404">
        <ele>-340.38</ele>
        <time>2026-01-19T15:14:57Z</time>
      </trkpt>
      <trkpt lat="54.761105021461844" lon="23.372559975832701">
        <ele>-340.27999999999997</ele>
        <time>2026-01-19T15:14:58Z</time>
      </trkpt>
      <trkpt lat="54.760991111397743" lon="23.372826436534524">
        <ele>-339.94999999999999</ele>
        <time>2026-01-19T15:15:03Z</time>
      </trkpt>
      <trkpt lat="54.760981807485223" lon="23.372862562537193">
        <ele>-339.88999999999999</ele>
        <time>2026-01-19T15:15:06Z</time>
      </trkpt>
      <trkpt lat="54.760968144983053" lon="23.372926181182265">
        <ele>-339.87</ele>
        <time>2026-01-19T15:15:07Z</time>
      </trkpt>
      <trkpt lat="54.760944172739983" lon="23.373001869767904">
        <ele>-339.83999999999997</ele>
        <time>2026-01-19T15:15:08Z</time>
      </trkpt>
      <trkpt lat="54.760921038687229" lon="23.373061632737517">
        <ele>-339.81</ele>
        <time>2026-01-19T15:15:09Z</time>
      </trkpt>
      <trkpt lat="54.760903855785728" lon="23.373100189492106">
        <ele>-339.79000000000002</ele>
        <time>2026-01-19T15:15:10Z</time>
      </trkpt>
      <trkpt lat="54.760891702026129" lon="23.373132040724158">
        <ele>-339.77999999999997</ele>
        <time>2026-01-19T15:15:11Z</time>
      </trkpt>
      <trkpt lat="54.760882146656513" lon="23.373166909441352">
        <ele>-339.75</ele>
        <time>2026-01-19T15:15:12Z</time>
      </trkpt>
      <trkpt lat="54.760847194120288" lon="23.373288027942181">
        <ele>-339.67000000000002</ele>
        <time>2026-01-19T15:15:14Z</time>
      </trkpt>
      <trkpt lat="54.760830514132977" lon="23.37337888777256">
        <ele>-339.57999999999998</ele>
        <time>2026-01-19T15:15:15Z</time>
      </trkpt>
      <trkpt lat="54.76078768260777" lon="23.373660603538156">
        <ele>-339.44999999999999</ele>
        <time>2026-01-19T15:15:18Z</time>
      </trkpt>
      <trkpt lat="54.760760609060526" lon="23.373735873028636">
        <ele>-339.41000000000003</ele>
        <time>2026-01-19T15:15:19Z</time>
      </trkpt>
      <trkpt lat="54.760723477229476" lon="23.373807286843657">
        <ele>-339.36000000000001</ele>
        <time>2026-01-19T15:15:20Z</time>
      </trkpt>
      <trkpt lat="54.760686848312616" lon="23.373880796134472">
        <ele>-339.31</ele>
        <time>2026-01-19T15:15:21Z</time>
      </trkpt>
      <trkpt lat="54.760654158890247" lon="23.373955059796572">
        <ele>-339.26999999999998</ele>
        <time>2026-01-19T15:15:22Z</time>
      </trkpt>
      <trkpt lat="54.760505463927984" lon="23.3742471691221">
        <ele>-339.13</ele>
        <time>2026-01-19T15:15:26Z</time>
      </trkpt>
      <trkpt lat="54.760470427572727" lon="23.374350350350142">
        <ele>-339.07999999999998</ele>
        <time>2026-01-19T15:15:27Z</time>
      </trkpt>
      <trkpt lat="54.760445114225149" lon="23.374458644539118">
        <ele>-339.06</ele>
        <time>2026-01-19T15:15:28Z</time>
      </trkpt>
      <trkpt lat="54.760336903855205" lon="23.374931551516056">
        <ele>-339.01999999999998</ele>
        <time>2026-01-19T15:15:33Z</time>
      </trkpt>
      <trkpt lat="54.760323157534003" lon="23.375015370547771">
        <ele>-339.01999999999998</ele>
        <time>2026-01-19T15:15:34Z</time>
      </trkpt>
      <trkpt lat="54.760312512516975" lon="23.375109918415546">
        <ele>-339.02999999999997</ele>
        <time>2026-01-19T15:15:35Z</time>
      </trkpt>
      <trkpt lat="54.760294826701283" lon="23.375318460166454">
        <ele>-339.02999999999997</ele>
        <time>2026-01-19T15:15:37Z</time>
      </trkpt>
      <trkpt lat="54.760295245796442" lon="23.37542331777513">
        <ele>-339.02999999999997</ele>
        <time>2026-01-19T15:15:38Z</time>
      </trkpt>
      <trkpt lat="54.76030295714736" lon="23.375525744631886">
        <ele>-339.01999999999998</ele>
        <time>2026-01-19T15:15:39Z</time>
      </trkpt>
      <trkpt lat="54.760316200554371" lon="23.375624986365438">
        <ele>-338.99000000000001</ele>
        <time>2026-01-19T15:15:40Z</time>
      </trkpt>
      <trkpt lat="54.760337322950363" lon="23.375718696042895">
        <ele>-338.98000000000002</ele>
        <time>2026-01-19T15:15:41Z</time>
      </trkpt>
      <trkpt lat="54.76036699488759" lon="23.375812154263258">
        <ele>-338.98000000000002</ele>
        <time>2026-01-19T15:15:42Z</time>
      </trkpt>
      <trkpt lat="54.760406222194433" lon="23.375910557806492">
        <ele>-338.98000000000002</ele>
        <time>2026-01-19T15:15:43Z</time>
      </trkpt>
      <trkpt lat="54.760451652109623" lon="23.376008542254567">
        <ele>-338.98000000000002</ele>
        <time>2026-01-19T15:15:44Z</time>
      </trkpt>
      <trkpt lat="54.76053211838007" lon="23.376223789528012">
        <ele>-338.98000000000002</ele>
        <time>2026-01-19T15:15:46Z</time>
      </trkpt>
      <trkpt lat="54.760552821680903" lon="23.376349853351712">
        <ele>-339.01999999999998</ele>
        <time>2026-01-19T15:15:47Z</time>
      </trkpt>
      <trkpt lat="54.760560700669885" lon="23.376486813649535">
        <ele>-339.01999999999998</ele>
        <time>2026-01-19T15:15:48Z</time>
      </trkpt>
      <trkpt lat="54.760556509718299" lon="23.376629557460546">
        <ele>-339.01999999999998</ele>
        <time>2026-01-19T15:15:49Z</time>
      </trkpt>
      <trkpt lat="54.760536896064878" lon="23.376788981258869">
        <ele>-339.01999999999998</ele>
        <time>2026-01-19T15:15:50Z</time>
      </trkpt>
      <trkpt lat="54.760500015690923" lon="23.376977490261197">
        <ele>-339</ele>
        <time>2026-01-19T15:15:51Z</time>
      </trkpt>
      <trkpt lat="54.760457184165716" lon="23.377188378944993">
        <ele>-338.97000000000003</ele>
        <time>2026-01-19T15:15:52Z</time>
      </trkpt>
      <trkpt lat="54.760009422898293" lon="23.379105320200324">
        <ele>-337.79000000000002</ele>
        <time>2026-01-19T15:16:01Z</time>
      </trkpt>
      <trkpt lat="54.75991353392601" lon="23.379502706229687">
        <ele>-337.55000000000001</ele>
        <time>2026-01-19T15:16:03Z</time>
      </trkpt>
      <trkpt lat="54.759694514796138" lon="23.380957469344139">
        <ele>-337.02999999999997</ele>
        <time>2026-01-19T15:16:11Z</time>
      </trkpt>
      <trkpt lat="54.759596111252904" lon="23.382774917408824">
        <ele>-335.88</ele>
        <time>2026-01-19T15:16:20Z</time>
      </trkpt>
      <trkpt lat="54.759640451520681" lon="23.384965779259801">
        <ele>-334.94</ele>
        <time>2026-01-19T15:16:30Z</time>
      </trkpt>
      <trkpt lat="54.759666016325355" lon="23.385364590212703">
        <ele>-334.81</ele>
        <time>2026-01-19T15:16:32Z</time>
      </trkpt>
      <trkpt lat="54.759877827018499" lon="23.386692283675075">
        <ele>-334.08999999999997</ele>
        <time>2026-01-19T15:16:39Z</time>
      </trkpt>
      <trkpt lat="54.760129367932677" lon="23.388943830505013">
        <ele>-332.80000000000001</ele>
        <time>2026-01-19T15:16:50Z</time>
      </trkpt>
      <trkpt lat="54.760213606059551" lon="23.390154428780079">
        <ele>-332.25</ele>
        <time>2026-01-19T15:16:56Z</time>
      </trkpt>
      <trkpt lat="54.760231040418148" lon="23.390338830649853">
        <ele>-332.17000000000002</ele>
        <time>2026-01-19T15:16:57Z</time>
      </trkpt>
      <trkpt lat="54.760277476161718" lon="23.390685589984059">
        <ele>-331.98000000000002</ele>
        <time>2026-01-19T15:16:59Z</time>
      </trkpt>
      <trkpt lat="54.760288707911968" lon="23.390843253582716">
        <ele>-331.88</ele>
        <time>2026-01-19T15:17:00Z</time>
      </trkpt>
      <trkpt lat="54.760291809216142" lon="23.39098708704114">
        <ele>-331.79000000000002</ele>
        <time>2026-01-19T15:17:01Z</time>
      </trkpt>
      <trkpt lat="54.760289713740349" lon="23.391101500019431">
        <ele>-331.75</ele>
        <time>2026-01-19T15:17:02Z</time>
      </trkpt>
      <trkpt lat="54.760277392342687" lon="23.391180709004402">
        <ele>-331.75</ele>
        <time>2026-01-19T15:17:03Z</time>
      </trkpt>
      <trkpt lat="54.760262975469232" lon="23.39122655801475">
        <ele>-331.74000000000001</ele>
        <time>2026-01-19T15:17:04Z</time>
      </trkpt>
      <trkpt lat="54.76024235598743" lon="23.391244076192379">
        <ele>-331.74000000000001</ele>
        <time>2026-01-19T15:17:05Z</time>
      </trkpt>
      <trkpt lat="54.760209415107965" lon="23.391249943524599">
        <ele>-331.74000000000001</ele>
        <time>2026-01-19T15:17:06Z</time>
      </trkpt>
      <trkpt lat="54.759769113734365" lon="23.3913086168468">
        <ele>-331.50999999999999</ele>
        <time>2026-01-19T15:17:18Z</time>
      </trkpt>
      <trkpt lat="54.759425036609173" lon="23.391351699829102">
        <ele>-331.37</ele>
        <time>2026-01-19T15:17:28Z</time>
      </trkpt>
      <trkpt lat="54.759511454030871" lon="23.391675492748618">
        <ele>-331.82999999999998</ele>
        <time>2026-01-19T15:17:35Z</time>
      </trkpt>
      <trkpt lat="54.759657550603151" lon="23.392056114971638">
        <ele>-331.94</ele>
        <time>2026-01-19T15:17:39Z</time>
      </trkpt>
      <trkpt lat="54.759669452905655" lon="23.392360461875796">
        <ele>-332.14999999999998</ele>
        <time>2026-01-19T15:17:43Z</time>
      </trkpt>
      <trkpt lat="54.759612707421184" lon="23.392428020015359">
        <ele>-332.23000000000002</ele>
        <time>2026-01-19T15:17:44Z</time>
      </trkpt>
      <trkpt lat="54.759530313313007" lon="23.392511252313852">
        <ele>-332.29000000000002</ele>
        <time>2026-01-19T15:17:45Z</time>
      </trkpt>
      <trkpt lat="54.758794466033578" lon="23.392967814579606">
        <ele>-332.38</ele>
        <time>2026-01-19T15:17:50Z</time>
      </trkpt>
      <trkpt lat="54.757559476420283" lon="23.393775997683406">
        <ele>-331.98000000000002</ele>
        <time>2026-01-19T15:17:58Z</time>
      </trkpt>
      <trkpt lat="54.756558425724506" lon="23.394845444709063">
        <ele>-331.37</ele>
        <time>2026-01-19T15:18:05Z</time>
      </trkpt>
      <trkpt lat="54.75592877715826" lon="23.395551452413201">
        <ele>-331.44</ele>
        <time>2026-01-19T15:18:12Z</time>
      </trkpt>
      <trkpt lat="54.755878318101168" lon="23.395587326958776">
        <ele>-331.49000000000001</ele>
        <time>2026-01-19T15:18:13Z</time>
      </trkpt>
      <trkpt lat="54.75583590567112" lon="23.395614316686988">
        <ele>-331.50999999999999</ele>
        <time>2026-01-19T15:18:14Z</time>
      </trkpt>
      <trkpt lat="54.755791481584311" lon="23.395651029422879">
        <ele>-331.50999999999999</ele>
        <time>2026-01-19T15:18:15Z</time>
      </trkpt>
      <trkpt lat="54.755741441622376" lon="23.395708194002509">
        <ele>-331.52999999999997</ele>
        <time>2026-01-19T15:18:16Z</time>
      </trkpt>
      <trkpt lat="54.755691736936569" lon="23.39578690007329">
        <ele>-331.51999999999998</ele>
        <time>2026-01-19T15:18:17Z</time>
      </trkpt>
      <trkpt lat="54.755641026422381" lon="23.395890668034554">
        <ele>-331.50999999999999</ele>
        <time>2026-01-19T15:18:18Z</time>
      </trkpt>
      <trkpt lat="54.75557497702539" lon="23.39604246430099">
        <ele>-331.47000000000003</ele>
        <time>2026-01-19T15:18:19Z</time>
      </trkpt>
      <trkpt lat="54.755092849954963" lon="23.397255493327975">
        <ele>-330.89999999999998</ele>
        <time>2026-01-19T15:18:25Z</time>
      </trkpt>
      <trkpt lat="54.754651458933949" lon="23.398948302492499">
        <ele>-330.26999999999998</ele>
        <time>2026-01-19T15:18:33Z</time>
      </trkpt>
      <trkpt lat="54.754451969638467" lon="23.399681635200977">
        <ele>-330.19</ele>
        <time>2026-01-19T15:18:37Z</time>
      </trkpt>
      <trkpt lat="54.753687540069222" lon="23.401355501264334">
        <ele>-330.00999999999999</ele>
        <time>2026-01-19T15:18:47Z</time>
      </trkpt>
      <trkpt lat="54.753139531239867" lon="23.402472725138068">
        <ele>-330.25</ele>
        <time>2026-01-19T15:18:55Z</time>
      </trkpt>
      <trkpt lat="54.752910956740379" lon="23.403123244643211">
        <ele>-330.60000000000002</ele>
        <time>2026-01-19T15:18:59Z</time>
      </trkpt>
      <trkpt lat="54.752832166850567" lon="23.403245704248548">
        <ele>-330.63</ele>
        <time>2026-01-19T15:19:00Z</time>
      </trkpt>
      <trkpt lat="54.752733428031206" lon="23.403352154418826">
        <ele>-330.67000000000002</ele>
        <time>2026-01-19T15:19:01Z</time>
      </trkpt>
      <trkpt lat="54.752618344500661" lon="23.403440751135349">
        <ele>-330.70999999999998</ele>
        <time>2026-01-19T15:19:02Z</time>
      </trkpt>
      <trkpt lat="54.752498734742403" lon="23.403507890179753">
        <ele>-330.75999999999999</ele>
        <time>2026-01-19T15:19:03Z</time>
      </trkpt>
      <trkpt lat="54.752384321764112" lon="23.403567569330335">
        <ele>-330.81999999999999</ele>
        <time>2026-01-19T15:19:04Z</time>
      </trkpt>
      <trkpt lat="54.751424677670002" lon="23.403869485482574">
        <ele>-330.79000000000002</ele>
        <time>2026-01-19T15:19:11Z</time>
      </trkpt>
      <trkpt lat="54.750299910083413" lon="23.404111554846168">
        <ele>-330.66000000000003</ele>
        <time>2026-01-19T15:19:19Z</time>
      </trkpt>
      <trkpt lat="54.749295255169272" lon="23.404735419899225">
        <ele>-330.79000000000002</ele>
        <time>2026-01-19T15:19:28Z</time>
      </trkpt>
      <trkpt lat="54.748214408755302" lon="23.405531868338585">
        <ele>-331.16000000000003</ele>
        <time>2026-01-19T15:19:38Z</time>
      </trkpt>
      <trkpt lat="54.746749252080917" lon="23.406604081392288">
        <ele>-330.92000000000002</ele>
        <time>2026-01-19T15:19:48Z</time>
      </trkpt>
      <trkpt lat="54.745171442627907" lon="23.407787773758173">
        <ele>-330.97000000000003</ele>
        <time>2026-01-19T15:20:00Z</time>
      </trkpt>
      <trkpt lat="54.743842156603932" lon="23.408824782818556">
        <ele>-331.25999999999999</ele>
        <time>2026-01-19T15:20:11Z</time>
      </trkpt>
      <trkpt lat="54.743756661191583" lon="23.408923018723726">
        <ele>-331.25999999999999</ele>
        <time>2026-01-19T15:20:12Z</time>
      </trkpt>
      <trkpt lat="54.743422474712133" lon="23.409373126924038">
        <ele>-331.18000000000001</ele>
        <time>2026-01-19T15:20:16Z</time>
      </trkpt>
      <trkpt lat="54.742946550250053" lon="23.409759448841214">
        <ele>-330.95999999999998</ele>
        <time>2026-01-19T15:20:23Z</time>
      </trkpt>
      <trkpt lat="54.742067623883486" lon="23.410229422152042">
        <ele>-330.99000000000001</ele>
        <time>2026-01-19T15:20:37Z</time>
      </trkpt>
      <trkpt lat="54.741719188168645" lon="23.410404687747359">
        <ele>-331.44999999999999</ele>
        <time>2026-01-19T15:20:47Z</time>
      </trkpt>
      <trkpt lat="54.741704352200031" lon="23.410400245338678">
        <ele>-331.49000000000001</ele>
        <time>2026-01-19T15:20:48Z</time>
      </trkpt>
      <trkpt lat="54.741683900356293" lon="23.410390438511968">
        <ele>-332.00999999999999</ele>
        <time>2026-01-19T15:20:55Z</time>
      </trkpt>
      <trkpt lat="54.74167057313025" lon="23.410402089357376">
        <ele>-332.06</ele>
        <time>2026-01-19T15:20:56Z</time>
      </trkpt>
      <trkpt lat="54.741656240075827" lon="23.410432934761047">
        <ele>-332.12</ele>
        <time>2026-01-19T15:20:57Z</time>
      </trkpt>
      <trkpt lat="54.741630339995027" lon="23.410159852355719">
        <ele>-337.14999999999998</ele>
        <time>2026-01-19T15:21:39Z</time>
      </trkpt>
      <trkpt lat="54.741599578410387" lon="23.409906970337033">
        <ele>-337.23000000000002</ele>
        <time>2026-01-19T15:21:41Z</time>
      </trkpt>
      <trkpt lat="54.74157870747149" lon="23.40982667170465">
        <ele>-337.26999999999998</ele>
        <time>2026-01-19T15:21:42Z</time>
      </trkpt>
      <trkpt lat="54.741543000563979" lon="23.409764561802149">
        <ele>-337.31999999999999</ele>
        <time>2026-01-19T15:21:43Z</time>
      </trkpt>
      <trkpt lat="54.741486925631762" lon="23.409716868773103">
        <ele>-337.35000000000002</ele>
        <time>2026-01-19T15:21:44Z</time>
      </trkpt>
      <trkpt lat="54.741413500159979" lon="23.409679820761085">
        <ele>-337.36000000000001</ele>
        <time>2026-01-19T15:21:45Z</time>
      </trkpt>
      <trkpt lat="54.741330435499549" lon="23.409652411937714">
        <ele>-337.38</ele>
        <time>2026-01-19T15:21:46Z</time>
      </trkpt>
      <trkpt lat="54.741243682801723" lon="23.409637827426195">
        <ele>-337.38</ele>
        <time>2026-01-19T15:21:47Z</time>
      </trkpt>
      <trkpt lat="54.741156259551644" lon="23.409637911245227">
        <ele>-337.41000000000003</ele>
        <time>2026-01-19T15:21:48Z</time>
      </trkpt>
      <trkpt lat="54.741069590672851" lon="23.409650316461921">
        <ele>-337.39999999999998</ele>
        <time>2026-01-19T15:21:49Z</time>
      </trkpt>
      <trkpt lat="54.740984681993723" lon="23.409670433029532">
        <ele>-337.38999999999999</ele>
        <time>2026-01-19T15:21:50Z</time>
      </trkpt>
      <trkpt lat="54.739959239959717" lon="23.410013252869248">
        <ele>-336.89999999999998</ele>
        <time>2026-01-19T15:22:00Z</time>
      </trkpt>
      <trkpt lat="54.739079475402832" lon="23.410432431846857">
        <ele>-335.88999999999999</ele>
        <time>2026-01-19T15:22:08Z</time>
      </trkpt>
      <trkpt lat="54.739001775160432" lon="23.410519184544683">
        <ele>-335.72000000000003</ele>
        <time>2026-01-19T15:22:09Z</time>
      </trkpt>
      <trkpt lat="54.738383525982499" lon="23.411610340699553">
        <ele>-335.13999999999999</ele>
        <time>2026-01-19T15:22:16Z</time>
      </trkpt>
      <trkpt lat="54.738225024193525" lon="23.41189649887383">
        <ele>-334.88999999999999</ele>
        <time>2026-01-19T15:22:18Z</time>
      </trkpt>
      <trkpt lat="54.738146737217903" lon="23.411990040913224">
        <ele>-334.81999999999999</ele>
        <time>2026-01-19T15:22:19Z</time>
      </trkpt>
      <trkpt lat="54.738056128844619" lon="23.412059945985675">
        <ele>-334.77999999999997</ele>
        <time>2026-01-19T15:22:20Z</time>
      </trkpt>
      <trkpt lat="54.737359508872032" lon="23.41257568448782">
        <ele>-334.35000000000002</ele>
        <time>2026-01-19T15:22:27Z</time>
      </trkpt>
      <trkpt lat="54.737288597971201" lon="23.412646427750587">
        <ele>-334.31</ele>
        <time>2026-01-19T15:22:28Z</time>
      </trkpt>
      <trkpt lat="54.736772608011961" lon="23.41335360892117">
        <ele>-334.37</ele>
        <time>2026-01-19T15:22:38Z</time>
      </trkpt>
      <trkpt lat="54.736726172268391" lon="23.413402223959565">
        <ele>-334.38999999999999</ele>
        <time>2026-01-19T15:22:39Z</time>
      </trkpt>
      <trkpt lat="54.73667680285871" lon="23.413436589762568">
        <ele>-334.38999999999999</ele>
        <time>2026-01-19T15:22:40Z</time>
      </trkpt>
      <trkpt lat="54.736455520614982" lon="23.413544967770576">
        <ele>-334.38999999999999</ele>
        <time>2026-01-19T15:22:48Z</time>
      </trkpt>
      <trkpt lat="54.736198028549552" lon="23.413693998008966">
        <ele>-334.51999999999998</ele>
        <time>2026-01-19T15:22:55Z</time>
      </trkpt>
      <trkpt lat="54.736181180924177" lon="23.413743702694774">
        <ele>-334.56999999999999</ele>
        <time>2026-01-19T15:22:56Z</time>
      </trkpt>
      <trkpt lat="54.736176738515496" lon="23.413818133994937">
        <ele>-334.61000000000001</ele>
        <time>2026-01-19T15:22:57Z</time>
      </trkpt>
      <trkpt lat="54.736182019114494" lon="23.413912681862712">
        <ele>-334.63999999999999</ele>
        <time>2026-01-19T15:22:58Z</time>
      </trkpt>
      <trkpt lat="54.736196100711823" lon="23.414014438167214">
        <ele>-334.68000000000001</ele>
        <time>2026-01-19T15:22:59Z</time>
      </trkpt>
      <trkpt lat="54.736214792355895" lon="23.414123738184571">
        <ele>-334.69999999999999</ele>
        <time>2026-01-19T15:23:00Z</time>
      </trkpt>
      <trkpt lat="54.736443366855383" lon="23.415482947602868">
        <ele>-335.06</ele>
        <time>2026-01-19T15:23:09Z</time>
      </trkpt>
      <trkpt lat="54.736531712114811" lon="23.416049899533391">
        <ele>-335.08999999999997</ele>
        <time>2026-01-19T15:23:13Z</time>
      </trkpt>
      <trkpt lat="54.736544117331505" lon="23.416187278926373">
        <ele>-335.18000000000001</ele>
        <time>2026-01-19T15:23:14Z</time>
      </trkpt>
      <trkpt lat="54.736543614417315" lon="23.416596651077271">
        <ele>-335.38</ele>
        <time>2026-01-19T15:23:17Z</time>
      </trkpt>
      <trkpt lat="54.736458705738187" lon="23.417378850281239">
        <ele>-335.56</ele>
        <time>2026-01-19T15:23:26Z</time>
      </trkpt>
      <trkpt lat="54.736440936103463" lon="23.417488737031817">
        <ele>-335.56999999999999</ele>
        <time>2026-01-19T15:23:27Z</time>
      </trkpt>
      <trkpt lat="54.736409587785602" lon="23.417686969041824">
        <ele>-335.66000000000003</ele>
        <time>2026-01-19T15:23:29Z</time>
      </trkpt>
      <trkpt lat="54.736401038244367" lon="23.417793503031135">
        <ele>-335.66000000000003</ele>
        <time>2026-01-19T15:23:30Z</time>
      </trkpt>
      <trkpt lat="54.736405061557889" lon="23.418301865458488">
        <ele>-335.86000000000001</ele>
        <time>2026-01-19T15:23:34Z</time>
      </trkpt>
      <trkpt lat="54.736416209489107" lon="23.418447878211737">
        <ele>-335.92000000000002</ele>
        <time>2026-01-19T15:23:35Z</time>
      </trkpt>
      <trkpt lat="54.736433140933514" lon="23.418772090226412">
        <ele>-335.97000000000003</ele>
        <time>2026-01-19T15:23:37Z</time>
      </trkpt>
      <trkpt lat="54.736431045457721" lon="23.418906116858125">
        <ele>-335.99000000000001</ele>
        <time>2026-01-19T15:23:38Z</time>
      </trkpt>
      <trkpt lat="54.7364217415452" lon="23.419003682211041">
        <ele>-336.01999999999998</ele>
        <time>2026-01-19T15:23:39Z</time>
      </trkpt>
      <trkpt lat="54.736406402662396" lon="23.419073587283492">
        <ele>-336.05000000000001</ele>
        <time>2026-01-19T15:23:40Z</time>
      </trkpt>
      <trkpt lat="54.736393326893449" lon="23.419142570346594">
        <ele>-336.06999999999999</ele>
        <time>2026-01-19T15:23:41Z</time>
      </trkpt>
      <trkpt lat="54.736385280266404" lon="23.419230161234736">
        <ele>-336.10000000000002</ele>
        <time>2026-01-19T15:23:42Z</time>
      </trkpt>
      <trkpt lat="54.736380837857723" lon="23.419328397139907">
        <ele>-336.14999999999998</ele>
        <time>2026-01-19T15:23:43Z</time>
      </trkpt>
      <trkpt lat="54.736377149820328" lon="23.41942336410284">
        <ele>-336.18000000000001</ele>
        <time>2026-01-19T15:23:44Z</time>
      </trkpt>
      <trkpt lat="54.736417299136519" lon="23.42034051194787">
        <ele>-336.20999999999998</ele>
        <time>2026-01-19T15:23:51Z</time>
      </trkpt>
      <trkpt lat="54.736394248902798" lon="23.420964544638991">
        <ele>-336.06999999999999</ele>
        <time>2026-01-19T15:23:55Z</time>
      </trkpt>
      <trkpt lat="54.7363699413836" lon="23.421102175489068">
        <ele>-336.02999999999997</ele>
        <time>2026-01-19T15:23:56Z</time>
      </trkpt>
      <trkpt lat="54.736332641914487" lon="23.421333767473698">
        <ele>-335.97000000000003</ele>
        <time>2026-01-19T15:23:58Z</time>
      </trkpt>
      <trkpt lat="54.736333480104804" lon="23.421447090804577">
        <ele>-335.95999999999998</ele>
        <time>2026-01-19T15:23:59Z</time>
      </trkpt>
      <trkpt lat="54.736351417377591" lon="23.421582626178861">
        <ele>-335.94999999999999</ele>
        <time>2026-01-19T15:24:00Z</time>
      </trkpt>
      <trkpt lat="54.7363665048033" lon="23.42174137942493">
        <ele>-335.94</ele>
        <time>2026-01-19T15:24:01Z</time>
      </trkpt>
      <trkpt lat="54.736370360478759" lon="23.421900467947125">
        <ele>-335.93000000000001</ele>
        <time>2026-01-19T15:24:02Z</time>
      </trkpt>
      <trkpt lat="54.736362900584936" lon="23.422045893967152">
        <ele>-335.91000000000003</ele>
        <time>2026-01-19T15:24:03Z</time>
      </trkpt>
      <trkpt lat="54.736311854794621" lon="23.422729857265949">
        <ele>-335.75</ele>
        <time>2026-01-19T15:24:08Z</time>
      </trkpt>
      <trkpt lat="54.736315878108144" lon="23.422821471467614">
        <ele>-335.73000000000002</ele>
        <time>2026-01-19T15:24:09Z</time>
      </trkpt>
      <trkpt lat="54.736333396285772" lon="23.423024984076619">
        <ele>-335.69</ele>
        <time>2026-01-19T15:24:11Z</time>
      </trkpt>
      <trkpt lat="54.736332558095455" lon="23.423327738419175">
        <ele>-335.60000000000002</ele>
        <time>2026-01-19T15:24:13Z</time>
      </trkpt>
      <trkpt lat="54.736299868673086" lon="23.42463850043714">
        <ele>-334.87</ele>
        <time>2026-01-19T15:24:20Z</time>
      </trkpt>
      <trkpt lat="54.7362697776407" lon="23.424952486529946">
        <ele>-334.75</ele>
        <time>2026-01-19T15:24:23Z</time>
      </trkpt>
      <trkpt lat="54.7362404409796" lon="23.425061367452145">
        <ele>-334.70999999999998</ele>
        <time>2026-01-19T15:24:24Z</time>
      </trkpt>
      <trkpt lat="54.736188221722841" lon="23.425186173990369">
        <ele>-334.62</ele>
        <time>2026-01-19T15:24:25Z</time>
      </trkpt>
      <trkpt lat="54.736119573935866" lon="23.425321541726589">
        <ele>-334.48000000000002</ele>
        <time>2026-01-19T15:24:26Z</time>
      </trkpt>
      <trkpt lat="54.736040448769927" lon="23.42547451145947">
        <ele>-334.36000000000001</ele>
        <time>2026-01-19T15:24:27Z</time>
      </trkpt>
      <trkpt lat="54.735820591449738" lon="23.425956470891833">
        <ele>-334.07999999999998</ele>
        <time>2026-01-19T15:24:30Z</time>
      </trkpt>
      <trkpt lat="54.735768204554915" lon="23.426113799214363">
        <ele>-333.89999999999998</ele>
        <time>2026-01-19T15:24:31Z</time>
      </trkpt>
      <trkpt lat="54.735724618658423" lon="23.426287136971951">
        <ele>-333.73000000000002</ele>
        <time>2026-01-19T15:24:32Z</time>
      </trkpt>
      <trkpt lat="54.735687570646405" lon="23.42648453079164">
        <ele>-333.56999999999999</ele>
        <time>2026-01-19T15:24:33Z</time>
      </trkpt>
      <trkpt lat="54.735649097710848" lon="23.426692485809326">
        <ele>-333.42000000000002</ele>
        <time>2026-01-19T15:24:34Z</time>
      </trkpt>
      <trkpt lat="54.735607355833054" lon="23.426886610686779">
        <ele>-333.27999999999997</ele>
        <time>2026-01-19T15:24:35Z</time>
      </trkpt>
      <trkpt lat="54.735393868759274" lon="23.427707282826304">
        <ele>-332.79000000000002</ele>
        <time>2026-01-19T15:24:40Z</time>
      </trkpt>
      <trkpt lat="54.735338715836406" lon="23.427832005545497">
        <ele>-332.75999999999999</ele>
        <time>2026-01-19T15:24:41Z</time>
      </trkpt>
      <trkpt lat="54.735269146040082" lon="23.427953626960516">
        <ele>-332.70999999999998</ele>
        <time>2026-01-19T15:24:42Z</time>
      </trkpt>
      <trkpt lat="54.734986005350947" lon="23.428431646898389">
        <ele>-332.44999999999999</ele>
        <time>2026-01-19T15:24:46Z</time>
      </trkpt>
      <trkpt lat="54.734929846599698" lon="23.42857388779521">
        <ele>-332.38999999999999</ele>
        <time>2026-01-19T15:24:47Z</time>
      </trkpt>
      <trkpt lat="54.734874106943607" lon="23.428748901933432">
        <ele>-332.31</ele>
        <time>2026-01-19T15:24:48Z</time>
      </trkpt>
      <trkpt lat="54.734438247978687" lon="23.43007399700582">
        <ele>-331.70999999999998</ele>
        <time>2026-01-19T15:24:55Z</time>
      </trkpt>
      <trkpt lat="54.734103223308921" lon="23.431106228381395">
        <ele>-330.89999999999998</ele>
        <time>2026-01-19T15:25:00Z</time>
      </trkpt>
      <trkpt lat="54.734054943546653" lon="23.431322565302253">
        <ele>-330.75999999999999</ele>
        <time>2026-01-19T15:25:01Z</time>
      </trkpt>
      <trkpt lat="54.733771132305264" lon="23.432658053934574">
        <ele>-330.07999999999998</ele>
        <time>2026-01-19T15:25:07Z</time>
      </trkpt>
      <trkpt lat="54.733087588101625" lon="23.434309037402272">
        <ele>-329.19</ele>
        <time>2026-01-19T15:25:15Z</time>
      </trkpt>
      <trkpt lat="54.732351321727037" lon="23.435438498854637">
        <ele>-328.55000000000001</ele>
        <time>2026-01-19T15:25:22Z</time>
      </trkpt>
      <trkpt lat="54.732258031144738" lon="23.435628432780504">
        <ele>-328.5</ele>
        <time>2026-01-19T15:25:23Z</time>
      </trkpt>
      <trkpt lat="54.731777161359787" lon="23.437164081260562">
        <ele>-327.91000000000003</ele>
        <time>2026-01-19T15:25:30Z</time>
      </trkpt>
      <trkpt lat="54.731741538271308" lon="23.437381172552705">
        <ele>-327.88</ele>
        <time>2026-01-19T15:25:31Z</time>
      </trkpt>
      <trkpt lat="54.731599967926741" lon="23.438289687037468">
        <ele>-327.69</ele>
        <time>2026-01-19T15:25:36Z</time>
      </trkpt>
      <trkpt lat="54.731554035097361" lon="23.439386039972305">
        <ele>-327.47000000000003</ele>
        <time>2026-01-19T15:25:41Z</time>
      </trkpt>
      <trkpt lat="54.731554454192519" lon="23.43977764248848">
        <ele>-327.38</ele>
        <time>2026-01-19T15:25:43Z</time>
      </trkpt>
      <trkpt lat="54.731567613780499" lon="23.439948968589306">
        <ele>-327.31999999999999</ele>
        <time>2026-01-19T15:25:44Z</time>
      </trkpt>
      <trkpt lat="54.731645984575152" lon="23.440750865265727">
        <ele>-327.18000000000001</ele>
        <time>2026-01-19T15:25:50Z</time>
      </trkpt>
      <trkpt lat="54.731627544388175" lon="23.441819222643971">
        <ele>-326.73000000000002</ele>
        <time>2026-01-19T15:25:55Z</time>
      </trkpt>
      <trkpt lat="54.731608685106039" lon="23.443392170593143">
        <ele>-326.26999999999998</ele>
        <time>2026-01-19T15:26:03Z</time>
      </trkpt>
      <trkpt lat="54.731665095314384" lon="23.445014320313931">
        <ele>-325.76999999999998</ele>
        <time>2026-01-19T15:26:10Z</time>
      </trkpt>
      <trkpt lat="54.731603488326073" lon="23.446254087612033">
        <ele>-325.75</ele>
        <time>2026-01-19T15:26:18Z</time>
      </trkpt>
      <trkpt lat="54.731563925743103" lon="23.44648752361536">
        <ele>-325.74000000000001</ele>
        <time>2026-01-19T15:26:20Z</time>
      </trkpt>
      <trkpt lat="54.731521848589182" lon="23.446612413972616">
        <ele>-325.74000000000001</ele>
        <time>2026-01-19T15:26:21Z</time>
      </trkpt>
      <trkpt lat="54.731034776195884" lon="23.447527969256043">
        <ele>-325.69</ele>
        <time>2026-01-19T15:26:27Z</time>
      </trkpt>
      <trkpt lat="54.730733782052994" lon="23.447874812409282">
        <ele>-325.54000000000002</ele>
        <time>2026-01-19T15:26:30Z</time>
      </trkpt>
      <trkpt lat="54.730648119002581" lon="23.448025602847338">
        <ele>-325.48000000000002</ele>
        <time>2026-01-19T15:26:31Z</time>
      </trkpt>
      <trkpt lat="54.730568155646324" lon="23.448214028030634">
        <ele>-325.41000000000003</ele>
        <time>2026-01-19T15:26:32Z</time>
      </trkpt>
      <trkpt lat="54.730353662744164" lon="23.44872297719121">
        <ele>-325.24000000000001</ele>
        <time>2026-01-19T15:26:35Z</time>
      </trkpt>
      <trkpt lat="54.73027135245502" lon="23.44886421225965">
        <ele>-325.19</ele>
        <time>2026-01-19T15:26:36Z</time>
      </trkpt>
      <trkpt lat="54.730170099064708" lon="23.449010392650962">
        <ele>-325.13</ele>
        <time>2026-01-19T15:26:37Z</time>
      </trkpt>
      <trkpt lat="54.730054512619972" lon="23.449160177260637">
        <ele>-325.05000000000001</ele>
        <time>2026-01-19T15:26:38Z</time>
      </trkpt>
      <trkpt lat="54.729940015822649" lon="23.449300490319729">
        <ele>-324.95999999999998</ele>
        <time>2026-01-19T15:26:39Z</time>
      </trkpt>
      <trkpt lat="54.729362754151225" lon="23.449954194948077">
        <ele>-324.51999999999998</ele>
        <time>2026-01-19T15:26:44Z</time>
      </trkpt>
      <trkpt lat="54.729020521044731" lon="23.450281592085958">
        <ele>-324.38</ele>
        <time>2026-01-19T15:26:47Z</time>
      </trkpt>
      <trkpt lat="54.728923039510846" lon="23.450427437201142">
        <ele>-324.33999999999997</ele>
        <time>2026-01-19T15:26:48Z</time>
      </trkpt>
      <trkpt lat="54.728830587118864" lon="23.450597673654556">
        <ele>-324.31</ele>
        <time>2026-01-19T15:26:49Z</time>
      </trkpt>
      <trkpt lat="54.728374276310205" lon="23.451455812901258">
        <ele>-324.24000000000001</ele>
        <time>2026-01-19T15:26:54Z</time>
      </trkpt>
      <trkpt lat="54.727703556418419" lon="23.452359633520246">
        <ele>-324.06</ele>
        <time>2026-01-19T15:27:00Z</time>
      </trkpt>
      <trkpt lat="54.72760540433228" lon="23.452449655160308">
        <ele>-324.06</ele>
        <time>2026-01-19T15:27:01Z</time>
      </trkpt>
      <trkpt lat="54.72732150927186" lon="23.452690970152617">
        <ele>-324.06999999999999</ele>
        <time>2026-01-19T15:27:04Z</time>
      </trkpt>
      <trkpt lat="54.727113051339984" lon="23.452924154698849">
        <ele>-324.32999999999998</ele>
        <time>2026-01-19T15:27:07Z</time>
      </trkpt>
      <trkpt lat="54.727015988901258" lon="23.452982408925891">
        <ele>-324.37</ele>
        <time>2026-01-19T15:27:08Z</time>
      </trkpt>
      <trkpt lat="54.726313585415483" lon="23.453512396663427">
        <ele>-324.39999999999998</ele>
        <time>2026-01-19T15:27:13Z</time>
      </trkpt>
      <trkpt lat="54.725917624309659" lon="23.453989326953888">
        <ele>-324.35000000000002</ele>
        <time>2026-01-19T15:27:16Z</time>
      </trkpt>
      <trkpt lat="54.725795080885291" lon="23.454197533428669">
        <ele>-324.35000000000002</ele>
        <time>2026-01-19T15:27:17Z</time>
      </trkpt>
      <trkpt lat="54.72567236982286" lon="23.454437591135502">
        <ele>-324.35000000000002</ele>
        <time>2026-01-19T15:27:18Z</time>
      </trkpt>
      <trkpt lat="54.724740805104375" lon="23.456439860165119">
        <ele>-323.88</ele>
        <time>2026-01-19T15:27:26Z</time>
      </trkpt>
      <trkpt lat="54.724039155989885" lon="23.457764033228159">
        <ele>-323.62</ele>
        <time>2026-01-19T15:27:32Z</time>
      </trkpt>
      <trkpt lat="54.723911751061678" lon="23.457920020446181">
        <ele>-323.63</ele>
        <time>2026-01-19T15:27:33Z</time>
      </trkpt>
      <trkpt lat="54.723778143525124" lon="23.458051700145006">
        <ele>-323.66000000000003</ele>
        <time>2026-01-19T15:27:34Z</time>
      </trkpt>
      <trkpt lat="54.723631460219622" lon="23.458157060667872">
        <ele>-323.69999999999999</ele>
        <time>2026-01-19T15:27:35Z</time>
      </trkpt>
      <trkpt lat="54.723465498536825" lon="23.458252530544996">
        <ele>-323.70999999999998</ele>
        <time>2026-01-19T15:27:36Z</time>
      </trkpt>
      <trkpt lat="54.722311059013009" lon="23.458841610699892">
        <ele>-323.06999999999999</ele>
        <time>2026-01-19T15:27:42Z</time>
      </trkpt>
      <trkpt lat="54.72117648459971" lon="23.45965557731688">
        <ele>-323.01999999999998</ele>
        <time>2026-01-19T15:27:50Z</time>
      </trkpt>
      <trkpt lat="54.720225892961025" lon="23.461005399003625">
        <ele>-322.81</ele>
        <time>2026-01-19T15:27:57Z</time>
      </trkpt>
      <trkpt lat="54.719681069254875" lon="23.462274922057986">
        <ele>-322.85000000000002</ele>
        <time>2026-01-19T15:28:03Z</time>
      </trkpt>
      <trkpt lat="54.719622060656548" lon="23.462574072182178">
        <ele>-322.83999999999997</ele>
        <time>2026-01-19T15:28:04Z</time>
      </trkpt>
      <trkpt lat="54.719575457274914" lon="23.462899541482329">
        <ele>-322.81</ele>
        <time>2026-01-19T15:28:05Z</time>
      </trkpt>
      <trkpt lat="54.719388373196125" lon="23.46488194540143">
        <ele>-322.77999999999997</ele>
        <time>2026-01-19T15:28:12Z</time>
      </trkpt>
      <trkpt lat="54.719447297975421" lon="23.466176362708211">
        <ele>-323.98000000000002</ele>
        <time>2026-01-19T15:28:19Z</time>
      </trkpt>
      <trkpt lat="54.719567829743028" lon="23.467549569904804">
        <ele>-325.55000000000001</ele>
        <time>2026-01-19T15:28:31Z</time>
      </trkpt>
      <trkpt lat="54.71964561380446" lon="23.468474010005593">
        <ele>-326.00999999999999</ele>
        <time>2026-01-19T15:28:38Z</time>
      </trkpt>
      <trkpt lat="54.719656677916646" lon="23.468653550371528">
        <ele>-326.44</ele>
        <time>2026-01-19T15:28:42Z</time>
      </trkpt>
      <trkpt lat="54.719649218022823" lon="23.468690514564514">
        <ele>-326.56999999999999</ele>
        <time>2026-01-19T15:28:43Z</time>
      </trkpt>
      <trkpt lat="54.719646368175745" lon="23.468733094632626">
        <ele>-326.69999999999999</ele>
        <time>2026-01-19T15:28:44Z</time>
      </trkpt>
      <trkpt lat="54.719652403146029" lon="23.468784308061004">
        <ele>-326.85000000000002</ele>
        <time>2026-01-19T15:28:45Z</time>
      </trkpt>
      <trkpt lat="54.719663467258215" lon="23.468840215355158">
        <ele>-327.00999999999999</ele>
        <time>2026-01-19T15:28:46Z</time>
      </trkpt>
      <trkpt lat="54.719675034284592" lon="23.468893524259329">
        <ele>-327.17000000000002</ele>
        <time>2026-01-19T15:28:47Z</time>
      </trkpt>
      <trkpt lat="54.719713842496276" lon="23.469069879502058">
        <ele>-328.06</ele>
        <time>2026-01-19T15:28:54Z</time>
      </trkpt>
      <trkpt lat="54.719861112535" lon="23.470055256038904">
        <ele>-328.44</ele>
        <time>2026-01-19T15:29:01Z</time>
      </trkpt>
      <trkpt lat="54.719874523580074" lon="23.470393046736717">
        <ele>-329.07999999999998</ele>
        <time>2026-01-19T15:29:05Z</time>
      </trkpt>
      <trkpt lat="54.719847366213799" lon="23.470431687310338">
        <ele>-329.19</ele>
        <time>2026-01-19T15:29:06Z</time>
      </trkpt>
      <trkpt lat="54.719799254089594" lon="23.470454821363091">
        <ele>-329.27999999999997</ele>
        <time>2026-01-19T15:29:07Z</time>
      </trkpt>
      <trkpt lat="54.719720464199781" lon="23.470461191609502">
        <ele>-329.32999999999998</ele>
        <time>2026-01-19T15:29:08Z</time>
      </trkpt>
      <trkpt lat="54.719610493630171" lon="23.470464376732707">
        <ele>-329.37</ele>
        <time>2026-01-19T15:29:09Z</time>
      </trkpt>
      <trkpt lat="54.718733998015523" lon="23.470472004264593">
        <ele>-329.31999999999999</ele>
        <time>2026-01-19T15:29:14Z</time>
      </trkpt>
      <trkpt lat="54.717470677569509" lon="23.470480050891638">
        <ele>-329</ele>
        <time>2026-01-19T15:29:21Z</time>
      </trkpt>
      <trkpt lat="54.715946931391954" lon="23.470494132488966">
        <ele>-328.88999999999999</ele>
        <time>2026-01-19T15:29:30Z</time>
      </trkpt>
      <trkpt lat="54.714654693379998" lon="23.470528665930033">
        <ele>-328.83999999999997</ele>
        <time>2026-01-19T15:29:37Z</time>
      </trkpt>
      <trkpt lat="54.712829198688269" lon="23.470573592931032">
        <ele>-328.30000000000001</ele>
        <time>2026-01-19T15:29:46Z</time>
      </trkpt>
      <trkpt lat="54.710669433698058" lon="23.470621705055237">
        <ele>-327</ele>
        <time>2026-01-19T15:29:57Z</time>
      </trkpt>
      <trkpt lat="54.708621902391315" lon="23.470670990645885">
        <ele>-325.93000000000001</ele>
        <time>2026-01-19T15:30:07Z</time>
      </trkpt>
      <trkpt lat="54.70716412179172" lon="23.470720946788788">
        <ele>-325.77999999999997</ele>
        <time>2026-01-19T15:30:15Z</time>
      </trkpt>
      <trkpt lat="54.706113114953041" lon="23.470755647867918">
        <ele>-326.19</ele>
        <time>2026-01-19T15:30:23Z</time>
      </trkpt>
      <trkpt lat="54.705808432772756" lon="23.470686664804816">
        <ele>-326.50999999999999</ele>
        <time>2026-01-19T15:30:26Z</time>
      </trkpt>
      <trkpt lat="54.705720758065581" lon="23.470631344243884">
        <ele>-326.58999999999997</ele>
        <time>2026-01-19T15:30:27Z</time>
      </trkpt>
      <trkpt lat="54.705645153298974" lon="23.470562780275941">
        <ele>-326.66000000000003</ele>
        <time>2026-01-19T15:30:28Z</time>
      </trkpt>
      <trkpt lat="54.705588575452566" lon="23.470495054498315">
        <ele>-326.73000000000002</ele>
        <time>2026-01-19T15:30:29Z</time>
      </trkpt>
      <trkpt lat="54.705545995384455" lon="23.470438979566097">
        <ele>-326.79000000000002</ele>
        <time>2026-01-19T15:30:30Z</time>
      </trkpt>
      <trkpt lat="54.70540601760149" lon="23.470257008448243">
        <ele>-327.31999999999999</ele>
        <time>2026-01-19T15:30:35Z</time>
      </trkpt>
      <trkpt lat="54.70535421743989" lon="23.470242088660598">
        <ele>-327.41000000000003</ele>
        <time>2026-01-19T15:30:36Z</time>
      </trkpt>
      <trkpt lat="54.705295627936721" lon="23.470248961821198">
        <ele>-327.5</ele>
        <time>2026-01-19T15:30:37Z</time>
      </trkpt>
      <trkpt lat="54.705236032605171" lon="23.470284836366773">
        <ele>-327.58999999999997</ele>
        <time>2026-01-19T15:30:38Z</time>
      </trkpt>
      <trkpt lat="54.705173755064607" lon="23.470358764752746">
        <ele>-327.63999999999999</ele>
        <time>2026-01-19T15:30:39Z</time>
      </trkpt>
      <trkpt lat="54.705111142247915" lon="23.470451971516013">
        <ele>-327.69999999999999</ele>
        <time>2026-01-19T15:30:40Z</time>
      </trkpt>
      <trkpt lat="54.704491216689348" lon="23.471418740227818">
        <ele>-327.88</ele>
        <time>2026-01-19T15:30:47Z</time>
      </trkpt>
      <trkpt lat="54.703583372756839" lon="23.47294039092958">
        <ele>-327.89999999999998</ele>
        <time>2026-01-19T15:30:57Z</time>
      </trkpt>
      <trkpt lat="54.702809723094106" lon="23.474173452705145">
        <ele>-328.17000000000002</ele>
        <time>2026-01-19T15:31:05Z</time>
      </trkpt>
      <trkpt lat="54.702406134456396" lon="23.474931512027979">
        <ele>-328.32999999999998</ele>
        <time>2026-01-19T15:31:11Z</time>
      </trkpt>
      <trkpt lat="54.702391801401973" lon="23.475040812045336">
        <ele>-328.44</ele>
        <time>2026-01-19T15:31:12Z</time>
      </trkpt>
      <trkpt lat="54.702393813058734" lon="23.475158913061023">
        <ele>-328.51999999999998</ele>
        <time>2026-01-19T15:31:13Z</time>
      </trkpt>
      <trkpt lat="54.70241074450314" lon="23.475303668528795">
        <ele>-328.56999999999999</ele>
        <time>2026-01-19T15:31:14Z</time>
      </trkpt>
      <trkpt lat="54.702436225488782" lon="23.475474072620273">
        <ele>-328.62</ele>
        <time>2026-01-19T15:31:15Z</time>
      </trkpt>
      <trkpt lat="54.702508645132184" lon="23.47609106451273">
        <ele>-329.31</ele>
        <time>2026-01-19T15:31:21Z</time>
      </trkpt>
      <trkpt lat="54.702505962923169" lon="23.476172117516398">
        <ele>-329.42000000000002</ele>
        <time>2026-01-19T15:31:22Z</time>
      </trkpt>
      <trkpt lat="54.702504286542535" lon="23.476272616535425">
        <ele>-329.50999999999999</ele>
        <time>2026-01-19T15:31:23Z</time>
      </trkpt>
      <trkpt lat="54.702514428645372" lon="23.476381162181497">
        <ele>-329.58999999999997</ele>
        <time>2026-01-19T15:31:24Z</time>
      </trkpt>
      <trkpt lat="54.70253529958427" lon="23.476496832445264">
        <ele>-329.68000000000001</ele>
        <time>2026-01-19T15:31:25Z</time>
      </trkpt>
      <trkpt lat="54.702565390616655" lon="23.476612083613873">
        <ele>-329.76999999999998</ele>
        <time>2026-01-19T15:31:26Z</time>
      </trkpt>
      <trkpt lat="54.702594894915819" lon="23.47671459428966">
        <ele>-329.91000000000003</ele>
        <time>2026-01-19T15:31:27Z</time>
      </trkpt>
      <trkpt lat="54.702672678977251" lon="23.476967057213187">
        <ele>-330.26999999999998</ele>
        <time>2026-01-19T15:31:30Z</time>
      </trkpt>
      <trkpt lat="54.70268290489912" lon="23.477056659758091">
        <ele>-330.37</ele>
        <time>2026-01-19T15:31:31Z</time>
      </trkpt>
      <trkpt lat="54.702691538259387" lon="23.477132767438889">
        <ele>-330.44</ele>
        <time>2026-01-19T15:31:32Z</time>
      </trkpt>
      <trkpt lat="54.702704362571239" lon="23.477193620055914">
        <ele>-330.55000000000001</ele>
        <time>2026-01-19T15:31:33Z</time>
      </trkpt>
      <trkpt lat="54.702716181054711" lon="23.4772496111691">
        <ele>-330.72000000000003</ele>
        <time>2026-01-19T15:31:34Z</time>
      </trkpt>
      <trkpt lat="54.70272783190012" lon="23.477311637252569">
        <ele>-330.86000000000001</ele>
        <time>2026-01-19T15:31:35Z</time>
      </trkpt>
      <trkpt lat="54.702743925154209" lon="23.477380117401481">
        <ele>-330.94999999999999</ele>
        <time>2026-01-19T15:31:36Z</time>
      </trkpt>
      <trkpt lat="54.702767729759216" lon="23.477459661662579">
        <ele>-331.02999999999997</ele>
        <time>2026-01-19T15:31:37Z</time>
      </trkpt>
      <trkpt lat="54.702800754457712" lon="23.477544067427516">
        <ele>-331.13999999999999</ele>
        <time>2026-01-19T15:31:38Z</time>
      </trkpt>
      <trkpt lat="54.702841071411967" lon="23.477630568668246">
        <ele>-331.23000000000002</ele>
        <time>2026-01-19T15:31:39Z</time>
      </trkpt>
      <trkpt lat="54.702882142737508" lon="23.477724865078926">
        <ele>-331.29000000000002</ele>
        <time>2026-01-19T15:31:40Z</time>
      </trkpt>
      <trkpt lat="54.702924722805619" lon="23.477823603898287">
        <ele>-331.35000000000002</ele>
        <time>2026-01-19T15:31:41Z</time>
      </trkpt>
      <trkpt lat="54.702973002567887" lon="23.477913793176413">
        <ele>-331.41000000000003</ele>
        <time>2026-01-19T15:31:42Z</time>
      </trkpt>
      <trkpt lat="54.703024048358202" lon="23.477981351315975">
        <ele>-331.50999999999999</ele>
        <time>2026-01-19T15:31:43Z</time>
      </trkpt>
      <trkpt lat="54.703078111633658" lon="23.478027367964387">
        <ele>-331.64999999999998</ele>
        <time>2026-01-19T15:31:44Z</time>
      </trkpt>
      <trkpt lat="54.703193278983235" lon="23.478109426796436">
        <ele>-331.91000000000003</ele>
        <time>2026-01-19T15:31:46Z</time>
      </trkpt>
      <trkpt lat="54.70323896035552" lon="23.478175057098269">
        <ele>-331.99000000000001</ele>
        <time>2026-01-19T15:31:47Z</time>
      </trkpt>
      <trkpt lat="54.703276259824634" lon="23.47825569100678">
        <ele>-332.06</ele>
        <time>2026-01-19T15:31:48Z</time>
      </trkpt>
      <trkpt lat="54.703305931761861" lon="23.478346299380064">
        <ele>-332.13</ele>
        <time>2026-01-19T15:31:49Z</time>
      </trkpt>
      <trkpt lat="54.703343231230974" lon="23.478457108139992">
        <ele>-332.22000000000003</ele>
        <time>2026-01-19T15:31:50Z</time>
      </trkpt>
      <trkpt lat="54.703462421894073" lon="23.478881819173694">
        <ele>-332.50999999999999</ele>
        <time>2026-01-19T15:31:53Z</time>
      </trkpt>
      <trkpt lat="54.703531488776207" lon="23.479162277653813">
        <ele>-332.63</ele>
        <time>2026-01-19T15:31:55Z</time>
      </trkpt>
      <trkpt lat="54.703584630042315" lon="23.479298735037446">
        <ele>-332.66000000000003</ele>
        <time>2026-01-19T15:31:56Z</time>
      </trkpt>
      <trkpt lat="54.703758303076029" lon="23.479690589010715">
        <ele>-332.75999999999999</ele>
        <time>2026-01-19T15:31:59Z</time>
      </trkpt>
      <trkpt lat="54.703813455998898" lon="23.479779856279492">
        <ele>-332.75999999999999</ele>
        <time>2026-01-19T15:32:00Z</time>
      </trkpt>
      <trkpt lat="54.703871794044971" lon="23.479874236509204">
        <ele>-332.75999999999999</ele>
        <time>2026-01-19T15:32:01Z</time>
      </trkpt>
      <trkpt lat="54.703917391598225" lon="23.479985296726227">
        <ele>-332.75</ele>
        <time>2026-01-19T15:32:02Z</time>
      </trkpt>
      <trkpt lat="54.703943291679025" lon="23.480112534016371">
        <ele>-332.75</ele>
        <time>2026-01-19T15:32:03Z</time>
      </trkpt>
      <trkpt lat="54.703942621126771" lon="23.480263408273458">
        <ele>-332.75</ele>
        <time>2026-01-19T15:32:04Z</time>
      </trkpt>
      <trkpt lat="54.703925522044301" lon="23.480436410754919">
        <ele>-332.75</ele>
        <time>2026-01-19T15:32:05Z</time>
      </trkpt>
      <trkpt lat="54.703888557851315" lon="23.480630703270435">
        <ele>-332.75</ele>
        <time>2026-01-19T15:32:06Z</time>
      </trkpt>
      <trkpt lat="54.703838350251317" lon="23.480846034362912">
        <ele>-332.75</ele>
        <time>2026-01-19T15:32:07Z</time>
      </trkpt>
      <trkpt lat="54.703786550089717" lon="23.481062790378928">
        <ele>-332.75</ele>
        <time>2026-01-19T15:32:08Z</time>
      </trkpt>
      <trkpt lat="54.70374514348805" lon="23.481275187805295">
        <ele>-332.75</ele>
        <time>2026-01-19T15:32:09Z</time>
      </trkpt>
      <trkpt lat="54.703716309741139" lon="23.481500577181578">
        <ele>-332.75</ele>
        <time>2026-01-19T15:32:10Z</time>
      </trkpt>
      <trkpt lat="54.703691834583879" lon="23.481752956286073">
        <ele>-332.75</ele>
        <time>2026-01-19T15:32:11Z</time>
      </trkpt>
      <trkpt lat="54.703501900658011" lon="23.484065188094974">
        <ele>-332.55000000000001</ele>
        <time>2026-01-19T15:32:20Z</time>
      </trkpt>
      <trkpt lat="54.70322772860527" lon="23.486192096024752">
        <ele>-331.79000000000002</ele>
        <time>2026-01-19T15:32:29Z</time>
      </trkpt>
      <trkpt lat="54.702940983697772" lon="23.487659934908152">
        <ele>-331.50999999999999</ele>
        <time>2026-01-19T15:32:37Z</time>
      </trkpt>
      <trkpt lat="54.702523900195956" lon="23.489665389060974">
        <ele>-330.74000000000001</ele>
        <time>2026-01-19T15:32:47Z</time>
      </trkpt>
      <trkpt lat="54.702348718419671" lon="23.491020323708653">
        <ele>-330.38999999999999</ele>
        <time>2026-01-19T15:32:53Z</time>
      </trkpt>
      <trkpt lat="54.702079994603992" lon="23.492902982980013">
        <ele>-329.79000000000002</ele>
        <time>2026-01-19T15:33:02Z</time>
      </trkpt>
      <trkpt lat="54.702060632407665" lon="23.493011612445116">
        <ele>-329.77999999999997</ele>
        <time>2026-01-19T15:33:03Z</time>
      </trkpt>
      <trkpt lat="54.701946470886469" lon="23.49320825189352">
        <ele>-329.94999999999999</ele>
        <time>2026-01-19T15:33:10Z</time>
      </trkpt>
      <trkpt lat="54.701859634369612" lon="23.493217723444104">
        <ele>-329.89999999999998</ele>
        <time>2026-01-19T15:33:13Z</time>
      </trkpt>
      <trkpt lat="54.701383877545595" lon="23.493692222982645">
        <ele>-329.88</ele>
        <time>2026-01-19T15:33:20Z</time>
      </trkpt>
      <trkpt lat="54.701055558398366" lon="23.494165800511837">
        <ele>-329.77999999999997</ele>
        <time>2026-01-19T15:33:25Z</time>
      </trkpt>
      <trkpt lat="54.701009793207049" lon="23.4942661318928">
        <ele>-329.80000000000001</ele>
        <time>2026-01-19T15:33:26Z</time>
      </trkpt>
      <trkpt lat="54.700985820963979" lon="23.494325308129191">
        <ele>-329.77999999999997</ele>
        <time>2026-01-19T15:33:27Z</time>
      </trkpt>
      <trkpt lat="54.700971404090524" lon="23.494379539042711">
        <ele>-329.89999999999998</ele>
        <time>2026-01-19T15:33:32Z</time>
      </trkpt>
      <trkpt lat="54.700893871486187" lon="23.494604760780931">
        <ele>-330.25</ele>
        <time>2026-01-19T15:33:41Z</time>
      </trkpt>
      <trkpt lat="54.70086520537734" lon="23.494685562327504">
        <ele>-330.31</ele>
        <time>2026-01-19T15:33:42Z</time>
      </trkpt>
      <trkpt lat="54.700699662789702" lon="23.495205659419298">
        <ele>-330.93000000000001</ele>
        <time>2026-01-19T15:33:52Z</time>
      </trkpt>
      <trkpt lat="54.700539484620094" lon="23.49569583311677">
        <ele>-331.23000000000002</ele>
        <time>2026-01-19T15:33:57Z</time>
      </trkpt>
      <trkpt lat="54.700485840439796" lon="23.495763977989554">
        <ele>-331.33999999999997</ele>
        <time>2026-01-19T15:33:58Z</time>
      </trkpt>
      <trkpt lat="54.700427167117596" lon="23.495805636048317">
        <ele>-331.39999999999998</ele>
        <time>2026-01-19T15:33:59Z</time>
      </trkpt>
      <trkpt lat="54.700373858213425" lon="23.49582583643496">
        <ele>-331.45999999999998</ele>
        <time>2026-01-19T15:34:00Z</time>
      </trkpt>
      <trkpt lat="54.700324153527617" lon="23.495832206681371">
        <ele>-331.49000000000001</ele>
        <time>2026-01-19T15:34:01Z</time>
      </trkpt>
      <trkpt lat="54.700281405821443" lon="23.495826087892056">
        <ele>-331.50999999999999</ele>
        <time>2026-01-19T15:34:02Z</time>
      </trkpt>
      <trkpt lat="54.700243603438139" lon="23.495807396247983">
        <ele>-331.51999999999998</ele>
        <time>2026-01-19T15:34:03Z</time>
      </trkpt>
      <trkpt lat="54.700198257341981" lon="23.495762217789888">
        <ele>-331.56999999999999</ele>
        <time>2026-01-19T15:34:04Z</time>
      </trkpt>
      <trkpt lat="54.700064063072205" lon="23.495574295520782">
        <ele>-331.73000000000002</ele>
        <time>2026-01-19T15:34:06Z</time>
      </trkpt>
      <trkpt lat="54.699361240491271" lon="23.494158927351236">
        <ele>-331.45999999999998</ele>
        <time>2026-01-19T15:34:13Z</time>
      </trkpt>
      <trkpt lat="54.699122607707977" lon="23.493630364537239">
        <ele>-331.38999999999999</ele>
        <time>2026-01-19T15:34:17Z</time>
      </trkpt>
      <trkpt lat="54.699074495583773" lon="23.493584096431732">
        <ele>-331.44999999999999</ele>
        <time>2026-01-19T15:34:18Z</time>
      </trkpt>
      <trkpt lat="54.69902160577476" lon="23.493577055633068">
        <ele>-331.48000000000002</ele>
        <time>2026-01-19T15:34:19Z</time>
      </trkpt>
      <trkpt lat="54.698965027928352" lon="23.493609074503183">
        <ele>-331.52999999999997</ele>
        <time>2026-01-19T15:34:20Z</time>
      </trkpt>
      <trkpt lat="54.698897134512663" lon="23.493686690926552">
        <ele>-331.56</ele>
        <time>2026-01-19T15:34:21Z</time>
      </trkpt>
      <trkpt lat="54.698817422613502" lon="23.493805713951588">
        <ele>-331.56999999999999</ele>
        <time>2026-01-19T15:34:22Z</time>
      </trkpt>
      <trkpt lat="54.698722790926695" lon="23.493948709219694">
        <ele>-331.56</ele>
        <time>2026-01-19T15:34:23Z</time>
      </trkpt>
      <trkpt lat="54.697941262274981" lon="23.49515981040895">
        <ele>-331.23000000000002</ele>
        <time>2026-01-19T15:34:30Z</time>
      </trkpt>
      <trkpt lat="54.697037693113089" lon="23.496549697592854">
        <ele>-330.87</ele>
        <time>2026-01-19T15:34:38Z</time>
      </trkpt>
      <trkpt lat="54.69608299434185" lon="23.498001024127007">
        <ele>-331.01999999999998</ele>
        <time>2026-01-19T15:34:47Z</time>
      </trkpt>
      <trkpt lat="54.69539450481534" lon="23.499219920486212">
        <ele>-330.60000000000002</ele>
        <time>2026-01-19T15:34:54Z</time>
      </trkpt>
      <trkpt lat="54.694806765764952" lon="23.501046169549227">
        <ele>-329.82999999999998</ele>
        <time>2026-01-19T15:35:02Z</time>
      </trkpt>
      <trkpt lat="54.694307120516896" lon="23.502705451101065">
        <ele>-328.85000000000002</ele>
        <time>2026-01-19T15:35:10Z</time>
      </trkpt>
      <trkpt lat="54.694279208779335" lon="23.502881722524762">
        <ele>-328.83999999999997</ele>
        <time>2026-01-19T15:35:11Z</time>
      </trkpt>
      <trkpt lat="54.694266803562641" lon="23.503057491034269">
        <ele>-328.82999999999998</ele>
        <time>2026-01-19T15:35:12Z</time>
      </trkpt>
      <trkpt lat="54.694264121353626" lon="23.50322755984962">
        <ele>-328.81</ele>
        <time>2026-01-19T15:35:13Z</time>
      </trkpt>
      <trkpt lat="54.69426822848618" lon="23.503386816009879">
        <ele>-328.76999999999998</ele>
        <time>2026-01-19T15:35:14Z</time>
      </trkpt>
      <trkpt lat="54.69427652657032" lon="23.503539115190506">
        <ele>-328.75999999999999</ele>
        <time>2026-01-19T15:35:15Z</time>
      </trkpt>
      <trkpt lat="54.69436788931489" lon="23.504990860819817">
        <ele>-328.31</ele>
        <time>2026-01-19T15:35:22Z</time>
      </trkpt>
      <trkpt lat="54.694513818249106" lon="23.507228912785649">
        <ele>-327.31999999999999</ele>
        <time>2026-01-19T15:35:31Z</time>
      </trkpt>
      <trkpt lat="54.694634014740586" lon="23.509460426867008">
        <ele>-326.33999999999997</ele>
        <time>2026-01-19T15:35:40Z</time>
      </trkpt>
      <trkpt lat="54.69455941580236" lon="23.511593202129006">
        <ele>-325.70999999999998</ele>
        <time>2026-01-19T15:35:48Z</time>
      </trkpt>
      <trkpt lat="54.694527732208371" lon="23.51337930187583">
        <ele>-324.88</ele>
        <time>2026-01-19T15:35:55Z</time>
      </trkpt>
      <trkpt lat="54.694513650611043" lon="23.51474991068244">
        <ele>-324.62</ele>
        <time>2026-01-19T15:36:03Z</time>
      </trkpt>
      <trkpt lat="54.694462521001697" lon="23.514964487403631">
        <ele>-325.25</ele>
        <time>2026-01-19T15:36:11Z</time>
      </trkpt>
      <trkpt lat="54.694461347535253" lon="23.514974378049374">
        <ele>-325.47000000000003</ele>
        <time>2026-01-19T15:36:13Z</time>
      </trkpt>
      <trkpt lat="54.694470064714551" lon="23.515017293393612">
        <ele>-325.52999999999997</ele>
        <time>2026-01-19T15:36:14Z</time>
      </trkpt>
      <trkpt lat="54.69449931755662" lon="23.515081163495779">
        <ele>-325.60000000000002</ele>
        <time>2026-01-19T15:36:15Z</time>
      </trkpt>
      <trkpt lat="54.694555392488837" lon="23.515152242034674">
        <ele>-325.66000000000003</ele>
        <time>2026-01-19T15:36:16Z</time>
      </trkpt>
      <trkpt lat="54.69463812187314" lon="23.515233462676406">
        <ele>-325.69</ele>
        <time>2026-01-19T15:36:17Z</time>
      </trkpt>
      <trkpt lat="54.694751529023051" lon="23.51533236913383">
        <ele>-325.70999999999998</ele>
        <time>2026-01-19T15:36:18Z</time>
      </trkpt>
      <trkpt lat="54.695645123720169" lon="23.516070395708084">
        <ele>-325.25999999999999</ele>
        <time>2026-01-19T15:36:23Z</time>
      </trkpt>
      <trkpt lat="54.696769807487726" lon="23.517023250460625">
        <ele>-324.16000000000003</ele>
        <time>2026-01-19T15:36:29Z</time>
      </trkpt>
      <trkpt lat="54.697823328897357" lon="23.517895638942719">
        <ele>-324.18000000000001</ele>
        <time>2026-01-19T15:36:36Z</time>
      </trkpt>
      <trkpt lat="54.698298247531056" lon="23.518242230638862">
        <ele>-324.24000000000001</ele>
        <time>2026-01-19T15:36:41Z</time>
      </trkpt>
      <trkpt lat="54.698348538950086" lon="23.518237117677927">
        <ele>-324.31999999999999</ele>
        <time>2026-01-19T15:36:42Z</time>
      </trkpt>
      <trkpt lat="54.698383826762438" lon="23.518183054402471">
        <ele>-324.42000000000002</ele>
        <time>2026-01-19T15:36:43Z</time>
      </trkpt>
      <trkpt lat="54.698351137340069" lon="23.517938386648893">
        <ele>-324.79000000000002</ele>
        <time>2026-01-19T15:36:46Z</time>
      </trkpt>
      <trkpt lat="54.698180733248591" lon="23.517740573734045">
        <ele>-325.08999999999997</ele>
        <time>2026-01-19T15:36:51Z</time>
      </trkpt>
      <trkpt lat="54.69816111959517" lon="23.517756080254912">
        <ele>-325.16000000000003</ele>
        <time>2026-01-19T15:36:52Z</time>
      </trkpt>
      <trkpt lat="54.698177212849259" lon="23.517863703891635">
        <ele>-325.88999999999999</ele>
        <time>2026-01-19T15:37:01Z</time>
      </trkpt>
      <trkpt lat="54.698155084624887" lon="23.51784635335207">
        <ele>-327.35000000000002</ele>
        <time>2026-01-19T15:37:16Z</time>
      </trkpt>
      <trkpt lat="54.698152737691998" lon="23.517844928428531">
        <ele>-330.38</ele>
        <time>2026-01-19T15:37:57Z</time>
      </trkpt>
      <trkpt lat="54.698150809854269" lon="23.517839228734374">
        <ele>-333.39999999999998</ele>
        <time>2026-01-19T15:38:57Z</time>
      </trkpt>
      <trkpt lat="54.698150223121047" lon="23.51783026009798">
        <ele>-334.62</ele>
        <time>2026-01-19T15:40:32Z</time>
      </trkpt>
    </trkseg>
  </trk>

</gpx>