<?xml version='1.0' encoding='UTF-8' standalone='yes' ?>
<gpx version="1.1" creator="OsmAnd 5.3.10" xmlns="http://www.topografix.com/GPX/1/1" xmlns:osmand="https://osmand.net/docs/technical/osmand-file-formats/osmand-gpx" xmlns:gpxtpx="https://www8.garmin.com/xmlschemas/TrackPointExtensionv1.xsd" xmlns:xsi="http://www.w3.org/2001/XMLSchema-instance" xsi:schemaLocation="http://www.topografix.com/GPX/1/1 https://www.topografix.com/GPX/1/1/gpx.xsd">
  <metadata>
    <name>2026-07-18_10-06_Sat i ignalina didziuoju ratu</name>
  </metadata>
  <trk>
    <trkseg>
      <trkpt lat="54.8630242" lon="25.4914278">
        <ele>166.9</ele>
        <time>2026-07-18T07:06:03Z</time>
        <hdop>3.8</hdop>
      </trkpt>
    </trkseg>
    <trkseg>
      <trkpt lat="54.8629836" lon="25.4913935">
        <ele>174.3</ele>
        <time>2026-07-18T07:17:30Z</time>
        <hdop>3.8</hdop>
      </trkpt>
      <trkpt lat="54.8630456" lon="25.4914032">
        <ele>173.1</ele>
        <time>2026-07-18T07:19:20Z</time>
        <hdop>4.6</hdop>
        <extensions>
          <osmand:speed>0.7</osmand:speed>
        </extensions>
      </trkpt>
      <trkpt lat="54.8630363" lon="25.4914834">
        <ele>165.4</ele>
        <time>2026-07-18T07:23:03Z</time>
        <hdop>4.9</hdop>
      </trkpt>
      <trkpt lat="54.8630142" lon="25.4914133">
        <ele>170.6</ele>
        <time>2026-07-18T07:23:44Z</time>
        <hdop>3.8</hdop>
      </trkpt>
    </trkseg>
    <trkseg>
      <trkpt lat="54.8629579" lon="25.491422">
        <ele>170.3</ele>
        <time>2026-07-18T07:38:59Z</time>
        <hdop>3.8</hdop>
        <extensions>
          <osmand:speed>3.7</osmand:speed>
        </extensions>
      </trkpt>
      <trkpt lat="54.862612" lon="25.4912198">
        <ele>169.9</ele>
        <time>2026-07-18T07:39:05Z</time>
        <hdop>3.8</hdop>
        <extensions>
          <osmand:speed>8.3</osmand:speed>
        </extensions>
      </trkpt>
      <trkpt lat="54.8621357" lon="25.4909297">
        <ele>169.1</ele>
        <time>2026-07-18T07:39:11Z</time>
        <hdop>3.8</hdop>
        <extensions>
          <osmand:speed>9.6</osmand:speed>
        </extensions>
      </trkpt>
      <trkpt lat="54.8617124" lon="25.4906934">
        <ele>169.1</ele>
        <time>2026-07-18T07:39:17Z</time>
        <hdop>3.8</hdop>
        <extensions>
          <osmand:speed>6</osmand:speed>
        </extensions>
      </trkpt>
      <trkpt lat="54.861409" lon="25.4907747">
        <ele>168.6</ele>
        <time>2026-07-18T07:39:23Z</time>
        <hdop>3.8</hdop>
        <extensions>
          <osmand:speed>6</osmand:speed>
        </extensions>
      </trkpt>
      <trkpt lat="54.8614251" lon="25.4915972">
        <ele>168.5</ele>
        <time>2026-07-18T07:39:29Z</time>
        <hdop>3.8</hdop>
        <extensions>
          <osmand:speed>11.3</osmand:speed>
        </extensions>
      </trkpt>
      <trkpt lat="54.8614986" lon="25.4925892">
        <ele>168.9</ele>
        <time>2026-07-18T07:39:35Z</time>
        <hdop>3.8</hdop>
        <extensions>
          <osmand:speed>11.3</osmand:speed>
        </extensions>
      </trkpt>
      <trkpt lat="54.8615618" lon="25.4936726">
        <ele>169.2</ele>
        <time>2026-07-18T07:39:41Z</time>
        <hdop>3.8</hdop>
        <extensions>
          <osmand:speed>11.9</osmand:speed>
        </extensions>
      </trkpt>
      <trkpt lat="54.8616124" lon="25.4946346">
        <ele>168.7</ele>
        <time>2026-07-18T07:39:47Z</time>
        <hdop>3.8</hdop>
        <extensions>
          <osmand:speed>10.4</osmand:speed>
        </extensions>
      </trkpt>
      <trkpt lat="54.8614587" lon="25.4955762">
        <ele>168.5</ele>
        <time>2026-07-18T07:39:53Z</time>
        <hdop>3.8</hdop>
        <extensions>
          <osmand:speed>10.2</osmand:speed>
        </extensions>
      </trkpt>
      <trkpt lat="54.8611588" lon="25.4964676">
        <ele>167.5</ele>
        <time>2026-07-18T07:39:59Z</time>
        <hdop>3.8</hdop>
        <extensions>
          <osmand:speed>11.8</osmand:speed>
        </extensions>
      </trkpt>
      <trkpt lat="54.8607935" lon="25.4974674">
        <ele>165.9</ele>
        <time>2026-07-18T07:40:05Z</time>
        <hdop>3.8</hdop>
        <extensions>
          <osmand:speed>12.7</osmand:speed>
        </extensions>
      </trkpt>
      <trkpt lat="54.8604204" lon="25.4984586">
        <ele>163.2</ele>
        <time>2026-07-18T07:40:11Z</time>
        <hdop>3.8</hdop>
        <extensions>
          <osmand:speed>12.8</osmand:speed>
        </extensions>
      </trkpt>
      <trkpt lat="54.8600471" lon="25.4995186">
        <ele>163.2</ele>
        <time>2026-07-18T07:40:17Z</time>
        <hdop>3.9</hdop>
        <extensions>
          <osmand:speed>13.6</osmand:speed>
        </extensions>
      </trkpt>
      <trkpt lat="54.8595746" lon="25.5005009">
        <ele>162.6</ele>
        <time>2026-07-18T07:40:23Z</time>
        <hdop>3.8</hdop>
        <extensions>
          <osmand:speed>11.9</osmand:speed>
        </extensions>
      </trkpt>
      <trkpt lat="54.8593685" lon="25.5012974">
        <ele>161</ele>
        <time>2026-07-18T07:40:29Z</time>
        <hdop>3.9</hdop>
        <extensions>
          <osmand:speed>6.9</osmand:speed>
        </extensions>
      </trkpt>
      <trkpt lat="54.8587507" lon="25.5013154">
        <ele>161.9</ele>
        <time>2026-07-18T07:40:35Z</time>
        <hdop>4.3</hdop>
        <extensions>
          <osmand:speed>11.6</osmand:speed>
        </extensions>
      </trkpt>
      <trkpt lat="54.8581434" lon="25.5014507">
        <ele>162.7</ele>
        <time>2026-07-18T07:40:41Z</time>
        <hdop>4</hdop>
        <extensions>
          <osmand:speed>8.6</osmand:speed>
        </extensions>
      </trkpt>
      <trkpt lat="54.8581501" lon="25.5022675">
        <ele>162.3</ele>
        <time>2026-07-18T07:40:47Z</time>
        <hdop>3.8</hdop>
        <extensions>
          <osmand:speed>11.3</osmand:speed>
        </extensions>
      </trkpt>
      <trkpt lat="54.8583758" lon="25.503531">
        <ele>162.2</ele>
        <time>2026-07-18T07:40:53Z</time>
        <hdop>3.8</hdop>
        <extensions>
          <osmand:speed>16.3</osmand:speed>
        </extensions>
      </trkpt>
      <trkpt lat="54.8587862" lon="25.5049017">
        <ele>160.8</ele>
        <time>2026-07-18T07:40:59Z</time>
        <hdop>3.8</hdop>
        <extensions>
          <osmand:speed>16.8</osmand:speed>
        </extensions>
      </trkpt>
      <trkpt lat="54.8592813" lon="25.5062025">
        <ele>160.1</ele>
        <time>2026-07-18T07:41:05Z</time>
        <hdop>3.8</hdop>
        <extensions>
          <osmand:speed>16.3</osmand:speed>
        </extensions>
      </trkpt>
      <trkpt lat="54.8597918" lon="25.5074774">
        <ele>159.4</ele>
        <time>2026-07-18T07:41:11Z</time>
        <hdop>3.8</hdop>
        <extensions>
          <osmand:speed>17.1</osmand:speed>
        </extensions>
      </trkpt>
      <trkpt lat="54.8603614" lon="25.5088204">
        <ele>159.6</ele>
        <time>2026-07-18T07:41:17Z</time>
        <hdop>3.8</hdop>
        <extensions>
          <osmand:speed>18.7</osmand:speed>
        </extensions>
      </trkpt>
      <trkpt lat="54.8609371" lon="25.5101512">
        <ele>160.4</ele>
        <time>2026-07-18T07:41:23Z</time>
        <hdop>3.8</hdop>
        <extensions>
          <osmand:speed>16</osmand:speed>
        </extensions>
      </trkpt>
      <trkpt lat="54.8616124" lon="25.511253">
        <ele>161.3</ele>
        <time>2026-07-18T07:41:29Z</time>
        <hdop>3.8</hdop>
        <extensions>
          <osmand:speed>16.2</osmand:speed>
        </extensions>
      </trkpt>
      <trkpt lat="54.862133" lon="25.5125864">
        <ele>161.5</ele>
        <time>2026-07-18T07:41:35Z</time>
        <hdop>3.8</hdop>
        <extensions>
          <osmand:speed>17.6</osmand:speed>
        </extensions>
      </trkpt>
      <trkpt lat="54.8626464" lon="25.5141492">
        <ele>162.7</ele>
        <time>2026-07-18T07:41:41Z</time>
        <hdop>3.8</hdop>
        <extensions>
          <osmand:speed>19.7</osmand:speed>
        </extensions>
      </trkpt>
      <trkpt lat="54.8631563" lon="25.5157825">
        <ele>163.4</ele>
        <time>2026-07-18T07:41:47Z</time>
        <hdop>3.8</hdop>
        <extensions>
          <osmand:speed>19.9</osmand:speed>
        </extensions>
      </trkpt>
      <trkpt lat="54.8636906" lon="25.5174097">
        <ele>163.1</ele>
        <time>2026-07-18T07:41:53Z</time>
        <hdop>3.8</hdop>
        <extensions>
          <osmand:speed>20.5</osmand:speed>
        </extensions>
      </trkpt>
      <trkpt lat="54.8642042" lon="25.519012">
        <ele>164.1</ele>
        <time>2026-07-18T07:41:59Z</time>
        <hdop>3.8</hdop>
        <extensions>
          <osmand:speed>19.3</osmand:speed>
        </extensions>
      </trkpt>
      <trkpt lat="54.8647024" lon="25.5205978">
        <ele>166.6</ele>
        <time>2026-07-18T07:42:05Z</time>
        <hdop>3.8</hdop>
        <extensions>
          <osmand:speed>19.6</osmand:speed>
        </extensions>
      </trkpt>
      <trkpt lat="54.8651969" lon="25.5221932">
        <ele>167.3</ele>
        <time>2026-07-18T07:42:11Z</time>
        <hdop>3.8</hdop>
        <extensions>
          <osmand:speed>18.7</osmand:speed>
        </extensions>
      </trkpt>
      <trkpt lat="54.8657004" lon="25.5237344">
        <ele>167.6</ele>
        <time>2026-07-18T07:42:17Z</time>
        <hdop>3.8</hdop>
        <extensions>
          <osmand:speed>18.8</osmand:speed>
        </extensions>
      </trkpt>
      <trkpt lat="54.8661849" lon="25.525276">
        <ele>167.4</ele>
        <time>2026-07-18T07:42:23Z</time>
        <hdop>3.8</hdop>
        <extensions>
          <osmand:speed>18.7</osmand:speed>
        </extensions>
      </trkpt>
      <trkpt lat="54.8667121" lon="25.5266964">
        <ele>166.5</ele>
        <time>2026-07-18T07:42:29Z</time>
        <hdop>3.8</hdop>
        <extensions>
          <osmand:speed>17</osmand:speed>
        </extensions>
      </trkpt>
      <trkpt lat="54.8672351" lon="25.5278926">
        <ele>167.4</ele>
        <time>2026-07-18T07:42:35Z</time>
        <hdop>3.8</hdop>
        <extensions>
          <osmand:speed>14.6</osmand:speed>
        </extensions>
      </trkpt>
      <trkpt lat="54.8677246" lon="25.5289329">
        <ele>166.7</ele>
        <time>2026-07-18T07:42:41Z</time>
        <hdop>3.8</hdop>
        <extensions>
          <osmand:speed>14.3</osmand:speed>
        </extensions>
      </trkpt>
      <trkpt lat="54.8681641" lon="25.5299536">
        <ele>166.8</ele>
        <time>2026-07-18T07:42:47Z</time>
        <hdop>3.8</hdop>
        <extensions>
          <osmand:speed>12</osmand:speed>
        </extensions>
      </trkpt>
      <trkpt lat="54.8685078" lon="25.5306355">
        <ele>166.8</ele>
        <time>2026-07-18T07:42:53Z</time>
        <hdop>3.8</hdop>
        <extensions>
          <osmand:speed>9.4</osmand:speed>
        </extensions>
      </trkpt>
      <trkpt lat="54.8688496" lon="25.5313485">
        <ele>166.3</ele>
        <time>2026-07-18T07:42:59Z</time>
        <hdop>3.8</hdop>
        <extensions>
          <osmand:speed>11.6</osmand:speed>
        </extensions>
      </trkpt>
      <trkpt lat="54.8692704" lon="25.5323428">
        <ele>166</ele>
        <time>2026-07-18T07:43:05Z</time>
        <hdop>3.8</hdop>
        <extensions>
          <osmand:speed>14</osmand:speed>
        </extensions>
      </trkpt>
      <trkpt lat="54.8696815" lon="25.5335057">
        <ele>166.4</ele>
        <time>2026-07-18T07:43:11Z</time>
        <hdop>3.8</hdop>
        <extensions>
          <osmand:speed>15</osmand:speed>
        </extensions>
      </trkpt>
      <trkpt lat="54.8700364" lon="25.5344328">
        <ele>165.9</ele>
        <time>2026-07-18T07:43:17Z</time>
        <hdop>3.8</hdop>
        <extensions>
          <osmand:speed>5.7</osmand:speed>
        </extensions>
      </trkpt>
      <trkpt lat="54.8701985" lon="25.5348365">
        <ele>166.6</ele>
        <time>2026-07-18T07:43:23Z</time>
        <hdop>3.8</hdop>
        <extensions>
          <osmand:speed>1.1</osmand:speed>
        </extensions>
      </trkpt>
      <trkpt lat="54.8702343" lon="25.5349016">
        <ele>166.9</ele>
        <time>2026-07-18T07:43:29Z</time>
        <hdop>3.8</hdop>
        <extensions>
          <osmand:speed>4.9</osmand:speed>
        </extensions>
      </trkpt>
      <trkpt lat="54.8705728" lon="25.535647">
        <ele>165.2</ele>
        <time>2026-07-18T07:43:35Z</time>
        <hdop>3.8</hdop>
        <extensions>
          <osmand:speed>13.1</osmand:speed>
        </extensions>
      </trkpt>
      <trkpt lat="54.8710076" lon="25.5366497">
        <ele>165.5</ele>
        <time>2026-07-18T07:43:41Z</time>
        <hdop>3.8</hdop>
        <extensions>
          <osmand:speed>13.8</osmand:speed>
        </extensions>
      </trkpt>
      <trkpt lat="54.8714308" lon="25.5377219">
        <ele>164.6</ele>
        <time>2026-07-18T07:43:47Z</time>
        <hdop>3.8</hdop>
        <extensions>
          <osmand:speed>13.5</osmand:speed>
        </extensions>
      </trkpt>
      <trkpt lat="54.8718875" lon="25.538696">
        <ele>160.5</ele>
        <time>2026-07-18T07:43:53Z</time>
        <hdop>3.8</hdop>
        <extensions>
          <osmand:speed>13</osmand:speed>
        </extensions>
      </trkpt>
      <trkpt lat="54.8721978" lon="25.5396918">
        <ele>157.8</ele>
        <time>2026-07-18T07:43:59Z</time>
        <hdop>3.8</hdop>
        <extensions>
          <osmand:speed>11.6</osmand:speed>
        </extensions>
      </trkpt>
      <trkpt lat="54.8726251" lon="25.5402264">
        <ele>158.4</ele>
        <time>2026-07-18T07:44:05Z</time>
        <hdop>3.8</hdop>
        <extensions>
          <osmand:speed>12.3</osmand:speed>
        </extensions>
      </trkpt>
      <trkpt lat="54.8732886" lon="25.5406545">
        <ele>160.5</ele>
        <time>2026-07-18T07:44:11Z</time>
        <hdop>3.8</hdop>
        <extensions>
          <osmand:speed>12.2</osmand:speed>
        </extensions>
      </trkpt>
      <trkpt lat="54.8733864" lon="25.5415566">
        <ele>161.9</ele>
        <time>2026-07-18T07:44:17Z</time>
        <hdop>3.8</hdop>
        <extensions>
          <osmand:speed>10.1</osmand:speed>
        </extensions>
      </trkpt>
      <trkpt lat="54.8737875" lon="25.542165">
        <ele>163.7</ele>
        <time>2026-07-18T07:44:23Z</time>
        <hdop>3.8</hdop>
        <extensions>
          <osmand:speed>12.9</osmand:speed>
        </extensions>
      </trkpt>
      <trkpt lat="54.8745158" lon="25.5425686">
        <ele>163.8</ele>
        <time>2026-07-18T07:44:29Z</time>
        <hdop>3.8</hdop>
        <extensions>
          <osmand:speed>13.7</osmand:speed>
        </extensions>
      </trkpt>
      <trkpt lat="54.8748117" lon="25.5429675">
        <ele>164.8</ele>
        <time>2026-07-18T07:44:35Z</time>
        <hdop>3.8</hdop>
        <extensions>
          <osmand:speed>8.1</osmand:speed>
        </extensions>
      </trkpt>
      <trkpt lat="54.874577" lon="25.544338">
        <ele>165.4</ele>
        <time>2026-07-18T07:44:41Z</time>
        <hdop>3.8</hdop>
        <extensions>
          <osmand:speed>17.7</osmand:speed>
        </extensions>
      </trkpt>
      <trkpt lat="54.8743091" lon="25.545906">
        <ele>165</ele>
        <time>2026-07-18T07:44:47Z</time>
        <hdop>3.8</hdop>
        <extensions>
          <osmand:speed>17.8</osmand:speed>
        </extensions>
      </trkpt>
      <trkpt lat="54.8739053" lon="25.5474857">
        <ele>161.5</ele>
        <time>2026-07-18T07:44:53Z</time>
        <hdop>3.8</hdop>
        <extensions>
          <osmand:speed>18.1</osmand:speed>
        </extensions>
      </trkpt>
      <trkpt lat="54.8735056" lon="25.5488816">
        <ele>166</ele>
        <time>2026-07-18T07:44:59Z</time>
        <hdop>3.8</hdop>
        <extensions>
          <osmand:speed>16.1</osmand:speed>
        </extensions>
      </trkpt>
      <trkpt lat="54.8733901" lon="25.5497816">
        <ele>165.1</ele>
        <time>2026-07-18T07:45:05Z</time>
        <hdop>3.8</hdop>
        <extensions>
          <osmand:speed>7.6</osmand:speed>
        </extensions>
      </trkpt>
      <trkpt lat="54.8738443" lon="25.5502559">
        <ele>164.6</ele>
        <time>2026-07-18T07:45:11Z</time>
        <hdop>3.8</hdop>
        <extensions>
          <osmand:speed>11.2</osmand:speed>
        </extensions>
      </trkpt>
      <trkpt lat="54.8744047" lon="25.5506897">
        <ele>162.6</ele>
        <time>2026-07-18T07:45:17Z</time>
        <hdop>3.8</hdop>
        <extensions>
          <osmand:speed>11.8</osmand:speed>
        </extensions>
      </trkpt>
      <trkpt lat="54.8749899" lon="25.551092">
        <ele>162.9</ele>
        <time>2026-07-18T07:45:23Z</time>
        <hdop>3.8</hdop>
        <extensions>
          <osmand:speed>12.2</osmand:speed>
        </extensions>
      </trkpt>
      <trkpt lat="54.8753804" lon="25.5519657">
        <ele>164.9</ele>
        <time>2026-07-18T07:45:29Z</time>
        <hdop>3.8</hdop>
        <extensions>
          <osmand:speed>13</osmand:speed>
        </extensions>
      </trkpt>
      <trkpt lat="54.8757638" lon="25.5530063">
        <ele>164.3</ele>
        <time>2026-07-18T07:45:35Z</time>
        <hdop>3.8</hdop>
        <extensions>
          <osmand:speed>13.9</osmand:speed>
        </extensions>
      </trkpt>
      <trkpt lat="54.8761547" lon="25.5541578">
        <ele>166.5</ele>
        <time>2026-07-18T07:45:41Z</time>
        <hdop>3.8</hdop>
        <extensions>
          <osmand:speed>13.2</osmand:speed>
        </extensions>
      </trkpt>
      <trkpt lat="54.8765623" lon="25.5553423">
        <ele>166</ele>
        <time>2026-07-18T07:45:47Z</time>
        <hdop>3.8</hdop>
        <extensions>
          <osmand:speed>14.9</osmand:speed>
        </extensions>
      </trkpt>
      <trkpt lat="54.8768608" lon="25.5567092">
        <ele>163.4</ele>
        <time>2026-07-18T07:45:53Z</time>
        <hdop>3.8</hdop>
        <extensions>
          <osmand:speed>16.2</osmand:speed>
        </extensions>
      </trkpt>
      <trkpt lat="54.8771096" lon="25.5580184">
        <ele>161.9</ele>
        <time>2026-07-18T07:45:59Z</time>
        <hdop>3.8</hdop>
        <extensions>
          <osmand:speed>13.9</osmand:speed>
        </extensions>
      </trkpt>
      <trkpt lat="54.8772979" lon="25.5593575">
        <ele>164.5</ele>
        <time>2026-07-18T07:46:05Z</time>
        <hdop>3.8</hdop>
        <extensions>
          <osmand:speed>14.2</osmand:speed>
        </extensions>
      </trkpt>
      <trkpt lat="54.8776746" lon="25.5604019">
        <ele>165.7</ele>
        <time>2026-07-18T07:46:11Z</time>
        <hdop>3.8</hdop>
        <extensions>
          <osmand:speed>13</osmand:speed>
        </extensions>
      </trkpt>
      <trkpt lat="54.8782265" lon="25.5611417">
        <ele>161.6</ele>
        <time>2026-07-18T07:46:17Z</time>
        <hdop>3.8</hdop>
        <extensions>
          <osmand:speed>12</osmand:speed>
        </extensions>
      </trkpt>
      <trkpt lat="54.8788044" lon="25.5612199">
        <ele>160.8</ele>
        <time>2026-07-18T07:46:23Z</time>
        <hdop>3.8</hdop>
        <extensions>
          <osmand:speed>7.7</osmand:speed>
        </extensions>
      </trkpt>
      <trkpt lat="54.8793123" lon="25.5611638">
        <ele>161.1</ele>
        <time>2026-07-18T07:46:29Z</time>
        <hdop>3.8</hdop>
        <extensions>
          <osmand:speed>11.8</osmand:speed>
        </extensions>
      </trkpt>
      <trkpt lat="54.8798836" lon="25.5611393">
        <ele>161.2</ele>
        <time>2026-07-18T07:46:35Z</time>
        <hdop>3.8</hdop>
        <extensions>
          <osmand:speed>10.7</osmand:speed>
        </extensions>
      </trkpt>
      <trkpt lat="54.8801429" lon="25.5613316">
        <ele>161.8</ele>
        <time>2026-07-18T07:46:41Z</time>
        <hdop>3.8</hdop>
        <extensions>
          <osmand:speed>7.8</osmand:speed>
        </extensions>
      </trkpt>
      <trkpt lat="54.8804654" lon="25.5620171">
        <ele>165.5</ele>
        <time>2026-07-18T07:46:47Z</time>
        <hdop>3.8</hdop>
        <extensions>
          <osmand:speed>9.1</osmand:speed>
        </extensions>
      </trkpt>
      <trkpt lat="54.8809414" lon="25.5625025">
        <ele>165.8</ele>
        <time>2026-07-18T07:46:53Z</time>
        <hdop>3.8</hdop>
        <extensions>
          <osmand:speed>9.4</osmand:speed>
        </extensions>
      </trkpt>
      <trkpt lat="54.881092" lon="25.5626607">
        <ele>167.9</ele>
        <time>2026-07-18T07:46:59Z</time>
        <hdop>3.8</hdop>
        <extensions>
          <osmand:speed>6.3</osmand:speed>
        </extensions>
      </trkpt>
      <trkpt lat="54.8813546" lon="25.5632099">
        <ele>170.2</ele>
        <time>2026-07-18T07:47:05Z</time>
        <hdop>3.8</hdop>
        <extensions>
          <osmand:speed>9.3</osmand:speed>
        </extensions>
      </trkpt>
      <trkpt lat="54.881688" lon="25.5640047">
        <ele>169.4</ele>
        <time>2026-07-18T07:47:11Z</time>
        <hdop>3.8</hdop>
        <extensions>
          <osmand:speed>11.5</osmand:speed>
        </extensions>
      </trkpt>
      <trkpt lat="54.882078" lon="25.5648811">
        <ele>169.6</ele>
        <time>2026-07-18T07:47:17Z</time>
        <hdop>3.8</hdop>
        <extensions>
          <osmand:speed>12.1</osmand:speed>
        </extensions>
      </trkpt>
      <trkpt lat="54.8825607" lon="25.5656576">
        <ele>168.3</ele>
        <time>2026-07-18T07:47:23Z</time>
        <hdop>3.8</hdop>
        <extensions>
          <osmand:speed>13.3</osmand:speed>
        </extensions>
      </trkpt>
      <trkpt lat="54.8830552" lon="25.5664123">
        <ele>165.7</ele>
        <time>2026-07-18T07:47:29Z</time>
        <hdop>3.8</hdop>
        <extensions>
          <osmand:speed>12.6</osmand:speed>
        </extensions>
      </trkpt>
      <trkpt lat="54.8834727" lon="25.5672472">
        <ele>165.9</ele>
        <time>2026-07-18T07:47:35Z</time>
        <hdop>3.8</hdop>
        <extensions>
          <osmand:speed>11.5</osmand:speed>
        </extensions>
      </trkpt>
      <trkpt lat="54.8839034" lon="25.5679588">
        <ele>167.8</ele>
        <time>2026-07-18T07:47:41Z</time>
        <hdop>3.8</hdop>
        <extensions>
          <osmand:speed>10.8</osmand:speed>
        </extensions>
      </trkpt>
      <trkpt lat="54.8843167" lon="25.5684962">
        <ele>167.8</ele>
        <time>2026-07-18T07:47:47Z</time>
        <hdop>3.8</hdop>
        <extensions>
          <osmand:speed>7.7</osmand:speed>
        </extensions>
      </trkpt>
      <trkpt lat="54.8845889" lon="25.5684734">
        <ele>167.2</ele>
        <time>2026-07-18T07:47:53Z</time>
        <hdop>3.8</hdop>
        <extensions>
          <osmand:speed>6.2</osmand:speed>
        </extensions>
      </trkpt>
      <trkpt lat="54.8848764" lon="25.5680361">
        <ele>169.5</ele>
        <time>2026-07-18T07:47:59Z</time>
        <hdop>3.9</hdop>
        <extensions>
          <osmand:speed>8.2</osmand:speed>
        </extensions>
      </trkpt>
      <trkpt lat="54.8852768" lon="25.5676789">
        <ele>171.5</ele>
        <time>2026-07-18T07:48:05Z</time>
        <hdop>3.8</hdop>
        <extensions>
          <osmand:speed>8.4</osmand:speed>
        </extensions>
      </trkpt>
      <trkpt lat="54.8858005" lon="25.5678251">
        <ele>172.6</ele>
        <time>2026-07-18T07:48:11Z</time>
        <hdop>4.3</hdop>
        <extensions>
          <osmand:speed>9.1</osmand:speed>
        </extensions>
      </trkpt>
      <trkpt lat="54.8865403" lon="25.5682939">
        <ele>179.6</ele>
        <time>2026-07-18T07:48:23Z</time>
        <hdop>4.4</hdop>
        <extensions>
          <osmand:speed>4.1</osmand:speed>
        </extensions>
      </trkpt>
      <trkpt lat="54.8867657" lon="25.5684131">
        <ele>192.2</ele>
        <time>2026-07-18T07:48:29Z</time>
        <hdop>3.8</hdop>
        <extensions>
          <osmand:speed>3.3</osmand:speed>
        </extensions>
      </trkpt>
      <trkpt lat="54.8871928" lon="25.5687983">
        <ele>191.5</ele>
        <time>2026-07-18T07:48:35Z</time>
        <hdop>3.8</hdop>
        <extensions>
          <osmand:speed>9.2</osmand:speed>
        </extensions>
      </trkpt>
      <trkpt lat="54.8875565" lon="25.5693403">
        <ele>191.3</ele>
        <time>2026-07-18T07:48:41Z</time>
        <hdop>3.8</hdop>
        <extensions>
          <osmand:speed>8.9</osmand:speed>
        </extensions>
      </trkpt>
      <trkpt lat="54.8880015" lon="25.5696913">
        <ele>190.5</ele>
        <time>2026-07-18T07:48:47Z</time>
        <hdop>4</hdop>
        <extensions>
          <osmand:speed>9.2</osmand:speed>
        </extensions>
      </trkpt>
      <trkpt lat="54.8884429" lon="25.570017">
        <ele>196.5</ele>
        <time>2026-07-18T07:48:53Z</time>
        <hdop>4.7</hdop>
        <extensions>
          <osmand:speed>6.7</osmand:speed>
        </extensions>
      </trkpt>
      <trkpt lat="54.8887529" lon="25.5703562">
        <ele>197.1</ele>
        <time>2026-07-18T07:48:59Z</time>
        <hdop>3.8</hdop>
        <extensions>
          <osmand:speed>7.6</osmand:speed>
        </extensions>
      </trkpt>
      <trkpt lat="54.8889882" lon="25.5708718">
        <ele>196.9</ele>
        <time>2026-07-18T07:49:05Z</time>
        <hdop>3.8</hdop>
        <extensions>
          <osmand:speed>4.7</osmand:speed>
        </extensions>
      </trkpt>
      <trkpt lat="54.8891366" lon="25.5713927">
        <ele>200.3</ele>
        <time>2026-07-18T07:49:11Z</time>
        <hdop>3.8</hdop>
        <extensions>
          <osmand:speed>7.4</osmand:speed>
        </extensions>
      </trkpt>
      <trkpt lat="54.8892739" lon="25.5720664">
        <ele>199.8</ele>
        <time>2026-07-18T07:49:17Z</time>
        <hdop>3.8</hdop>
        <extensions>
          <osmand:speed>6.8</osmand:speed>
        </extensions>
      </trkpt>
      <trkpt lat="54.8893463" lon="25.5724328">
        <ele>204.2</ele>
        <time>2026-07-18T07:49:23Z</time>
        <hdop>3.8</hdop>
        <extensions>
          <osmand:speed>4.1</osmand:speed>
        </extensions>
      </trkpt>
      <trkpt lat="54.8893775" lon="25.5729029">
        <ele>207.1</ele>
        <time>2026-07-18T07:49:29Z</time>
        <hdop>3.8</hdop>
        <extensions>
          <osmand:speed>4.5</osmand:speed>
        </extensions>
      </trkpt>
      <trkpt lat="54.8894911" lon="25.5732452">
        <ele>206.1</ele>
        <time>2026-07-18T07:49:35Z</time>
        <hdop>3.8</hdop>
        <extensions>
          <osmand:speed>4.3</osmand:speed>
        </extensions>
      </trkpt>
      <trkpt lat="54.8895224" lon="25.5736962">
        <ele>207.3</ele>
        <time>2026-07-18T07:49:41Z</time>
        <hdop>3.8</hdop>
        <extensions>
          <osmand:speed>5.2</osmand:speed>
        </extensions>
      </trkpt>
      <trkpt lat="54.8896112" lon="25.5739047">
        <ele>209.5</ele>
        <time>2026-07-18T07:49:47Z</time>
        <hdop>3.8</hdop>
        <extensions>
          <osmand:speed>3.2</osmand:speed>
        </extensions>
      </trkpt>
      <trkpt lat="54.8896937" lon="25.5743486">
        <ele>207.7</ele>
        <time>2026-07-18T07:49:53Z</time>
        <hdop>3.8</hdop>
        <extensions>
          <osmand:speed>6</osmand:speed>
        </extensions>
      </trkpt>
      <trkpt lat="54.8897332" lon="25.5750079">
        <ele>210.4</ele>
        <time>2026-07-18T07:49:59Z</time>
        <hdop>3.8</hdop>
        <extensions>
          <osmand:speed>5.2</osmand:speed>
        </extensions>
      </trkpt>
      <trkpt lat="54.8898473" lon="25.5754119">
        <ele>207.3</ele>
        <time>2026-07-18T07:50:05Z</time>
        <hdop>3.8</hdop>
        <extensions>
          <osmand:speed>6.1</osmand:speed>
        </extensions>
      </trkpt>
      <trkpt lat="54.8900035" lon="25.5760385">
        <ele>205</ele>
        <time>2026-07-18T07:50:11Z</time>
        <hdop>3.8</hdop>
        <extensions>
          <osmand:speed>7.8</osmand:speed>
        </extensions>
      </trkpt>
      <trkpt lat="54.8901053" lon="25.5768043">
        <ele>206.3</ele>
        <time>2026-07-18T07:50:17Z</time>
        <hdop>3.8</hdop>
        <extensions>
          <osmand:speed>5.5</osmand:speed>
        </extensions>
      </trkpt>
      <trkpt lat="54.8901104" lon="25.5770954">
        <ele>209.1</ele>
        <time>2026-07-18T07:50:23Z</time>
        <hdop>3.8</hdop>
        <extensions>
          <osmand:speed>3.7</osmand:speed>
        </extensions>
      </trkpt>
      <trkpt lat="54.8902377" lon="25.577623">
        <ele>210.2</ele>
        <time>2026-07-18T07:50:29Z</time>
        <hdop>3.8</hdop>
        <extensions>
          <osmand:speed>8.1</osmand:speed>
        </extensions>
      </trkpt>
      <trkpt lat="54.8903986" lon="25.5782826">
        <ele>209.2</ele>
        <time>2026-07-18T07:50:35Z</time>
        <hdop>3.8</hdop>
        <extensions>
          <osmand:speed>7.9</osmand:speed>
        </extensions>
      </trkpt>
      <trkpt lat="54.890541" lon="25.5790507">
        <ele>210</ele>
        <time>2026-07-18T07:50:41Z</time>
        <hdop>3.8</hdop>
        <extensions>
          <osmand:speed>8.9</osmand:speed>
        </extensions>
      </trkpt>
      <trkpt lat="54.8904093" lon="25.5798834">
        <ele>212</ele>
        <time>2026-07-18T07:50:47Z</time>
        <hdop>3.8</hdop>
        <extensions>
          <osmand:speed>8.7</osmand:speed>
        </extensions>
      </trkpt>
      <trkpt lat="54.8907264" lon="25.5803824">
        <ele>213.9</ele>
        <time>2026-07-18T07:50:53Z</time>
        <hdop>3.8</hdop>
        <extensions>
          <osmand:speed>10.5</osmand:speed>
        </extensions>
      </trkpt>
      <trkpt lat="54.8912571" lon="25.5806766">
        <ele>213.2</ele>
        <time>2026-07-18T07:50:59Z</time>
        <hdop>3.8</hdop>
        <extensions>
          <osmand:speed>9.5</osmand:speed>
        </extensions>
      </trkpt>
      <trkpt lat="54.8918246" lon="25.5809932">
        <ele>213.5</ele>
        <time>2026-07-18T07:51:05Z</time>
        <hdop>3.8</hdop>
        <extensions>
          <osmand:speed>12.9</osmand:speed>
        </extensions>
      </trkpt>
      <trkpt lat="54.8925284" lon="25.5814148">
        <ele>211.6</ele>
        <time>2026-07-18T07:51:11Z</time>
        <hdop>3.8</hdop>
        <extensions>
          <osmand:speed>14.5</osmand:speed>
        </extensions>
      </trkpt>
      <trkpt lat="54.8932166" lon="25.5818008">
        <ele>211.3</ele>
        <time>2026-07-18T07:51:17Z</time>
        <hdop>3.8</hdop>
        <extensions>
          <osmand:speed>11.3</osmand:speed>
        </extensions>
      </trkpt>
      <trkpt lat="54.8939466" lon="25.5822563">
        <ele>209.7</ele>
        <time>2026-07-18T07:51:23Z</time>
        <hdop>3.8</hdop>
        <extensions>
          <osmand:speed>15.7</osmand:speed>
        </extensions>
      </trkpt>
      <trkpt lat="54.8947006" lon="25.5826779">
        <ele>210.3</ele>
        <time>2026-07-18T07:51:29Z</time>
        <hdop>3.8</hdop>
        <extensions>
          <osmand:speed>13.9</osmand:speed>
        </extensions>
      </trkpt>
      <trkpt lat="54.8951635" lon="25.5832081">
        <ele>208</ele>
        <time>2026-07-18T07:51:35Z</time>
        <hdop>3.8</hdop>
        <extensions>
          <osmand:speed>10.1</osmand:speed>
        </extensions>
      </trkpt>
      <trkpt lat="54.8955224" lon="25.5839926">
        <ele>208.5</ele>
        <time>2026-07-18T07:51:41Z</time>
        <hdop>3.8</hdop>
        <extensions>
          <osmand:speed>10.9</osmand:speed>
        </extensions>
      </trkpt>
      <trkpt lat="54.8958537" lon="25.5849023">
        <ele>207.4</ele>
        <time>2026-07-18T07:51:47Z</time>
        <hdop>3.8</hdop>
        <extensions>
          <osmand:speed>11.2</osmand:speed>
        </extensions>
      </trkpt>
      <trkpt lat="54.8959065" lon="25.5860065">
        <ele>208.4</ele>
        <time>2026-07-18T07:51:53Z</time>
        <hdop>3.8</hdop>
        <extensions>
          <osmand:speed>12.2</osmand:speed>
        </extensions>
      </trkpt>
      <trkpt lat="54.8958626" lon="25.5871156">
        <ele>208</ele>
        <time>2026-07-18T07:51:59Z</time>
        <hdop>3.8</hdop>
        <extensions>
          <osmand:speed>12.6</osmand:speed>
        </extensions>
      </trkpt>
      <trkpt lat="54.8958042" lon="25.5880696">
        <ele>205.8</ele>
        <time>2026-07-18T07:52:05Z</time>
        <hdop>3.8</hdop>
        <extensions>
          <osmand:speed>8</osmand:speed>
        </extensions>
      </trkpt>
      <trkpt lat="54.8957633" lon="25.5885742">
        <ele>201.8</ele>
        <time>2026-07-18T07:52:11Z</time>
        <hdop>3.8</hdop>
        <extensions>
          <osmand:speed>6</osmand:speed>
        </extensions>
      </trkpt>
      <trkpt lat="54.8957591" lon="25.5893324">
        <ele>190.3</ele>
        <time>2026-07-18T07:52:17Z</time>
        <hdop>3.8</hdop>
        <extensions>
          <osmand:speed>10.4</osmand:speed>
        </extensions>
      </trkpt>
      <trkpt lat="54.8958301" lon="25.5903113">
        <ele>181.4</ele>
        <time>2026-07-18T07:52:23Z</time>
        <hdop>3.8</hdop>
        <extensions>
          <osmand:speed>9.7</osmand:speed>
        </extensions>
      </trkpt>
      <trkpt lat="54.895822" lon="25.5912489">
        <ele>176.7</ele>
        <time>2026-07-18T07:52:29Z</time>
        <hdop>3.8</hdop>
        <extensions>
          <osmand:speed>11</osmand:speed>
        </extensions>
      </trkpt>
      <trkpt lat="54.8957366" lon="25.5923591">
        <ele>173.5</ele>
        <time>2026-07-18T07:52:35Z</time>
        <hdop>3.8</hdop>
        <extensions>
          <osmand:speed>12.5</osmand:speed>
        </extensions>
      </trkpt>
      <trkpt lat="54.8955421" lon="25.5934688">
        <ele>172.5</ele>
        <time>2026-07-18T07:52:41Z</time>
        <hdop>3.8</hdop>
        <extensions>
          <osmand:speed>12</osmand:speed>
        </extensions>
      </trkpt>
      <trkpt lat="54.8953486" lon="25.5944521">
        <ele>171.2</ele>
        <time>2026-07-18T07:52:47Z</time>
        <hdop>3.8</hdop>
        <extensions>
          <osmand:speed>12</osmand:speed>
        </extensions>
      </trkpt>
      <trkpt lat="54.895131" lon="25.59542">
        <ele>170.5</ele>
        <time>2026-07-18T07:52:53Z</time>
        <hdop>3.8</hdop>
        <extensions>
          <osmand:speed>11.1</osmand:speed>
        </extensions>
      </trkpt>
      <trkpt lat="54.8949464" lon="25.5964124">
        <ele>169.8</ele>
        <time>2026-07-18T07:52:59Z</time>
        <hdop>3.8</hdop>
        <extensions>
          <osmand:speed>8.7</osmand:speed>
        </extensions>
      </trkpt>
      <trkpt lat="54.894796" lon="25.5967082">
        <ele>170.6</ele>
        <time>2026-07-18T07:53:05Z</time>
        <hdop>3.8</hdop>
        <extensions>
          <osmand:speed>6.5</osmand:speed>
        </extensions>
      </trkpt>
      <trkpt lat="54.8942836" lon="25.5972771">
        <ele>171.3</ele>
        <time>2026-07-18T07:53:11Z</time>
        <hdop>3.8</hdop>
        <extensions>
          <osmand:speed>13.1</osmand:speed>
        </extensions>
      </trkpt>
      <trkpt lat="54.8937595" lon="25.5980807">
        <ele>172.5</ele>
        <time>2026-07-18T07:53:17Z</time>
        <hdop>3.8</hdop>
        <extensions>
          <osmand:speed>13.1</osmand:speed>
        </extensions>
      </trkpt>
      <trkpt lat="54.8934165" lon="25.5991454">
        <ele>172</ele>
        <time>2026-07-18T07:53:23Z</time>
        <hdop>3.8</hdop>
        <extensions>
          <osmand:speed>13.1</osmand:speed>
        </extensions>
      </trkpt>
      <trkpt lat="54.8931177" lon="25.6002716">
        <ele>174.2</ele>
        <time>2026-07-18T07:53:29Z</time>
        <hdop>3.8</hdop>
        <extensions>
          <osmand:speed>12.6</osmand:speed>
        </extensions>
      </trkpt>
      <trkpt lat="54.8927167" lon="25.6011961">
        <ele>174.4</ele>
        <time>2026-07-18T07:53:35Z</time>
        <hdop>3.8</hdop>
        <extensions>
          <osmand:speed>12</osmand:speed>
        </extensions>
      </trkpt>
      <trkpt lat="54.8922327" lon="25.6016953">
        <ele>173.9</ele>
        <time>2026-07-18T07:53:41Z</time>
        <hdop>3.8</hdop>
        <extensions>
          <osmand:speed>10</osmand:speed>
        </extensions>
      </trkpt>
      <trkpt lat="54.8917406" lon="25.6018842">
        <ele>172.5</ele>
        <time>2026-07-18T07:53:47Z</time>
        <hdop>3.8</hdop>
        <extensions>
          <osmand:speed>9.1</osmand:speed>
        </extensions>
      </trkpt>
      <trkpt lat="54.8913404" lon="25.6021181">
        <ele>172.9</ele>
        <time>2026-07-18T07:53:53Z</time>
        <hdop>3.8</hdop>
        <extensions>
          <osmand:speed>6.9</osmand:speed>
        </extensions>
      </trkpt>
      <trkpt lat="54.8910006" lon="25.6022963">
        <ele>171.7</ele>
        <time>2026-07-18T07:53:59Z</time>
        <hdop>3.8</hdop>
        <extensions>
          <osmand:speed>7.1</osmand:speed>
        </extensions>
      </trkpt>
      <trkpt lat="54.8907375" lon="25.6028567">
        <ele>175.3</ele>
        <time>2026-07-18T07:54:05Z</time>
        <hdop>3.8</hdop>
        <extensions>
          <osmand:speed>9.2</osmand:speed>
        </extensions>
      </trkpt>
      <trkpt lat="54.8905405" lon="25.6037382">
        <ele>179.5</ele>
        <time>2026-07-18T07:54:11Z</time>
        <hdop>3.8</hdop>
        <extensions>
          <osmand:speed>9.9</osmand:speed>
        </extensions>
      </trkpt>
      <trkpt lat="54.8904071" lon="25.6046231">
        <ele>173.1</ele>
        <time>2026-07-18T07:54:17Z</time>
        <hdop>3.8</hdop>
        <extensions>
          <osmand:speed>9.4</osmand:speed>
        </extensions>
      </trkpt>
      <trkpt lat="54.8902293" lon="25.6054159">
        <ele>168.9</ele>
        <time>2026-07-18T07:54:23Z</time>
        <hdop>3.8</hdop>
        <extensions>
          <osmand:speed>9.3</osmand:speed>
        </extensions>
      </trkpt>
      <trkpt lat="54.8898962" lon="25.6060285">
        <ele>167.3</ele>
        <time>2026-07-18T07:54:29Z</time>
        <hdop>3.8</hdop>
        <extensions>
          <osmand:speed>8.6</osmand:speed>
        </extensions>
      </trkpt>
      <trkpt lat="54.889501" lon="25.6062507">
        <ele>165.6</ele>
        <time>2026-07-18T07:54:35Z</time>
        <hdop>3.8</hdop>
        <extensions>
          <osmand:speed>7.9</osmand:speed>
        </extensions>
      </trkpt>
      <trkpt lat="54.8889925" lon="25.6061015">
        <ele>163.6</ele>
        <time>2026-07-18T07:54:41Z</time>
        <hdop>3.8</hdop>
        <extensions>
          <osmand:speed>9.7</osmand:speed>
        </extensions>
      </trkpt>
      <trkpt lat="54.8885024" lon="25.6060203">
        <ele>162.3</ele>
        <time>2026-07-18T07:54:47Z</time>
        <hdop>3.8</hdop>
        <extensions>
          <osmand:speed>8.8</osmand:speed>
        </extensions>
      </trkpt>
      <trkpt lat="54.8880099" lon="25.6058193">
        <ele>164</ele>
        <time>2026-07-18T07:54:53Z</time>
        <hdop>3.8</hdop>
        <extensions>
          <osmand:speed>9.9</osmand:speed>
        </extensions>
      </trkpt>
      <trkpt lat="54.8875573" lon="25.6054404">
        <ele>162.5</ele>
        <time>2026-07-18T07:54:59Z</time>
        <hdop>3.8</hdop>
        <extensions>
          <osmand:speed>9.7</osmand:speed>
        </extensions>
      </trkpt>
      <trkpt lat="54.8870348" lon="25.6052583">
        <ele>155.5</ele>
        <time>2026-07-18T07:55:05Z</time>
        <hdop>3.8</hdop>
        <extensions>
          <osmand:speed>10.1</osmand:speed>
        </extensions>
      </trkpt>
      <trkpt lat="54.8865364" lon="25.6052731">
        <ele>149.3</ele>
        <time>2026-07-18T07:55:11Z</time>
        <hdop>3.8</hdop>
        <extensions>
          <osmand:speed>9.4</osmand:speed>
        </extensions>
      </trkpt>
      <trkpt lat="54.886136" lon="25.6055575">
        <ele>145.6</ele>
        <time>2026-07-18T07:55:17Z</time>
        <hdop>3.8</hdop>
        <extensions>
          <osmand:speed>8.8</osmand:speed>
        </extensions>
      </trkpt>
      <trkpt lat="54.8862828" lon="25.606411">
        <ele>145.7</ele>
        <time>2026-07-18T07:55:23Z</time>
        <hdop>3.8</hdop>
        <extensions>
          <osmand:speed>11.4</osmand:speed>
        </extensions>
      </trkpt>
      <trkpt lat="54.8865448" lon="25.6075428">
        <ele>145.7</ele>
        <time>2026-07-18T07:55:29Z</time>
        <hdop>3.8</hdop>
        <extensions>
          <osmand:speed>13.6</osmand:speed>
        </extensions>
      </trkpt>
      <trkpt lat="54.8868222" lon="25.6088413">
        <ele>146.7</ele>
        <time>2026-07-18T07:55:35Z</time>
        <hdop>3.8</hdop>
        <extensions>
          <osmand:speed>15</osmand:speed>
        </extensions>
      </trkpt>
      <trkpt lat="54.8871395" lon="25.6101493">
        <ele>146.3</ele>
        <time>2026-07-18T07:55:41Z</time>
        <hdop>3.8</hdop>
        <extensions>
          <osmand:speed>15</osmand:speed>
        </extensions>
      </trkpt>
      <trkpt lat="54.8876433" lon="25.6111408">
        <ele>147.7</ele>
        <time>2026-07-18T07:55:47Z</time>
        <hdop>3.8</hdop>
        <extensions>
          <osmand:speed>14.5</osmand:speed>
        </extensions>
      </trkpt>
      <trkpt lat="54.8881639" lon="25.6121815">
        <ele>144.9</ele>
        <time>2026-07-18T07:55:53Z</time>
        <hdop>3.8</hdop>
        <extensions>
          <osmand:speed>13.5</osmand:speed>
        </extensions>
      </trkpt>
      <trkpt lat="54.8885545" lon="25.6134394">
        <ele>146.8</ele>
        <time>2026-07-18T07:55:59Z</time>
        <hdop>3.8</hdop>
        <extensions>
          <osmand:speed>14.6</osmand:speed>
        </extensions>
      </trkpt>
      <trkpt lat="54.8888658" lon="25.6144825">
        <ele>146.5</ele>
        <time>2026-07-18T07:56:05Z</time>
        <hdop>3.8</hdop>
        <extensions>
          <osmand:speed>11.6</osmand:speed>
        </extensions>
      </trkpt>
      <trkpt lat="54.8886073" lon="25.615554">
        <ele>146.2</ele>
        <time>2026-07-18T07:56:11Z</time>
        <hdop>3.8</hdop>
        <extensions>
          <osmand:speed>12.8</osmand:speed>
        </extensions>
      </trkpt>
      <trkpt lat="54.8885346" lon="25.616619">
        <ele>145.4</ele>
        <time>2026-07-18T07:56:17Z</time>
        <hdop>3.8</hdop>
        <extensions>
          <osmand:speed>12.7</osmand:speed>
        </extensions>
      </trkpt>
      <trkpt lat="54.8889693" lon="25.6175766">
        <ele>146.7</ele>
        <time>2026-07-18T07:56:23Z</time>
        <hdop>3.8</hdop>
        <extensions>
          <osmand:speed>13</osmand:speed>
        </extensions>
      </trkpt>
      <trkpt lat="54.8891622" lon="25.6187195">
        <ele>145.8</ele>
        <time>2026-07-18T07:56:29Z</time>
        <hdop>3.8</hdop>
        <extensions>
          <osmand:speed>13.9</osmand:speed>
        </extensions>
      </trkpt>
      <trkpt lat="54.8894872" lon="25.6197585">
        <ele>145.2</ele>
        <time>2026-07-18T07:56:35Z</time>
        <hdop>3.8</hdop>
        <extensions>
          <osmand:speed>12.7</osmand:speed>
        </extensions>
      </trkpt>
      <trkpt lat="54.889829" lon="25.6207291">
        <ele>145.9</ele>
        <time>2026-07-18T07:56:41Z</time>
        <hdop>3.8</hdop>
        <extensions>
          <osmand:speed>12.4</osmand:speed>
        </extensions>
      </trkpt>
      <trkpt lat="54.8902294" lon="25.6217381">
        <ele>147</ele>
        <time>2026-07-18T07:56:47Z</time>
        <hdop>3.8</hdop>
        <extensions>
          <osmand:speed>12.8</osmand:speed>
        </extensions>
      </trkpt>
      <trkpt lat="54.8906131" lon="25.6227224">
        <ele>146.9</ele>
        <time>2026-07-18T07:56:53Z</time>
        <hdop>3.8</hdop>
        <extensions>
          <osmand:speed>12.8</osmand:speed>
        </extensions>
      </trkpt>
      <trkpt lat="54.8909932" lon="25.6237084">
        <ele>144.1</ele>
        <time>2026-07-18T07:56:59Z</time>
        <hdop>3.8</hdop>
        <extensions>
          <osmand:speed>13.6</osmand:speed>
        </extensions>
      </trkpt>
      <trkpt lat="54.8913764" lon="25.6246892">
        <ele>144</ele>
        <time>2026-07-18T07:57:05Z</time>
        <hdop>3.8</hdop>
        <extensions>
          <osmand:speed>12.1</osmand:speed>
        </extensions>
      </trkpt>
      <trkpt lat="54.8916802" lon="25.6256888">
        <ele>144.5</ele>
        <time>2026-07-18T07:57:11Z</time>
        <hdop>3.8</hdop>
        <extensions>
          <osmand:speed>12.2</osmand:speed>
        </extensions>
      </trkpt>
      <trkpt lat="54.8920386" lon="25.6266101">
        <ele>146.2</ele>
        <time>2026-07-18T07:57:17Z</time>
        <hdop>3.8</hdop>
        <extensions>
          <osmand:speed>11.6</osmand:speed>
        </extensions>
      </trkpt>
      <trkpt lat="54.8923879" lon="25.6274638">
        <ele>147</ele>
        <time>2026-07-18T07:57:23Z</time>
        <hdop>3.8</hdop>
        <extensions>
          <osmand:speed>8.3</osmand:speed>
        </extensions>
      </trkpt>
      <trkpt lat="54.892764" lon="25.628265">
        <ele>148.1</ele>
        <time>2026-07-18T07:57:29Z</time>
        <hdop>4.6</hdop>
        <extensions>
          <osmand:speed>10.3</osmand:speed>
        </extensions>
      </trkpt>
      <trkpt lat="54.8931124" lon="25.6289402">
        <ele>147.5</ele>
        <time>2026-07-18T07:57:35Z</time>
        <hdop>3.8</hdop>
        <extensions>
          <osmand:speed>8.9</osmand:speed>
        </extensions>
      </trkpt>
      <trkpt lat="54.8934756" lon="25.6296452">
        <ele>145.9</ele>
        <time>2026-07-18T07:57:41Z</time>
        <hdop>4.4</hdop>
        <extensions>
          <osmand:speed>9.4</osmand:speed>
        </extensions>
      </trkpt>
      <trkpt lat="54.8939663" lon="25.6298853">
        <ele>145.5</ele>
        <time>2026-07-18T07:57:47Z</time>
        <hdop>4.3</hdop>
        <extensions>
          <osmand:speed>9.7</osmand:speed>
        </extensions>
      </trkpt>
      <trkpt lat="54.8945881" lon="25.6298583">
        <ele>149.2</ele>
        <time>2026-07-18T07:57:55Z</time>
        <hdop>4.2</hdop>
        <extensions>
          <osmand:speed>6.4</osmand:speed>
        </extensions>
      </trkpt>
      <trkpt lat="54.8949488" lon="25.6299952">
        <ele>153.5</ele>
        <time>2026-07-18T07:58:01Z</time>
        <hdop>3.8</hdop>
        <extensions>
          <osmand:speed>8.3</osmand:speed>
        </extensions>
      </trkpt>
      <trkpt lat="54.895488" lon="25.6301201">
        <ele>154.7</ele>
        <time>2026-07-18T07:58:07Z</time>
        <hdop>3.8</hdop>
        <extensions>
          <osmand:speed>11.3</osmand:speed>
        </extensions>
      </trkpt>
      <trkpt lat="54.8960954" lon="25.6303132">
        <ele>152.7</ele>
        <time>2026-07-18T07:58:13Z</time>
        <hdop>3.8</hdop>
        <extensions>
          <osmand:speed>12.1</osmand:speed>
        </extensions>
      </trkpt>
      <trkpt lat="54.896693" lon="25.6304575">
        <ele>152</ele>
        <time>2026-07-18T07:58:19Z</time>
        <hdop>3.8</hdop>
        <extensions>
          <osmand:speed>11.4</osmand:speed>
        </extensions>
      </trkpt>
      <trkpt lat="54.8972551" lon="25.6303388">
        <ele>151.4</ele>
        <time>2026-07-18T07:58:25Z</time>
        <hdop>3.8</hdop>
        <extensions>
          <osmand:speed>8.1</osmand:speed>
        </extensions>
      </trkpt>
      <trkpt lat="54.8978135" lon="25.6305196">
        <ele>152.9</ele>
        <time>2026-07-18T07:58:31Z</time>
        <hdop>3.8</hdop>
        <extensions>
          <osmand:speed>12.5</osmand:speed>
        </extensions>
      </trkpt>
      <trkpt lat="54.8984008" lon="25.6306152">
        <ele>154.7</ele>
        <time>2026-07-18T07:58:37Z</time>
        <hdop>3.8</hdop>
        <extensions>
          <osmand:speed>9.1</osmand:speed>
        </extensions>
      </trkpt>
      <trkpt lat="54.8988708" lon="25.6308602">
        <ele>155</ele>
        <time>2026-07-18T07:58:43Z</time>
        <hdop>3.8</hdop>
        <extensions>
          <osmand:speed>7.9</osmand:speed>
        </extensions>
      </trkpt>
      <trkpt lat="54.8991633" lon="25.6310556">
        <ele>154.8</ele>
        <time>2026-07-18T07:58:49Z</time>
        <hdop>3.8</hdop>
        <extensions>
          <osmand:speed>4.7</osmand:speed>
        </extensions>
      </trkpt>
      <trkpt lat="54.8993408" lon="25.6317682">
        <ele>153.6</ele>
        <time>2026-07-18T07:58:55Z</time>
        <hdop>3.8</hdop>
        <extensions>
          <osmand:speed>11.9</osmand:speed>
        </extensions>
      </trkpt>
      <trkpt lat="54.8996671" lon="25.6327057">
        <ele>152.9</ele>
        <time>2026-07-18T07:59:01Z</time>
        <hdop>3.8</hdop>
        <extensions>
          <osmand:speed>11.5</osmand:speed>
        </extensions>
      </trkpt>
      <trkpt lat="54.899972" lon="25.6336124">
        <ele>153.1</ele>
        <time>2026-07-18T07:59:07Z</time>
        <hdop>3.8</hdop>
        <extensions>
          <osmand:speed>10.8</osmand:speed>
        </extensions>
      </trkpt>
      <trkpt lat="54.9002778" lon="25.634503">
        <ele>153.6</ele>
        <time>2026-07-18T07:59:13Z</time>
        <hdop>3.8</hdop>
        <extensions>
          <osmand:speed>10.9</osmand:speed>
        </extensions>
      </trkpt>
      <trkpt lat="54.9007141" lon="25.6350132">
        <ele>153.9</ele>
        <time>2026-07-18T07:59:19Z</time>
        <hdop>3.8</hdop>
        <extensions>
          <osmand:speed>8.2</osmand:speed>
        </extensions>
      </trkpt>
      <trkpt lat="54.9010616" lon="25.6352698">
        <ele>152.8</ele>
        <time>2026-07-18T07:59:25Z</time>
        <hdop>3.8</hdop>
        <extensions>
          <osmand:speed>8.5</osmand:speed>
        </extensions>
      </trkpt>
      <trkpt lat="54.9015451" lon="25.6355504">
        <ele>152.9</ele>
        <time>2026-07-18T07:59:31Z</time>
        <hdop>3.8</hdop>
        <extensions>
          <osmand:speed>10.5</osmand:speed>
        </extensions>
      </trkpt>
      <trkpt lat="54.9021342" lon="25.6358593">
        <ele>151.7</ele>
        <time>2026-07-18T07:59:37Z</time>
        <hdop>3.8</hdop>
        <extensions>
          <osmand:speed>11.7</osmand:speed>
        </extensions>
      </trkpt>
      <trkpt lat="54.9027425" lon="25.6361878">
        <ele>151.1</ele>
        <time>2026-07-18T07:59:43Z</time>
        <hdop>3.8</hdop>
        <extensions>
          <osmand:speed>12.2</osmand:speed>
        </extensions>
      </trkpt>
      <trkpt lat="54.9033755" lon="25.636537">
        <ele>151.6</ele>
        <time>2026-07-18T07:59:49Z</time>
        <hdop>3.8</hdop>
        <extensions>
          <osmand:speed>12.4</osmand:speed>
        </extensions>
      </trkpt>
      <trkpt lat="54.9040002" lon="25.6369356">
        <ele>152.1</ele>
        <time>2026-07-18T07:59:55Z</time>
        <hdop>3.8</hdop>
        <extensions>
          <osmand:speed>12.4</osmand:speed>
        </extensions>
      </trkpt>
      <trkpt lat="54.9046374" lon="25.6373182">
        <ele>151.7</ele>
        <time>2026-07-18T08:00:01Z</time>
        <hdop>3.8</hdop>
        <extensions>
          <osmand:speed>12.4</osmand:speed>
        </extensions>
      </trkpt>
      <trkpt lat="54.9052725" lon="25.6376192">
        <ele>148.2</ele>
        <time>2026-07-18T08:00:07Z</time>
        <hdop>3.8</hdop>
        <extensions>
          <osmand:speed>12.4</osmand:speed>
        </extensions>
      </trkpt>
      <trkpt lat="54.9058775" lon="25.637901">
        <ele>148.8</ele>
        <time>2026-07-18T08:00:13Z</time>
        <hdop>3.8</hdop>
        <extensions>
          <osmand:speed>10.6</osmand:speed>
        </extensions>
      </trkpt>
      <trkpt lat="54.9064144" lon="25.6381107">
        <ele>148.3</ele>
        <time>2026-07-18T08:00:19Z</time>
        <hdop>3.8</hdop>
        <extensions>
          <osmand:speed>9.1</osmand:speed>
        </extensions>
      </trkpt>
      <trkpt lat="54.9068836" lon="25.6382803">
        <ele>150.5</ele>
        <time>2026-07-18T08:00:25Z</time>
        <hdop>3.8</hdop>
        <extensions>
          <osmand:speed>8.8</osmand:speed>
        </extensions>
      </trkpt>
      <trkpt lat="54.9073776" lon="25.638491">
        <ele>149.2</ele>
        <time>2026-07-18T08:00:31Z</time>
        <hdop>3.8</hdop>
        <extensions>
          <osmand:speed>9.4</osmand:speed>
        </extensions>
      </trkpt>
      <trkpt lat="54.9079729" lon="25.6387227">
        <ele>148.8</ele>
        <time>2026-07-18T08:00:37Z</time>
        <hdop>3.8</hdop>
        <extensions>
          <osmand:speed>13.1</osmand:speed>
        </extensions>
      </trkpt>
      <trkpt lat="54.9087558" lon="25.6389085">
        <ele>148.3</ele>
        <time>2026-07-18T08:00:43Z</time>
        <hdop>3.8</hdop>
        <extensions>
          <osmand:speed>16.4</osmand:speed>
        </extensions>
      </trkpt>
      <trkpt lat="54.9096627" lon="25.6391419">
        <ele>149.2</ele>
        <time>2026-07-18T08:00:49Z</time>
        <hdop>3.8</hdop>
        <extensions>
          <osmand:speed>17</osmand:speed>
        </extensions>
      </trkpt>
      <trkpt lat="54.9104248" lon="25.6393722">
        <ele>148.9</ele>
        <time>2026-07-18T08:00:55Z</time>
        <hdop>3.8</hdop>
        <extensions>
          <osmand:speed>13.1</osmand:speed>
        </extensions>
      </trkpt>
      <trkpt lat="54.9110963" lon="25.6396965">
        <ele>144.8</ele>
        <time>2026-07-18T08:01:01Z</time>
        <hdop>3.8</hdop>
        <extensions>
          <osmand:speed>12.2</osmand:speed>
        </extensions>
      </trkpt>
      <trkpt lat="54.9118038" lon="25.6395434">
        <ele>140.9</ele>
        <time>2026-07-18T08:01:07Z</time>
        <hdop>3.8</hdop>
        <extensions>
          <osmand:speed>14.6</osmand:speed>
        </extensions>
      </trkpt>
      <trkpt lat="54.9125603" lon="25.6392647">
        <ele>141.7</ele>
        <time>2026-07-18T08:01:13Z</time>
        <hdop>3.8</hdop>
        <extensions>
          <osmand:speed>14</osmand:speed>
        </extensions>
      </trkpt>
      <trkpt lat="54.9132322" lon="25.6389655">
        <ele>144.5</ele>
        <time>2026-07-18T08:01:19Z</time>
        <hdop>3.8</hdop>
        <extensions>
          <osmand:speed>11.4</osmand:speed>
        </extensions>
      </trkpt>
      <trkpt lat="54.9135937" lon="25.6388805">
        <ele>145.8</ele>
        <time>2026-07-18T08:01:25Z</time>
        <hdop>3.8</hdop>
        <extensions>
          <osmand:speed>2.5</osmand:speed>
        </extensions>
      </trkpt>
      <trkpt lat="54.91369" lon="25.6391136">
        <ele>145.5</ele>
        <time>2026-07-18T08:01:31Z</time>
        <hdop>3.8</hdop>
        <extensions>
          <osmand:speed>4</osmand:speed>
        </extensions>
      </trkpt>
      <trkpt lat="54.9139824" lon="25.6389141">
        <ele>145.5</ele>
        <time>2026-07-18T08:01:37Z</time>
        <hdop>3.8</hdop>
        <extensions>
          <osmand:speed>7.7</osmand:speed>
        </extensions>
      </trkpt>
      <trkpt lat="54.914373" lon="25.6386913">
        <ele>143</ele>
        <time>2026-07-18T08:01:43Z</time>
        <hdop>3.8</hdop>
        <extensions>
          <osmand:speed>7.3</osmand:speed>
        </extensions>
      </trkpt>
      <trkpt lat="54.914773" lon="25.6384893">
        <ele>143.3</ele>
        <time>2026-07-18T08:01:49Z</time>
        <hdop>3.9</hdop>
        <extensions>
          <osmand:speed>7.3</osmand:speed>
        </extensions>
      </trkpt>
      <trkpt lat="54.9150777" lon="25.6383192">
        <ele>144.3</ele>
        <time>2026-07-18T08:01:55Z</time>
        <hdop>4.7</hdop>
        <extensions>
          <osmand:speed>5.7</osmand:speed>
        </extensions>
      </trkpt>
      <trkpt lat="54.9154028" lon="25.6380462">
        <ele>147.9</ele>
        <time>2026-07-18T08:02:01Z</time>
        <hdop>4.7</hdop>
        <extensions>
          <osmand:speed>5.6</osmand:speed>
        </extensions>
      </trkpt>
      <trkpt lat="54.9156653" lon="25.637797">
        <ele>147.3</ele>
        <time>2026-07-18T08:02:07Z</time>
        <hdop>4.5</hdop>
        <extensions>
          <osmand:speed>4.2</osmand:speed>
        </extensions>
      </trkpt>
      <trkpt lat="54.9161001" lon="25.6376198">
        <ele>153.3</ele>
        <time>2026-07-18T08:02:14Z</time>
        <hdop>4.1</hdop>
        <extensions>
          <osmand:speed>5.4</osmand:speed>
        </extensions>
      </trkpt>
      <trkpt lat="54.9164726" lon="25.6375936">
        <ele>154</ele>
        <time>2026-07-18T08:02:20Z</time>
        <hdop>4</hdop>
        <extensions>
          <osmand:speed>8.5</osmand:speed>
        </extensions>
      </trkpt>
      <trkpt lat="54.9169507" lon="25.637583">
        <ele>156.4</ele>
        <time>2026-07-18T08:02:27Z</time>
        <hdop>4.1</hdop>
        <extensions>
          <osmand:speed>4.3</osmand:speed>
        </extensions>
      </trkpt>
      <trkpt lat="54.9173336" lon="25.6375368">
        <ele>153.2</ele>
        <time>2026-07-18T08:02:33Z</time>
        <hdop>4.2</hdop>
        <extensions>
          <osmand:speed>6.5</osmand:speed>
        </extensions>
      </trkpt>
      <trkpt lat="54.9173066" lon="25.6376231">
        <ele>151.5</ele>
        <time>2026-07-18T08:02:39Z</time>
        <hdop>3.8</hdop>
      </trkpt>
      <trkpt lat="54.9173357" lon="25.637711">
        <ele>157.8</ele>
        <time>2026-07-18T08:04:06Z</time>
        <hdop>3.8</hdop>
        <extensions>
          <osmand:speed>2.5</osmand:speed>
        </extensions>
      </trkpt>
      <trkpt lat="54.9173681" lon="25.6378322">
        <ele>154.9</ele>
        <time>2026-07-18T08:04:12Z</time>
        <hdop>3.8</hdop>
      </trkpt>
      <trkpt lat="54.9174026" lon="25.6379135">
        <ele>154.9</ele>
        <time>2026-07-18T08:07:52Z</time>
        <hdop>3.8</hdop>
        <extensions>
          <osmand:speed>3.4</osmand:speed>
        </extensions>
      </trkpt>
      <trkpt lat="54.9174819" lon="25.638171">
        <ele>152.8</ele>
        <time>2026-07-18T08:07:58Z</time>
        <hdop>3.8</hdop>
      </trkpt>
      <trkpt lat="54.9175282" lon="25.638176">
        <ele>154.4</ele>
        <time>2026-07-18T08:08:06Z</time>
        <hdop>3.8</hdop>
        <extensions>
          <osmand:speed>2</osmand:speed>
        </extensions>
      </trkpt>
      <trkpt lat="54.9175894" lon="25.6382115">
        <ele>154.2</ele>
        <time>2026-07-18T08:08:12Z</time>
        <hdop>3.8</hdop>
        <extensions>
          <osmand:speed>0.3</osmand:speed>
        </extensions>
      </trkpt>
      <trkpt lat="54.9177146" lon="25.6384085">
        <ele>153.1</ele>
        <time>2026-07-18T08:08:18Z</time>
        <hdop>3.9</hdop>
        <extensions>
          <osmand:speed>3.3</osmand:speed>
        </extensions>
      </trkpt>
      <trkpt lat="54.9179545" lon="25.6385012">
        <ele>150.7</ele>
        <time>2026-07-18T08:08:24Z</time>
        <hdop>3.8</hdop>
        <extensions>
          <osmand:speed>2.1</osmand:speed>
        </extensions>
      </trkpt>
      <trkpt lat="54.9182017" lon="25.6386596">
        <ele>149.5</ele>
        <time>2026-07-18T08:08:30Z</time>
        <hdop>3.8</hdop>
        <extensions>
          <osmand:speed>4.3</osmand:speed>
        </extensions>
      </trkpt>
      <trkpt lat="54.9184254" lon="25.6387583">
        <ele>144.9</ele>
        <time>2026-07-18T08:08:36Z</time>
        <hdop>3.8</hdop>
        <extensions>
          <osmand:speed>1.4</osmand:speed>
        </extensions>
      </trkpt>
      <trkpt lat="54.9186464" lon="25.6388437">
        <ele>143.4</ele>
        <time>2026-07-18T08:08:42Z</time>
        <hdop>3.8</hdop>
        <extensions>
          <osmand:speed>4.8</osmand:speed>
        </extensions>
      </trkpt>
      <trkpt lat="54.9189785" lon="25.6388727">
        <ele>142.1</ele>
        <time>2026-07-18T08:08:48Z</time>
        <hdop>3.8</hdop>
        <extensions>
          <osmand:speed>6.3</osmand:speed>
        </extensions>
      </trkpt>
      <trkpt lat="54.9193242" lon="25.6389585">
        <ele>142.2</ele>
        <time>2026-07-18T08:08:54Z</time>
        <hdop>3.8</hdop>
        <extensions>
          <osmand:speed>6.8</osmand:speed>
        </extensions>
      </trkpt>
      <trkpt lat="54.9197529" lon="25.638987">
        <ele>142.6</ele>
        <time>2026-07-18T08:09:00Z</time>
        <hdop>3.8</hdop>
        <extensions>
          <osmand:speed>8.4</osmand:speed>
        </extensions>
      </trkpt>
      <trkpt lat="54.9202087" lon="25.6391026">
        <ele>143.1</ele>
        <time>2026-07-18T08:09:06Z</time>
        <hdop>3.8</hdop>
        <extensions>
          <osmand:speed>9.1</osmand:speed>
        </extensions>
      </trkpt>
      <trkpt lat="54.9207229" lon="25.6392266">
        <ele>143.2</ele>
        <time>2026-07-18T08:09:12Z</time>
        <hdop>3.8</hdop>
        <extensions>
          <osmand:speed>9.9</osmand:speed>
        </extensions>
      </trkpt>
      <trkpt lat="54.921254" lon="25.6393889">
        <ele>143.8</ele>
        <time>2026-07-18T08:09:18Z</time>
        <hdop>3.8</hdop>
        <extensions>
          <osmand:speed>9.8</osmand:speed>
        </extensions>
      </trkpt>
      <trkpt lat="54.9218532" lon="25.6394531">
        <ele>144.8</ele>
        <time>2026-07-18T08:09:24Z</time>
        <hdop>3.8</hdop>
        <extensions>
          <osmand:speed>10.9</osmand:speed>
        </extensions>
      </trkpt>
      <trkpt lat="54.9224839" lon="25.6395593">
        <ele>145.7</ele>
        <time>2026-07-18T08:09:30Z</time>
        <hdop>3.8</hdop>
        <extensions>
          <osmand:speed>11.3</osmand:speed>
        </extensions>
      </trkpt>
      <trkpt lat="54.923107" lon="25.6393092">
        <ele>144.8</ele>
        <time>2026-07-18T08:09:36Z</time>
        <hdop>3.8</hdop>
        <extensions>
          <osmand:speed>12.1</osmand:speed>
        </extensions>
      </trkpt>
      <trkpt lat="54.9237203" lon="25.6390408">
        <ele>144.2</ele>
        <time>2026-07-18T08:09:42Z</time>
        <hdop>3.8</hdop>
        <extensions>
          <osmand:speed>11.9</osmand:speed>
        </extensions>
      </trkpt>
      <trkpt lat="54.9243406" lon="25.6387882">
        <ele>145.1</ele>
        <time>2026-07-18T08:09:48Z</time>
        <hdop>3.8</hdop>
        <extensions>
          <osmand:speed>11.7</osmand:speed>
        </extensions>
      </trkpt>
      <trkpt lat="54.9249216" lon="25.6386224">
        <ele>143.7</ele>
        <time>2026-07-18T08:09:54Z</time>
        <hdop>3.8</hdop>
        <extensions>
          <osmand:speed>11.7</osmand:speed>
        </extensions>
      </trkpt>
      <trkpt lat="54.9255458" lon="25.6382888">
        <ele>142.2</ele>
        <time>2026-07-18T08:10:00Z</time>
        <hdop>3.8</hdop>
        <extensions>
          <osmand:speed>12.2</osmand:speed>
        </extensions>
      </trkpt>
      <trkpt lat="54.9261784" lon="25.6382269">
        <ele>143.9</ele>
        <time>2026-07-18T08:10:06Z</time>
        <hdop>3.8</hdop>
        <extensions>
          <osmand:speed>12.3</osmand:speed>
        </extensions>
      </trkpt>
      <trkpt lat="54.9268562" lon="25.6379926">
        <ele>147</ele>
        <time>2026-07-18T08:10:12Z</time>
        <hdop>3.8</hdop>
        <extensions>
          <osmand:speed>12.6</osmand:speed>
        </extensions>
      </trkpt>
      <trkpt lat="54.9275208" lon="25.6376452">
        <ele>148.5</ele>
        <time>2026-07-18T08:10:18Z</time>
        <hdop>3.8</hdop>
        <extensions>
          <osmand:speed>12.7</osmand:speed>
        </extensions>
      </trkpt>
      <trkpt lat="54.928147" lon="25.637069">
        <ele>146.9</ele>
        <time>2026-07-18T08:10:24Z</time>
        <hdop>3.8</hdop>
        <extensions>
          <osmand:speed>13.5</osmand:speed>
        </extensions>
      </trkpt>
      <trkpt lat="54.9287567" lon="25.6365555">
        <ele>147.5</ele>
        <time>2026-07-18T08:10:30Z</time>
        <hdop>3.8</hdop>
        <extensions>
          <osmand:speed>13.1</osmand:speed>
        </extensions>
      </trkpt>
      <trkpt lat="54.9294391" lon="25.6362079">
        <ele>145.8</ele>
        <time>2026-07-18T08:10:36Z</time>
        <hdop>3.8</hdop>
        <extensions>
          <osmand:speed>13.1</osmand:speed>
        </extensions>
      </trkpt>
      <trkpt lat="54.9300017" lon="25.6358259">
        <ele>148.9</ele>
        <time>2026-07-18T08:10:42Z</time>
        <hdop>3.8</hdop>
        <extensions>
          <osmand:speed>9.4</osmand:speed>
        </extensions>
      </trkpt>
      <trkpt lat="54.9298713" lon="25.6351131">
        <ele>151.2</ele>
        <time>2026-07-18T08:10:48Z</time>
        <hdop>3.8</hdop>
        <extensions>
          <osmand:speed>8.4</osmand:speed>
        </extensions>
      </trkpt>
      <trkpt lat="54.9295654" lon="25.6347995">
        <ele>154.2</ele>
        <time>2026-07-18T08:10:54Z</time>
        <hdop>3.8</hdop>
        <extensions>
          <osmand:speed>2.5</osmand:speed>
        </extensions>
      </trkpt>
      <trkpt lat="54.9295394" lon="25.6347282">
        <ele>158.9</ele>
        <time>2026-07-18T08:11:13Z</time>
        <hdop>3.8</hdop>
        <extensions>
          <osmand:speed>1.9</osmand:speed>
        </extensions>
      </trkpt>
      <trkpt lat="54.9296508" lon="25.6344836">
        <ele>157.5</ele>
        <time>2026-07-18T08:11:19Z</time>
        <hdop>3.8</hdop>
        <extensions>
          <osmand:speed>2.7</osmand:speed>
        </extensions>
      </trkpt>
      <trkpt lat="54.9297473" lon="25.6341538">
        <ele>159.4</ele>
        <time>2026-07-18T08:11:25Z</time>
        <hdop>3.8</hdop>
        <extensions>
          <osmand:speed>4.8</osmand:speed>
        </extensions>
      </trkpt>
      <trkpt lat="54.9298497" lon="25.6341437">
        <ele>160.8</ele>
        <time>2026-07-18T08:11:31Z</time>
        <hdop>3.8</hdop>
        <extensions>
          <osmand:speed>1</osmand:speed>
        </extensions>
      </trkpt>
      <trkpt lat="54.9299711" lon="25.6340735">
        <ele>157.7</ele>
        <time>2026-07-18T08:11:37Z</time>
        <hdop>4.2</hdop>
        <extensions>
          <osmand:speed>2.1</osmand:speed>
        </extensions>
      </trkpt>
      <trkpt lat="54.9300368" lon="25.6338289">
        <ele>157.8</ele>
        <time>2026-07-18T08:11:43Z</time>
        <hdop>4.2</hdop>
        <extensions>
          <osmand:speed>0.6</osmand:speed>
        </extensions>
      </trkpt>
      <trkpt lat="54.930051" lon="25.6339058">
        <ele>155.5</ele>
        <time>2026-07-18T08:13:02Z</time>
        <hdop>3.8</hdop>
      </trkpt>
      <trkpt lat="54.9300465" lon="25.6338094">
        <ele>158</ele>
        <time>2026-07-18T08:13:41Z</time>
        <hdop>3.8</hdop>
        <extensions>
          <osmand:speed>1.1</osmand:speed>
        </extensions>
      </trkpt>
      <trkpt lat="54.930085" lon="25.6338596">
        <ele>158.6</ele>
        <time>2026-07-18T08:14:30Z</time>
        <hdop>3.8</hdop>
        <extensions>
          <osmand:speed>0.6</osmand:speed>
        </extensions>
      </trkpt>
      <trkpt lat="54.930066" lon="25.6337683">
        <ele>166.4</ele>
        <time>2026-07-18T08:18:06Z</time>
        <hdop>4.4</hdop>
        <extensions>
          <osmand:speed>0.5</osmand:speed>
        </extensions>
      </trkpt>
      <trkpt lat="54.9300534" lon="25.633692">
        <ele>162.6</ele>
        <time>2026-07-18T08:21:41Z</time>
        <hdop>3.8</hdop>
        <extensions>
          <osmand:speed>2.4</osmand:speed>
        </extensions>
      </trkpt>
      <trkpt lat="54.9299962" lon="25.6333421">
        <ele>163.5</ele>
        <time>2026-07-18T08:21:47Z</time>
        <hdop>3.8</hdop>
        <extensions>
          <osmand:speed>4</osmand:speed>
        </extensions>
      </trkpt>
      <trkpt lat="54.9298715" lon="25.6328202">
        <ele>166.4</ele>
        <time>2026-07-18T08:21:53Z</time>
        <hdop>3.8</hdop>
        <extensions>
          <osmand:speed>7.1</osmand:speed>
        </extensions>
      </trkpt>
      <trkpt lat="54.9297594" lon="25.6323341">
        <ele>165.4</ele>
        <time>2026-07-18T08:21:59Z</time>
        <hdop>3.8</hdop>
        <extensions>
          <osmand:speed>5.4</osmand:speed>
        </extensions>
      </trkpt>
      <trkpt lat="54.9297598" lon="25.6321515">
        <ele>164.5</ele>
        <time>2026-07-18T08:22:05Z</time>
        <hdop>3.8</hdop>
      </trkpt>
      <trkpt lat="54.9297849" lon="25.6320509">
        <ele>165.2</ele>
        <time>2026-07-18T08:22:14Z</time>
        <hdop>3.8</hdop>
        <extensions>
          <osmand:speed>4.6</osmand:speed>
        </extensions>
      </trkpt>
      <trkpt lat="54.9299588" lon="25.6316076">
        <ele>165.6</ele>
        <time>2026-07-18T08:22:20Z</time>
        <hdop>3.8</hdop>
        <extensions>
          <osmand:speed>6.3</osmand:speed>
        </extensions>
      </trkpt>
      <trkpt lat="54.9301916" lon="25.6311569">
        <ele>165.4</ele>
        <time>2026-07-18T08:22:26Z</time>
        <hdop>3.8</hdop>
        <extensions>
          <osmand:speed>6.4</osmand:speed>
        </extensions>
      </trkpt>
      <trkpt lat="54.9304198" lon="25.6307522">
        <ele>164.6</ele>
        <time>2026-07-18T08:22:32Z</time>
        <hdop>3.8</hdop>
        <extensions>
          <osmand:speed>6</osmand:speed>
        </extensions>
      </trkpt>
      <trkpt lat="54.9306589" lon="25.6303067">
        <ele>165.2</ele>
        <time>2026-07-18T08:22:38Z</time>
        <hdop>3.8</hdop>
        <extensions>
          <osmand:speed>6.5</osmand:speed>
        </extensions>
      </trkpt>
      <trkpt lat="54.930665" lon="25.6295646">
        <ele>167.7</ele>
        <time>2026-07-18T08:22:44Z</time>
        <hdop>3.8</hdop>
        <extensions>
          <osmand:speed>8.4</osmand:speed>
        </extensions>
      </trkpt>
      <trkpt lat="54.9306881" lon="25.6288801">
        <ele>170.2</ele>
        <time>2026-07-18T08:22:50Z</time>
        <hdop>3.8</hdop>
        <extensions>
          <osmand:speed>8.4</osmand:speed>
        </extensions>
      </trkpt>
      <trkpt lat="54.930709" lon="25.6281893">
        <ele>168.5</ele>
        <time>2026-07-18T08:22:56Z</time>
        <hdop>3.8</hdop>
        <extensions>
          <osmand:speed>6.2</osmand:speed>
        </extensions>
      </trkpt>
      <trkpt lat="54.9307537" lon="25.6274404">
        <ele>170.5</ele>
        <time>2026-07-18T08:23:02Z</time>
        <hdop>3.8</hdop>
        <extensions>
          <osmand:speed>9.3</osmand:speed>
        </extensions>
      </trkpt>
      <trkpt lat="54.9307705" lon="25.6267062">
        <ele>171.3</ele>
        <time>2026-07-18T08:23:08Z</time>
        <hdop>3.8</hdop>
        <extensions>
          <osmand:speed>7</osmand:speed>
        </extensions>
      </trkpt>
      <trkpt lat="54.9307839" lon="25.6259695">
        <ele>172.3</ele>
        <time>2026-07-18T08:23:14Z</time>
        <hdop>3.8</hdop>
        <extensions>
          <osmand:speed>8.1</osmand:speed>
        </extensions>
      </trkpt>
      <trkpt lat="54.9308139" lon="25.6251985">
        <ele>172.8</ele>
        <time>2026-07-18T08:23:20Z</time>
        <hdop>3.8</hdop>
        <extensions>
          <osmand:speed>8.6</osmand:speed>
        </extensions>
      </trkpt>
      <trkpt lat="54.9308355" lon="25.6243912">
        <ele>172.4</ele>
        <time>2026-07-18T08:23:26Z</time>
        <hdop>3.8</hdop>
        <extensions>
          <osmand:speed>7.1</osmand:speed>
        </extensions>
      </trkpt>
      <trkpt lat="54.9308505" lon="25.6239537">
        <ele>171.9</ele>
        <time>2026-07-18T08:23:32Z</time>
        <hdop>3.8</hdop>
        <extensions>
          <osmand:speed>2.9</osmand:speed>
        </extensions>
      </trkpt>
      <trkpt lat="54.9309851" lon="25.6239331">
        <ele>172.5</ele>
        <time>2026-07-18T08:23:38Z</time>
        <hdop>3.8</hdop>
        <extensions>
          <osmand:speed>2.7</osmand:speed>
        </extensions>
      </trkpt>
      <trkpt lat="54.9314636" lon="25.623958">
        <ele>173.5</ele>
        <time>2026-07-18T08:23:44Z</time>
        <hdop>3.8</hdop>
        <extensions>
          <osmand:speed>8.1</osmand:speed>
        </extensions>
      </trkpt>
      <trkpt lat="54.9319166" lon="25.6239968">
        <ele>174.3</ele>
        <time>2026-07-18T08:23:50Z</time>
        <hdop>3.8</hdop>
        <extensions>
          <osmand:speed>8.9</osmand:speed>
        </extensions>
      </trkpt>
      <trkpt lat="54.9324548" lon="25.6240088">
        <ele>168.3</ele>
        <time>2026-07-18T08:23:56Z</time>
        <hdop>3.8</hdop>
        <extensions>
          <osmand:speed>10.7</osmand:speed>
        </extensions>
      </trkpt>
      <trkpt lat="54.9329205" lon="25.6240624">
        <ele>165.2</ele>
        <time>2026-07-18T08:24:02Z</time>
        <hdop>3.8</hdop>
        <extensions>
          <osmand:speed>9.3</osmand:speed>
        </extensions>
      </trkpt>
      <trkpt lat="54.9334157" lon="25.6241063">
        <ele>162.2</ele>
        <time>2026-07-18T08:24:08Z</time>
        <hdop>3.8</hdop>
        <extensions>
          <osmand:speed>7.6</osmand:speed>
        </extensions>
      </trkpt>
      <trkpt lat="54.9338401" lon="25.6240524">
        <ele>158.4</ele>
        <time>2026-07-18T08:24:14Z</time>
        <hdop>3.8</hdop>
        <extensions>
          <osmand:speed>5.3</osmand:speed>
        </extensions>
      </trkpt>
      <trkpt lat="54.9341183" lon="25.6241047">
        <ele>157.3</ele>
        <time>2026-07-18T08:24:20Z</time>
        <hdop>3.8</hdop>
        <extensions>
          <osmand:speed>5.2</osmand:speed>
        </extensions>
      </trkpt>
      <trkpt lat="54.9346121" lon="25.6241643">
        <ele>156.7</ele>
        <time>2026-07-18T08:24:26Z</time>
        <hdop>3.8</hdop>
        <extensions>
          <osmand:speed>10.8</osmand:speed>
        </extensions>
      </trkpt>
      <trkpt lat="54.9351512" lon="25.624236">
        <ele>169</ele>
        <time>2026-07-18T08:24:32Z</time>
        <hdop>3.8</hdop>
        <extensions>
          <osmand:speed>9.6</osmand:speed>
        </extensions>
      </trkpt>
      <trkpt lat="54.9356486" lon="25.6242883">
        <ele>170.8</ele>
        <time>2026-07-18T08:24:38Z</time>
        <hdop>3.8</hdop>
        <extensions>
          <osmand:speed>8.1</osmand:speed>
        </extensions>
      </trkpt>
      <trkpt lat="54.9358898" lon="25.6242952">
        <ele>170.3</ele>
        <time>2026-07-18T08:24:44Z</time>
        <hdop>3.8</hdop>
        <extensions>
          <osmand:speed>0.6</osmand:speed>
        </extensions>
      </trkpt>
      <trkpt lat="54.9359292" lon="25.624243">
        <ele>170.1</ele>
        <time>2026-07-18T08:24:53Z</time>
        <hdop>3.8</hdop>
        <extensions>
          <osmand:speed>2.7</osmand:speed>
        </extensions>
      </trkpt>
      <trkpt lat="54.9361531" lon="25.6238782">
        <ele>168.9</ele>
        <time>2026-07-18T08:24:59Z</time>
        <hdop>3.8</hdop>
        <extensions>
          <osmand:speed>6.6</osmand:speed>
        </extensions>
      </trkpt>
      <trkpt lat="54.9365093" lon="25.6236875">
        <ele>166.7</ele>
        <time>2026-07-18T08:25:05Z</time>
        <hdop>3.8</hdop>
        <extensions>
          <osmand:speed>5.8</osmand:speed>
        </extensions>
      </trkpt>
      <trkpt lat="54.936809" lon="25.6233105">
        <ele>166.6</ele>
        <time>2026-07-18T08:25:11Z</time>
        <hdop>3.8</hdop>
        <extensions>
          <osmand:speed>6.1</osmand:speed>
        </extensions>
      </trkpt>
      <trkpt lat="54.9370211" lon="25.6228048">
        <ele>165.6</ele>
        <time>2026-07-18T08:25:17Z</time>
        <hdop>3.8</hdop>
        <extensions>
          <osmand:speed>7.5</osmand:speed>
        </extensions>
      </trkpt>
      <trkpt lat="54.9373089" lon="25.6222961">
        <ele>164.4</ele>
        <time>2026-07-18T08:25:23Z</time>
        <hdop>3.8</hdop>
        <extensions>
          <osmand:speed>7.6</osmand:speed>
        </extensions>
      </trkpt>
      <trkpt lat="54.9375798" lon="25.6216132">
        <ele>165.9</ele>
        <time>2026-07-18T08:25:29Z</time>
        <hdop>3.8</hdop>
        <extensions>
          <osmand:speed>8.1</osmand:speed>
        </extensions>
      </trkpt>
      <trkpt lat="54.9377665" lon="25.6210543">
        <ele>166.4</ele>
        <time>2026-07-18T08:25:35Z</time>
        <hdop>3.8</hdop>
        <extensions>
          <osmand:speed>7.9</osmand:speed>
        </extensions>
      </trkpt>
      <trkpt lat="54.937984" lon="25.6205212">
        <ele>167.7</ele>
        <time>2026-07-18T08:25:41Z</time>
        <hdop>3.8</hdop>
        <extensions>
          <osmand:speed>6.8</osmand:speed>
        </extensions>
      </trkpt>
      <trkpt lat="54.9382435" lon="25.6199804">
        <ele>167.1</ele>
        <time>2026-07-18T08:25:47Z</time>
        <hdop>3.8</hdop>
        <extensions>
          <osmand:speed>7</osmand:speed>
        </extensions>
      </trkpt>
      <trkpt lat="54.9383863" lon="25.619409">
        <ele>165.8</ele>
        <time>2026-07-18T08:25:53Z</time>
        <hdop>3.8</hdop>
        <extensions>
          <osmand:speed>5.9</osmand:speed>
        </extensions>
      </trkpt>
      <trkpt lat="54.9386284" lon="25.6194301">
        <ele>163</ele>
        <time>2026-07-18T08:25:59Z</time>
        <hdop>3.8</hdop>
        <extensions>
          <osmand:speed>5.9</osmand:speed>
        </extensions>
      </trkpt>
      <trkpt lat="54.9388512" lon="25.6199877">
        <ele>163.5</ele>
        <time>2026-07-18T08:26:05Z</time>
        <hdop>3.8</hdop>
        <extensions>
          <osmand:speed>6.5</osmand:speed>
        </extensions>
      </trkpt>
      <trkpt lat="54.9391596" lon="25.6203359">
        <ele>164.7</ele>
        <time>2026-07-18T08:26:11Z</time>
        <hdop>3.8</hdop>
        <extensions>
          <osmand:speed>7.5</osmand:speed>
        </extensions>
      </trkpt>
      <trkpt lat="54.9394742" lon="25.6206947">
        <ele>161.2</ele>
        <time>2026-07-18T08:26:17Z</time>
        <hdop>3.8</hdop>
        <extensions>
          <osmand:speed>9</osmand:speed>
        </extensions>
      </trkpt>
      <trkpt lat="54.9398382" lon="25.620755">
        <ele>157.4</ele>
        <time>2026-07-18T08:26:23Z</time>
        <hdop>3.8</hdop>
        <extensions>
          <osmand:speed>6.3</osmand:speed>
        </extensions>
      </trkpt>
      <trkpt lat="54.939864" lon="25.6202088">
        <ele>157.7</ele>
        <time>2026-07-18T08:26:29Z</time>
        <hdop>3.8</hdop>
        <extensions>
          <osmand:speed>8.9</osmand:speed>
        </extensions>
      </trkpt>
      <trkpt lat="54.9399086" lon="25.61927">
        <ele>157.9</ele>
        <time>2026-07-18T08:26:35Z</time>
        <hdop>3.8</hdop>
        <extensions>
          <osmand:speed>10.4</osmand:speed>
        </extensions>
      </trkpt>
      <trkpt lat="54.9398517" lon="25.6183616">
        <ele>158.8</ele>
        <time>2026-07-18T08:26:41Z</time>
        <hdop>3.8</hdop>
        <extensions>
          <osmand:speed>9.9</osmand:speed>
        </extensions>
      </trkpt>
      <trkpt lat="54.9397098" lon="25.6174799">
        <ele>156.9</ele>
        <time>2026-07-18T08:26:47Z</time>
        <hdop>3.8</hdop>
        <extensions>
          <osmand:speed>9.4</osmand:speed>
        </extensions>
      </trkpt>
      <trkpt lat="54.9396706" lon="25.6166111">
        <ele>156.6</ele>
        <time>2026-07-18T08:26:53Z</time>
        <hdop>3.8</hdop>
        <extensions>
          <osmand:speed>7.6</osmand:speed>
        </extensions>
      </trkpt>
      <trkpt lat="54.9397286" lon="25.616235">
        <ele>153.6</ele>
        <time>2026-07-18T08:26:59Z</time>
        <hdop>3.8</hdop>
        <extensions>
          <osmand:speed>3.1</osmand:speed>
        </extensions>
      </trkpt>
      <trkpt lat="54.9397214" lon="25.6159441">
        <ele>155.1</ele>
        <time>2026-07-18T08:27:05Z</time>
        <hdop>3.8</hdop>
        <extensions>
          <osmand:speed>4.2</osmand:speed>
        </extensions>
      </trkpt>
      <trkpt lat="54.9397046" lon="25.6154816">
        <ele>155.9</ele>
        <time>2026-07-18T08:27:11Z</time>
        <hdop>3.8</hdop>
        <extensions>
          <osmand:speed>3.7</osmand:speed>
        </extensions>
      </trkpt>
      <trkpt lat="54.9397159" lon="25.6153671">
        <ele>156.9</ele>
        <time>2026-07-18T08:27:17Z</time>
        <hdop>3.8</hdop>
      </trkpt>
      <trkpt lat="54.9397373" lon="25.6152064">
        <ele>157.9</ele>
        <time>2026-07-18T08:27:23Z</time>
        <hdop>3.8</hdop>
        <extensions>
          <osmand:speed>5.2</osmand:speed>
        </extensions>
      </trkpt>
      <trkpt lat="54.9397886" lon="25.6147468">
        <ele>157.4</ele>
        <time>2026-07-18T08:27:29Z</time>
        <hdop>3.8</hdop>
        <extensions>
          <osmand:speed>5.6</osmand:speed>
        </extensions>
      </trkpt>
      <trkpt lat="54.9400427" lon="25.6144397">
        <ele>156</ele>
        <time>2026-07-18T08:27:35Z</time>
        <hdop>3.8</hdop>
        <extensions>
          <osmand:speed>7</osmand:speed>
        </extensions>
      </trkpt>
      <trkpt lat="54.9403889" lon="25.6146064">
        <ele>156</ele>
        <time>2026-07-18T08:27:41Z</time>
        <hdop>3.8</hdop>
        <extensions>
          <osmand:speed>7.6</osmand:speed>
        </extensions>
      </trkpt>
      <trkpt lat="54.940775" lon="25.614903">
        <ele>157.2</ele>
        <time>2026-07-18T08:27:47Z</time>
        <hdop>3.8</hdop>
        <extensions>
          <osmand:speed>8.6</osmand:speed>
        </extensions>
      </trkpt>
      <trkpt lat="54.9412406" lon="25.6152139">
        <ele>157.2</ele>
        <time>2026-07-18T08:27:53Z</time>
        <hdop>3.8</hdop>
        <extensions>
          <osmand:speed>9.4</osmand:speed>
        </extensions>
      </trkpt>
      <trkpt lat="54.941608" lon="25.6154012">
        <ele>158.4</ele>
        <time>2026-07-18T08:27:59Z</time>
        <hdop>3.8</hdop>
        <extensions>
          <osmand:speed>8.7</osmand:speed>
        </extensions>
      </trkpt>
      <trkpt lat="54.9419828" lon="25.6156342">
        <ele>158.4</ele>
        <time>2026-07-18T08:28:05Z</time>
        <hdop>3.8</hdop>
        <extensions>
          <osmand:speed>5.3</osmand:speed>
        </extensions>
      </trkpt>
      <trkpt lat="54.9422511" lon="25.61602">
        <ele>158.7</ele>
        <time>2026-07-18T08:28:11Z</time>
        <hdop>3.8</hdop>
        <extensions>
          <osmand:speed>7.3</osmand:speed>
        </extensions>
      </trkpt>
      <trkpt lat="54.9424427" lon="25.6165409">
        <ele>158.4</ele>
        <time>2026-07-18T08:28:17Z</time>
        <hdop>3.8</hdop>
        <extensions>
          <osmand:speed>6.8</osmand:speed>
        </extensions>
      </trkpt>
      <trkpt lat="54.9426323" lon="25.6171062">
        <ele>158.4</ele>
        <time>2026-07-18T08:28:23Z</time>
        <hdop>3.8</hdop>
        <extensions>
          <osmand:speed>6.7</osmand:speed>
        </extensions>
      </trkpt>
      <trkpt lat="54.9428798" lon="25.6175886">
        <ele>159.1</ele>
        <time>2026-07-18T08:28:29Z</time>
        <hdop>3.8</hdop>
        <extensions>
          <osmand:speed>7</osmand:speed>
        </extensions>
      </trkpt>
      <trkpt lat="54.9431503" lon="25.6180165">
        <ele>159.2</ele>
        <time>2026-07-18T08:28:35Z</time>
        <hdop>3.8</hdop>
        <extensions>
          <osmand:speed>8.1</osmand:speed>
        </extensions>
      </trkpt>
      <trkpt lat="54.9435165" lon="25.6182659">
        <ele>159.6</ele>
        <time>2026-07-18T08:28:41Z</time>
        <hdop>3.8</hdop>
        <extensions>
          <osmand:speed>8.7</osmand:speed>
        </extensions>
      </trkpt>
      <trkpt lat="54.9438162" lon="25.6184167">
        <ele>160.4</ele>
        <time>2026-07-18T08:28:47Z</time>
        <hdop>3.8</hdop>
        <extensions>
          <osmand:speed>6.3</osmand:speed>
        </extensions>
      </trkpt>
      <trkpt lat="54.9442622" lon="25.6185438">
        <ele>160.4</ele>
        <time>2026-07-18T08:28:53Z</time>
        <hdop>3.8</hdop>
        <extensions>
          <osmand:speed>8.4</osmand:speed>
        </extensions>
      </trkpt>
      <trkpt lat="54.9445907" lon="25.6186263">
        <ele>161</ele>
        <time>2026-07-18T08:28:59Z</time>
        <hdop>3.8</hdop>
        <extensions>
          <osmand:speed>7.5</osmand:speed>
        </extensions>
      </trkpt>
      <trkpt lat="54.9449467" lon="25.6188389">
        <ele>158</ele>
        <time>2026-07-18T08:29:05Z</time>
        <hdop>3.8</hdop>
        <extensions>
          <osmand:speed>5.9</osmand:speed>
        </extensions>
      </trkpt>
      <trkpt lat="54.9453626" lon="25.6189679">
        <ele>157.8</ele>
        <time>2026-07-18T08:29:11Z</time>
        <hdop>3.8</hdop>
        <extensions>
          <osmand:speed>8.2</osmand:speed>
        </extensions>
      </trkpt>
      <trkpt lat="54.9457161" lon="25.6193571">
        <ele>156.2</ele>
        <time>2026-07-18T08:29:17Z</time>
        <hdop>3.8</hdop>
        <extensions>
          <osmand:speed>7.1</osmand:speed>
        </extensions>
      </trkpt>
      <trkpt lat="54.9460712" lon="25.6199711">
        <ele>156.1</ele>
        <time>2026-07-18T08:29:23Z</time>
        <hdop>3.8</hdop>
        <extensions>
          <osmand:speed>9.4</osmand:speed>
        </extensions>
      </trkpt>
      <trkpt lat="54.9462436" lon="25.6205646">
        <ele>156.9</ele>
        <time>2026-07-18T08:29:29Z</time>
        <hdop>3.8</hdop>
        <extensions>
          <osmand:speed>6.7</osmand:speed>
        </extensions>
      </trkpt>
      <trkpt lat="54.9462563" lon="25.6211992">
        <ele>156.2</ele>
        <time>2026-07-18T08:29:35Z</time>
        <hdop>3.8</hdop>
        <extensions>
          <osmand:speed>6.8</osmand:speed>
        </extensions>
      </trkpt>
      <trkpt lat="54.9464653" lon="25.6218068">
        <ele>158</ele>
        <time>2026-07-18T08:29:41Z</time>
        <hdop>3.8</hdop>
        <extensions>
          <osmand:speed>6.4</osmand:speed>
        </extensions>
      </trkpt>
      <trkpt lat="54.9465115" lon="25.6224694">
        <ele>159.5</ele>
        <time>2026-07-18T08:29:47Z</time>
        <hdop>3.8</hdop>
        <extensions>
          <osmand:speed>8.1</osmand:speed>
        </extensions>
      </trkpt>
      <trkpt lat="54.946339" lon="25.6231832">
        <ele>162.1</ele>
        <time>2026-07-18T08:29:53Z</time>
        <hdop>3.8</hdop>
        <extensions>
          <osmand:speed>7.9</osmand:speed>
        </extensions>
      </trkpt>
      <trkpt lat="54.9462063" lon="25.6238873">
        <ele>162.2</ele>
        <time>2026-07-18T08:29:59Z</time>
        <hdop>3.8</hdop>
        <extensions>
          <osmand:speed>9.8</osmand:speed>
        </extensions>
      </trkpt>
      <trkpt lat="54.9460638" lon="25.6246076">
        <ele>160.1</ele>
        <time>2026-07-18T08:30:05Z</time>
        <hdop>3.8</hdop>
        <extensions>
          <osmand:speed>8.1</osmand:speed>
        </extensions>
      </trkpt>
      <trkpt lat="54.9460799" lon="25.6252865">
        <ele>160.4</ele>
        <time>2026-07-18T08:30:11Z</time>
        <hdop>3.8</hdop>
        <extensions>
          <osmand:speed>6.9</osmand:speed>
        </extensions>
      </trkpt>
      <trkpt lat="54.9461284" lon="25.626124">
        <ele>160.1</ele>
        <time>2026-07-18T08:30:17Z</time>
        <hdop>3.8</hdop>
        <extensions>
          <osmand:speed>9.4</osmand:speed>
        </extensions>
      </trkpt>
      <trkpt lat="54.946434" lon="25.6268714">
        <ele>160.1</ele>
        <time>2026-07-18T08:30:23Z</time>
        <hdop>3.8</hdop>
        <extensions>
          <osmand:speed>9.1</osmand:speed>
        </extensions>
      </trkpt>
      <trkpt lat="54.9465156" lon="25.6274007">
        <ele>159.4</ele>
        <time>2026-07-18T08:30:29Z</time>
        <hdop>3.8</hdop>
        <extensions>
          <osmand:speed>4.3</osmand:speed>
        </extensions>
      </trkpt>
      <trkpt lat="54.9464074" lon="25.6279109">
        <ele>160.7</ele>
        <time>2026-07-18T08:30:35Z</time>
        <hdop>3.8</hdop>
        <extensions>
          <osmand:speed>6.5</osmand:speed>
        </extensions>
      </trkpt>
      <trkpt lat="54.9463757" lon="25.6286322">
        <ele>155.9</ele>
        <time>2026-07-18T08:30:41Z</time>
        <hdop>3.8</hdop>
        <extensions>
          <osmand:speed>8.4</osmand:speed>
        </extensions>
      </trkpt>
      <trkpt lat="54.9464307" lon="25.6293325">
        <ele>154.9</ele>
        <time>2026-07-18T08:30:47Z</time>
        <hdop>3.8</hdop>
        <extensions>
          <osmand:speed>5.7</osmand:speed>
        </extensions>
      </trkpt>
      <trkpt lat="54.9466726" lon="25.6298824">
        <ele>159.2</ele>
        <time>2026-07-18T08:30:53Z</time>
        <hdop>3.8</hdop>
        <extensions>
          <osmand:speed>8.2</osmand:speed>
        </extensions>
      </trkpt>
      <trkpt lat="54.9468555" lon="25.6304791">
        <ele>159.2</ele>
        <time>2026-07-18T08:30:59Z</time>
        <hdop>3.8</hdop>
        <extensions>
          <osmand:speed>8.6</osmand:speed>
        </extensions>
      </trkpt>
      <trkpt lat="54.9469588" lon="25.6311868">
        <ele>158</ele>
        <time>2026-07-18T08:31:05Z</time>
        <hdop>4.1</hdop>
        <extensions>
          <osmand:speed>6.6</osmand:speed>
        </extensions>
      </trkpt>
      <trkpt lat="54.9469631" lon="25.6318373">
        <ele>160.6</ele>
        <time>2026-07-18T08:31:11Z</time>
        <hdop>3.8</hdop>
        <extensions>
          <osmand:speed>6.9</osmand:speed>
        </extensions>
      </trkpt>
      <trkpt lat="54.9468336" lon="25.6325516">
        <ele>158.2</ele>
        <time>2026-07-18T08:31:17Z</time>
        <hdop>3.8</hdop>
        <extensions>
          <osmand:speed>9.6</osmand:speed>
        </extensions>
      </trkpt>
      <trkpt lat="54.9467402" lon="25.6334612">
        <ele>157.8</ele>
        <time>2026-07-18T08:31:23Z</time>
        <hdop>3.8</hdop>
        <extensions>
          <osmand:speed>9.6</osmand:speed>
        </extensions>
      </trkpt>
      <trkpt lat="54.9466278" lon="25.63418">
        <ele>158.2</ele>
        <time>2026-07-18T08:31:29Z</time>
        <hdop>3.8</hdop>
        <extensions>
          <osmand:speed>4.4</osmand:speed>
        </extensions>
      </trkpt>
      <trkpt lat="54.9464937" lon="25.6347219">
        <ele>160.8</ele>
        <time>2026-07-18T08:31:35Z</time>
        <hdop>3.8</hdop>
        <extensions>
          <osmand:speed>4.7</osmand:speed>
        </extensions>
      </trkpt>
      <trkpt lat="54.9462468" lon="25.6354273">
        <ele>162.9</ele>
        <time>2026-07-18T08:31:41Z</time>
        <hdop>3.8</hdop>
        <extensions>
          <osmand:speed>8.4</osmand:speed>
        </extensions>
      </trkpt>
      <trkpt lat="54.9460951" lon="25.6362251">
        <ele>161.3</ele>
        <time>2026-07-18T08:31:47Z</time>
        <hdop>3.8</hdop>
        <extensions>
          <osmand:speed>10.1</osmand:speed>
        </extensions>
      </trkpt>
      <trkpt lat="54.9459778" lon="25.6372186">
        <ele>159</ele>
        <time>2026-07-18T08:31:53Z</time>
        <hdop>3.8</hdop>
        <extensions>
          <osmand:speed>11</osmand:speed>
        </extensions>
      </trkpt>
      <trkpt lat="54.9457714" lon="25.6380326">
        <ele>158.5</ele>
        <time>2026-07-18T08:31:59Z</time>
        <hdop>3.8</hdop>
        <extensions>
          <osmand:speed>10.6</osmand:speed>
        </extensions>
      </trkpt>
      <trkpt lat="54.9455876" lon="25.6390495">
        <ele>154.9</ele>
        <time>2026-07-18T08:32:05Z</time>
        <hdop>3.8</hdop>
        <extensions>
          <osmand:speed>11.1</osmand:speed>
        </extensions>
      </trkpt>
      <trkpt lat="54.9453758" lon="25.6398522">
        <ele>154.4</ele>
        <time>2026-07-18T08:32:11Z</time>
        <hdop>3.8</hdop>
        <extensions>
          <osmand:speed>10.5</osmand:speed>
        </extensions>
      </trkpt>
      <trkpt lat="54.9451581" lon="25.6407987">
        <ele>154.2</ele>
        <time>2026-07-18T08:32:17Z</time>
        <hdop>3.8</hdop>
        <extensions>
          <osmand:speed>11.2</osmand:speed>
        </extensions>
      </trkpt>
      <trkpt lat="54.9450179" lon="25.6417601">
        <ele>153.1</ele>
        <time>2026-07-18T08:32:23Z</time>
        <hdop>3.8</hdop>
        <extensions>
          <osmand:speed>8.4</osmand:speed>
        </extensions>
      </trkpt>
      <trkpt lat="54.9451573" lon="25.6420034">
        <ele>151.2</ele>
        <time>2026-07-18T08:32:29Z</time>
        <hdop>3.8</hdop>
        <extensions>
          <osmand:speed>2.1</osmand:speed>
        </extensions>
      </trkpt>
      <trkpt lat="54.9452184" lon="25.6419994">
        <ele>152.3</ele>
        <time>2026-07-18T08:32:50Z</time>
        <hdop>3.8</hdop>
        <extensions>
          <osmand:speed>2.1</osmand:speed>
        </extensions>
      </trkpt>
      <trkpt lat="54.9457257" lon="25.641654">
        <ele>148.9</ele>
        <time>2026-07-18T08:32:56Z</time>
        <hdop>3.8</hdop>
        <extensions>
          <osmand:speed>12.1</osmand:speed>
        </extensions>
      </trkpt>
      <trkpt lat="54.9464094" lon="25.6413069">
        <ele>148.6</ele>
        <time>2026-07-18T08:33:02Z</time>
        <hdop>3.8</hdop>
        <extensions>
          <osmand:speed>13.9</osmand:speed>
        </extensions>
      </trkpt>
      <trkpt lat="54.9471371" lon="25.6412831">
        <ele>148</ele>
        <time>2026-07-18T08:33:08Z</time>
        <hdop>3.8</hdop>
        <extensions>
          <osmand:speed>13.9</osmand:speed>
        </extensions>
      </trkpt>
      <trkpt lat="54.947706" lon="25.641479">
        <ele>153.2</ele>
        <time>2026-07-18T08:33:14Z</time>
        <hdop>3.8</hdop>
        <extensions>
          <osmand:speed>5.3</osmand:speed>
        </extensions>
      </trkpt>
      <trkpt lat="54.9480299" lon="25.6415979">
        <ele>151.9</ele>
        <time>2026-07-18T08:33:20Z</time>
        <hdop>3.9</hdop>
        <extensions>
          <osmand:speed>7.5</osmand:speed>
        </extensions>
      </trkpt>
      <trkpt lat="54.9486587" lon="25.6413378">
        <ele>155</ele>
        <time>2026-07-18T08:33:26Z</time>
        <hdop>3.8</hdop>
        <extensions>
          <osmand:speed>13.2</osmand:speed>
        </extensions>
      </trkpt>
      <trkpt lat="54.9493833" lon="25.6408665">
        <ele>154.6</ele>
        <time>2026-07-18T08:33:32Z</time>
        <hdop>4.6</hdop>
        <extensions>
          <osmand:speed>14.6</osmand:speed>
        </extensions>
      </trkpt>
      <trkpt lat="54.9500361" lon="25.6405311">
        <ele>154</ele>
        <time>2026-07-18T08:33:38Z</time>
        <hdop>3.8</hdop>
        <extensions>
          <osmand:speed>12.4</osmand:speed>
        </extensions>
      </trkpt>
      <trkpt lat="54.9507343" lon="25.6400441">
        <ele>156.2</ele>
        <time>2026-07-18T08:33:44Z</time>
        <hdop>3.8</hdop>
        <extensions>
          <osmand:speed>13.1</osmand:speed>
        </extensions>
      </trkpt>
      <trkpt lat="54.9514506" lon="25.6398858">
        <ele>155.3</ele>
        <time>2026-07-18T08:33:50Z</time>
        <hdop>3.8</hdop>
        <extensions>
          <osmand:speed>14.5</osmand:speed>
        </extensions>
      </trkpt>
      <trkpt lat="54.9521756" lon="25.6398381">
        <ele>158.4</ele>
        <time>2026-07-18T08:33:56Z</time>
        <hdop>4.2</hdop>
        <extensions>
          <osmand:speed>12.6</osmand:speed>
        </extensions>
      </trkpt>
      <trkpt lat="54.9529176" lon="25.639871">
        <ele>164.4</ele>
        <time>2026-07-18T08:34:02Z</time>
        <hdop>4.4</hdop>
        <extensions>
          <osmand:speed>12.4</osmand:speed>
        </extensions>
      </trkpt>
      <trkpt lat="54.9537662" lon="25.6398799">
        <ele>163.5</ele>
        <time>2026-07-18T08:34:09Z</time>
        <hdop>4.7</hdop>
        <extensions>
          <osmand:speed>11.2</osmand:speed>
        </extensions>
      </trkpt>
      <trkpt lat="54.9542296" lon="25.6396198">
        <ele>163.1</ele>
        <time>2026-07-18T08:34:15Z</time>
        <hdop>3.8</hdop>
        <extensions>
          <osmand:speed>0.6</osmand:speed>
        </extensions>
      </trkpt>
      <trkpt lat="54.9542726" lon="25.6395942">
        <ele>160.9</ele>
        <time>2026-07-18T08:34:38Z</time>
        <hdop>3.8</hdop>
        <extensions>
          <osmand:speed>0.4</osmand:speed>
        </extensions>
      </trkpt>
      <trkpt lat="54.9544398" lon="25.6396227">
        <ele>161.8</ele>
        <time>2026-07-18T08:34:44Z</time>
        <hdop>3.8</hdop>
        <extensions>
          <osmand:speed>3.8</osmand:speed>
        </extensions>
      </trkpt>
      <trkpt lat="54.9546742" lon="25.6396811">
        <ele>162.6</ele>
        <time>2026-07-18T08:34:50Z</time>
        <hdop>3.8</hdop>
        <extensions>
          <osmand:speed>4.8</osmand:speed>
        </extensions>
      </trkpt>
      <trkpt lat="54.9549758" lon="25.6397111">
        <ele>166.9</ele>
        <time>2026-07-18T08:34:56Z</time>
        <hdop>3.8</hdop>
        <extensions>
          <osmand:speed>9.1</osmand:speed>
        </extensions>
      </trkpt>
      <trkpt lat="54.955493" lon="25.639775">
        <ele>167.7</ele>
        <time>2026-07-18T08:35:02Z</time>
        <hdop>3.8</hdop>
        <extensions>
          <osmand:speed>10.1</osmand:speed>
        </extensions>
      </trkpt>
      <trkpt lat="54.9560439" lon="25.6397235">
        <ele>166.5</ele>
        <time>2026-07-18T08:35:08Z</time>
        <hdop>3.8</hdop>
        <extensions>
          <osmand:speed>11.3</osmand:speed>
        </extensions>
      </trkpt>
      <trkpt lat="54.9566909" lon="25.6397798">
        <ele>167.6</ele>
        <time>2026-07-18T08:35:14Z</time>
        <hdop>3.8</hdop>
        <extensions>
          <osmand:speed>12.1</osmand:speed>
        </extensions>
      </trkpt>
      <trkpt lat="54.957357" lon="25.6396502">
        <ele>170.5</ele>
        <time>2026-07-18T08:35:20Z</time>
        <hdop>3.8</hdop>
        <extensions>
          <osmand:speed>12.8</osmand:speed>
        </extensions>
      </trkpt>
      <trkpt lat="54.9580073" lon="25.6396213">
        <ele>173.2</ele>
        <time>2026-07-18T08:35:26Z</time>
        <hdop>3.8</hdop>
        <extensions>
          <osmand:speed>10.1</osmand:speed>
        </extensions>
      </trkpt>
      <trkpt lat="54.9585755" lon="25.639583">
        <ele>177.8</ele>
        <time>2026-07-18T08:35:32Z</time>
        <hdop>3.8</hdop>
        <extensions>
          <osmand:speed>9.6</osmand:speed>
        </extensions>
      </trkpt>
      <trkpt lat="54.9592565" lon="25.6398349">
        <ele>176.7</ele>
        <time>2026-07-18T08:35:39Z</time>
        <hdop>3.9</hdop>
        <extensions>
          <osmand:speed>11.9</osmand:speed>
        </extensions>
      </trkpt>
      <trkpt lat="54.9598925" lon="25.6401674">
        <ele>178.8</ele>
        <time>2026-07-18T08:35:45Z</time>
        <hdop>3.8</hdop>
        <extensions>
          <osmand:speed>12.8</osmand:speed>
        </extensions>
      </trkpt>
      <trkpt lat="54.9605402" lon="25.6406591">
        <ele>176.7</ele>
        <time>2026-07-18T08:35:51Z</time>
        <hdop>3.8</hdop>
        <extensions>
          <osmand:speed>12</osmand:speed>
        </extensions>
      </trkpt>
      <trkpt lat="54.9610388" lon="25.6411315">
        <ele>176.3</ele>
        <time>2026-07-18T08:35:57Z</time>
        <hdop>3.8</hdop>
        <extensions>
          <osmand:speed>10.5</osmand:speed>
        </extensions>
      </trkpt>
      <trkpt lat="54.9614887" lon="25.6417356">
        <ele>173.8</ele>
        <time>2026-07-18T08:36:03Z</time>
        <hdop>3.8</hdop>
        <extensions>
          <osmand:speed>10.3</osmand:speed>
        </extensions>
      </trkpt>
      <trkpt lat="54.962024" lon="25.6421389">
        <ele>175.5</ele>
        <time>2026-07-18T08:36:09Z</time>
        <hdop>3.8</hdop>
        <extensions>
          <osmand:speed>10.1</osmand:speed>
        </extensions>
      </trkpt>
      <trkpt lat="54.9623198" lon="25.6424012">
        <ele>176.2</ele>
        <time>2026-07-18T08:36:15Z</time>
        <hdop>3.8</hdop>
        <extensions>
          <osmand:speed>2.3</osmand:speed>
        </extensions>
      </trkpt>
      <trkpt lat="54.9623636" lon="25.6424594">
        <ele>180</ele>
        <time>2026-07-18T08:36:30Z</time>
        <hdop>3.8</hdop>
        <extensions>
          <osmand:speed>2.9</osmand:speed>
        </extensions>
      </trkpt>
    </trkseg>
    <trkseg>
      <trkpt lat="54.9624017" lon="25.642514">
        <ele>182.9</ele>
        <time>2026-07-18T08:45:17Z</time>
        <hdop>3.8</hdop>
        <extensions>
          <osmand:speed>3.5</osmand:speed>
        </extensions>
      </trkpt>
      <trkpt lat="54.9624014" lon="25.6430675">
        <ele>182.5</ele>
        <time>2026-07-18T08:45:23Z</time>
        <hdop>3.8</hdop>
        <extensions>
          <osmand:speed>7.8</osmand:speed>
        </extensions>
      </trkpt>
      <trkpt lat="54.9624352" lon="25.6436947">
        <ele>181.2</ele>
        <time>2026-07-18T08:45:29Z</time>
        <hdop>3.8</hdop>
        <extensions>
          <osmand:speed>6.6</osmand:speed>
        </extensions>
      </trkpt>
      <trkpt lat="54.9624603" lon="25.6442284">
        <ele>179.6</ele>
        <time>2026-07-18T08:45:35Z</time>
        <hdop>3.8</hdop>
        <extensions>
          <osmand:speed>5.1</osmand:speed>
        </extensions>
      </trkpt>
      <trkpt lat="54.9624791" lon="25.6447298">
        <ele>177.9</ele>
        <time>2026-07-18T08:45:41Z</time>
        <hdop>3.8</hdop>
        <extensions>
          <osmand:speed>9.3</osmand:speed>
        </extensions>
      </trkpt>
      <trkpt lat="54.9625415" lon="25.6454284">
        <ele>178.2</ele>
        <time>2026-07-18T08:45:47Z</time>
        <hdop>3.8</hdop>
        <extensions>
          <osmand:speed>7.7</osmand:speed>
        </extensions>
      </trkpt>
      <trkpt lat="54.9625888" lon="25.6462794">
        <ele>175.4</ele>
        <time>2026-07-18T08:45:53Z</time>
        <hdop>3.8</hdop>
        <extensions>
          <osmand:speed>9.4</osmand:speed>
        </extensions>
      </trkpt>
      <trkpt lat="54.9626185" lon="25.6469764">
        <ele>173.5</ele>
        <time>2026-07-18T08:45:59Z</time>
        <hdop>3.8</hdop>
        <extensions>
          <osmand:speed>7.2</osmand:speed>
        </extensions>
      </trkpt>
      <trkpt lat="54.9626942" lon="25.647677">
        <ele>171.7</ele>
        <time>2026-07-18T08:46:05Z</time>
        <hdop>3.8</hdop>
        <extensions>
          <osmand:speed>8.6</osmand:speed>
        </extensions>
      </trkpt>
      <trkpt lat="54.9627433" lon="25.6484509">
        <ele>174.3</ele>
        <time>2026-07-18T08:46:11Z</time>
        <hdop>3.8</hdop>
        <extensions>
          <osmand:speed>6.6</osmand:speed>
        </extensions>
      </trkpt>
      <trkpt lat="54.9627776" lon="25.6492751">
        <ele>176</ele>
        <time>2026-07-18T08:46:17Z</time>
        <hdop>3.8</hdop>
        <extensions>
          <osmand:speed>8.6</osmand:speed>
        </extensions>
      </trkpt>
      <trkpt lat="54.9628336" lon="25.6499934">
        <ele>174.3</ele>
        <time>2026-07-18T08:46:23Z</time>
        <hdop>3.8</hdop>
        <extensions>
          <osmand:speed>7</osmand:speed>
        </extensions>
      </trkpt>
      <trkpt lat="54.9628819" lon="25.6506828">
        <ele>174.4</ele>
        <time>2026-07-18T08:46:29Z</time>
        <hdop>3.8</hdop>
        <extensions>
          <osmand:speed>7.1</osmand:speed>
        </extensions>
      </trkpt>
      <trkpt lat="54.9629128" lon="25.6515627">
        <ele>172.1</ele>
        <time>2026-07-18T08:46:35Z</time>
        <hdop>3.8</hdop>
        <extensions>
          <osmand:speed>8.7</osmand:speed>
        </extensions>
      </trkpt>
      <trkpt lat="54.962969" lon="25.6522505">
        <ele>170.1</ele>
        <time>2026-07-18T08:46:41Z</time>
        <hdop>3.8</hdop>
        <extensions>
          <osmand:speed>7.2</osmand:speed>
        </extensions>
      </trkpt>
      <trkpt lat="54.9630231" lon="25.6529779">
        <ele>170.5</ele>
        <time>2026-07-18T08:46:47Z</time>
        <hdop>3.8</hdop>
        <extensions>
          <osmand:speed>8.4</osmand:speed>
        </extensions>
      </trkpt>
      <trkpt lat="54.9631076" lon="25.6537172">
        <ele>173.3</ele>
        <time>2026-07-18T08:46:53Z</time>
        <hdop>3.8</hdop>
        <extensions>
          <osmand:speed>7.8</osmand:speed>
        </extensions>
      </trkpt>
      <trkpt lat="54.9631398" lon="25.654505">
        <ele>170.7</ele>
        <time>2026-07-18T08:46:59Z</time>
        <hdop>3.8</hdop>
        <extensions>
          <osmand:speed>7.3</osmand:speed>
        </extensions>
      </trkpt>
      <trkpt lat="54.9631836" lon="25.6552128">
        <ele>171.9</ele>
        <time>2026-07-18T08:47:05Z</time>
        <hdop>3.8</hdop>
        <extensions>
          <osmand:speed>7.2</osmand:speed>
        </extensions>
      </trkpt>
      <trkpt lat="54.9632222" lon="25.6559767">
        <ele>170.7</ele>
        <time>2026-07-18T08:47:11Z</time>
        <hdop>3.8</hdop>
        <extensions>
          <osmand:speed>8.9</osmand:speed>
        </extensions>
      </trkpt>
      <trkpt lat="54.9632645" lon="25.6567797">
        <ele>174</ele>
        <time>2026-07-18T08:47:17Z</time>
        <hdop>3.8</hdop>
        <extensions>
          <osmand:speed>8.4</osmand:speed>
        </extensions>
      </trkpt>
      <trkpt lat="54.963314" lon="25.6575643">
        <ele>178</ele>
        <time>2026-07-18T08:47:23Z</time>
        <hdop>3.8</hdop>
        <extensions>
          <osmand:speed>8.8</osmand:speed>
        </extensions>
      </trkpt>
      <trkpt lat="54.9633754" lon="25.6583477">
        <ele>178.7</ele>
        <time>2026-07-18T08:47:29Z</time>
        <hdop>3.8</hdop>
        <extensions>
          <osmand:speed>8.3</osmand:speed>
        </extensions>
      </trkpt>
      <trkpt lat="54.9634118" lon="25.6591342">
        <ele>178.3</ele>
        <time>2026-07-18T08:47:35Z</time>
        <hdop>3.8</hdop>
        <extensions>
          <osmand:speed>6.9</osmand:speed>
        </extensions>
      </trkpt>
      <trkpt lat="54.9634459" lon="25.6597502">
        <ele>173.4</ele>
        <time>2026-07-18T08:47:41Z</time>
        <hdop>3.8</hdop>
        <extensions>
          <osmand:speed>6.8</osmand:speed>
        </extensions>
      </trkpt>
      <trkpt lat="54.9635149" lon="25.6604923">
        <ele>168</ele>
        <time>2026-07-18T08:47:47Z</time>
        <hdop>3.8</hdop>
        <extensions>
          <osmand:speed>8.6</osmand:speed>
        </extensions>
      </trkpt>
      <trkpt lat="54.9636096" lon="25.6611855">
        <ele>166.6</ele>
        <time>2026-07-18T08:47:53Z</time>
        <hdop>3.8</hdop>
        <extensions>
          <osmand:speed>5.7</osmand:speed>
        </extensions>
      </trkpt>
      <trkpt lat="54.9638759" lon="25.661126">
        <ele>164.6</ele>
        <time>2026-07-18T08:47:59Z</time>
        <hdop>3.9</hdop>
        <extensions>
          <osmand:speed>5.6</osmand:speed>
        </extensions>
      </trkpt>
      <trkpt lat="54.9642738" lon="25.661055">
        <ele>167.8</ele>
        <time>2026-07-18T08:48:05Z</time>
        <hdop>3.9</hdop>
        <extensions>
          <osmand:speed>7.2</osmand:speed>
        </extensions>
      </trkpt>
      <trkpt lat="54.9646928" lon="25.6609735">
        <ele>165.1</ele>
        <time>2026-07-18T08:48:11Z</time>
        <hdop>4</hdop>
        <extensions>
          <osmand:speed>7.8</osmand:speed>
        </extensions>
      </trkpt>
      <trkpt lat="54.9652546" lon="25.6608571">
        <ele>164</ele>
        <time>2026-07-18T08:48:17Z</time>
        <hdop>4</hdop>
        <extensions>
          <osmand:speed>10.9</osmand:speed>
        </extensions>
      </trkpt>
      <trkpt lat="54.9659115" lon="25.6607622">
        <ele>165.6</ele>
        <time>2026-07-18T08:48:23Z</time>
        <hdop>4.4</hdop>
        <extensions>
          <osmand:speed>10.5</osmand:speed>
        </extensions>
      </trkpt>
      <trkpt lat="54.9665382" lon="25.6606496">
        <ele>167.7</ele>
        <time>2026-07-18T08:48:29Z</time>
        <hdop>3.8</hdop>
        <extensions>
          <osmand:speed>11.7</osmand:speed>
        </extensions>
      </trkpt>
      <trkpt lat="54.9670835" lon="25.6605203">
        <ele>172.7</ele>
        <time>2026-07-18T08:48:35Z</time>
        <hdop>3.8</hdop>
        <extensions>
          <osmand:speed>9.9</osmand:speed>
        </extensions>
      </trkpt>
      <trkpt lat="54.967636" lon="25.6604385">
        <ele>175.8</ele>
        <time>2026-07-18T08:48:41Z</time>
        <hdop>4.2</hdop>
        <extensions>
          <osmand:speed>9.6</osmand:speed>
        </extensions>
      </trkpt>
      <trkpt lat="54.9681222" lon="25.6603301">
        <ele>181.7</ele>
        <time>2026-07-18T08:48:47Z</time>
        <hdop>4</hdop>
        <extensions>
          <osmand:speed>6.5</osmand:speed>
        </extensions>
      </trkpt>
      <trkpt lat="54.9683297" lon="25.6605869">
        <ele>180.5</ele>
        <time>2026-07-18T08:48:54Z</time>
        <hdop>4.7</hdop>
        <extensions>
          <osmand:speed>4.3</osmand:speed>
        </extensions>
      </trkpt>
      <trkpt lat="54.9683054" lon="25.6611733">
        <ele>180.1</ele>
        <time>2026-07-18T08:49:00Z</time>
        <hdop>3.8</hdop>
        <extensions>
          <osmand:speed>6.7</osmand:speed>
        </extensions>
      </trkpt>
      <trkpt lat="54.9683211" lon="25.6618246">
        <ele>175.3</ele>
        <time>2026-07-18T08:49:06Z</time>
        <hdop>4.2</hdop>
        <extensions>
          <osmand:speed>6.8</osmand:speed>
        </extensions>
      </trkpt>
      <trkpt lat="54.9683063" lon="25.6625168">
        <ele>170.4</ele>
        <time>2026-07-18T08:49:12Z</time>
        <hdop>3.8</hdop>
        <extensions>
          <osmand:speed>7.7</osmand:speed>
        </extensions>
      </trkpt>
      <trkpt lat="54.9682958" lon="25.6632098">
        <ele>163.9</ele>
        <time>2026-07-18T08:49:18Z</time>
        <hdop>3.8</hdop>
        <extensions>
          <osmand:speed>7</osmand:speed>
        </extensions>
      </trkpt>
      <trkpt lat="54.9682941" lon="25.6640179">
        <ele>163.1</ele>
        <time>2026-07-18T08:49:24Z</time>
        <hdop>3.8</hdop>
        <extensions>
          <osmand:speed>8</osmand:speed>
        </extensions>
      </trkpt>
      <trkpt lat="54.9683018" lon="25.6647215">
        <ele>165.9</ele>
        <time>2026-07-18T08:49:30Z</time>
        <hdop>3.8</hdop>
        <extensions>
          <osmand:speed>6.1</osmand:speed>
        </extensions>
      </trkpt>
      <trkpt lat="54.9683564" lon="25.6649677">
        <ele>171.5</ele>
        <time>2026-07-18T08:49:36Z</time>
        <hdop>3.8</hdop>
        <extensions>
          <osmand:speed>5.5</osmand:speed>
        </extensions>
      </trkpt>
      <trkpt lat="54.9683774" lon="25.6654871">
        <ele>171.8</ele>
        <time>2026-07-18T08:49:42Z</time>
        <hdop>3.8</hdop>
        <extensions>
          <osmand:speed>6.2</osmand:speed>
        </extensions>
      </trkpt>
      <trkpt lat="54.9684606" lon="25.6660498">
        <ele>173.6</ele>
        <time>2026-07-18T08:49:48Z</time>
        <hdop>3.8</hdop>
        <extensions>
          <osmand:speed>6.2</osmand:speed>
        </extensions>
      </trkpt>
      <trkpt lat="54.9686725" lon="25.6665381">
        <ele>171.3</ele>
        <time>2026-07-18T08:49:54Z</time>
        <hdop>3.8</hdop>
        <extensions>
          <osmand:speed>6.8</osmand:speed>
        </extensions>
      </trkpt>
      <trkpt lat="54.968705" lon="25.666944">
        <ele>177.4</ele>
        <time>2026-07-18T08:50:00Z</time>
        <hdop>3.8</hdop>
        <extensions>
          <osmand:speed>4</osmand:speed>
        </extensions>
      </trkpt>
      <trkpt lat="54.9687747" lon="25.6673508">
        <ele>173.3</ele>
        <time>2026-07-18T08:50:06Z</time>
        <hdop>3.8</hdop>
        <extensions>
          <osmand:speed>5.3</osmand:speed>
        </extensions>
      </trkpt>
      <trkpt lat="54.9688244" lon="25.6679351">
        <ele>170.6</ele>
        <time>2026-07-18T08:50:12Z</time>
        <hdop>3.8</hdop>
        <extensions>
          <osmand:speed>7</osmand:speed>
        </extensions>
      </trkpt>
      <trkpt lat="54.9689245" lon="25.6686193">
        <ele>169.9</ele>
        <time>2026-07-18T08:50:18Z</time>
        <hdop>3.8</hdop>
        <extensions>
          <osmand:speed>6.3</osmand:speed>
        </extensions>
      </trkpt>
      <trkpt lat="54.969004" lon="25.6693106">
        <ele>167.5</ele>
        <time>2026-07-18T08:50:24Z</time>
        <hdop>3.8</hdop>
        <extensions>
          <osmand:speed>6.2</osmand:speed>
        </extensions>
      </trkpt>
      <trkpt lat="54.9690346" lon="25.6699483">
        <ele>168.6</ele>
        <time>2026-07-18T08:50:30Z</time>
        <hdop>3.8</hdop>
        <extensions>
          <osmand:speed>3.5</osmand:speed>
        </extensions>
      </trkpt>
      <trkpt lat="54.9691138" lon="25.6702203">
        <ele>164.3</ele>
        <time>2026-07-18T08:50:36Z</time>
        <hdop>3.8</hdop>
        <extensions>
          <osmand:speed>1.6</osmand:speed>
        </extensions>
      </trkpt>
      <trkpt lat="54.9691715" lon="25.6704159">
        <ele>162.6</ele>
        <time>2026-07-18T08:50:42Z</time>
        <hdop>3.8</hdop>
        <extensions>
          <osmand:speed>2.8</osmand:speed>
        </extensions>
      </trkpt>
      <trkpt lat="54.9692347" lon="25.6706542">
        <ele>164.8</ele>
        <time>2026-07-18T08:50:48Z</time>
        <hdop>3.8</hdop>
        <extensions>
          <osmand:speed>2.2</osmand:speed>
        </extensions>
      </trkpt>
      <trkpt lat="54.9692917" lon="25.6709018">
        <ele>168.2</ele>
        <time>2026-07-18T08:50:54Z</time>
        <hdop>3.8</hdop>
        <extensions>
          <osmand:speed>5.7</osmand:speed>
        </extensions>
      </trkpt>
      <trkpt lat="54.9693052" lon="25.6713121">
        <ele>168.9</ele>
        <time>2026-07-18T08:51:00Z</time>
        <hdop>3.9</hdop>
        <extensions>
          <osmand:speed>3.2</osmand:speed>
        </extensions>
      </trkpt>
      <trkpt lat="54.9693165" lon="25.6712355">
        <ele>177.4</ele>
        <time>2026-07-18T08:51:24Z</time>
        <hdop>3.8</hdop>
        <extensions>
          <osmand:speed>1.1</osmand:speed>
        </extensions>
      </trkpt>
      <trkpt lat="54.9693101" lon="25.671119">
        <ele>177.6</ele>
        <time>2026-07-18T08:51:30Z</time>
        <hdop>3.8</hdop>
      </trkpt>
      <trkpt lat="54.9693163" lon="25.6712024">
        <ele>172.2</ele>
        <time>2026-07-18T08:52:17Z</time>
        <hdop>3.8</hdop>
        <extensions>
          <osmand:speed>0.5</osmand:speed>
        </extensions>
      </trkpt>
      <trkpt lat="54.9693308" lon="25.6712822">
        <ele>175</ele>
        <time>2026-07-18T08:52:40Z</time>
        <hdop>3.8</hdop>
        <extensions>
          <osmand:speed>0.6</osmand:speed>
        </extensions>
      </trkpt>
      <trkpt lat="54.9693103" lon="25.6713545">
        <ele>174.6</ele>
        <time>2026-07-18T08:53:34Z</time>
        <hdop>3.8</hdop>
        <extensions>
          <osmand:speed>0.4</osmand:speed>
        </extensions>
      </trkpt>
      <trkpt lat="54.9693034" lon="25.6714563">
        <ele>173.6</ele>
        <time>2026-07-18T08:54:17Z</time>
        <hdop>3.8</hdop>
        <extensions>
          <osmand:speed>2.3</osmand:speed>
        </extensions>
      </trkpt>
      <trkpt lat="54.9693099" lon="25.6718732">
        <ele>173.1</ele>
        <time>2026-07-18T08:54:23Z</time>
        <hdop>3.8</hdop>
        <extensions>
          <osmand:speed>5.4</osmand:speed>
        </extensions>
      </trkpt>
      <trkpt lat="54.9693242" lon="25.6723648">
        <ele>172.5</ele>
        <time>2026-07-18T08:54:29Z</time>
        <hdop>3.8</hdop>
        <extensions>
          <osmand:speed>5.1</osmand:speed>
        </extensions>
      </trkpt>
      <trkpt lat="54.9692692" lon="25.6730505">
        <ele>173.3</ele>
        <time>2026-07-18T08:54:35Z</time>
        <hdop>3.8</hdop>
        <extensions>
          <osmand:speed>7.1</osmand:speed>
        </extensions>
      </trkpt>
      <trkpt lat="54.9692875" lon="25.6736888">
        <ele>176.1</ele>
        <time>2026-07-18T08:54:41Z</time>
        <hdop>3.8</hdop>
        <extensions>
          <osmand:speed>6.6</osmand:speed>
        </extensions>
      </trkpt>
      <trkpt lat="54.9693516" lon="25.674344">
        <ele>176.8</ele>
        <time>2026-07-18T08:54:47Z</time>
        <hdop>3.8</hdop>
        <extensions>
          <osmand:speed>6.9</osmand:speed>
        </extensions>
      </trkpt>
      <trkpt lat="54.9696365" lon="25.6746857">
        <ele>177.4</ele>
        <time>2026-07-18T08:54:53Z</time>
        <hdop>3.8</hdop>
        <extensions>
          <osmand:speed>7.7</osmand:speed>
        </extensions>
      </trkpt>
      <trkpt lat="54.9700214" lon="25.6745516">
        <ele>180.5</ele>
        <time>2026-07-18T08:54:59Z</time>
        <hdop>3.8</hdop>
        <extensions>
          <osmand:speed>6.3</osmand:speed>
        </extensions>
      </trkpt>
      <trkpt lat="54.9704436" lon="25.6744454">
        <ele>179.7</ele>
        <time>2026-07-18T08:55:05Z</time>
        <hdop>3.8</hdop>
        <extensions>
          <osmand:speed>5.4</osmand:speed>
        </extensions>
      </trkpt>
      <trkpt lat="54.9708228" lon="25.6743652">
        <ele>182</ele>
        <time>2026-07-18T08:55:11Z</time>
        <hdop>4.4</hdop>
        <extensions>
          <osmand:speed>7.6</osmand:speed>
        </extensions>
      </trkpt>
      <trkpt lat="54.9712705" lon="25.6744802">
        <ele>182.5</ele>
        <time>2026-07-18T08:55:17Z</time>
        <hdop>4.4</hdop>
        <extensions>
          <osmand:speed>7.4</osmand:speed>
        </extensions>
      </trkpt>
      <trkpt lat="54.9717237" lon="25.6747401">
        <ele>180.9</ele>
        <time>2026-07-18T08:55:23Z</time>
        <hdop>3.8</hdop>
        <extensions>
          <osmand:speed>8.1</osmand:speed>
        </extensions>
      </trkpt>
      <trkpt lat="54.9721355" lon="25.675157">
        <ele>179</ele>
        <time>2026-07-18T08:55:29Z</time>
        <hdop>3.8</hdop>
        <extensions>
          <osmand:speed>7.1</osmand:speed>
        </extensions>
      </trkpt>
      <trkpt lat="54.972541" lon="25.6752352">
        <ele>181</ele>
        <time>2026-07-18T08:55:35Z</time>
        <hdop>3.8</hdop>
        <extensions>
          <osmand:speed>6.4</osmand:speed>
        </extensions>
      </trkpt>
      <trkpt lat="54.972944" lon="25.6750556">
        <ele>183</ele>
        <time>2026-07-18T08:55:41Z</time>
        <hdop>3.8</hdop>
        <extensions>
          <osmand:speed>7.4</osmand:speed>
        </extensions>
      </trkpt>
      <trkpt lat="54.9733188" lon="25.6748293">
        <ele>181.8</ele>
        <time>2026-07-18T08:55:47Z</time>
        <hdop>3.8</hdop>
        <extensions>
          <osmand:speed>2.5</osmand:speed>
        </extensions>
      </trkpt>
      <trkpt lat="54.9736322" lon="25.6747389">
        <ele>181.1</ele>
        <time>2026-07-18T08:55:53Z</time>
        <hdop>4</hdop>
        <extensions>
          <osmand:speed>2.9</osmand:speed>
        </extensions>
      </trkpt>
      <trkpt lat="54.9739484" lon="25.6748155">
        <ele>183.3</ele>
        <time>2026-07-18T08:55:59Z</time>
        <hdop>4.2</hdop>
        <extensions>
          <osmand:speed>2.8</osmand:speed>
        </extensions>
      </trkpt>
      <trkpt lat="54.9743483" lon="25.6759898">
        <ele>172.5</ele>
        <time>2026-07-18T08:56:12Z</time>
        <hdop>3.9</hdop>
        <extensions>
          <osmand:speed>6</osmand:speed>
        </extensions>
      </trkpt>
      <trkpt lat="54.9746408" lon="25.6760331">
        <ele>171</ele>
        <time>2026-07-18T08:56:18Z</time>
        <hdop>3.8</hdop>
        <extensions>
          <osmand:speed>9.1</osmand:speed>
        </extensions>
      </trkpt>
      <trkpt lat="54.9750694" lon="25.6759451">
        <ele>177.8</ele>
        <time>2026-07-18T08:56:24Z</time>
        <hdop>3.8</hdop>
        <extensions>
          <osmand:speed>8.7</osmand:speed>
        </extensions>
      </trkpt>
      <trkpt lat="54.9754958" lon="25.6758531">
        <ele>179.2</ele>
        <time>2026-07-18T08:56:30Z</time>
        <hdop>3.8</hdop>
        <extensions>
          <osmand:speed>7.3</osmand:speed>
        </extensions>
      </trkpt>
      <trkpt lat="54.9759227" lon="25.6757762">
        <ele>179.5</ele>
        <time>2026-07-18T08:56:36Z</time>
        <hdop>3.8</hdop>
        <extensions>
          <osmand:speed>8.6</osmand:speed>
        </extensions>
      </trkpt>
      <trkpt lat="54.9762875" lon="25.6756858">
        <ele>178.3</ele>
        <time>2026-07-18T08:56:42Z</time>
        <hdop>3.8</hdop>
        <extensions>
          <osmand:speed>3.3</osmand:speed>
        </extensions>
      </trkpt>
      <trkpt lat="54.9771035" lon="25.6755875">
        <ele>181.9</ele>
        <time>2026-07-18T08:56:52Z</time>
        <hdop>4.2</hdop>
        <extensions>
          <osmand:speed>5.3</osmand:speed>
        </extensions>
      </trkpt>
      <trkpt lat="54.977567" lon="25.675462">
        <ele>177.3</ele>
        <time>2026-07-18T08:56:58Z</time>
        <hdop>3.8</hdop>
        <extensions>
          <osmand:speed>6.5</osmand:speed>
        </extensions>
      </trkpt>
      <trkpt lat="54.9779303" lon="25.675398">
        <ele>178.4</ele>
        <time>2026-07-18T08:57:04Z</time>
        <hdop>3.8</hdop>
        <extensions>
          <osmand:speed>6.6</osmand:speed>
        </extensions>
      </trkpt>
      <trkpt lat="54.978347" lon="25.675313">
        <ele>178.4</ele>
        <time>2026-07-18T08:57:10Z</time>
        <hdop>3.8</hdop>
        <extensions>
          <osmand:speed>6.5</osmand:speed>
        </extensions>
      </trkpt>
      <trkpt lat="54.9789072" lon="25.6752383">
        <ele>178.3</ele>
        <time>2026-07-18T08:57:16Z</time>
        <hdop>3.8</hdop>
        <extensions>
          <osmand:speed>8.9</osmand:speed>
        </extensions>
      </trkpt>
      <trkpt lat="54.9791946" lon="25.6752165">
        <ele>179.3</ele>
        <time>2026-07-18T08:57:22Z</time>
        <hdop>3.8</hdop>
        <extensions>
          <osmand:speed>2.2</osmand:speed>
        </extensions>
      </trkpt>
      <trkpt lat="54.9795154" lon="25.6751238">
        <ele>180.8</ele>
        <time>2026-07-18T08:57:28Z</time>
        <hdop>3.8</hdop>
        <extensions>
          <osmand:speed>7.2</osmand:speed>
        </extensions>
      </trkpt>
      <trkpt lat="54.9799898" lon="25.6750339">
        <ele>179.9</ele>
        <time>2026-07-18T08:57:34Z</time>
        <hdop>3.8</hdop>
        <extensions>
          <osmand:speed>7.4</osmand:speed>
        </extensions>
      </trkpt>
      <trkpt lat="54.980234" lon="25.6750112">
        <ele>181.9</ele>
        <time>2026-07-18T08:57:40Z</time>
        <hdop>3.8</hdop>
        <extensions>
          <osmand:speed>0.8</osmand:speed>
        </extensions>
      </trkpt>
      <trkpt lat="54.980289" lon="25.6749781">
        <ele>184</ele>
        <time>2026-07-18T08:58:00Z</time>
        <hdop>3.8</hdop>
        <extensions>
          <osmand:speed>2.7</osmand:speed>
        </extensions>
      </trkpt>
      <trkpt lat="54.9803957" lon="25.6753321">
        <ele>183.9</ele>
        <time>2026-07-18T08:58:06Z</time>
        <hdop>3.8</hdop>
        <extensions>
          <osmand:speed>6.9</osmand:speed>
        </extensions>
      </trkpt>
      <trkpt lat="54.9804606" lon="25.6761043">
        <ele>183.1</ele>
        <time>2026-07-18T08:58:12Z</time>
        <hdop>3.8</hdop>
        <extensions>
          <osmand:speed>7.5</osmand:speed>
        </extensions>
      </trkpt>
      <trkpt lat="54.9805552" lon="25.6767456">
        <ele>181</ele>
        <time>2026-07-18T08:58:18Z</time>
        <hdop>3.8</hdop>
        <extensions>
          <osmand:speed>8.8</osmand:speed>
        </extensions>
      </trkpt>
      <trkpt lat="54.980644" lon="25.6775798">
        <ele>180.3</ele>
        <time>2026-07-18T08:58:24Z</time>
        <hdop>3.8</hdop>
        <extensions>
          <osmand:speed>8.3</osmand:speed>
        </extensions>
      </trkpt>
      <trkpt lat="54.9807107" lon="25.6784914">
        <ele>178.6</ele>
        <time>2026-07-18T08:58:30Z</time>
        <hdop>3.8</hdop>
        <extensions>
          <osmand:speed>10</osmand:speed>
        </extensions>
      </trkpt>
      <trkpt lat="54.980804" lon="25.6794445">
        <ele>176.9</ele>
        <time>2026-07-18T08:58:36Z</time>
        <hdop>3.8</hdop>
        <extensions>
          <osmand:speed>9.6</osmand:speed>
        </extensions>
      </trkpt>
      <trkpt lat="54.9808878" lon="25.6802864">
        <ele>175.3</ele>
        <time>2026-07-18T08:58:42Z</time>
        <hdop>3.8</hdop>
        <extensions>
          <osmand:speed>9.2</osmand:speed>
        </extensions>
      </trkpt>
      <trkpt lat="54.9809758" lon="25.6808759">
        <ele>173.7</ele>
        <time>2026-07-18T08:58:48Z</time>
        <hdop>3.8</hdop>
        <extensions>
          <osmand:speed>3.9</osmand:speed>
        </extensions>
      </trkpt>
      <trkpt lat="54.9811029" lon="25.6806172">
        <ele>174.5</ele>
        <time>2026-07-18T08:58:54Z</time>
        <hdop>3.8</hdop>
        <extensions>
          <osmand:speed>5.9</osmand:speed>
        </extensions>
      </trkpt>
      <trkpt lat="54.9812568" lon="25.6798995">
        <ele>177.4</ele>
        <time>2026-07-18T08:59:00Z</time>
        <hdop>3.8</hdop>
        <extensions>
          <osmand:speed>9.6</osmand:speed>
        </extensions>
      </trkpt>
      <trkpt lat="54.9813764" lon="25.679015">
        <ele>177.9</ele>
        <time>2026-07-18T08:59:06Z</time>
        <hdop>3.8</hdop>
        <extensions>
          <osmand:speed>9.9</osmand:speed>
        </extensions>
      </trkpt>
      <trkpt lat="54.9814389" lon="25.6780503">
        <ele>180.4</ele>
        <time>2026-07-18T08:59:12Z</time>
        <hdop>3.8</hdop>
        <extensions>
          <osmand:speed>10.6</osmand:speed>
        </extensions>
      </trkpt>
      <trkpt lat="54.9815837" lon="25.6770841">
        <ele>183.3</ele>
        <time>2026-07-18T08:59:18Z</time>
        <hdop>3.8</hdop>
        <extensions>
          <osmand:speed>11</osmand:speed>
        </extensions>
      </trkpt>
      <trkpt lat="54.9818047" lon="25.6760842">
        <ele>183.9</ele>
        <time>2026-07-18T08:59:24Z</time>
        <hdop>3.9</hdop>
        <extensions>
          <osmand:speed>11.8</osmand:speed>
        </extensions>
      </trkpt>
      <trkpt lat="54.9821884" lon="25.6751682">
        <ele>185.7</ele>
        <time>2026-07-18T08:59:30Z</time>
        <hdop>3.8</hdop>
        <extensions>
          <osmand:speed>11.2</osmand:speed>
        </extensions>
      </trkpt>
      <trkpt lat="54.9826762" lon="25.6745974">
        <ele>185.6</ele>
        <time>2026-07-18T08:59:36Z</time>
        <hdop>3.8</hdop>
        <extensions>
          <osmand:speed>10.3</osmand:speed>
        </extensions>
      </trkpt>
      <trkpt lat="54.9831247" lon="25.6738646">
        <ele>188.4</ele>
        <time>2026-07-18T08:59:42Z</time>
        <hdop>3.8</hdop>
        <extensions>
          <osmand:speed>11.9</osmand:speed>
        </extensions>
      </trkpt>
      <trkpt lat="54.9836267" lon="25.6730969">
        <ele>187.6</ele>
        <time>2026-07-18T08:59:48Z</time>
        <hdop>3.8</hdop>
        <extensions>
          <osmand:speed>12.2</osmand:speed>
        </extensions>
      </trkpt>
      <trkpt lat="54.9841091" lon="25.6723974">
        <ele>188.3</ele>
        <time>2026-07-18T08:59:54Z</time>
        <hdop>3.8</hdop>
        <extensions>
          <osmand:speed>11.1</osmand:speed>
        </extensions>
      </trkpt>
      <trkpt lat="54.984323" lon="25.6712046">
        <ele>189.9</ele>
        <time>2026-07-18T09:00:00Z</time>
        <hdop>4</hdop>
        <extensions>
          <osmand:speed>13.2</osmand:speed>
        </extensions>
      </trkpt>
      <trkpt lat="54.9845675" lon="25.6700453">
        <ele>193.1</ele>
        <time>2026-07-18T09:00:06Z</time>
        <hdop>3.8</hdop>
        <extensions>
          <osmand:speed>12.9</osmand:speed>
        </extensions>
      </trkpt>
      <trkpt lat="54.9847094" lon="25.6688952">
        <ele>198.8</ele>
        <time>2026-07-18T09:00:12Z</time>
        <hdop>3.8</hdop>
        <extensions>
          <osmand:speed>11.7</osmand:speed>
        </extensions>
      </trkpt>
      <trkpt lat="54.9848151" lon="25.6683969">
        <ele>201.7</ele>
        <time>2026-07-18T09:00:18Z</time>
        <hdop>3.8</hdop>
        <extensions>
          <osmand:speed>0.3</osmand:speed>
        </extensions>
      </trkpt>
      <trkpt lat="54.9847926" lon="25.6682831">
        <ele>198.6</ele>
        <time>2026-07-18T09:00:52Z</time>
        <hdop>3.8</hdop>
        <extensions>
          <osmand:speed>2.6</osmand:speed>
        </extensions>
      </trkpt>
      <trkpt lat="54.9847698" lon="25.668155">
        <ele>200.7</ele>
        <time>2026-07-18T09:00:58Z</time>
        <hdop>3.8</hdop>
      </trkpt>
      <trkpt lat="54.9847895" lon="25.6682589">
        <ele>201.9</ele>
        <time>2026-07-18T09:01:08Z</time>
        <hdop>3.8</hdop>
        <extensions>
          <osmand:speed>1.7</osmand:speed>
        </extensions>
      </trkpt>
      <trkpt lat="54.9847612" lon="25.668167">
        <ele>207.1</ele>
        <time>2026-07-18T09:01:29Z</time>
        <hdop>3.8</hdop>
        <extensions>
          <osmand:speed>4.9</osmand:speed>
        </extensions>
      </trkpt>
      <trkpt lat="54.9846522" lon="25.6677985">
        <ele>208.1</ele>
        <time>2026-07-18T09:01:35Z</time>
        <hdop>3.8</hdop>
        <extensions>
          <osmand:speed>2</osmand:speed>
        </extensions>
      </trkpt>
      <trkpt lat="54.9846819" lon="25.6678821">
        <ele>207.7</ele>
        <time>2026-07-18T09:01:43Z</time>
        <hdop>3.8</hdop>
        <extensions>
          <osmand:speed>3.1</osmand:speed>
        </extensions>
      </trkpt>
      <trkpt lat="54.9847621" lon="25.6681763">
        <ele>206.8</ele>
        <time>2026-07-18T09:01:49Z</time>
        <hdop>3.8</hdop>
        <extensions>
          <osmand:speed>3.4</osmand:speed>
        </extensions>
      </trkpt>
      <trkpt lat="54.9847749" lon="25.6683374">
        <ele>209.4</ele>
        <time>2026-07-18T09:01:55Z</time>
        <hdop>3.8</hdop>
      </trkpt>
      <trkpt lat="54.9848795" lon="25.6680651">
        <ele>208.7</ele>
        <time>2026-07-18T09:02:01Z</time>
        <hdop>3.8</hdop>
        <extensions>
          <osmand:speed>4.5</osmand:speed>
        </extensions>
      </trkpt>
      <trkpt lat="54.9849132" lon="25.6679492">
        <ele>208.4</ele>
        <time>2026-07-18T09:02:07Z</time>
        <hdop>3.8</hdop>
        <extensions>
          <osmand:speed>3.3</osmand:speed>
        </extensions>
      </trkpt>
      <trkpt lat="54.9851763" lon="25.6674493">
        <ele>205.7</ele>
        <time>2026-07-18T09:02:13Z</time>
        <hdop>4.9</hdop>
        <extensions>
          <osmand:speed>6</osmand:speed>
        </extensions>
      </trkpt>
      <trkpt lat="54.9855071" lon="25.66694">
        <ele>206.8</ele>
        <time>2026-07-18T09:02:19Z</time>
        <hdop>3.8</hdop>
        <extensions>
          <osmand:speed>8.6</osmand:speed>
        </extensions>
      </trkpt>
      <trkpt lat="54.9858147" lon="25.6663819">
        <ele>207</ele>
        <time>2026-07-18T09:02:25Z</time>
        <hdop>4.5</hdop>
        <extensions>
          <osmand:speed>9.2</osmand:speed>
        </extensions>
      </trkpt>
      <trkpt lat="54.9860978" lon="25.6657734">
        <ele>206.6</ele>
        <time>2026-07-18T09:02:31Z</time>
        <hdop>3.8</hdop>
        <extensions>
          <osmand:speed>8.1</osmand:speed>
        </extensions>
      </trkpt>
      <trkpt lat="54.9862139" lon="25.6652338">
        <ele>207</ele>
        <time>2026-07-18T09:02:37Z</time>
        <hdop>3.8</hdop>
        <extensions>
          <osmand:speed>3.5</osmand:speed>
        </extensions>
      </trkpt>
      <trkpt lat="54.986224" lon="25.6651564">
        <ele>207.6</ele>
        <time>2026-07-18T09:02:50Z</time>
        <hdop>3.8</hdop>
        <extensions>
          <osmand:speed>0.4</osmand:speed>
        </extensions>
      </trkpt>
      <trkpt lat="54.9862623" lon="25.6646677">
        <ele>207.2</ele>
        <time>2026-07-18T09:02:56Z</time>
        <hdop>3.8</hdop>
        <extensions>
          <osmand:speed>6.5</osmand:speed>
        </extensions>
      </trkpt>
      <trkpt lat="54.9862107" lon="25.663978">
        <ele>205.9</ele>
        <time>2026-07-18T09:03:02Z</time>
        <hdop>3.9</hdop>
        <extensions>
          <osmand:speed>8.1</osmand:speed>
        </extensions>
      </trkpt>
      <trkpt lat="54.9861903" lon="25.6631139">
        <ele>206.2</ele>
        <time>2026-07-18T09:03:08Z</time>
        <hdop>3.8</hdop>
        <extensions>
          <osmand:speed>9.2</osmand:speed>
        </extensions>
      </trkpt>
      <trkpt lat="54.986244" lon="25.6625524">
        <ele>208</ele>
        <time>2026-07-18T09:03:14Z</time>
        <hdop>3.8</hdop>
        <extensions>
          <osmand:speed>7</osmand:speed>
        </extensions>
      </trkpt>
      <trkpt lat="54.9864402" lon="25.6619067">
        <ele>208.4</ele>
        <time>2026-07-18T09:03:20Z</time>
        <hdop>3.9</hdop>
        <extensions>
          <osmand:speed>7.6</osmand:speed>
        </extensions>
      </trkpt>
      <trkpt lat="54.9864513" lon="25.6612498">
        <ele>209.2</ele>
        <time>2026-07-18T09:03:26Z</time>
        <hdop>4</hdop>
        <extensions>
          <osmand:speed>5.8</osmand:speed>
        </extensions>
      </trkpt>
      <trkpt lat="54.9864668" lon="25.660927">
        <ele>211.6</ele>
        <time>2026-07-18T09:03:32Z</time>
        <hdop>4.7</hdop>
        <extensions>
          <osmand:speed>3.7</osmand:speed>
        </extensions>
      </trkpt>
      <trkpt lat="54.9864871" lon="25.6604459">
        <ele>210.6</ele>
        <time>2026-07-18T09:03:38Z</time>
        <hdop>3.8</hdop>
        <extensions>
          <osmand:speed>4.2</osmand:speed>
        </extensions>
      </trkpt>
      <trkpt lat="54.9864373" lon="25.6598472">
        <ele>211.8</ele>
        <time>2026-07-18T09:03:44Z</time>
        <hdop>4.1</hdop>
        <extensions>
          <osmand:speed>6.3</osmand:speed>
        </extensions>
      </trkpt>
      <trkpt lat="54.9864845" lon="25.65933">
        <ele>214.9</ele>
        <time>2026-07-18T09:03:50Z</time>
        <hdop>3.8</hdop>
        <extensions>
          <osmand:speed>6</osmand:speed>
        </extensions>
      </trkpt>
      <trkpt lat="54.9865064" lon="25.6587917">
        <ele>214.4</ele>
        <time>2026-07-18T09:03:56Z</time>
        <hdop>3.8</hdop>
        <extensions>
          <osmand:speed>6.7</osmand:speed>
        </extensions>
      </trkpt>
      <trkpt lat="54.9864146" lon="25.6583157">
        <ele>212.1</ele>
        <time>2026-07-18T09:04:02Z</time>
        <hdop>3.8</hdop>
        <extensions>
          <osmand:speed>5.5</osmand:speed>
        </extensions>
      </trkpt>
      <trkpt lat="54.9864472" lon="25.6578042">
        <ele>205.7</ele>
        <time>2026-07-18T09:04:08Z</time>
        <hdop>4.4</hdop>
        <extensions>
          <osmand:speed>5.6</osmand:speed>
        </extensions>
      </trkpt>
      <trkpt lat="54.9865752" lon="25.6573281">
        <ele>200.9</ele>
        <time>2026-07-18T09:04:14Z</time>
        <hdop>3.8</hdop>
        <extensions>
          <osmand:speed>2.8</osmand:speed>
        </extensions>
      </trkpt>
      <trkpt lat="54.9865526" lon="25.6572432">
        <ele>201.3</ele>
        <time>2026-07-18T09:04:20Z</time>
        <hdop>3.8</hdop>
      </trkpt>
      <trkpt lat="54.9865784" lon="25.657153">
        <ele>202.2</ele>
        <time>2026-07-18T09:04:31Z</time>
        <hdop>4.2</hdop>
        <extensions>
          <osmand:speed>2.6</osmand:speed>
        </extensions>
      </trkpt>
      <trkpt lat="54.9866279" lon="25.6567579">
        <ele>199.7</ele>
        <time>2026-07-18T09:04:37Z</time>
        <hdop>3.8</hdop>
        <extensions>
          <osmand:speed>4.2</osmand:speed>
        </extensions>
      </trkpt>
      <trkpt lat="54.9866687" lon="25.656294">
        <ele>199.5</ele>
        <time>2026-07-18T09:04:43Z</time>
        <hdop>3.8</hdop>
        <extensions>
          <osmand:speed>5.6</osmand:speed>
        </extensions>
      </trkpt>
      <trkpt lat="54.9866614" lon="25.6557506">
        <ele>196.8</ele>
        <time>2026-07-18T09:04:49Z</time>
        <hdop>3.8</hdop>
        <extensions>
          <osmand:speed>5.8</osmand:speed>
        </extensions>
      </trkpt>
      <trkpt lat="54.9864884" lon="25.6555494">
        <ele>195.7</ele>
        <time>2026-07-18T09:04:55Z</time>
        <hdop>3.8</hdop>
        <extensions>
          <osmand:speed>4</osmand:speed>
        </extensions>
      </trkpt>
      <trkpt lat="54.9860969" lon="25.6553906">
        <ele>190.8</ele>
        <time>2026-07-18T09:05:01Z</time>
        <hdop>3.8</hdop>
        <extensions>
          <osmand:speed>6.8</osmand:speed>
        </extensions>
      </trkpt>
      <trkpt lat="54.9857194" lon="25.655202">
        <ele>188.6</ele>
        <time>2026-07-18T09:05:07Z</time>
        <hdop>3.8</hdop>
        <extensions>
          <osmand:speed>6.7</osmand:speed>
        </extensions>
      </trkpt>
      <trkpt lat="54.9854724" lon="25.6547215">
        <ele>193.5</ele>
        <time>2026-07-18T09:05:13Z</time>
        <hdop>4.4</hdop>
        <extensions>
          <osmand:speed>6.3</osmand:speed>
        </extensions>
      </trkpt>
      <trkpt lat="54.9855278" lon="25.6541285">
        <ele>193.8</ele>
        <time>2026-07-18T09:05:19Z</time>
        <hdop>4.5</hdop>
        <extensions>
          <osmand:speed>5.7</osmand:speed>
        </extensions>
      </trkpt>
      <trkpt lat="54.9856605" lon="25.6536293">
        <ele>189.8</ele>
        <time>2026-07-18T09:05:25Z</time>
        <hdop>4.2</hdop>
        <extensions>
          <osmand:speed>5.8</osmand:speed>
        </extensions>
      </trkpt>
      <trkpt lat="54.9857716" lon="25.6531571">
        <ele>187.1</ele>
        <time>2026-07-18T09:05:31Z</time>
        <hdop>3.8</hdop>
        <extensions>
          <osmand:speed>2.2</osmand:speed>
        </extensions>
      </trkpt>
      <trkpt lat="54.9858711" lon="25.6528465">
        <ele>184.6</ele>
        <time>2026-07-18T09:05:37Z</time>
        <hdop>3.9</hdop>
        <extensions>
          <osmand:speed>3.7</osmand:speed>
        </extensions>
      </trkpt>
      <trkpt lat="54.9859376" lon="25.6526183">
        <ele>179.2</ele>
        <time>2026-07-18T09:05:43Z</time>
        <hdop>3.8</hdop>
        <extensions>
          <osmand:speed>1.2</osmand:speed>
        </extensions>
      </trkpt>
      <trkpt lat="54.9858967" lon="25.6523975">
        <ele>176.5</ele>
        <time>2026-07-18T09:05:49Z</time>
        <hdop>3.8</hdop>
        <extensions>
          <osmand:speed>3.6</osmand:speed>
        </extensions>
      </trkpt>
      <trkpt lat="54.9858235" lon="25.6520483">
        <ele>174.9</ele>
        <time>2026-07-18T09:05:55Z</time>
        <hdop>3.8</hdop>
        <extensions>
          <osmand:speed>5.2</osmand:speed>
        </extensions>
      </trkpt>
      <trkpt lat="54.9856953" lon="25.6515837">
        <ele>175.6</ele>
        <time>2026-07-18T09:06:01Z</time>
        <hdop>3.8</hdop>
        <extensions>
          <osmand:speed>6.2</osmand:speed>
        </extensions>
      </trkpt>
      <trkpt lat="54.9856091" lon="25.6510259">
        <ele>173.8</ele>
        <time>2026-07-18T09:06:07Z</time>
        <hdop>3.8</hdop>
        <extensions>
          <osmand:speed>6.6</osmand:speed>
        </extensions>
      </trkpt>
      <trkpt lat="54.985483" lon="25.6504194">
        <ele>172</ele>
        <time>2026-07-18T09:06:13Z</time>
        <hdop>3.8</hdop>
        <extensions>
          <osmand:speed>7.1</osmand:speed>
        </extensions>
      </trkpt>
      <trkpt lat="54.9853909" lon="25.6497572">
        <ele>172</ele>
        <time>2026-07-18T09:06:19Z</time>
        <hdop>3.8</hdop>
        <extensions>
          <osmand:speed>7.5</osmand:speed>
        </extensions>
      </trkpt>
      <trkpt lat="54.9854286" lon="25.6490606">
        <ele>174.3</ele>
        <time>2026-07-18T09:06:25Z</time>
        <hdop>3.8</hdop>
        <extensions>
          <osmand:speed>7.4</osmand:speed>
        </extensions>
      </trkpt>
      <trkpt lat="54.9855036" lon="25.6483763">
        <ele>174.8</ele>
        <time>2026-07-18T09:06:31Z</time>
        <hdop>3.8</hdop>
        <extensions>
          <osmand:speed>7.9</osmand:speed>
        </extensions>
      </trkpt>
      <trkpt lat="54.9855394" lon="25.6475357">
        <ele>173.7</ele>
        <time>2026-07-18T09:06:37Z</time>
        <hdop>3.8</hdop>
        <extensions>
          <osmand:speed>9.6</osmand:speed>
        </extensions>
      </trkpt>
      <trkpt lat="54.9855862" lon="25.646622">
        <ele>172.6</ele>
        <time>2026-07-18T09:06:43Z</time>
        <hdop>3.8</hdop>
        <extensions>
          <osmand:speed>10</osmand:speed>
        </extensions>
      </trkpt>
      <trkpt lat="54.9856635" lon="25.6459224">
        <ele>172.5</ele>
        <time>2026-07-18T09:06:49Z</time>
        <hdop>3.8</hdop>
        <extensions>
          <osmand:speed>4.7</osmand:speed>
        </extensions>
      </trkpt>
      <trkpt lat="54.9856781" lon="25.6458019">
        <ele>172.9</ele>
        <time>2026-07-18T09:06:55Z</time>
        <hdop>3.8</hdop>
      </trkpt>
      <trkpt lat="54.9857172" lon="25.6456941">
        <ele>173</ele>
        <time>2026-07-18T09:07:04Z</time>
        <hdop>3.8</hdop>
        <extensions>
          <osmand:speed>3.7</osmand:speed>
        </extensions>
      </trkpt>
      <trkpt lat="54.9859988" lon="25.6458541">
        <ele>172.2</ele>
        <time>2026-07-18T09:07:10Z</time>
        <hdop>3.8</hdop>
        <extensions>
          <osmand:speed>6.9</osmand:speed>
        </extensions>
      </trkpt>
      <trkpt lat="54.9864208" lon="25.6458925">
        <ele>172.8</ele>
        <time>2026-07-18T09:07:16Z</time>
        <hdop>3.8</hdop>
        <extensions>
          <osmand:speed>9.5</osmand:speed>
        </extensions>
      </trkpt>
      <trkpt lat="54.987137" lon="25.6459636">
        <ele>172.6</ele>
        <time>2026-07-18T09:07:22Z</time>
        <hdop>3.8</hdop>
        <extensions>
          <osmand:speed>16.9</osmand:speed>
        </extensions>
      </trkpt>
      <trkpt lat="54.9881465" lon="25.6462565">
        <ele>174.1</ele>
        <time>2026-07-18T09:07:28Z</time>
        <hdop>3.8</hdop>
        <extensions>
          <osmand:speed>20.8</osmand:speed>
        </extensions>
      </trkpt>
      <trkpt lat="54.9892013" lon="25.6467421">
        <ele>172.9</ele>
        <time>2026-07-18T09:07:34Z</time>
        <hdop>3.8</hdop>
        <extensions>
          <osmand:speed>20.2</osmand:speed>
        </extensions>
      </trkpt>
      <trkpt lat="54.9902757" lon="25.6471048">
        <ele>172.4</ele>
        <time>2026-07-18T09:07:40Z</time>
        <hdop>3.8</hdop>
        <extensions>
          <osmand:speed>20.2</osmand:speed>
        </extensions>
      </trkpt>
      <trkpt lat="54.9912885" lon="25.6471682">
        <ele>173.8</ele>
        <time>2026-07-18T09:07:46Z</time>
        <hdop>3.8</hdop>
        <extensions>
          <osmand:speed>17.4</osmand:speed>
        </extensions>
      </trkpt>
      <trkpt lat="54.9921026" lon="25.6462578">
        <ele>173.7</ele>
        <time>2026-07-18T09:07:52Z</time>
        <hdop>3.8</hdop>
        <extensions>
          <osmand:speed>18.9</osmand:speed>
        </extensions>
      </trkpt>
      <trkpt lat="54.9930587" lon="25.6462405">
        <ele>171.2</ele>
        <time>2026-07-18T09:07:58Z</time>
        <hdop>3.8</hdop>
        <extensions>
          <osmand:speed>19.2</osmand:speed>
        </extensions>
      </trkpt>
      <trkpt lat="54.9940995" lon="25.6466555">
        <ele>170.3</ele>
        <time>2026-07-18T09:08:04Z</time>
        <hdop>3.8</hdop>
        <extensions>
          <osmand:speed>18.9</osmand:speed>
        </extensions>
      </trkpt>
      <trkpt lat="54.9950612" lon="25.646601">
        <ele>173.2</ele>
        <time>2026-07-18T09:08:10Z</time>
        <hdop>3.8</hdop>
        <extensions>
          <osmand:speed>17.2</osmand:speed>
        </extensions>
      </trkpt>
      <trkpt lat="54.996028" lon="25.6461352">
        <ele>174.3</ele>
        <time>2026-07-18T09:08:16Z</time>
        <hdop>3.8</hdop>
        <extensions>
          <osmand:speed>19.1</osmand:speed>
        </extensions>
      </trkpt>
      <trkpt lat="54.9968861" lon="25.6454426">
        <ele>175.2</ele>
        <time>2026-07-18T09:08:22Z</time>
        <hdop>3.8</hdop>
        <extensions>
          <osmand:speed>17</osmand:speed>
        </extensions>
      </trkpt>
      <trkpt lat="54.9977343" lon="25.6452948">
        <ele>177.7</ele>
        <time>2026-07-18T09:08:28Z</time>
        <hdop>3.8</hdop>
        <extensions>
          <osmand:speed>14.9</osmand:speed>
        </extensions>
      </trkpt>
      <trkpt lat="54.9985883" lon="25.6453634">
        <ele>178.4</ele>
        <time>2026-07-18T09:08:34Z</time>
        <hdop>3.8</hdop>
        <extensions>
          <osmand:speed>16.6</osmand:speed>
        </extensions>
      </trkpt>
      <trkpt lat="54.9994155" lon="25.6458099">
        <ele>178.9</ele>
        <time>2026-07-18T09:08:40Z</time>
        <hdop>3.8</hdop>
        <extensions>
          <osmand:speed>15.3</osmand:speed>
        </extensions>
      </trkpt>
      <trkpt lat="55.000196" lon="25.6460916">
        <ele>179</ele>
        <time>2026-07-18T09:08:46Z</time>
        <hdop>3.8</hdop>
        <extensions>
          <osmand:speed>13.7</osmand:speed>
        </extensions>
      </trkpt>
      <trkpt lat="55.0008469" lon="25.6463002">
        <ele>181.9</ele>
        <time>2026-07-18T09:08:52Z</time>
        <hdop>3.8</hdop>
        <extensions>
          <osmand:speed>10.3</osmand:speed>
        </extensions>
      </trkpt>
      <trkpt lat="55.0013198" lon="25.6465312">
        <ele>183.3</ele>
        <time>2026-07-18T09:08:58Z</time>
        <hdop>3.8</hdop>
        <extensions>
          <osmand:speed>6</osmand:speed>
        </extensions>
      </trkpt>
      <trkpt lat="55.0013968" lon="25.6465687">
        <ele>183.3</ele>
        <time>2026-07-18T09:09:04Z</time>
        <hdop>3.8</hdop>
      </trkpt>
      <trkpt lat="55.0014667" lon="25.6465979">
        <ele>184.5</ele>
        <time>2026-07-18T09:09:53Z</time>
        <hdop>3.8</hdop>
        <extensions>
          <osmand:speed>4.1</osmand:speed>
        </extensions>
      </trkpt>
      <trkpt lat="55.0019596" lon="25.646769">
        <ele>182.4</ele>
        <time>2026-07-18T09:09:59Z</time>
        <hdop>3.8</hdop>
        <extensions>
          <osmand:speed>12.1</osmand:speed>
        </extensions>
      </trkpt>
      <trkpt lat="55.0027056" lon="25.64692">
        <ele>179.2</ele>
        <time>2026-07-18T09:10:05Z</time>
        <hdop>3.8</hdop>
        <extensions>
          <osmand:speed>14.7</osmand:speed>
        </extensions>
      </trkpt>
      <trkpt lat="55.0034388" lon="25.6470796">
        <ele>178.6</ele>
        <time>2026-07-18T09:10:11Z</time>
        <hdop>3.8</hdop>
        <extensions>
          <osmand:speed>13.2</osmand:speed>
        </extensions>
      </trkpt>
      <trkpt lat="55.0042487" lon="25.647405">
        <ele>173.8</ele>
        <time>2026-07-18T09:10:17Z</time>
        <hdop>3.8</hdop>
        <extensions>
          <osmand:speed>16.1</osmand:speed>
        </extensions>
      </trkpt>
      <trkpt lat="55.0050331" lon="25.6479178">
        <ele>169.9</ele>
        <time>2026-07-18T09:10:23Z</time>
        <hdop>3.8</hdop>
        <extensions>
          <osmand:speed>16</osmand:speed>
        </extensions>
      </trkpt>
      <trkpt lat="55.005777" lon="25.6485746">
        <ele>168.8</ele>
        <time>2026-07-18T09:10:29Z</time>
        <hdop>3.9</hdop>
        <extensions>
          <osmand:speed>14.7</osmand:speed>
        </extensions>
      </trkpt>
      <trkpt lat="55.0065941" lon="25.6484762">
        <ele>170</ele>
        <time>2026-07-18T09:10:35Z</time>
        <hdop>3.8</hdop>
        <extensions>
          <osmand:speed>16.4</osmand:speed>
        </extensions>
      </trkpt>
      <trkpt lat="55.0074572" lon="25.6479458">
        <ele>171.3</ele>
        <time>2026-07-18T09:10:41Z</time>
        <hdop>3.8</hdop>
        <extensions>
          <osmand:speed>16.8</osmand:speed>
        </extensions>
      </trkpt>
      <trkpt lat="55.0082749" lon="25.6476043">
        <ele>171.3</ele>
        <time>2026-07-18T09:10:47Z</time>
        <hdop>3.8</hdop>
        <extensions>
          <osmand:speed>14.1</osmand:speed>
        </extensions>
      </trkpt>
      <trkpt lat="55.0091224" lon="25.647588">
        <ele>168.3</ele>
        <time>2026-07-18T09:10:53Z</time>
        <hdop>3.8</hdop>
        <extensions>
          <osmand:speed>14.8</osmand:speed>
        </extensions>
      </trkpt>
      <trkpt lat="55.0097821" lon="25.6481381">
        <ele>168</ele>
        <time>2026-07-18T09:10:59Z</time>
        <hdop>3.8</hdop>
        <extensions>
          <osmand:speed>13.4</osmand:speed>
        </extensions>
      </trkpt>
      <trkpt lat="55.0105064" lon="25.648532">
        <ele>167.9</ele>
        <time>2026-07-18T09:11:05Z</time>
        <hdop>3.8</hdop>
        <extensions>
          <osmand:speed>14.3</osmand:speed>
        </extensions>
      </trkpt>
      <trkpt lat="55.011068" lon="25.6489871">
        <ele>167.4</ele>
        <time>2026-07-18T09:11:11Z</time>
        <hdop>3.8</hdop>
        <extensions>
          <osmand:speed>10.7</osmand:speed>
        </extensions>
      </trkpt>
      <trkpt lat="55.0114945" lon="25.6492486">
        <ele>166.5</ele>
        <time>2026-07-18T09:11:17Z</time>
        <hdop>3.8</hdop>
        <extensions>
          <osmand:speed>7.3</osmand:speed>
        </extensions>
      </trkpt>
      <trkpt lat="55.0118061" lon="25.6492164">
        <ele>166.7</ele>
        <time>2026-07-18T09:11:23Z</time>
        <hdop>3.8</hdop>
        <extensions>
          <osmand:speed>2.3</osmand:speed>
        </extensions>
      </trkpt>
      <trkpt lat="55.0120237" lon="25.6491214">
        <ele>166.2</ele>
        <time>2026-07-18T09:11:29Z</time>
        <hdop>3.8</hdop>
        <extensions>
          <osmand:speed>7</osmand:speed>
        </extensions>
      </trkpt>
      <trkpt lat="55.0124953" lon="25.6490796">
        <ele>166.4</ele>
        <time>2026-07-18T09:11:35Z</time>
        <hdop>3.8</hdop>
        <extensions>
          <osmand:speed>9.1</osmand:speed>
        </extensions>
      </trkpt>
      <trkpt lat="55.0129929" lon="25.6494286">
        <ele>166.7</ele>
        <time>2026-07-18T09:11:41Z</time>
        <hdop>3.8</hdop>
        <extensions>
          <osmand:speed>10</osmand:speed>
        </extensions>
      </trkpt>
      <trkpt lat="55.0134796" lon="25.6498696">
        <ele>167.2</ele>
        <time>2026-07-18T09:11:47Z</time>
        <hdop>3.8</hdop>
        <extensions>
          <osmand:speed>9.5</osmand:speed>
        </extensions>
      </trkpt>
      <trkpt lat="55.0138169" lon="25.6506093">
        <ele>165.8</ele>
        <time>2026-07-18T09:11:53Z</time>
        <hdop>3.8</hdop>
        <extensions>
          <osmand:speed>10.6</osmand:speed>
        </extensions>
      </trkpt>
      <trkpt lat="55.0141243" lon="25.6513176">
        <ele>165.3</ele>
        <time>2026-07-18T09:11:59Z</time>
        <hdop>3.8</hdop>
        <extensions>
          <osmand:speed>7.8</osmand:speed>
        </extensions>
      </trkpt>
      <trkpt lat="55.0144875" lon="25.6520062">
        <ele>165</ele>
        <time>2026-07-18T09:12:05Z</time>
        <hdop>3.8</hdop>
        <extensions>
          <osmand:speed>10.7</osmand:speed>
        </extensions>
      </trkpt>
      <trkpt lat="55.0149852" lon="25.652665">
        <ele>167.3</ele>
        <time>2026-07-18T09:12:11Z</time>
        <hdop>3.8</hdop>
        <extensions>
          <osmand:speed>11.7</osmand:speed>
        </extensions>
      </trkpt>
      <trkpt lat="55.0156672" lon="25.6527325">
        <ele>167.9</ele>
        <time>2026-07-18T09:12:17Z</time>
        <hdop>4.2</hdop>
        <extensions>
          <osmand:speed>12.1</osmand:speed>
        </extensions>
      </trkpt>
      <trkpt lat="55.0163523" lon="25.6531033">
        <ele>170.2</ele>
        <time>2026-07-18T09:12:23Z</time>
        <hdop>3.8</hdop>
        <extensions>
          <osmand:speed>13.2</osmand:speed>
        </extensions>
      </trkpt>
      <trkpt lat="55.0170301" lon="25.653717">
        <ele>166.7</ele>
        <time>2026-07-18T09:12:29Z</time>
        <hdop>3.8</hdop>
        <extensions>
          <osmand:speed>14.3</osmand:speed>
        </extensions>
      </trkpt>
      <trkpt lat="55.0178374" lon="25.6544017">
        <ele>169.1</ele>
        <time>2026-07-18T09:12:36Z</time>
        <hdop>3.8</hdop>
        <extensions>
          <osmand:speed>14.6</osmand:speed>
        </extensions>
      </trkpt>
      <trkpt lat="55.0184503" lon="25.6550546">
        <ele>171.3</ele>
        <time>2026-07-18T09:12:42Z</time>
        <hdop>3.8</hdop>
        <extensions>
          <osmand:speed>15.1</osmand:speed>
        </extensions>
      </trkpt>
      <trkpt lat="55.0191694" lon="25.6555108">
        <ele>173.8</ele>
        <time>2026-07-18T09:12:48Z</time>
        <hdop>3.8</hdop>
        <extensions>
          <osmand:speed>14.3</osmand:speed>
        </extensions>
      </trkpt>
      <trkpt lat="55.0199208" lon="25.6559668">
        <ele>178.3</ele>
        <time>2026-07-18T09:12:54Z</time>
        <hdop>3.8</hdop>
        <extensions>
          <osmand:speed>15.3</osmand:speed>
        </extensions>
      </trkpt>
      <trkpt lat="55.0206773" lon="25.6564394">
        <ele>177.9</ele>
        <time>2026-07-18T09:13:00Z</time>
        <hdop>3.8</hdop>
        <extensions>
          <osmand:speed>13.2</osmand:speed>
        </extensions>
      </trkpt>
      <trkpt lat="55.0213745" lon="25.6569109">
        <ele>176</ele>
        <time>2026-07-18T09:13:06Z</time>
        <hdop>3.8</hdop>
        <extensions>
          <osmand:speed>15.2</osmand:speed>
        </extensions>
      </trkpt>
      <trkpt lat="55.0221562" lon="25.6572789">
        <ele>172.3</ele>
        <time>2026-07-18T09:13:12Z</time>
        <hdop>3.8</hdop>
        <extensions>
          <osmand:speed>14.2</osmand:speed>
        </extensions>
      </trkpt>
      <trkpt lat="55.0229403" lon="25.6574199">
        <ele>171</ele>
        <time>2026-07-18T09:13:18Z</time>
        <hdop>3.8</hdop>
        <extensions>
          <osmand:speed>14.5</osmand:speed>
        </extensions>
      </trkpt>
      <trkpt lat="55.0235487" lon="25.6575802">
        <ele>171.4</ele>
        <time>2026-07-18T09:13:24Z</time>
        <hdop>3.8</hdop>
        <extensions>
          <osmand:speed>10.1</osmand:speed>
        </extensions>
      </trkpt>
      <trkpt lat="55.0241088" lon="25.6580938">
        <ele>175.4</ele>
        <time>2026-07-18T09:13:30Z</time>
        <hdop>3.8</hdop>
        <extensions>
          <osmand:speed>12.6</osmand:speed>
        </extensions>
      </trkpt>
      <trkpt lat="55.0248965" lon="25.658606">
        <ele>174.5</ele>
        <time>2026-07-18T09:13:38Z</time>
        <hdop>4.2</hdop>
        <extensions>
          <osmand:speed>12.1</osmand:speed>
        </extensions>
      </trkpt>
      <trkpt lat="55.0255874" lon="25.658266">
        <ele>175.8</ele>
        <time>2026-07-18T09:13:44Z</time>
        <hdop>3.8</hdop>
        <extensions>
          <osmand:speed>13</osmand:speed>
        </extensions>
      </trkpt>
      <trkpt lat="55.0263163" lon="25.6578258">
        <ele>178.8</ele>
        <time>2026-07-18T09:13:50Z</time>
        <hdop>3.8</hdop>
        <extensions>
          <osmand:speed>14.6</osmand:speed>
        </extensions>
      </trkpt>
      <trkpt lat="55.0270647" lon="25.6576013">
        <ele>182</ele>
        <time>2026-07-18T09:13:56Z</time>
        <hdop>3.8</hdop>
        <extensions>
          <osmand:speed>13.9</osmand:speed>
        </extensions>
      </trkpt>
      <trkpt lat="55.0277778" lon="25.6576807">
        <ele>182.5</ele>
        <time>2026-07-18T09:14:02Z</time>
        <hdop>3.8</hdop>
        <extensions>
          <osmand:speed>15.4</osmand:speed>
        </extensions>
      </trkpt>
      <trkpt lat="55.0286449" lon="25.6575931">
        <ele>182.2</ele>
        <time>2026-07-18T09:14:08Z</time>
        <hdop>3.8</hdop>
        <extensions>
          <osmand:speed>18.1</osmand:speed>
        </extensions>
      </trkpt>
      <trkpt lat="55.0295879" lon="25.6576591">
        <ele>181.4</ele>
        <time>2026-07-18T09:14:14Z</time>
        <hdop>3.8</hdop>
        <extensions>
          <osmand:speed>16.8</osmand:speed>
        </extensions>
      </trkpt>
      <trkpt lat="55.0304019" lon="25.6574968">
        <ele>186.4</ele>
        <time>2026-07-18T09:14:20Z</time>
        <hdop>3.8</hdop>
        <extensions>
          <osmand:speed>15.8</osmand:speed>
        </extensions>
      </trkpt>
      <trkpt lat="55.0312767" lon="25.6573812">
        <ele>190.9</ele>
        <time>2026-07-18T09:14:26Z</time>
        <hdop>3.8</hdop>
        <extensions>
          <osmand:speed>16</osmand:speed>
        </extensions>
      </trkpt>
      <trkpt lat="55.0321199" lon="25.6573294">
        <ele>189.8</ele>
        <time>2026-07-18T09:14:32Z</time>
        <hdop>3.8</hdop>
        <extensions>
          <osmand:speed>15.5</osmand:speed>
        </extensions>
      </trkpt>
      <trkpt lat="55.0326257" lon="25.6572838">
        <ele>188.8</ele>
        <time>2026-07-18T09:14:38Z</time>
        <hdop>3.8</hdop>
        <extensions>
          <osmand:speed>4.1</osmand:speed>
        </extensions>
      </trkpt>
      <trkpt lat="55.032709" lon="25.6572884">
        <ele>188.5</ele>
        <time>2026-07-18T09:14:44Z</time>
        <hdop>3.8</hdop>
        <extensions>
          <osmand:speed>0.4</osmand:speed>
        </extensions>
      </trkpt>
      <trkpt lat="55.0328153" lon="25.6572998">
        <ele>188.6</ele>
        <time>2026-07-18T09:14:50Z</time>
        <hdop>3.8</hdop>
        <extensions>
          <osmand:speed>2.4</osmand:speed>
        </extensions>
      </trkpt>
      <trkpt lat="55.0327646" lon="25.657292">
        <ele>190.9</ele>
        <time>2026-07-18T09:20:04Z</time>
        <hdop>3.8</hdop>
        <extensions>
          <osmand:speed>1.2</osmand:speed>
        </extensions>
      </trkpt>
      <trkpt lat="55.0327058" lon="25.6572708">
        <ele>190.7</ele>
        <time>2026-07-18T09:20:10Z</time>
        <hdop>3.8</hdop>
        <extensions>
          <osmand:speed>0.8</osmand:speed>
        </extensions>
      </trkpt>
      <trkpt lat="55.032754" lon="25.6572642">
        <ele>190.2</ele>
        <time>2026-07-18T09:22:13Z</time>
        <hdop>3.8</hdop>
        <extensions>
          <osmand:speed>1.1</osmand:speed>
        </extensions>
      </trkpt>
      <trkpt lat="55.0328032" lon="25.6572767">
        <ele>190.3</ele>
        <time>2026-07-18T09:22:19Z</time>
        <hdop>3.8</hdop>
        <extensions>
          <osmand:speed>0.7</osmand:speed>
        </extensions>
      </trkpt>
      <trkpt lat="55.0327505" lon="25.6572892">
        <ele>190.8</ele>
        <time>2026-07-18T09:22:25Z</time>
        <hdop>3.8</hdop>
        <extensions>
          <osmand:speed>1.3</osmand:speed>
        </extensions>
      </trkpt>
      <trkpt lat="55.0326951" lon="25.6572674">
        <ele>190.6</ele>
        <time>2026-07-18T09:22:31Z</time>
        <hdop>3.8</hdop>
      </trkpt>
      <trkpt lat="55.0327466" lon="25.6572884">
        <ele>191.3</ele>
        <time>2026-07-18T09:23:10Z</time>
        <hdop>3.8</hdop>
        <extensions>
          <osmand:speed>0.8</osmand:speed>
        </extensions>
      </trkpt>
      <trkpt lat="55.0327975" lon="25.6572854">
        <ele>191.2</ele>
        <time>2026-07-18T09:23:16Z</time>
        <hdop>3.8</hdop>
        <extensions>
          <osmand:speed>1.1</osmand:speed>
        </extensions>
      </trkpt>
      <trkpt lat="55.0327909" lon="25.6573641">
        <ele>190.5</ele>
        <time>2026-07-18T09:23:51Z</time>
        <hdop>3.8</hdop>
        <extensions>
          <osmand:speed>4.8</osmand:speed>
        </extensions>
      </trkpt>
      <trkpt lat="55.0327716" lon="25.6580066">
        <ele>188.9</ele>
        <time>2026-07-18T09:23:57Z</time>
        <hdop>3.8</hdop>
        <extensions>
          <osmand:speed>8.3</osmand:speed>
        </extensions>
      </trkpt>
      <trkpt lat="55.0327901" lon="25.6587963">
        <ele>187.9</ele>
        <time>2026-07-18T09:24:03Z</time>
        <hdop>3.8</hdop>
        <extensions>
          <osmand:speed>8.8</osmand:speed>
        </extensions>
      </trkpt>
      <trkpt lat="55.0327905" lon="25.6596567">
        <ele>186.1</ele>
        <time>2026-07-18T09:24:09Z</time>
        <hdop>3.8</hdop>
        <extensions>
          <osmand:speed>9.5</osmand:speed>
        </extensions>
      </trkpt>
      <trkpt lat="55.0328061" lon="25.6605448">
        <ele>185.9</ele>
        <time>2026-07-18T09:24:15Z</time>
        <hdop>3.8</hdop>
        <extensions>
          <osmand:speed>8.9</osmand:speed>
        </extensions>
      </trkpt>
      <trkpt lat="55.0328094" lon="25.6613621">
        <ele>188.1</ele>
        <time>2026-07-18T09:24:21Z</time>
        <hdop>3.8</hdop>
        <extensions>
          <osmand:speed>8.7</osmand:speed>
        </extensions>
      </trkpt>
      <trkpt lat="55.0328266" lon="25.6622378">
        <ele>188.5</ele>
        <time>2026-07-18T09:24:27Z</time>
        <hdop>3.8</hdop>
        <extensions>
          <osmand:speed>9.9</osmand:speed>
        </extensions>
      </trkpt>
      <trkpt lat="55.0328327" lon="25.6631774">
        <ele>188.7</ele>
        <time>2026-07-18T09:24:33Z</time>
        <hdop>3.8</hdop>
        <extensions>
          <osmand:speed>9.8</osmand:speed>
        </extensions>
      </trkpt>
      <trkpt lat="55.0328193" lon="25.6641108">
        <ele>186.6</ele>
        <time>2026-07-18T09:24:39Z</time>
        <hdop>3.8</hdop>
        <extensions>
          <osmand:speed>10.1</osmand:speed>
        </extensions>
      </trkpt>
      <trkpt lat="55.0328369" lon="25.6650663">
        <ele>183.8</ele>
        <time>2026-07-18T09:24:45Z</time>
        <hdop>3.8</hdop>
        <extensions>
          <osmand:speed>8.4</osmand:speed>
        </extensions>
      </trkpt>
      <trkpt lat="55.032873" lon="25.6654081">
        <ele>184.1</ele>
        <time>2026-07-18T09:24:51Z</time>
        <hdop>3.8</hdop>
        <extensions>
          <osmand:speed>0.5</osmand:speed>
        </extensions>
      </trkpt>
      <trkpt lat="55.0330739" lon="25.6655595">
        <ele>182.5</ele>
        <time>2026-07-18T09:24:57Z</time>
        <hdop>3.8</hdop>
        <extensions>
          <osmand:speed>6</osmand:speed>
        </extensions>
      </trkpt>
      <trkpt lat="55.0335281" lon="25.6655271">
        <ele>176.6</ele>
        <time>2026-07-18T09:25:03Z</time>
        <hdop>3.8</hdop>
        <extensions>
          <osmand:speed>9.1</osmand:speed>
        </extensions>
      </trkpt>
      <trkpt lat="55.0340463" lon="25.6655097">
        <ele>177.5</ele>
        <time>2026-07-18T09:25:09Z</time>
        <hdop>3.8</hdop>
        <extensions>
          <osmand:speed>10.1</osmand:speed>
        </extensions>
      </trkpt>
      <trkpt lat="55.034586" lon="25.6654907">
        <ele>175.8</ele>
        <time>2026-07-18T09:25:15Z</time>
        <hdop>3.8</hdop>
        <extensions>
          <osmand:speed>9.7</osmand:speed>
        </extensions>
      </trkpt>
      <trkpt lat="55.0348299" lon="25.665503">
        <ele>174.2</ele>
        <time>2026-07-18T09:25:21Z</time>
        <hdop>3.8</hdop>
      </trkpt>
      <trkpt lat="55.0348625" lon="25.6655838">
        <ele>174.2</ele>
        <time>2026-07-18T09:29:51Z</time>
        <hdop>3.8</hdop>
        <extensions>
          <osmand:speed>1.5</osmand:speed>
        </extensions>
      </trkpt>
      <trkpt lat="55.0349129" lon="25.6656312">
        <ele>174.1</ele>
        <time>2026-07-18T09:29:57Z</time>
        <hdop>3.8</hdop>
        <extensions>
          <osmand:speed>1.5</osmand:speed>
        </extensions>
      </trkpt>
      <trkpt lat="55.0349759" lon="25.6656369">
        <ele>174.6</ele>
        <time>2026-07-18T09:30:03Z</time>
        <hdop>3.8</hdop>
        <extensions>
          <osmand:speed>1</osmand:speed>
        </extensions>
      </trkpt>
      <trkpt lat="55.0350342" lon="25.6656195">
        <ele>174.5</ele>
        <time>2026-07-18T09:30:09Z</time>
        <hdop>3.8</hdop>
        <extensions>
          <osmand:speed>0.4</osmand:speed>
        </extensions>
      </trkpt>
      <trkpt lat="55.0348862" lon="25.6654803">
        <ele>170.4</ele>
        <time>2026-07-18T09:32:05Z</time>
        <hdop>4.2</hdop>
      </trkpt>
      <trkpt lat="55.0348911" lon="25.6655756">
        <ele>176.4</ele>
        <time>2026-07-18T09:32:17Z</time>
        <hdop>3.8</hdop>
        <extensions>
          <osmand:speed>3.3</osmand:speed>
        </extensions>
      </trkpt>
      <trkpt lat="55.0350008" lon="25.6656774">
        <ele>174.5</ele>
        <time>2026-07-18T09:32:23Z</time>
        <hdop>3.8</hdop>
        <extensions>
          <osmand:speed>2.6</osmand:speed>
        </extensions>
      </trkpt>
      <trkpt lat="55.0352227" lon="25.6656477">
        <ele>174</ele>
        <time>2026-07-18T09:32:29Z</time>
        <hdop>4.2</hdop>
        <extensions>
          <osmand:speed>4.4</osmand:speed>
        </extensions>
      </trkpt>
      <trkpt lat="55.0358988" lon="25.6654415">
        <ele>181.6</ele>
        <time>2026-07-18T09:33:16Z</time>
        <hdop>4.7</hdop>
      </trkpt>
      <trkpt lat="55.0359534" lon="25.6654248">
        <ele>178</ele>
        <time>2026-07-18T09:35:08Z</time>
        <hdop>3.8</hdop>
        <extensions>
          <osmand:speed>4.2</osmand:speed>
        </extensions>
      </trkpt>
      <trkpt lat="55.036262" lon="25.6654031">
        <ele>180.4</ele>
        <time>2026-07-18T09:35:14Z</time>
        <hdop>3.8</hdop>
        <extensions>
          <osmand:speed>6.5</osmand:speed>
        </extensions>
      </trkpt>
      <trkpt lat="55.0366384" lon="25.6653979">
        <ele>179.1</ele>
        <time>2026-07-18T09:35:20Z</time>
        <hdop>3.8</hdop>
        <extensions>
          <osmand:speed>6.8</osmand:speed>
        </extensions>
      </trkpt>
      <trkpt lat="55.037012" lon="25.6653596">
        <ele>177.6</ele>
        <time>2026-07-18T09:35:26Z</time>
        <hdop>3.8</hdop>
        <extensions>
          <osmand:speed>7.5</osmand:speed>
        </extensions>
      </trkpt>
      <trkpt lat="55.0374424" lon="25.665326">
        <ele>174.1</ele>
        <time>2026-07-18T09:35:32Z</time>
        <hdop>3.8</hdop>
        <extensions>
          <osmand:speed>8.8</osmand:speed>
        </extensions>
      </trkpt>
      <trkpt lat="55.037734" lon="25.6653157">
        <ele>172.2</ele>
        <time>2026-07-18T09:35:38Z</time>
        <hdop>3.8</hdop>
        <extensions>
          <osmand:speed>0.9</osmand:speed>
        </extensions>
      </trkpt>
      <trkpt lat="55.0378552" lon="25.6652889">
        <ele>172.4</ele>
        <time>2026-07-18T09:35:44Z</time>
        <hdop>3.8</hdop>
        <extensions>
          <osmand:speed>4.2</osmand:speed>
        </extensions>
      </trkpt>
      <trkpt lat="55.0380084" lon="25.6653306">
        <ele>171.9</ele>
        <time>2026-07-18T09:35:50Z</time>
        <hdop>3.8</hdop>
        <extensions>
          <osmand:speed>1</osmand:speed>
        </extensions>
      </trkpt>
      <trkpt lat="55.0380685" lon="25.6653184">
        <ele>173.1</ele>
        <time>2026-07-18T09:36:47Z</time>
        <hdop>4.5</hdop>
        <extensions>
          <osmand:speed>3</osmand:speed>
        </extensions>
      </trkpt>
      <trkpt lat="55.0383459" lon="25.6648221">
        <ele>173.1</ele>
        <time>2026-07-18T09:36:53Z</time>
        <hdop>3.8</hdop>
        <extensions>
          <osmand:speed>8</osmand:speed>
        </extensions>
      </trkpt>
      <trkpt lat="55.0386369" lon="25.6641259">
        <ele>172.6</ele>
        <time>2026-07-18T09:36:59Z</time>
        <hdop>3.8</hdop>
        <extensions>
          <osmand:speed>8.9</osmand:speed>
        </extensions>
      </trkpt>
      <trkpt lat="55.0390905" lon="25.6635308">
        <ele>172.6</ele>
        <time>2026-07-18T09:37:05Z</time>
        <hdop>3.8</hdop>
        <extensions>
          <osmand:speed>11.6</osmand:speed>
        </extensions>
      </trkpt>
      <trkpt lat="55.039649" lon="25.6631792">
        <ele>172.1</ele>
        <time>2026-07-18T09:37:11Z</time>
        <hdop>3.8</hdop>
        <extensions>
          <osmand:speed>11.6</osmand:speed>
        </extensions>
      </trkpt>
      <trkpt lat="55.0402474" lon="25.6628113">
        <ele>172.4</ele>
        <time>2026-07-18T09:37:17Z</time>
        <hdop>3.8</hdop>
        <extensions>
          <osmand:speed>11.7</osmand:speed>
        </extensions>
      </trkpt>
      <trkpt lat="55.0408409" lon="25.6623415">
        <ele>174</ele>
        <time>2026-07-18T09:37:23Z</time>
        <hdop>3.8</hdop>
        <extensions>
          <osmand:speed>11.9</osmand:speed>
        </extensions>
      </trkpt>
      <trkpt lat="55.0414795" lon="25.6620186">
        <ele>175</ele>
        <time>2026-07-18T09:37:29Z</time>
        <hdop>3.8</hdop>
        <extensions>
          <osmand:speed>12.4</osmand:speed>
        </extensions>
      </trkpt>
      <trkpt lat="55.0421519" lon="25.6616395">
        <ele>178.2</ele>
        <time>2026-07-18T09:37:35Z</time>
        <hdop>3.8</hdop>
        <extensions>
          <osmand:speed>11.8</osmand:speed>
        </extensions>
      </trkpt>
      <trkpt lat="55.0428358" lon="25.6612612">
        <ele>181.5</ele>
        <time>2026-07-18T09:37:41Z</time>
        <hdop>3.8</hdop>
        <extensions>
          <osmand:speed>12.2</osmand:speed>
        </extensions>
      </trkpt>
      <trkpt lat="55.0434317" lon="25.6607811">
        <ele>181.3</ele>
        <time>2026-07-18T09:37:47Z</time>
        <hdop>3.8</hdop>
        <extensions>
          <osmand:speed>13</osmand:speed>
        </extensions>
      </trkpt>
      <trkpt lat="55.0440185" lon="25.6601741">
        <ele>182.9</ele>
        <time>2026-07-18T09:37:53Z</time>
        <hdop>3.8</hdop>
        <extensions>
          <osmand:speed>13.4</osmand:speed>
        </extensions>
      </trkpt>
      <trkpt lat="55.044576" lon="25.6595376">
        <ele>178.8</ele>
        <time>2026-07-18T09:37:59Z</time>
        <hdop>3.8</hdop>
        <extensions>
          <osmand:speed>13</osmand:speed>
        </extensions>
      </trkpt>
      <trkpt lat="55.0453534" lon="25.6593321">
        <ele>177.6</ele>
        <time>2026-07-18T09:38:05Z</time>
        <hdop>3.8</hdop>
        <extensions>
          <osmand:speed>13.5</osmand:speed>
        </extensions>
      </trkpt>
      <trkpt lat="55.0459439" lon="25.6586854">
        <ele>176.7</ele>
        <time>2026-07-18T09:38:11Z</time>
        <hdop>3.8</hdop>
        <extensions>
          <osmand:speed>12.5</osmand:speed>
        </extensions>
      </trkpt>
      <trkpt lat="55.0463041" lon="25.657698">
        <ele>176.7</ele>
        <time>2026-07-18T09:38:17Z</time>
        <hdop>3.8</hdop>
        <extensions>
          <osmand:speed>11.7</osmand:speed>
        </extensions>
      </trkpt>
      <trkpt lat="55.0465568" lon="25.6568605">
        <ele>177.7</ele>
        <time>2026-07-18T09:38:23Z</time>
        <hdop>3.8</hdop>
        <extensions>
          <osmand:speed>9.2</osmand:speed>
        </extensions>
      </trkpt>
      <trkpt lat="55.0468823" lon="25.6561153">
        <ele>177.6</ele>
        <time>2026-07-18T09:38:29Z</time>
        <hdop>3.8</hdop>
        <extensions>
          <osmand:speed>7.7</osmand:speed>
        </extensions>
      </trkpt>
      <trkpt lat="55.0471718" lon="25.6555742">
        <ele>178.6</ele>
        <time>2026-07-18T09:38:35Z</time>
        <hdop>3.8</hdop>
        <extensions>
          <osmand:speed>6.8</osmand:speed>
        </extensions>
      </trkpt>
      <trkpt lat="55.0473914" lon="25.6552216">
        <ele>180.4</ele>
        <time>2026-07-18T09:38:41Z</time>
        <hdop>3.8</hdop>
        <extensions>
          <osmand:speed>6.8</osmand:speed>
        </extensions>
      </trkpt>
      <trkpt lat="55.0477095" lon="25.6548494">
        <ele>176.3</ele>
        <time>2026-07-18T09:38:47Z</time>
        <hdop>3.8</hdop>
        <extensions>
          <osmand:speed>7.5</osmand:speed>
        </extensions>
      </trkpt>
      <trkpt lat="55.0480865" lon="25.654542">
        <ele>179.4</ele>
        <time>2026-07-18T09:38:53Z</time>
        <hdop>3.8</hdop>
        <extensions>
          <osmand:speed>7.6</osmand:speed>
        </extensions>
      </trkpt>
      <trkpt lat="55.0486242" lon="25.6544078">
        <ele>179.2</ele>
        <time>2026-07-18T09:38:59Z</time>
        <hdop>4.9</hdop>
        <extensions>
          <osmand:speed>12</osmand:speed>
        </extensions>
      </trkpt>
      <trkpt lat="55.0494191" lon="25.6543007">
        <ele>178.6</ele>
        <time>2026-07-18T09:39:05Z</time>
        <hdop>3.8</hdop>
        <extensions>
          <osmand:speed>16.2</osmand:speed>
        </extensions>
      </trkpt>
      <trkpt lat="55.0502814" lon="25.6540968">
        <ele>178.9</ele>
        <time>2026-07-18T09:39:11Z</time>
        <hdop>3.9</hdop>
        <extensions>
          <osmand:speed>16</osmand:speed>
        </extensions>
      </trkpt>
      <trkpt lat="55.0511888" lon="25.6538925">
        <ele>176.2</ele>
        <time>2026-07-18T09:39:17Z</time>
        <hdop>3.8</hdop>
        <extensions>
          <osmand:speed>14.1</osmand:speed>
        </extensions>
      </trkpt>
      <trkpt lat="55.051992" lon="25.6537388">
        <ele>174.6</ele>
        <time>2026-07-18T09:39:23Z</time>
        <hdop>3.8</hdop>
        <extensions>
          <osmand:speed>13.7</osmand:speed>
        </extensions>
      </trkpt>
      <trkpt lat="55.0527502" lon="25.6533875">
        <ele>171</ele>
        <time>2026-07-18T09:39:29Z</time>
        <hdop>3.8</hdop>
        <extensions>
          <osmand:speed>15</osmand:speed>
        </extensions>
      </trkpt>
      <trkpt lat="55.0534871" lon="25.653208">
        <ele>172.7</ele>
        <time>2026-07-18T09:39:35Z</time>
        <hdop>3.8</hdop>
        <extensions>
          <osmand:speed>13.9</osmand:speed>
        </extensions>
      </trkpt>
      <trkpt lat="55.0542323" lon="25.653288">
        <ele>170.6</ele>
        <time>2026-07-18T09:39:41Z</time>
        <hdop>3.8</hdop>
        <extensions>
          <osmand:speed>12.8</osmand:speed>
        </extensions>
      </trkpt>
      <trkpt lat="55.0548297" lon="25.653055">
        <ele>171</ele>
        <time>2026-07-18T09:39:47Z</time>
        <hdop>3.8</hdop>
        <extensions>
          <osmand:speed>10.9</osmand:speed>
        </extensions>
      </trkpt>
      <trkpt lat="55.0554268" lon="25.6535582">
        <ele>169</ele>
        <time>2026-07-18T09:39:53Z</time>
        <hdop>3.8</hdop>
        <extensions>
          <osmand:speed>14</osmand:speed>
        </extensions>
      </trkpt>
      <trkpt lat="55.0560109" lon="25.6541319">
        <ele>171.1</ele>
        <time>2026-07-18T09:39:59Z</time>
        <hdop>3.8</hdop>
        <extensions>
          <osmand:speed>12.6</osmand:speed>
        </extensions>
      </trkpt>
      <trkpt lat="55.0567908" lon="25.6541981">
        <ele>171.3</ele>
        <time>2026-07-18T09:40:05Z</time>
        <hdop>3.8</hdop>
        <extensions>
          <osmand:speed>15</osmand:speed>
        </extensions>
      </trkpt>
      <trkpt lat="55.0574759" lon="25.6545231">
        <ele>170.1</ele>
        <time>2026-07-18T09:40:11Z</time>
        <hdop>3.8</hdop>
        <extensions>
          <osmand:speed>13.6</osmand:speed>
        </extensions>
      </trkpt>
      <trkpt lat="55.0581427" lon="25.6549828">
        <ele>169.3</ele>
        <time>2026-07-18T09:40:17Z</time>
        <hdop>4.1</hdop>
        <extensions>
          <osmand:speed>12.9</osmand:speed>
        </extensions>
      </trkpt>
      <trkpt lat="55.0587517" lon="25.6554759">
        <ele>171</ele>
        <time>2026-07-18T09:40:23Z</time>
        <hdop>3.9</hdop>
        <extensions>
          <osmand:speed>14.8</osmand:speed>
        </extensions>
      </trkpt>
      <trkpt lat="55.0592727" lon="25.6561377">
        <ele>171.3</ele>
        <time>2026-07-18T09:40:29Z</time>
        <hdop>3.8</hdop>
        <extensions>
          <osmand:speed>7.9</osmand:speed>
        </extensions>
      </trkpt>
      <trkpt lat="55.0595582" lon="25.6565649">
        <ele>169.9</ele>
        <time>2026-07-18T09:40:35Z</time>
        <hdop>3.8</hdop>
        <extensions>
          <osmand:speed>6.6</osmand:speed>
        </extensions>
      </trkpt>
      <trkpt lat="55.0597308" lon="25.6570529">
        <ele>167.4</ele>
        <time>2026-07-18T09:40:41Z</time>
        <hdop>3.8</hdop>
        <extensions>
          <osmand:speed>5.6</osmand:speed>
        </extensions>
      </trkpt>
      <trkpt lat="55.059989" lon="25.6572981">
        <ele>169.1</ele>
        <time>2026-07-18T09:40:47Z</time>
        <hdop>3.8</hdop>
        <extensions>
          <osmand:speed>7.7</osmand:speed>
        </extensions>
      </trkpt>
      <trkpt lat="55.0604177" lon="25.6572734">
        <ele>172</ele>
        <time>2026-07-18T09:40:53Z</time>
        <hdop>3.8</hdop>
        <extensions>
          <osmand:speed>8.6</osmand:speed>
        </extensions>
      </trkpt>
      <trkpt lat="55.0609164" lon="25.6569798">
        <ele>172.1</ele>
        <time>2026-07-18T09:40:59Z</time>
        <hdop>3.8</hdop>
        <extensions>
          <osmand:speed>9.9</osmand:speed>
        </extensions>
      </trkpt>
      <trkpt lat="55.0613739" lon="25.6565067">
        <ele>172.7</ele>
        <time>2026-07-18T09:41:05Z</time>
        <hdop>3.8</hdop>
        <extensions>
          <osmand:speed>10</osmand:speed>
        </extensions>
      </trkpt>
      <trkpt lat="55.0617017" lon="25.6561086">
        <ele>174.4</ele>
        <time>2026-07-18T09:41:11Z</time>
        <hdop>3.8</hdop>
        <extensions>
          <osmand:speed>6.6</osmand:speed>
        </extensions>
      </trkpt>
      <trkpt lat="55.0620436" lon="25.6559433">
        <ele>175.2</ele>
        <time>2026-07-18T09:41:17Z</time>
        <hdop>3.8</hdop>
        <extensions>
          <osmand:speed>7.2</osmand:speed>
        </extensions>
      </trkpt>
      <trkpt lat="55.0624934" lon="25.6560772">
        <ele>174.9</ele>
        <time>2026-07-18T09:41:23Z</time>
        <hdop>3.8</hdop>
        <extensions>
          <osmand:speed>9.2</osmand:speed>
        </extensions>
      </trkpt>
      <trkpt lat="55.0629544" lon="25.6565085">
        <ele>175.2</ele>
        <time>2026-07-18T09:41:29Z</time>
        <hdop>3.8</hdop>
        <extensions>
          <osmand:speed>9.7</osmand:speed>
        </extensions>
      </trkpt>
      <trkpt lat="55.0634463" lon="25.6569419">
        <ele>176.4</ele>
        <time>2026-07-18T09:41:35Z</time>
        <hdop>3.8</hdop>
        <extensions>
          <osmand:speed>10.7</osmand:speed>
        </extensions>
      </trkpt>
      <trkpt lat="55.0638814" lon="25.6575372">
        <ele>178.4</ele>
        <time>2026-07-18T09:41:41Z</time>
        <hdop>3.8</hdop>
        <extensions>
          <osmand:speed>10.8</osmand:speed>
        </extensions>
      </trkpt>
      <trkpt lat="55.0643435" lon="25.6581694">
        <ele>179</ele>
        <time>2026-07-18T09:41:47Z</time>
        <hdop>3.8</hdop>
        <extensions>
          <osmand:speed>12.4</osmand:speed>
        </extensions>
      </trkpt>
      <trkpt lat="55.0648745" lon="25.6588697">
        <ele>177.8</ele>
        <time>2026-07-18T09:41:53Z</time>
        <hdop>3.8</hdop>
        <extensions>
          <osmand:speed>12.9</osmand:speed>
        </extensions>
      </trkpt>
      <trkpt lat="55.0654553" lon="25.659608">
        <ele>176.6</ele>
        <time>2026-07-18T09:41:59Z</time>
        <hdop>3.8</hdop>
        <extensions>
          <osmand:speed>14.5</osmand:speed>
        </extensions>
      </trkpt>
      <trkpt lat="55.0661761" lon="25.6603532">
        <ele>173.7</ele>
        <time>2026-07-18T09:42:05Z</time>
        <hdop>3.8</hdop>
        <extensions>
          <osmand:speed>16.5</osmand:speed>
        </extensions>
      </trkpt>
      <trkpt lat="55.066999" lon="25.6609008">
        <ele>171.7</ele>
        <time>2026-07-18T09:42:11Z</time>
        <hdop>3.8</hdop>
        <extensions>
          <osmand:speed>15.9</osmand:speed>
        </extensions>
      </trkpt>
      <trkpt lat="55.0676761" lon="25.6617649">
        <ele>171</ele>
        <time>2026-07-18T09:42:17Z</time>
        <hdop>3.8</hdop>
        <extensions>
          <osmand:speed>16.2</osmand:speed>
        </extensions>
      </trkpt>
      <trkpt lat="55.0682509" lon="25.6628148">
        <ele>172.2</ele>
        <time>2026-07-18T09:42:23Z</time>
        <hdop>3.8</hdop>
        <extensions>
          <osmand:speed>15.4</osmand:speed>
        </extensions>
      </trkpt>
      <trkpt lat="55.06888" lon="25.6635009">
        <ele>172.6</ele>
        <time>2026-07-18T09:42:29Z</time>
        <hdop>3.8</hdop>
        <extensions>
          <osmand:speed>11</osmand:speed>
        </extensions>
      </trkpt>
      <trkpt lat="55.0692595" lon="25.6638314">
        <ele>172.2</ele>
        <time>2026-07-18T09:42:35Z</time>
        <hdop>3.8</hdop>
        <extensions>
          <osmand:speed>10.9</osmand:speed>
        </extensions>
      </trkpt>
      <trkpt lat="55.0698249" lon="25.6643479">
        <ele>171.9</ele>
        <time>2026-07-18T09:42:41Z</time>
        <hdop>3.8</hdop>
        <extensions>
          <osmand:speed>12.9</osmand:speed>
        </extensions>
      </trkpt>
      <trkpt lat="55.0704484" lon="25.6649408">
        <ele>172</ele>
        <time>2026-07-18T09:42:47Z</time>
        <hdop>3.8</hdop>
        <extensions>
          <osmand:speed>13</osmand:speed>
        </extensions>
      </trkpt>
      <trkpt lat="55.0710522" lon="25.665103">
        <ele>172.3</ele>
        <time>2026-07-18T09:42:53Z</time>
        <hdop>3.8</hdop>
        <extensions>
          <osmand:speed>11.4</osmand:speed>
        </extensions>
      </trkpt>
      <trkpt lat="55.0715771" lon="25.6645501">
        <ele>173.1</ele>
        <time>2026-07-18T09:42:59Z</time>
        <hdop>3.8</hdop>
        <extensions>
          <osmand:speed>11.2</osmand:speed>
        </extensions>
      </trkpt>
      <trkpt lat="55.0721039" lon="25.664248">
        <ele>172.8</ele>
        <time>2026-07-18T09:43:05Z</time>
        <hdop>3.8</hdop>
        <extensions>
          <osmand:speed>8.9</osmand:speed>
        </extensions>
      </trkpt>
      <trkpt lat="55.0723904" lon="25.6647938">
        <ele>171.9</ele>
        <time>2026-07-18T09:43:11Z</time>
        <hdop>3.8</hdop>
        <extensions>
          <osmand:speed>12.3</osmand:speed>
        </extensions>
      </trkpt>
      <trkpt lat="55.0727295" lon="25.6658744">
        <ele>171.8</ele>
        <time>2026-07-18T09:43:17Z</time>
        <hdop>3.8</hdop>
        <extensions>
          <osmand:speed>14.4</osmand:speed>
        </extensions>
      </trkpt>
      <trkpt lat="55.0732764" lon="25.666811">
        <ele>170.7</ele>
        <time>2026-07-18T09:43:23Z</time>
        <hdop>3.8</hdop>
        <extensions>
          <osmand:speed>13.7</osmand:speed>
        </extensions>
      </trkpt>
      <trkpt lat="55.0737974" lon="25.6676954">
        <ele>170.5</ele>
        <time>2026-07-18T09:43:29Z</time>
        <hdop>3.8</hdop>
        <extensions>
          <osmand:speed>12.4</osmand:speed>
        </extensions>
      </trkpt>
      <trkpt lat="55.0742336" lon="25.668405">
        <ele>170.9</ele>
        <time>2026-07-18T09:43:35Z</time>
        <hdop>3.8</hdop>
        <extensions>
          <osmand:speed>10.1</osmand:speed>
        </extensions>
      </trkpt>
      <trkpt lat="55.0745651" lon="25.6689351">
        <ele>170.6</ele>
        <time>2026-07-18T09:43:41Z</time>
        <hdop>3.8</hdop>
        <extensions>
          <osmand:speed>6.8</osmand:speed>
        </extensions>
      </trkpt>
      <trkpt lat="55.0747962" lon="25.6692914">
        <ele>170.6</ele>
        <time>2026-07-18T09:43:47Z</time>
        <hdop>3.8</hdop>
        <extensions>
          <osmand:speed>5.2</osmand:speed>
        </extensions>
      </trkpt>
      <trkpt lat="55.0749476" lon="25.6695319">
        <ele>170.7</ele>
        <time>2026-07-18T09:43:53Z</time>
        <hdop>3.8</hdop>
        <extensions>
          <osmand:speed>2.7</osmand:speed>
        </extensions>
      </trkpt>
      <trkpt lat="55.0749837" lon="25.6695891">
        <ele>171.7</ele>
        <time>2026-07-18T09:44:09Z</time>
        <hdop>3.8</hdop>
        <extensions>
          <osmand:speed>0.9</osmand:speed>
        </extensions>
      </trkpt>
      <trkpt lat="55.0754844" lon="25.6702932">
        <ele>170.2</ele>
        <time>2026-07-18T09:44:15Z</time>
        <hdop>3.8</hdop>
        <extensions>
          <osmand:speed>18.4</osmand:speed>
        </extensions>
      </trkpt>
      <trkpt lat="55.0762252" lon="25.6714569">
        <ele>169.9</ele>
        <time>2026-07-18T09:44:21Z</time>
        <hdop>3.8</hdop>
        <extensions>
          <osmand:speed>17.6</osmand:speed>
        </extensions>
      </trkpt>
      <trkpt lat="55.0768303" lon="25.6724556">
        <ele>170.6</ele>
        <time>2026-07-18T09:44:27Z</time>
        <hdop>3.8</hdop>
        <extensions>
          <osmand:speed>14</osmand:speed>
        </extensions>
      </trkpt>
      <trkpt lat="55.0772623" lon="25.6729922">
        <ele>170.5</ele>
        <time>2026-07-18T09:44:33Z</time>
        <hdop>3.8</hdop>
        <extensions>
          <osmand:speed>11.8</osmand:speed>
        </extensions>
      </trkpt>
      <trkpt lat="55.0777813" lon="25.6737529">
        <ele>170.7</ele>
        <time>2026-07-18T09:44:39Z</time>
        <hdop>3.8</hdop>
        <extensions>
          <osmand:speed>11.7</osmand:speed>
        </extensions>
      </trkpt>
      <trkpt lat="55.0781072" lon="25.6741956">
        <ele>172.3</ele>
        <time>2026-07-18T09:44:45Z</time>
        <hdop>3.8</hdop>
        <extensions>
          <osmand:speed>4.4</osmand:speed>
        </extensions>
      </trkpt>
      <trkpt lat="55.0783243" lon="25.6746018">
        <ele>174.4</ele>
        <time>2026-07-18T09:44:51Z</time>
        <hdop>3.8</hdop>
        <extensions>
          <osmand:speed>5.5</osmand:speed>
        </extensions>
      </trkpt>
      <trkpt lat="55.0786289" lon="25.6749644">
        <ele>174.7</ele>
        <time>2026-07-18T09:44:57Z</time>
        <hdop>3.8</hdop>
        <extensions>
          <osmand:speed>8.4</osmand:speed>
        </extensions>
      </trkpt>
      <trkpt lat="55.0790529" lon="25.6753278">
        <ele>172.7</ele>
        <time>2026-07-18T09:45:03Z</time>
        <hdop>3.8</hdop>
        <extensions>
          <osmand:speed>10.3</osmand:speed>
        </extensions>
      </trkpt>
      <trkpt lat="55.0797465" lon="25.6759288">
        <ele>172.3</ele>
        <time>2026-07-18T09:45:09Z</time>
        <hdop>3.8</hdop>
        <extensions>
          <osmand:speed>16.3</osmand:speed>
        </extensions>
      </trkpt>
      <trkpt lat="55.0805003" lon="25.6764812">
        <ele>173.5</ele>
        <time>2026-07-18T09:45:15Z</time>
        <hdop>3.8</hdop>
        <extensions>
          <osmand:speed>14</osmand:speed>
        </extensions>
      </trkpt>
      <trkpt lat="55.0812743" lon="25.677043">
        <ele>174.7</ele>
        <time>2026-07-18T09:45:21Z</time>
        <hdop>3.8</hdop>
        <extensions>
          <osmand:speed>17.5</osmand:speed>
        </extensions>
      </trkpt>
      <trkpt lat="55.0821662" lon="25.6777244">
        <ele>173.7</ele>
        <time>2026-07-18T09:45:27Z</time>
        <hdop>3.8</hdop>
        <extensions>
          <osmand:speed>17.8</osmand:speed>
        </extensions>
      </trkpt>
      <trkpt lat="55.0829985" lon="25.6784693">
        <ele>176.8</ele>
        <time>2026-07-18T09:45:33Z</time>
        <hdop>3.8</hdop>
        <extensions>
          <osmand:speed>16.6</osmand:speed>
        </extensions>
      </trkpt>
      <trkpt lat="55.0836701" lon="25.6796633">
        <ele>174.8</ele>
        <time>2026-07-18T09:45:39Z</time>
        <hdop>3.8</hdop>
        <extensions>
          <osmand:speed>17.2</osmand:speed>
        </extensions>
      </trkpt>
      <trkpt lat="55.0842025" lon="25.6808125">
        <ele>174.9</ele>
        <time>2026-07-18T09:45:45Z</time>
        <hdop>3.8</hdop>
        <extensions>
          <osmand:speed>15.6</osmand:speed>
        </extensions>
      </trkpt>
      <trkpt lat="55.0846763" lon="25.6818161">
        <ele>177.1</ele>
        <time>2026-07-18T09:45:51Z</time>
        <hdop>3.8</hdop>
        <extensions>
          <osmand:speed>10.4</osmand:speed>
        </extensions>
      </trkpt>
      <trkpt lat="55.0850191" lon="25.6822094">
        <ele>177.1</ele>
        <time>2026-07-18T09:45:57Z</time>
        <hdop>3.8</hdop>
        <extensions>
          <osmand:speed>11.7</osmand:speed>
        </extensions>
      </trkpt>
      <trkpt lat="55.0857517" lon="25.6828725">
        <ele>177.6</ele>
        <time>2026-07-18T09:46:03Z</time>
        <hdop>3.8</hdop>
        <extensions>
          <osmand:speed>18.2</osmand:speed>
        </extensions>
      </trkpt>
      <trkpt lat="55.0866976" lon="25.6837404">
        <ele>179.5</ele>
        <time>2026-07-18T09:46:09Z</time>
        <hdop>3.8</hdop>
        <extensions>
          <osmand:speed>19.5</osmand:speed>
        </extensions>
      </trkpt>
      <trkpt lat="55.087591" lon="25.684656">
        <ele>181.6</ele>
        <time>2026-07-18T09:46:15Z</time>
        <hdop>3.8</hdop>
        <extensions>
          <osmand:speed>19</osmand:speed>
        </extensions>
      </trkpt>
      <trkpt lat="55.088425" lon="25.6856336">
        <ele>185.2</ele>
        <time>2026-07-18T09:46:21Z</time>
        <hdop>3.8</hdop>
        <extensions>
          <osmand:speed>17.6</osmand:speed>
        </extensions>
      </trkpt>
      <trkpt lat="55.0892976" lon="25.6861779">
        <ele>185.5</ele>
        <time>2026-07-18T09:46:27Z</time>
        <hdop>3.8</hdop>
        <extensions>
          <osmand:speed>19</osmand:speed>
        </extensions>
      </trkpt>
      <trkpt lat="55.0903266" lon="25.6862525">
        <ele>185.9</ele>
        <time>2026-07-18T09:46:33Z</time>
        <hdop>3.8</hdop>
        <extensions>
          <osmand:speed>18.6</osmand:speed>
        </extensions>
      </trkpt>
      <trkpt lat="55.0913282" lon="25.685988">
        <ele>187.4</ele>
        <time>2026-07-18T09:46:39Z</time>
        <hdop>3.8</hdop>
        <extensions>
          <osmand:speed>19.8</osmand:speed>
        </extensions>
      </trkpt>
      <trkpt lat="55.092333" lon="25.685235">
        <ele>187.2</ele>
        <time>2026-07-18T09:46:45Z</time>
        <hdop>3.8</hdop>
        <extensions>
          <osmand:speed>20.9</osmand:speed>
        </extensions>
      </trkpt>
      <trkpt lat="55.0932797" lon="25.6842966">
        <ele>184.8</ele>
        <time>2026-07-18T09:46:51Z</time>
        <hdop>3.8</hdop>
        <extensions>
          <osmand:speed>20.4</osmand:speed>
        </extensions>
      </trkpt>
      <trkpt lat="55.0941005" lon="25.6829995">
        <ele>178.6</ele>
        <time>2026-07-18T09:46:57Z</time>
        <hdop>3.8</hdop>
        <extensions>
          <osmand:speed>20.5</osmand:speed>
        </extensions>
      </trkpt>
      <trkpt lat="55.0950336" lon="25.6819199">
        <ele>177.9</ele>
        <time>2026-07-18T09:47:03Z</time>
        <hdop>3.8</hdop>
        <extensions>
          <osmand:speed>20.8</osmand:speed>
        </extensions>
      </trkpt>
      <trkpt lat="55.095998" lon="25.6809214">
        <ele>178.1</ele>
        <time>2026-07-18T09:47:09Z</time>
        <hdop>3.8</hdop>
        <extensions>
          <osmand:speed>20.8</osmand:speed>
        </extensions>
      </trkpt>
      <trkpt lat="55.0969702" lon="25.6799032">
        <ele>178.4</ele>
        <time>2026-07-18T09:47:15Z</time>
        <hdop>3.8</hdop>
        <extensions>
          <osmand:speed>22.3</osmand:speed>
        </extensions>
      </trkpt>
      <trkpt lat="55.0979451" lon="25.6788612">
        <ele>178.4</ele>
        <time>2026-07-18T09:47:21Z</time>
        <hdop>3.8</hdop>
        <extensions>
          <osmand:speed>19.9</osmand:speed>
        </extensions>
      </trkpt>
      <trkpt lat="55.0988551" lon="25.6782314">
        <ele>177.2</ele>
        <time>2026-07-18T09:47:27Z</time>
        <hdop>3.8</hdop>
        <extensions>
          <osmand:speed>18.8</osmand:speed>
        </extensions>
      </trkpt>
      <trkpt lat="55.0998054" lon="25.6789397">
        <ele>176.4</ele>
        <time>2026-07-18T09:47:33Z</time>
        <hdop>3.8</hdop>
        <extensions>
          <osmand:speed>20.9</osmand:speed>
        </extensions>
      </trkpt>
      <trkpt lat="55.1007501" lon="25.6799374">
        <ele>176.9</ele>
        <time>2026-07-18T09:47:39Z</time>
        <hdop>3.8</hdop>
        <extensions>
          <osmand:speed>19.5</osmand:speed>
        </extensions>
      </trkpt>
      <trkpt lat="55.1017321" lon="25.6805782">
        <ele>179.7</ele>
        <time>2026-07-18T09:47:45Z</time>
        <hdop>3.8</hdop>
        <extensions>
          <osmand:speed>20.2</osmand:speed>
        </extensions>
      </trkpt>
      <trkpt lat="55.10281" lon="25.6808901">
        <ele>183</ele>
        <time>2026-07-18T09:47:51Z</time>
        <hdop>3.8</hdop>
        <extensions>
          <osmand:speed>20.2</osmand:speed>
        </extensions>
      </trkpt>
      <trkpt lat="55.103749" lon="25.6812346">
        <ele>186.1</ele>
        <time>2026-07-18T09:47:57Z</time>
        <hdop>3.8</hdop>
        <extensions>
          <osmand:speed>16.3</osmand:speed>
        </extensions>
      </trkpt>
      <trkpt lat="55.1044371" lon="25.6816205">
        <ele>186.7</ele>
        <time>2026-07-18T09:48:03Z</time>
        <hdop>3.8</hdop>
        <extensions>
          <osmand:speed>8.9</osmand:speed>
        </extensions>
      </trkpt>
      <trkpt lat="55.104572" lon="25.6817506">
        <ele>186.5</ele>
        <time>2026-07-18T09:48:09Z</time>
        <hdop>3.8</hdop>
      </trkpt>
    </trkseg>
    <trkseg>
      <trkpt lat="55.1046409" lon="25.6817708">
        <ele>184.9</ele>
        <time>2026-07-18T09:55:45Z</time>
        <hdop>3.8</hdop>
        <extensions>
          <osmand:speed>5.4</osmand:speed>
        </extensions>
      </trkpt>
      <trkpt lat="55.1052128" lon="25.6822128">
        <ele>185.7</ele>
        <time>2026-07-18T09:55:51Z</time>
        <hdop>3.8</hdop>
        <extensions>
          <osmand:speed>18.4</osmand:speed>
        </extensions>
      </trkpt>
      <trkpt lat="55.1060828" lon="25.6829974">
        <ele>187.1</ele>
        <time>2026-07-18T09:55:57Z</time>
        <hdop>3.8</hdop>
        <extensions>
          <osmand:speed>17.6</osmand:speed>
        </extensions>
      </trkpt>
      <trkpt lat="55.1067616" lon="25.6841726">
        <ele>184.7</ele>
        <time>2026-07-18T09:56:03Z</time>
        <hdop>3.8</hdop>
        <extensions>
          <osmand:speed>18.4</osmand:speed>
        </extensions>
      </trkpt>
      <trkpt lat="55.1072459" lon="25.6857795">
        <ele>181.1</ele>
        <time>2026-07-18T09:56:09Z</time>
        <hdop>3.8</hdop>
        <extensions>
          <osmand:speed>20.6</osmand:speed>
        </extensions>
      </trkpt>
      <trkpt lat="55.1076662" lon="25.6875808">
        <ele>182.4</ele>
        <time>2026-07-18T09:56:15Z</time>
        <hdop>3.8</hdop>
        <extensions>
          <osmand:speed>19.8</osmand:speed>
        </extensions>
      </trkpt>
      <trkpt lat="55.1081399" lon="25.6892213">
        <ele>189.7</ele>
        <time>2026-07-18T09:56:21Z</time>
        <hdop>3.8</hdop>
        <extensions>
          <osmand:speed>20.3</osmand:speed>
        </extensions>
      </trkpt>
      <trkpt lat="55.1089218" lon="25.6908377">
        <ele>186.8</ele>
        <time>2026-07-18T09:56:27Z</time>
        <hdop>3.8</hdop>
        <extensions>
          <osmand:speed>23</osmand:speed>
        </extensions>
      </trkpt>
      <trkpt lat="55.1096495" lon="25.6924604">
        <ele>187.8</ele>
        <time>2026-07-18T09:56:33Z</time>
        <hdop>3.8</hdop>
        <extensions>
          <osmand:speed>21</osmand:speed>
        </extensions>
      </trkpt>
      <trkpt lat="55.1105409" lon="25.6936712">
        <ele>190.8</ele>
        <time>2026-07-18T09:56:39Z</time>
        <hdop>3.8</hdop>
        <extensions>
          <osmand:speed>22</osmand:speed>
        </extensions>
      </trkpt>
      <trkpt lat="55.111515" lon="25.6948784">
        <ele>190</ele>
        <time>2026-07-18T09:56:45Z</time>
        <hdop>3.8</hdop>
        <extensions>
          <osmand:speed>21.8</osmand:speed>
        </extensions>
      </trkpt>
      <trkpt lat="55.1123858" lon="25.6963412">
        <ele>189.5</ele>
        <time>2026-07-18T09:56:51Z</time>
        <hdop>3.8</hdop>
        <extensions>
          <osmand:speed>22</osmand:speed>
        </extensions>
      </trkpt>
      <trkpt lat="55.1132131" lon="25.6978721">
        <ele>189.1</ele>
        <time>2026-07-18T09:56:57Z</time>
        <hdop>3.8</hdop>
        <extensions>
          <osmand:speed>22.6</osmand:speed>
        </extensions>
      </trkpt>
      <trkpt lat="55.1140541" lon="25.6993678">
        <ele>187.7</ele>
        <time>2026-07-18T09:57:03Z</time>
        <hdop>3.8</hdop>
        <extensions>
          <osmand:speed>22.8</osmand:speed>
        </extensions>
      </trkpt>
      <trkpt lat="55.1149999" lon="25.7006364">
        <ele>189.8</ele>
        <time>2026-07-18T09:57:09Z</time>
        <hdop>3.8</hdop>
        <extensions>
          <osmand:speed>21.1</osmand:speed>
        </extensions>
      </trkpt>
      <trkpt lat="55.1158706" lon="25.7017865">
        <ele>189.8</ele>
        <time>2026-07-18T09:57:15Z</time>
        <hdop>3.8</hdop>
        <extensions>
          <osmand:speed>18</osmand:speed>
        </extensions>
      </trkpt>
      <trkpt lat="55.1166097" lon="25.7025396">
        <ele>191.4</ele>
        <time>2026-07-18T09:57:21Z</time>
        <hdop>3.8</hdop>
        <extensions>
          <osmand:speed>15.1</osmand:speed>
        </extensions>
      </trkpt>
      <trkpt lat="55.1173019" lon="25.703088">
        <ele>191.6</ele>
        <time>2026-07-18T09:57:27Z</time>
        <hdop>3.8</hdop>
        <extensions>
          <osmand:speed>14.7</osmand:speed>
        </extensions>
      </trkpt>
      <trkpt lat="55.1180255" lon="25.7038318">
        <ele>188.7</ele>
        <time>2026-07-18T09:57:33Z</time>
        <hdop>3.8</hdop>
        <extensions>
          <osmand:speed>16.5</osmand:speed>
        </extensions>
      </trkpt>
      <trkpt lat="55.1188743" lon="25.704628">
        <ele>187.7</ele>
        <time>2026-07-18T09:57:39Z</time>
        <hdop>3.8</hdop>
        <extensions>
          <osmand:speed>19</osmand:speed>
        </extensions>
      </trkpt>
      <trkpt lat="55.1198372" lon="25.7054576">
        <ele>186.9</ele>
        <time>2026-07-18T09:57:45Z</time>
        <hdop>3.8</hdop>
        <extensions>
          <osmand:speed>20</osmand:speed>
        </extensions>
      </trkpt>
      <trkpt lat="55.120814" lon="25.7060906">
        <ele>193.6</ele>
        <time>2026-07-18T09:57:51Z</time>
        <hdop>3.8</hdop>
        <extensions>
          <osmand:speed>19.4</osmand:speed>
        </extensions>
      </trkpt>
      <trkpt lat="55.1218908" lon="25.7062407">
        <ele>194.2</ele>
        <time>2026-07-18T09:57:57Z</time>
        <hdop>3.8</hdop>
        <extensions>
          <osmand:speed>19.5</osmand:speed>
        </extensions>
      </trkpt>
      <trkpt lat="55.122856" lon="25.7060553">
        <ele>193.1</ele>
        <time>2026-07-18T09:58:03Z</time>
        <hdop>3.8</hdop>
        <extensions>
          <osmand:speed>17.5</osmand:speed>
        </extensions>
      </trkpt>
      <trkpt lat="55.1238198" lon="25.7058275">
        <ele>190.8</ele>
        <time>2026-07-18T09:58:09Z</time>
        <hdop>3.8</hdop>
        <extensions>
          <osmand:speed>19.8</osmand:speed>
        </extensions>
      </trkpt>
      <trkpt lat="55.1249642" lon="25.705575">
        <ele>191.7</ele>
        <time>2026-07-18T09:58:15Z</time>
        <hdop>3.8</hdop>
        <extensions>
          <osmand:speed>21.4</osmand:speed>
        </extensions>
      </trkpt>
      <trkpt lat="55.1260949" lon="25.7052859">
        <ele>192.1</ele>
        <time>2026-07-18T09:58:21Z</time>
        <hdop>3.8</hdop>
        <extensions>
          <osmand:speed>21.3</osmand:speed>
        </extensions>
      </trkpt>
      <trkpt lat="55.1272321" lon="25.7050506">
        <ele>192.7</ele>
        <time>2026-07-18T09:58:27Z</time>
        <hdop>3.8</hdop>
        <extensions>
          <osmand:speed>21.3</osmand:speed>
        </extensions>
      </trkpt>
      <trkpt lat="55.1283361" lon="25.7049554">
        <ele>195.2</ele>
        <time>2026-07-18T09:58:33Z</time>
        <hdop>3.8</hdop>
        <extensions>
          <osmand:speed>19.5</osmand:speed>
        </extensions>
      </trkpt>
      <trkpt lat="55.1294085" lon="25.70538">
        <ele>195.1</ele>
        <time>2026-07-18T09:58:39Z</time>
        <hdop>3.8</hdop>
        <extensions>
          <osmand:speed>20.3</osmand:speed>
        </extensions>
      </trkpt>
      <trkpt lat="55.1304786" lon="25.7058609">
        <ele>191</ele>
        <time>2026-07-18T09:58:45Z</time>
        <hdop>3.8</hdop>
        <extensions>
          <osmand:speed>20.7</osmand:speed>
        </extensions>
      </trkpt>
      <trkpt lat="55.1315614" lon="25.7063276">
        <ele>187.3</ele>
        <time>2026-07-18T09:58:51Z</time>
        <hdop>3.8</hdop>
        <extensions>
          <osmand:speed>20.5</osmand:speed>
        </extensions>
      </trkpt>
      <trkpt lat="55.1326303" lon="25.7068197">
        <ele>185</ele>
        <time>2026-07-18T09:58:57Z</time>
        <hdop>3.8</hdop>
        <extensions>
          <osmand:speed>21.2</osmand:speed>
        </extensions>
      </trkpt>
      <trkpt lat="55.1337428" lon="25.7073394">
        <ele>182.3</ele>
        <time>2026-07-18T09:59:03Z</time>
        <hdop>3.8</hdop>
        <extensions>
          <osmand:speed>21.4</osmand:speed>
        </extensions>
      </trkpt>
      <trkpt lat="55.1348548" lon="25.7078445">
        <ele>182.2</ele>
        <time>2026-07-18T09:59:09Z</time>
        <hdop>3.8</hdop>
        <extensions>
          <osmand:speed>20.9</osmand:speed>
        </extensions>
      </trkpt>
      <trkpt lat="55.1358086" lon="25.7087793">
        <ele>183.3</ele>
        <time>2026-07-18T09:59:15Z</time>
        <hdop>3.8</hdop>
        <extensions>
          <osmand:speed>20.2</osmand:speed>
        </extensions>
      </trkpt>
      <trkpt lat="55.1367023" lon="25.7096558">
        <ele>187</ele>
        <time>2026-07-18T09:59:21Z</time>
        <hdop>3.8</hdop>
        <extensions>
          <osmand:speed>17.6</osmand:speed>
        </extensions>
      </trkpt>
      <trkpt lat="55.1375184" lon="25.7101814">
        <ele>183.9</ele>
        <time>2026-07-18T09:59:27Z</time>
        <hdop>3.8</hdop>
        <extensions>
          <osmand:speed>15</osmand:speed>
        </extensions>
      </trkpt>
      <trkpt lat="55.1383622" lon="25.7107925">
        <ele>181.6</ele>
        <time>2026-07-18T09:59:33Z</time>
        <hdop>3.8</hdop>
        <extensions>
          <osmand:speed>18.6</osmand:speed>
        </extensions>
      </trkpt>
      <trkpt lat="55.1392597" lon="25.7114022">
        <ele>183.6</ele>
        <time>2026-07-18T09:59:39Z</time>
        <hdop>3.8</hdop>
        <extensions>
          <osmand:speed>15.5</osmand:speed>
        </extensions>
      </trkpt>
      <trkpt lat="55.139731" lon="25.7118039">
        <ele>185.3</ele>
        <time>2026-07-18T09:59:45Z</time>
        <hdop>3.8</hdop>
        <extensions>
          <osmand:speed>3.9</osmand:speed>
        </extensions>
      </trkpt>
      <trkpt lat="55.1397283" lon="25.7118967">
        <ele>185</ele>
        <time>2026-07-18T09:59:51Z</time>
        <hdop>3.8</hdop>
      </trkpt>
      <trkpt lat="55.1397086" lon="25.711983">
        <ele>184.7</ele>
        <time>2026-07-18T10:00:04Z</time>
        <hdop>3.8</hdop>
        <extensions>
          <osmand:speed>5.3</osmand:speed>
        </extensions>
      </trkpt>
      <trkpt lat="55.1395809" lon="25.7126641">
        <ele>182.8</ele>
        <time>2026-07-18T10:00:10Z</time>
        <hdop>3.8</hdop>
        <extensions>
          <osmand:speed>10.2</osmand:speed>
        </extensions>
      </trkpt>
      <trkpt lat="55.1394844" lon="25.7136349">
        <ele>181.4</ele>
        <time>2026-07-18T10:00:16Z</time>
        <hdop>3.8</hdop>
        <extensions>
          <osmand:speed>9.7</osmand:speed>
        </extensions>
      </trkpt>
      <trkpt lat="55.1394421" lon="25.7145513">
        <ele>181.5</ele>
        <time>2026-07-18T10:00:22Z</time>
        <hdop>3.8</hdop>
        <extensions>
          <osmand:speed>10.3</osmand:speed>
        </extensions>
      </trkpt>
      <trkpt lat="55.1393975" lon="25.7155088">
        <ele>182.2</ele>
        <time>2026-07-18T10:00:28Z</time>
        <hdop>3.8</hdop>
        <extensions>
          <osmand:speed>10.8</osmand:speed>
        </extensions>
      </trkpt>
      <trkpt lat="55.1394017" lon="25.7164648">
        <ele>184</ele>
        <time>2026-07-18T10:00:34Z</time>
        <hdop>3.8</hdop>
        <extensions>
          <osmand:speed>10.2</osmand:speed>
        </extensions>
      </trkpt>
      <trkpt lat="55.1395464" lon="25.7174655">
        <ele>185</ele>
        <time>2026-07-18T10:00:40Z</time>
        <hdop>3.8</hdop>
        <extensions>
          <osmand:speed>11.4</osmand:speed>
        </extensions>
      </trkpt>
      <trkpt lat="55.1398093" lon="25.71844">
        <ele>186.1</ele>
        <time>2026-07-18T10:00:46Z</time>
        <hdop>3.8</hdop>
        <extensions>
          <osmand:speed>11.5</osmand:speed>
        </extensions>
      </trkpt>
      <trkpt lat="55.1400142" lon="25.7194532">
        <ele>187.1</ele>
        <time>2026-07-18T10:00:52Z</time>
        <hdop>3.8</hdop>
        <extensions>
          <osmand:speed>11.2</osmand:speed>
        </extensions>
      </trkpt>
      <trkpt lat="55.1401712" lon="25.7204446">
        <ele>185.5</ele>
        <time>2026-07-18T10:00:58Z</time>
        <hdop>3.8</hdop>
        <extensions>
          <osmand:speed>10.9</osmand:speed>
        </extensions>
      </trkpt>
      <trkpt lat="55.1401163" lon="25.7214244">
        <ele>185.1</ele>
        <time>2026-07-18T10:01:04Z</time>
        <hdop>3.8</hdop>
        <extensions>
          <osmand:speed>10.3</osmand:speed>
        </extensions>
      </trkpt>
      <trkpt lat="55.1398352" lon="25.7223168">
        <ele>183.8</ele>
        <time>2026-07-18T10:01:10Z</time>
        <hdop>3.8</hdop>
        <extensions>
          <osmand:speed>11.1</osmand:speed>
        </extensions>
      </trkpt>
      <trkpt lat="55.1396248" lon="25.7232944">
        <ele>181.8</ele>
        <time>2026-07-18T10:01:16Z</time>
        <hdop>3.8</hdop>
        <extensions>
          <osmand:speed>11.2</osmand:speed>
        </extensions>
      </trkpt>
      <trkpt lat="55.1395622" lon="25.7242592">
        <ele>179.1</ele>
        <time>2026-07-18T10:01:22Z</time>
        <hdop>3.8</hdop>
        <extensions>
          <osmand:speed>9.9</osmand:speed>
        </extensions>
      </trkpt>
      <trkpt lat="55.139647" lon="25.725215">
        <ele>179.3</ele>
        <time>2026-07-18T10:01:28Z</time>
        <hdop>3.8</hdop>
        <extensions>
          <osmand:speed>10.5</osmand:speed>
        </extensions>
      </trkpt>
      <trkpt lat="55.1397704" lon="25.7261843">
        <ele>179.3</ele>
        <time>2026-07-18T10:01:34Z</time>
        <hdop>3.8</hdop>
        <extensions>
          <osmand:speed>10.6</osmand:speed>
        </extensions>
      </trkpt>
      <trkpt lat="55.1396562" lon="25.7271259">
        <ele>181.8</ele>
        <time>2026-07-18T10:01:40Z</time>
        <hdop>3.8</hdop>
        <extensions>
          <osmand:speed>11.2</osmand:speed>
        </extensions>
      </trkpt>
      <trkpt lat="55.1396154" lon="25.7281582">
        <ele>180.5</ele>
        <time>2026-07-18T10:01:46Z</time>
        <hdop>3.8</hdop>
        <extensions>
          <osmand:speed>12.1</osmand:speed>
        </extensions>
      </trkpt>
      <trkpt lat="55.139848" lon="25.7292673">
        <ele>177.2</ele>
        <time>2026-07-18T10:01:52Z</time>
        <hdop>3.8</hdop>
        <extensions>
          <osmand:speed>12.3</osmand:speed>
        </extensions>
      </trkpt>
      <trkpt lat="55.1400647" lon="25.7302717">
        <ele>177.3</ele>
        <time>2026-07-18T10:01:58Z</time>
        <hdop>3.8</hdop>
        <extensions>
          <osmand:speed>11</osmand:speed>
        </extensions>
      </trkpt>
      <trkpt lat="55.1402259" lon="25.7312028">
        <ele>178.8</ele>
        <time>2026-07-18T10:02:04Z</time>
        <hdop>3.8</hdop>
        <extensions>
          <osmand:speed>8.3</osmand:speed>
        </extensions>
      </trkpt>
      <trkpt lat="55.1402474" lon="25.7315263">
        <ele>178.9</ele>
        <time>2026-07-18T10:02:10Z</time>
        <hdop>3.8</hdop>
        <extensions>
          <osmand:speed>1.2</osmand:speed>
        </extensions>
      </trkpt>
      <trkpt lat="55.1402744" lon="25.731592">
        <ele>180.5</ele>
        <time>2026-07-18T10:02:49Z</time>
        <hdop>3.8</hdop>
        <extensions>
          <osmand:speed>3</osmand:speed>
        </extensions>
      </trkpt>
      <trkpt lat="55.1403826" lon="25.7312203">
        <ele>179.1</ele>
        <time>2026-07-18T10:02:55Z</time>
        <hdop>3.8</hdop>
        <extensions>
          <osmand:speed>5.8</osmand:speed>
        </extensions>
      </trkpt>
      <trkpt lat="55.1403512" lon="25.7305606">
        <ele>179.3</ele>
        <time>2026-07-18T10:03:01Z</time>
        <hdop>3.8</hdop>
        <extensions>
          <osmand:speed>7.4</osmand:speed>
        </extensions>
      </trkpt>
      <trkpt lat="55.1405567" lon="25.7300289">
        <ele>179.6</ele>
        <time>2026-07-18T10:03:07Z</time>
        <hdop>3.8</hdop>
        <extensions>
          <osmand:speed>8.3</osmand:speed>
        </extensions>
      </trkpt>
      <trkpt lat="55.1409932" lon="25.7298479">
        <ele>179.3</ele>
        <time>2026-07-18T10:03:13Z</time>
        <hdop>3.8</hdop>
        <extensions>
          <osmand:speed>9.2</osmand:speed>
        </extensions>
      </trkpt>
      <trkpt lat="55.1414187" lon="25.7302012">
        <ele>178</ele>
        <time>2026-07-18T10:03:19Z</time>
        <hdop>3.8</hdop>
        <extensions>
          <osmand:speed>8.6</osmand:speed>
        </extensions>
      </trkpt>
      <trkpt lat="55.1419203" lon="25.7304195">
        <ele>176.2</ele>
        <time>2026-07-18T10:03:25Z</time>
        <hdop>3.8</hdop>
        <extensions>
          <osmand:speed>9.4</osmand:speed>
        </extensions>
      </trkpt>
      <trkpt lat="55.1424372" lon="25.7303749">
        <ele>175.9</ele>
        <time>2026-07-18T10:03:31Z</time>
        <hdop>3.8</hdop>
        <extensions>
          <osmand:speed>10.1</osmand:speed>
        </extensions>
      </trkpt>
      <trkpt lat="55.1429777" lon="25.7304347">
        <ele>175.9</ele>
        <time>2026-07-18T10:03:37Z</time>
        <hdop>3.8</hdop>
        <extensions>
          <osmand:speed>10.7</osmand:speed>
        </extensions>
      </trkpt>
      <trkpt lat="55.143583" lon="25.7305586">
        <ele>177</ele>
        <time>2026-07-18T10:03:43Z</time>
        <hdop>3.8</hdop>
        <extensions>
          <osmand:speed>11.4</osmand:speed>
        </extensions>
      </trkpt>
      <trkpt lat="55.1441445" lon="25.7306714">
        <ele>177.8</ele>
        <time>2026-07-18T10:03:49Z</time>
        <hdop>3.8</hdop>
        <extensions>
          <osmand:speed>9.9</osmand:speed>
        </extensions>
      </trkpt>
      <trkpt lat="55.1444945" lon="25.7300648">
        <ele>176.5</ele>
        <time>2026-07-18T10:03:55Z</time>
        <hdop>3.8</hdop>
        <extensions>
          <osmand:speed>9.2</osmand:speed>
        </extensions>
      </trkpt>
      <trkpt lat="55.1449277" lon="25.7298139">
        <ele>176.4</ele>
        <time>2026-07-18T10:04:01Z</time>
        <hdop>3.8</hdop>
        <extensions>
          <osmand:speed>9.5</osmand:speed>
        </extensions>
      </trkpt>
      <trkpt lat="55.1453175" lon="25.7296992">
        <ele>176.8</ele>
        <time>2026-07-18T10:04:07Z</time>
        <hdop>3.8</hdop>
        <extensions>
          <osmand:speed>4</osmand:speed>
        </extensions>
      </trkpt>
      <trkpt lat="55.1455953" lon="25.7298014">
        <ele>176.5</ele>
        <time>2026-07-18T10:04:13Z</time>
        <hdop>3.8</hdop>
        <extensions>
          <osmand:speed>4.9</osmand:speed>
        </extensions>
      </trkpt>
      <trkpt lat="55.1457684" lon="25.729796">
        <ele>176.5</ele>
        <time>2026-07-18T10:04:19Z</time>
        <hdop>3.8</hdop>
        <extensions>
          <osmand:speed>0.6</osmand:speed>
        </extensions>
      </trkpt>
      <trkpt lat="55.1457278" lon="25.7298362">
        <ele>176.3</ele>
        <time>2026-07-18T10:07:18Z</time>
        <hdop>3.8</hdop>
      </trkpt>
      <trkpt lat="55.145678" lon="25.7298241">
        <ele>175.2</ele>
        <time>2026-07-18T10:07:26Z</time>
        <hdop>3.8</hdop>
        <extensions>
          <osmand:speed>4.8</osmand:speed>
        </extensions>
      </trkpt>
      <trkpt lat="55.1453029" lon="25.7297089">
        <ele>174.9</ele>
        <time>2026-07-18T10:07:32Z</time>
        <hdop>3.8</hdop>
        <extensions>
          <osmand:speed>7.8</osmand:speed>
        </extensions>
      </trkpt>
      <trkpt lat="55.1448645" lon="25.7298424">
        <ele>174.7</ele>
        <time>2026-07-18T10:07:38Z</time>
        <hdop>3.8</hdop>
        <extensions>
          <osmand:speed>8.7</osmand:speed>
        </extensions>
      </trkpt>
      <trkpt lat="55.1444587" lon="25.7301107">
        <ele>174.7</ele>
        <time>2026-07-18T10:07:44Z</time>
        <hdop>3.8</hdop>
        <extensions>
          <osmand:speed>9.7</osmand:speed>
        </extensions>
      </trkpt>
      <trkpt lat="55.1440452" lon="25.7306661">
        <ele>174.5</ele>
        <time>2026-07-18T10:07:50Z</time>
        <hdop>3.8</hdop>
        <extensions>
          <osmand:speed>10.4</osmand:speed>
        </extensions>
      </trkpt>
      <trkpt lat="55.1434772" lon="25.7305179">
        <ele>175.4</ele>
        <time>2026-07-18T10:07:56Z</time>
        <hdop>3.8</hdop>
        <extensions>
          <osmand:speed>9.4</osmand:speed>
        </extensions>
      </trkpt>
      <trkpt lat="55.1429683" lon="25.7304052">
        <ele>176.3</ele>
        <time>2026-07-18T10:08:02Z</time>
        <hdop>3.8</hdop>
        <extensions>
          <osmand:speed>11.9</osmand:speed>
        </extensions>
      </trkpt>
      <trkpt lat="55.1423024" lon="25.7303643">
        <ele>176.4</ele>
        <time>2026-07-18T10:08:08Z</time>
        <hdop>3.8</hdop>
        <extensions>
          <osmand:speed>13</osmand:speed>
        </extensions>
      </trkpt>
      <trkpt lat="55.1415705" lon="25.7302388">
        <ele>176.3</ele>
        <time>2026-07-18T10:08:14Z</time>
        <hdop>3.8</hdop>
        <extensions>
          <osmand:speed>15</osmand:speed>
        </extensions>
      </trkpt>
      <trkpt lat="55.1409322" lon="25.7298164">
        <ele>177.6</ele>
        <time>2026-07-18T10:08:20Z</time>
        <hdop>3.8</hdop>
        <extensions>
          <osmand:speed>8.9</osmand:speed>
        </extensions>
      </trkpt>
      <trkpt lat="55.1404065" lon="25.7302115">
        <ele>177.7</ele>
        <time>2026-07-18T10:08:26Z</time>
        <hdop>3.8</hdop>
        <extensions>
          <osmand:speed>8.9</osmand:speed>
        </extensions>
      </trkpt>
      <trkpt lat="55.1403641" lon="25.7312999">
        <ele>178</ele>
        <time>2026-07-18T10:08:32Z</time>
        <hdop>3.8</hdop>
        <extensions>
          <osmand:speed>11.4</osmand:speed>
        </extensions>
      </trkpt>
      <trkpt lat="55.140244" lon="25.7323453">
        <ele>179.1</ele>
        <time>2026-07-18T10:08:38Z</time>
        <hdop>3.8</hdop>
        <extensions>
          <osmand:speed>13.6</osmand:speed>
        </extensions>
      </trkpt>
      <trkpt lat="55.1402034" lon="25.7335742">
        <ele>176.6</ele>
        <time>2026-07-18T10:08:44Z</time>
        <hdop>3.8</hdop>
        <extensions>
          <osmand:speed>12.5</osmand:speed>
        </extensions>
      </trkpt>
      <trkpt lat="55.1402192" lon="25.7345221">
        <ele>175.6</ele>
        <time>2026-07-18T10:08:50Z</time>
        <hdop>3.8</hdop>
        <extensions>
          <osmand:speed>12.1</osmand:speed>
        </extensions>
      </trkpt>
      <trkpt lat="55.1402512" lon="25.735766">
        <ele>177.2</ele>
        <time>2026-07-18T10:08:56Z</time>
        <hdop>3.8</hdop>
        <extensions>
          <osmand:speed>12</osmand:speed>
        </extensions>
      </trkpt>
      <trkpt lat="55.1403584" lon="25.7366542">
        <ele>177.1</ele>
        <time>2026-07-18T10:09:02Z</time>
        <hdop>3.8</hdop>
        <extensions>
          <osmand:speed>8</osmand:speed>
        </extensions>
      </trkpt>
      <trkpt lat="55.1407896" lon="25.7369441">
        <ele>177.2</ele>
        <time>2026-07-18T10:09:08Z</time>
        <hdop>3.8</hdop>
        <extensions>
          <osmand:speed>9.9</osmand:speed>
        </extensions>
      </trkpt>
      <trkpt lat="55.1413773" lon="25.7370874">
        <ele>176.6</ele>
        <time>2026-07-18T10:09:14Z</time>
        <hdop>3.8</hdop>
        <extensions>
          <osmand:speed>11.1</osmand:speed>
        </extensions>
      </trkpt>
      <trkpt lat="55.1418918" lon="25.7375746">
        <ele>176</ele>
        <time>2026-07-18T10:09:20Z</time>
        <hdop>3.8</hdop>
        <extensions>
          <osmand:speed>11.2</osmand:speed>
        </extensions>
      </trkpt>
      <trkpt lat="55.1422844" lon="25.7383796">
        <ele>175.1</ele>
        <time>2026-07-18T10:09:26Z</time>
        <hdop>3.8</hdop>
        <extensions>
          <osmand:speed>11.3</osmand:speed>
        </extensions>
      </trkpt>
      <trkpt lat="55.1428586" lon="25.7385688">
        <ele>174.1</ele>
        <time>2026-07-18T10:09:32Z</time>
        <hdop>3.8</hdop>
        <extensions>
          <osmand:speed>10.8</osmand:speed>
        </extensions>
      </trkpt>
      <trkpt lat="55.1434264" lon="25.7385964">
        <ele>173.8</ele>
        <time>2026-07-18T10:09:38Z</time>
        <hdop>3.8</hdop>
        <extensions>
          <osmand:speed>9.4</osmand:speed>
        </extensions>
      </trkpt>
      <trkpt lat="55.1438912" lon="25.7390047">
        <ele>173</ele>
        <time>2026-07-18T10:09:44Z</time>
        <hdop>3.8</hdop>
        <extensions>
          <osmand:speed>11</osmand:speed>
        </extensions>
      </trkpt>
      <trkpt lat="55.1443621" lon="25.7396887">
        <ele>172.1</ele>
        <time>2026-07-18T10:09:50Z</time>
        <hdop>3.8</hdop>
        <extensions>
          <osmand:speed>12</osmand:speed>
        </extensions>
      </trkpt>
      <trkpt lat="55.1446878" lon="25.740646">
        <ele>172.2</ele>
        <time>2026-07-18T10:09:56Z</time>
        <hdop>3.8</hdop>
        <extensions>
          <osmand:speed>11.7</osmand:speed>
        </extensions>
      </trkpt>
      <trkpt lat="55.1448944" lon="25.7416922">
        <ele>172.3</ele>
        <time>2026-07-18T10:10:02Z</time>
        <hdop>3.8</hdop>
        <extensions>
          <osmand:speed>12.3</osmand:speed>
        </extensions>
      </trkpt>
      <trkpt lat="55.1450454" lon="25.7427671">
        <ele>173.1</ele>
        <time>2026-07-18T10:10:08Z</time>
        <hdop>3.8</hdop>
        <extensions>
          <osmand:speed>11.2</osmand:speed>
        </extensions>
      </trkpt>
      <trkpt lat="55.1452678" lon="25.7437833">
        <ele>175.8</ele>
        <time>2026-07-18T10:10:14Z</time>
        <hdop>3.8</hdop>
        <extensions>
          <osmand:speed>11.3</osmand:speed>
        </extensions>
      </trkpt>
      <trkpt lat="55.1455905" lon="25.744462">
        <ele>176.1</ele>
        <time>2026-07-18T10:10:20Z</time>
        <hdop>3.8</hdop>
        <extensions>
          <osmand:speed>5.5</osmand:speed>
        </extensions>
      </trkpt>
      <trkpt lat="55.145636" lon="25.7445658">
        <ele>179</ele>
        <time>2026-07-18T10:10:26Z</time>
        <hdop>3.8</hdop>
      </trkpt>
      <trkpt lat="55.1456042" lon="25.7445054">
        <ele>180.9</ele>
        <time>2026-07-18T10:10:47Z</time>
        <hdop>3.8</hdop>
        <extensions>
          <osmand:speed>0.5</osmand:speed>
        </extensions>
      </trkpt>
      <trkpt lat="55.1455599" lon="25.7444433">
        <ele>180.7</ele>
        <time>2026-07-18T10:10:53Z</time>
        <hdop>3.8</hdop>
      </trkpt>
      <trkpt lat="55.1455683" lon="25.7445971">
        <ele>182.4</ele>
        <time>2026-07-18T10:11:00Z</time>
        <hdop>3.8</hdop>
        <extensions>
          <osmand:speed>5.4</osmand:speed>
        </extensions>
      </trkpt>
      <trkpt lat="55.1455659" lon="25.7452865">
        <ele>181.7</ele>
        <time>2026-07-18T10:11:06Z</time>
        <hdop>3.8</hdop>
        <extensions>
          <osmand:speed>8.2</osmand:speed>
        </extensions>
      </trkpt>
      <trkpt lat="55.1455347" lon="25.7461515">
        <ele>179.4</ele>
        <time>2026-07-18T10:11:12Z</time>
        <hdop>3.8</hdop>
        <extensions>
          <osmand:speed>9.6</osmand:speed>
        </extensions>
      </trkpt>
      <trkpt lat="55.1455266" lon="25.7470606">
        <ele>178.2</ele>
        <time>2026-07-18T10:11:18Z</time>
        <hdop>3.8</hdop>
        <extensions>
          <osmand:speed>9.5</osmand:speed>
        </extensions>
      </trkpt>
      <trkpt lat="55.1455257" lon="25.7478681">
        <ele>178.9</ele>
        <time>2026-07-18T10:11:24Z</time>
        <hdop>3.8</hdop>
        <extensions>
          <osmand:speed>6.3</osmand:speed>
        </extensions>
      </trkpt>
      <trkpt lat="55.1454862" lon="25.7479067">
        <ele>175.1</ele>
        <time>2026-07-18T10:11:31Z</time>
        <hdop>3.8</hdop>
      </trkpt>
      <trkpt lat="55.1453515" lon="25.7481359">
        <ele>173.2</ele>
        <time>2026-07-18T10:11:37Z</time>
        <hdop>3.8</hdop>
        <extensions>
          <osmand:speed>5.5</osmand:speed>
        </extensions>
      </trkpt>
      <trkpt lat="55.1452118" lon="25.7485498">
        <ele>172.7</ele>
        <time>2026-07-18T10:11:43Z</time>
        <hdop>3.8</hdop>
        <extensions>
          <osmand:speed>5.3</osmand:speed>
        </extensions>
      </trkpt>
      <trkpt lat="55.1451117" lon="25.7489877">
        <ele>172</ele>
        <time>2026-07-18T10:11:49Z</time>
        <hdop>3.8</hdop>
        <extensions>
          <osmand:speed>5.2</osmand:speed>
        </extensions>
      </trkpt>
      <trkpt lat="55.1449809" lon="25.7494128">
        <ele>171.9</ele>
        <time>2026-07-18T10:11:55Z</time>
        <hdop>3.8</hdop>
        <extensions>
          <osmand:speed>5.6</osmand:speed>
        </extensions>
      </trkpt>
      <trkpt lat="55.14478" lon="25.7496186">
        <ele>171.5</ele>
        <time>2026-07-18T10:12:01Z</time>
        <hdop>3.8</hdop>
        <extensions>
          <osmand:speed>3.8</osmand:speed>
        </extensions>
      </trkpt>
      <trkpt lat="55.1447458" lon="25.7499164">
        <ele>171</ele>
        <time>2026-07-18T10:12:07Z</time>
        <hdop>3.8</hdop>
        <extensions>
          <osmand:speed>0.8</osmand:speed>
        </extensions>
      </trkpt>
      <trkpt lat="55.1447681" lon="25.75012">
        <ele>170.8</ele>
        <time>2026-07-18T10:12:13Z</time>
        <hdop>3.8</hdop>
        <extensions>
          <osmand:speed>1.2</osmand:speed>
        </extensions>
      </trkpt>
      <trkpt lat="55.1448133" lon="25.7501524">
        <ele>170.6</ele>
        <time>2026-07-18T10:12:37Z</time>
        <hdop>3.8</hdop>
        <extensions>
          <osmand:speed>0.6</osmand:speed>
        </extensions>
      </trkpt>
      <trkpt lat="55.1448547" lon="25.7500927">
        <ele>171.2</ele>
        <time>2026-07-18T10:12:52Z</time>
        <hdop>3.8</hdop>
        <extensions>
          <osmand:speed>1.9</osmand:speed>
        </extensions>
      </trkpt>
      <trkpt lat="55.1449013" lon="25.7500601">
        <ele>171.9</ele>
        <time>2026-07-18T10:12:58Z</time>
        <hdop>3.8</hdop>
      </trkpt>
      <trkpt lat="55.1449202" lon="25.7499519">
        <ele>172.5</ele>
        <time>2026-07-18T10:13:17Z</time>
        <hdop>3.8</hdop>
        <extensions>
          <osmand:speed>3.3</osmand:speed>
        </extensions>
      </trkpt>
      <trkpt lat="55.1449261" lon="25.749647">
        <ele>172.8</ele>
        <time>2026-07-18T10:13:23Z</time>
        <hdop>3.8</hdop>
        <extensions>
          <osmand:speed>3</osmand:speed>
        </extensions>
      </trkpt>
      <trkpt lat="55.1450221" lon="25.7493525">
        <ele>173.1</ele>
        <time>2026-07-18T10:13:29Z</time>
        <hdop>3.8</hdop>
        <extensions>
          <osmand:speed>4.8</osmand:speed>
        </extensions>
      </trkpt>
      <trkpt lat="55.14516" lon="25.7488498">
        <ele>173.2</ele>
        <time>2026-07-18T10:13:35Z</time>
        <hdop>3.8</hdop>
        <extensions>
          <osmand:speed>6.3</osmand:speed>
        </extensions>
      </trkpt>
      <trkpt lat="55.1453119" lon="25.7482781">
        <ele>173.4</ele>
        <time>2026-07-18T10:13:41Z</time>
        <hdop>3.8</hdop>
        <extensions>
          <osmand:speed>6.5</osmand:speed>
        </extensions>
      </trkpt>
      <trkpt lat="55.1455827" lon="25.7478962">
        <ele>173.5</ele>
        <time>2026-07-18T10:13:47Z</time>
        <hdop>3.8</hdop>
        <extensions>
          <osmand:speed>6.6</osmand:speed>
        </extensions>
      </trkpt>
      <trkpt lat="55.1459274" lon="25.7477056">
        <ele>173.7</ele>
        <time>2026-07-18T10:13:53Z</time>
        <hdop>3.8</hdop>
        <extensions>
          <osmand:speed>7.1</osmand:speed>
        </extensions>
      </trkpt>
      <trkpt lat="55.1462168" lon="25.7476592">
        <ele>174.3</ele>
        <time>2026-07-18T10:13:59Z</time>
        <hdop>3.8</hdop>
        <extensions>
          <osmand:speed>5.5</osmand:speed>
        </extensions>
      </trkpt>
      <trkpt lat="55.1464878" lon="25.747495">
        <ele>175.6</ele>
        <time>2026-07-18T10:14:05Z</time>
        <hdop>3.8</hdop>
        <extensions>
          <osmand:speed>7.2</osmand:speed>
        </extensions>
      </trkpt>
      <trkpt lat="55.1467278" lon="25.7472468">
        <ele>176.2</ele>
        <time>2026-07-18T10:14:11Z</time>
        <hdop>3.8</hdop>
        <extensions>
          <osmand:speed>4.9</osmand:speed>
        </extensions>
      </trkpt>
      <trkpt lat="55.1469762" lon="25.7477005">
        <ele>175</ele>
        <time>2026-07-18T10:14:17Z</time>
        <hdop>3.8</hdop>
        <extensions>
          <osmand:speed>8</osmand:speed>
        </extensions>
      </trkpt>
      <trkpt lat="55.1473797" lon="25.7483547">
        <ele>174.1</ele>
        <time>2026-07-18T10:14:23Z</time>
        <hdop>3.8</hdop>
        <extensions>
          <osmand:speed>14.3</osmand:speed>
        </extensions>
      </trkpt>
      <trkpt lat="55.1479952" lon="25.7494409">
        <ele>173.8</ele>
        <time>2026-07-18T10:14:29Z</time>
        <hdop>3.8</hdop>
        <extensions>
          <osmand:speed>18.6</osmand:speed>
        </extensions>
      </trkpt>
      <trkpt lat="55.1484284" lon="25.7508304">
        <ele>173.9</ele>
        <time>2026-07-18T10:14:35Z</time>
        <hdop>3.8</hdop>
        <extensions>
          <osmand:speed>16.1</osmand:speed>
        </extensions>
      </trkpt>
      <trkpt lat="55.14834" lon="25.7526063">
        <ele>173.5</ele>
        <time>2026-07-18T10:14:41Z</time>
        <hdop>3.8</hdop>
        <extensions>
          <osmand:speed>20.3</osmand:speed>
        </extensions>
      </trkpt>
      <trkpt lat="55.148141" lon="25.754315">
        <ele>172.6</ele>
        <time>2026-07-18T10:14:47Z</time>
        <hdop>3.8</hdop>
        <extensions>
          <osmand:speed>18.1</osmand:speed>
        </extensions>
      </trkpt>
      <trkpt lat="55.147743" lon="25.7557533">
        <ele>173.9</ele>
        <time>2026-07-18T10:14:53Z</time>
        <hdop>3.8</hdop>
        <extensions>
          <osmand:speed>16.5</osmand:speed>
        </extensions>
      </trkpt>
      <trkpt lat="55.1476414" lon="25.7574096">
        <ele>175.1</ele>
        <time>2026-07-18T10:14:59Z</time>
        <hdop>3.8</hdop>
        <extensions>
          <osmand:speed>17.8</osmand:speed>
        </extensions>
      </trkpt>
      <trkpt lat="55.1478234" lon="25.7591357">
        <ele>174.7</ele>
        <time>2026-07-18T10:15:05Z</time>
        <hdop>3.8</hdop>
        <extensions>
          <osmand:speed>19.3</osmand:speed>
        </extensions>
      </trkpt>
      <trkpt lat="55.1480099" lon="25.7607815">
        <ele>177.4</ele>
        <time>2026-07-18T10:15:11Z</time>
        <hdop>3.8</hdop>
        <extensions>
          <osmand:speed>17.7</osmand:speed>
        </extensions>
      </trkpt>
      <trkpt lat="55.1480811" lon="25.7624235">
        <ele>175.7</ele>
        <time>2026-07-18T10:15:17Z</time>
        <hdop>3.8</hdop>
        <extensions>
          <osmand:speed>17.6</osmand:speed>
        </extensions>
      </trkpt>
      <trkpt lat="55.1482318" lon="25.7638052">
        <ele>174.1</ele>
        <time>2026-07-18T10:15:23Z</time>
        <hdop>3.8</hdop>
        <extensions>
          <osmand:speed>10.8</osmand:speed>
        </extensions>
      </trkpt>
      <trkpt lat="55.1485003" lon="25.7644645">
        <ele>174.4</ele>
        <time>2026-07-18T10:15:29Z</time>
        <hdop>3.8</hdop>
        <extensions>
          <osmand:speed>9.1</osmand:speed>
        </extensions>
      </trkpt>
      <trkpt lat="55.1489479" lon="25.7648968">
        <ele>173.1</ele>
        <time>2026-07-18T10:15:35Z</time>
        <hdop>3.8</hdop>
        <extensions>
          <osmand:speed>10.5</osmand:speed>
        </extensions>
      </trkpt>
      <trkpt lat="55.1495072" lon="25.7650908">
        <ele>171.7</ele>
        <time>2026-07-18T10:15:41Z</time>
        <hdop>3.8</hdop>
        <extensions>
          <osmand:speed>10.5</osmand:speed>
        </extensions>
      </trkpt>
      <trkpt lat="55.1500082" lon="25.765141">
        <ele>170.2</ele>
        <time>2026-07-18T10:15:47Z</time>
        <hdop>3.8</hdop>
        <extensions>
          <osmand:speed>9.4</osmand:speed>
        </extensions>
      </trkpt>
      <trkpt lat="55.1505542" lon="25.7651705">
        <ele>171.6</ele>
        <time>2026-07-18T10:15:53Z</time>
        <hdop>3.8</hdop>
        <extensions>
          <osmand:speed>10.1</osmand:speed>
        </extensions>
      </trkpt>
      <trkpt lat="55.1511309" lon="25.7653055">
        <ele>171.6</ele>
        <time>2026-07-18T10:15:59Z</time>
        <hdop>3.8</hdop>
        <extensions>
          <osmand:speed>10.9</osmand:speed>
        </extensions>
      </trkpt>
      <trkpt lat="55.1514982" lon="25.7655369">
        <ele>172.1</ele>
        <time>2026-07-18T10:16:05Z</time>
        <hdop>3.8</hdop>
        <extensions>
          <osmand:speed>2.7</osmand:speed>
        </extensions>
      </trkpt>
      <trkpt lat="55.1515175" lon="25.7656112">
        <ele>171.6</ele>
        <time>2026-07-18T10:16:51Z</time>
        <hdop>3.8</hdop>
        <extensions>
          <osmand:speed>2.8</osmand:speed>
        </extensions>
      </trkpt>
      <trkpt lat="55.151607" lon="25.7662646">
        <ele>171.7</ele>
        <time>2026-07-18T10:16:57Z</time>
        <hdop>3.8</hdop>
        <extensions>
          <osmand:speed>7.9</osmand:speed>
        </extensions>
      </trkpt>
      <trkpt lat="55.1517835" lon="25.7669293">
        <ele>170.6</ele>
        <time>2026-07-18T10:17:03Z</time>
        <hdop>3.8</hdop>
        <extensions>
          <osmand:speed>6.5</osmand:speed>
        </extensions>
      </trkpt>
      <trkpt lat="55.1518678" lon="25.7672287">
        <ele>171.5</ele>
        <time>2026-07-18T10:17:09Z</time>
        <hdop>3.8</hdop>
      </trkpt>
      <trkpt lat="55.1518486" lon="25.767139">
        <ele>172.4</ele>
        <time>2026-07-18T10:17:59Z</time>
        <hdop>3.8</hdop>
        <extensions>
          <osmand:speed>1.3</osmand:speed>
        </extensions>
      </trkpt>
      <trkpt lat="55.1518855" lon="25.7671874">
        <ele>173.2</ele>
        <time>2026-07-18T10:19:20Z</time>
        <hdop>3.8</hdop>
        <extensions>
          <osmand:speed>1.2</osmand:speed>
        </extensions>
      </trkpt>
      <trkpt lat="55.1518369" lon="25.7671319">
        <ele>173</ele>
        <time>2026-07-18T10:26:07Z</time>
        <hdop>4.3</hdop>
        <extensions>
          <osmand:speed>0.6</osmand:speed>
        </extensions>
      </trkpt>
      <trkpt lat="55.1518718" lon="25.7671834">
        <ele>175.2</ele>
        <time>2026-07-18T10:28:24Z</time>
        <hdop>3.8</hdop>
        <extensions>
          <osmand:speed>1.2</osmand:speed>
        </extensions>
      </trkpt>
      <trkpt lat="55.1518401" lon="25.7671218">
        <ele>174.2</ele>
        <time>2026-07-18T10:28:51Z</time>
        <hdop>3.8</hdop>
        <extensions>
          <osmand:speed>0.5</osmand:speed>
        </extensions>
      </trkpt>
      <trkpt lat="55.1518496" lon="25.7672034">
        <ele>176.8</ele>
        <time>2026-07-18T10:29:42Z</time>
        <hdop>3.8</hdop>
      </trkpt>
      <trkpt lat="55.1518776" lon="25.7672666">
        <ele>175.1</ele>
        <time>2026-07-18T10:32:26Z</time>
        <hdop>3.8</hdop>
        <extensions>
          <osmand:speed>0.3</osmand:speed>
        </extensions>
      </trkpt>
      <trkpt lat="55.1520433" lon="25.7676933">
        <ele>176.7</ele>
        <time>2026-07-18T10:32:32Z</time>
        <hdop>3.8</hdop>
        <extensions>
          <osmand:speed>7.1</osmand:speed>
        </extensions>
      </trkpt>
      <trkpt lat="55.1523679" lon="25.7683174">
        <ele>176.6</ele>
        <time>2026-07-18T10:32:38Z</time>
        <hdop>3.8</hdop>
        <extensions>
          <osmand:speed>9.9</osmand:speed>
        </extensions>
      </trkpt>
      <trkpt lat="55.1527941" lon="25.7690143">
        <ele>172.9</ele>
        <time>2026-07-18T10:32:44Z</time>
        <hdop>3.9</hdop>
        <extensions>
          <osmand:speed>11</osmand:speed>
        </extensions>
      </trkpt>
      <trkpt lat="55.153713" lon="25.7702159">
        <ele>178.3</ele>
        <time>2026-07-18T10:33:05Z</time>
        <hdop>3.8</hdop>
      </trkpt>
      <trkpt lat="55.1537568" lon="25.7701929">
        <ele>178.5</ele>
        <time>2026-07-18T10:35:34Z</time>
        <hdop>3.8</hdop>
        <extensions>
          <osmand:speed>3.2</osmand:speed>
        </extensions>
      </trkpt>
      <trkpt lat="55.1540198" lon="25.7704073">
        <ele>180</ele>
        <time>2026-07-18T10:35:40Z</time>
        <hdop>3.8</hdop>
        <extensions>
          <osmand:speed>6.8</osmand:speed>
        </extensions>
      </trkpt>
      <trkpt lat="55.1543574" lon="25.7706162">
        <ele>183.9</ele>
        <time>2026-07-18T10:35:46Z</time>
        <hdop>3.8</hdop>
        <extensions>
          <osmand:speed>7.5</osmand:speed>
        </extensions>
      </trkpt>
      <trkpt lat="55.1546646" lon="25.770658">
        <ele>186.1</ele>
        <time>2026-07-18T10:35:52Z</time>
        <hdop>3.8</hdop>
        <extensions>
          <osmand:speed>6.9</osmand:speed>
        </extensions>
      </trkpt>
      <trkpt lat="55.1551193" lon="25.7704324">
        <ele>186.9</ele>
        <time>2026-07-18T10:35:58Z</time>
        <hdop>3.8</hdop>
        <extensions>
          <osmand:speed>10.2</osmand:speed>
        </extensions>
      </trkpt>
      <trkpt lat="55.1556476" lon="25.7701539">
        <ele>185.5</ele>
        <time>2026-07-18T10:36:04Z</time>
        <hdop>3.8</hdop>
        <extensions>
          <osmand:speed>9.5</osmand:speed>
        </extensions>
      </trkpt>
      <trkpt lat="55.1561353" lon="25.769616">
        <ele>185.8</ele>
        <time>2026-07-18T10:36:10Z</time>
        <hdop>3.8</hdop>
        <extensions>
          <osmand:speed>11.4</osmand:speed>
        </extensions>
      </trkpt>
      <trkpt lat="55.1567824" lon="25.7694334">
        <ele>188.1</ele>
        <time>2026-07-18T10:36:16Z</time>
        <hdop>3.8</hdop>
        <extensions>
          <osmand:speed>13</osmand:speed>
        </extensions>
      </trkpt>
      <trkpt lat="55.157483" lon="25.769351">
        <ele>190</ele>
        <time>2026-07-18T10:36:22Z</time>
        <hdop>3.8</hdop>
        <extensions>
          <osmand:speed>14.6</osmand:speed>
        </extensions>
      </trkpt>
      <trkpt lat="55.158246" lon="25.7692832">
        <ele>187.9</ele>
        <time>2026-07-18T10:36:28Z</time>
        <hdop>3.8</hdop>
        <extensions>
          <osmand:speed>14.3</osmand:speed>
        </extensions>
      </trkpt>
      <trkpt lat="55.1589583" lon="25.7690213">
        <ele>191</ele>
        <time>2026-07-18T10:36:34Z</time>
        <hdop>3.8</hdop>
        <extensions>
          <osmand:speed>13</osmand:speed>
        </extensions>
      </trkpt>
      <trkpt lat="55.1596708" lon="25.7689312">
        <ele>190.4</ele>
        <time>2026-07-18T10:36:40Z</time>
        <hdop>3.8</hdop>
        <extensions>
          <osmand:speed>13.7</osmand:speed>
        </extensions>
      </trkpt>
      <trkpt lat="55.1604246" lon="25.7692176">
        <ele>189.9</ele>
        <time>2026-07-18T10:36:46Z</time>
        <hdop>3.8</hdop>
        <extensions>
          <osmand:speed>12.6</osmand:speed>
        </extensions>
      </trkpt>
      <trkpt lat="55.1610779" lon="25.7697813">
        <ele>186.8</ele>
        <time>2026-07-18T10:36:52Z</time>
        <hdop>3.8</hdop>
        <extensions>
          <osmand:speed>14.2</osmand:speed>
        </extensions>
      </trkpt>
      <trkpt lat="55.1617889" lon="25.7703292">
        <ele>185.5</ele>
        <time>2026-07-18T10:36:58Z</time>
        <hdop>3.8</hdop>
        <extensions>
          <osmand:speed>14.9</osmand:speed>
        </extensions>
      </trkpt>
      <trkpt lat="55.1625325" lon="25.7704597">
        <ele>187.3</ele>
        <time>2026-07-18T10:37:04Z</time>
        <hdop>3.8</hdop>
        <extensions>
          <osmand:speed>13.9</osmand:speed>
        </extensions>
      </trkpt>
      <trkpt lat="55.1633214" lon="25.7705759">
        <ele>185.4</ele>
        <time>2026-07-18T10:37:10Z</time>
        <hdop>3.8</hdop>
        <extensions>
          <osmand:speed>13.9</osmand:speed>
        </extensions>
      </trkpt>
      <trkpt lat="55.1636814" lon="25.7707871">
        <ele>185.3</ele>
        <time>2026-07-18T10:37:16Z</time>
        <hdop>3.8</hdop>
        <extensions>
          <osmand:speed>3.8</osmand:speed>
        </extensions>
      </trkpt>
      <trkpt lat="55.163962" lon="25.7710911">
        <ele>187.2</ele>
        <time>2026-07-18T10:37:22Z</time>
        <hdop>3.8</hdop>
        <extensions>
          <osmand:speed>9.1</osmand:speed>
        </extensions>
      </trkpt>
      <trkpt lat="55.1644294" lon="25.7716868">
        <ele>187.9</ele>
        <time>2026-07-18T10:37:28Z</time>
        <hdop>3.8</hdop>
        <extensions>
          <osmand:speed>12.4</osmand:speed>
        </extensions>
      </trkpt>
      <trkpt lat="55.165107" lon="25.7720036">
        <ele>186.7</ele>
        <time>2026-07-18T10:37:34Z</time>
        <hdop>3.8</hdop>
        <extensions>
          <osmand:speed>13.7</osmand:speed>
        </extensions>
      </trkpt>
      <trkpt lat="55.1657846" lon="25.772103">
        <ele>185.6</ele>
        <time>2026-07-18T10:37:40Z</time>
        <hdop>3.8</hdop>
        <extensions>
          <osmand:speed>10.4</osmand:speed>
        </extensions>
      </trkpt>
      <trkpt lat="55.1663532" lon="25.771835">
        <ele>184.9</ele>
        <time>2026-07-18T10:37:46Z</time>
        <hdop>3.8</hdop>
        <extensions>
          <osmand:speed>11.4</osmand:speed>
        </extensions>
      </trkpt>
      <trkpt lat="55.16692" lon="25.7714945">
        <ele>178.4</ele>
        <time>2026-07-18T10:37:52Z</time>
        <hdop>3.8</hdop>
        <extensions>
          <osmand:speed>11</osmand:speed>
        </extensions>
      </trkpt>
      <trkpt lat="55.1674257" lon="25.7712092">
        <ele>178.6</ele>
        <time>2026-07-18T10:37:58Z</time>
        <hdop>3.8</hdop>
        <extensions>
          <osmand:speed>6.9</osmand:speed>
        </extensions>
      </trkpt>
      <trkpt lat="55.167736" lon="25.7713052">
        <ele>181</ele>
        <time>2026-07-18T10:38:04Z</time>
        <hdop>3.8</hdop>
        <extensions>
          <osmand:speed>6.9</osmand:speed>
        </extensions>
      </trkpt>
      <trkpt lat="55.1682303" lon="25.7715935">
        <ele>181.9</ele>
        <time>2026-07-18T10:38:10Z</time>
        <hdop>3.8</hdop>
        <extensions>
          <osmand:speed>12.1</osmand:speed>
        </extensions>
      </trkpt>
      <trkpt lat="55.1687932" lon="25.7721366">
        <ele>179.4</ele>
        <time>2026-07-18T10:38:16Z</time>
        <hdop>3.8</hdop>
        <extensions>
          <osmand:speed>11.9</osmand:speed>
        </extensions>
      </trkpt>
      <trkpt lat="55.1692919" lon="25.7726984">
        <ele>181</ele>
        <time>2026-07-18T10:38:22Z</time>
        <hdop>3.8</hdop>
        <extensions>
          <osmand:speed>9.3</osmand:speed>
        </extensions>
      </trkpt>
      <trkpt lat="55.1698377" lon="25.7733668">
        <ele>179.4</ele>
        <time>2026-07-18T10:38:28Z</time>
        <hdop>3.8</hdop>
        <extensions>
          <osmand:speed>13</osmand:speed>
        </extensions>
      </trkpt>
      <trkpt lat="55.1704029" lon="25.7741024">
        <ele>178.4</ele>
        <time>2026-07-18T10:38:34Z</time>
        <hdop>3.8</hdop>
        <extensions>
          <osmand:speed>14.3</osmand:speed>
        </extensions>
      </trkpt>
      <trkpt lat="55.1710152" lon="25.7750134">
        <ele>177</ele>
        <time>2026-07-18T10:38:40Z</time>
        <hdop>3.8</hdop>
        <extensions>
          <osmand:speed>15.3</osmand:speed>
        </extensions>
      </trkpt>
      <trkpt lat="55.1716218" lon="25.7759283">
        <ele>176.5</ele>
        <time>2026-07-18T10:38:46Z</time>
        <hdop>3.8</hdop>
        <extensions>
          <osmand:speed>14.1</osmand:speed>
        </extensions>
      </trkpt>
      <trkpt lat="55.1722109" lon="25.7765518">
        <ele>174.8</ele>
        <time>2026-07-18T10:38:52Z</time>
        <hdop>3.8</hdop>
        <extensions>
          <osmand:speed>13.6</osmand:speed>
        </extensions>
      </trkpt>
      <trkpt lat="55.1729799" lon="25.7767768">
        <ele>176.4</ele>
        <time>2026-07-18T10:38:58Z</time>
        <hdop>3.8</hdop>
        <extensions>
          <osmand:speed>14.2</osmand:speed>
        </extensions>
      </trkpt>
      <trkpt lat="55.1737042" lon="25.7769979">
        <ele>178.4</ele>
        <time>2026-07-18T10:39:04Z</time>
        <hdop>3.8</hdop>
        <extensions>
          <osmand:speed>12</osmand:speed>
        </extensions>
      </trkpt>
      <trkpt lat="55.174244" lon="25.7771434">
        <ele>178.6</ele>
        <time>2026-07-18T10:39:10Z</time>
        <hdop>3.8</hdop>
        <extensions>
          <osmand:speed>8.3</osmand:speed>
        </extensions>
      </trkpt>
      <trkpt lat="55.1746892" lon="25.7771854">
        <ele>177.8</ele>
        <time>2026-07-18T10:39:16Z</time>
        <hdop>3.8</hdop>
        <extensions>
          <osmand:speed>8.1</osmand:speed>
        </extensions>
      </trkpt>
      <trkpt lat="55.1751106" lon="25.7772679">
        <ele>178.9</ele>
        <time>2026-07-18T10:39:22Z</time>
        <hdop>3.8</hdop>
        <extensions>
          <osmand:speed>7.3</osmand:speed>
        </extensions>
      </trkpt>
      <trkpt lat="55.1755496" lon="25.7772025">
        <ele>178.8</ele>
        <time>2026-07-18T10:39:28Z</time>
        <hdop>3.8</hdop>
        <extensions>
          <osmand:speed>8.8</osmand:speed>
        </extensions>
      </trkpt>
      <trkpt lat="55.1760184" lon="25.7769528">
        <ele>179.8</ele>
        <time>2026-07-18T10:39:34Z</time>
        <hdop>3.8</hdop>
        <extensions>
          <osmand:speed>9.1</osmand:speed>
        </extensions>
      </trkpt>
      <trkpt lat="55.1764649" lon="25.7765802">
        <ele>178.5</ele>
        <time>2026-07-18T10:39:40Z</time>
        <hdop>3.8</hdop>
        <extensions>
          <osmand:speed>8.8</osmand:speed>
        </extensions>
      </trkpt>
      <trkpt lat="55.1769723" lon="25.7765601">
        <ele>180.6</ele>
        <time>2026-07-18T10:39:46Z</time>
        <hdop>3.8</hdop>
        <extensions>
          <osmand:speed>10.2</osmand:speed>
        </extensions>
      </trkpt>
      <trkpt lat="55.177469" lon="25.7768009">
        <ele>181.6</ele>
        <time>2026-07-18T10:39:52Z</time>
        <hdop>3.8</hdop>
        <extensions>
          <osmand:speed>6.9</osmand:speed>
        </extensions>
      </trkpt>
      <trkpt lat="55.177744" lon="25.7769503">
        <ele>182.5</ele>
        <time>2026-07-18T10:39:58Z</time>
        <hdop>3.8</hdop>
        <extensions>
          <osmand:speed>8.6</osmand:speed>
        </extensions>
      </trkpt>
      <trkpt lat="55.1781362" lon="25.7772417">
        <ele>181.6</ele>
        <time>2026-07-18T10:40:04Z</time>
        <hdop>3.8</hdop>
        <extensions>
          <osmand:speed>6.1</osmand:speed>
        </extensions>
      </trkpt>
      <trkpt lat="55.1782725" lon="25.777331">
        <ele>181.5</ele>
        <time>2026-07-18T10:40:10Z</time>
        <hdop>3.8</hdop>
      </trkpt>
      <trkpt lat="55.178308" lon="25.7774261">
        <ele>180.4</ele>
        <time>2026-07-18T10:40:21Z</time>
        <hdop>3.8</hdop>
        <extensions>
          <osmand:speed>3.3</osmand:speed>
        </extensions>
      </trkpt>
      <trkpt lat="55.1783406" lon="25.7778227">
        <ele>179.9</ele>
        <time>2026-07-18T10:40:27Z</time>
        <hdop>3.8</hdop>
        <extensions>
          <osmand:speed>4.7</osmand:speed>
        </extensions>
      </trkpt>
      <trkpt lat="55.1783762" lon="25.7782228">
        <ele>178</ele>
        <time>2026-07-18T10:40:33Z</time>
        <hdop>3.8</hdop>
        <extensions>
          <osmand:speed>4.5</osmand:speed>
        </extensions>
      </trkpt>
      <trkpt lat="55.1784948" lon="25.7788949">
        <ele>179.5</ele>
        <time>2026-07-18T10:40:39Z</time>
        <hdop>3.8</hdop>
        <extensions>
          <osmand:speed>8.7</osmand:speed>
        </extensions>
      </trkpt>
      <trkpt lat="55.1786629" lon="25.7796721">
        <ele>180.1</ele>
        <time>2026-07-18T10:40:45Z</time>
        <hdop>3.8</hdop>
        <extensions>
          <osmand:speed>8.9</osmand:speed>
        </extensions>
      </trkpt>
      <trkpt lat="55.1788787" lon="25.7804488">
        <ele>180.7</ele>
        <time>2026-07-18T10:40:51Z</time>
        <hdop>3.8</hdop>
        <extensions>
          <osmand:speed>9.3</osmand:speed>
        </extensions>
      </trkpt>
      <trkpt lat="55.1791194" lon="25.7810721">
        <ele>180.7</ele>
        <time>2026-07-18T10:40:57Z</time>
        <hdop>3.8</hdop>
        <extensions>
          <osmand:speed>5.6</osmand:speed>
        </extensions>
      </trkpt>
      <trkpt lat="55.1793394" lon="25.7816357">
        <ele>179.2</ele>
        <time>2026-07-18T10:41:03Z</time>
        <hdop>3.8</hdop>
        <extensions>
          <osmand:speed>4.6</osmand:speed>
        </extensions>
      </trkpt>
      <trkpt lat="55.1794166" lon="25.7815514">
        <ele>178.4</ele>
        <time>2026-07-18T10:41:09Z</time>
        <hdop>3.8</hdop>
        <extensions>
          <osmand:speed>1</osmand:speed>
        </extensions>
      </trkpt>
      <trkpt lat="55.1794342" lon="25.7814713">
        <ele>180</ele>
        <time>2026-07-18T10:41:45Z</time>
        <hdop>4.1</hdop>
        <extensions>
          <osmand:speed>3.5</osmand:speed>
        </extensions>
      </trkpt>
      <trkpt lat="55.1795164" lon="25.7810044">
        <ele>180.6</ele>
        <time>2026-07-18T10:41:51Z</time>
        <hdop>4</hdop>
        <extensions>
          <osmand:speed>5.5</osmand:speed>
        </extensions>
      </trkpt>
      <trkpt lat="55.1795605" lon="25.7803334">
        <ele>180.1</ele>
        <time>2026-07-18T10:41:57Z</time>
        <hdop>3.8</hdop>
        <extensions>
          <osmand:speed>7.4</osmand:speed>
        </extensions>
      </trkpt>
      <trkpt lat="55.17963" lon="25.7797785">
        <ele>177.7</ele>
        <time>2026-07-18T10:42:03Z</time>
        <hdop>3.8</hdop>
        <extensions>
          <osmand:speed>4.8</osmand:speed>
        </extensions>
      </trkpt>
      <trkpt lat="55.1797002" lon="25.7795809">
        <ele>177.4</ele>
        <time>2026-07-18T10:42:09Z</time>
        <hdop>3.8</hdop>
      </trkpt>
      <trkpt lat="55.1796713" lon="25.7796616">
        <ele>180.1</ele>
        <time>2026-07-18T10:42:35Z</time>
        <hdop>3.8</hdop>
        <extensions>
          <osmand:speed>1.7</osmand:speed>
        </extensions>
      </trkpt>
      <trkpt lat="55.1796066" lon="25.7798238">
        <ele>181.3</ele>
        <time>2026-07-18T10:42:41Z</time>
        <hdop>3.8</hdop>
        <extensions>
          <osmand:speed>3.1</osmand:speed>
        </extensions>
      </trkpt>
      <trkpt lat="55.1795381" lon="25.7801879">
        <ele>181.9</ele>
        <time>2026-07-18T10:42:47Z</time>
        <hdop>3.8</hdop>
        <extensions>
          <osmand:speed>4.6</osmand:speed>
        </extensions>
      </trkpt>
      <trkpt lat="55.1795035" lon="25.7805638">
        <ele>182.6</ele>
        <time>2026-07-18T10:42:53Z</time>
        <hdop>3.8</hdop>
        <extensions>
          <osmand:speed>3.8</osmand:speed>
        </extensions>
      </trkpt>
      <trkpt lat="55.1794871" lon="25.7810741">
        <ele>181.4</ele>
        <time>2026-07-18T10:42:59Z</time>
        <hdop>3.8</hdop>
        <extensions>
          <osmand:speed>5</osmand:speed>
        </extensions>
      </trkpt>
      <trkpt lat="55.179384" lon="25.7815426">
        <ele>178.9</ele>
        <time>2026-07-18T10:43:05Z</time>
        <hdop>3.8</hdop>
        <extensions>
          <osmand:speed>5</osmand:speed>
        </extensions>
      </trkpt>
      <trkpt lat="55.1794723" lon="25.7819992">
        <ele>177.6</ele>
        <time>2026-07-18T10:43:11Z</time>
        <hdop>3.8</hdop>
        <extensions>
          <osmand:speed>7.4</osmand:speed>
        </extensions>
      </trkpt>
      <trkpt lat="55.1797504" lon="25.7827653">
        <ele>177.9</ele>
        <time>2026-07-18T10:43:17Z</time>
        <hdop>3.8</hdop>
        <extensions>
          <osmand:speed>10.6</osmand:speed>
        </extensions>
      </trkpt>
      <trkpt lat="55.1799587" lon="25.7837097">
        <ele>177.8</ele>
        <time>2026-07-18T10:43:23Z</time>
        <hdop>3.8</hdop>
        <extensions>
          <osmand:speed>10.5</osmand:speed>
        </extensions>
      </trkpt>
      <trkpt lat="55.179981" lon="25.7846755">
        <ele>178.9</ele>
        <time>2026-07-18T10:43:29Z</time>
        <hdop>3.8</hdop>
        <extensions>
          <osmand:speed>10.2</osmand:speed>
        </extensions>
      </trkpt>
      <trkpt lat="55.1799482" lon="25.7857117">
        <ele>178.9</ele>
        <time>2026-07-18T10:43:35Z</time>
        <hdop>3.8</hdop>
        <extensions>
          <osmand:speed>11.4</osmand:speed>
        </extensions>
      </trkpt>
      <trkpt lat="55.1798992" lon="25.7867947">
        <ele>178.7</ele>
        <time>2026-07-18T10:43:41Z</time>
        <hdop>3.8</hdop>
        <extensions>
          <osmand:speed>11.9</osmand:speed>
        </extensions>
      </trkpt>
      <trkpt lat="55.1798547" lon="25.7878638">
        <ele>180.6</ele>
        <time>2026-07-18T10:43:47Z</time>
        <hdop>3.8</hdop>
        <extensions>
          <osmand:speed>11.6</osmand:speed>
        </extensions>
      </trkpt>
      <trkpt lat="55.1798114" lon="25.7889267">
        <ele>182.2</ele>
        <time>2026-07-18T10:43:53Z</time>
        <hdop>3.8</hdop>
        <extensions>
          <osmand:speed>11.5</osmand:speed>
        </extensions>
      </trkpt>
      <trkpt lat="55.1797819" lon="25.7901272">
        <ele>181.2</ele>
        <time>2026-07-18T10:43:59Z</time>
        <hdop>3.8</hdop>
        <extensions>
          <osmand:speed>13.5</osmand:speed>
        </extensions>
      </trkpt>
      <trkpt lat="55.1797267" lon="25.7913473">
        <ele>180.9</ele>
        <time>2026-07-18T10:44:05Z</time>
        <hdop>3.8</hdop>
        <extensions>
          <osmand:speed>12.9</osmand:speed>
        </extensions>
      </trkpt>
      <trkpt lat="55.1796841" lon="25.7925133">
        <ele>180.6</ele>
        <time>2026-07-18T10:44:11Z</time>
        <hdop>3.8</hdop>
        <extensions>
          <osmand:speed>10.8</osmand:speed>
        </extensions>
      </trkpt>
      <trkpt lat="55.1798435" lon="25.7931329">
        <ele>181.3</ele>
        <time>2026-07-18T10:44:17Z</time>
        <hdop>3.8</hdop>
        <extensions>
          <osmand:speed>9</osmand:speed>
        </extensions>
      </trkpt>
      <trkpt lat="55.180387" lon="25.7932363">
        <ele>180.3</ele>
        <time>2026-07-18T10:44:23Z</time>
        <hdop>3.8</hdop>
        <extensions>
          <osmand:speed>11.3</osmand:speed>
        </extensions>
      </trkpt>
      <trkpt lat="55.1810082" lon="25.7933628">
        <ele>181.3</ele>
        <time>2026-07-18T10:44:29Z</time>
        <hdop>3.8</hdop>
        <extensions>
          <osmand:speed>11.6</osmand:speed>
        </extensions>
      </trkpt>
      <trkpt lat="55.1816676" lon="25.7934837">
        <ele>180.2</ele>
        <time>2026-07-18T10:44:35Z</time>
        <hdop>3.8</hdop>
        <extensions>
          <osmand:speed>13</osmand:speed>
        </extensions>
      </trkpt>
      <trkpt lat="55.1824016" lon="25.7936114">
        <ele>182.3</ele>
        <time>2026-07-18T10:44:41Z</time>
        <hdop>3.8</hdop>
        <extensions>
          <osmand:speed>13.9</osmand:speed>
        </extensions>
      </trkpt>
      <trkpt lat="55.1831624" lon="25.7937429">
        <ele>181.8</ele>
        <time>2026-07-18T10:44:47Z</time>
        <hdop>3.8</hdop>
        <extensions>
          <osmand:speed>13.6</osmand:speed>
        </extensions>
      </trkpt>
      <trkpt lat="55.1838978" lon="25.7938714">
        <ele>182</ele>
        <time>2026-07-18T10:44:53Z</time>
        <hdop>3.8</hdop>
        <extensions>
          <osmand:speed>14</osmand:speed>
        </extensions>
      </trkpt>
      <trkpt lat="55.184675" lon="25.7940317">
        <ele>181.9</ele>
        <time>2026-07-18T10:44:59Z</time>
        <hdop>3.8</hdop>
        <extensions>
          <osmand:speed>14.7</osmand:speed>
        </extensions>
      </trkpt>
      <trkpt lat="55.1854692" lon="25.7941533">
        <ele>181.6</ele>
        <time>2026-07-18T10:45:05Z</time>
        <hdop>3.8</hdop>
        <extensions>
          <osmand:speed>14.5</osmand:speed>
        </extensions>
      </trkpt>
      <trkpt lat="55.1862237" lon="25.7943064">
        <ele>183.6</ele>
        <time>2026-07-18T10:45:11Z</time>
        <hdop>3.8</hdop>
        <extensions>
          <osmand:speed>13.8</osmand:speed>
        </extensions>
      </trkpt>
      <trkpt lat="55.186939" lon="25.7944374">
        <ele>182.4</ele>
        <time>2026-07-18T10:45:17Z</time>
        <hdop>3.8</hdop>
        <extensions>
          <osmand:speed>12.1</osmand:speed>
        </extensions>
      </trkpt>
      <trkpt lat="55.1872315" lon="25.7940605">
        <ele>180.8</ele>
        <time>2026-07-18T10:45:23Z</time>
        <hdop>3.8</hdop>
        <extensions>
          <osmand:speed>9.1</osmand:speed>
        </extensions>
      </trkpt>
      <trkpt lat="55.1873086" lon="25.7930313">
        <ele>180.3</ele>
        <time>2026-07-18T10:45:29Z</time>
        <hdop>3.8</hdop>
        <extensions>
          <osmand:speed>12.1</osmand:speed>
        </extensions>
      </trkpt>
      <trkpt lat="55.1873757" lon="25.7918907">
        <ele>179.6</ele>
        <time>2026-07-18T10:45:35Z</time>
        <hdop>3.8</hdop>
        <extensions>
          <osmand:speed>11.5</osmand:speed>
        </extensions>
      </trkpt>
      <trkpt lat="55.1874353" lon="25.7908283">
        <ele>180.4</ele>
        <time>2026-07-18T10:45:41Z</time>
        <hdop>3.8</hdop>
        <extensions>
          <osmand:speed>10.9</osmand:speed>
        </extensions>
      </trkpt>
      <trkpt lat="55.1874868" lon="25.7900922">
        <ele>180.3</ele>
        <time>2026-07-18T10:45:47Z</time>
        <hdop>3.8</hdop>
        <extensions>
          <osmand:speed>5.8</osmand:speed>
        </extensions>
      </trkpt>
      <trkpt lat="55.1878196" lon="25.7902772">
        <ele>180.9</ele>
        <time>2026-07-18T10:45:53Z</time>
        <hdop>3.8</hdop>
        <extensions>
          <osmand:speed>8.3</osmand:speed>
        </extensions>
      </trkpt>
      <trkpt lat="55.1882682" lon="25.790642">
        <ele>179.6</ele>
        <time>2026-07-18T10:45:59Z</time>
        <hdop>3.8</hdop>
        <extensions>
          <osmand:speed>8.8</osmand:speed>
        </extensions>
      </trkpt>
      <trkpt lat="55.188664" lon="25.7908537">
        <ele>178.7</ele>
        <time>2026-07-18T10:46:05Z</time>
        <hdop>3.8</hdop>
        <extensions>
          <osmand:speed>7.6</osmand:speed>
        </extensions>
      </trkpt>
      <trkpt lat="55.1889282" lon="25.7908621">
        <ele>178.4</ele>
        <time>2026-07-18T10:46:11Z</time>
        <hdop>3.8</hdop>
        <extensions>
          <osmand:speed>5.1</osmand:speed>
        </extensions>
      </trkpt>
      <trkpt lat="55.1893308" lon="25.7908285">
        <ele>178.1</ele>
        <time>2026-07-18T10:46:17Z</time>
        <hdop>3.8</hdop>
        <extensions>
          <osmand:speed>8.5</osmand:speed>
        </extensions>
      </trkpt>
      <trkpt lat="55.189796" lon="25.7907806">
        <ele>179.5</ele>
        <time>2026-07-18T10:46:23Z</time>
        <hdop>3.8</hdop>
        <extensions>
          <osmand:speed>8.6</osmand:speed>
        </extensions>
      </trkpt>
      <trkpt lat="55.1902401" lon="25.7907355">
        <ele>176.5</ele>
        <time>2026-07-18T10:46:29Z</time>
        <hdop>3.8</hdop>
        <extensions>
          <osmand:speed>7.9</osmand:speed>
        </extensions>
      </trkpt>
      <trkpt lat="55.190635" lon="25.790769">
        <ele>174.9</ele>
        <time>2026-07-18T10:46:35Z</time>
        <hdop>3.8</hdop>
        <extensions>
          <osmand:speed>7.3</osmand:speed>
        </extensions>
      </trkpt>
      <trkpt lat="55.1910257" lon="25.791161">
        <ele>173.8</ele>
        <time>2026-07-18T10:46:41Z</time>
        <hdop>4</hdop>
        <extensions>
          <osmand:speed>8.3</osmand:speed>
        </extensions>
      </trkpt>
      <trkpt lat="55.1914661" lon="25.7915715">
        <ele>176.8</ele>
        <time>2026-07-18T10:46:47Z</time>
        <hdop>3.8</hdop>
        <extensions>
          <osmand:speed>8.6</osmand:speed>
        </extensions>
      </trkpt>
      <trkpt lat="55.1918947" lon="25.7917939">
        <ele>176.9</ele>
        <time>2026-07-18T10:46:53Z</time>
        <hdop>3.8</hdop>
        <extensions>
          <osmand:speed>8.1</osmand:speed>
        </extensions>
      </trkpt>
      <trkpt lat="55.1923678" lon="25.7917728">
        <ele>179.7</ele>
        <time>2026-07-18T10:46:59Z</time>
        <hdop>3.8</hdop>
        <extensions>
          <osmand:speed>8.9</osmand:speed>
        </extensions>
      </trkpt>
      <trkpt lat="55.1929104" lon="25.7915462">
        <ele>181.3</ele>
        <time>2026-07-18T10:47:05Z</time>
        <hdop>3.8</hdop>
        <extensions>
          <osmand:speed>10.9</osmand:speed>
        </extensions>
      </trkpt>
      <trkpt lat="55.1935243" lon="25.7912703">
        <ele>182.6</ele>
        <time>2026-07-18T10:47:11Z</time>
        <hdop>4</hdop>
        <extensions>
          <osmand:speed>11.8</osmand:speed>
        </extensions>
      </trkpt>
      <trkpt lat="55.1941314" lon="25.791049">
        <ele>181.5</ele>
        <time>2026-07-18T10:47:17Z</time>
        <hdop>3.8</hdop>
        <extensions>
          <osmand:speed>11.6</osmand:speed>
        </extensions>
      </trkpt>
      <trkpt lat="55.1945859" lon="25.7906678">
        <ele>178.3</ele>
        <time>2026-07-18T10:47:23Z</time>
        <hdop>3.8</hdop>
        <extensions>
          <osmand:speed>7.5</osmand:speed>
        </extensions>
      </trkpt>
      <trkpt lat="55.1946314" lon="25.7905373">
        <ele>177.5</ele>
        <time>2026-07-18T10:47:29Z</time>
        <hdop>3.8</hdop>
        <extensions>
          <osmand:speed>0.3</osmand:speed>
        </extensions>
      </trkpt>
      <trkpt lat="55.1946851" lon="25.790443">
        <ele>176.6</ele>
        <time>2026-07-18T10:47:43Z</time>
        <hdop>3.8</hdop>
        <extensions>
          <osmand:speed>4.1</osmand:speed>
        </extensions>
      </trkpt>
      <trkpt lat="55.1949551" lon="25.7900714">
        <ele>174.5</ele>
        <time>2026-07-18T10:47:49Z</time>
        <hdop>3.8</hdop>
        <extensions>
          <osmand:speed>6.5</osmand:speed>
        </extensions>
      </trkpt>
      <trkpt lat="55.1951652" lon="25.7896546">
        <ele>173.8</ele>
        <time>2026-07-18T10:47:55Z</time>
        <hdop>3.8</hdop>
        <extensions>
          <osmand:speed>5.2</osmand:speed>
        </extensions>
      </trkpt>
      <trkpt lat="55.1953808" lon="25.7891258">
        <ele>174.4</ele>
        <time>2026-07-18T10:48:01Z</time>
        <hdop>3.8</hdop>
        <extensions>
          <osmand:speed>6.5</osmand:speed>
        </extensions>
      </trkpt>
      <trkpt lat="55.1955568" lon="25.7887725">
        <ele>177.1</ele>
        <time>2026-07-18T10:48:07Z</time>
        <hdop>3.8</hdop>
        <extensions>
          <osmand:speed>3.4</osmand:speed>
        </extensions>
      </trkpt>
      <trkpt lat="55.1957315" lon="25.7884291">
        <ele>177.9</ele>
        <time>2026-07-18T10:48:13Z</time>
        <hdop>4</hdop>
        <extensions>
          <osmand:speed>4.5</osmand:speed>
        </extensions>
      </trkpt>
      <trkpt lat="55.1959004" lon="25.7879826">
        <ele>179.8</ele>
        <time>2026-07-18T10:48:19Z</time>
        <hdop>4</hdop>
        <extensions>
          <osmand:speed>5.4</osmand:speed>
        </extensions>
      </trkpt>
      <trkpt lat="55.1962112" lon="25.7878949">
        <ele>180.1</ele>
        <time>2026-07-18T10:48:25Z</time>
        <hdop>3.8</hdop>
        <extensions>
          <osmand:speed>5.9</osmand:speed>
        </extensions>
      </trkpt>
      <trkpt lat="55.1965318" lon="25.7877894">
        <ele>179.6</ele>
        <time>2026-07-18T10:48:31Z</time>
        <hdop>3.8</hdop>
        <extensions>
          <osmand:speed>4.9</osmand:speed>
        </extensions>
      </trkpt>
      <trkpt lat="55.1967328" lon="25.7874996">
        <ele>180</ele>
        <time>2026-07-18T10:48:37Z</time>
        <hdop>4.1</hdop>
        <extensions>
          <osmand:speed>3.6</osmand:speed>
        </extensions>
      </trkpt>
      <trkpt lat="55.1968306" lon="25.7874485">
        <ele>179</ele>
        <time>2026-07-18T10:48:43Z</time>
        <hdop>3.8</hdop>
        <extensions>
          <osmand:speed>1.8</osmand:speed>
        </extensions>
      </trkpt>
      <trkpt lat="55.1967914" lon="25.7873934">
        <ele>178.9</ele>
        <time>2026-07-18T10:49:09Z</time>
        <hdop>3.8</hdop>
        <extensions>
          <osmand:speed>0.9</osmand:speed>
        </extensions>
      </trkpt>
      <trkpt lat="55.1967492" lon="25.7874847">
        <ele>177.2</ele>
        <time>2026-07-18T10:49:18Z</time>
        <hdop>3.8</hdop>
        <extensions>
          <osmand:speed>3.4</osmand:speed>
        </extensions>
      </trkpt>
      <trkpt lat="55.1965267" lon="25.7877551">
        <ele>178.6</ele>
        <time>2026-07-18T10:49:26Z</time>
        <hdop>3.8</hdop>
        <extensions>
          <osmand:speed>4.5</osmand:speed>
        </extensions>
      </trkpt>
      <trkpt lat="55.1962749" lon="25.7878319">
        <ele>179.6</ele>
        <time>2026-07-18T10:49:32Z</time>
        <hdop>3.8</hdop>
        <extensions>
          <osmand:speed>5.2</osmand:speed>
        </extensions>
      </trkpt>
      <trkpt lat="55.195988" lon="25.7878814">
        <ele>176.8</ele>
        <time>2026-07-18T10:49:38Z</time>
        <hdop>4</hdop>
        <extensions>
          <osmand:speed>5.8</osmand:speed>
        </extensions>
      </trkpt>
      <trkpt lat="55.1957617" lon="25.788299">
        <ele>181.1</ele>
        <time>2026-07-18T10:49:44Z</time>
        <hdop>3.8</hdop>
        <extensions>
          <osmand:speed>2.5</osmand:speed>
        </extensions>
      </trkpt>
      <trkpt lat="55.1956227" lon="25.7886111">
        <ele>181.8</ele>
        <time>2026-07-18T10:49:50Z</time>
        <hdop>3.8</hdop>
        <extensions>
          <osmand:speed>4.2</osmand:speed>
        </extensions>
      </trkpt>
      <trkpt lat="55.1953873" lon="25.7891453">
        <ele>180</ele>
        <time>2026-07-18T10:49:56Z</time>
        <hdop>3.8</hdop>
        <extensions>
          <osmand:speed>5</osmand:speed>
        </extensions>
      </trkpt>
      <trkpt lat="55.1951788" lon="25.7896808">
        <ele>179.7</ele>
        <time>2026-07-18T10:50:02Z</time>
        <hdop>3.8</hdop>
        <extensions>
          <osmand:speed>6.4</osmand:speed>
        </extensions>
      </trkpt>
      <trkpt lat="55.1949163" lon="25.7901261">
        <ele>181</ele>
        <time>2026-07-18T10:50:08Z</time>
        <hdop>3.8</hdop>
        <extensions>
          <osmand:speed>7.4</osmand:speed>
        </extensions>
      </trkpt>
      <trkpt lat="55.1945953" lon="25.7905776">
        <ele>179.8</ele>
        <time>2026-07-18T10:50:14Z</time>
        <hdop>3.8</hdop>
        <extensions>
          <osmand:speed>8.2</osmand:speed>
        </extensions>
      </trkpt>
      <trkpt lat="55.1943206" lon="25.791044">
        <ele>178.8</ele>
        <time>2026-07-18T10:50:20Z</time>
        <hdop>3.8</hdop>
        <extensions>
          <osmand:speed>6.8</osmand:speed>
        </extensions>
      </trkpt>
      <trkpt lat="55.1941408" lon="25.7915143">
        <ele>179.1</ele>
        <time>2026-07-18T10:50:26Z</time>
        <hdop>4.3</hdop>
        <extensions>
          <osmand:speed>6.5</osmand:speed>
        </extensions>
      </trkpt>
      <trkpt lat="55.1939325" lon="25.7919365">
        <ele>181.8</ele>
        <time>2026-07-18T10:50:32Z</time>
        <hdop>4.5</hdop>
        <extensions>
          <osmand:speed>3.3</osmand:speed>
        </extensions>
      </trkpt>
      <trkpt lat="55.1939197" lon="25.7920159">
        <ele>181.7</ele>
        <time>2026-07-18T10:50:55Z</time>
        <hdop>3.8</hdop>
        <extensions>
          <osmand:speed>1.3</osmand:speed>
        </extensions>
      </trkpt>
      <trkpt lat="55.1939987" lon="25.7921211">
        <ele>181.1</ele>
        <time>2026-07-18T10:51:01Z</time>
        <hdop>3.8</hdop>
        <extensions>
          <osmand:speed>2.9</osmand:speed>
        </extensions>
      </trkpt>
      <trkpt lat="55.194218" lon="25.7923168">
        <ele>182.1</ele>
        <time>2026-07-18T10:51:07Z</time>
        <hdop>3.8</hdop>
        <extensions>
          <osmand:speed>4.2</osmand:speed>
        </extensions>
      </trkpt>
      <trkpt lat="55.1944127" lon="25.7925116">
        <ele>180.8</ele>
        <time>2026-07-18T10:51:13Z</time>
        <hdop>4</hdop>
        <extensions>
          <osmand:speed>0.9</osmand:speed>
        </extensions>
      </trkpt>
      <trkpt lat="55.1944389" lon="25.79261">
        <ele>180.8</ele>
        <time>2026-07-18T10:51:25Z</time>
        <hdop>4.2</hdop>
        <extensions>
          <osmand:speed>2</osmand:speed>
        </extensions>
      </trkpt>
      <trkpt lat="55.1945429" lon="25.7927764">
        <ele>178.4</ele>
        <time>2026-07-18T10:51:31Z</time>
        <hdop>3.9</hdop>
        <extensions>
          <osmand:speed>1.7</osmand:speed>
        </extensions>
      </trkpt>
      <trkpt lat="55.1945876" lon="25.7928007">
        <ele>180.2</ele>
        <time>2026-07-18T10:51:38Z</time>
        <hdop>3.8</hdop>
        <extensions>
          <osmand:speed>0.9</osmand:speed>
        </extensions>
      </trkpt>
      <trkpt lat="55.1946372" lon="25.7928114">
        <ele>181.8</ele>
        <time>2026-07-18T10:52:23Z</time>
        <hdop>3.8</hdop>
        <extensions>
          <osmand:speed>0.8</osmand:speed>
        </extensions>
      </trkpt>
      <trkpt lat="55.1946764" lon="25.7928544">
        <ele>181</ele>
        <time>2026-07-18T10:52:29Z</time>
        <hdop>3.8</hdop>
      </trkpt>
      <trkpt lat="55.1947118" lon="25.7929071">
        <ele>176.5</ele>
        <time>2026-07-18T10:53:01Z</time>
        <hdop>3.8</hdop>
        <extensions>
          <osmand:speed>1.2</osmand:speed>
        </extensions>
      </trkpt>
      <trkpt lat="55.1947587" lon="25.7929155">
        <ele>176.5</ele>
        <time>2026-07-18T10:53:07Z</time>
        <hdop>3.8</hdop>
      </trkpt>
      <trkpt lat="55.1948187" lon="25.7929332">
        <ele>180.2</ele>
        <time>2026-07-18T10:53:41Z</time>
        <hdop>3.8</hdop>
        <extensions>
          <osmand:speed>2</osmand:speed>
        </extensions>
      </trkpt>
      <trkpt lat="55.1949376" lon="25.7928706">
        <ele>180.8</ele>
        <time>2026-07-18T10:53:47Z</time>
        <hdop>3.8</hdop>
        <extensions>
          <osmand:speed>2.5</osmand:speed>
        </extensions>
      </trkpt>
      <trkpt lat="55.1951158" lon="25.7929666">
        <ele>179.4</ele>
        <time>2026-07-18T10:53:53Z</time>
        <hdop>3.8</hdop>
        <extensions>
          <osmand:speed>3.7</osmand:speed>
        </extensions>
      </trkpt>
      <trkpt lat="55.1953389" lon="25.7929708">
        <ele>180.2</ele>
        <time>2026-07-18T10:53:59Z</time>
        <hdop>4</hdop>
        <extensions>
          <osmand:speed>4.1</osmand:speed>
        </extensions>
      </trkpt>
      <trkpt lat="55.1956344" lon="25.793084">
        <ele>177.9</ele>
        <time>2026-07-18T10:54:05Z</time>
        <hdop>3.8</hdop>
        <extensions>
          <osmand:speed>5.5</osmand:speed>
        </extensions>
      </trkpt>
      <trkpt lat="55.1959794" lon="25.7931732">
        <ele>177.6</ele>
        <time>2026-07-18T10:54:11Z</time>
        <hdop>3.8</hdop>
        <extensions>
          <osmand:speed>6.4</osmand:speed>
        </extensions>
      </trkpt>
      <trkpt lat="55.1962298" lon="25.7931734">
        <ele>176.9</ele>
        <time>2026-07-18T10:54:17Z</time>
        <hdop>3.8</hdop>
        <extensions>
          <osmand:speed>3.6</osmand:speed>
        </extensions>
      </trkpt>
      <trkpt lat="55.1964184" lon="25.7931077">
        <ele>178.1</ele>
        <time>2026-07-18T10:54:23Z</time>
        <hdop>3.8</hdop>
        <extensions>
          <osmand:speed>4.6</osmand:speed>
        </extensions>
      </trkpt>
      <trkpt lat="55.1966602" lon="25.7929866">
        <ele>177.9</ele>
        <time>2026-07-18T10:54:29Z</time>
        <hdop>3.8</hdop>
        <extensions>
          <osmand:speed>2.5</osmand:speed>
        </extensions>
      </trkpt>
      <trkpt lat="55.1967376" lon="25.7929039">
        <ele>178.6</ele>
        <time>2026-07-18T10:54:35Z</time>
        <hdop>3.8</hdop>
        <extensions>
          <osmand:speed>0.6</osmand:speed>
        </extensions>
      </trkpt>
      <trkpt lat="55.1966788" lon="25.7929672">
        <ele>178.7</ele>
        <time>2026-07-18T10:54:44Z</time>
        <hdop>3.8</hdop>
        <extensions>
          <osmand:speed>3.4</osmand:speed>
        </extensions>
      </trkpt>
      <trkpt lat="55.1964938" lon="25.7930944">
        <ele>180.8</ele>
        <time>2026-07-18T10:54:50Z</time>
        <hdop>3.8</hdop>
        <extensions>
          <osmand:speed>3.3</osmand:speed>
        </extensions>
      </trkpt>
      <trkpt lat="55.1963074" lon="25.7932027">
        <ele>180.5</ele>
        <time>2026-07-18T10:54:56Z</time>
        <hdop>3.8</hdop>
        <extensions>
          <osmand:speed>3.9</osmand:speed>
        </extensions>
      </trkpt>
      <trkpt lat="55.1961039" lon="25.7931789">
        <ele>181.4</ele>
        <time>2026-07-18T10:55:02Z</time>
        <hdop>3.8</hdop>
        <extensions>
          <osmand:speed>4.5</osmand:speed>
        </extensions>
      </trkpt>
      <trkpt lat="55.1959134" lon="25.7931525">
        <ele>181.1</ele>
        <time>2026-07-18T10:55:08Z</time>
        <hdop>3.8</hdop>
        <extensions>
          <osmand:speed>3.6</osmand:speed>
        </extensions>
      </trkpt>
      <trkpt lat="55.1957669" lon="25.7931236">
        <ele>182.7</ele>
        <time>2026-07-18T10:55:14Z</time>
        <hdop>3.8</hdop>
        <extensions>
          <osmand:speed>2.5</osmand:speed>
        </extensions>
      </trkpt>
      <trkpt lat="55.1956965" lon="25.793103">
        <ele>180.4</ele>
        <time>2026-07-18T10:55:20Z</time>
        <hdop>3.8</hdop>
      </trkpt>
      <trkpt lat="55.1957531" lon="25.793083">
        <ele>178.7</ele>
        <time>2026-07-18T10:55:53Z</time>
        <hdop>3.8</hdop>
        <extensions>
          <osmand:speed>2.3</osmand:speed>
        </extensions>
      </trkpt>
      <trkpt lat="55.1958039" lon="25.7930877">
        <ele>182</ele>
        <time>2026-07-18T10:55:59Z</time>
        <hdop>3.8</hdop>
      </trkpt>
    </trkseg>
    <trkseg>
      <trkpt lat="55.1958616" lon="25.7930786">
        <ele>181.5</ele>
        <time>2026-07-18T11:03:41Z</time>
        <hdop>3.8</hdop>
        <extensions>
          <osmand:speed>1.9</osmand:speed>
        </extensions>
      </trkpt>
      <trkpt lat="55.1960774" lon="25.793164">
        <ele>180.8</ele>
        <time>2026-07-18T11:03:47Z</time>
        <hdop>3.8</hdop>
        <extensions>
          <osmand:speed>5.4</osmand:speed>
        </extensions>
      </trkpt>
      <trkpt lat="55.1963657" lon="25.7931407">
        <ele>178.3</ele>
        <time>2026-07-18T11:03:53Z</time>
        <hdop>3.8</hdop>
        <extensions>
          <osmand:speed>5.7</osmand:speed>
        </extensions>
      </trkpt>
      <trkpt lat="55.1967179" lon="25.7929147">
        <ele>177.5</ele>
        <time>2026-07-18T11:03:59Z</time>
        <hdop>3.8</hdop>
        <extensions>
          <osmand:speed>7.7</osmand:speed>
        </extensions>
      </trkpt>
      <trkpt lat="55.1970621" lon="25.7924967">
        <ele>175.6</ele>
        <time>2026-07-18T11:04:05Z</time>
        <hdop>3.8</hdop>
        <extensions>
          <osmand:speed>8.4</osmand:speed>
        </extensions>
      </trkpt>
      <trkpt lat="55.1973083" lon="25.791836">
        <ele>174.2</ele>
        <time>2026-07-18T11:04:11Z</time>
        <hdop>3.8</hdop>
        <extensions>
          <osmand:speed>8.1</osmand:speed>
        </extensions>
      </trkpt>
      <trkpt lat="55.1974432" lon="25.7911302">
        <ele>174.6</ele>
        <time>2026-07-18T11:04:17Z</time>
        <hdop>3.8</hdop>
        <extensions>
          <osmand:speed>7.9</osmand:speed>
        </extensions>
      </trkpt>
      <trkpt lat="55.1975065" lon="25.7905038">
        <ele>173.8</ele>
        <time>2026-07-18T11:04:23Z</time>
        <hdop>3.8</hdop>
        <extensions>
          <osmand:speed>7.7</osmand:speed>
        </extensions>
      </trkpt>
      <trkpt lat="55.1976109" lon="25.7896089">
        <ele>175</ele>
        <time>2026-07-18T11:04:29Z</time>
        <hdop>3.8</hdop>
        <extensions>
          <osmand:speed>9.7</osmand:speed>
        </extensions>
      </trkpt>
      <trkpt lat="55.1978806" lon="25.7888201">
        <ele>174.1</ele>
        <time>2026-07-18T11:04:35Z</time>
        <hdop>3.8</hdop>
        <extensions>
          <osmand:speed>11.7</osmand:speed>
        </extensions>
      </trkpt>
      <trkpt lat="55.198367" lon="25.7881686">
        <ele>174.4</ele>
        <time>2026-07-18T11:04:41Z</time>
        <hdop>3.8</hdop>
        <extensions>
          <osmand:speed>11</osmand:speed>
        </extensions>
      </trkpt>
      <trkpt lat="55.1989728" lon="25.7878975">
        <ele>175.6</ele>
        <time>2026-07-18T11:04:47Z</time>
        <hdop>3.8</hdop>
        <extensions>
          <osmand:speed>12.6</osmand:speed>
        </extensions>
      </trkpt>
      <trkpt lat="55.199608" lon="25.7875175">
        <ele>176.8</ele>
        <time>2026-07-18T11:04:53Z</time>
        <hdop>3.8</hdop>
        <extensions>
          <osmand:speed>12.4</osmand:speed>
        </extensions>
      </trkpt>
      <trkpt lat="55.2001093" lon="25.786801">
        <ele>177.7</ele>
        <time>2026-07-18T11:04:59Z</time>
        <hdop>3.8</hdop>
        <extensions>
          <osmand:speed>11.9</osmand:speed>
        </extensions>
      </trkpt>
      <trkpt lat="55.2005316" lon="25.7858921">
        <ele>177.7</ele>
        <time>2026-07-18T11:05:05Z</time>
        <hdop>3.8</hdop>
        <extensions>
          <osmand:speed>12.7</osmand:speed>
        </extensions>
      </trkpt>
      <trkpt lat="55.200656" lon="25.784836">
        <ele>177.4</ele>
        <time>2026-07-18T11:05:11Z</time>
        <hdop>3.8</hdop>
        <extensions>
          <osmand:speed>12.5</osmand:speed>
        </extensions>
      </trkpt>
      <trkpt lat="55.2006621" lon="25.7836801">
        <ele>179.2</ele>
        <time>2026-07-18T11:05:17Z</time>
        <hdop>3.8</hdop>
        <extensions>
          <osmand:speed>12.8</osmand:speed>
        </extensions>
      </trkpt>
      <trkpt lat="55.2010426" lon="25.7828435">
        <ele>179</ele>
        <time>2026-07-18T11:05:23Z</time>
        <hdop>3.8</hdop>
        <extensions>
          <osmand:speed>12.6</osmand:speed>
        </extensions>
      </trkpt>
      <trkpt lat="55.2017789" lon="25.7825409">
        <ele>178.4</ele>
        <time>2026-07-18T11:05:29Z</time>
        <hdop>3.8</hdop>
        <extensions>
          <osmand:speed>15.5</osmand:speed>
        </extensions>
      </trkpt>
      <trkpt lat="55.202541" lon="25.7823826">
        <ele>176.6</ele>
        <time>2026-07-18T11:05:35Z</time>
        <hdop>3.8</hdop>
        <extensions>
          <osmand:speed>14.4</osmand:speed>
        </extensions>
      </trkpt>
      <trkpt lat="55.2031753" lon="25.7824188">
        <ele>175.7</ele>
        <time>2026-07-18T11:05:41Z</time>
        <hdop>3.8</hdop>
        <extensions>
          <osmand:speed>12.9</osmand:speed>
        </extensions>
      </trkpt>
      <trkpt lat="55.203756" lon="25.7816922">
        <ele>175.1</ele>
        <time>2026-07-18T11:05:47Z</time>
        <hdop>3.8</hdop>
        <extensions>
          <osmand:speed>11.6</osmand:speed>
        </extensions>
      </trkpt>
      <trkpt lat="55.2039234" lon="25.7815104">
        <ele>178.1</ele>
        <time>2026-07-18T11:05:53Z</time>
        <hdop>3.8</hdop>
      </trkpt>
      <trkpt lat="55.2038685" lon="25.7815652">
        <ele>179.1</ele>
        <time>2026-07-18T11:06:23Z</time>
        <hdop>3.8</hdop>
        <extensions>
          <osmand:speed>3.1</osmand:speed>
        </extensions>
      </trkpt>
      <trkpt lat="55.2037268" lon="25.7817028">
        <ele>179.1</ele>
        <time>2026-07-18T11:06:29Z</time>
        <hdop>3.8</hdop>
        <extensions>
          <osmand:speed>2.4</osmand:speed>
        </extensions>
      </trkpt>
      <trkpt lat="55.2037184" lon="25.7818868">
        <ele>180.4</ele>
        <time>2026-07-18T11:06:35Z</time>
        <hdop>3.8</hdop>
        <extensions>
          <osmand:speed>2.3</osmand:speed>
        </extensions>
      </trkpt>
      <trkpt lat="55.2037455" lon="25.7821879">
        <ele>181</ele>
        <time>2026-07-18T11:06:41Z</time>
        <hdop>3.8</hdop>
        <extensions>
          <osmand:speed>4.9</osmand:speed>
        </extensions>
      </trkpt>
      <trkpt lat="55.2038022" lon="25.7825178">
        <ele>179.2</ele>
        <time>2026-07-18T11:06:47Z</time>
        <hdop>3.8</hdop>
        <extensions>
          <osmand:speed>1.7</osmand:speed>
        </extensions>
      </trkpt>
      <trkpt lat="55.2039646" lon="25.7826025">
        <ele>181</ele>
        <time>2026-07-18T11:06:53Z</time>
        <hdop>3.8</hdop>
        <extensions>
          <osmand:speed>3.4</osmand:speed>
        </extensions>
      </trkpt>
      <trkpt lat="55.2043156" lon="25.7826993">
        <ele>181.5</ele>
        <time>2026-07-18T11:06:59Z</time>
        <hdop>3.8</hdop>
        <extensions>
          <osmand:speed>6.8</osmand:speed>
        </extensions>
      </trkpt>
      <trkpt lat="55.2047277" lon="25.7829778">
        <ele>181.5</ele>
        <time>2026-07-18T11:07:05Z</time>
        <hdop>3.8</hdop>
        <extensions>
          <osmand:speed>7.8</osmand:speed>
        </extensions>
      </trkpt>
      <trkpt lat="55.205085" lon="25.7834771">
        <ele>178.4</ele>
        <time>2026-07-18T11:07:11Z</time>
        <hdop>3.8</hdop>
        <extensions>
          <osmand:speed>8</osmand:speed>
        </extensions>
      </trkpt>
      <trkpt lat="55.2054878" lon="25.7839356">
        <ele>177.9</ele>
        <time>2026-07-18T11:07:17Z</time>
        <hdop>3.8</hdop>
        <extensions>
          <osmand:speed>9</osmand:speed>
        </extensions>
      </trkpt>
      <trkpt lat="55.2058833" lon="25.7844019">
        <ele>177.9</ele>
        <time>2026-07-18T11:07:23Z</time>
        <hdop>3.8</hdop>
        <extensions>
          <osmand:speed>8.9</osmand:speed>
        </extensions>
      </trkpt>
      <trkpt lat="55.2063146" lon="25.7847808">
        <ele>177.5</ele>
        <time>2026-07-18T11:07:29Z</time>
        <hdop>3.8</hdop>
        <extensions>
          <osmand:speed>9.3</osmand:speed>
        </extensions>
      </trkpt>
      <trkpt lat="55.2067791" lon="25.7850435">
        <ele>179.6</ele>
        <time>2026-07-18T11:07:35Z</time>
        <hdop>3.8</hdop>
        <extensions>
          <osmand:speed>9.2</osmand:speed>
        </extensions>
      </trkpt>
      <trkpt lat="55.2073119" lon="25.7852343">
        <ele>179</ele>
        <time>2026-07-18T11:07:41Z</time>
        <hdop>3.8</hdop>
        <extensions>
          <osmand:speed>10</osmand:speed>
        </extensions>
      </trkpt>
      <trkpt lat="55.2076565" lon="25.785347">
        <ele>178.1</ele>
        <time>2026-07-18T11:07:47Z</time>
        <hdop>3.8</hdop>
        <extensions>
          <osmand:speed>3.7</osmand:speed>
        </extensions>
      </trkpt>
      <trkpt lat="55.2080993" lon="25.7851686">
        <ele>179.1</ele>
        <time>2026-07-18T11:07:53Z</time>
        <hdop>3.8</hdop>
        <extensions>
          <osmand:speed>9.8</osmand:speed>
        </extensions>
      </trkpt>
      <trkpt lat="55.208548" lon="25.7849546">
        <ele>182.8</ele>
        <time>2026-07-18T11:07:59Z</time>
        <hdop>3.8</hdop>
        <extensions>
          <osmand:speed>7.6</osmand:speed>
        </extensions>
      </trkpt>
      <trkpt lat="55.2088262" lon="25.7850728">
        <ele>182.6</ele>
        <time>2026-07-18T11:08:05Z</time>
        <hdop>3.8</hdop>
        <extensions>
          <osmand:speed>5.9</osmand:speed>
        </extensions>
      </trkpt>
      <trkpt lat="55.2089387" lon="25.7856472">
        <ele>179.5</ele>
        <time>2026-07-18T11:08:11Z</time>
        <hdop>3.8</hdop>
        <extensions>
          <osmand:speed>8</osmand:speed>
        </extensions>
      </trkpt>
      <trkpt lat="55.2091118" lon="25.7863099">
        <ele>176.3</ele>
        <time>2026-07-18T11:08:17Z</time>
        <hdop>3.8</hdop>
        <extensions>
          <osmand:speed>8.4</osmand:speed>
        </extensions>
      </trkpt>
      <trkpt lat="55.2093873" lon="25.787112">
        <ele>176.4</ele>
        <time>2026-07-18T11:08:23Z</time>
        <hdop>3.8</hdop>
        <extensions>
          <osmand:speed>11.6</osmand:speed>
        </extensions>
      </trkpt>
      <trkpt lat="55.2097164" lon="25.7880934">
        <ele>176.4</ele>
        <time>2026-07-18T11:08:29Z</time>
        <hdop>3.8</hdop>
        <extensions>
          <osmand:speed>12.3</osmand:speed>
        </extensions>
      </trkpt>
      <trkpt lat="55.2100199" lon="25.7891368">
        <ele>178.1</ele>
        <time>2026-07-18T11:08:35Z</time>
        <hdop>3.8</hdop>
        <extensions>
          <osmand:speed>11.9</osmand:speed>
        </extensions>
      </trkpt>
      <trkpt lat="55.2105058" lon="25.7899274">
        <ele>179.3</ele>
        <time>2026-07-18T11:08:41Z</time>
        <hdop>3.8</hdop>
        <extensions>
          <osmand:speed>12.6</osmand:speed>
        </extensions>
      </trkpt>
      <trkpt lat="55.2110107" lon="25.7906911">
        <ele>179.7</ele>
        <time>2026-07-18T11:08:47Z</time>
        <hdop>3.8</hdop>
        <extensions>
          <osmand:speed>12.6</osmand:speed>
        </extensions>
      </trkpt>
      <trkpt lat="55.2113892" lon="25.7914958">
        <ele>183.9</ele>
        <time>2026-07-18T11:08:53Z</time>
        <hdop>3.8</hdop>
        <extensions>
          <osmand:speed>8.7</osmand:speed>
        </extensions>
      </trkpt>
      <trkpt lat="55.2113547" lon="25.7923139">
        <ele>185.3</ele>
        <time>2026-07-18T11:08:59Z</time>
        <hdop>3.8</hdop>
        <extensions>
          <osmand:speed>9.1</osmand:speed>
        </extensions>
      </trkpt>
      <trkpt lat="55.2114182" lon="25.7932202">
        <ele>187</ele>
        <time>2026-07-18T11:09:05Z</time>
        <hdop>3.8</hdop>
        <extensions>
          <osmand:speed>11.2</osmand:speed>
        </extensions>
      </trkpt>
      <trkpt lat="55.2116895" lon="25.7941624">
        <ele>188.4</ele>
        <time>2026-07-18T11:09:11Z</time>
        <hdop>3.8</hdop>
        <extensions>
          <osmand:speed>11.3</osmand:speed>
        </extensions>
      </trkpt>
      <trkpt lat="55.2122695" lon="25.7946177">
        <ele>184.7</ele>
        <time>2026-07-18T11:09:17Z</time>
        <hdop>3.8</hdop>
        <extensions>
          <osmand:speed>11.7</osmand:speed>
        </extensions>
      </trkpt>
      <trkpt lat="55.2128802" lon="25.79502">
        <ele>185</ele>
        <time>2026-07-18T11:09:23Z</time>
        <hdop>3.8</hdop>
        <extensions>
          <osmand:speed>13.2</osmand:speed>
        </extensions>
      </trkpt>
      <trkpt lat="55.2134417" lon="25.7956898">
        <ele>182.8</ele>
        <time>2026-07-18T11:09:29Z</time>
        <hdop>3.8</hdop>
        <extensions>
          <osmand:speed>12.6</osmand:speed>
        </extensions>
      </trkpt>
      <trkpt lat="55.2140857" lon="25.7961582">
        <ele>178.6</ele>
        <time>2026-07-18T11:09:35Z</time>
        <hdop>3.8</hdop>
        <extensions>
          <osmand:speed>13.4</osmand:speed>
        </extensions>
      </trkpt>
      <trkpt lat="55.2147536" lon="25.7967623">
        <ele>175.5</ele>
        <time>2026-07-18T11:09:41Z</time>
        <hdop>3.8</hdop>
        <extensions>
          <osmand:speed>14</osmand:speed>
        </extensions>
      </trkpt>
      <trkpt lat="55.2153781" lon="25.7974036">
        <ele>175.6</ele>
        <time>2026-07-18T11:09:47Z</time>
        <hdop>3.8</hdop>
        <extensions>
          <osmand:speed>12.3</osmand:speed>
        </extensions>
      </trkpt>
      <trkpt lat="55.2159192" lon="25.7978775">
        <ele>177.3</ele>
        <time>2026-07-18T11:09:53Z</time>
        <hdop>3.8</hdop>
        <extensions>
          <osmand:speed>11.9</osmand:speed>
        </extensions>
      </trkpt>
      <trkpt lat="55.2165188" lon="25.7983977">
        <ele>177.7</ele>
        <time>2026-07-18T11:09:59Z</time>
        <hdop>3.8</hdop>
        <extensions>
          <osmand:speed>12.3</osmand:speed>
        </extensions>
      </trkpt>
      <trkpt lat="55.2170722" lon="25.7990268">
        <ele>178.4</ele>
        <time>2026-07-18T11:10:05Z</time>
        <hdop>3.8</hdop>
        <extensions>
          <osmand:speed>12.1</osmand:speed>
        </extensions>
      </trkpt>
      <trkpt lat="55.2175163" lon="25.7995463">
        <ele>180.1</ele>
        <time>2026-07-18T11:10:11Z</time>
        <hdop>3.8</hdop>
        <extensions>
          <osmand:speed>8.7</osmand:speed>
        </extensions>
      </trkpt>
      <trkpt lat="55.2179189" lon="25.8000132">
        <ele>178.2</ele>
        <time>2026-07-18T11:10:17Z</time>
        <hdop>3.8</hdop>
        <extensions>
          <osmand:speed>9.6</osmand:speed>
        </extensions>
      </trkpt>
      <trkpt lat="55.2182878" lon="25.8005852">
        <ele>176.5</ele>
        <time>2026-07-18T11:10:23Z</time>
        <hdop>3.8</hdop>
        <extensions>
          <osmand:speed>8.8</osmand:speed>
        </extensions>
      </trkpt>
      <trkpt lat="55.2185858" lon="25.8011857">
        <ele>174.6</ele>
        <time>2026-07-18T11:10:29Z</time>
        <hdop>3.8</hdop>
        <extensions>
          <osmand:speed>6.9</osmand:speed>
        </extensions>
      </trkpt>
      <trkpt lat="55.2187613" lon="25.801397">
        <ele>177.5</ele>
        <time>2026-07-18T11:10:35Z</time>
        <hdop>3.8</hdop>
        <extensions>
          <osmand:speed>2.2</osmand:speed>
        </extensions>
      </trkpt>
      <trkpt lat="55.2188275" lon="25.8015163">
        <ele>177.5</ele>
        <time>2026-07-18T11:10:41Z</time>
        <hdop>3.8</hdop>
        <extensions>
          <osmand:speed>2.8</osmand:speed>
        </extensions>
      </trkpt>
      <trkpt lat="55.2190598" lon="25.8015926">
        <ele>175.8</ele>
        <time>2026-07-18T11:10:47Z</time>
        <hdop>3.8</hdop>
        <extensions>
          <osmand:speed>6</osmand:speed>
        </extensions>
      </trkpt>
      <trkpt lat="55.2193004" lon="25.8020264">
        <ele>176.3</ele>
        <time>2026-07-18T11:10:53Z</time>
        <hdop>3.8</hdop>
        <extensions>
          <osmand:speed>7.6</osmand:speed>
        </extensions>
      </trkpt>
      <trkpt lat="55.2195337" lon="25.8025655">
        <ele>176.1</ele>
        <time>2026-07-18T11:10:59Z</time>
        <hdop>3.8</hdop>
        <extensions>
          <osmand:speed>6.3</osmand:speed>
        </extensions>
      </trkpt>
      <trkpt lat="55.2195574" lon="25.8030463">
        <ele>175.3</ele>
        <time>2026-07-18T11:11:05Z</time>
        <hdop>3.8</hdop>
        <extensions>
          <osmand:speed>4.1</osmand:speed>
        </extensions>
      </trkpt>
      <trkpt lat="55.2194491" lon="25.8033699">
        <ele>174.8</ele>
        <time>2026-07-18T11:11:11Z</time>
        <hdop>3.8</hdop>
        <extensions>
          <osmand:speed>5</osmand:speed>
        </extensions>
      </trkpt>
      <trkpt lat="55.2193024" lon="25.8037039">
        <ele>174.9</ele>
        <time>2026-07-18T11:11:17Z</time>
        <hdop>3.8</hdop>
        <extensions>
          <osmand:speed>3.4</osmand:speed>
        </extensions>
      </trkpt>
      <trkpt lat="55.2192246" lon="25.8039428">
        <ele>175.2</ele>
        <time>2026-07-18T11:11:23Z</time>
        <hdop>3.8</hdop>
        <extensions>
          <osmand:speed>2.3</osmand:speed>
        </extensions>
      </trkpt>
      <trkpt lat="55.219198" lon="25.8040406">
        <ele>176.3</ele>
        <time>2026-07-18T11:11:36Z</time>
        <hdop>3.8</hdop>
        <extensions>
          <osmand:speed>2.9</osmand:speed>
        </extensions>
      </trkpt>
      <trkpt lat="55.2192026" lon="25.8041268">
        <ele>175.8</ele>
        <time>2026-07-18T11:13:05Z</time>
        <hdop>3.8</hdop>
        <extensions>
          <osmand:speed>2.9</osmand:speed>
        </extensions>
      </trkpt>
      <trkpt lat="55.2194628" lon="25.8041088">
        <ele>175.5</ele>
        <time>2026-07-18T11:13:11Z</time>
        <hdop>3.8</hdop>
        <extensions>
          <osmand:speed>7</osmand:speed>
        </extensions>
      </trkpt>
      <trkpt lat="55.219866" lon="25.8042766">
        <ele>176</ele>
        <time>2026-07-18T11:13:17Z</time>
        <hdop>3.8</hdop>
        <extensions>
          <osmand:speed>8</osmand:speed>
        </extensions>
      </trkpt>
      <trkpt lat="55.2202698" lon="25.8046122">
        <ele>176.5</ele>
        <time>2026-07-18T11:13:23Z</time>
        <hdop>3.8</hdop>
        <extensions>
          <osmand:speed>7.9</osmand:speed>
        </extensions>
      </trkpt>
      <trkpt lat="55.2205482" lon="25.8051668">
        <ele>177.2</ele>
        <time>2026-07-18T11:13:29Z</time>
        <hdop>3.8</hdop>
        <extensions>
          <osmand:speed>6.4</osmand:speed>
        </extensions>
      </trkpt>
      <trkpt lat="55.2207882" lon="25.805713">
        <ele>176.4</ele>
        <time>2026-07-18T11:13:35Z</time>
        <hdop>3.8</hdop>
        <extensions>
          <osmand:speed>7</osmand:speed>
        </extensions>
      </trkpt>
      <trkpt lat="55.2209409" lon="25.80611">
        <ele>176.5</ele>
        <time>2026-07-18T11:13:41Z</time>
        <hdop>3.8</hdop>
        <extensions>
          <osmand:speed>2.8</osmand:speed>
        </extensions>
      </trkpt>
      <trkpt lat="55.2210325" lon="25.8063168">
        <ele>177.6</ele>
        <time>2026-07-18T11:13:47Z</time>
        <hdop>3.8</hdop>
        <extensions>
          <osmand:speed>5.6</osmand:speed>
        </extensions>
      </trkpt>
      <trkpt lat="55.2213199" lon="25.8070058">
        <ele>178.9</ele>
        <time>2026-07-18T11:13:53Z</time>
        <hdop>3.8</hdop>
        <extensions>
          <osmand:speed>10.3</osmand:speed>
        </extensions>
      </trkpt>
      <trkpt lat="55.221616" lon="25.8077443">
        <ele>183.4</ele>
        <time>2026-07-18T11:13:59Z</time>
        <hdop>3.8</hdop>
        <extensions>
          <osmand:speed>10.3</osmand:speed>
        </extensions>
      </trkpt>
      <trkpt lat="55.2219719" lon="25.8086291">
        <ele>185.2</ele>
        <time>2026-07-18T11:14:05Z</time>
        <hdop>3.8</hdop>
        <extensions>
          <osmand:speed>11.4</osmand:speed>
        </extensions>
      </trkpt>
      <trkpt lat="55.2223358" lon="25.8095235">
        <ele>183.4</ele>
        <time>2026-07-18T11:14:11Z</time>
        <hdop>3.8</hdop>
        <extensions>
          <osmand:speed>11.5</osmand:speed>
        </extensions>
      </trkpt>
      <trkpt lat="55.2227012" lon="25.8104105">
        <ele>182.9</ele>
        <time>2026-07-18T11:14:17Z</time>
        <hdop>3.8</hdop>
        <extensions>
          <osmand:speed>12.4</osmand:speed>
        </extensions>
      </trkpt>
      <trkpt lat="55.2231022" lon="25.81134">
        <ele>184.3</ele>
        <time>2026-07-18T11:14:23Z</time>
        <hdop>3.8</hdop>
        <extensions>
          <osmand:speed>12.6</osmand:speed>
        </extensions>
      </trkpt>
      <trkpt lat="55.2234107" lon="25.8119316">
        <ele>185.4</ele>
        <time>2026-07-18T11:14:29Z</time>
        <hdop>3.8</hdop>
        <extensions>
          <osmand:speed>1.7</osmand:speed>
        </extensions>
      </trkpt>
      <trkpt lat="55.2233688" lon="25.8119972">
        <ele>184.4</ele>
        <time>2026-07-18T11:14:45Z</time>
        <hdop>3.8</hdop>
        <extensions>
          <osmand:speed>3.8</osmand:speed>
        </extensions>
      </trkpt>
      <trkpt lat="55.2230213" lon="25.8121193">
        <ele>182.3</ele>
        <time>2026-07-18T11:14:51Z</time>
        <hdop>3.8</hdop>
        <extensions>
          <osmand:speed>8.2</osmand:speed>
        </extensions>
      </trkpt>
      <trkpt lat="55.222546" lon="25.81242">
        <ele>181</ele>
        <time>2026-07-18T11:14:57Z</time>
        <hdop>3.8</hdop>
        <extensions>
          <osmand:speed>8.8</osmand:speed>
        </extensions>
      </trkpt>
      <trkpt lat="55.2223699" lon="25.8124758">
        <ele>180.1</ele>
        <time>2026-07-18T11:15:03Z</time>
        <hdop>3.8</hdop>
      </trkpt>
      <trkpt lat="55.2224175" lon="25.8124722">
        <ele>183.2</ele>
        <time>2026-07-18T11:15:40Z</time>
        <hdop>3.8</hdop>
        <extensions>
          <osmand:speed>0.4</osmand:speed>
        </extensions>
      </trkpt>
      <trkpt lat="55.2224144" lon="25.8125592">
        <ele>183.1</ele>
        <time>2026-07-18T11:15:47Z</time>
        <hdop>3.8</hdop>
        <extensions>
          <osmand:speed>3.4</osmand:speed>
        </extensions>
      </trkpt>
      <trkpt lat="55.2225122" lon="25.8126927">
        <ele>182.1</ele>
        <time>2026-07-18T11:15:53Z</time>
        <hdop>3.8</hdop>
        <extensions>
          <osmand:speed>2.1</osmand:speed>
        </extensions>
      </trkpt>
      <trkpt lat="55.2226378" lon="25.8128777">
        <ele>184.2</ele>
        <time>2026-07-18T11:15:59Z</time>
        <hdop>3.8</hdop>
        <extensions>
          <osmand:speed>4.4</osmand:speed>
        </extensions>
      </trkpt>
      <trkpt lat="55.2226508" lon="25.8134529">
        <ele>185.3</ele>
        <time>2026-07-18T11:16:05Z</time>
        <hdop>3.8</hdop>
        <extensions>
          <osmand:speed>6</osmand:speed>
        </extensions>
      </trkpt>
      <trkpt lat="55.2226877" lon="25.813754">
        <ele>185.5</ele>
        <time>2026-07-18T11:16:11Z</time>
        <hdop>3.8</hdop>
        <extensions>
          <osmand:speed>0.6</osmand:speed>
        </extensions>
      </trkpt>
      <trkpt lat="55.2226894" lon="25.8139147">
        <ele>185.9</ele>
        <time>2026-07-18T11:16:17Z</time>
        <hdop>3.8</hdop>
        <extensions>
          <osmand:speed>0.8</osmand:speed>
        </extensions>
      </trkpt>
      <trkpt lat="55.2227516" lon="25.81394">
        <ele>186.7</ele>
        <time>2026-07-18T11:17:11Z</time>
        <hdop>3.8</hdop>
        <extensions>
          <osmand:speed>2.2</osmand:speed>
        </extensions>
      </trkpt>
      <trkpt lat="55.2228032" lon="25.813854">
        <ele>183.9</ele>
        <time>2026-07-18T11:17:17Z</time>
        <hdop>3.8</hdop>
        <extensions>
          <osmand:speed>2.2</osmand:speed>
        </extensions>
      </trkpt>
      <trkpt lat="55.222879" lon="25.8138047">
        <ele>183.8</ele>
        <time>2026-07-18T11:17:23Z</time>
        <hdop>4</hdop>
        <extensions>
          <osmand:speed>1.5</osmand:speed>
        </extensions>
      </trkpt>
      <trkpt lat="55.2229166" lon="25.8140094">
        <ele>183.6</ele>
        <time>2026-07-18T11:17:29Z</time>
        <hdop>3.8</hdop>
        <extensions>
          <osmand:speed>2.4</osmand:speed>
        </extensions>
      </trkpt>
      <trkpt lat="55.2228017" lon="25.814217">
        <ele>184.7</ele>
        <time>2026-07-18T11:17:35Z</time>
        <hdop>3.8</hdop>
        <extensions>
          <osmand:speed>3.5</osmand:speed>
        </extensions>
      </trkpt>
      <trkpt lat="55.2228213" lon="25.8145982">
        <ele>184.3</ele>
        <time>2026-07-18T11:17:41Z</time>
        <hdop>3.8</hdop>
        <extensions>
          <osmand:speed>4.6</osmand:speed>
        </extensions>
      </trkpt>
      <trkpt lat="55.2228887" lon="25.8148865">
        <ele>182.6</ele>
        <time>2026-07-18T11:17:47Z</time>
        <hdop>3.8</hdop>
        <extensions>
          <osmand:speed>3.7</osmand:speed>
        </extensions>
      </trkpt>
      <trkpt lat="55.2229132" lon="25.8150053">
        <ele>184.6</ele>
        <time>2026-07-18T11:17:53Z</time>
        <hdop>3.8</hdop>
      </trkpt>
      <trkpt lat="55.2229334" lon="25.8150824">
        <ele>184.4</ele>
        <time>2026-07-18T11:18:02Z</time>
        <hdop>3.8</hdop>
        <extensions>
          <osmand:speed>4.1</osmand:speed>
        </extensions>
      </trkpt>
      <trkpt lat="55.2230253" lon="25.8157569">
        <ele>182.7</ele>
        <time>2026-07-18T11:18:08Z</time>
        <hdop>3.8</hdop>
        <extensions>
          <osmand:speed>8.6</osmand:speed>
        </extensions>
      </trkpt>
      <trkpt lat="55.2231546" lon="25.8164951">
        <ele>181.6</ele>
        <time>2026-07-18T11:18:14Z</time>
        <hdop>3.8</hdop>
        <extensions>
          <osmand:speed>8.4</osmand:speed>
        </extensions>
      </trkpt>
      <trkpt lat="55.2233883" lon="25.8171438">
        <ele>180.2</ele>
        <time>2026-07-18T11:18:20Z</time>
        <hdop>3.8</hdop>
        <extensions>
          <osmand:speed>8.6</osmand:speed>
        </extensions>
      </trkpt>
      <trkpt lat="55.223766" lon="25.8174888">
        <ele>180</ele>
        <time>2026-07-18T11:18:26Z</time>
        <hdop>3.8</hdop>
        <extensions>
          <osmand:speed>8.3</osmand:speed>
        </extensions>
      </trkpt>
      <trkpt lat="55.224134" lon="25.8177474">
        <ele>178.1</ele>
        <time>2026-07-18T11:18:32Z</time>
        <hdop>3.8</hdop>
        <extensions>
          <osmand:speed>6</osmand:speed>
        </extensions>
      </trkpt>
      <trkpt lat="55.2244831" lon="25.818021">
        <ele>177.8</ele>
        <time>2026-07-18T11:18:38Z</time>
        <hdop>3.8</hdop>
        <extensions>
          <osmand:speed>7.4</osmand:speed>
        </extensions>
      </trkpt>
      <trkpt lat="55.2248875" lon="25.8182975">
        <ele>176.9</ele>
        <time>2026-07-18T11:18:44Z</time>
        <hdop>3.8</hdop>
        <extensions>
          <osmand:speed>8.5</osmand:speed>
        </extensions>
      </trkpt>
      <trkpt lat="55.2252923" lon="25.818654">
        <ele>176.2</ele>
        <time>2026-07-18T11:18:50Z</time>
        <hdop>3.8</hdop>
        <extensions>
          <osmand:speed>7.2</osmand:speed>
        </extensions>
      </trkpt>
      <trkpt lat="55.2253584" lon="25.8187216">
        <ele>175</ele>
        <time>2026-07-18T11:18:56Z</time>
        <hdop>3.9</hdop>
      </trkpt>
      <trkpt lat="55.2253398" lon="25.8188464">
        <ele>176.3</ele>
        <time>2026-07-18T11:19:26Z</time>
        <hdop>3.8</hdop>
        <extensions>
          <osmand:speed>4.8</osmand:speed>
        </extensions>
      </trkpt>
      <trkpt lat="55.2253286" lon="25.8196305">
        <ele>176.5</ele>
        <time>2026-07-18T11:19:32Z</time>
        <hdop>3.8</hdop>
        <extensions>
          <osmand:speed>10.1</osmand:speed>
        </extensions>
      </trkpt>
      <trkpt lat="55.2253703" lon="25.820693">
        <ele>178.7</ele>
        <time>2026-07-18T11:19:38Z</time>
        <hdop>3.8</hdop>
        <extensions>
          <osmand:speed>12.1</osmand:speed>
        </extensions>
      </trkpt>
      <trkpt lat="55.225374" lon="25.8216672">
        <ele>177.9</ele>
        <time>2026-07-18T11:19:44Z</time>
        <hdop>3.8</hdop>
        <extensions>
          <osmand:speed>9.7</osmand:speed>
        </extensions>
      </trkpt>
      <trkpt lat="55.2254031" lon="25.8224831">
        <ele>180.5</ele>
        <time>2026-07-18T11:19:50Z</time>
        <hdop>3.8</hdop>
        <extensions>
          <osmand:speed>5.4</osmand:speed>
        </extensions>
      </trkpt>
      <trkpt lat="55.2254214" lon="25.8231789">
        <ele>180.3</ele>
        <time>2026-07-18T11:19:56Z</time>
        <hdop>3.8</hdop>
        <extensions>
          <osmand:speed>8.1</osmand:speed>
        </extensions>
      </trkpt>
      <trkpt lat="55.2254447" lon="25.8237356">
        <ele>178.9</ele>
        <time>2026-07-18T11:20:02Z</time>
        <hdop>3.8</hdop>
        <extensions>
          <osmand:speed>1.9</osmand:speed>
        </extensions>
      </trkpt>
      <trkpt lat="55.2254414" lon="25.823861">
        <ele>179.4</ele>
        <time>2026-07-18T11:20:08Z</time>
        <hdop>3.8</hdop>
      </trkpt>
      <trkpt lat="55.2254752" lon="25.8239293">
        <ele>179.5</ele>
        <time>2026-07-18T11:20:32Z</time>
        <hdop>3.8</hdop>
        <extensions>
          <osmand:speed>2.3</osmand:speed>
        </extensions>
      </trkpt>
      <trkpt lat="55.2254674" lon="25.8236142">
        <ele>177.6</ele>
        <time>2026-07-18T11:20:38Z</time>
        <hdop>3.8</hdop>
        <extensions>
          <osmand:speed>5.1</osmand:speed>
        </extensions>
      </trkpt>
      <trkpt lat="55.2254338" lon="25.8230649">
        <ele>178.1</ele>
        <time>2026-07-18T11:20:44Z</time>
        <hdop>3.8</hdop>
        <extensions>
          <osmand:speed>7.2</osmand:speed>
        </extensions>
      </trkpt>
      <trkpt lat="55.2254046" lon="25.8223828">
        <ele>180.9</ele>
        <time>2026-07-18T11:20:50Z</time>
        <hdop>3.9</hdop>
        <extensions>
          <osmand:speed>6.4</osmand:speed>
        </extensions>
      </trkpt>
      <trkpt lat="55.2254351" lon="25.822163">
        <ele>183.7</ele>
        <time>2026-07-18T11:20:56Z</time>
        <hdop>3.8</hdop>
      </trkpt>
      <trkpt lat="55.2255559" lon="25.8221761">
        <ele>184.5</ele>
        <time>2026-07-18T11:21:05Z</time>
        <hdop>3.8</hdop>
        <extensions>
          <osmand:speed>7.5</osmand:speed>
        </extensions>
      </trkpt>
      <trkpt lat="55.2259152" lon="25.822137">
        <ele>183.8</ele>
        <time>2026-07-18T11:21:11Z</time>
        <hdop>3.8</hdop>
        <extensions>
          <osmand:speed>6.6</osmand:speed>
        </extensions>
      </trkpt>
      <trkpt lat="55.2263579" lon="25.8220843">
        <ele>180.8</ele>
        <time>2026-07-18T11:21:17Z</time>
        <hdop>3.8</hdop>
        <extensions>
          <osmand:speed>6.4</osmand:speed>
        </extensions>
      </trkpt>
      <trkpt lat="55.2268516" lon="25.8220116">
        <ele>182.3</ele>
        <time>2026-07-18T11:21:23Z</time>
        <hdop>4.2</hdop>
        <extensions>
          <osmand:speed>7.6</osmand:speed>
        </extensions>
      </trkpt>
      <trkpt lat="55.2277192" lon="25.8219216">
        <ele>184.8</ele>
        <time>2026-07-18T11:21:35Z</time>
        <hdop>4.1</hdop>
        <extensions>
          <osmand:speed>0.4</osmand:speed>
        </extensions>
      </trkpt>
      <trkpt lat="55.2277676" lon="25.8219338">
        <ele>185.5</ele>
        <time>2026-07-18T11:21:43Z</time>
        <hdop>3.9</hdop>
      </trkpt>
      <trkpt lat="55.2277144" lon="25.8219865">
        <ele>188</ele>
        <time>2026-07-18T11:21:58Z</time>
        <hdop>3.8</hdop>
        <extensions>
          <osmand:speed>2.2</osmand:speed>
        </extensions>
      </trkpt>
      <trkpt lat="55.2277402" lon="25.8226788">
        <ele>185.7</ele>
        <time>2026-07-18T11:22:05Z</time>
        <hdop>3.9</hdop>
        <extensions>
          <osmand:speed>7</osmand:speed>
        </extensions>
      </trkpt>
      <trkpt lat="55.2278603" lon="25.823336">
        <ele>185.9</ele>
        <time>2026-07-18T11:22:11Z</time>
        <hdop>3.8</hdop>
        <extensions>
          <osmand:speed>7.2</osmand:speed>
        </extensions>
      </trkpt>
      <trkpt lat="55.2280237" lon="25.8240144">
        <ele>183.5</ele>
        <time>2026-07-18T11:22:17Z</time>
        <hdop>3.8</hdop>
        <extensions>
          <osmand:speed>8.6</osmand:speed>
        </extensions>
      </trkpt>
      <trkpt lat="55.2282785" lon="25.8247641">
        <ele>180.9</ele>
        <time>2026-07-18T11:22:23Z</time>
        <hdop>3.8</hdop>
        <extensions>
          <osmand:speed>9.2</osmand:speed>
        </extensions>
      </trkpt>
      <trkpt lat="55.2287085" lon="25.8252704">
        <ele>177.5</ele>
        <time>2026-07-18T11:22:29Z</time>
        <hdop>4.7</hdop>
        <extensions>
          <osmand:speed>10.2</osmand:speed>
        </extensions>
      </trkpt>
      <trkpt lat="55.229007" lon="25.8259422">
        <ele>174.7</ele>
        <time>2026-07-18T11:22:35Z</time>
        <hdop>3.8</hdop>
        <extensions>
          <osmand:speed>8</osmand:speed>
        </extensions>
      </trkpt>
      <trkpt lat="55.2290498" lon="25.8261016">
        <ele>176.4</ele>
        <time>2026-07-18T11:22:41Z</time>
        <hdop>3.9</hdop>
      </trkpt>
      <trkpt lat="55.2290873" lon="25.8261466">
        <ele>177.9</ele>
        <time>2026-07-18T11:25:33Z</time>
        <hdop>3.8</hdop>
        <extensions>
          <osmand:speed>0.7</osmand:speed>
        </extensions>
      </trkpt>
      <trkpt lat="55.22912" lon="25.8262183">
        <ele>177.7</ele>
        <time>2026-07-18T11:25:39Z</time>
        <hdop>3.8</hdop>
        <extensions>
          <osmand:speed>0.7</osmand:speed>
        </extensions>
      </trkpt>
      <trkpt lat="55.2291552" lon="25.8263162">
        <ele>178.9</ele>
        <time>2026-07-18T11:25:45Z</time>
        <hdop>3.8</hdop>
        <extensions>
          <osmand:speed>1.6</osmand:speed>
        </extensions>
      </trkpt>
      <trkpt lat="55.2291054" lon="25.8264524">
        <ele>181.1</ele>
        <time>2026-07-18T11:25:51Z</time>
        <hdop>3.8</hdop>
        <extensions>
          <osmand:speed>1.8</osmand:speed>
        </extensions>
      </trkpt>
      <trkpt lat="55.2290695" lon="25.8265801">
        <ele>182.7</ele>
        <time>2026-07-18T11:25:57Z</time>
        <hdop>3.8</hdop>
        <extensions>
          <osmand:speed>0.5</osmand:speed>
        </extensions>
      </trkpt>
      <trkpt lat="55.2290582" lon="25.8266728">
        <ele>182.3</ele>
        <time>2026-07-18T11:26:03Z</time>
        <hdop>3.8</hdop>
      </trkpt>
      <trkpt lat="55.2290476" lon="25.826763">
        <ele>184</ele>
        <time>2026-07-18T11:26:21Z</time>
        <hdop>3.8</hdop>
        <extensions>
          <osmand:speed>0.9</osmand:speed>
        </extensions>
      </trkpt>
      <trkpt lat="55.2290315" lon="25.8272971">
        <ele>183.2</ele>
        <time>2026-07-18T11:26:27Z</time>
        <hdop>4.2</hdop>
        <extensions>
          <osmand:speed>5.2</osmand:speed>
        </extensions>
      </trkpt>
      <trkpt lat="55.2290605" lon="25.8275539">
        <ele>183.2</ele>
        <time>2026-07-18T11:26:33Z</time>
        <hdop>3.8</hdop>
      </trkpt>
      <trkpt lat="55.229043" lon="25.8276687">
        <ele>184.8</ele>
        <time>2026-07-18T11:26:57Z</time>
        <hdop>3.8</hdop>
        <extensions>
          <osmand:speed>3.5</osmand:speed>
        </extensions>
      </trkpt>
      <trkpt lat="55.2289175" lon="25.8280486">
        <ele>185.2</ele>
        <time>2026-07-18T11:27:03Z</time>
        <hdop>3.8</hdop>
        <extensions>
          <osmand:speed>5.6</osmand:speed>
        </extensions>
      </trkpt>
      <trkpt lat="55.2287653" lon="25.8284278">
        <ele>185.4</ele>
        <time>2026-07-18T11:27:09Z</time>
        <hdop>3.8</hdop>
        <extensions>
          <osmand:speed>4.8</osmand:speed>
        </extensions>
      </trkpt>
      <trkpt lat="55.2286184" lon="25.8287532">
        <ele>191.8</ele>
        <time>2026-07-18T11:27:15Z</time>
        <hdop>4.4</hdop>
        <extensions>
          <osmand:speed>5</osmand:speed>
        </extensions>
      </trkpt>
      <trkpt lat="55.2284156" lon="25.8290794">
        <ele>193.1</ele>
        <time>2026-07-18T11:27:21Z</time>
        <hdop>3.8</hdop>
        <extensions>
          <osmand:speed>5.3</osmand:speed>
        </extensions>
      </trkpt>
      <trkpt lat="55.2282388" lon="25.8295669">
        <ele>190.2</ele>
        <time>2026-07-18T11:27:27Z</time>
        <hdop>3.8</hdop>
        <extensions>
          <osmand:speed>6.4</osmand:speed>
        </extensions>
      </trkpt>
      <trkpt lat="55.2281282" lon="25.829991">
        <ele>187.6</ele>
        <time>2026-07-18T11:27:33Z</time>
        <hdop>3.8</hdop>
        <extensions>
          <osmand:speed>2.3</osmand:speed>
        </extensions>
      </trkpt>
      <trkpt lat="55.2281104" lon="25.8301018">
        <ele>191</ele>
        <time>2026-07-18T11:27:39Z</time>
        <hdop>3.8</hdop>
        <extensions>
          <osmand:speed>0.3</osmand:speed>
        </extensions>
      </trkpt>
      <trkpt lat="55.2281512" lon="25.8301709">
        <ele>188</ele>
        <time>2026-07-18T11:28:02Z</time>
        <hdop>3.8</hdop>
        <extensions>
          <osmand:speed>1.9</osmand:speed>
        </extensions>
      </trkpt>
      <trkpt lat="55.2283197" lon="25.830174">
        <ele>186.1</ele>
        <time>2026-07-18T11:28:08Z</time>
        <hdop>4.1</hdop>
        <extensions>
          <osmand:speed>2.9</osmand:speed>
        </extensions>
      </trkpt>
      <trkpt lat="55.2291021" lon="25.830087">
        <ele>183.3</ele>
        <time>2026-07-18T11:28:21Z</time>
        <hdop>4.8</hdop>
        <extensions>
          <osmand:speed>1.7</osmand:speed>
        </extensions>
      </trkpt>
      <trkpt lat="55.2287628" lon="25.8317541">
        <ele>189.6</ele>
        <time>2026-07-18T11:28:47Z</time>
        <hdop>4.7</hdop>
        <extensions>
          <osmand:speed>7.8</osmand:speed>
        </extensions>
      </trkpt>
      <trkpt lat="55.2284757" lon="25.83211">
        <ele>190.5</ele>
        <time>2026-07-18T11:28:53Z</time>
        <hdop>3.8</hdop>
        <extensions>
          <osmand:speed>7.2</osmand:speed>
        </extensions>
      </trkpt>
      <trkpt lat="55.2281473" lon="25.83239">
        <ele>188.3</ele>
        <time>2026-07-18T11:28:59Z</time>
        <hdop>4.4</hdop>
        <extensions>
          <osmand:speed>6.4</osmand:speed>
        </extensions>
      </trkpt>
      <trkpt lat="55.2279176" lon="25.8327398">
        <ele>190.4</ele>
        <time>2026-07-18T11:29:05Z</time>
        <hdop>4</hdop>
        <extensions>
          <osmand:speed>0.4</osmand:speed>
        </extensions>
      </trkpt>
      <trkpt lat="55.2278825" lon="25.8328118">
        <ele>197.3</ele>
        <time>2026-07-18T11:29:44Z</time>
        <hdop>3.8</hdop>
        <extensions>
          <osmand:speed>2</osmand:speed>
        </extensions>
      </trkpt>
      <trkpt lat="55.227941" lon="25.8328579">
        <ele>190.5</ele>
        <time>2026-07-18T11:29:50Z</time>
        <hdop>3.8</hdop>
        <extensions>
          <osmand:speed>1.2</osmand:speed>
        </extensions>
      </trkpt>
      <trkpt lat="55.2279936" lon="25.832667">
        <ele>187.5</ele>
        <time>2026-07-18T11:29:56Z</time>
        <hdop>3.8</hdop>
        <extensions>
          <osmand:speed>3.6</osmand:speed>
        </extensions>
      </trkpt>
      <trkpt lat="55.2282663" lon="25.8323022">
        <ele>186.2</ele>
        <time>2026-07-18T11:30:02Z</time>
        <hdop>4</hdop>
        <extensions>
          <osmand:speed>6.9</osmand:speed>
        </extensions>
      </trkpt>
      <trkpt lat="55.2285506" lon="25.8320561">
        <ele>186.7</ele>
        <time>2026-07-18T11:30:08Z</time>
        <hdop>3.9</hdop>
        <extensions>
          <osmand:speed>6</osmand:speed>
        </extensions>
      </trkpt>
      <trkpt lat="55.2288202" lon="25.8315387">
        <ele>182.1</ele>
        <time>2026-07-18T11:30:14Z</time>
        <hdop>3.9</hdop>
        <extensions>
          <osmand:speed>6.4</osmand:speed>
        </extensions>
      </trkpt>
      <trkpt lat="55.2290628" lon="25.8309243">
        <ele>180.3</ele>
        <time>2026-07-18T11:30:20Z</time>
        <hdop>4.4</hdop>
        <extensions>
          <osmand:speed>6.2</osmand:speed>
        </extensions>
      </trkpt>
      <trkpt lat="55.2294233" lon="25.8300618">
        <ele>181.9</ele>
        <time>2026-07-18T11:30:30Z</time>
        <hdop>5</hdop>
        <extensions>
          <osmand:speed>3.8</osmand:speed>
        </extensions>
      </trkpt>
      <trkpt lat="55.230021" lon="25.8299735">
        <ele>180.9</ele>
        <time>2026-07-18T11:30:41Z</time>
        <hdop>4.4</hdop>
        <extensions>
          <osmand:speed>7.5</osmand:speed>
        </extensions>
      </trkpt>
      <trkpt lat="55.2305199" lon="25.8299382">
        <ele>182.7</ele>
        <time>2026-07-18T11:30:47Z</time>
        <hdop>4.5</hdop>
        <extensions>
          <osmand:speed>8.7</osmand:speed>
        </extensions>
      </trkpt>
      <trkpt lat="55.2309979" lon="25.8299465">
        <ele>182.7</ele>
        <time>2026-07-18T11:30:53Z</time>
        <hdop>4.2</hdop>
        <extensions>
          <osmand:speed>8</osmand:speed>
        </extensions>
      </trkpt>
      <trkpt lat="55.2313704" lon="25.8299311">
        <ele>187.3</ele>
        <time>2026-07-18T11:30:59Z</time>
        <hdop>3.8</hdop>
        <extensions>
          <osmand:speed>5</osmand:speed>
        </extensions>
      </trkpt>
      <trkpt lat="55.2313599" lon="25.8300661">
        <ele>185.5</ele>
        <time>2026-07-18T11:31:05Z</time>
        <hdop>3.8</hdop>
        <extensions>
          <osmand:speed>2.5</osmand:speed>
        </extensions>
      </trkpt>
      <trkpt lat="55.2315134" lon="25.8303469">
        <ele>181.8</ele>
        <time>2026-07-18T11:31:11Z</time>
        <hdop>3.8</hdop>
        <extensions>
          <osmand:speed>5.8</osmand:speed>
        </extensions>
      </trkpt>
      <trkpt lat="55.2318689" lon="25.8307263">
        <ele>179.4</ele>
        <time>2026-07-18T11:31:17Z</time>
        <hdop>4</hdop>
        <extensions>
          <osmand:speed>8.5</osmand:speed>
        </extensions>
      </trkpt>
      <trkpt lat="55.2322249" lon="25.8312032">
        <ele>180.2</ele>
        <time>2026-07-18T11:31:23Z</time>
        <hdop>3.8</hdop>
        <extensions>
          <osmand:speed>8.1</osmand:speed>
        </extensions>
      </trkpt>
      <trkpt lat="55.2325472" lon="25.8317267">
        <ele>179.6</ele>
        <time>2026-07-18T11:31:30Z</time>
        <hdop>4.7</hdop>
        <extensions>
          <osmand:speed>3.9</osmand:speed>
        </extensions>
      </trkpt>
      <trkpt lat="55.2326202" lon="25.8318671">
        <ele>182</ele>
        <time>2026-07-18T11:31:36Z</time>
        <hdop>4</hdop>
        <extensions>
          <osmand:speed>0.3</osmand:speed>
        </extensions>
      </trkpt>
      <trkpt lat="55.2327217" lon="25.8322609">
        <ele>183.2</ele>
        <time>2026-07-18T11:31:42Z</time>
        <hdop>3.8</hdop>
        <extensions>
          <osmand:speed>9.2</osmand:speed>
        </extensions>
      </trkpt>
      <trkpt lat="55.2330142" lon="25.8332022">
        <ele>184</ele>
        <time>2026-07-18T11:31:48Z</time>
        <hdop>3.8</hdop>
        <extensions>
          <osmand:speed>12.5</osmand:speed>
        </extensions>
      </trkpt>
      <trkpt lat="55.233441" lon="25.8342306">
        <ele>182.3</ele>
        <time>2026-07-18T11:31:54Z</time>
        <hdop>3.8</hdop>
        <extensions>
          <osmand:speed>13.7</osmand:speed>
        </extensions>
      </trkpt>
      <trkpt lat="55.2337418" lon="25.8354463">
        <ele>180.7</ele>
        <time>2026-07-18T11:32:00Z</time>
        <hdop>3.8</hdop>
        <extensions>
          <osmand:speed>14.6</osmand:speed>
        </extensions>
      </trkpt>
      <trkpt lat="55.2341068" lon="25.8367539">
        <ele>180.5</ele>
        <time>2026-07-18T11:32:06Z</time>
        <hdop>3.8</hdop>
        <extensions>
          <osmand:speed>15.6</osmand:speed>
        </extensions>
      </trkpt>
      <trkpt lat="55.2344772" lon="25.8383394">
        <ele>179.6</ele>
        <time>2026-07-18T11:32:12Z</time>
        <hdop>3.8</hdop>
        <extensions>
          <osmand:speed>19.1</osmand:speed>
        </extensions>
      </trkpt>
      <trkpt lat="55.2348842" lon="25.8399383">
        <ele>181.3</ele>
        <time>2026-07-18T11:32:18Z</time>
        <hdop>3.8</hdop>
        <extensions>
          <osmand:speed>18.1</osmand:speed>
        </extensions>
      </trkpt>
      <trkpt lat="55.2351062" lon="25.841604">
        <ele>180.9</ele>
        <time>2026-07-18T11:32:24Z</time>
        <hdop>3.8</hdop>
        <extensions>
          <osmand:speed>18.9</osmand:speed>
        </extensions>
      </trkpt>
      <trkpt lat="55.2351723" lon="25.8433884">
        <ele>179.1</ele>
        <time>2026-07-18T11:32:30Z</time>
        <hdop>3.8</hdop>
        <extensions>
          <osmand:speed>17.8</osmand:speed>
        </extensions>
      </trkpt>
      <trkpt lat="55.2353278" lon="25.8447965">
        <ele>176.6</ele>
        <time>2026-07-18T11:32:36Z</time>
        <hdop>3.8</hdop>
        <extensions>
          <osmand:speed>15.7</osmand:speed>
        </extensions>
      </trkpt>
      <trkpt lat="55.235773" lon="25.8461528">
        <ele>177.3</ele>
        <time>2026-07-18T11:32:42Z</time>
        <hdop>3.8</hdop>
        <extensions>
          <osmand:speed>16</osmand:speed>
        </extensions>
      </trkpt>
      <trkpt lat="55.2364185" lon="25.8472973">
        <ele>175.5</ele>
        <time>2026-07-18T11:32:48Z</time>
        <hdop>3.8</hdop>
        <extensions>
          <osmand:speed>18</osmand:speed>
        </extensions>
      </trkpt>
      <trkpt lat="55.2370492" lon="25.8486275">
        <ele>175.8</ele>
        <time>2026-07-18T11:32:54Z</time>
        <hdop>3.8</hdop>
        <extensions>
          <osmand:speed>19.2</osmand:speed>
        </extensions>
      </trkpt>
      <trkpt lat="55.2375469" lon="25.850126">
        <ele>176.5</ele>
        <time>2026-07-18T11:33:00Z</time>
        <hdop>3.8</hdop>
        <extensions>
          <osmand:speed>16.5</osmand:speed>
        </extensions>
      </trkpt>
      <trkpt lat="55.2382077" lon="25.8513916">
        <ele>174.9</ele>
        <time>2026-07-18T11:33:06Z</time>
        <hdop>3.8</hdop>
        <extensions>
          <osmand:speed>20.1</osmand:speed>
        </extensions>
      </trkpt>
      <trkpt lat="55.23855" lon="25.8528963">
        <ele>172.3</ele>
        <time>2026-07-18T11:33:12Z</time>
        <hdop>3.8</hdop>
        <extensions>
          <osmand:speed>13.5</osmand:speed>
        </extensions>
      </trkpt>
      <trkpt lat="55.239257" lon="25.8534274">
        <ele>171.8</ele>
        <time>2026-07-18T11:33:18Z</time>
        <hdop>3.8</hdop>
        <extensions>
          <osmand:speed>12.9</osmand:speed>
        </extensions>
      </trkpt>
      <trkpt lat="55.2394656" lon="25.8543932">
        <ele>173.3</ele>
        <time>2026-07-18T11:33:24Z</time>
        <hdop>3.8</hdop>
        <extensions>
          <osmand:speed>13.5</osmand:speed>
        </extensions>
      </trkpt>
      <trkpt lat="55.2397027" lon="25.8555609">
        <ele>174.5</ele>
        <time>2026-07-18T11:33:30Z</time>
        <hdop>3.8</hdop>
        <extensions>
          <osmand:speed>14.6</osmand:speed>
        </extensions>
      </trkpt>
      <trkpt lat="55.2399875" lon="25.8568744">
        <ele>174.4</ele>
        <time>2026-07-18T11:33:36Z</time>
        <hdop>3.8</hdop>
        <extensions>
          <osmand:speed>13.7</osmand:speed>
        </extensions>
      </trkpt>
      <trkpt lat="55.2401951" lon="25.8578069">
        <ele>175.3</ele>
        <time>2026-07-18T11:33:42Z</time>
        <hdop>3.8</hdop>
        <extensions>
          <osmand:speed>6.6</osmand:speed>
        </extensions>
      </trkpt>
      <trkpt lat="55.2402138" lon="25.8580362">
        <ele>175.1</ele>
        <time>2026-07-18T11:33:48Z</time>
        <hdop>3.8</hdop>
      </trkpt>
      <trkpt lat="55.2402244" lon="25.858115">
        <ele>176.9</ele>
        <time>2026-07-18T11:34:29Z</time>
        <hdop>3.8</hdop>
        <extensions>
          <osmand:speed>3.6</osmand:speed>
        </extensions>
      </trkpt>
      <trkpt lat="55.2400014" lon="25.8585266">
        <ele>177.9</ele>
        <time>2026-07-18T11:34:35Z</time>
        <hdop>4.2</hdop>
        <extensions>
          <osmand:speed>6.1</osmand:speed>
        </extensions>
      </trkpt>
      <trkpt lat="55.2396011" lon="25.8589899">
        <ele>177.8</ele>
        <time>2026-07-18T11:34:41Z</time>
        <hdop>3.8</hdop>
        <extensions>
          <osmand:speed>9.2</osmand:speed>
        </extensions>
      </trkpt>
      <trkpt lat="55.239319" lon="25.8598177">
        <ele>178.4</ele>
        <time>2026-07-18T11:34:47Z</time>
        <hdop>3.8</hdop>
        <extensions>
          <osmand:speed>10.1</osmand:speed>
        </extensions>
      </trkpt>
      <trkpt lat="55.2390662" lon="25.8606837">
        <ele>179.8</ele>
        <time>2026-07-18T11:34:53Z</time>
        <hdop>3.8</hdop>
        <extensions>
          <osmand:speed>10.5</osmand:speed>
        </extensions>
      </trkpt>
      <trkpt lat="55.2385649" lon="25.861286">
        <ele>181</ele>
        <time>2026-07-18T11:34:59Z</time>
        <hdop>3.8</hdop>
        <extensions>
          <osmand:speed>12.5</osmand:speed>
        </extensions>
      </trkpt>
      <trkpt lat="55.2380317" lon="25.8621181">
        <ele>179.6</ele>
        <time>2026-07-18T11:35:05Z</time>
        <hdop>3.8</hdop>
        <extensions>
          <osmand:speed>13.5</osmand:speed>
        </extensions>
      </trkpt>
      <trkpt lat="55.2373847" lon="25.8627156">
        <ele>179</ele>
        <time>2026-07-18T11:35:11Z</time>
        <hdop>3.8</hdop>
        <extensions>
          <osmand:speed>13.1</osmand:speed>
        </extensions>
      </trkpt>
      <trkpt lat="55.2370326" lon="25.8633647">
        <ele>177</ele>
        <time>2026-07-18T11:35:17Z</time>
        <hdop>3.8</hdop>
        <extensions>
          <osmand:speed>10.5</osmand:speed>
        </extensions>
      </trkpt>
      <trkpt lat="55.2369025" lon="25.8642716">
        <ele>178.9</ele>
        <time>2026-07-18T11:35:23Z</time>
        <hdop>3.8</hdop>
        <extensions>
          <osmand:speed>6.3</osmand:speed>
        </extensions>
      </trkpt>
      <trkpt lat="55.2368582" lon="25.8645453">
        <ele>181.2</ele>
        <time>2026-07-18T11:35:29Z</time>
        <hdop>3.8</hdop>
      </trkpt>
      <trkpt lat="55.2368532" lon="25.8646359">
        <ele>183.4</ele>
        <time>2026-07-18T11:36:22Z</time>
        <hdop>3.8</hdop>
        <extensions>
          <osmand:speed>4</osmand:speed>
        </extensions>
      </trkpt>
      <trkpt lat="55.2367599" lon="25.8653589">
        <ele>182.7</ele>
        <time>2026-07-18T11:36:28Z</time>
        <hdop>4</hdop>
        <extensions>
          <osmand:speed>9</osmand:speed>
        </extensions>
      </trkpt>
      <trkpt lat="55.2366353" lon="25.8661268">
        <ele>180</ele>
        <time>2026-07-18T11:36:34Z</time>
        <hdop>3.8</hdop>
        <extensions>
          <osmand:speed>7.4</osmand:speed>
        </extensions>
      </trkpt>
      <trkpt lat="55.2368503" lon="25.8664818">
        <ele>180.5</ele>
        <time>2026-07-18T11:36:40Z</time>
        <hdop>3.8</hdop>
        <extensions>
          <osmand:speed>6.4</osmand:speed>
        </extensions>
      </trkpt>
      <trkpt lat="55.2372535" lon="25.8664441">
        <ele>180.7</ele>
        <time>2026-07-18T11:36:46Z</time>
        <hdop>3.8</hdop>
        <extensions>
          <osmand:speed>7.2</osmand:speed>
        </extensions>
      </trkpt>
      <trkpt lat="55.2376373" lon="25.8664926">
        <ele>179.3</ele>
        <time>2026-07-18T11:36:52Z</time>
        <hdop>3.9</hdop>
        <extensions>
          <osmand:speed>7.6</osmand:speed>
        </extensions>
      </trkpt>
      <trkpt lat="55.2379952" lon="25.8673572">
        <ele>176.9</ele>
        <time>2026-07-18T11:37:01Z</time>
        <hdop>3.8</hdop>
        <extensions>
          <osmand:speed>8.3</osmand:speed>
        </extensions>
      </trkpt>
      <trkpt lat="55.238462" lon="25.8677703">
        <ele>176.3</ele>
        <time>2026-07-18T11:37:07Z</time>
        <hdop>3.8</hdop>
        <extensions>
          <osmand:speed>10</osmand:speed>
        </extensions>
      </trkpt>
      <trkpt lat="55.2389328" lon="25.8683197">
        <ele>175.9</ele>
        <time>2026-07-18T11:37:13Z</time>
        <hdop>3.8</hdop>
        <extensions>
          <osmand:speed>10</osmand:speed>
        </extensions>
      </trkpt>
      <trkpt lat="55.2394274" lon="25.8687012">
        <ele>167.6</ele>
        <time>2026-07-18T11:37:19Z</time>
        <hdop>4.2</hdop>
        <extensions>
          <osmand:speed>10</osmand:speed>
        </extensions>
      </trkpt>
      <trkpt lat="55.2400522" lon="25.8693228">
        <ele>177</ele>
        <time>2026-07-18T11:37:27Z</time>
        <hdop>3.8</hdop>
        <extensions>
          <osmand:speed>9.8</osmand:speed>
        </extensions>
      </trkpt>
      <trkpt lat="55.2404974" lon="25.8697979">
        <ele>177</ele>
        <time>2026-07-18T11:37:33Z</time>
        <hdop>3.8</hdop>
        <extensions>
          <osmand:speed>10.5</osmand:speed>
        </extensions>
      </trkpt>
      <trkpt lat="55.240955" lon="25.8701896">
        <ele>175.6</ele>
        <time>2026-07-18T11:37:39Z</time>
        <hdop>3.8</hdop>
        <extensions>
          <osmand:speed>8.8</osmand:speed>
        </extensions>
      </trkpt>
      <trkpt lat="55.2413541" lon="25.870876">
        <ele>175.7</ele>
        <time>2026-07-18T11:37:45Z</time>
        <hdop>3.9</hdop>
        <extensions>
          <osmand:speed>10</osmand:speed>
        </extensions>
      </trkpt>
      <trkpt lat="55.2418658" lon="25.8711971">
        <ele>177</ele>
        <time>2026-07-18T11:37:51Z</time>
        <hdop>3.8</hdop>
        <extensions>
          <osmand:speed>10.7</osmand:speed>
        </extensions>
      </trkpt>
      <trkpt lat="55.242397" lon="25.8714088">
        <ele>177.6</ele>
        <time>2026-07-18T11:37:57Z</time>
        <hdop>3.8</hdop>
        <extensions>
          <osmand:speed>10.5</osmand:speed>
        </extensions>
      </trkpt>
      <trkpt lat="55.2428425" lon="25.8716733">
        <ele>172.3</ele>
        <time>2026-07-18T11:38:03Z</time>
        <hdop>3.8</hdop>
        <extensions>
          <osmand:speed>6.7</osmand:speed>
        </extensions>
      </trkpt>
      <trkpt lat="55.2431443" lon="25.8719004">
        <ele>172.9</ele>
        <time>2026-07-18T11:38:09Z</time>
        <hdop>4.3</hdop>
        <extensions>
          <osmand:speed>6.8</osmand:speed>
        </extensions>
      </trkpt>
      <trkpt lat="55.2436061" lon="25.8723914">
        <ele>174</ele>
        <time>2026-07-18T11:38:15Z</time>
        <hdop>4.6</hdop>
        <extensions>
          <osmand:speed>11.3</osmand:speed>
        </extensions>
      </trkpt>
      <trkpt lat="55.2440099" lon="25.8731061">
        <ele>175</ele>
        <time>2026-07-18T11:38:21Z</time>
        <hdop>3.8</hdop>
        <extensions>
          <osmand:speed>11.2</osmand:speed>
        </extensions>
      </trkpt>
      <trkpt lat="55.244198" lon="25.8741196">
        <ele>175.8</ele>
        <time>2026-07-18T11:38:27Z</time>
        <hdop>3.8</hdop>
        <extensions>
          <osmand:speed>11.9</osmand:speed>
        </extensions>
      </trkpt>
      <trkpt lat="55.244418" lon="25.8750878">
        <ele>174.7</ele>
        <time>2026-07-18T11:38:33Z</time>
        <hdop>3.8</hdop>
        <extensions>
          <osmand:speed>13.5</osmand:speed>
        </extensions>
      </trkpt>
      <trkpt lat="55.2447711" lon="25.8761056">
        <ele>175.1</ele>
        <time>2026-07-18T11:38:39Z</time>
        <hdop>3.8</hdop>
        <extensions>
          <osmand:speed>12.6</osmand:speed>
        </extensions>
      </trkpt>
      <trkpt lat="55.2447081" lon="25.8770042">
        <ele>177.3</ele>
        <time>2026-07-18T11:38:45Z</time>
        <hdop>3.8</hdop>
        <extensions>
          <osmand:speed>10.9</osmand:speed>
        </extensions>
      </trkpt>
      <trkpt lat="55.2448347" lon="25.8781488">
        <ele>176.9</ele>
        <time>2026-07-18T11:38:51Z</time>
        <hdop>3.8</hdop>
        <extensions>
          <osmand:speed>13.8</osmand:speed>
        </extensions>
      </trkpt>
      <trkpt lat="55.2451514" lon="25.8793793">
        <ele>175.6</ele>
        <time>2026-07-18T11:38:57Z</time>
        <hdop>3.8</hdop>
        <extensions>
          <osmand:speed>13.9</osmand:speed>
        </extensions>
      </trkpt>
      <trkpt lat="55.2453398" lon="25.8805524">
        <ele>175</ele>
        <time>2026-07-18T11:39:03Z</time>
        <hdop>3.8</hdop>
        <extensions>
          <osmand:speed>13.1</osmand:speed>
        </extensions>
      </trkpt>
      <trkpt lat="55.2456966" lon="25.8813222">
        <ele>173.5</ele>
        <time>2026-07-18T11:39:09Z</time>
        <hdop>3.8</hdop>
        <extensions>
          <osmand:speed>11.9</osmand:speed>
        </extensions>
      </trkpt>
      <trkpt lat="55.2460652" lon="25.8821056">
        <ele>176</ele>
        <time>2026-07-18T11:39:15Z</time>
        <hdop>3.8</hdop>
        <extensions>
          <osmand:speed>11.9</osmand:speed>
        </extensions>
      </trkpt>
      <trkpt lat="55.2461608" lon="25.8823803">
        <ele>180.9</ele>
        <time>2026-07-18T11:39:21Z</time>
        <hdop>3.8</hdop>
      </trkpt>
      <trkpt lat="55.2462518" lon="25.8824556">
        <ele>181.5</ele>
        <time>2026-07-18T11:39:40Z</time>
        <hdop>4.2</hdop>
        <extensions>
          <osmand:speed>6.4</osmand:speed>
        </extensions>
      </trkpt>
      <trkpt lat="55.2466097" lon="25.8828466">
        <ele>180.6</ele>
        <time>2026-07-18T11:39:46Z</time>
        <hdop>4.1</hdop>
        <extensions>
          <osmand:speed>7.9</osmand:speed>
        </extensions>
      </trkpt>
      <trkpt lat="55.2471482" lon="25.8832432">
        <ele>178.2</ele>
        <time>2026-07-18T11:39:52Z</time>
        <hdop>3.8</hdop>
        <extensions>
          <osmand:speed>11.2</osmand:speed>
        </extensions>
      </trkpt>
      <trkpt lat="55.2476724" lon="25.883721">
        <ele>177.8</ele>
        <time>2026-07-18T11:39:58Z</time>
        <hdop>4.4</hdop>
        <extensions>
          <osmand:speed>10.8</osmand:speed>
        </extensions>
      </trkpt>
      <trkpt lat="55.248256" lon="25.8836582">
        <ele>177.9</ele>
        <time>2026-07-18T11:40:04Z</time>
        <hdop>4.1</hdop>
        <extensions>
          <osmand:speed>11.2</osmand:speed>
        </extensions>
      </trkpt>
      <trkpt lat="55.2488959" lon="25.8834724">
        <ele>182.1</ele>
        <time>2026-07-18T11:40:10Z</time>
        <hdop>5</hdop>
        <extensions>
          <osmand:speed>10.7</osmand:speed>
        </extensions>
      </trkpt>
      <trkpt lat="55.2494586" lon="25.8833218">
        <ele>183.5</ele>
        <time>2026-07-18T11:40:16Z</time>
        <hdop>4.2</hdop>
        <extensions>
          <osmand:speed>10.1</osmand:speed>
        </extensions>
      </trkpt>
      <trkpt lat="55.2496887" lon="25.8834278">
        <ele>181.1</ele>
        <time>2026-07-18T11:40:22Z</time>
        <hdop>3.8</hdop>
      </trkpt>
      <trkpt lat="55.2497439" lon="25.8834842">
        <ele>186.9</ele>
        <time>2026-07-18T11:41:41Z</time>
        <hdop>3.8</hdop>
        <extensions>
          <osmand:speed>6.2</osmand:speed>
        </extensions>
      </trkpt>
      <trkpt lat="55.2504197" lon="25.8844951">
        <ele>183.2</ele>
        <time>2026-07-18T11:41:50Z</time>
        <hdop>4.5</hdop>
        <extensions>
          <osmand:speed>10.6</osmand:speed>
        </extensions>
      </trkpt>
      <trkpt lat="55.2508282" lon="25.8850486">
        <ele>178.8</ele>
        <time>2026-07-18T11:41:56Z</time>
        <hdop>3.9</hdop>
        <extensions>
          <osmand:speed>10.3</osmand:speed>
        </extensions>
      </trkpt>
      <trkpt lat="55.2511635" lon="25.885776">
        <ele>179.4</ele>
        <time>2026-07-18T11:42:02Z</time>
        <hdop>3.8</hdop>
        <extensions>
          <osmand:speed>8.9</osmand:speed>
        </extensions>
      </trkpt>
      <trkpt lat="55.2514552" lon="25.8861516">
        <ele>182.1</ele>
        <time>2026-07-18T11:42:08Z</time>
        <hdop>3.8</hdop>
        <extensions>
          <osmand:speed>6.7</osmand:speed>
        </extensions>
      </trkpt>
      <trkpt lat="55.2516837" lon="25.8869157">
        <ele>180.8</ele>
        <time>2026-07-18T11:42:14Z</time>
        <hdop>3.8</hdop>
        <extensions>
          <osmand:speed>9.6</osmand:speed>
        </extensions>
      </trkpt>
      <trkpt lat="55.2518425" lon="25.8874326">
        <ele>181.7</ele>
        <time>2026-07-18T11:42:20Z</time>
        <hdop>3.8</hdop>
        <extensions>
          <osmand:speed>5.5</osmand:speed>
        </extensions>
      </trkpt>
      <trkpt lat="55.2519416" lon="25.8880421">
        <ele>180.8</ele>
        <time>2026-07-18T11:42:26Z</time>
        <hdop>3.8</hdop>
        <extensions>
          <osmand:speed>8.3</osmand:speed>
        </extensions>
      </trkpt>
      <trkpt lat="55.2520602" lon="25.8884543">
        <ele>179.7</ele>
        <time>2026-07-18T11:42:32Z</time>
        <hdop>3.8</hdop>
        <extensions>
          <osmand:speed>0.4</osmand:speed>
        </extensions>
      </trkpt>
      <trkpt lat="55.2520943" lon="25.888508">
        <ele>183.4</ele>
        <time>2026-07-18T11:43:12Z</time>
        <hdop>4.1</hdop>
        <extensions>
          <osmand:speed>1.1</osmand:speed>
        </extensions>
      </trkpt>
      <trkpt lat="55.2522654" lon="25.8883615">
        <ele>182.9</ele>
        <time>2026-07-18T11:43:18Z</time>
        <hdop>3.8</hdop>
        <extensions>
          <osmand:speed>5.2</osmand:speed>
        </extensions>
      </trkpt>
      <trkpt lat="55.2526286" lon="25.8879958">
        <ele>179.8</ele>
        <time>2026-07-18T11:43:24Z</time>
        <hdop>3.8</hdop>
        <extensions>
          <osmand:speed>7.8</osmand:speed>
        </extensions>
      </trkpt>
      <trkpt lat="55.2529922" lon="25.8875355">
        <ele>180.3</ele>
        <time>2026-07-18T11:43:30Z</time>
        <hdop>3.8</hdop>
        <extensions>
          <osmand:speed>6.3</osmand:speed>
        </extensions>
      </trkpt>
      <trkpt lat="55.2533094" lon="25.8872351">
        <ele>179.4</ele>
        <time>2026-07-18T11:43:36Z</time>
        <hdop>3.8</hdop>
        <extensions>
          <osmand:speed>6.6</osmand:speed>
        </extensions>
      </trkpt>
      <trkpt lat="55.2535355" lon="25.8868719">
        <ele>175.1</ele>
        <time>2026-07-18T11:43:42Z</time>
        <hdop>3.8</hdop>
        <extensions>
          <osmand:speed>4.7</osmand:speed>
        </extensions>
      </trkpt>
      <trkpt lat="55.2536595" lon="25.8866412">
        <ele>175.4</ele>
        <time>2026-07-18T11:43:48Z</time>
        <hdop>3.8</hdop>
        <extensions>
          <osmand:speed>2.9</osmand:speed>
        </extensions>
      </trkpt>
      <trkpt lat="55.2537906" lon="25.8863629">
        <ele>172.6</ele>
        <time>2026-07-18T11:43:54Z</time>
        <hdop>3.8</hdop>
        <extensions>
          <osmand:speed>4.3</osmand:speed>
        </extensions>
      </trkpt>
      <trkpt lat="55.2539667" lon="25.8857563">
        <ele>174</ele>
        <time>2026-07-18T11:44:00Z</time>
        <hdop>3.8</hdop>
        <extensions>
          <osmand:speed>8.3</osmand:speed>
        </extensions>
      </trkpt>
      <trkpt lat="55.2540242" lon="25.8849116">
        <ele>175.8</ele>
        <time>2026-07-18T11:44:06Z</time>
        <hdop>3.8</hdop>
        <extensions>
          <osmand:speed>8.6</osmand:speed>
        </extensions>
      </trkpt>
      <trkpt lat="55.2541304" lon="25.8843203">
        <ele>179.9</ele>
        <time>2026-07-18T11:44:12Z</time>
        <hdop>3.8</hdop>
        <extensions>
          <osmand:speed>2.6</osmand:speed>
        </extensions>
      </trkpt>
      <trkpt lat="55.2544536" lon="25.8839978">
        <ele>182.1</ele>
        <time>2026-07-18T11:44:18Z</time>
        <hdop>3.8</hdop>
        <extensions>
          <osmand:speed>8</osmand:speed>
        </extensions>
      </trkpt>
      <trkpt lat="55.254958" lon="25.8835881">
        <ele>187.5</ele>
        <time>2026-07-18T11:44:24Z</time>
        <hdop>3.8</hdop>
        <extensions>
          <osmand:speed>9.1</osmand:speed>
        </extensions>
      </trkpt>
      <trkpt lat="55.2556938" lon="25.8830227">
        <ele>186.2</ele>
        <time>2026-07-18T11:44:32Z</time>
        <hdop>4.5</hdop>
        <extensions>
          <osmand:speed>10.9</osmand:speed>
        </extensions>
      </trkpt>
      <trkpt lat="55.2564116" lon="25.882445">
        <ele>183.8</ele>
        <time>2026-07-18T11:44:40Z</time>
        <hdop>4.5</hdop>
        <extensions>
          <osmand:speed>11.6</osmand:speed>
        </extensions>
      </trkpt>
      <trkpt lat="55.2572847" lon="25.8818844">
        <ele>185.6</ele>
        <time>2026-07-18T11:44:49Z</time>
        <hdop>4.4</hdop>
        <extensions>
          <osmand:speed>10.9</osmand:speed>
        </extensions>
      </trkpt>
      <trkpt lat="55.2579358" lon="25.8819842">
        <ele>184</ele>
        <time>2026-07-18T11:44:55Z</time>
        <hdop>3.8</hdop>
        <extensions>
          <osmand:speed>12.1</osmand:speed>
        </extensions>
      </trkpt>
      <trkpt lat="55.2585695" lon="25.8821306">
        <ele>179.5</ele>
        <time>2026-07-18T11:45:01Z</time>
        <hdop>4.1</hdop>
        <extensions>
          <osmand:speed>11.5</osmand:speed>
        </extensions>
      </trkpt>
      <trkpt lat="55.2588996" lon="25.8822177">
        <ele>176.9</ele>
        <time>2026-07-18T11:45:07Z</time>
        <hdop>3.8</hdop>
        <extensions>
          <osmand:speed>6.1</osmand:speed>
        </extensions>
      </trkpt>
      <trkpt lat="55.2593786" lon="25.88239">
        <ele>177.2</ele>
        <time>2026-07-18T11:45:13Z</time>
        <hdop>3.9</hdop>
        <extensions>
          <osmand:speed>8.9</osmand:speed>
        </extensions>
      </trkpt>
      <trkpt lat="55.2597638" lon="25.8824044">
        <ele>179.5</ele>
        <time>2026-07-18T11:45:19Z</time>
        <hdop>4.7</hdop>
        <extensions>
          <osmand:speed>5.5</osmand:speed>
        </extensions>
      </trkpt>
      <trkpt lat="55.2601251" lon="25.8823167">
        <ele>178.3</ele>
        <time>2026-07-18T11:45:25Z</time>
        <hdop>4.6</hdop>
        <extensions>
          <osmand:speed>7.1</osmand:speed>
        </extensions>
      </trkpt>
      <trkpt lat="55.260726" lon="25.8821836">
        <ele>178.1</ele>
        <time>2026-07-18T11:45:31Z</time>
        <hdop>3.9</hdop>
        <extensions>
          <osmand:speed>9.2</osmand:speed>
        </extensions>
      </trkpt>
      <trkpt lat="55.261349" lon="25.8822139">
        <ele>175.1</ele>
        <time>2026-07-18T11:45:37Z</time>
        <hdop>3.8</hdop>
        <extensions>
          <osmand:speed>11.6</osmand:speed>
        </extensions>
      </trkpt>
      <trkpt lat="55.2619048" lon="25.8825936">
        <ele>174.3</ele>
        <time>2026-07-18T11:45:43Z</time>
        <hdop>3.8</hdop>
        <extensions>
          <osmand:speed>11.4</osmand:speed>
        </extensions>
      </trkpt>
      <trkpt lat="55.2624667" lon="25.8828784">
        <ele>176.7</ele>
        <time>2026-07-18T11:45:49Z</time>
        <hdop>3.8</hdop>
        <extensions>
          <osmand:speed>10.9</osmand:speed>
        </extensions>
      </trkpt>
      <trkpt lat="55.2630757" lon="25.8824968">
        <ele>176.5</ele>
        <time>2026-07-18T11:45:55Z</time>
        <hdop>3.8</hdop>
        <extensions>
          <osmand:speed>12</osmand:speed>
        </extensions>
      </trkpt>
      <trkpt lat="55.2637244" lon="25.882305">
        <ele>176</ele>
        <time>2026-07-18T11:46:01Z</time>
        <hdop>3.8</hdop>
        <extensions>
          <osmand:speed>12.2</osmand:speed>
        </extensions>
      </trkpt>
      <trkpt lat="55.2642506" lon="25.881696">
        <ele>177.3</ele>
        <time>2026-07-18T11:46:07Z</time>
        <hdop>3.8</hdop>
        <extensions>
          <osmand:speed>11.8</osmand:speed>
        </extensions>
      </trkpt>
      <trkpt lat="55.2647352" lon="25.8810363">
        <ele>181.2</ele>
        <time>2026-07-18T11:46:13Z</time>
        <hdop>3.8</hdop>
        <extensions>
          <osmand:speed>10.3</osmand:speed>
        </extensions>
      </trkpt>
      <trkpt lat="55.2653315" lon="25.880587">
        <ele>180.3</ele>
        <time>2026-07-18T11:46:19Z</time>
        <hdop>3.8</hdop>
        <extensions>
          <osmand:speed>13.7</osmand:speed>
        </extensions>
      </trkpt>
      <trkpt lat="55.2659851" lon="25.8801869">
        <ele>178.6</ele>
        <time>2026-07-18T11:46:25Z</time>
        <hdop>3.8</hdop>
        <extensions>
          <osmand:speed>11.4</osmand:speed>
        </extensions>
      </trkpt>
      <trkpt lat="55.2665374" lon="25.8800104">
        <ele>180</ele>
        <time>2026-07-18T11:46:31Z</time>
        <hdop>3.8</hdop>
        <extensions>
          <osmand:speed>9.3</osmand:speed>
        </extensions>
      </trkpt>
      <trkpt lat="55.266752" lon="25.8796535">
        <ele>181.6</ele>
        <time>2026-07-18T11:46:37Z</time>
        <hdop>3.8</hdop>
        <extensions>
          <osmand:speed>0.4</osmand:speed>
        </extensions>
      </trkpt>
    </trkseg>
    <trkseg>
      <trkpt lat="55.266781" lon="25.87959">
        <ele>188.7</ele>
        <time>2026-07-18T11:54:51Z</time>
        <hdop>3.8</hdop>
        <extensions>
          <osmand:speed>0.4</osmand:speed>
        </extensions>
      </trkpt>
      <trkpt lat="55.2668295" lon="25.8795572">
        <ele>190.6</ele>
        <time>2026-07-18T11:57:23Z</time>
        <hdop>4.1</hdop>
        <extensions>
          <osmand:speed>1.4</osmand:speed>
        </extensions>
      </trkpt>
      <trkpt lat="55.2668507" lon="25.8792162">
        <ele>188.4</ele>
        <time>2026-07-18T11:57:29Z</time>
        <hdop>3.8</hdop>
        <extensions>
          <osmand:speed>4.4</osmand:speed>
        </extensions>
      </trkpt>
      <trkpt lat="55.2667567" lon="25.8787525">
        <ele>187.1</ele>
        <time>2026-07-18T11:57:35Z</time>
        <hdop>3.8</hdop>
        <extensions>
          <osmand:speed>6.6</osmand:speed>
        </extensions>
      </trkpt>
      <trkpt lat="55.2666245" lon="25.8780673">
        <ele>187.8</ele>
        <time>2026-07-18T11:57:41Z</time>
        <hdop>3.8</hdop>
        <extensions>
          <osmand:speed>8.6</osmand:speed>
        </extensions>
      </trkpt>
      <trkpt lat="55.266503" lon="25.877381">
        <ele>186.3</ele>
        <time>2026-07-18T11:57:47Z</time>
        <hdop>3.8</hdop>
        <extensions>
          <osmand:speed>6.7</osmand:speed>
        </extensions>
      </trkpt>
      <trkpt lat="55.2665387" lon="25.8770554">
        <ele>185</ele>
        <time>2026-07-18T11:57:53Z</time>
        <hdop>3.8</hdop>
        <extensions>
          <osmand:speed>2.9</osmand:speed>
        </extensions>
      </trkpt>
      <trkpt lat="55.2670124" lon="25.8770362">
        <ele>184.6</ele>
        <time>2026-07-18T11:57:59Z</time>
        <hdop>4</hdop>
        <extensions>
          <osmand:speed>10.2</osmand:speed>
        </extensions>
      </trkpt>
      <trkpt lat="55.2676198" lon="25.8769756">
        <ele>179.7</ele>
        <time>2026-07-18T11:58:05Z</time>
        <hdop>3.9</hdop>
        <extensions>
          <osmand:speed>11</osmand:speed>
        </extensions>
      </trkpt>
      <trkpt lat="55.268256" lon="25.8769205">
        <ele>180.7</ele>
        <time>2026-07-18T11:58:11Z</time>
        <hdop>4.6</hdop>
        <extensions>
          <osmand:speed>11.6</osmand:speed>
        </extensions>
      </trkpt>
      <trkpt lat="55.2689467" lon="25.8768214">
        <ele>178.3</ele>
        <time>2026-07-18T11:58:17Z</time>
        <hdop>4.4</hdop>
        <extensions>
          <osmand:speed>13</osmand:speed>
        </extensions>
      </trkpt>
      <trkpt lat="55.26961" lon="25.876767">
        <ele>178.8</ele>
        <time>2026-07-18T11:58:23Z</time>
        <hdop>4</hdop>
        <extensions>
          <osmand:speed>11.2</osmand:speed>
        </extensions>
      </trkpt>
      <trkpt lat="55.270306" lon="25.876689">
        <ele>183.7</ele>
        <time>2026-07-18T11:58:29Z</time>
        <hdop>4.5</hdop>
        <extensions>
          <osmand:speed>12.2</osmand:speed>
        </extensions>
      </trkpt>
      <trkpt lat="55.270939" lon="25.8766363">
        <ele>181.2</ele>
        <time>2026-07-18T11:58:35Z</time>
        <hdop>4.6</hdop>
        <extensions>
          <osmand:speed>12.7</osmand:speed>
        </extensions>
      </trkpt>
      <trkpt lat="55.2715611" lon="25.8765686">
        <ele>178.5</ele>
        <time>2026-07-18T11:58:41Z</time>
        <hdop>4.3</hdop>
        <extensions>
          <osmand:speed>11.3</osmand:speed>
        </extensions>
      </trkpt>
      <trkpt lat="55.2721298" lon="25.8765274">
        <ele>183.6</ele>
        <time>2026-07-18T11:58:47Z</time>
        <hdop>3.9</hdop>
        <extensions>
          <osmand:speed>8.8</osmand:speed>
        </extensions>
      </trkpt>
      <trkpt lat="55.272522" lon="25.8764936">
        <ele>182.1</ele>
        <time>2026-07-18T11:58:53Z</time>
        <hdop>4</hdop>
        <extensions>
          <osmand:speed>7.1</osmand:speed>
        </extensions>
      </trkpt>
      <trkpt lat="55.272996" lon="25.8764562">
        <ele>179.3</ele>
        <time>2026-07-18T11:58:59Z</time>
        <hdop>4.6</hdop>
        <extensions>
          <osmand:speed>7.8</osmand:speed>
        </extensions>
      </trkpt>
      <trkpt lat="55.2733743" lon="25.8760653">
        <ele>180.3</ele>
        <time>2026-07-18T11:59:05Z</time>
        <hdop>3.8</hdop>
        <extensions>
          <osmand:speed>8.1</osmand:speed>
        </extensions>
      </trkpt>
      <trkpt lat="55.2733352" lon="25.8751932">
        <ele>181.3</ele>
        <time>2026-07-18T11:59:11Z</time>
        <hdop>4.3</hdop>
        <extensions>
          <osmand:speed>10.4</osmand:speed>
        </extensions>
      </trkpt>
      <trkpt lat="55.2732426" lon="25.8742076">
        <ele>180.8</ele>
        <time>2026-07-18T11:59:17Z</time>
        <hdop>3.8</hdop>
        <extensions>
          <osmand:speed>10.6</osmand:speed>
        </extensions>
      </trkpt>
      <trkpt lat="55.2732821" lon="25.8731531">
        <ele>181.2</ele>
        <time>2026-07-18T11:59:23Z</time>
        <hdop>3.8</hdop>
        <extensions>
          <osmand:speed>10.9</osmand:speed>
        </extensions>
      </trkpt>
      <trkpt lat="55.2733493" lon="25.8722318">
        <ele>180.5</ele>
        <time>2026-07-18T11:59:29Z</time>
        <hdop>3.8</hdop>
        <extensions>
          <osmand:speed>9.6</osmand:speed>
        </extensions>
      </trkpt>
      <trkpt lat="55.2736876" lon="25.8712814">
        <ele>179.5</ele>
        <time>2026-07-18T11:59:35Z</time>
        <hdop>3.8</hdop>
        <extensions>
          <osmand:speed>11.9</osmand:speed>
        </extensions>
      </trkpt>
      <trkpt lat="55.2739745" lon="25.8702842">
        <ele>177.6</ele>
        <time>2026-07-18T11:59:41Z</time>
        <hdop>3.8</hdop>
        <extensions>
          <osmand:speed>11.7</osmand:speed>
        </extensions>
      </trkpt>
      <trkpt lat="55.2742495" lon="25.8693598">
        <ele>178.4</ele>
        <time>2026-07-18T11:59:47Z</time>
        <hdop>3.8</hdop>
        <extensions>
          <osmand:speed>11.4</osmand:speed>
        </extensions>
      </trkpt>
      <trkpt lat="55.2745338" lon="25.8684237">
        <ele>181.1</ele>
        <time>2026-07-18T11:59:53Z</time>
        <hdop>3.8</hdop>
        <extensions>
          <osmand:speed>11.2</osmand:speed>
        </extensions>
      </trkpt>
      <trkpt lat="55.2749148" lon="25.8677159">
        <ele>183</ele>
        <time>2026-07-18T11:59:59Z</time>
        <hdop>3.8</hdop>
        <extensions>
          <osmand:speed>10.1</osmand:speed>
        </extensions>
      </trkpt>
      <trkpt lat="55.2753092" lon="25.8669076">
        <ele>181.9</ele>
        <time>2026-07-18T12:00:05Z</time>
        <hdop>3.8</hdop>
        <extensions>
          <osmand:speed>11.3</osmand:speed>
        </extensions>
      </trkpt>
      <trkpt lat="55.2756133" lon="25.8660271">
        <ele>181.9</ele>
        <time>2026-07-18T12:00:11Z</time>
        <hdop>4.2</hdop>
        <extensions>
          <osmand:speed>10.3</osmand:speed>
        </extensions>
      </trkpt>
      <trkpt lat="55.2756946" lon="25.8649588">
        <ele>181.5</ele>
        <time>2026-07-18T12:00:17Z</time>
        <hdop>4.9</hdop>
        <extensions>
          <osmand:speed>11.2</osmand:speed>
        </extensions>
      </trkpt>
      <trkpt lat="55.2757167" lon="25.8642519">
        <ele>181.9</ele>
        <time>2026-07-18T12:00:23Z</time>
        <hdop>3.8</hdop>
        <extensions>
          <osmand:speed>1.7</osmand:speed>
        </extensions>
      </trkpt>
      <trkpt lat="55.2757451" lon="25.8637087">
        <ele>183.8</ele>
        <time>2026-07-18T12:00:29Z</time>
        <hdop>3.8</hdop>
        <extensions>
          <osmand:speed>10</osmand:speed>
        </extensions>
      </trkpt>
      <trkpt lat="55.2758746" lon="25.8627485">
        <ele>185.7</ele>
        <time>2026-07-18T12:00:35Z</time>
        <hdop>3.8</hdop>
        <extensions>
          <osmand:speed>11.1</osmand:speed>
        </extensions>
      </trkpt>
      <trkpt lat="55.276125" lon="25.8617489">
        <ele>181.6</ele>
        <time>2026-07-18T12:00:41Z</time>
        <hdop>3.8</hdop>
        <extensions>
          <osmand:speed>12</osmand:speed>
        </extensions>
      </trkpt>
      <trkpt lat="55.2763261" lon="25.8608244">
        <ele>182.5</ele>
        <time>2026-07-18T12:00:47Z</time>
        <hdop>3.8</hdop>
        <extensions>
          <osmand:speed>7</osmand:speed>
        </extensions>
      </trkpt>
      <trkpt lat="55.2766079" lon="25.8601619">
        <ele>182.6</ele>
        <time>2026-07-18T12:00:53Z</time>
        <hdop>4</hdop>
        <extensions>
          <osmand:speed>9.6</osmand:speed>
        </extensions>
      </trkpt>
      <trkpt lat="55.2770308" lon="25.8595312">
        <ele>183.2</ele>
        <time>2026-07-18T12:00:59Z</time>
        <hdop>3.8</hdop>
        <extensions>
          <osmand:speed>10.8</osmand:speed>
        </extensions>
      </trkpt>
      <trkpt lat="55.2775058" lon="25.8588412">
        <ele>182</ele>
        <time>2026-07-18T12:01:05Z</time>
        <hdop>4</hdop>
        <extensions>
          <osmand:speed>11.7</osmand:speed>
        </extensions>
      </trkpt>
      <trkpt lat="55.2780396" lon="25.8582243">
        <ele>182.7</ele>
        <time>2026-07-18T12:01:11Z</time>
        <hdop>3.8</hdop>
        <extensions>
          <osmand:speed>11.9</osmand:speed>
        </extensions>
      </trkpt>
      <trkpt lat="55.2786395" lon="25.8577294">
        <ele>182.4</ele>
        <time>2026-07-18T12:01:17Z</time>
        <hdop>3.8</hdop>
        <extensions>
          <osmand:speed>11</osmand:speed>
        </extensions>
      </trkpt>
      <trkpt lat="55.2789422" lon="25.8569437">
        <ele>180.7</ele>
        <time>2026-07-18T12:01:23Z</time>
        <hdop>3.8</hdop>
        <extensions>
          <osmand:speed>11.6</osmand:speed>
        </extensions>
      </trkpt>
      <trkpt lat="55.2795412" lon="25.8564796">
        <ele>182.3</ele>
        <time>2026-07-18T12:01:29Z</time>
        <hdop>3.8</hdop>
        <extensions>
          <osmand:speed>12.2</osmand:speed>
        </extensions>
      </trkpt>
      <trkpt lat="55.2801178" lon="25.8564839">
        <ele>179.7</ele>
        <time>2026-07-18T12:01:35Z</time>
        <hdop>3.9</hdop>
        <extensions>
          <osmand:speed>11.3</osmand:speed>
        </extensions>
      </trkpt>
      <trkpt lat="55.280737" lon="25.8564213">
        <ele>179.9</ele>
        <time>2026-07-18T12:01:41Z</time>
        <hdop>3.8</hdop>
        <extensions>
          <osmand:speed>12</osmand:speed>
        </extensions>
      </trkpt>
      <trkpt lat="55.281343" lon="25.8563604">
        <ele>177.4</ele>
        <time>2026-07-18T12:01:47Z</time>
        <hdop>3.8</hdop>
        <extensions>
          <osmand:speed>11.8</osmand:speed>
        </extensions>
      </trkpt>
      <trkpt lat="55.2820291" lon="25.8564955">
        <ele>179.7</ele>
        <time>2026-07-18T12:01:53Z</time>
        <hdop>3.8</hdop>
        <extensions>
          <osmand:speed>12.2</osmand:speed>
        </extensions>
      </trkpt>
      <trkpt lat="55.2826316" lon="25.8565389">
        <ele>177.5</ele>
        <time>2026-07-18T12:01:59Z</time>
        <hdop>3.8</hdop>
        <extensions>
          <osmand:speed>12.2</osmand:speed>
        </extensions>
      </trkpt>
      <trkpt lat="55.2832862" lon="25.8563207">
        <ele>178</ele>
        <time>2026-07-18T12:02:05Z</time>
        <hdop>3.8</hdop>
        <extensions>
          <osmand:speed>12.4</osmand:speed>
        </extensions>
      </trkpt>
      <trkpt lat="55.2839602" lon="25.8563782">
        <ele>178</ele>
        <time>2026-07-18T12:02:11Z</time>
        <hdop>3.8</hdop>
        <extensions>
          <osmand:speed>12.5</osmand:speed>
        </extensions>
      </trkpt>
      <trkpt lat="55.2845893" lon="25.8564662">
        <ele>175</ele>
        <time>2026-07-18T12:02:17Z</time>
        <hdop>3.8</hdop>
        <extensions>
          <osmand:speed>10</osmand:speed>
        </extensions>
      </trkpt>
      <trkpt lat="55.2851227" lon="25.856549">
        <ele>178.9</ele>
        <time>2026-07-18T12:02:23Z</time>
        <hdop>3.8</hdop>
        <extensions>
          <osmand:speed>10.4</osmand:speed>
        </extensions>
      </trkpt>
      <trkpt lat="55.2857449" lon="25.8565776">
        <ele>179.3</ele>
        <time>2026-07-18T12:02:29Z</time>
        <hdop>4</hdop>
        <extensions>
          <osmand:speed>12.2</osmand:speed>
        </extensions>
      </trkpt>
      <trkpt lat="55.2862905" lon="25.8563992">
        <ele>179.4</ele>
        <time>2026-07-18T12:02:35Z</time>
        <hdop>3.8</hdop>
        <extensions>
          <osmand:speed>9.8</osmand:speed>
        </extensions>
      </trkpt>
      <trkpt lat="55.2867857" lon="25.8565953">
        <ele>176.9</ele>
        <time>2026-07-18T12:02:41Z</time>
        <hdop>4.4</hdop>
        <extensions>
          <osmand:speed>9.7</osmand:speed>
        </extensions>
      </trkpt>
      <trkpt lat="55.287444" lon="25.8569055">
        <ele>173.8</ele>
        <time>2026-07-18T12:02:47Z</time>
        <hdop>3.8</hdop>
        <extensions>
          <osmand:speed>11.5</osmand:speed>
        </extensions>
      </trkpt>
      <trkpt lat="55.2879702" lon="25.8576484">
        <ele>175.6</ele>
        <time>2026-07-18T12:02:53Z</time>
        <hdop>3.8</hdop>
        <extensions>
          <osmand:speed>13.1</osmand:speed>
        </extensions>
      </trkpt>
      <trkpt lat="55.2885083" lon="25.8583004">
        <ele>176</ele>
        <time>2026-07-18T12:02:59Z</time>
        <hdop>3.8</hdop>
        <extensions>
          <osmand:speed>11.9</osmand:speed>
        </extensions>
      </trkpt>
      <trkpt lat="55.2891251" lon="25.858875">
        <ele>176.8</ele>
        <time>2026-07-18T12:03:05Z</time>
        <hdop>3.8</hdop>
        <extensions>
          <osmand:speed>13.6</osmand:speed>
        </extensions>
      </trkpt>
      <trkpt lat="55.2897326" lon="25.8594805">
        <ele>178.4</ele>
        <time>2026-07-18T12:03:11Z</time>
        <hdop>3.8</hdop>
        <extensions>
          <osmand:speed>12.2</osmand:speed>
        </extensions>
      </trkpt>
      <trkpt lat="55.2904998" lon="25.8595516">
        <ele>179.5</ele>
        <time>2026-07-18T12:03:17Z</time>
        <hdop>3.8</hdop>
        <extensions>
          <osmand:speed>13.9</osmand:speed>
        </extensions>
      </trkpt>
      <trkpt lat="55.2912664" lon="25.8598338">
        <ele>181</ele>
        <time>2026-07-18T12:03:23Z</time>
        <hdop>4.1</hdop>
        <extensions>
          <osmand:speed>14.3</osmand:speed>
        </extensions>
      </trkpt>
      <trkpt lat="55.2919701" lon="25.8603812">
        <ele>181.5</ele>
        <time>2026-07-18T12:03:29Z</time>
        <hdop>4.1</hdop>
        <extensions>
          <osmand:speed>12.8</osmand:speed>
        </extensions>
      </trkpt>
      <trkpt lat="55.2927387" lon="25.8606402">
        <ele>179.8</ele>
        <time>2026-07-18T12:03:35Z</time>
        <hdop>3.9</hdop>
        <extensions>
          <osmand:speed>13.3</osmand:speed>
        </extensions>
      </trkpt>
      <trkpt lat="55.2935307" lon="25.8602722">
        <ele>178.9</ele>
        <time>2026-07-18T12:03:41Z</time>
        <hdop>3.8</hdop>
        <extensions>
          <osmand:speed>15.1</osmand:speed>
        </extensions>
      </trkpt>
      <trkpt lat="55.294254" lon="25.8603913">
        <ele>181.5</ele>
        <time>2026-07-18T12:03:47Z</time>
        <hdop>3.9</hdop>
        <extensions>
          <osmand:speed>13.3</osmand:speed>
        </extensions>
      </trkpt>
      <trkpt lat="55.2950363" lon="25.86078">
        <ele>178.7</ele>
        <time>2026-07-18T12:03:53Z</time>
        <hdop>4</hdop>
        <extensions>
          <osmand:speed>15.2</osmand:speed>
        </extensions>
      </trkpt>
      <trkpt lat="55.2956045" lon="25.8611657">
        <ele>179.3</ele>
        <time>2026-07-18T12:03:59Z</time>
        <hdop>3.9</hdop>
        <extensions>
          <osmand:speed>3.9</osmand:speed>
        </extensions>
      </trkpt>
      <trkpt lat="55.295964" lon="25.8613453">
        <ele>181.7</ele>
        <time>2026-07-18T12:04:05Z</time>
        <hdop>4</hdop>
        <extensions>
          <osmand:speed>8.1</osmand:speed>
        </extensions>
      </trkpt>
      <trkpt lat="55.2964712" lon="25.8617158">
        <ele>184.4</ele>
        <time>2026-07-18T12:04:11Z</time>
        <hdop>3.8</hdop>
        <extensions>
          <osmand:speed>10.4</osmand:speed>
        </extensions>
      </trkpt>
      <trkpt lat="55.296914" lon="25.8625378">
        <ele>180.7</ele>
        <time>2026-07-18T12:04:17Z</time>
        <hdop>3.8</hdop>
        <extensions>
          <osmand:speed>11.8</osmand:speed>
        </extensions>
      </trkpt>
      <trkpt lat="55.2971724" lon="25.8636536">
        <ele>180.4</ele>
        <time>2026-07-18T12:04:23Z</time>
        <hdop>3.8</hdop>
        <extensions>
          <osmand:speed>13.2</osmand:speed>
        </extensions>
      </trkpt>
      <trkpt lat="55.2973479" lon="25.8649497">
        <ele>179.2</ele>
        <time>2026-07-18T12:04:29Z</time>
        <hdop>3.8</hdop>
        <extensions>
          <osmand:speed>14.7</osmand:speed>
        </extensions>
      </trkpt>
      <trkpt lat="55.2974363" lon="25.8661742">
        <ele>180.7</ele>
        <time>2026-07-18T12:04:35Z</time>
        <hdop>3.8</hdop>
        <extensions>
          <osmand:speed>9.6</osmand:speed>
        </extensions>
      </trkpt>
      <trkpt lat="55.2974365" lon="25.8667454">
        <ele>180.6</ele>
        <time>2026-07-18T12:04:41Z</time>
        <hdop>3.8</hdop>
        <extensions>
          <osmand:speed>4.8</osmand:speed>
        </extensions>
      </trkpt>
      <trkpt lat="55.297432" lon="25.8671946">
        <ele>180.8</ele>
        <time>2026-07-18T12:04:47Z</time>
        <hdop>3.8</hdop>
        <extensions>
          <osmand:speed>5.6</osmand:speed>
        </extensions>
      </trkpt>
      <trkpt lat="55.2974239" lon="25.867881">
        <ele>180.8</ele>
        <time>2026-07-18T12:04:53Z</time>
        <hdop>3.8</hdop>
        <extensions>
          <osmand:speed>9</osmand:speed>
        </extensions>
      </trkpt>
      <trkpt lat="55.2973331" lon="25.8688453">
        <ele>179.6</ele>
        <time>2026-07-18T12:04:59Z</time>
        <hdop>3.8</hdop>
        <extensions>
          <osmand:speed>11.6</osmand:speed>
        </extensions>
      </trkpt>
      <trkpt lat="55.2971668" lon="25.869996">
        <ele>179.8</ele>
        <time>2026-07-18T12:05:05Z</time>
        <hdop>3.8</hdop>
        <extensions>
          <osmand:speed>13.4</osmand:speed>
        </extensions>
      </trkpt>
      <trkpt lat="55.2970307" lon="25.8711259">
        <ele>179.6</ele>
        <time>2026-07-18T12:05:11Z</time>
        <hdop>3.8</hdop>
        <extensions>
          <osmand:speed>11.3</osmand:speed>
        </extensions>
      </trkpt>
      <trkpt lat="55.2969982" lon="25.8720649">
        <ele>179.4</ele>
        <time>2026-07-18T12:05:17Z</time>
        <hdop>3.8</hdop>
        <extensions>
          <osmand:speed>9.9</osmand:speed>
        </extensions>
      </trkpt>
      <trkpt lat="55.2973855" lon="25.8725561">
        <ele>181.4</ele>
        <time>2026-07-18T12:05:23Z</time>
        <hdop>3.8</hdop>
        <extensions>
          <osmand:speed>9.6</osmand:speed>
        </extensions>
      </trkpt>
      <trkpt lat="55.2976554" lon="25.8734105">
        <ele>179.8</ele>
        <time>2026-07-18T12:05:29Z</time>
        <hdop>3.8</hdop>
        <extensions>
          <osmand:speed>10.7</osmand:speed>
        </extensions>
      </trkpt>
      <trkpt lat="55.2979203" lon="25.874205">
        <ele>182.8</ele>
        <time>2026-07-18T12:05:35Z</time>
        <hdop>3.8</hdop>
        <extensions>
          <osmand:speed>7.2</osmand:speed>
        </extensions>
      </trkpt>
      <trkpt lat="55.2980364" lon="25.8746424">
        <ele>183</ele>
        <time>2026-07-18T12:05:41Z</time>
        <hdop>3.8</hdop>
        <extensions>
          <osmand:speed>5.9</osmand:speed>
        </extensions>
      </trkpt>
      <trkpt lat="55.2979716" lon="25.8753141">
        <ele>182.1</ele>
        <time>2026-07-18T12:05:47Z</time>
        <hdop>3.8</hdop>
        <extensions>
          <osmand:speed>9.8</osmand:speed>
        </extensions>
      </trkpt>
      <trkpt lat="55.2979002" lon="25.8762576">
        <ele>183</ele>
        <time>2026-07-18T12:05:53Z</time>
        <hdop>3.8</hdop>
        <extensions>
          <osmand:speed>10.5</osmand:speed>
        </extensions>
      </trkpt>
      <trkpt lat="55.2982416" lon="25.8769935">
        <ele>181.9</ele>
        <time>2026-07-18T12:05:59Z</time>
        <hdop>3.8</hdop>
        <extensions>
          <osmand:speed>11.2</osmand:speed>
        </extensions>
      </trkpt>
      <trkpt lat="55.2986955" lon="25.877743">
        <ele>180.1</ele>
        <time>2026-07-18T12:06:05Z</time>
        <hdop>3.8</hdop>
        <extensions>
          <osmand:speed>12.2</osmand:speed>
        </extensions>
      </trkpt>
      <trkpt lat="55.2991663" lon="25.878529">
        <ele>179.9</ele>
        <time>2026-07-18T12:06:11Z</time>
        <hdop>3.8</hdop>
        <extensions>
          <osmand:speed>11.8</osmand:speed>
        </extensions>
      </trkpt>
      <trkpt lat="55.2993681" lon="25.8790327">
        <ele>178.7</ele>
        <time>2026-07-18T12:06:17Z</time>
        <hdop>3.8</hdop>
        <extensions>
          <osmand:speed>0.3</osmand:speed>
        </extensions>
      </trkpt>
      <trkpt lat="55.2993904" lon="25.879104">
        <ele>177.6</ele>
        <time>2026-07-18T12:06:40Z</time>
        <hdop>3.9</hdop>
        <extensions>
          <osmand:speed>0.7</osmand:speed>
        </extensions>
      </trkpt>
      <trkpt lat="55.2993876" lon="25.8797816">
        <ele>177.2</ele>
        <time>2026-07-18T12:06:46Z</time>
        <hdop>3.8</hdop>
        <extensions>
          <osmand:speed>8.8</osmand:speed>
        </extensions>
      </trkpt>
      <trkpt lat="55.2994351" lon="25.8807406">
        <ele>178</ele>
        <time>2026-07-18T12:06:52Z</time>
        <hdop>3.8</hdop>
        <extensions>
          <osmand:speed>9.8</osmand:speed>
        </extensions>
      </trkpt>
      <trkpt lat="55.2994538" lon="25.8816887">
        <ele>177.2</ele>
        <time>2026-07-18T12:06:58Z</time>
        <hdop>3.8</hdop>
        <extensions>
          <osmand:speed>10.4</osmand:speed>
        </extensions>
      </trkpt>
      <trkpt lat="55.299322" lon="25.8825396">
        <ele>176.3</ele>
        <time>2026-07-18T12:07:04Z</time>
        <hdop>3.8</hdop>
        <extensions>
          <osmand:speed>9.5</osmand:speed>
        </extensions>
      </trkpt>
      <trkpt lat="55.2991784" lon="25.8832428">
        <ele>175.1</ele>
        <time>2026-07-18T12:07:10Z</time>
        <hdop>3.8</hdop>
        <extensions>
          <osmand:speed>3.7</osmand:speed>
        </extensions>
      </trkpt>
      <trkpt lat="55.2991605" lon="25.8834173">
        <ele>176.3</ele>
        <time>2026-07-18T12:07:16Z</time>
        <hdop>3.8</hdop>
        <extensions>
          <osmand:speed>5.1</osmand:speed>
        </extensions>
      </trkpt>
      <trkpt lat="55.2990432" lon="25.8840494">
        <ele>175.8</ele>
        <time>2026-07-18T12:07:22Z</time>
        <hdop>3.8</hdop>
        <extensions>
          <osmand:speed>9.6</osmand:speed>
        </extensions>
      </trkpt>
      <trkpt lat="55.2989034" lon="25.8849556">
        <ele>175.7</ele>
        <time>2026-07-18T12:07:28Z</time>
        <hdop>3.8</hdop>
        <extensions>
          <osmand:speed>10.2</osmand:speed>
        </extensions>
      </trkpt>
      <trkpt lat="55.298831" lon="25.8860213">
        <ele>176.1</ele>
        <time>2026-07-18T12:07:34Z</time>
        <hdop>3.8</hdop>
        <extensions>
          <osmand:speed>11.4</osmand:speed>
        </extensions>
      </trkpt>
      <trkpt lat="55.2988282" lon="25.8870402">
        <ele>176.2</ele>
        <time>2026-07-18T12:07:40Z</time>
        <hdop>3.8</hdop>
        <extensions>
          <osmand:speed>9.8</osmand:speed>
        </extensions>
      </trkpt>
      <trkpt lat="55.2989678" lon="25.8880589">
        <ele>177.4</ele>
        <time>2026-07-18T12:07:46Z</time>
        <hdop>3.8</hdop>
        <extensions>
          <osmand:speed>12</osmand:speed>
        </extensions>
      </trkpt>
      <trkpt lat="55.2992798" lon="25.8889755">
        <ele>174.5</ele>
        <time>2026-07-18T12:07:52Z</time>
        <hdop>3.8</hdop>
        <extensions>
          <osmand:speed>12.1</osmand:speed>
        </extensions>
      </trkpt>
      <trkpt lat="55.299583" lon="25.8898669">
        <ele>176.2</ele>
        <time>2026-07-18T12:07:58Z</time>
        <hdop>3.8</hdop>
        <extensions>
          <osmand:speed>11.7</osmand:speed>
        </extensions>
      </trkpt>
      <trkpt lat="55.2995112" lon="25.890708">
        <ele>176.2</ele>
        <time>2026-07-18T12:08:04Z</time>
        <hdop>3.8</hdop>
        <extensions>
          <osmand:speed>5.6</osmand:speed>
        </extensions>
      </trkpt>
      <trkpt lat="55.2992531" lon="25.8913735">
        <ele>176.6</ele>
        <time>2026-07-18T12:08:10Z</time>
        <hdop>3.8</hdop>
        <extensions>
          <osmand:speed>10.3</osmand:speed>
        </extensions>
      </trkpt>
      <trkpt lat="55.2989353" lon="25.8921457">
        <ele>175.2</ele>
        <time>2026-07-18T12:08:16Z</time>
        <hdop>3.8</hdop>
        <extensions>
          <osmand:speed>10</osmand:speed>
        </extensions>
      </trkpt>
      <trkpt lat="55.2985459" lon="25.8927671">
        <ele>173.2</ele>
        <time>2026-07-18T12:08:22Z</time>
        <hdop>3.8</hdop>
        <extensions>
          <osmand:speed>7.7</osmand:speed>
        </extensions>
      </trkpt>
      <trkpt lat="55.2981229" lon="25.8934011">
        <ele>173.5</ele>
        <time>2026-07-18T12:08:28Z</time>
        <hdop>3.8</hdop>
        <extensions>
          <osmand:speed>10.7</osmand:speed>
        </extensions>
      </trkpt>
      <trkpt lat="55.2977474" lon="25.8939856">
        <ele>173.1</ele>
        <time>2026-07-18T12:08:34Z</time>
        <hdop>3.8</hdop>
        <extensions>
          <osmand:speed>7.8</osmand:speed>
        </extensions>
      </trkpt>
      <trkpt lat="55.2975845" lon="25.8941736">
        <ele>174.1</ele>
        <time>2026-07-18T12:08:40Z</time>
        <hdop>3.8</hdop>
        <extensions>
          <osmand:speed>0.8</osmand:speed>
        </extensions>
      </trkpt>
      <trkpt lat="55.2975506" lon="25.894231">
        <ele>174.7</ele>
        <time>2026-07-18T12:09:07Z</time>
        <hdop>3.8</hdop>
      </trkpt>
      <trkpt lat="55.2975507" lon="25.8943525">
        <ele>173.9</ele>
        <time>2026-07-18T12:09:13Z</time>
        <hdop>3.8</hdop>
        <extensions>
          <osmand:speed>1.7</osmand:speed>
        </extensions>
      </trkpt>
      <trkpt lat="55.2975742" lon="25.8945747">
        <ele>174</ele>
        <time>2026-07-18T12:09:19Z</time>
        <hdop>3.8</hdop>
        <extensions>
          <osmand:speed>2.8</osmand:speed>
        </extensions>
      </trkpt>
      <trkpt lat="55.2976323" lon="25.8948421">
        <ele>173.3</ele>
        <time>2026-07-18T12:09:25Z</time>
        <hdop>3.8</hdop>
        <extensions>
          <osmand:speed>3.1</osmand:speed>
        </extensions>
      </trkpt>
      <trkpt lat="55.2977752" lon="25.8950551">
        <ele>172.9</ele>
        <time>2026-07-18T12:09:31Z</time>
        <hdop>3.8</hdop>
        <extensions>
          <osmand:speed>3.9</osmand:speed>
        </extensions>
      </trkpt>
      <trkpt lat="55.2978761" lon="25.8953296">
        <ele>172.1</ele>
        <time>2026-07-18T12:09:37Z</time>
        <hdop>3.8</hdop>
        <extensions>
          <osmand:speed>2</osmand:speed>
        </extensions>
      </trkpt>
      <trkpt lat="55.2979624" lon="25.8955351">
        <ele>171.5</ele>
        <time>2026-07-18T12:09:43Z</time>
        <hdop>3.8</hdop>
        <extensions>
          <osmand:speed>1.2</osmand:speed>
        </extensions>
      </trkpt>
      <trkpt lat="55.298005" lon="25.8955761">
        <ele>172.7</ele>
        <time>2026-07-18T12:13:02Z</time>
        <hdop>3.8</hdop>
        <extensions>
          <osmand:speed>0.6</osmand:speed>
        </extensions>
      </trkpt>
      <trkpt lat="55.2980428" lon="25.8956368">
        <ele>172</ele>
        <time>2026-07-18T12:13:08Z</time>
        <hdop>3.8</hdop>
        <extensions>
          <osmand:speed>1</osmand:speed>
        </extensions>
      </trkpt>
      <trkpt lat="55.2980752" lon="25.895692">
        <ele>172.9</ele>
        <time>2026-07-18T12:13:59Z</time>
        <hdop>3.8</hdop>
        <extensions>
          <osmand:speed>0.3</osmand:speed>
        </extensions>
      </trkpt>
      <trkpt lat="55.298115" lon="25.8957383">
        <ele>173.4</ele>
        <time>2026-07-18T12:14:25Z</time>
        <hdop>3.8</hdop>
        <extensions>
          <osmand:speed>0.4</osmand:speed>
        </extensions>
      </trkpt>
      <trkpt lat="55.2981523" lon="25.895841">
        <ele>172.2</ele>
        <time>2026-07-18T12:14:31Z</time>
        <hdop>3.8</hdop>
        <extensions>
          <osmand:speed>0.8</osmand:speed>
        </extensions>
      </trkpt>
      <trkpt lat="55.2981238" lon="25.8957772">
        <ele>173.5</ele>
        <time>2026-07-18T12:14:49Z</time>
        <hdop>3.8</hdop>
        <extensions>
          <osmand:speed>0.7</osmand:speed>
        </extensions>
      </trkpt>
      <trkpt lat="55.2981643" lon="25.8958211">
        <ele>172.9</ele>
        <time>2026-07-18T12:15:50Z</time>
        <hdop>3.8</hdop>
        <extensions>
          <osmand:speed>0.4</osmand:speed>
        </extensions>
      </trkpt>
      <trkpt lat="55.2982316" lon="25.8958472">
        <ele>172.5</ele>
        <time>2026-07-18T12:16:32Z</time>
        <hdop>3.8</hdop>
        <extensions>
          <osmand:speed>3.1</osmand:speed>
        </extensions>
      </trkpt>
      <trkpt lat="55.2984378" lon="25.8959558">
        <ele>172.6</ele>
        <time>2026-07-18T12:16:38Z</time>
        <hdop>3.8</hdop>
        <extensions>
          <osmand:speed>3.5</osmand:speed>
        </extensions>
      </trkpt>
      <trkpt lat="55.2987269" lon="25.8960431">
        <ele>173.3</ele>
        <time>2026-07-18T12:16:44Z</time>
        <hdop>3.8</hdop>
        <extensions>
          <osmand:speed>7.2</osmand:speed>
        </extensions>
      </trkpt>
      <trkpt lat="55.2991048" lon="25.895908">
        <ele>173.7</ele>
        <time>2026-07-18T12:16:50Z</time>
        <hdop>3.8</hdop>
        <extensions>
          <osmand:speed>7.1</osmand:speed>
        </extensions>
      </trkpt>
      <trkpt lat="55.2994301" lon="25.8957452">
        <ele>173.1</ele>
        <time>2026-07-18T12:16:56Z</time>
        <hdop>3.8</hdop>
        <extensions>
          <osmand:speed>5.9</osmand:speed>
        </extensions>
      </trkpt>
      <trkpt lat="55.2995824" lon="25.8956747">
        <ele>174.3</ele>
        <time>2026-07-18T12:17:02Z</time>
        <hdop>3.8</hdop>
      </trkpt>
      <trkpt lat="55.2995873" lon="25.8957733">
        <ele>174.5</ele>
        <time>2026-07-18T12:17:22Z</time>
        <hdop>3.8</hdop>
        <extensions>
          <osmand:speed>2.2</osmand:speed>
        </extensions>
      </trkpt>
      <trkpt lat="55.2995479" lon="25.8962682">
        <ele>172.1</ele>
        <time>2026-07-18T12:17:28Z</time>
        <hdop>3.8</hdop>
        <extensions>
          <osmand:speed>8.9</osmand:speed>
        </extensions>
      </trkpt>
      <trkpt lat="55.2999231" lon="25.8969218">
        <ele>174.3</ele>
        <time>2026-07-18T12:17:34Z</time>
        <hdop>4.2</hdop>
        <extensions>
          <osmand:speed>10.1</osmand:speed>
        </extensions>
      </trkpt>
      <trkpt lat="55.300465" lon="25.8973915">
        <ele>178.9</ele>
        <time>2026-07-18T12:17:40Z</time>
        <hdop>3.8</hdop>
        <extensions>
          <osmand:speed>11.1</osmand:speed>
        </extensions>
      </trkpt>
      <trkpt lat="55.3009713" lon="25.8981036">
        <ele>177.2</ele>
        <time>2026-07-18T12:17:46Z</time>
        <hdop>3.8</hdop>
        <extensions>
          <osmand:speed>11.7</osmand:speed>
        </extensions>
      </trkpt>
      <trkpt lat="55.3011618" lon="25.8991292">
        <ele>176.9</ele>
        <time>2026-07-18T12:17:52Z</time>
        <hdop>3.8</hdop>
        <extensions>
          <osmand:speed>13.4</osmand:speed>
        </extensions>
      </trkpt>
      <trkpt lat="55.3011898" lon="25.9002819">
        <ele>177.2</ele>
        <time>2026-07-18T12:17:58Z</time>
        <hdop>3.8</hdop>
        <extensions>
          <osmand:speed>11.9</osmand:speed>
        </extensions>
      </trkpt>
      <trkpt lat="55.3010981" lon="25.9012012">
        <ele>175.2</ele>
        <time>2026-07-18T12:18:04Z</time>
        <hdop>3.8</hdop>
        <extensions>
          <osmand:speed>5.1</osmand:speed>
        </extensions>
      </trkpt>
      <trkpt lat="55.3010516" lon="25.9015723">
        <ele>176</ele>
        <time>2026-07-18T12:18:10Z</time>
        <hdop>3.8</hdop>
        <extensions>
          <osmand:speed>4.7</osmand:speed>
        </extensions>
      </trkpt>
      <trkpt lat="55.3011073" lon="25.9017236">
        <ele>175.6</ele>
        <time>2026-07-18T12:18:16Z</time>
        <hdop>3.8</hdop>
        <extensions>
          <osmand:speed>1.3</osmand:speed>
        </extensions>
      </trkpt>
      <trkpt lat="55.301175" lon="25.9017505">
        <ele>177.8</ele>
        <time>2026-07-18T12:18:33Z</time>
        <hdop>3.8</hdop>
        <extensions>
          <osmand:speed>2.7</osmand:speed>
        </extensions>
      </trkpt>
      <trkpt lat="55.3014006" lon="25.9019904">
        <ele>177.6</ele>
        <time>2026-07-18T12:18:39Z</time>
        <hdop>3.8</hdop>
        <extensions>
          <osmand:speed>5.4</osmand:speed>
        </extensions>
      </trkpt>
      <trkpt lat="55.3015789" lon="25.902354">
        <ele>178.3</ele>
        <time>2026-07-18T12:18:45Z</time>
        <hdop>3.8</hdop>
        <extensions>
          <osmand:speed>4.8</osmand:speed>
        </extensions>
      </trkpt>
      <trkpt lat="55.3018209" lon="25.9026137">
        <ele>176.7</ele>
        <time>2026-07-18T12:18:51Z</time>
        <hdop>3.8</hdop>
        <extensions>
          <osmand:speed>5.4</osmand:speed>
        </extensions>
      </trkpt>
      <trkpt lat="55.3020994" lon="25.9028594">
        <ele>176</ele>
        <time>2026-07-18T12:18:57Z</time>
        <hdop>3.8</hdop>
        <extensions>
          <osmand:speed>6.3</osmand:speed>
        </extensions>
      </trkpt>
      <trkpt lat="55.3024503" lon="25.9030193">
        <ele>176.1</ele>
        <time>2026-07-18T12:19:03Z</time>
        <hdop>3.8</hdop>
        <extensions>
          <osmand:speed>7.3</osmand:speed>
        </extensions>
      </trkpt>
      <trkpt lat="55.3028385" lon="25.9033027">
        <ele>176.9</ele>
        <time>2026-07-18T12:19:09Z</time>
        <hdop>3.8</hdop>
        <extensions>
          <osmand:speed>8.9</osmand:speed>
        </extensions>
      </trkpt>
      <trkpt lat="55.3032272" lon="25.9037658">
        <ele>178.7</ele>
        <time>2026-07-18T12:19:15Z</time>
        <hdop>3.8</hdop>
        <extensions>
          <osmand:speed>8.5</osmand:speed>
        </extensions>
      </trkpt>
      <trkpt lat="55.3036105" lon="25.9042283">
        <ele>179.6</ele>
        <time>2026-07-18T12:19:21Z</time>
        <hdop>3.8</hdop>
        <extensions>
          <osmand:speed>9.1</osmand:speed>
        </extensions>
      </trkpt>
      <trkpt lat="55.3040338" lon="25.9047665">
        <ele>180.5</ele>
        <time>2026-07-18T12:19:27Z</time>
        <hdop>3.8</hdop>
        <extensions>
          <osmand:speed>10</osmand:speed>
        </extensions>
      </trkpt>
      <trkpt lat="55.3042747" lon="25.9052578">
        <ele>182.1</ele>
        <time>2026-07-18T12:19:33Z</time>
        <hdop>3.8</hdop>
        <extensions>
          <osmand:speed>5.2</osmand:speed>
        </extensions>
      </trkpt>
      <trkpt lat="55.3043712" lon="25.9056168">
        <ele>181.7</ele>
        <time>2026-07-18T12:19:39Z</time>
        <hdop>3.8</hdop>
        <extensions>
          <osmand:speed>3.3</osmand:speed>
        </extensions>
      </trkpt>
      <trkpt lat="55.3045262" lon="25.9062067">
        <ele>178.7</ele>
        <time>2026-07-18T12:19:45Z</time>
        <hdop>3.8</hdop>
        <extensions>
          <osmand:speed>9.1</osmand:speed>
        </extensions>
      </trkpt>
      <trkpt lat="55.3048248" lon="25.906916">
        <ele>179.1</ele>
        <time>2026-07-18T12:19:51Z</time>
        <hdop>3.8</hdop>
        <extensions>
          <osmand:speed>9.5</osmand:speed>
        </extensions>
      </trkpt>
      <trkpt lat="55.3049782" lon="25.9078184">
        <ele>177.6</ele>
        <time>2026-07-18T12:19:57Z</time>
        <hdop>3.8</hdop>
        <extensions>
          <osmand:speed>10.6</osmand:speed>
        </extensions>
      </trkpt>
      <trkpt lat="55.3051044" lon="25.908718">
        <ele>176.5</ele>
        <time>2026-07-18T12:20:03Z</time>
        <hdop>3.8</hdop>
        <extensions>
          <osmand:speed>9.5</osmand:speed>
        </extensions>
      </trkpt>
      <trkpt lat="55.3051116" lon="25.9090061">
        <ele>177.6</ele>
        <time>2026-07-18T12:20:09Z</time>
        <hdop>3.8</hdop>
      </trkpt>
      <trkpt lat="55.3051312" lon="25.9091284">
        <ele>179.5</ele>
        <time>2026-07-18T12:20:15Z</time>
        <hdop>3.8</hdop>
        <extensions>
          <osmand:speed>2.6</osmand:speed>
        </extensions>
      </trkpt>
      <trkpt lat="55.3051737" lon="25.9095779">
        <ele>178.5</ele>
        <time>2026-07-18T12:20:21Z</time>
        <hdop>3.8</hdop>
        <extensions>
          <osmand:speed>6.6</osmand:speed>
        </extensions>
      </trkpt>
      <trkpt lat="55.3052695" lon="25.910215">
        <ele>179.1</ele>
        <time>2026-07-18T12:20:27Z</time>
        <hdop>3.8</hdop>
        <extensions>
          <osmand:speed>7.6</osmand:speed>
        </extensions>
      </trkpt>
      <trkpt lat="55.3052273" lon="25.9109348">
        <ele>178.6</ele>
        <time>2026-07-18T12:20:33Z</time>
        <hdop>3.8</hdop>
        <extensions>
          <osmand:speed>5.7</osmand:speed>
        </extensions>
      </trkpt>
      <trkpt lat="55.3052468" lon="25.9116392">
        <ele>178.9</ele>
        <time>2026-07-18T12:20:39Z</time>
        <hdop>3.8</hdop>
        <extensions>
          <osmand:speed>8.6</osmand:speed>
        </extensions>
      </trkpt>
      <trkpt lat="55.305326" lon="25.9125119">
        <ele>176.9</ele>
        <time>2026-07-18T12:20:45Z</time>
        <hdop>3.8</hdop>
        <extensions>
          <osmand:speed>9.4</osmand:speed>
        </extensions>
      </trkpt>
      <trkpt lat="55.3054642" lon="25.9133086">
        <ele>176.6</ele>
        <time>2026-07-18T12:20:51Z</time>
        <hdop>3.8</hdop>
        <extensions>
          <osmand:speed>10.7</osmand:speed>
        </extensions>
      </trkpt>
      <trkpt lat="55.3056063" lon="25.9142705">
        <ele>176.8</ele>
        <time>2026-07-18T12:20:57Z</time>
        <hdop>3.8</hdop>
        <extensions>
          <osmand:speed>10.5</osmand:speed>
        </extensions>
      </trkpt>
      <trkpt lat="55.3056536" lon="25.9151631">
        <ele>179.4</ele>
        <time>2026-07-18T12:21:03Z</time>
        <hdop>3.8</hdop>
        <extensions>
          <osmand:speed>9.9</osmand:speed>
        </extensions>
      </trkpt>
      <trkpt lat="55.3058149" lon="25.9160889">
        <ele>180.1</ele>
        <time>2026-07-18T12:21:09Z</time>
        <hdop>3.8</hdop>
        <extensions>
          <osmand:speed>9.7</osmand:speed>
        </extensions>
      </trkpt>
      <trkpt lat="55.3061458" lon="25.9168443">
        <ele>180.1</ele>
        <time>2026-07-18T12:21:15Z</time>
        <hdop>3.8</hdop>
        <extensions>
          <osmand:speed>9.1</osmand:speed>
        </extensions>
      </trkpt>
      <trkpt lat="55.3065848" lon="25.9174808">
        <ele>181</ele>
        <time>2026-07-18T12:21:21Z</time>
        <hdop>3.8</hdop>
        <extensions>
          <osmand:speed>11.1</osmand:speed>
        </extensions>
      </trkpt>
      <trkpt lat="55.3071195" lon="25.9181148">
        <ele>181.1</ele>
        <time>2026-07-18T12:21:27Z</time>
        <hdop>3.8</hdop>
        <extensions>
          <osmand:speed>13.2</osmand:speed>
        </extensions>
      </trkpt>
      <trkpt lat="55.3077251" lon="25.9188326">
        <ele>182.1</ele>
        <time>2026-07-18T12:21:33Z</time>
        <hdop>3.8</hdop>
        <extensions>
          <osmand:speed>14.4</osmand:speed>
        </extensions>
      </trkpt>
      <trkpt lat="55.3082429" lon="25.9197119">
        <ele>181.7</ele>
        <time>2026-07-18T12:21:39Z</time>
        <hdop>3.8</hdop>
        <extensions>
          <osmand:speed>14.4</osmand:speed>
        </extensions>
      </trkpt>
      <trkpt lat="55.3087287" lon="25.9208801">
        <ele>178.6</ele>
        <time>2026-07-18T12:21:45Z</time>
        <hdop>3.8</hdop>
        <extensions>
          <osmand:speed>16.2</osmand:speed>
        </extensions>
      </trkpt>
      <trkpt lat="55.3091568" lon="25.9221523">
        <ele>178.1</ele>
        <time>2026-07-18T12:21:51Z</time>
        <hdop>3.8</hdop>
        <extensions>
          <osmand:speed>15.5</osmand:speed>
        </extensions>
      </trkpt>
      <trkpt lat="55.3096674" lon="25.9233283">
        <ele>177.3</ele>
        <time>2026-07-18T12:21:57Z</time>
        <hdop>3.8</hdop>
        <extensions>
          <osmand:speed>16.1</osmand:speed>
        </extensions>
      </trkpt>
      <trkpt lat="55.3100683" lon="25.9245503">
        <ele>179.6</ele>
        <time>2026-07-18T12:22:03Z</time>
        <hdop>3.8</hdop>
        <extensions>
          <osmand:speed>12.8</osmand:speed>
        </extensions>
      </trkpt>
      <trkpt lat="55.3103379" lon="25.9255633">
        <ele>179.4</ele>
        <time>2026-07-18T12:22:09Z</time>
        <hdop>3.8</hdop>
        <extensions>
          <osmand:speed>11.8</osmand:speed>
        </extensions>
      </trkpt>
      <trkpt lat="55.310371" lon="25.9267845">
        <ele>180.9</ele>
        <time>2026-07-18T12:22:15Z</time>
        <hdop>3.8</hdop>
        <extensions>
          <osmand:speed>13.4</osmand:speed>
        </extensions>
      </trkpt>
      <trkpt lat="55.3104369" lon="25.9281229">
        <ele>177.9</ele>
        <time>2026-07-18T12:22:21Z</time>
        <hdop>3.8</hdop>
        <extensions>
          <osmand:speed>15</osmand:speed>
        </extensions>
      </trkpt>
      <trkpt lat="55.3106022" lon="25.9295868">
        <ele>174.9</ele>
        <time>2026-07-18T12:22:27Z</time>
        <hdop>3.8</hdop>
        <extensions>
          <osmand:speed>15.1</osmand:speed>
        </extensions>
      </trkpt>
      <trkpt lat="55.3108834" lon="25.9309058">
        <ele>175.6</ele>
        <time>2026-07-18T12:22:33Z</time>
        <hdop>3.8</hdop>
        <extensions>
          <osmand:speed>14.8</osmand:speed>
        </extensions>
      </trkpt>
      <trkpt lat="55.3109045" lon="25.9323465">
        <ele>173.6</ele>
        <time>2026-07-18T12:22:39Z</time>
        <hdop>3.8</hdop>
        <extensions>
          <osmand:speed>15.4</osmand:speed>
        </extensions>
      </trkpt>
      <trkpt lat="55.3109919" lon="25.9337674">
        <ele>173.4</ele>
        <time>2026-07-18T12:22:45Z</time>
        <hdop>3.8</hdop>
        <extensions>
          <osmand:speed>14.6</osmand:speed>
        </extensions>
      </trkpt>
      <trkpt lat="55.311407" lon="25.9349491">
        <ele>174.2</ele>
        <time>2026-07-18T12:22:51Z</time>
        <hdop>3.9</hdop>
        <extensions>
          <osmand:speed>15.4</osmand:speed>
        </extensions>
      </trkpt>
      <trkpt lat="55.3118922" lon="25.9359919">
        <ele>178.7</ele>
        <time>2026-07-18T12:22:57Z</time>
        <hdop>3.8</hdop>
        <extensions>
          <osmand:speed>13.9</osmand:speed>
        </extensions>
      </trkpt>
      <trkpt lat="55.3122492" lon="25.9367706">
        <ele>181</ele>
        <time>2026-07-18T12:23:03Z</time>
        <hdop>3.8</hdop>
        <extensions>
          <osmand:speed>7.9</osmand:speed>
        </extensions>
      </trkpt>
      <trkpt lat="55.3124491" lon="25.9372151">
        <ele>182.4</ele>
        <time>2026-07-18T12:23:09Z</time>
        <hdop>3.8</hdop>
        <extensions>
          <osmand:speed>4.4</osmand:speed>
        </extensions>
      </trkpt>
      <trkpt lat="55.3125192" lon="25.9374065">
        <ele>182.3</ele>
        <time>2026-07-18T12:23:15Z</time>
        <hdop>3.8</hdop>
      </trkpt>
      <trkpt lat="55.3125495" lon="25.9374844">
        <ele>183.2</ele>
        <time>2026-07-18T12:25:16Z</time>
        <hdop>3.8</hdop>
        <extensions>
          <osmand:speed>2.9</osmand:speed>
        </extensions>
      </trkpt>
      <trkpt lat="55.312816" lon="25.9380612">
        <ele>182.6</ele>
        <time>2026-07-18T12:25:22Z</time>
        <hdop>3.8</hdop>
        <extensions>
          <osmand:speed>9.9</osmand:speed>
        </extensions>
      </trkpt>
      <trkpt lat="55.3131826" lon="25.9388314">
        <ele>182.3</ele>
        <time>2026-07-18T12:25:28Z</time>
        <hdop>3.8</hdop>
        <extensions>
          <osmand:speed>10.5</osmand:speed>
        </extensions>
      </trkpt>
      <trkpt lat="55.3135657" lon="25.9396484">
        <ele>182.8</ele>
        <time>2026-07-18T12:25:34Z</time>
        <hdop>3.8</hdop>
        <extensions>
          <osmand:speed>11.4</osmand:speed>
        </extensions>
      </trkpt>
      <trkpt lat="55.3140268" lon="25.9404486">
        <ele>179.9</ele>
        <time>2026-07-18T12:25:40Z</time>
        <hdop>3.8</hdop>
        <extensions>
          <osmand:speed>12.9</osmand:speed>
        </extensions>
      </trkpt>
      <trkpt lat="55.3145589" lon="25.9412746">
        <ele>176.4</ele>
        <time>2026-07-18T12:25:46Z</time>
        <hdop>3.8</hdop>
        <extensions>
          <osmand:speed>13.2</osmand:speed>
        </extensions>
      </trkpt>
      <trkpt lat="55.3150734" lon="25.942084">
        <ele>175.6</ele>
        <time>2026-07-18T12:25:52Z</time>
        <hdop>3.8</hdop>
        <extensions>
          <osmand:speed>11.7</osmand:speed>
        </extensions>
      </trkpt>
      <trkpt lat="55.3155762" lon="25.9427402">
        <ele>176.6</ele>
        <time>2026-07-18T12:25:58Z</time>
        <hdop>3.8</hdop>
        <extensions>
          <osmand:speed>12.6</osmand:speed>
        </extensions>
      </trkpt>
      <trkpt lat="55.3161523" lon="25.9432741">
        <ele>182.4</ele>
        <time>2026-07-18T12:26:04Z</time>
        <hdop>3.8</hdop>
        <extensions>
          <osmand:speed>11.9</osmand:speed>
        </extensions>
      </trkpt>
      <trkpt lat="55.316744" lon="25.9435929">
        <ele>186.4</ele>
        <time>2026-07-18T12:26:10Z</time>
        <hdop>3.8</hdop>
        <extensions>
          <osmand:speed>10</osmand:speed>
        </extensions>
      </trkpt>
      <trkpt lat="55.316955" lon="25.9438914">
        <ele>185.3</ele>
        <time>2026-07-18T12:26:16Z</time>
        <hdop>3.8</hdop>
        <extensions>
          <osmand:speed>3.3</osmand:speed>
        </extensions>
      </trkpt>
      <trkpt lat="55.3167348" lon="25.9445114">
        <ele>183.3</ele>
        <time>2026-07-18T12:26:22Z</time>
        <hdop>3.8</hdop>
        <extensions>
          <osmand:speed>10.6</osmand:speed>
        </extensions>
      </trkpt>
      <trkpt lat="55.3164722" lon="25.9454496">
        <ele>179.4</ele>
        <time>2026-07-18T12:26:28Z</time>
        <hdop>3.8</hdop>
        <extensions>
          <osmand:speed>11.8</osmand:speed>
        </extensions>
      </trkpt>
      <trkpt lat="55.3164769" lon="25.9465654">
        <ele>178.3</ele>
        <time>2026-07-18T12:26:34Z</time>
        <hdop>3.8</hdop>
        <extensions>
          <osmand:speed>12</osmand:speed>
        </extensions>
      </trkpt>
      <trkpt lat="55.3167373" lon="25.9476492">
        <ele>179.7</ele>
        <time>2026-07-18T12:26:40Z</time>
        <hdop>3.8</hdop>
        <extensions>
          <osmand:speed>12.8</osmand:speed>
        </extensions>
      </trkpt>
      <trkpt lat="55.3169793" lon="25.9487596">
        <ele>177.5</ele>
        <time>2026-07-18T12:26:46Z</time>
        <hdop>3.8</hdop>
        <extensions>
          <osmand:speed>13</osmand:speed>
        </extensions>
      </trkpt>
      <trkpt lat="55.3172314" lon="25.949875">
        <ele>176.1</ele>
        <time>2026-07-18T12:26:52Z</time>
        <hdop>3.8</hdop>
        <extensions>
          <osmand:speed>12.3</osmand:speed>
        </extensions>
      </trkpt>
      <trkpt lat="55.3174601" lon="25.9509723">
        <ele>177.2</ele>
        <time>2026-07-18T12:26:58Z</time>
        <hdop>3.8</hdop>
        <extensions>
          <osmand:speed>13</osmand:speed>
        </extensions>
      </trkpt>
      <trkpt lat="55.317704" lon="25.9520976">
        <ele>176.4</ele>
        <time>2026-07-18T12:27:04Z</time>
        <hdop>3.8</hdop>
        <extensions>
          <osmand:speed>12.5</osmand:speed>
        </extensions>
      </trkpt>
      <trkpt lat="55.3179122" lon="25.9530644">
        <ele>176.5</ele>
        <time>2026-07-18T12:27:10Z</time>
        <hdop>3.8</hdop>
        <extensions>
          <osmand:speed>8.9</osmand:speed>
        </extensions>
      </trkpt>
      <trkpt lat="55.3180422" lon="25.9536235">
        <ele>177.9</ele>
        <time>2026-07-18T12:27:16Z</time>
        <hdop>3.8</hdop>
        <extensions>
          <osmand:speed>6.7</osmand:speed>
        </extensions>
      </trkpt>
      <trkpt lat="55.3182057" lon="25.9542564">
        <ele>179</ele>
        <time>2026-07-18T12:27:22Z</time>
        <hdop>3.8</hdop>
        <extensions>
          <osmand:speed>6.5</osmand:speed>
        </extensions>
      </trkpt>
      <trkpt lat="55.3183086" lon="25.9546468">
        <ele>178.8</ele>
        <time>2026-07-18T12:27:28Z</time>
        <hdop>3.8</hdop>
        <extensions>
          <osmand:speed>1.4</osmand:speed>
        </extensions>
      </trkpt>
      <trkpt lat="55.3183645" lon="25.9546983">
        <ele>178.9</ele>
        <time>2026-07-18T12:28:22Z</time>
        <hdop>3.8</hdop>
        <extensions>
          <osmand:speed>5.6</osmand:speed>
        </extensions>
      </trkpt>
      <trkpt lat="55.318844" lon="25.9544343">
        <ele>177.7</ele>
        <time>2026-07-18T12:28:28Z</time>
        <hdop>3.8</hdop>
        <extensions>
          <osmand:speed>11.8</osmand:speed>
        </extensions>
      </trkpt>
      <trkpt lat="55.3192547" lon="25.9542944">
        <ele>177.9</ele>
        <time>2026-07-18T12:28:34Z</time>
        <hdop>3.8</hdop>
        <extensions>
          <osmand:speed>4.9</osmand:speed>
        </extensions>
      </trkpt>
      <trkpt lat="55.3193535" lon="25.9542686">
        <ele>178</ele>
        <time>2026-07-18T12:28:40Z</time>
        <hdop>3.8</hdop>
      </trkpt>
      <trkpt lat="55.3195005" lon="25.954231">
        <ele>177.7</ele>
        <time>2026-07-18T12:28:46Z</time>
        <hdop>3.8</hdop>
        <extensions>
          <osmand:speed>6.8</osmand:speed>
        </extensions>
      </trkpt>
      <trkpt lat="55.3199791" lon="25.9542031">
        <ele>175.5</ele>
        <time>2026-07-18T12:28:52Z</time>
        <hdop>3.8</hdop>
        <extensions>
          <osmand:speed>9.6</osmand:speed>
        </extensions>
      </trkpt>
      <trkpt lat="55.3204934" lon="25.9542088">
        <ele>174.7</ele>
        <time>2026-07-18T12:28:58Z</time>
        <hdop>3.8</hdop>
        <extensions>
          <osmand:speed>8.4</osmand:speed>
        </extensions>
      </trkpt>
      <trkpt lat="55.3206922" lon="25.9546325">
        <ele>175.1</ele>
        <time>2026-07-18T12:29:04Z</time>
        <hdop>3.8</hdop>
        <extensions>
          <osmand:speed>7.5</osmand:speed>
        </extensions>
      </trkpt>
      <trkpt lat="55.3206795" lon="25.9554875">
        <ele>177.2</ele>
        <time>2026-07-18T12:29:10Z</time>
        <hdop>3.8</hdop>
        <extensions>
          <osmand:speed>10.6</osmand:speed>
        </extensions>
      </trkpt>
      <trkpt lat="55.3206601" lon="25.9565004">
        <ele>179.8</ele>
        <time>2026-07-18T12:29:16Z</time>
        <hdop>3.8</hdop>
        <extensions>
          <osmand:speed>11.3</osmand:speed>
        </extensions>
      </trkpt>
      <trkpt lat="55.3208624" lon="25.9574963">
        <ele>177</ele>
        <time>2026-07-18T12:29:22Z</time>
        <hdop>3.8</hdop>
        <extensions>
          <osmand:speed>11.7</osmand:speed>
        </extensions>
      </trkpt>
      <trkpt lat="55.3212355" lon="25.9584478">
        <ele>175.5</ele>
        <time>2026-07-18T12:29:28Z</time>
        <hdop>3.8</hdop>
        <extensions>
          <osmand:speed>11.3</osmand:speed>
        </extensions>
      </trkpt>
      <trkpt lat="55.3216045" lon="25.9590746">
        <ele>177.2</ele>
        <time>2026-07-18T12:29:34Z</time>
        <hdop>3.8</hdop>
        <extensions>
          <osmand:speed>11.7</osmand:speed>
        </extensions>
      </trkpt>
      <trkpt lat="55.3221938" lon="25.9594836">
        <ele>181.3</ele>
        <time>2026-07-18T12:29:40Z</time>
        <hdop>3.8</hdop>
        <extensions>
          <osmand:speed>11.2</osmand:speed>
        </extensions>
      </trkpt>
      <trkpt lat="55.3228786" lon="25.9595053">
        <ele>180.6</ele>
        <time>2026-07-18T12:29:46Z</time>
        <hdop>3.8</hdop>
        <extensions>
          <osmand:speed>13.3</osmand:speed>
        </extensions>
      </trkpt>
      <trkpt lat="55.3236236" lon="25.9599723">
        <ele>178.1</ele>
        <time>2026-07-18T12:29:52Z</time>
        <hdop>3.8</hdop>
        <extensions>
          <osmand:speed>14.9</osmand:speed>
        </extensions>
      </trkpt>
      <trkpt lat="55.3243427" lon="25.960504">
        <ele>178.9</ele>
        <time>2026-07-18T12:29:58Z</time>
        <hdop>3.8</hdop>
        <extensions>
          <osmand:speed>13.3</osmand:speed>
        </extensions>
      </trkpt>
      <trkpt lat="55.3249885" lon="25.9607759">
        <ele>180</ele>
        <time>2026-07-18T12:30:04Z</time>
        <hdop>3.8</hdop>
        <extensions>
          <osmand:speed>13.4</osmand:speed>
        </extensions>
      </trkpt>
      <trkpt lat="55.3257791" lon="25.960893">
        <ele>179.9</ele>
        <time>2026-07-18T12:30:10Z</time>
        <hdop>3.8</hdop>
        <extensions>
          <osmand:speed>17.4</osmand:speed>
        </extensions>
      </trkpt>
      <trkpt lat="55.3267422" lon="25.9614105">
        <ele>179.4</ele>
        <time>2026-07-18T12:30:16Z</time>
        <hdop>3.8</hdop>
        <extensions>
          <osmand:speed>19.8</osmand:speed>
        </extensions>
      </trkpt>
      <trkpt lat="55.3277647" lon="25.9620372">
        <ele>184.4</ele>
        <time>2026-07-18T12:30:22Z</time>
        <hdop>3.8</hdop>
        <extensions>
          <osmand:speed>20.1</osmand:speed>
        </extensions>
      </trkpt>
      <trkpt lat="55.3287683" lon="25.9627306">
        <ele>185.5</ele>
        <time>2026-07-18T12:30:28Z</time>
        <hdop>3.8</hdop>
        <extensions>
          <osmand:speed>19.8</osmand:speed>
        </extensions>
      </trkpt>
      <trkpt lat="55.3298092" lon="25.9630193">
        <ele>183</ele>
        <time>2026-07-18T12:30:34Z</time>
        <hdop>3.8</hdop>
        <extensions>
          <osmand:speed>18.7</osmand:speed>
        </extensions>
      </trkpt>
      <trkpt lat="55.33069" lon="25.9637276">
        <ele>184.3</ele>
        <time>2026-07-18T12:30:40Z</time>
        <hdop>3.8</hdop>
        <extensions>
          <osmand:speed>17.3</osmand:speed>
        </extensions>
      </trkpt>
      <trkpt lat="55.3314971" lon="25.9644915">
        <ele>186.6</ele>
        <time>2026-07-18T12:30:46Z</time>
        <hdop>3.8</hdop>
        <extensions>
          <osmand:speed>18.4</osmand:speed>
        </extensions>
      </trkpt>
      <trkpt lat="55.3324262" lon="25.9652923">
        <ele>187.6</ele>
        <time>2026-07-18T12:30:52Z</time>
        <hdop>3.8</hdop>
        <extensions>
          <osmand:speed>19.9</osmand:speed>
        </extensions>
      </trkpt>
      <trkpt lat="55.3333676" lon="25.966051">
        <ele>192</ele>
        <time>2026-07-18T12:30:58Z</time>
        <hdop>3.8</hdop>
        <extensions>
          <osmand:speed>18.1</osmand:speed>
        </extensions>
      </trkpt>
      <trkpt lat="55.3342525" lon="25.9669209">
        <ele>193.1</ele>
        <time>2026-07-18T12:31:04Z</time>
        <hdop>3.8</hdop>
        <extensions>
          <osmand:speed>18.8</osmand:speed>
        </extensions>
      </trkpt>
      <trkpt lat="55.335104" lon="25.9673386">
        <ele>192.5</ele>
        <time>2026-07-18T12:31:10Z</time>
        <hdop>3.8</hdop>
        <extensions>
          <osmand:speed>17.9</osmand:speed>
        </extensions>
      </trkpt>
      <trkpt lat="55.3360469" lon="25.9677534">
        <ele>194.9</ele>
        <time>2026-07-18T12:31:16Z</time>
        <hdop>3.8</hdop>
        <extensions>
          <osmand:speed>18</osmand:speed>
        </extensions>
      </trkpt>
      <trkpt lat="55.3369227" lon="25.9684147">
        <ele>197.1</ele>
        <time>2026-07-18T12:31:22Z</time>
        <hdop>3.8</hdop>
        <extensions>
          <osmand:speed>16.2</osmand:speed>
        </extensions>
      </trkpt>
      <trkpt lat="55.3376948" lon="25.9692101">
        <ele>193.5</ele>
        <time>2026-07-18T12:31:28Z</time>
        <hdop>3.8</hdop>
        <extensions>
          <osmand:speed>17.3</osmand:speed>
        </extensions>
      </trkpt>
      <trkpt lat="55.3383806" lon="25.9704507">
        <ele>196</ele>
        <time>2026-07-18T12:31:34Z</time>
        <hdop>3.8</hdop>
        <extensions>
          <osmand:speed>18.6</osmand:speed>
        </extensions>
      </trkpt>
      <trkpt lat="55.3388329" lon="25.9716007">
        <ele>197.8</ele>
        <time>2026-07-18T12:31:40Z</time>
        <hdop>3.8</hdop>
        <extensions>
          <osmand:speed>14.1</osmand:speed>
        </extensions>
      </trkpt>
      <trkpt lat="55.339613" lon="25.9723927">
        <ele>196.5</ele>
        <time>2026-07-18T12:31:46Z</time>
        <hdop>3.8</hdop>
        <extensions>
          <osmand:speed>17.2</osmand:speed>
        </extensions>
      </trkpt>
      <trkpt lat="55.340472" lon="25.9730275">
        <ele>197.1</ele>
        <time>2026-07-18T12:31:52Z</time>
        <hdop>3.8</hdop>
        <extensions>
          <osmand:speed>18.2</osmand:speed>
        </extensions>
      </trkpt>
      <trkpt lat="55.341481" lon="25.973565">
        <ele>193.3</ele>
        <time>2026-07-18T12:31:58Z</time>
        <hdop>3.8</hdop>
        <extensions>
          <osmand:speed>19.8</osmand:speed>
        </extensions>
      </trkpt>
      <trkpt lat="55.3422815" lon="25.9743474">
        <ele>194.4</ele>
        <time>2026-07-18T12:32:04Z</time>
        <hdop>3.8</hdop>
        <extensions>
          <osmand:speed>16.2</osmand:speed>
        </extensions>
      </trkpt>
      <trkpt lat="55.3429444" lon="25.9757285">
        <ele>190.5</ele>
        <time>2026-07-18T12:32:10Z</time>
        <hdop>3.8</hdop>
        <extensions>
          <osmand:speed>20</osmand:speed>
        </extensions>
      </trkpt>
      <trkpt lat="55.3437437" lon="25.9769524">
        <ele>193.3</ele>
        <time>2026-07-18T12:32:16Z</time>
        <hdop>3.8</hdop>
        <extensions>
          <osmand:speed>19.1</osmand:speed>
        </extensions>
      </trkpt>
      <trkpt lat="55.3441163" lon="25.9780887">
        <ele>196.5</ele>
        <time>2026-07-18T12:32:22Z</time>
        <hdop>3.8</hdop>
        <extensions>
          <osmand:speed>12.5</osmand:speed>
        </extensions>
      </trkpt>
      <trkpt lat="55.3441799" lon="25.9792587">
        <ele>195.7</ele>
        <time>2026-07-18T12:32:28Z</time>
        <hdop>3.8</hdop>
        <extensions>
          <osmand:speed>10.4</osmand:speed>
        </extensions>
      </trkpt>
      <trkpt lat="55.3448264" lon="25.9799529">
        <ele>191.5</ele>
        <time>2026-07-18T12:32:34Z</time>
        <hdop>3.8</hdop>
        <extensions>
          <osmand:speed>15.4</osmand:speed>
        </extensions>
      </trkpt>
      <trkpt lat="55.3453742" lon="25.9808627">
        <ele>194.2</ele>
        <time>2026-07-18T12:32:40Z</time>
        <hdop>3.8</hdop>
        <extensions>
          <osmand:speed>13.7</osmand:speed>
        </extensions>
      </trkpt>
      <trkpt lat="55.3459006" lon="25.981966">
        <ele>195.1</ele>
        <time>2026-07-18T12:32:46Z</time>
        <hdop>3.8</hdop>
        <extensions>
          <osmand:speed>13.6</osmand:speed>
        </extensions>
      </trkpt>
      <trkpt lat="55.3465808" lon="25.9823853">
        <ele>194.8</ele>
        <time>2026-07-18T12:32:52Z</time>
        <hdop>3.8</hdop>
        <extensions>
          <osmand:speed>9.1</osmand:speed>
        </extensions>
      </trkpt>
      <trkpt lat="55.3465879" lon="25.9827234">
        <ele>194.9</ele>
        <time>2026-07-18T12:32:58Z</time>
        <hdop>3.8</hdop>
        <extensions>
          <osmand:speed>1</osmand:speed>
        </extensions>
      </trkpt>
      <trkpt lat="55.3465342" lon="25.9828847">
        <ele>194.8</ele>
        <time>2026-07-18T12:33:35Z</time>
        <hdop>3.8</hdop>
        <extensions>
          <osmand:speed>6.6</osmand:speed>
        </extensions>
      </trkpt>
      <trkpt lat="55.3462568" lon="25.9838005">
        <ele>192.9</ele>
        <time>2026-07-18T12:33:41Z</time>
        <hdop>3.8</hdop>
        <extensions>
          <osmand:speed>12.8</osmand:speed>
        </extensions>
      </trkpt>
      <trkpt lat="55.3459743" lon="25.9849653">
        <ele>188.3</ele>
        <time>2026-07-18T12:33:47Z</time>
        <hdop>3.8</hdop>
        <extensions>
          <osmand:speed>13.5</osmand:speed>
        </extensions>
      </trkpt>
      <trkpt lat="55.3456691" lon="25.986131">
        <ele>186.9</ele>
        <time>2026-07-18T12:33:53Z</time>
        <hdop>3.8</hdop>
        <extensions>
          <osmand:speed>13.6</osmand:speed>
        </extensions>
      </trkpt>
      <trkpt lat="55.3453434" lon="25.987162">
        <ele>187</ele>
        <time>2026-07-18T12:33:59Z</time>
        <hdop>3.8</hdop>
        <extensions>
          <osmand:speed>10.1</osmand:speed>
        </extensions>
      </trkpt>
      <trkpt lat="55.3453094" lon="25.9876915">
        <ele>187.3</ele>
        <time>2026-07-18T12:34:05Z</time>
        <hdop>3.8</hdop>
        <extensions>
          <osmand:speed>6.5</osmand:speed>
        </extensions>
      </trkpt>
      <trkpt lat="55.3458445" lon="25.9876722">
        <ele>187.4</ele>
        <time>2026-07-18T12:34:11Z</time>
        <hdop>3.8</hdop>
        <extensions>
          <osmand:speed>11.9</osmand:speed>
        </extensions>
      </trkpt>
      <trkpt lat="55.3464979" lon="25.9876281">
        <ele>187.7</ele>
        <time>2026-07-18T12:34:17Z</time>
        <hdop>3.8</hdop>
        <extensions>
          <osmand:speed>11.2</osmand:speed>
        </extensions>
      </trkpt>
      <trkpt lat="55.3468722" lon="25.987772">
        <ele>186.7</ele>
        <time>2026-07-18T12:34:23Z</time>
        <hdop>3.8</hdop>
        <extensions>
          <osmand:speed>6.3</osmand:speed>
        </extensions>
      </trkpt>
      <trkpt lat="55.3468109" lon="25.9888069">
        <ele>184.2</ele>
        <time>2026-07-18T12:34:29Z</time>
        <hdop>3.8</hdop>
        <extensions>
          <osmand:speed>12.9</osmand:speed>
        </extensions>
      </trkpt>
      <trkpt lat="55.3466082" lon="25.9900248">
        <ele>184.3</ele>
        <time>2026-07-18T12:34:35Z</time>
        <hdop>3.8</hdop>
        <extensions>
          <osmand:speed>14.5</osmand:speed>
        </extensions>
      </trkpt>
      <trkpt lat="55.3465087" lon="25.9910959">
        <ele>185.5</ele>
        <time>2026-07-18T12:34:41Z</time>
        <hdop>3.8</hdop>
        <extensions>
          <osmand:speed>12.1</osmand:speed>
        </extensions>
      </trkpt>
      <trkpt lat="55.3467751" lon="25.9919934">
        <ele>184.7</ele>
        <time>2026-07-18T12:34:47Z</time>
        <hdop>3.8</hdop>
        <extensions>
          <osmand:speed>10.7</osmand:speed>
        </extensions>
      </trkpt>
      <trkpt lat="55.3469547" lon="25.9924837">
        <ele>182.8</ele>
        <time>2026-07-18T12:34:53Z</time>
        <hdop>3.8</hdop>
        <extensions>
          <osmand:speed>1.5</osmand:speed>
        </extensions>
      </trkpt>
      <trkpt lat="55.3469834" lon="25.9926383">
        <ele>182.3</ele>
        <time>2026-07-18T12:34:59Z</time>
        <hdop>3.8</hdop>
        <extensions>
          <osmand:speed>2.7</osmand:speed>
        </extensions>
      </trkpt>
      <trkpt lat="55.3470717" lon="25.993206">
        <ele>178.5</ele>
        <time>2026-07-18T12:35:05Z</time>
        <hdop>3.8</hdop>
        <extensions>
          <osmand:speed>10.1</osmand:speed>
        </extensions>
      </trkpt>
      <trkpt lat="55.3473116" lon="25.9941578">
        <ele>174.3</ele>
        <time>2026-07-18T12:35:11Z</time>
        <hdop>3.8</hdop>
        <extensions>
          <osmand:speed>10.9</osmand:speed>
        </extensions>
      </trkpt>
      <trkpt lat="55.3476783" lon="25.9949622">
        <ele>175.6</ele>
        <time>2026-07-18T12:35:17Z</time>
        <hdop>3.8</hdop>
        <extensions>
          <osmand:speed>10.7</osmand:speed>
        </extensions>
      </trkpt>
      <trkpt lat="55.3476219" lon="25.9955798">
        <ele>177</ele>
        <time>2026-07-18T12:35:23Z</time>
        <hdop>3.8</hdop>
        <extensions>
          <osmand:speed>8.8</osmand:speed>
        </extensions>
      </trkpt>
      <trkpt lat="55.3471556" lon="25.9962277">
        <ele>174.1</ele>
        <time>2026-07-18T12:35:29Z</time>
        <hdop>3.8</hdop>
        <extensions>
          <osmand:speed>12.4</osmand:speed>
        </extensions>
      </trkpt>
      <trkpt lat="55.3466414" lon="25.9969953">
        <ele>175.9</ele>
        <time>2026-07-18T12:35:35Z</time>
        <hdop>3.8</hdop>
        <extensions>
          <osmand:speed>11.9</osmand:speed>
        </extensions>
      </trkpt>
      <trkpt lat="55.3462405" lon="25.9976876">
        <ele>176.8</ele>
        <time>2026-07-18T12:35:41Z</time>
        <hdop>3.8</hdop>
        <extensions>
          <osmand:speed>12</osmand:speed>
        </extensions>
      </trkpt>
      <trkpt lat="55.3458814" lon="25.998665">
        <ele>176</ele>
        <time>2026-07-18T12:35:47Z</time>
        <hdop>3.8</hdop>
        <extensions>
          <osmand:speed>10.2</osmand:speed>
        </extensions>
      </trkpt>
      <trkpt lat="55.3456531" lon="25.9992638">
        <ele>176.5</ele>
        <time>2026-07-18T12:35:53Z</time>
        <hdop>3.8</hdop>
        <extensions>
          <osmand:speed>6.2</osmand:speed>
        </extensions>
      </trkpt>
      <trkpt lat="55.3455126" lon="25.9999306">
        <ele>174</ele>
        <time>2026-07-18T12:35:59Z</time>
        <hdop>3.8</hdop>
        <extensions>
          <osmand:speed>9.2</osmand:speed>
        </extensions>
      </trkpt>
      <trkpt lat="55.3455902" lon="26.0010261">
        <ele>168.8</ele>
        <time>2026-07-18T12:36:05Z</time>
        <hdop>3.8</hdop>
        <extensions>
          <osmand:speed>12.3</osmand:speed>
        </extensions>
      </trkpt>
      <trkpt lat="55.3457128" lon="26.0021424">
        <ele>170.4</ele>
        <time>2026-07-18T12:36:11Z</time>
        <hdop>3.8</hdop>
        <extensions>
          <osmand:speed>10.6</osmand:speed>
        </extensions>
      </trkpt>
      <trkpt lat="55.345857" lon="26.002771">
        <ele>173.3</ele>
        <time>2026-07-18T12:36:17Z</time>
        <hdop>3.8</hdop>
        <extensions>
          <osmand:speed>6.2</osmand:speed>
        </extensions>
      </trkpt>
      <trkpt lat="55.3462642" lon="26.0026854">
        <ele>175.2</ele>
        <time>2026-07-18T12:36:23Z</time>
        <hdop>3.8</hdop>
        <extensions>
          <osmand:speed>9.8</osmand:speed>
        </extensions>
      </trkpt>
      <trkpt lat="55.3469406" lon="26.0027112">
        <ele>176.9</ele>
        <time>2026-07-18T12:36:29Z</time>
        <hdop>3.8</hdop>
        <extensions>
          <osmand:speed>13.9</osmand:speed>
        </extensions>
      </trkpt>
      <trkpt lat="55.3475995" lon="26.0028324">
        <ele>178</ele>
        <time>2026-07-18T12:36:35Z</time>
        <hdop>3.8</hdop>
        <extensions>
          <osmand:speed>10.1</osmand:speed>
        </extensions>
      </trkpt>
      <trkpt lat="55.3479588" lon="26.0036716">
        <ele>180.3</ele>
        <time>2026-07-18T12:36:41Z</time>
        <hdop>3.8</hdop>
        <extensions>
          <osmand:speed>11.9</osmand:speed>
        </extensions>
      </trkpt>
      <trkpt lat="55.348427" lon="26.0045548">
        <ele>179.4</ele>
        <time>2026-07-18T12:36:47Z</time>
        <hdop>3.8</hdop>
        <extensions>
          <osmand:speed>13.2</osmand:speed>
        </extensions>
      </trkpt>
      <trkpt lat="55.348952" lon="26.0053151">
        <ele>177.1</ele>
        <time>2026-07-18T12:36:53Z</time>
        <hdop>3.8</hdop>
        <extensions>
          <osmand:speed>13.1</osmand:speed>
        </extensions>
      </trkpt>
      <trkpt lat="55.3494522" lon="26.0060385">
        <ele>175.4</ele>
        <time>2026-07-18T12:36:59Z</time>
        <hdop>3.8</hdop>
        <extensions>
          <osmand:speed>10.2</osmand:speed>
        </extensions>
      </trkpt>
      <trkpt lat="55.3497536" lon="26.0065378">
        <ele>173.2</ele>
        <time>2026-07-18T12:37:05Z</time>
        <hdop>3.8</hdop>
        <extensions>
          <osmand:speed>5.2</osmand:speed>
        </extensions>
      </trkpt>
      <trkpt lat="55.3499497" lon="26.0068318">
        <ele>171.2</ele>
        <time>2026-07-18T12:37:11Z</time>
        <hdop>3.8</hdop>
        <extensions>
          <osmand:speed>4.7</osmand:speed>
        </extensions>
      </trkpt>
      <trkpt lat="55.3501885" lon="26.0071042">
        <ele>169.2</ele>
        <time>2026-07-18T12:37:17Z</time>
        <hdop>3.8</hdop>
        <extensions>
          <osmand:speed>6</osmand:speed>
        </extensions>
      </trkpt>
      <trkpt lat="55.3506007" lon="26.0074113">
        <ele>167.7</ele>
        <time>2026-07-18T12:37:23Z</time>
        <hdop>3.8</hdop>
        <extensions>
          <osmand:speed>9.6</osmand:speed>
        </extensions>
      </trkpt>
      <trkpt lat="55.3511067" lon="26.007611">
        <ele>168.2</ele>
        <time>2026-07-18T12:37:29Z</time>
        <hdop>3.8</hdop>
        <extensions>
          <osmand:speed>9.3</osmand:speed>
        </extensions>
      </trkpt>
      <trkpt lat="55.3515938" lon="26.0076128">
        <ele>168.8</ele>
        <time>2026-07-18T12:37:35Z</time>
        <hdop>3.8</hdop>
        <extensions>
          <osmand:speed>8.6</osmand:speed>
        </extensions>
      </trkpt>
      <trkpt lat="55.3520494" lon="26.0073127">
        <ele>170.8</ele>
        <time>2026-07-18T12:37:41Z</time>
        <hdop>3.8</hdop>
        <extensions>
          <osmand:speed>8.4</osmand:speed>
        </extensions>
      </trkpt>
      <trkpt lat="55.3525254" lon="26.0070796">
        <ele>168.3</ele>
        <time>2026-07-18T12:37:47Z</time>
        <hdop>3.8</hdop>
        <extensions>
          <osmand:speed>9.3</osmand:speed>
        </extensions>
      </trkpt>
      <trkpt lat="55.3529975" lon="26.0067801">
        <ele>166.5</ele>
        <time>2026-07-18T12:37:53Z</time>
        <hdop>3.8</hdop>
        <extensions>
          <osmand:speed>8.5</osmand:speed>
        </extensions>
      </trkpt>
      <trkpt lat="55.3534311" lon="26.0065219">
        <ele>166.1</ele>
        <time>2026-07-18T12:37:59Z</time>
        <hdop>3.8</hdop>
        <extensions>
          <osmand:speed>8.6</osmand:speed>
        </extensions>
      </trkpt>
      <trkpt lat="55.3538604" lon="26.0066007">
        <ele>167.8</ele>
        <time>2026-07-18T12:38:05Z</time>
        <hdop>3.8</hdop>
        <extensions>
          <osmand:speed>8</osmand:speed>
        </extensions>
      </trkpt>
      <trkpt lat="55.3542905" lon="26.006702">
        <ele>167.3</ele>
        <time>2026-07-18T12:38:11Z</time>
        <hdop>3.8</hdop>
        <extensions>
          <osmand:speed>6.5</osmand:speed>
        </extensions>
      </trkpt>
      <trkpt lat="55.354574" lon="26.0069256">
        <ele>167.9</ele>
        <time>2026-07-18T12:38:17Z</time>
        <hdop>3.8</hdop>
        <extensions>
          <osmand:speed>5.3</osmand:speed>
        </extensions>
      </trkpt>
      <trkpt lat="55.3548711" lon="26.0070679">
        <ele>165.4</ele>
        <time>2026-07-18T12:38:23Z</time>
        <hdop>3.8</hdop>
        <extensions>
          <osmand:speed>4.7</osmand:speed>
        </extensions>
      </trkpt>
      <trkpt lat="55.3549517" lon="26.0071142">
        <ele>165.8</ele>
        <time>2026-07-18T12:38:29Z</time>
        <hdop>3.8</hdop>
      </trkpt>
      <trkpt lat="55.3549996" lon="26.0070662">
        <ele>165.4</ele>
        <time>2026-07-18T12:38:50Z</time>
        <hdop>3.8</hdop>
        <extensions>
          <osmand:speed>5.1</osmand:speed>
        </extensions>
      </trkpt>
      <trkpt lat="55.3551938" lon="26.0064532">
        <ele>167</ele>
        <time>2026-07-18T12:38:56Z</time>
        <hdop>3.8</hdop>
        <extensions>
          <osmand:speed>9.3</osmand:speed>
        </extensions>
      </trkpt>
      <trkpt lat="55.3554056" lon="26.0055422">
        <ele>171.4</ele>
        <time>2026-07-18T12:39:02Z</time>
        <hdop>3.8</hdop>
        <extensions>
          <osmand:speed>10.9</osmand:speed>
        </extensions>
      </trkpt>
      <trkpt lat="55.3554634" lon="26.004488">
        <ele>168.9</ele>
        <time>2026-07-18T12:39:08Z</time>
        <hdop>3.8</hdop>
        <extensions>
          <osmand:speed>10.4</osmand:speed>
        </extensions>
      </trkpt>
      <trkpt lat="55.355023" lon="26.0038097">
        <ele>165.9</ele>
        <time>2026-07-18T12:39:14Z</time>
        <hdop>3.8</hdop>
        <extensions>
          <osmand:speed>8.4</osmand:speed>
        </extensions>
      </trkpt>
      <trkpt lat="55.355096" lon="26.0032282">
        <ele>168</ele>
        <time>2026-07-18T12:39:20Z</time>
        <hdop>3.8</hdop>
        <extensions>
          <osmand:speed>4.7</osmand:speed>
        </extensions>
      </trkpt>
      <trkpt lat="55.3552613" lon="26.0025495">
        <ele>168.2</ele>
        <time>2026-07-18T12:39:26Z</time>
        <hdop>3.8</hdop>
        <extensions>
          <osmand:speed>10</osmand:speed>
        </extensions>
      </trkpt>
      <trkpt lat="55.3555949" lon="26.0016493">
        <ele>169.5</ele>
        <time>2026-07-18T12:39:32Z</time>
        <hdop>3.8</hdop>
        <extensions>
          <osmand:speed>11.4</osmand:speed>
        </extensions>
      </trkpt>
      <trkpt lat="55.3560147" lon="26.000884">
        <ele>169.7</ele>
        <time>2026-07-18T12:39:38Z</time>
        <hdop>3.8</hdop>
        <extensions>
          <osmand:speed>11</osmand:speed>
        </extensions>
      </trkpt>
      <trkpt lat="55.3563348" lon="25.9999148">
        <ele>173.6</ele>
        <time>2026-07-18T12:39:44Z</time>
        <hdop>3.8</hdop>
        <extensions>
          <osmand:speed>12.1</osmand:speed>
        </extensions>
      </trkpt>
      <trkpt lat="55.356672" lon="25.9989644">
        <ele>179</ele>
        <time>2026-07-18T12:39:50Z</time>
        <hdop>3.8</hdop>
        <extensions>
          <osmand:speed>12.4</osmand:speed>
        </extensions>
      </trkpt>
      <trkpt lat="55.3570061" lon="25.9979085">
        <ele>176.7</ele>
        <time>2026-07-18T12:39:56Z</time>
        <hdop>3.8</hdop>
        <extensions>
          <osmand:speed>14.1</osmand:speed>
        </extensions>
      </trkpt>
      <trkpt lat="55.3571542" lon="25.9966882">
        <ele>177.6</ele>
        <time>2026-07-18T12:40:02Z</time>
        <hdop>3.8</hdop>
        <extensions>
          <osmand:speed>12.6</osmand:speed>
        </extensions>
      </trkpt>
      <trkpt lat="55.3573514" lon="25.9955426">
        <ele>172.6</ele>
        <time>2026-07-18T12:40:08Z</time>
        <hdop>3.8</hdop>
        <extensions>
          <osmand:speed>13.7</osmand:speed>
        </extensions>
      </trkpt>
      <trkpt lat="55.357443" lon="25.994378">
        <ele>170.1</ele>
        <time>2026-07-18T12:40:14Z</time>
        <hdop>3.8</hdop>
        <extensions>
          <osmand:speed>12.2</osmand:speed>
        </extensions>
      </trkpt>
      <trkpt lat="55.3573209" lon="25.9934913">
        <ele>171.8</ele>
        <time>2026-07-18T12:40:20Z</time>
        <hdop>3.8</hdop>
        <extensions>
          <osmand:speed>9.5</osmand:speed>
        </extensions>
      </trkpt>
      <trkpt lat="55.3570606" lon="25.9931734">
        <ele>172</ele>
        <time>2026-07-18T12:40:26Z</time>
        <hdop>3.8</hdop>
        <extensions>
          <osmand:speed>2.3</osmand:speed>
        </extensions>
      </trkpt>
      <trkpt lat="55.357083" lon="25.9930732">
        <ele>173.2</ele>
        <time>2026-07-18T12:40:32Z</time>
        <hdop>3.8</hdop>
      </trkpt>
      <trkpt lat="55.3571258" lon="25.9930143">
        <ele>173</ele>
        <time>2026-07-18T12:40:42Z</time>
        <hdop>3.8</hdop>
        <extensions>
          <osmand:speed>2.5</osmand:speed>
        </extensions>
      </trkpt>
      <trkpt lat="55.3572208" lon="25.9929091">
        <ele>173.3</ele>
        <time>2026-07-18T12:40:48Z</time>
        <hdop>3.8</hdop>
        <extensions>
          <osmand:speed>0.7</osmand:speed>
        </extensions>
      </trkpt>
      <trkpt lat="55.3572714" lon="25.9928543">
        <ele>174.7</ele>
        <time>2026-07-18T12:46:33Z</time>
        <hdop>3.8</hdop>
        <extensions>
          <osmand:speed>2.6</osmand:speed>
        </extensions>
      </trkpt>
      <trkpt lat="55.3574286" lon="25.992798">
        <ele>175</ele>
        <time>2026-07-18T12:46:39Z</time>
        <hdop>3.8</hdop>
        <extensions>
          <osmand:speed>3.1</osmand:speed>
        </extensions>
      </trkpt>
      <trkpt lat="55.3577621" lon="25.9929461">
        <ele>178.1</ele>
        <time>2026-07-18T12:46:45Z</time>
        <hdop>3.8</hdop>
        <extensions>
          <osmand:speed>8</osmand:speed>
        </extensions>
      </trkpt>
      <trkpt lat="55.3581648" lon="25.9932347">
        <ele>182.9</ele>
        <time>2026-07-18T12:46:51Z</time>
        <hdop>3.8</hdop>
        <extensions>
          <osmand:speed>7.1</osmand:speed>
        </extensions>
      </trkpt>
      <trkpt lat="55.3585266" lon="25.9934702">
        <ele>182.7</ele>
        <time>2026-07-18T12:46:57Z</time>
        <hdop>3.8</hdop>
        <extensions>
          <osmand:speed>6.5</osmand:speed>
        </extensions>
      </trkpt>
      <trkpt lat="55.3587958" lon="25.9938048">
        <ele>185.5</ele>
        <time>2026-07-18T12:47:03Z</time>
        <hdop>3.8</hdop>
        <extensions>
          <osmand:speed>5.8</osmand:speed>
        </extensions>
      </trkpt>
      <trkpt lat="55.359031" lon="25.9943519">
        <ele>182.9</ele>
        <time>2026-07-18T12:47:09Z</time>
        <hdop>3.8</hdop>
        <extensions>
          <osmand:speed>8.6</osmand:speed>
        </extensions>
      </trkpt>
      <trkpt lat="55.3592547" lon="25.9949347">
        <ele>182.6</ele>
        <time>2026-07-18T12:47:15Z</time>
        <hdop>3.8</hdop>
        <extensions>
          <osmand:speed>7.7</osmand:speed>
        </extensions>
      </trkpt>
      <trkpt lat="55.3594882" lon="25.9956975">
        <ele>180.8</ele>
        <time>2026-07-18T12:47:21Z</time>
        <hdop>3.8</hdop>
        <extensions>
          <osmand:speed>10.1</osmand:speed>
        </extensions>
      </trkpt>
      <trkpt lat="55.3597445" lon="25.9964774">
        <ele>181.3</ele>
        <time>2026-07-18T12:47:27Z</time>
        <hdop>3.8</hdop>
        <extensions>
          <osmand:speed>8.4</osmand:speed>
        </extensions>
      </trkpt>
      <trkpt lat="55.3598719" lon="25.9968727">
        <ele>180.6</ele>
        <time>2026-07-18T12:47:33Z</time>
        <hdop>3.8</hdop>
        <extensions>
          <osmand:speed>2.8</osmand:speed>
        </extensions>
      </trkpt>
      <trkpt lat="55.3598842" lon="25.9970043">
        <ele>183.5</ele>
        <time>2026-07-18T12:47:39Z</time>
        <hdop>3.8</hdop>
      </trkpt>
      <trkpt lat="55.3599017" lon="25.997098">
        <ele>185.3</ele>
        <time>2026-07-18T12:47:45Z</time>
        <hdop>4.1</hdop>
        <extensions>
          <osmand:speed>1.8</osmand:speed>
        </extensions>
      </trkpt>
      <trkpt lat="55.3599113" lon="25.9976525">
        <ele>179.5</ele>
        <time>2026-07-18T12:47:54Z</time>
        <hdop>4.5</hdop>
      </trkpt>
      <trkpt lat="55.3599319" lon="25.9978663">
        <ele>179.7</ele>
        <time>2026-07-18T12:48:00Z</time>
        <hdop>3.8</hdop>
        <extensions>
          <osmand:speed>2.1</osmand:speed>
        </extensions>
      </trkpt>
      <trkpt lat="55.3599352" lon="25.9980076">
        <ele>182</ele>
        <time>2026-07-18T12:48:06Z</time>
        <hdop>3.8</hdop>
        <extensions>
          <osmand:speed>0.8</osmand:speed>
        </extensions>
      </trkpt>
      <trkpt lat="55.3599765" lon="25.9980564">
        <ele>181.6</ele>
        <time>2026-07-18T12:48:18Z</time>
        <hdop>3.8</hdop>
        <extensions>
          <osmand:speed>0.8</osmand:speed>
        </extensions>
      </trkpt>
      <trkpt lat="55.3600314" lon="25.9986026">
        <ele>178.2</ele>
        <time>2026-07-18T12:48:28Z</time>
        <hdop>4.8</hdop>
        <extensions>
          <osmand:speed>6.4</osmand:speed>
        </extensions>
      </trkpt>
      <trkpt lat="55.3599362" lon="25.9993614">
        <ele>179.4</ele>
        <time>2026-07-18T12:48:34Z</time>
        <hdop>4.3</hdop>
        <extensions>
          <osmand:speed>8</osmand:speed>
        </extensions>
      </trkpt>
      <trkpt lat="55.3602448" lon="25.9999449">
        <ele>181.3</ele>
        <time>2026-07-18T12:48:40Z</time>
        <hdop>3.9</hdop>
        <extensions>
          <osmand:speed>9.2</osmand:speed>
        </extensions>
      </trkpt>
      <trkpt lat="55.3605961" lon="26.0004364">
        <ele>179.5</ele>
        <time>2026-07-18T12:48:46Z</time>
        <hdop>3.9</hdop>
        <extensions>
          <osmand:speed>7.9</osmand:speed>
        </extensions>
      </trkpt>
      <trkpt lat="55.360999" lon="26.0009194">
        <ele>176.8</ele>
        <time>2026-07-18T12:48:52Z</time>
        <hdop>3.8</hdop>
        <extensions>
          <osmand:speed>8.3</osmand:speed>
        </extensions>
      </trkpt>
      <trkpt lat="55.3612946" lon="26.0015584">
        <ele>173</ele>
        <time>2026-07-18T12:48:58Z</time>
        <hdop>3.8</hdop>
        <extensions>
          <osmand:speed>9</osmand:speed>
        </extensions>
      </trkpt>
      <trkpt lat="55.361471" lon="26.002197">
        <ele>172.8</ele>
        <time>2026-07-18T12:49:04Z</time>
        <hdop>3.8</hdop>
        <extensions>
          <osmand:speed>8.2</osmand:speed>
        </extensions>
      </trkpt>
      <trkpt lat="55.361479" lon="26.0026795">
        <ele>175.1</ele>
        <time>2026-07-18T12:49:10Z</time>
        <hdop>3.8</hdop>
      </trkpt>
      <trkpt lat="55.3614738" lon="26.0028051">
        <ele>177.1</ele>
        <time>2026-07-18T12:49:22Z</time>
        <hdop>3.8</hdop>
        <extensions>
          <osmand:speed>3.4</osmand:speed>
        </extensions>
      </trkpt>
      <trkpt lat="55.3613348" lon="26.003346">
        <ele>174.3</ele>
        <time>2026-07-18T12:49:28Z</time>
        <hdop>4.8</hdop>
        <extensions>
          <osmand:speed>7.4</osmand:speed>
        </extensions>
      </trkpt>
      <trkpt lat="55.361366" lon="26.0040871">
        <ele>173</ele>
        <time>2026-07-18T12:49:34Z</time>
        <hdop>3.8</hdop>
        <extensions>
          <osmand:speed>8.9</osmand:speed>
        </extensions>
      </trkpt>
      <trkpt lat="55.36133" lon="26.0049714">
        <ele>170.1</ele>
        <time>2026-07-18T12:49:40Z</time>
        <hdop>3.8</hdop>
        <extensions>
          <osmand:speed>8.5</osmand:speed>
        </extensions>
      </trkpt>
      <trkpt lat="55.3614411" lon="26.0055366">
        <ele>168.9</ele>
        <time>2026-07-18T12:49:46Z</time>
        <hdop>3.8</hdop>
        <extensions>
          <osmand:speed>5.8</osmand:speed>
        </extensions>
      </trkpt>
      <trkpt lat="55.3615867" lon="26.0061569">
        <ele>168.8</ele>
        <time>2026-07-18T12:49:52Z</time>
        <hdop>3.8</hdop>
        <extensions>
          <osmand:speed>8.5</osmand:speed>
        </extensions>
      </trkpt>
      <trkpt lat="55.3616642" lon="26.0070431">
        <ele>169.1</ele>
        <time>2026-07-18T12:49:58Z</time>
        <hdop>3.8</hdop>
        <extensions>
          <osmand:speed>9.6</osmand:speed>
        </extensions>
      </trkpt>
      <trkpt lat="55.361615" lon="26.0079359">
        <ele>170.4</ele>
        <time>2026-07-18T12:50:04Z</time>
        <hdop>3.8</hdop>
        <extensions>
          <osmand:speed>7.9</osmand:speed>
        </extensions>
      </trkpt>
      <trkpt lat="55.3612676" lon="26.0084306">
        <ele>170.1</ele>
        <time>2026-07-18T12:50:10Z</time>
        <hdop>3.8</hdop>
        <extensions>
          <osmand:speed>9.8</osmand:speed>
        </extensions>
      </trkpt>
      <trkpt lat="55.3610054" lon="26.0090582">
        <ele>171.9</ele>
        <time>2026-07-18T12:50:16Z</time>
        <hdop>3.8</hdop>
        <extensions>
          <osmand:speed>6.5</osmand:speed>
        </extensions>
      </trkpt>
      <trkpt lat="55.3608016" lon="26.0096205">
        <ele>171.4</ele>
        <time>2026-07-18T12:50:22Z</time>
        <hdop>4.5</hdop>
        <extensions>
          <osmand:speed>5.9</osmand:speed>
        </extensions>
      </trkpt>
      <trkpt lat="55.3605843" lon="26.0104249">
        <ele>170.5</ele>
        <time>2026-07-18T12:50:28Z</time>
        <hdop>4</hdop>
        <extensions>
          <osmand:speed>10.1</osmand:speed>
        </extensions>
      </trkpt>
      <trkpt lat="55.3604272" lon="26.0113269">
        <ele>171.1</ele>
        <time>2026-07-18T12:50:34Z</time>
        <hdop>3.8</hdop>
        <extensions>
          <osmand:speed>10.2</osmand:speed>
        </extensions>
      </trkpt>
      <trkpt lat="55.3602661" lon="26.012059">
        <ele>167.1</ele>
        <time>2026-07-18T12:50:40Z</time>
        <hdop>3.8</hdop>
        <extensions>
          <osmand:speed>8</osmand:speed>
        </extensions>
      </trkpt>
      <trkpt lat="55.3602764" lon="26.0124609">
        <ele>167.9</ele>
        <time>2026-07-18T12:50:46Z</time>
        <hdop>3.8</hdop>
        <extensions>
          <osmand:speed>3.2</osmand:speed>
        </extensions>
      </trkpt>
      <trkpt lat="55.360443" lon="26.0127125">
        <ele>167.1</ele>
        <time>2026-07-18T12:50:52Z</time>
        <hdop>3.8</hdop>
        <extensions>
          <osmand:speed>3.7</osmand:speed>
        </extensions>
      </trkpt>
      <trkpt lat="55.3606156" lon="26.0128774">
        <ele>166.6</ele>
        <time>2026-07-18T12:50:58Z</time>
        <hdop>3.8</hdop>
        <extensions>
          <osmand:speed>2.4</osmand:speed>
        </extensions>
      </trkpt>
      <trkpt lat="55.3606298" lon="26.0129555">
        <ele>167.6</ele>
        <time>2026-07-18T12:51:07Z</time>
        <hdop>3.8</hdop>
        <extensions>
          <osmand:speed>3.1</osmand:speed>
        </extensions>
      </trkpt>
      <trkpt lat="55.3605719" lon="26.0133136">
        <ele>166.3</ele>
        <time>2026-07-18T12:51:13Z</time>
        <hdop>4.3</hdop>
        <extensions>
          <osmand:speed>3.3</osmand:speed>
        </extensions>
      </trkpt>
      <trkpt lat="55.3605284" lon="26.013707">
        <ele>166.7</ele>
        <time>2026-07-18T12:51:19Z</time>
        <hdop>3.8</hdop>
        <extensions>
          <osmand:speed>5</osmand:speed>
        </extensions>
      </trkpt>
      <trkpt lat="55.3605509" lon="26.0144276">
        <ele>166</ele>
        <time>2026-07-18T12:51:25Z</time>
        <hdop>3.8</hdop>
        <extensions>
          <osmand:speed>7.3</osmand:speed>
        </extensions>
      </trkpt>
      <trkpt lat="55.3604673" lon="26.0151096">
        <ele>164.2</ele>
        <time>2026-07-18T12:51:31Z</time>
        <hdop>3.8</hdop>
        <extensions>
          <osmand:speed>7.9</osmand:speed>
        </extensions>
      </trkpt>
      <trkpt lat="55.3600802" lon="26.0159836">
        <ele>164.3</ele>
        <time>2026-07-18T12:51:37Z</time>
        <hdop>3.9</hdop>
        <extensions>
          <osmand:speed>10.4</osmand:speed>
        </extensions>
      </trkpt>
      <trkpt lat="55.3600225" lon="26.0170398">
        <ele>162.6</ele>
        <time>2026-07-18T12:51:43Z</time>
        <hdop>4.2</hdop>
        <extensions>
          <osmand:speed>13.3</osmand:speed>
        </extensions>
      </trkpt>
      <trkpt lat="55.3598867" lon="26.0182068">
        <ele>167.7</ele>
        <time>2026-07-18T12:51:49Z</time>
        <hdop>3.8</hdop>
        <extensions>
          <osmand:speed>12</osmand:speed>
        </extensions>
      </trkpt>
      <trkpt lat="55.3598691" lon="26.0193494">
        <ele>171.8</ele>
        <time>2026-07-18T12:51:55Z</time>
        <hdop>3.8</hdop>
        <extensions>
          <osmand:speed>12.5</osmand:speed>
        </extensions>
      </trkpt>
      <trkpt lat="55.3594558" lon="26.0204146">
        <ele>169.3</ele>
        <time>2026-07-18T12:52:01Z</time>
        <hdop>3.8</hdop>
        <extensions>
          <osmand:speed>13.4</osmand:speed>
        </extensions>
      </trkpt>
      <trkpt lat="55.3591078" lon="26.0214598">
        <ele>166.1</ele>
        <time>2026-07-18T12:52:07Z</time>
        <hdop>3.8</hdop>
        <extensions>
          <osmand:speed>11.6</osmand:speed>
        </extensions>
      </trkpt>
      <trkpt lat="55.3584498" lon="26.0219494">
        <ele>165.8</ele>
        <time>2026-07-18T12:52:13Z</time>
        <hdop>3.8</hdop>
        <extensions>
          <osmand:speed>14</osmand:speed>
        </extensions>
      </trkpt>
      <trkpt lat="55.3578403" lon="26.0223358">
        <ele>169.8</ele>
        <time>2026-07-18T12:52:19Z</time>
        <hdop>3.8</hdop>
        <extensions>
          <osmand:speed>10.4</osmand:speed>
        </extensions>
      </trkpt>
      <trkpt lat="55.35734" lon="26.0219293">
        <ele>174.8</ele>
        <time>2026-07-18T12:52:25Z</time>
        <hdop>3.8</hdop>
        <extensions>
          <osmand:speed>10.4</osmand:speed>
        </extensions>
      </trkpt>
      <trkpt lat="55.357098" lon="26.0223734">
        <ele>182.7</ele>
        <time>2026-07-18T12:52:31Z</time>
        <hdop>3.8</hdop>
        <extensions>
          <osmand:speed>9</osmand:speed>
        </extensions>
      </trkpt>
      <trkpt lat="55.3567978" lon="26.0231832">
        <ele>187.1</ele>
        <time>2026-07-18T12:52:37Z</time>
        <hdop>3.8</hdop>
        <extensions>
          <osmand:speed>11.8</osmand:speed>
        </extensions>
      </trkpt>
      <trkpt lat="55.3564423" lon="26.0241249">
        <ele>186.4</ele>
        <time>2026-07-18T12:52:43Z</time>
        <hdop>3.8</hdop>
        <extensions>
          <osmand:speed>13.3</osmand:speed>
        </extensions>
      </trkpt>
      <trkpt lat="55.356019" lon="26.0251461">
        <ele>186.3</ele>
        <time>2026-07-18T12:52:49Z</time>
        <hdop>3.8</hdop>
        <extensions>
          <osmand:speed>14.6</osmand:speed>
        </extensions>
      </trkpt>
      <trkpt lat="55.3558876" lon="26.0265582">
        <ele>186.8</ele>
        <time>2026-07-18T12:52:55Z</time>
        <hdop>3.8</hdop>
        <extensions>
          <osmand:speed>14.8</osmand:speed>
        </extensions>
      </trkpt>
      <trkpt lat="55.3554871" lon="26.0275837">
        <ele>183.8</ele>
        <time>2026-07-18T12:53:01Z</time>
        <hdop>3.8</hdop>
        <extensions>
          <osmand:speed>14.4</osmand:speed>
        </extensions>
      </trkpt>
      <trkpt lat="55.3548056" lon="26.0282769">
        <ele>182.8</ele>
        <time>2026-07-18T12:53:07Z</time>
        <hdop>3.8</hdop>
        <extensions>
          <osmand:speed>13.1</osmand:speed>
        </extensions>
      </trkpt>
      <trkpt lat="55.3542149" lon="26.0285966">
        <ele>183.7</ele>
        <time>2026-07-18T12:53:13Z</time>
        <hdop>3.8</hdop>
        <extensions>
          <osmand:speed>7.5</osmand:speed>
        </extensions>
      </trkpt>
      <trkpt lat="55.3542245" lon="26.0290789">
        <ele>182.3</ele>
        <time>2026-07-18T12:53:19Z</time>
        <hdop>3.8</hdop>
        <extensions>
          <osmand:speed>11.5</osmand:speed>
        </extensions>
      </trkpt>
      <trkpt lat="55.3545723" lon="26.0299967">
        <ele>181.1</ele>
        <time>2026-07-18T12:53:25Z</time>
        <hdop>3.8</hdop>
        <extensions>
          <osmand:speed>10.4</osmand:speed>
        </extensions>
      </trkpt>
      <trkpt lat="55.3548815" lon="26.0310241">
        <ele>180.1</ele>
        <time>2026-07-18T12:53:31Z</time>
        <hdop>3.8</hdop>
        <extensions>
          <osmand:speed>14.4</osmand:speed>
        </extensions>
      </trkpt>
      <trkpt lat="55.3554451" lon="26.0318442">
        <ele>177.5</ele>
        <time>2026-07-18T12:53:37Z</time>
        <hdop>3.8</hdop>
        <extensions>
          <osmand:speed>13.2</osmand:speed>
        </extensions>
      </trkpt>
      <trkpt lat="55.3559094" lon="26.0330027">
        <ele>173.4</ele>
        <time>2026-07-18T12:53:43Z</time>
        <hdop>3.8</hdop>
        <extensions>
          <osmand:speed>14.8</osmand:speed>
        </extensions>
      </trkpt>
      <trkpt lat="55.3564508" lon="26.0340696">
        <ele>173.5</ele>
        <time>2026-07-18T12:53:49Z</time>
        <hdop>3.8</hdop>
        <extensions>
          <osmand:speed>14.2</osmand:speed>
        </extensions>
      </trkpt>
      <trkpt lat="55.3570139" lon="26.034969">
        <ele>177.7</ele>
        <time>2026-07-18T12:53:55Z</time>
        <hdop>3.8</hdop>
        <extensions>
          <osmand:speed>14.3</osmand:speed>
        </extensions>
      </trkpt>
      <trkpt lat="55.3576932" lon="26.03569">
        <ele>183.5</ele>
        <time>2026-07-18T12:54:01Z</time>
        <hdop>3.8</hdop>
        <extensions>
          <osmand:speed>14.9</osmand:speed>
        </extensions>
      </trkpt>
      <trkpt lat="55.3583261" lon="26.0365334">
        <ele>186.5</ele>
        <time>2026-07-18T12:54:07Z</time>
        <hdop>3.8</hdop>
        <extensions>
          <osmand:speed>13.5</osmand:speed>
        </extensions>
      </trkpt>
      <trkpt lat="55.3586945" lon="26.0378046">
        <ele>189.3</ele>
        <time>2026-07-18T12:54:13Z</time>
        <hdop>3.8</hdop>
        <extensions>
          <osmand:speed>13.9</osmand:speed>
        </extensions>
      </trkpt>
      <trkpt lat="55.359191" lon="26.0389299">
        <ele>190.4</ele>
        <time>2026-07-18T12:54:19Z</time>
        <hdop>3.8</hdop>
        <extensions>
          <osmand:speed>16</osmand:speed>
        </extensions>
      </trkpt>
      <trkpt lat="55.3598581" lon="26.0399473">
        <ele>191.4</ele>
        <time>2026-07-18T12:54:25Z</time>
        <hdop>3.8</hdop>
        <extensions>
          <osmand:speed>15</osmand:speed>
        </extensions>
      </trkpt>
      <trkpt lat="55.3602886" lon="26.0411345">
        <ele>190.8</ele>
        <time>2026-07-18T12:54:31Z</time>
        <hdop>3.8</hdop>
        <extensions>
          <osmand:speed>16.1</osmand:speed>
        </extensions>
      </trkpt>
      <trkpt lat="55.3608573" lon="26.0423478">
        <ele>189.2</ele>
        <time>2026-07-18T12:54:37Z</time>
        <hdop>3.8</hdop>
        <extensions>
          <osmand:speed>17.5</osmand:speed>
        </extensions>
      </trkpt>
      <trkpt lat="55.3612636" lon="26.0434347">
        <ele>189</ele>
        <time>2026-07-18T12:54:43Z</time>
        <hdop>3.8</hdop>
        <extensions>
          <osmand:speed>10.9</osmand:speed>
        </extensions>
      </trkpt>
      <trkpt lat="55.3611671" lon="26.0442437">
        <ele>190.7</ele>
        <time>2026-07-18T12:54:49Z</time>
        <hdop>3.8</hdop>
        <extensions>
          <osmand:speed>7.5</osmand:speed>
        </extensions>
      </trkpt>
      <trkpt lat="55.3609942" lon="26.0450036">
        <ele>192.5</ele>
        <time>2026-07-18T12:54:55Z</time>
        <hdop>3.8</hdop>
        <extensions>
          <osmand:speed>10</osmand:speed>
        </extensions>
      </trkpt>
      <trkpt lat="55.3607852" lon="26.0457635">
        <ele>192.3</ele>
        <time>2026-07-18T12:55:01Z</time>
        <hdop>3.8</hdop>
        <extensions>
          <osmand:speed>9.6</osmand:speed>
        </extensions>
      </trkpt>
      <trkpt lat="55.3606776" lon="26.0465916">
        <ele>190.3</ele>
        <time>2026-07-18T12:55:07Z</time>
        <hdop>3.8</hdop>
        <extensions>
          <osmand:speed>7.9</osmand:speed>
        </extensions>
      </trkpt>
      <trkpt lat="55.360625" lon="26.0472635">
        <ele>189.1</ele>
        <time>2026-07-18T12:55:13Z</time>
        <hdop>3.8</hdop>
        <extensions>
          <osmand:speed>7.3</osmand:speed>
        </extensions>
      </trkpt>
      <trkpt lat="55.3605457" lon="26.047889">
        <ele>188.3</ele>
        <time>2026-07-18T12:55:19Z</time>
        <hdop>3.8</hdop>
        <extensions>
          <osmand:speed>6.3</osmand:speed>
        </extensions>
      </trkpt>
      <trkpt lat="55.3603936" lon="26.0484896">
        <ele>184.7</ele>
        <time>2026-07-18T12:55:25Z</time>
        <hdop>3.8</hdop>
        <extensions>
          <osmand:speed>6.2</osmand:speed>
        </extensions>
      </trkpt>
      <trkpt lat="55.3601135" lon="26.0490748">
        <ele>182.8</ele>
        <time>2026-07-18T12:55:31Z</time>
        <hdop>3.8</hdop>
        <extensions>
          <osmand:speed>8.5</osmand:speed>
        </extensions>
      </trkpt>
      <trkpt lat="55.3599626" lon="26.0497014">
        <ele>178.9</ele>
        <time>2026-07-18T12:55:37Z</time>
        <hdop>3.8</hdop>
        <extensions>
          <osmand:speed>8.1</osmand:speed>
        </extensions>
      </trkpt>
      <trkpt lat="55.3597392" lon="26.0501861">
        <ele>175.1</ele>
        <time>2026-07-18T12:55:43Z</time>
        <hdop>3.8</hdop>
        <extensions>
          <osmand:speed>6.6</osmand:speed>
        </extensions>
      </trkpt>
      <trkpt lat="55.3596002" lon="26.0512353">
        <ele>173.6</ele>
        <time>2026-07-18T12:55:49Z</time>
        <hdop>3.8</hdop>
        <extensions>
          <osmand:speed>14.4</osmand:speed>
        </extensions>
      </trkpt>
      <trkpt lat="55.3591811" lon="26.0527071">
        <ele>173.1</ele>
        <time>2026-07-18T12:55:55Z</time>
        <hdop>3.8</hdop>
        <extensions>
          <osmand:speed>16.9</osmand:speed>
        </extensions>
      </trkpt>
      <trkpt lat="55.358817" lon="26.0540183">
        <ele>174.5</ele>
        <time>2026-07-18T12:56:01Z</time>
        <hdop>3.8</hdop>
        <extensions>
          <osmand:speed>15.8</osmand:speed>
        </extensions>
      </trkpt>
      <trkpt lat="55.3587161" lon="26.0555064">
        <ele>174.7</ele>
        <time>2026-07-18T12:56:07Z</time>
        <hdop>3.8</hdop>
        <extensions>
          <osmand:speed>16</osmand:speed>
        </extensions>
      </trkpt>
      <trkpt lat="55.3585771" lon="26.0567901">
        <ele>177.2</ele>
        <time>2026-07-18T12:56:13Z</time>
        <hdop>3.8</hdop>
        <extensions>
          <osmand:speed>13.9</osmand:speed>
        </extensions>
      </trkpt>
      <trkpt lat="55.3584587" lon="26.0580398">
        <ele>173.6</ele>
        <time>2026-07-18T12:56:19Z</time>
        <hdop>3.8</hdop>
        <extensions>
          <osmand:speed>11.4</osmand:speed>
        </extensions>
      </trkpt>
      <trkpt lat="55.3580368" lon="26.0591751">
        <ele>169.8</ele>
        <time>2026-07-18T12:56:25Z</time>
        <hdop>4.2</hdop>
        <extensions>
          <osmand:speed>15.8</osmand:speed>
        </extensions>
      </trkpt>
      <trkpt lat="55.3576592" lon="26.060489">
        <ele>170.5</ele>
        <time>2026-07-18T12:56:31Z</time>
        <hdop>3.8</hdop>
        <extensions>
          <osmand:speed>14.6</osmand:speed>
        </extensions>
      </trkpt>
      <trkpt lat="55.35721" lon="26.0614071">
        <ele>170.8</ele>
        <time>2026-07-18T12:56:37Z</time>
        <hdop>4</hdop>
        <extensions>
          <osmand:speed>9.6</osmand:speed>
        </extensions>
      </trkpt>
      <trkpt lat="55.3568345" lon="26.0619084">
        <ele>171.8</ele>
        <time>2026-07-18T12:56:43Z</time>
        <hdop>3.8</hdop>
        <extensions>
          <osmand:speed>11.7</osmand:speed>
        </extensions>
      </trkpt>
      <trkpt lat="55.3561637" lon="26.0627534">
        <ele>172.1</ele>
        <time>2026-07-18T12:56:49Z</time>
        <hdop>3.8</hdop>
        <extensions>
          <osmand:speed>17.7</osmand:speed>
        </extensions>
      </trkpt>
      <trkpt lat="55.3554943" lon="26.0637131">
        <ele>171</ele>
        <time>2026-07-18T12:56:55Z</time>
        <hdop>3.8</hdop>
        <extensions>
          <osmand:speed>14.3</osmand:speed>
        </extensions>
      </trkpt>
      <trkpt lat="55.3548811" lon="26.0642585">
        <ele>171.5</ele>
        <time>2026-07-18T12:57:01Z</time>
        <hdop>4.1</hdop>
        <extensions>
          <osmand:speed>11.9</osmand:speed>
        </extensions>
      </trkpt>
      <trkpt lat="55.3544497" lon="26.0648607">
        <ele>174.8</ele>
        <time>2026-07-18T12:57:07Z</time>
        <hdop>3.8</hdop>
        <extensions>
          <osmand:speed>6.1</osmand:speed>
        </extensions>
      </trkpt>
      <trkpt lat="55.35411" lon="26.065015">
        <ele>175.5</ele>
        <time>2026-07-18T12:57:13Z</time>
        <hdop>3.8</hdop>
        <extensions>
          <osmand:speed>8.9</osmand:speed>
        </extensions>
      </trkpt>
      <trkpt lat="55.3535078" lon="26.0651011">
        <ele>178.1</ele>
        <time>2026-07-18T12:57:19Z</time>
        <hdop>3.8</hdop>
        <extensions>
          <osmand:speed>14.1</osmand:speed>
        </extensions>
      </trkpt>
      <trkpt lat="55.3526819" lon="26.065626">
        <ele>175.2</ele>
        <time>2026-07-18T12:57:25Z</time>
        <hdop>3.8</hdop>
        <extensions>
          <osmand:speed>17.4</osmand:speed>
        </extensions>
      </trkpt>
      <trkpt lat="55.3519782" lon="26.066331">
        <ele>177.6</ele>
        <time>2026-07-18T12:57:31Z</time>
        <hdop>3.8</hdop>
        <extensions>
          <osmand:speed>15.3</osmand:speed>
        </extensions>
      </trkpt>
      <trkpt lat="55.3511976" lon="26.066886">
        <ele>179</ele>
        <time>2026-07-18T12:57:37Z</time>
        <hdop>3.8</hdop>
        <extensions>
          <osmand:speed>15.2</osmand:speed>
        </extensions>
      </trkpt>
      <trkpt lat="55.3505814" lon="26.0671542">
        <ele>181.5</ele>
        <time>2026-07-18T12:57:43Z</time>
        <hdop>4.1</hdop>
        <extensions>
          <osmand:speed>8.7</osmand:speed>
        </extensions>
      </trkpt>
      <trkpt lat="55.350478" lon="26.0672402">
        <ele>184.1</ele>
        <time>2026-07-18T12:57:49Z</time>
        <hdop>4</hdop>
        <extensions>
          <osmand:speed>3.1</osmand:speed>
        </extensions>
      </trkpt>
      <trkpt lat="55.3501632" lon="26.067409">
        <ele>182</ele>
        <time>2026-07-18T12:57:55Z</time>
        <hdop>3.8</hdop>
        <extensions>
          <osmand:speed>8.7</osmand:speed>
        </extensions>
      </trkpt>
      <trkpt lat="55.349403" lon="26.0675114">
        <ele>177.1</ele>
        <time>2026-07-18T12:58:01Z</time>
        <hdop>3.8</hdop>
        <extensions>
          <osmand:speed>12.8</osmand:speed>
        </extensions>
      </trkpt>
      <trkpt lat="55.3486761" lon="26.0681056">
        <ele>174.7</ele>
        <time>2026-07-18T12:58:07Z</time>
        <hdop>3.8</hdop>
        <extensions>
          <osmand:speed>15.1</osmand:speed>
        </extensions>
      </trkpt>
      <trkpt lat="55.3478813" lon="26.0684329">
        <ele>172.5</ele>
        <time>2026-07-18T12:58:13Z</time>
        <hdop>3.8</hdop>
        <extensions>
          <osmand:speed>14</osmand:speed>
        </extensions>
      </trkpt>
      <trkpt lat="55.3472231" lon="26.0685833">
        <ele>174.8</ele>
        <time>2026-07-18T12:58:19Z</time>
        <hdop>3.8</hdop>
        <extensions>
          <osmand:speed>11.8</osmand:speed>
        </extensions>
      </trkpt>
      <trkpt lat="55.3464372" lon="26.0691315">
        <ele>173.5</ele>
        <time>2026-07-18T12:58:25Z</time>
        <hdop>3.8</hdop>
        <extensions>
          <osmand:speed>18.8</osmand:speed>
        </extensions>
      </trkpt>
      <trkpt lat="55.3455285" lon="26.0697926">
        <ele>171.4</ele>
        <time>2026-07-18T12:58:31Z</time>
        <hdop>3.8</hdop>
        <extensions>
          <osmand:speed>16.4</osmand:speed>
        </extensions>
      </trkpt>
      <trkpt lat="55.3446109" lon="26.0700064">
        <ele>170.2</ele>
        <time>2026-07-18T12:58:37Z</time>
        <hdop>3.8</hdop>
        <extensions>
          <osmand:speed>15.9</osmand:speed>
        </extensions>
      </trkpt>
      <trkpt lat="55.3437638" lon="26.0700371">
        <ele>169.4</ele>
        <time>2026-07-18T12:58:43Z</time>
        <hdop>3.8</hdop>
        <extensions>
          <osmand:speed>17.4</osmand:speed>
        </extensions>
      </trkpt>
      <trkpt lat="55.3427819" lon="26.0700528">
        <ele>168.2</ele>
        <time>2026-07-18T12:58:49Z</time>
        <hdop>3.8</hdop>
        <extensions>
          <osmand:speed>18.3</osmand:speed>
        </extensions>
      </trkpt>
      <trkpt lat="55.3419264" lon="26.0702541">
        <ele>166.3</ele>
        <time>2026-07-18T12:58:55Z</time>
        <hdop>3.8</hdop>
        <extensions>
          <osmand:speed>14.1</osmand:speed>
        </extensions>
      </trkpt>
      <trkpt lat="55.3412849" lon="26.0712304">
        <ele>164.3</ele>
        <time>2026-07-18T12:59:01Z</time>
        <hdop>3.8</hdop>
        <extensions>
          <osmand:speed>17.2</osmand:speed>
        </extensions>
      </trkpt>
      <trkpt lat="55.340564" lon="26.0722586">
        <ele>164.7</ele>
        <time>2026-07-18T12:59:07Z</time>
        <hdop>3.8</hdop>
        <extensions>
          <osmand:speed>16.5</osmand:speed>
        </extensions>
      </trkpt>
      <trkpt lat="55.3398674" lon="26.0732943">
        <ele>165.9</ele>
        <time>2026-07-18T12:59:13Z</time>
        <hdop>3.8</hdop>
        <extensions>
          <osmand:speed>16.9</osmand:speed>
        </extensions>
      </trkpt>
      <trkpt lat="55.3392133" lon="26.0744115">
        <ele>165.7</ele>
        <time>2026-07-18T12:59:19Z</time>
        <hdop>3.8</hdop>
        <extensions>
          <osmand:speed>17.3</osmand:speed>
        </extensions>
      </trkpt>
      <trkpt lat="55.3385741" lon="26.0755045">
        <ele>166.1</ele>
        <time>2026-07-18T12:59:25Z</time>
        <hdop>3.8</hdop>
        <extensions>
          <osmand:speed>14.7</osmand:speed>
        </extensions>
      </trkpt>
      <trkpt lat="55.3379851" lon="26.076495">
        <ele>166</ele>
        <time>2026-07-18T12:59:31Z</time>
        <hdop>3.8</hdop>
        <extensions>
          <osmand:speed>15.2</osmand:speed>
        </extensions>
      </trkpt>
      <trkpt lat="55.33739" lon="26.0775012">
        <ele>166.5</ele>
        <time>2026-07-18T12:59:37Z</time>
        <hdop>3.8</hdop>
        <extensions>
          <osmand:speed>15.4</osmand:speed>
        </extensions>
      </trkpt>
      <trkpt lat="55.336798" lon="26.0785366">
        <ele>166.3</ele>
        <time>2026-07-18T12:59:43Z</time>
        <hdop>3.8</hdop>
        <extensions>
          <osmand:speed>15.5</osmand:speed>
        </extensions>
      </trkpt>
      <trkpt lat="55.3362066" lon="26.0795674">
        <ele>166.1</ele>
        <time>2026-07-18T12:59:49Z</time>
        <hdop>3.8</hdop>
        <extensions>
          <osmand:speed>15.3</osmand:speed>
        </extensions>
      </trkpt>
      <trkpt lat="55.3355861" lon="26.0806212">
        <ele>167</ele>
        <time>2026-07-18T12:59:55Z</time>
        <hdop>3.8</hdop>
        <extensions>
          <osmand:speed>15.5</osmand:speed>
        </extensions>
      </trkpt>
      <trkpt lat="55.3351039" lon="26.0815822">
        <ele>166.3</ele>
        <time>2026-07-18T13:00:01Z</time>
        <hdop>3.8</hdop>
        <extensions>
          <osmand:speed>12.5</osmand:speed>
        </extensions>
      </trkpt>
      <trkpt lat="55.3353518" lon="26.0825183">
        <ele>166.6</ele>
        <time>2026-07-18T13:00:07Z</time>
        <hdop>3.8</hdop>
        <extensions>
          <osmand:speed>15.8</osmand:speed>
        </extensions>
      </trkpt>
      <trkpt lat="55.3362067" lon="26.083828">
        <ele>167.7</ele>
        <time>2026-07-18T13:00:13Z</time>
        <hdop>3.8</hdop>
        <extensions>
          <osmand:speed>21.5</osmand:speed>
        </extensions>
      </trkpt>
      <trkpt lat="55.3371005" lon="26.0850906">
        <ele>172.1</ele>
        <time>2026-07-18T13:00:19Z</time>
        <hdop>3.8</hdop>
        <extensions>
          <osmand:speed>21.8</osmand:speed>
        </extensions>
      </trkpt>
      <trkpt lat="55.3379838" lon="26.086373">
        <ele>172.7</ele>
        <time>2026-07-18T13:00:25Z</time>
        <hdop>3.8</hdop>
        <extensions>
          <osmand:speed>20.7</osmand:speed>
        </extensions>
      </trkpt>
      <trkpt lat="55.3387329" lon="26.087871">
        <ele>172.3</ele>
        <time>2026-07-18T13:00:31Z</time>
        <hdop>3.8</hdop>
        <extensions>
          <osmand:speed>21.2</osmand:speed>
        </extensions>
      </trkpt>
      <trkpt lat="55.3391802" lon="26.0895188">
        <ele>173.2</ele>
        <time>2026-07-18T13:00:37Z</time>
        <hdop>3.8</hdop>
        <extensions>
          <osmand:speed>18.5</osmand:speed>
        </extensions>
      </trkpt>
      <trkpt lat="55.3391768" lon="26.0915103">
        <ele>168.3</ele>
        <time>2026-07-18T13:00:43Z</time>
        <hdop>3.8</hdop>
        <extensions>
          <osmand:speed>22.6</osmand:speed>
        </extensions>
      </trkpt>
      <trkpt lat="55.3392498" lon="26.0932566">
        <ele>166.6</ele>
        <time>2026-07-18T13:00:49Z</time>
        <hdop>3.8</hdop>
        <extensions>
          <osmand:speed>14.7</osmand:speed>
        </extensions>
      </trkpt>
      <trkpt lat="55.3397653" lon="26.0942188">
        <ele>169.8</ele>
        <time>2026-07-18T13:00:55Z</time>
        <hdop>3.8</hdop>
        <extensions>
          <osmand:speed>14.3</osmand:speed>
        </extensions>
      </trkpt>
      <trkpt lat="55.3404547" lon="26.0949271">
        <ele>168.2</ele>
        <time>2026-07-18T13:01:01Z</time>
        <hdop>3.8</hdop>
        <extensions>
          <osmand:speed>16.3</osmand:speed>
        </extensions>
      </trkpt>
      <trkpt lat="55.3409473" lon="26.0958501">
        <ele>166.8</ele>
        <time>2026-07-18T13:01:07Z</time>
        <hdop>3.8</hdop>
        <extensions>
          <osmand:speed>14</osmand:speed>
        </extensions>
      </trkpt>
      <trkpt lat="55.341287" lon="26.0971436">
        <ele>170.3</ele>
        <time>2026-07-18T13:01:13Z</time>
        <hdop>3.8</hdop>
        <extensions>
          <osmand:speed>15.6</osmand:speed>
        </extensions>
      </trkpt>
      <trkpt lat="55.3416165" lon="26.0984682">
        <ele>175</ele>
        <time>2026-07-18T13:01:19Z</time>
        <hdop>3.8</hdop>
        <extensions>
          <osmand:speed>14.4</osmand:speed>
        </extensions>
      </trkpt>
      <trkpt lat="55.3421061" lon="26.0994921">
        <ele>175.7</ele>
        <time>2026-07-18T13:01:25Z</time>
        <hdop>3.8</hdop>
        <extensions>
          <osmand:speed>13.6</osmand:speed>
        </extensions>
      </trkpt>
      <trkpt lat="55.3427153" lon="26.1002491">
        <ele>178.6</ele>
        <time>2026-07-18T13:01:31Z</time>
        <hdop>3.8</hdop>
        <extensions>
          <osmand:speed>13.8</osmand:speed>
        </extensions>
      </trkpt>
      <trkpt lat="55.3432726" lon="26.1011978">
        <ele>177</ele>
        <time>2026-07-18T13:01:37Z</time>
        <hdop>3.8</hdop>
        <extensions>
          <osmand:speed>14.3</osmand:speed>
        </extensions>
      </trkpt>
      <trkpt lat="55.3438469" lon="26.1020396">
        <ele>174</ele>
        <time>2026-07-18T13:01:43Z</time>
        <hdop>3.8</hdop>
        <extensions>
          <osmand:speed>13.2</osmand:speed>
        </extensions>
      </trkpt>
      <trkpt lat="55.3442586" lon="26.1027404">
        <ele>175</ele>
        <time>2026-07-18T13:01:49Z</time>
        <hdop>3.8</hdop>
        <extensions>
          <osmand:speed>10.6</osmand:speed>
        </extensions>
      </trkpt>
      <trkpt lat="55.3442855" lon="26.1037842">
        <ele>175.4</ele>
        <time>2026-07-18T13:01:55Z</time>
        <hdop>3.8</hdop>
        <extensions>
          <osmand:speed>8.1</osmand:speed>
        </extensions>
      </trkpt>
      <trkpt lat="55.3444596" lon="26.1045901">
        <ele>177.1</ele>
        <time>2026-07-18T13:02:01Z</time>
        <hdop>3.8</hdop>
        <extensions>
          <osmand:speed>9.4</osmand:speed>
        </extensions>
      </trkpt>
      <trkpt lat="55.3446636" lon="26.1050342">
        <ele>180.7</ele>
        <time>2026-07-18T13:02:07Z</time>
        <hdop>4.1</hdop>
        <extensions>
          <osmand:speed>7.3</osmand:speed>
        </extensions>
      </trkpt>
      <trkpt lat="55.3452251" lon="26.1055491">
        <ele>182.2</ele>
        <time>2026-07-18T13:02:13Z</time>
        <hdop>3.8</hdop>
        <extensions>
          <osmand:speed>11.6</osmand:speed>
        </extensions>
      </trkpt>
      <trkpt lat="55.345755" lon="26.1061276">
        <ele>184.8</ele>
        <time>2026-07-18T13:02:19Z</time>
        <hdop>3.8</hdop>
        <extensions>
          <osmand:speed>11.3</osmand:speed>
        </extensions>
      </trkpt>
      <trkpt lat="55.3461428" lon="26.1069455">
        <ele>183.9</ele>
        <time>2026-07-18T13:02:25Z</time>
        <hdop>3.8</hdop>
        <extensions>
          <osmand:speed>11.3</osmand:speed>
        </extensions>
      </trkpt>
      <trkpt lat="55.3460416" lon="26.1081839">
        <ele>180.4</ele>
        <time>2026-07-18T13:02:31Z</time>
        <hdop>3.8</hdop>
        <extensions>
          <osmand:speed>15.8</osmand:speed>
        </extensions>
      </trkpt>
      <trkpt lat="55.3458326" lon="26.1099186">
        <ele>179.6</ele>
        <time>2026-07-18T13:02:37Z</time>
        <hdop>3.8</hdop>
        <extensions>
          <osmand:speed>20.3</osmand:speed>
        </extensions>
      </trkpt>
      <trkpt lat="55.3455196" lon="26.1113644">
        <ele>179</ele>
        <time>2026-07-18T13:02:43Z</time>
        <hdop>3.8</hdop>
        <extensions>
          <osmand:speed>13.8</osmand:speed>
        </extensions>
      </trkpt>
      <trkpt lat="55.3452754" lon="26.1121465">
        <ele>177.8</ele>
        <time>2026-07-18T13:02:49Z</time>
        <hdop>3.8</hdop>
        <extensions>
          <osmand:speed>5.3</osmand:speed>
        </extensions>
      </trkpt>
      <trkpt lat="55.3451123" lon="26.1119626">
        <ele>179</ele>
        <time>2026-07-18T13:02:55Z</time>
        <hdop>3.8</hdop>
        <extensions>
          <osmand:speed>0.8</osmand:speed>
        </extensions>
      </trkpt>
      <trkpt lat="55.3450721" lon="26.111926">
        <ele>181.6</ele>
        <time>2026-07-18T13:03:04Z</time>
        <hdop>3.8</hdop>
        <extensions>
          <osmand:speed>4.3</osmand:speed>
        </extensions>
      </trkpt>
      <trkpt lat="55.3449923" lon="26.11189">
        <ele>182.6</ele>
        <time>2026-07-18T13:03:10Z</time>
        <hdop>3.8</hdop>
        <extensions>
          <osmand:speed>1</osmand:speed>
        </extensions>
      </trkpt>
      <trkpt lat="55.3450488" lon="26.1119382">
        <ele>181.6</ele>
        <time>2026-07-18T13:03:18Z</time>
        <hdop>3.8</hdop>
        <extensions>
          <osmand:speed>5.3</osmand:speed>
        </extensions>
      </trkpt>
      <trkpt lat="55.3452515" lon="26.112476">
        <ele>179.1</ele>
        <time>2026-07-18T13:03:24Z</time>
        <hdop>3.8</hdop>
        <extensions>
          <osmand:speed>7.7</osmand:speed>
        </extensions>
      </trkpt>
      <trkpt lat="55.3452125" lon="26.1126288">
        <ele>179.1</ele>
        <time>2026-07-18T13:03:30Z</time>
        <hdop>3.8</hdop>
      </trkpt>
      <trkpt lat="55.3451677" lon="26.1127417">
        <ele>179.5</ele>
        <time>2026-07-18T13:03:50Z</time>
        <hdop>3.8</hdop>
        <extensions>
          <osmand:speed>5.5</osmand:speed>
        </extensions>
      </trkpt>
      <trkpt lat="55.3449499" lon="26.1136795">
        <ele>178.6</ele>
        <time>2026-07-18T13:03:56Z</time>
        <hdop>3.8</hdop>
        <extensions>
          <osmand:speed>13.5</osmand:speed>
        </extensions>
      </trkpt>
      <trkpt lat="55.3446102" lon="26.1150465">
        <ele>178.4</ele>
        <time>2026-07-18T13:04:02Z</time>
        <hdop>3.8</hdop>
        <extensions>
          <osmand:speed>16.3</osmand:speed>
        </extensions>
      </trkpt>
      <trkpt lat="55.3442739" lon="26.1164508">
        <ele>177.9</ele>
        <time>2026-07-18T13:04:08Z</time>
        <hdop>3.8</hdop>
        <extensions>
          <osmand:speed>16</osmand:speed>
        </extensions>
      </trkpt>
      <trkpt lat="55.3439505" lon="26.1176262">
        <ele>176.3</ele>
        <time>2026-07-18T13:04:14Z</time>
        <hdop>3.8</hdop>
        <extensions>
          <osmand:speed>11.6</osmand:speed>
        </extensions>
      </trkpt>
      <trkpt lat="55.3432389" lon="26.1180874">
        <ele>174.4</ele>
        <time>2026-07-18T13:04:20Z</time>
        <hdop>3.8</hdop>
        <extensions>
          <osmand:speed>17.2</osmand:speed>
        </extensions>
      </trkpt>
      <trkpt lat="55.3423976" lon="26.1191221">
        <ele>175.9</ele>
        <time>2026-07-18T13:04:26Z</time>
        <hdop>3.8</hdop>
        <extensions>
          <osmand:speed>21.2</osmand:speed>
        </extensions>
      </trkpt>
      <trkpt lat="55.3418483" lon="26.1210523">
        <ele>180</ele>
        <time>2026-07-18T13:04:32Z</time>
        <hdop>3.8</hdop>
        <extensions>
          <osmand:speed>22.9</osmand:speed>
        </extensions>
      </trkpt>
      <trkpt lat="55.341329" lon="26.1230157">
        <ele>179.2</ele>
        <time>2026-07-18T13:04:38Z</time>
        <hdop>3.8</hdop>
        <extensions>
          <osmand:speed>22.5</osmand:speed>
        </extensions>
      </trkpt>
      <trkpt lat="55.3408144" lon="26.1249794">
        <ele>179.2</ele>
        <time>2026-07-18T13:04:44Z</time>
        <hdop>3.8</hdop>
        <extensions>
          <osmand:speed>23.7</osmand:speed>
        </extensions>
      </trkpt>
      <trkpt lat="55.340294" lon="26.1268842">
        <ele>180.4</ele>
        <time>2026-07-18T13:04:50Z</time>
        <hdop>3.8</hdop>
        <extensions>
          <osmand:speed>22.4</osmand:speed>
        </extensions>
      </trkpt>
      <trkpt lat="55.3397853" lon="26.1288014">
        <ele>180.3</ele>
        <time>2026-07-18T13:04:56Z</time>
        <hdop>3.8</hdop>
        <extensions>
          <osmand:speed>22</osmand:speed>
        </extensions>
      </trkpt>
      <trkpt lat="55.3393024" lon="26.1306339">
        <ele>182.3</ele>
        <time>2026-07-18T13:05:02Z</time>
        <hdop>3.8</hdop>
        <extensions>
          <osmand:speed>21.2</osmand:speed>
        </extensions>
      </trkpt>
      <trkpt lat="55.3388138" lon="26.1323246">
        <ele>183.7</ele>
        <time>2026-07-18T13:05:08Z</time>
        <hdop>3.8</hdop>
        <extensions>
          <osmand:speed>17.8</osmand:speed>
        </extensions>
      </trkpt>
      <trkpt lat="55.3382601" lon="26.133467">
        <ele>184.9</ele>
        <time>2026-07-18T13:05:14Z</time>
        <hdop>3.8</hdop>
        <extensions>
          <osmand:speed>13.6</osmand:speed>
        </extensions>
      </trkpt>
      <trkpt lat="55.3378764" lon="26.1340912">
        <ele>184.5</ele>
        <time>2026-07-18T13:05:20Z</time>
        <hdop>3.8</hdop>
        <extensions>
          <osmand:speed>4.4</osmand:speed>
        </extensions>
      </trkpt>
      <trkpt lat="55.3378346" lon="26.1342234">
        <ele>184.3</ele>
        <time>2026-07-18T13:05:26Z</time>
        <hdop>3.8</hdop>
        <extensions>
          <osmand:speed>4.1</osmand:speed>
        </extensions>
      </trkpt>
      <trkpt lat="55.3381456" lon="26.1352789">
        <ele>183.8</ele>
        <time>2026-07-18T13:05:32Z</time>
        <hdop>3.8</hdop>
        <extensions>
          <osmand:speed>20.6</osmand:speed>
        </extensions>
      </trkpt>
      <trkpt lat="55.3387121" lon="26.137091">
        <ele>183.6</ele>
        <time>2026-07-18T13:05:38Z</time>
        <hdop>3.8</hdop>
        <extensions>
          <osmand:speed>22.8</osmand:speed>
        </extensions>
      </trkpt>
      <trkpt lat="55.3391457" lon="26.1391421">
        <ele>185.1</ele>
        <time>2026-07-18T13:05:44Z</time>
        <hdop>3.8</hdop>
        <extensions>
          <osmand:speed>22.1</osmand:speed>
        </extensions>
      </trkpt>
      <trkpt lat="55.3392944" lon="26.1409738">
        <ele>187.8</ele>
        <time>2026-07-18T13:05:50Z</time>
        <hdop>3.8</hdop>
        <extensions>
          <osmand:speed>18.5</osmand:speed>
        </extensions>
      </trkpt>
      <trkpt lat="55.3392929" lon="26.1425581">
        <ele>189.7</ele>
        <time>2026-07-18T13:05:56Z</time>
        <hdop>3.8</hdop>
        <extensions>
          <osmand:speed>15.2</osmand:speed>
        </extensions>
      </trkpt>
      <trkpt lat="55.3392491" lon="26.1440146">
        <ele>191</ele>
        <time>2026-07-18T13:06:02Z</time>
        <hdop>3.8</hdop>
        <extensions>
          <osmand:speed>15.2</osmand:speed>
        </extensions>
      </trkpt>
      <trkpt lat="55.3392158" lon="26.1453818">
        <ele>191.1</ele>
        <time>2026-07-18T13:06:08Z</time>
        <hdop>3.8</hdop>
        <extensions>
          <osmand:speed>13</osmand:speed>
        </extensions>
      </trkpt>
      <trkpt lat="55.3391114" lon="26.1462018">
        <ele>190.8</ele>
        <time>2026-07-18T13:06:14Z</time>
        <hdop>3.8</hdop>
        <extensions>
          <osmand:speed>6</osmand:speed>
        </extensions>
      </trkpt>
      <trkpt lat="55.3390026" lon="26.1457501">
        <ele>190.9</ele>
        <time>2026-07-18T13:06:20Z</time>
        <hdop>3.8</hdop>
        <extensions>
          <osmand:speed>4.2</osmand:speed>
        </extensions>
      </trkpt>
      <trkpt lat="55.3390177" lon="26.1456279">
        <ele>190.7</ele>
        <time>2026-07-18T13:06:26Z</time>
        <hdop>3.8</hdop>
      </trkpt>
      <trkpt lat="55.3390218" lon="26.1455065">
        <ele>188.1</ele>
        <time>2026-07-18T13:12:17Z</time>
        <hdop>3.8</hdop>
        <extensions>
          <osmand:speed>3.4</osmand:speed>
        </extensions>
      </trkpt>
      <trkpt lat="55.339066" lon="26.1450269">
        <ele>190.3</ele>
        <time>2026-07-18T13:12:23Z</time>
        <hdop>3.8</hdop>
        <extensions>
          <osmand:speed>5</osmand:speed>
        </extensions>
      </trkpt>
      <trkpt lat="55.3391741" lon="26.144925">
        <ele>191.6</ele>
        <time>2026-07-18T13:12:29Z</time>
        <hdop>3.8</hdop>
        <extensions>
          <osmand:speed>3.4</osmand:speed>
        </extensions>
      </trkpt>
      <trkpt lat="55.3392726" lon="26.1440527">
        <ele>191.7</ele>
        <time>2026-07-18T13:12:35Z</time>
        <hdop>3.8</hdop>
        <extensions>
          <osmand:speed>14.6</osmand:speed>
        </extensions>
      </trkpt>
      <trkpt lat="55.3393217" lon="26.1424255">
        <ele>191.3</ele>
        <time>2026-07-18T13:12:41Z</time>
        <hdop>3.8</hdop>
        <extensions>
          <osmand:speed>17.5</osmand:speed>
        </extensions>
      </trkpt>
      <trkpt lat="55.3393119" lon="26.1407808">
        <ele>189.4</ele>
        <time>2026-07-18T13:12:47Z</time>
        <hdop>3.8</hdop>
        <extensions>
          <osmand:speed>16.2</osmand:speed>
        </extensions>
      </trkpt>
      <trkpt lat="55.3391483" lon="26.1390708">
        <ele>186.9</ele>
        <time>2026-07-18T13:12:53Z</time>
        <hdop>3.8</hdop>
        <extensions>
          <osmand:speed>19.6</osmand:speed>
        </extensions>
      </trkpt>
      <trkpt lat="55.3388018" lon="26.1373605">
        <ele>186.3</ele>
        <time>2026-07-18T13:12:59Z</time>
        <hdop>3.8</hdop>
        <extensions>
          <osmand:speed>18.4</osmand:speed>
        </extensions>
      </trkpt>
      <trkpt lat="55.3383427" lon="26.1358367">
        <ele>186.4</ele>
        <time>2026-07-18T13:13:05Z</time>
        <hdop>3.8</hdop>
        <extensions>
          <osmand:speed>17.9</osmand:speed>
        </extensions>
      </trkpt>
      <trkpt lat="55.3379523" lon="26.1346432">
        <ele>186.7</ele>
        <time>2026-07-18T13:13:11Z</time>
        <hdop>3.8</hdop>
        <extensions>
          <osmand:speed>10.6</osmand:speed>
        </extensions>
      </trkpt>
      <trkpt lat="55.3380091" lon="26.1339305">
        <ele>187.2</ele>
        <time>2026-07-18T13:13:17Z</time>
        <hdop>3.8</hdop>
        <extensions>
          <osmand:speed>13.2</osmand:speed>
        </extensions>
      </trkpt>
      <trkpt lat="55.338672" lon="26.1327654">
        <ele>187.1</ele>
        <time>2026-07-18T13:13:23Z</time>
        <hdop>3.8</hdop>
        <extensions>
          <osmand:speed>19.3</osmand:speed>
        </extensions>
      </trkpt>
      <trkpt lat="55.3392699" lon="26.1308066">
        <ele>185.1</ele>
        <time>2026-07-18T13:13:29Z</time>
        <hdop>3.8</hdop>
        <extensions>
          <osmand:speed>24.3</osmand:speed>
        </extensions>
      </trkpt>
      <trkpt lat="55.3398189" lon="26.1287541">
        <ele>183.1</ele>
        <time>2026-07-18T13:13:35Z</time>
        <hdop>3.8</hdop>
        <extensions>
          <osmand:speed>22.8</osmand:speed>
        </extensions>
      </trkpt>
      <trkpt lat="55.3403482" lon="26.1267547">
        <ele>183.1</ele>
        <time>2026-07-18T13:13:41Z</time>
        <hdop>3.8</hdop>
        <extensions>
          <osmand:speed>24.5</osmand:speed>
        </extensions>
      </trkpt>
      <trkpt lat="55.3408958" lon="26.1247319">
        <ele>181.2</ele>
        <time>2026-07-18T13:13:47Z</time>
        <hdop>3.8</hdop>
        <extensions>
          <osmand:speed>23.6</osmand:speed>
        </extensions>
      </trkpt>
      <trkpt lat="55.3414214" lon="26.122823">
        <ele>181.7</ele>
        <time>2026-07-18T13:13:53Z</time>
        <hdop>3.8</hdop>
        <extensions>
          <osmand:speed>24.2</osmand:speed>
        </extensions>
      </trkpt>
      <trkpt lat="55.3419029" lon="26.1209286">
        <ele>181.5</ele>
        <time>2026-07-18T13:13:59Z</time>
        <hdop>3.8</hdop>
        <extensions>
          <osmand:speed>21.7</osmand:speed>
        </extensions>
      </trkpt>
      <trkpt lat="55.3424324" lon="26.1191367">
        <ele>176.6</ele>
        <time>2026-07-18T13:14:05Z</time>
        <hdop>3.8</hdop>
        <extensions>
          <osmand:speed>19.5</osmand:speed>
        </extensions>
      </trkpt>
      <trkpt lat="55.343248" lon="26.1181446">
        <ele>175.6</ele>
        <time>2026-07-18T13:14:11Z</time>
        <hdop>3.8</hdop>
        <extensions>
          <osmand:speed>18.1</osmand:speed>
        </extensions>
      </trkpt>
      <trkpt lat="55.3439662" lon="26.1176213">
        <ele>177.3</ele>
        <time>2026-07-18T13:14:17Z</time>
        <hdop>3.8</hdop>
        <extensions>
          <osmand:speed>12</osmand:speed>
        </extensions>
      </trkpt>
      <trkpt lat="55.344279" lon="26.1164367">
        <ele>178.8</ele>
        <time>2026-07-18T13:14:23Z</time>
        <hdop>3.8</hdop>
        <extensions>
          <osmand:speed>12.6</osmand:speed>
        </extensions>
      </trkpt>
      <trkpt lat="55.3446177" lon="26.1150279">
        <ele>179.4</ele>
        <time>2026-07-18T13:14:29Z</time>
        <hdop>3.8</hdop>
        <extensions>
          <osmand:speed>23.1</osmand:speed>
        </extensions>
      </trkpt>
      <trkpt lat="55.3450656" lon="26.113187">
        <ele>179.2</ele>
        <time>2026-07-18T13:14:35Z</time>
        <hdop>3.8</hdop>
        <extensions>
          <osmand:speed>17.9</osmand:speed>
        </extensions>
      </trkpt>
      <trkpt lat="55.3452324" lon="26.1121696">
        <ele>181.5</ele>
        <time>2026-07-18T13:14:41Z</time>
        <hdop>3.8</hdop>
        <extensions>
          <osmand:speed>7.3</osmand:speed>
        </extensions>
      </trkpt>
      <trkpt lat="55.3446976" lon="26.1114896">
        <ele>184.4</ele>
        <time>2026-07-18T13:14:47Z</time>
        <hdop>3.8</hdop>
        <extensions>
          <osmand:speed>12.8</osmand:speed>
        </extensions>
      </trkpt>
      <trkpt lat="55.3440234" lon="26.1110017">
        <ele>183.8</ele>
        <time>2026-07-18T13:14:53Z</time>
        <hdop>3.8</hdop>
        <extensions>
          <osmand:speed>11.9</osmand:speed>
        </extensions>
      </trkpt>
      <trkpt lat="55.343713" lon="26.1112243">
        <ele>185.9</ele>
        <time>2026-07-18T13:14:59Z</time>
        <hdop>3.8</hdop>
        <extensions>
          <osmand:speed>2.7</osmand:speed>
        </extensions>
      </trkpt>
      <trkpt lat="55.3436902" lon="26.1113327">
        <ele>187.1</ele>
        <time>2026-07-18T13:15:05Z</time>
        <hdop>3.8</hdop>
      </trkpt>
    </trkseg>
  </trk>
</gpx>