<?xml version="1.0" encoding="utf-8"?>
<gpx creator="Garmin Explore App" version="1.1" xmlns:adv="http://www.garmin.com/xmlschemas/AdventuresExtensions/v1" xmlns:gpxtpx="http://www.garmin.com/xmlschemas/TrackPointExtension/v1" xmlns:gpxtrx="http://www.garmin.com/xmlschemas/GpxExtensions/v3" xmlns:gpxx="http://www.garmin.com/xmlschemas/GpxExtensions/v3" xmlns:trp="http://www.garmin.com/xmlschemas/TripExtensions/v1" xmlns:wptx1="http://www.garmin.com/xmlschemas/WaypointExtension/v1" xmlns:xsi="http://www.w3.org/2001/XMLSchema-instance" xmlns="http://www.topografix.com/GPX/1/1" xsi:schemaLocation="http://www.topografix.com/GPX/1/1 http://www.topografix.com/GPX/1/1/gpx.xsd http://www.garmin.com/xmlschemas/WaypointExtension/v1 http://www8.garmin.com/xmlschemas/WaypointExtensionv1.xsd http://www.garmin.com/xmlschemas/TrackPointExtension/v1 http://www.garmin.com/xmlschemas/TrackPointExtensionv1.xsd http://www.garmin.com/xmlschemas/GpxExtensions/v3 http://www8.garmin.com/xmlschemas/GpxExtensionsv3.xsd http://www.garmin.com/xmlschemas/ActivityExtension/v1 http://www8.garmin.com/xmlschemas/ActivityExtensionv1.xsd http://www.garmin.com/xmlschemas/AdventuresExtensions/v1 http://www8.garmin.com/xmlschemas/AdventuresExtensionv1.xsd http://www.garmin.com/xmlschemas/PressureExtension/v1 http://www.garmin.com/xmlschemas/PressureExtensionv1.xsd">
	<metadata>
		<name>vmmoto linija</name>
		<link href="http://www.garmin.com">
			<text>Garmin International</text>
		</link>
		<time>2026-03-24T19:34:05Z</time>
	</metadata>
	<trk>
		<name>vmmoto linija</name>
		<extensions>
			<gpxx:TrackExtension>
				<gpxx:DisplayColor>Cyan</gpxx:DisplayColor>
			</gpxx:TrackExtension>
		</extensions>
		<trkseg>
			<trkpt lat="54.60420370101929" lon="25.38377285003662">
				<ele>207.77999877929688</ele>
				<time>2025-03-02T07:34:18Z</time>
			</trkpt>
			<trkpt lat="54.598127007484436" lon="25.34724247455597">
				<ele>172.2100067138672</ele>
				<time>2025-03-02T08:01:12Z</time>
			</trkpt>
			<trkpt lat="54.59813094139099" lon="25.34718930721283">
				<ele>170.2899932861328</ele>
				<time>2025-03-02T08:01:25Z</time>
			</trkpt>
			<trkpt lat="54.59813058376312" lon="25.347203612327576">
				<ele>169.80999755859375</ele>
				<time>2025-03-02T08:01:37Z</time>
			</trkpt>
			<trkpt lat="54.59815037250519" lon="25.34731888771057">
				<ele>169.80999755859375</ele>
				<time>2025-03-02T08:01:39Z</time>
			</trkpt>
			<trkpt lat="54.59816634654999" lon="25.34741234779358">
				<ele>169.80999755859375</ele>
				<time>2025-03-02T08:01:40Z</time>
			</trkpt>
			<trkpt lat="54.59818518161774" lon="25.347537398338318">
				<ele>169.80999755859375</ele>
				<time>2025-03-02T08:01:41Z</time>
			</trkpt>
			<trkpt lat="54.5983464717865" lon="25.348864555358887">
				<ele>170.77000427246094</ele>
				<time>2025-03-02T08:01:47Z</time>
			</trkpt>
			<trkpt lat="54.59839475154877" lon="25.349404335021973">
				<ele>171.72999572753906</ele>
				<time>2025-03-02T08:01:49Z</time>
			</trkpt>
			<trkpt lat="54.59838080406189" lon="25.34963369369507">
				<ele>172.2100067138672</ele>
				<time>2025-03-02T08:01:50Z</time>
			</trkpt>
			<trkpt lat="54.59833061695099" lon="25.34986436367035">
				<ele>172.2100067138672</ele>
				<time>2025-03-02T08:01:51Z</time>
			</trkpt>
			<trkpt lat="54.598246455192566" lon="25.350114583969116">
				<ele>172.69000244140625</ele>
				<time>2025-03-02T08:01:52Z</time>
			</trkpt>
			<trkpt lat="54.59814393520355" lon="25.350377678871155">
				<ele>172.69000244140625</ele>
				<time>2025-03-02T08:01:53Z</time>
			</trkpt>
			<trkpt lat="54.59785830974579" lon="25.35104262828827">
				<ele>174.13999938964844</ele>
				<time>2025-03-02T08:01:57Z</time>
			</trkpt>
			<trkpt lat="54.59787118434906" lon="25.35113787651062">
				<ele>174.13999938964844</ele>
				<time>2025-03-02T08:01:58Z</time>
			</trkpt>
			<trkpt lat="54.59791707992554" lon="25.351230263710022">
				<ele>174.6199951171875</ele>
				<time>2025-03-02T08:01:59Z</time>
			</trkpt>
			<trkpt lat="54.59799134731293" lon="25.35132586956024">
				<ele>174.6199951171875</ele>
				<time>2025-03-02T08:02:00Z</time>
			</trkpt>
			<trkpt lat="54.59808671474457" lon="25.35142946243286">
				<ele>174.6199951171875</ele>
				<time>2025-03-02T08:02:01Z</time>
			</trkpt>
			<trkpt lat="54.59828293323517" lon="25.351592898368835">
				<ele>175.10000610351562</ele>
				<time>2025-03-02T08:02:03Z</time>
			</trkpt>
			<trkpt lat="54.5983864068985" lon="25.351614594459534">
				<ele>175.10000610351562</ele>
				<time>2025-03-02T08:02:04Z</time>
			</trkpt>
			<trkpt lat="54.598496198654175" lon="25.35159718990326">
				<ele>175.10000610351562</ele>
				<time>2025-03-02T08:02:05Z</time>
			</trkpt>
			<trkpt lat="54.59860396385193" lon="25.351557970046997">
				<ele>175.10000610351562</ele>
				<time>2025-03-02T08:02:06Z</time>
			</trkpt>
			<trkpt lat="54.598708748817444" lon="25.35149919986725">
				<ele>175.10000610351562</ele>
				<time>2025-03-02T08:02:07Z</time>
			</trkpt>
			<trkpt lat="54.598811984062195" lon="25.351417064666748">
				<ele>175.10000610351562</ele>
				<time>2025-03-02T08:02:08Z</time>
			</trkpt>
			<trkpt lat="54.598910212516785" lon="25.351309180259705">
				<ele>175.10000610351562</ele>
				<time>2025-03-02T08:02:09Z</time>
			</trkpt>
			<trkpt lat="54.59901404380798" lon="25.35119616985321">
				<ele>175.10000610351562</ele>
				<time>2025-03-02T08:02:10Z</time>
			</trkpt>
			<trkpt lat="54.59913384914398" lon="25.351100206375122">
				<ele>175.10000610351562</ele>
				<time>2025-03-02T08:02:11Z</time>
			</trkpt>
			<trkpt lat="54.599257946014404" lon="25.35102343559265">
				<ele>175.10000610351562</ele>
				<time>2025-03-02T08:02:12Z</time>
			</trkpt>
			<trkpt lat="54.59952402114868" lon="25.350924730300903">
				<ele>175.10000610351562</ele>
				<time>2025-03-02T08:02:15Z</time>
			</trkpt>
			<trkpt lat="54.59958851337433" lon="25.350975394248962">
				<ele>175.10000610351562</ele>
				<time>2025-03-02T08:02:16Z</time>
			</trkpt>
			<trkpt lat="54.59964191913605" lon="25.351089596748352">
				<ele>175.10000610351562</ele>
				<time>2025-03-02T08:02:17Z</time>
			</trkpt>
			<trkpt lat="54.5996789932251" lon="25.35125207901001">
				<ele>175.10000610351562</ele>
				<time>2025-03-02T08:02:18Z</time>
			</trkpt>
			<trkpt lat="54.59970533847809" lon="25.351449489593506">
				<ele>175.10000610351562</ele>
				<time>2025-03-02T08:02:19Z</time>
			</trkpt>
			<trkpt lat="54.59972321987152" lon="25.351680636405945">
				<ele>175.5800018310547</ele>
				<time>2025-03-02T08:02:20Z</time>
			</trkpt>
			<trkpt lat="54.59973657131195" lon="25.3519424200058">
				<ele>176.05999755859375</ele>
				<time>2025-03-02T08:02:21Z</time>
			</trkpt>
			<trkpt lat="54.599790811538696" lon="25.35403060913086">
				<ele>177.5</ele>
				<time>2025-03-02T08:02:28Z</time>
			</trkpt>
			<trkpt lat="54.59978210926056" lon="25.354611992836">
				<ele>177.02000427246094</ele>
				<time>2025-03-02T08:02:32Z</time>
			</trkpt>
			<trkpt lat="54.599801898002625" lon="25.354692459106445">
				<ele>177.02000427246094</ele>
				<time>2025-03-02T08:02:33Z</time>
			</trkpt>
			<trkpt lat="54.59985077381134" lon="25.3547420501709">
				<ele>177.02000427246094</ele>
				<time>2025-03-02T08:02:34Z</time>
			</trkpt>
			<trkpt lat="54.59993028640747" lon="25.354744911193848">
				<ele>177.02000427246094</ele>
				<time>2025-03-02T08:02:35Z</time>
			</trkpt>
			<trkpt lat="54.6000497341156" lon="25.35470199584961">
				<ele>177.02000427246094</ele>
				<time>2025-03-02T08:02:36Z</time>
			</trkpt>
			<trkpt lat="54.60020458698273" lon="25.35463011264801">
				<ele>177.02000427246094</ele>
				<time>2025-03-02T08:02:37Z</time>
			</trkpt>
			<trkpt lat="54.60125398635864" lon="25.3541921377182">
				<ele>173.66000366210938</ele>
				<time>2025-03-02T08:02:42Z</time>
			</trkpt>
			<trkpt lat="54.6022412776947" lon="25.35381054878235">
				<ele>170.77000427246094</ele>
				<time>2025-03-02T08:02:46Z</time>
			</trkpt>
			<trkpt lat="54.60408091545105" lon="25.353071689605713">
				<ele>168.85000610351562</ele>
				<time>2025-03-02T08:02:54Z</time>
			</trkpt>
			<trkpt lat="54.60488224029541" lon="25.352726221084595">
				<ele>167.88999938964844</ele>
				<time>2025-03-02T08:03:00Z</time>
			</trkpt>
			<trkpt lat="54.605270981788635" lon="25.352638363838196">
				<ele>172.2100067138672</ele>
				<time>2025-03-02T08:03:05Z</time>
			</trkpt>
			<trkpt lat="54.60533106327057" lon="25.352641820907593">
				<ele>173.1699981689453</ele>
				<time>2025-03-02T08:03:06Z</time>
			</trkpt>
			<trkpt lat="54.60538029670715" lon="25.3526793718338">
				<ele>173.66000366210938</ele>
				<time>2025-03-02T08:03:07Z</time>
			</trkpt>
			<trkpt lat="54.60541522502899" lon="25.352768063545227">
				<ele>174.6199951171875</ele>
				<time>2025-03-02T08:03:08Z</time>
			</trkpt>
			<trkpt lat="54.60543441772461" lon="25.352903485298157">
				<ele>175.5800018310547</ele>
				<time>2025-03-02T08:03:09Z</time>
			</trkpt>
			<trkpt lat="54.605448961257935" lon="25.35307514667511">
				<ele>176.05999755859375</ele>
				<time>2025-03-02T08:03:10Z</time>
			</trkpt>
			<trkpt lat="54.60553443431854" lon="25.354232668876648">
				<ele>178.4600067138672</ele>
				<time>2025-03-02T08:03:16Z</time>
			</trkpt>
			<trkpt lat="54.60556519031525" lon="25.35443949699402">
				<ele>178.94000244140625</ele>
				<time>2025-03-02T08:03:18Z</time>
			</trkpt>
			<trkpt lat="54.60560119152069" lon="25.354506850242615">
				<ele>178.94000244140625</ele>
				<time>2025-03-02T08:03:19Z</time>
			</trkpt>
			<trkpt lat="54.605656027793884" lon="25.354532957077026">
				<ele>179.4199981689453</ele>
				<time>2025-03-02T08:03:20Z</time>
			</trkpt>
			<trkpt lat="54.60580062866211" lon="25.35454535484314">
				<ele>179.4199981689453</ele>
				<time>2025-03-02T08:03:22Z</time>
			</trkpt>
			<trkpt lat="54.605872631073" lon="25.3545982837677">
				<ele>179.4199981689453</ele>
				<time>2025-03-02T08:03:23Z</time>
			</trkpt>
			<trkpt lat="54.606088399887085" lon="25.354798316955566">
				<ele>178.4600067138672</ele>
				<time>2025-03-02T08:03:26Z</time>
			</trkpt>
			<trkpt lat="54.60614097118378" lon="25.35490131378174">
				<ele>178.4600067138672</ele>
				<time>2025-03-02T08:03:27Z</time>
			</trkpt>
			<trkpt lat="54.60618352890015" lon="25.355031371116638">
				<ele>177.97999572753906</ele>
				<time>2025-03-02T08:03:28Z</time>
			</trkpt>
			<trkpt lat="54.606208086013794" lon="25.35517120361328">
				<ele>177.97999572753906</ele>
				<time>2025-03-02T08:03:29Z</time>
			</trkpt>
			<trkpt lat="54.606213450431824" lon="25.355316996574402">
				<ele>177.97999572753906</ele>
				<time>2025-03-02T08:03:30Z</time>
			</trkpt>
			<trkpt lat="54.60621452331543" lon="25.355472922325134">
				<ele>177.97999572753906</ele>
				<time>2025-03-02T08:03:31Z</time>
			</trkpt>
			<trkpt lat="54.606228947639465" lon="25.3556547164917">
				<ele>177.97999572753906</ele>
				<time>2025-03-02T08:03:32Z</time>
			</trkpt>
			<trkpt lat="54.60626137256622" lon="25.355844616889954">
				<ele>177.97999572753906</ele>
				<time>2025-03-02T08:03:33Z</time>
			</trkpt>
			<trkpt lat="54.60629868507385" lon="25.35601544380188">
				<ele>177.97999572753906</ele>
				<time>2025-03-02T08:03:34Z</time>
			</trkpt>
			<trkpt lat="54.60632801055908" lon="25.3561772108078">
				<ele>177.97999572753906</ele>
				<time>2025-03-02T08:03:35Z</time>
			</trkpt>
			<trkpt lat="54.606348156929016" lon="25.356333136558533">
				<ele>177.97999572753906</ele>
				<time>2025-03-02T08:03:36Z</time>
			</trkpt>
			<trkpt lat="54.60637187957764" lon="25.356469750404358">
				<ele>177.97999572753906</ele>
				<time>2025-03-02T08:03:37Z</time>
			</trkpt>
			<trkpt lat="54.606417298316956" lon="25.356606006622314">
				<ele>177.97999572753906</ele>
				<time>2025-03-02T08:03:38Z</time>
			</trkpt>
			<trkpt lat="54.60647404193878" lon="25.356752634048462">
				<ele>177.97999572753906</ele>
				<time>2025-03-02T08:03:39Z</time>
			</trkpt>
			<trkpt lat="54.606794357299805" lon="25.357473969459534">
				<ele>177.02000427246094</ele>
				<time>2025-03-02T08:03:44Z</time>
			</trkpt>
			<trkpt lat="54.60686469078064" lon="25.357596039772034">
				<ele>177.02000427246094</ele>
				<time>2025-03-02T08:03:45Z</time>
			</trkpt>
			<trkpt lat="54.60692775249481" lon="25.357712030410767">
				<ele>176.5399932861328</ele>
				<time>2025-03-02T08:03:46Z</time>
			</trkpt>
			<trkpt lat="54.60698163509369" lon="25.35784614086151">
				<ele>176.5399932861328</ele>
				<time>2025-03-02T08:03:47Z</time>
			</trkpt>
			<trkpt lat="54.6070317029953" lon="25.35800540447235">
				<ele>176.5399932861328</ele>
				<time>2025-03-02T08:03:48Z</time>
			</trkpt>
			<trkpt lat="54.60708212852478" lon="25.358176350593567">
				<ele>176.05999755859375</ele>
				<time>2025-03-02T08:03:49Z</time>
			</trkpt>
			<trkpt lat="54.60754692554474" lon="25.35979449748993">
				<ele>176.5399932861328</ele>
				<time>2025-03-02T08:03:58Z</time>
			</trkpt>
			<trkpt lat="54.60801362991333" lon="25.361446499824524">
				<ele>177.97999572753906</ele>
				<time>2025-03-02T08:04:06Z</time>
			</trkpt>
			<trkpt lat="54.60810840129852" lon="25.36175847053528">
				<ele>178.4600067138672</ele>
				<time>2025-03-02T08:04:08Z</time>
			</trkpt>
			<trkpt lat="54.60816240310669" lon="25.36188542842865">
				<ele>178.94000244140625</ele>
				<time>2025-03-02T08:04:09Z</time>
			</trkpt>
			<trkpt lat="54.60821521282196" lon="25.362008571624756">
				<ele>178.94000244140625</ele>
				<time>2025-03-02T08:04:10Z</time>
			</trkpt>
			<trkpt lat="54.60825455188751" lon="25.36215341091156">
				<ele>179.4199981689453</ele>
				<time>2025-03-02T08:04:11Z</time>
			</trkpt>
			<trkpt lat="54.60828912258148" lon="25.36233937740326">
				<ele>179.4199981689453</ele>
				<time>2025-03-02T08:04:12Z</time>
			</trkpt>
			<trkpt lat="54.60848093032837" lon="25.363210678100586">
				<ele>180.8699951171875</ele>
				<time>2025-03-02T08:04:17Z</time>
			</trkpt>
			<trkpt lat="54.60849332809448" lon="25.363414883613586">
				<ele>180.8699951171875</ele>
				<time>2025-03-02T08:04:18Z</time>
			</trkpt>
			<trkpt lat="54.60850465297699" lon="25.363677620887756">
				<ele>181.35000610351562</ele>
				<time>2025-03-02T08:04:19Z</time>
			</trkpt>
			<trkpt lat="54.608694434165955" lon="25.365844011306763">
				<ele>184.22999572753906</ele>
				<time>2025-03-02T08:04:25Z</time>
			</trkpt>
			<trkpt lat="54.60878944396973" lon="25.367517352104187">
				<ele>187.58999633789062</ele>
				<time>2025-03-02T08:04:29Z</time>
			</trkpt>
			<trkpt lat="54.60865604877472" lon="25.369383692741394">
				<ele>189.52000427246094</ele>
				<time>2025-03-02T08:04:34Z</time>
			</trkpt>
			<trkpt lat="54.60864591598511" lon="25.37127113342285">
				<ele>192.8800048828125</ele>
				<time>2025-03-02T08:04:40Z</time>
			</trkpt>
			<trkpt lat="54.608696818351746" lon="25.374144434928894">
				<ele>194.8000030517578</ele>
				<time>2025-03-02T08:04:50Z</time>
			</trkpt>
			<trkpt lat="54.608691811561584" lon="25.374593257904053">
				<ele>194.8000030517578</ele>
				<time>2025-03-02T08:04:52Z</time>
			</trkpt>
			<trkpt lat="54.60867142677307" lon="25.3747695684433">
				<ele>195.27999877929688</ele>
				<time>2025-03-02T08:04:53Z</time>
			</trkpt>
			<trkpt lat="54.60862851142883" lon="25.37492072582245">
				<ele>195.27999877929688</ele>
				<time>2025-03-02T08:04:54Z</time>
			</trkpt>
			<trkpt lat="54.60856628417969" lon="25.375051498413086">
				<ele>195.77000427246094</ele>
				<time>2025-03-02T08:04:55Z</time>
			</trkpt>
			<trkpt lat="54.60849869251251" lon="25.375168323516846">
				<ele>195.77000427246094</ele>
				<time>2025-03-02T08:04:56Z</time>
			</trkpt>
			<trkpt lat="54.608389258384705" lon="25.375349044799805">
				<ele>196.72999572753906</ele>
				<time>2025-03-02T08:04:58Z</time>
			</trkpt>
			<trkpt lat="54.608352065086365" lon="25.375457167625427">
				<ele>197.2100067138672</ele>
				<time>2025-03-02T08:04:59Z</time>
			</trkpt>
			<trkpt lat="54.60833024978638" lon="25.37561011314392">
				<ele>198.1699981689453</ele>
				<time>2025-03-02T08:05:00Z</time>
			</trkpt>
			<trkpt lat="54.608320355415344" lon="25.37580108642578">
				<ele>198.64999389648438</ele>
				<time>2025-03-02T08:05:01Z</time>
			</trkpt>
			<trkpt lat="54.60831534862518" lon="25.376011729240417">
				<ele>199.61000061035156</ele>
				<time>2025-03-02T08:05:02Z</time>
			</trkpt>
			<trkpt lat="54.60828495025635" lon="25.37759494781494">
				<ele>202.97999572753906</ele>
				<time>2025-03-02T08:05:08Z</time>
			</trkpt>
			<trkpt lat="54.608266830444336" lon="25.37826418876648">
				<ele>204.4199981689453</ele>
				<time>2025-03-02T08:05:11Z</time>
			</trkpt>
			<trkpt lat="54.60817754268646" lon="25.379916429519653">
				<ele>207.77999877929688</ele>
				<time>2025-03-02T08:05:16Z</time>
			</trkpt>
			<trkpt lat="54.60810351371765" lon="25.38133132457733">
				<ele>211.14999389648438</ele>
				<time>2025-03-02T08:05:21Z</time>
			</trkpt>
			<trkpt lat="54.60807144641876" lon="25.38167095184326">
				<ele>211.14999389648438</ele>
				<time>2025-03-02T08:05:23Z</time>
			</trkpt>
			<trkpt lat="54.60803043842316" lon="25.381779313087463">
				<ele>211.14999389648438</ele>
				<time>2025-03-02T08:05:24Z</time>
			</trkpt>
			<trkpt lat="54.60795521736145" lon="25.38185226917267">
				<ele>210.6699981689453</ele>
				<time>2025-03-02T08:05:25Z</time>
			</trkpt>
			<trkpt lat="54.607845067977905" lon="25.381905913352966">
				<ele>210.19000244140625</ele>
				<time>2025-03-02T08:05:26Z</time>
			</trkpt>
			<trkpt lat="54.60771286487579" lon="25.381956815719604">
				<ele>209.6999969482422</ele>
				<time>2025-03-02T08:05:27Z</time>
			</trkpt>
			<trkpt lat="54.60756874084473" lon="25.381985783576965">
				<ele>209.22000122070312</ele>
				<time>2025-03-02T08:05:28Z</time>
			</trkpt>
			<trkpt lat="54.607415318489075" lon="25.381969928741455">
				<ele>208.74000549316406</ele>
				<time>2025-03-02T08:05:29Z</time>
			</trkpt>
			<trkpt lat="54.60726737976074" lon="25.381911039352417">
				<ele>208.25999450683594</ele>
				<time>2025-03-02T08:05:30Z</time>
			</trkpt>
			<trkpt lat="54.60713756084442" lon="25.381835222244263">
				<ele>207.3000030517578</ele>
				<time>2025-03-02T08:05:31Z</time>
			</trkpt>
			<trkpt lat="54.60702955722809" lon="25.381752014160156">
				<ele>206.82000732421875</ele>
				<time>2025-03-02T08:05:32Z</time>
			</trkpt>
			<trkpt lat="54.606945157051086" lon="25.38168692588806">
				<ele>206.33999633789062</ele>
				<time>2025-03-02T08:05:33Z</time>
			</trkpt>
			<trkpt lat="54.60687863826752" lon="25.38167905807495">
				<ele>205.86000061035156</ele>
				<time>2025-03-02T08:05:34Z</time>
			</trkpt>
			<trkpt lat="54.60681903362274" lon="25.381757140159607">
				<ele>205.86000061035156</ele>
				<time>2025-03-02T08:05:35Z</time>
			</trkpt>
			<trkpt lat="54.60675752162933" lon="25.381914258003235">
				<ele>205.86000061035156</ele>
				<time>2025-03-02T08:05:36Z</time>
			</trkpt>
			<trkpt lat="54.606689453125" lon="25.38210093975067">
				<ele>205.86000061035156</ele>
				<time>2025-03-02T08:05:37Z</time>
			</trkpt>
			<trkpt lat="54.606624245643616" lon="25.382256746292114">
				<ele>206.33999633789062</ele>
				<time>2025-03-02T08:05:38Z</time>
			</trkpt>
			<trkpt lat="54.60655224323273" lon="25.382362961769104">
				<ele>206.82000732421875</ele>
				<time>2025-03-02T08:05:39Z</time>
			</trkpt>
			<trkpt lat="54.6064590215683" lon="25.382418155670166">
				<ele>206.82000732421875</ele>
				<time>2025-03-02T08:05:40Z</time>
			</trkpt>
			<trkpt lat="54.60636305809021" lon="25.38244593143463">
				<ele>206.82000732421875</ele>
				<time>2025-03-02T08:05:41Z</time>
			</trkpt>
			<trkpt lat="54.606295466423035" lon="25.382492184638977">
				<ele>207.3000030517578</ele>
				<time>2025-03-02T08:05:42Z</time>
			</trkpt>
			<trkpt lat="54.60626208782196" lon="25.38256061077118">
				<ele>207.77999877929688</ele>
				<time>2025-03-02T08:05:43Z</time>
			</trkpt>
			<trkpt lat="54.6062570810318" lon="25.382638931274414">
				<ele>207.77999877929688</ele>
				<time>2025-03-02T08:05:44Z</time>
			</trkpt>
			<trkpt lat="54.60627090930939" lon="25.38272774219513">
				<ele>207.77999877929688</ele>
				<time>2025-03-02T08:05:45Z</time>
			</trkpt>
			<trkpt lat="54.60628044605255" lon="25.382815837860107">
				<ele>207.77999877929688</ele>
				<time>2025-03-02T08:05:46Z</time>
			</trkpt>
			<trkpt lat="54.60626924037933" lon="25.382888078689575">
				<ele>207.77999877929688</ele>
				<time>2025-03-02T08:05:47Z</time>
			</trkpt>
			<trkpt lat="54.60624933242798" lon="25.38293731212616">
				<ele>208.25999450683594</ele>
				<time>2025-03-02T08:05:48Z</time>
			</trkpt>
			<trkpt lat="54.60622835159302" lon="25.382985949516296">
				<ele>209.6999969482422</ele>
				<time>2025-03-02T08:05:54Z</time>
			</trkpt>
			<trkpt lat="54.606298089027405" lon="25.383037209510803">
				<ele>211.6300048828125</ele>
				<time>2025-03-02T08:12:54Z</time>
			</trkpt>
			<trkpt lat="54.60623919963837" lon="25.382970929145813">
				<ele>210.19000244140625</ele>
				<time>2025-03-02T08:12:59Z</time>
			</trkpt>
			<trkpt lat="54.60624027252197" lon="25.38291609287262">
				<ele>210.19000244140625</ele>
				<time>2025-03-02T08:13:01Z</time>
			</trkpt>
			<trkpt lat="54.60624659061432" lon="25.382867336273193">
				<ele>208.74000549316406</ele>
				<time>2025-03-02T08:13:17Z</time>
			</trkpt>
			<trkpt lat="54.60624361038208" lon="25.38286554813385">
				<ele>208.74000549316406</ele>
				<time>2025-03-02T08:13:34Z</time>
			</trkpt>
			<trkpt lat="54.606306076049805" lon="25.38295340538025">
				<ele>208.74000549316406</ele>
				<time>2025-03-02T08:13:43Z</time>
			</trkpt>
			<trkpt lat="54.60638225078583" lon="25.383315563201904">
				<ele>208.25999450683594</ele>
				<time>2025-03-02T08:13:48Z</time>
			</trkpt>
			<trkpt lat="54.606353878974915" lon="25.383335828781128">
				<ele>208.25999450683594</ele>
				<time>2025-03-02T08:13:49Z</time>
			</trkpt>
			<trkpt lat="54.60631787776947" lon="25.383331656455994">
				<ele>208.25999450683594</ele>
				<time>2025-03-02T08:13:50Z</time>
			</trkpt>
			<trkpt lat="54.60628020763397" lon="25.383299946784973">
				<ele>208.25999450683594</ele>
				<time>2025-03-02T08:13:51Z</time>
			</trkpt>
			<trkpt lat="54.60624086856842" lon="25.38325595855713">
				<ele>208.25999450683594</ele>
				<time>2025-03-02T08:13:52Z</time>
			</trkpt>
			<trkpt lat="54.605706572532654" lon="25.382662177085876">
				<ele>208.25999450683594</ele>
				<time>2025-03-02T08:13:59Z</time>
			</trkpt>
			<trkpt lat="54.60492014884949" lon="25.38168728351593">
				<ele>207.77999877929688</ele>
				<time>2025-03-02T08:14:06Z</time>
			</trkpt>
			<trkpt lat="54.604114413261414" lon="25.380342721939087">
				<ele>205.3800048828125</ele>
				<time>2025-03-02T08:14:16Z</time>
			</trkpt>
			<trkpt lat="54.60368514060974" lon="25.37874674797058">
				<ele>203.4600067138672</ele>
				<time>2025-03-02T08:14:24Z</time>
			</trkpt>
			<trkpt lat="54.603421688079834" lon="25.3776216506958">
				<ele>200.57000732421875</ele>
				<time>2025-03-02T08:14:30Z</time>
			</trkpt>
			<trkpt lat="54.603331565856934" lon="25.377265334129333">
				<ele>199.61000061035156</ele>
				<time>2025-03-02T08:14:33Z</time>
			</trkpt>
			<trkpt lat="54.60329258441925" lon="25.37721025943756">
				<ele>199.61000061035156</ele>
				<time>2025-03-02T08:14:34Z</time>
			</trkpt>
			<trkpt lat="54.6032440662384" lon="25.37719440460205">
				<ele>199.61000061035156</ele>
				<time>2025-03-02T08:14:35Z</time>
			</trkpt>
			<trkpt lat="54.603193283081055" lon="25.377214908599854">
				<ele>199.61000061035156</ele>
				<time>2025-03-02T08:14:36Z</time>
			</trkpt>
			<trkpt lat="54.60314416885376" lon="25.377256274223328">
				<ele>199.61000061035156</ele>
				<time>2025-03-02T08:14:37Z</time>
			</trkpt>
			<trkpt lat="54.603097796440125" lon="25.377312541007996">
				<ele>199.61000061035156</ele>
				<time>2025-03-02T08:14:38Z</time>
			</trkpt>
			<trkpt lat="54.603052854537964" lon="25.377378225326538">
				<ele>199.61000061035156</ele>
				<time>2025-03-02T08:14:39Z</time>
			</trkpt>
			<trkpt lat="54.60301733016968" lon="25.37745499610901">
				<ele>199.61000061035156</ele>
				<time>2025-03-02T08:14:40Z</time>
			</trkpt>
			<trkpt lat="54.60299873352051" lon="25.37754225730896">
				<ele>199.61000061035156</ele>
				<time>2025-03-02T08:14:41Z</time>
			</trkpt>
			<trkpt lat="54.602985978126526" lon="25.37763547897339">
				<ele>199.61000061035156</ele>
				<time>2025-03-02T08:14:42Z</time>
			</trkpt>
			<trkpt lat="54.60295796394348" lon="25.377841353416443">
				<ele>199.61000061035156</ele>
				<time>2025-03-02T08:14:44Z</time>
			</trkpt>
			<trkpt lat="54.60292828083038" lon="25.378095746040344">
				<ele>199.61000061035156</ele>
				<time>2025-03-02T08:14:46Z</time>
			</trkpt>
			<trkpt lat="54.602895975112915" lon="25.378235697746277">
				<ele>199.61000061035156</ele>
				<time>2025-03-02T08:14:47Z</time>
			</trkpt>
			<trkpt lat="54.602850556373596" lon="25.378381848335266">
				<ele>199.61000061035156</ele>
				<time>2025-03-02T08:14:48Z</time>
			</trkpt>
			<trkpt lat="54.602410316467285" lon="25.379536986351013">
				<ele>202.97999572753906</ele>
				<time>2025-03-02T08:14:56Z</time>
			</trkpt>
			<trkpt lat="54.601901173591614" lon="25.380812168121338">
				<ele>205.3800048828125</ele>
				<time>2025-03-02T08:15:06Z</time>
			</trkpt>
			<trkpt lat="54.601587533950806" lon="25.381460547447205">
				<ele>205.86000061035156</ele>
				<time>2025-03-02T08:15:12Z</time>
			</trkpt>
			<trkpt lat="54.60107100009918" lon="25.38255798816681">
				<ele>205.3800048828125</ele>
				<time>2025-03-02T08:15:20Z</time>
			</trkpt>
			<trkpt lat="54.600627064704895" lon="25.38360583782196">
				<ele>203.4600067138672</ele>
				<time>2025-03-02T08:15:29Z</time>
			</trkpt>
			<trkpt lat="54.600380063056946" lon="25.38410222530365">
				<ele>202.00999450683594</ele>
				<time>2025-03-02T08:15:34Z</time>
			</trkpt>
			<trkpt lat="54.60034668445587" lon="25.384188652038574">
				<ele>201.52999877929688</ele>
				<time>2025-03-02T08:15:35Z</time>
			</trkpt>
			<trkpt lat="54.600229263305664" lon="25.384449362754822">
				<ele>199.61000061035156</ele>
				<time>2025-03-02T08:15:39Z</time>
			</trkpt>
			<trkpt lat="54.59988522529602" lon="25.385027647018433">
				<ele>199.1300048828125</ele>
				<time>2025-03-02T08:15:45Z</time>
			</trkpt>
			<trkpt lat="54.599714159965515" lon="25.385332465171814">
				<ele>199.61000061035156</ele>
				<time>2025-03-02T08:15:48Z</time>
			</trkpt>
			<trkpt lat="54.5991735458374" lon="25.38657796382904">
				<ele>200.57000732421875</ele>
				<time>2025-03-02T08:15:55Z</time>
			</trkpt>
			<trkpt lat="54.59851574897766" lon="25.388373613357544">
				<ele>202.49000549316406</ele>
				<time>2025-03-02T08:16:02Z</time>
			</trkpt>
			<trkpt lat="54.59789025783539" lon="25.389936685562134">
				<ele>205.3800048828125</ele>
				<time>2025-03-02T08:16:12Z</time>
			</trkpt>
			<trkpt lat="54.597758293151855" lon="25.390310168266296">
				<ele>206.82000732421875</ele>
				<time>2025-03-02T08:16:16Z</time>
			</trkpt>
			<trkpt lat="54.597731590270996" lon="25.390390157699585">
				<ele>206.82000732421875</ele>
				<time>2025-03-02T08:16:17Z</time>
			</trkpt>
			<trkpt lat="54.597697377204895" lon="25.390453338623047">
				<ele>207.3000030517578</ele>
				<time>2025-03-02T08:16:18Z</time>
			</trkpt>
			<trkpt lat="54.59760653972626" lon="25.390577793121338">
				<ele>207.77999877929688</ele>
				<time>2025-03-02T08:16:20Z</time>
			</trkpt>
			<trkpt lat="54.59755623340607" lon="25.390679001808167">
				<ele>207.77999877929688</ele>
				<time>2025-03-02T08:16:21Z</time>
			</trkpt>
			<trkpt lat="54.597506642341614" lon="25.390808820724487">
				<ele>207.77999877929688</ele>
				<time>2025-03-02T08:16:22Z</time>
			</trkpt>
			<trkpt lat="54.59724771976471" lon="25.391547679901123">
				<ele>207.77999877929688</ele>
				<time>2025-03-02T08:16:27Z</time>
			</trkpt>
			<trkpt lat="54.59722328186035" lon="25.39166796207428">
				<ele>207.77999877929688</ele>
				<time>2025-03-02T08:16:28Z</time>
			</trkpt>
			<trkpt lat="54.59720778465271" lon="25.391804099082947">
				<ele>207.3000030517578</ele>
				<time>2025-03-02T08:16:29Z</time>
			</trkpt>
			<trkpt lat="54.59714472293854" lon="25.392653346061707">
				<ele>204.4199981689453</ele>
				<time>2025-03-02T08:16:35Z</time>
			</trkpt>
			<trkpt lat="54.59713542461395" lon="25.39275026321411">
				<ele>203.94000244140625</ele>
				<time>2025-03-02T08:16:36Z</time>
			</trkpt>
			<trkpt lat="54.59711170196533" lon="25.392858147621155">
				<ele>203.4600067138672</ele>
				<time>2025-03-02T08:16:37Z</time>
			</trkpt>
			<trkpt lat="54.596970558166504" lon="25.393325209617615">
				<ele>202.00999450683594</ele>
				<time>2025-03-02T08:16:41Z</time>
			</trkpt>
			<trkpt lat="54.59694790840149" lon="25.39341676235199">
				<ele>202.00999450683594</ele>
				<time>2025-03-02T08:16:42Z</time>
			</trkpt>
			<trkpt lat="54.596930384635925" lon="25.39350652694702">
				<ele>202.00999450683594</ele>
				<time>2025-03-02T08:16:43Z</time>
			</trkpt>
			<trkpt lat="54.59689974784851" lon="25.393725395202637">
				<ele>202.00999450683594</ele>
				<time>2025-03-02T08:16:45Z</time>
			</trkpt>
			<trkpt lat="54.59689116477966" lon="25.39385163784027">
				<ele>202.00999450683594</ele>
				<time>2025-03-02T08:16:46Z</time>
			</trkpt>
			<trkpt lat="54.596890449523926" lon="25.393974900245667">
				<ele>202.00999450683594</ele>
				<time>2025-03-02T08:16:47Z</time>
			</trkpt>
			<trkpt lat="54.59690201282501" lon="25.394089221954346">
				<ele>202.00999450683594</ele>
				<time>2025-03-02T08:16:48Z</time>
			</trkpt>
			<trkpt lat="54.59692311286926" lon="25.39419960975647">
				<ele>202.00999450683594</ele>
				<time>2025-03-02T08:16:49Z</time>
			</trkpt>
			<trkpt lat="54.59694540500641" lon="25.39430797100067">
				<ele>202.00999450683594</ele>
				<time>2025-03-02T08:16:50Z</time>
			</trkpt>
			<trkpt lat="54.596989035606384" lon="25.394510865211487">
				<ele>202.00999450683594</ele>
				<time>2025-03-02T08:16:52Z</time>
			</trkpt>
			<trkpt lat="54.597017765045166" lon="25.39460563659668">
				<ele>201.52999877929688</ele>
				<time>2025-03-02T08:16:53Z</time>
			</trkpt>
			<trkpt lat="54.597047328948975" lon="25.394686460494995">
				<ele>201.52999877929688</ele>
				<time>2025-03-02T08:16:54Z</time>
			</trkpt>
			<trkpt lat="54.59707808494568" lon="25.394752144813538">
				<ele>201.52999877929688</ele>
				<time>2025-03-02T08:16:55Z</time>
			</trkpt>
			<trkpt lat="54.597111105918884" lon="25.394787311553955">
				<ele>201.52999877929688</ele>
				<time>2025-03-02T08:16:56Z</time>
			</trkpt>
			<trkpt lat="54.59723937511444" lon="25.394742965698242">
				<ele>201.0500030517578</ele>
				<time>2025-03-02T08:16:59Z</time>
			</trkpt>
			<trkpt lat="54.5974885225296" lon="25.39455282688141">
				<ele>201.52999877929688</ele>
				<time>2025-03-02T08:17:02Z</time>
			</trkpt>
			<trkpt lat="54.59765303134918" lon="25.39438247680664">
				<ele>202.97999572753906</ele>
				<time>2025-03-02T08:17:06Z</time>
			</trkpt>
			<trkpt lat="54.597607493400574" lon="25.394317507743835">
				<ele>206.82000732421875</ele>
				<time>2025-03-02T08:17:10Z</time>
			</trkpt>
			<trkpt lat="54.59759199619293" lon="25.394320011138916">
				<ele>208.25999450683594</ele>
				<time>2025-03-02T08:17:11Z</time>
			</trkpt>
			<trkpt lat="54.5973846912384" lon="25.394388556480408">
				<ele>212.58999633789062</ele>
				<time>2025-03-02T08:17:17Z</time>
			</trkpt>
			<trkpt lat="54.597327709198" lon="25.394416213035583">
				<ele>212.58999633789062</ele>
				<time>2025-03-02T08:17:18Z</time>
			</trkpt>
			<trkpt lat="54.597230315208435" lon="25.394477605819702">
				<ele>212.58999633789062</ele>
				<time>2025-03-02T08:17:20Z</time>
			</trkpt>
			<trkpt lat="54.59710729122162" lon="25.394721388816833">
				<ele>208.25999450683594</ele>
				<time>2025-03-02T08:17:26Z</time>
			</trkpt>
			<trkpt lat="54.59713518619537" lon="25.39484131336212">
				<ele>204.4199981689453</ele>
				<time>2025-03-02T08:17:33Z</time>
			</trkpt>
			<trkpt lat="54.597187876701355" lon="25.394851207733154">
				<ele>202.49000549316406</ele>
				<time>2025-03-02T08:17:56Z</time>
			</trkpt>
			<trkpt lat="54.59710776805878" lon="25.394791841506958">
				<ele>202.00999450683594</ele>
				<time>2025-03-02T08:18:02Z</time>
			</trkpt>
			<trkpt lat="54.59693694114685" lon="25.395090699195862">
				<ele>202.00999450683594</ele>
				<time>2025-03-02T08:18:08Z</time>
			</trkpt>
			<trkpt lat="54.596797704696655" lon="25.395532965660095">
				<ele>201.52999877929688</ele>
				<time>2025-03-02T08:18:13Z</time>
			</trkpt>
			<trkpt lat="54.596778869628906" lon="25.395633101463318">
				<ele>201.52999877929688</ele>
				<time>2025-03-02T08:18:14Z</time>
			</trkpt>
			<trkpt lat="54.59676992893219" lon="25.39572024345398">
				<ele>201.52999877929688</ele>
				<time>2025-03-02T08:18:15Z</time>
			</trkpt>
			<trkpt lat="54.596742033958435" lon="25.39603543281555">
				<ele>201.0500030517578</ele>
				<time>2025-03-02T08:18:18Z</time>
			</trkpt>
			<trkpt lat="54.5967218875885" lon="25.396309733390808">
				<ele>201.52999877929688</ele>
				<time>2025-03-02T08:18:20Z</time>
			</trkpt>
			<trkpt lat="54.59666037559509" lon="25.39724063873291">
				<ele>203.4600067138672</ele>
				<time>2025-03-02T08:18:26Z</time>
			</trkpt>
			<trkpt lat="54.59666574001312" lon="25.397401690483093">
				<ele>204.4199981689453</ele>
				<time>2025-03-02T08:18:27Z</time>
			</trkpt>
			<trkpt lat="54.59671461582184" lon="25.397957921028137">
				<ele>205.86000061035156</ele>
				<time>2025-03-02T08:18:30Z</time>
			</trkpt>
			<trkpt lat="54.59675061702728" lon="25.398151516914368">
				<ele>206.82000732421875</ele>
				<time>2025-03-02T08:18:31Z</time>
			</trkpt>
			<trkpt lat="54.59679889678955" lon="25.398340463638306">
				<ele>206.82000732421875</ele>
				<time>2025-03-02T08:18:32Z</time>
			</trkpt>
			<trkpt lat="54.59690272808075" lon="25.398717164993286">
				<ele>207.77999877929688</ele>
				<time>2025-03-02T08:18:34Z</time>
			</trkpt>
			<trkpt lat="54.59719669818878" lon="25.399295926094055">
				<ele>208.74000549316406</ele>
				<time>2025-03-02T08:18:38Z</time>
			</trkpt>
			<trkpt lat="54.5974315404892" lon="25.399544835090637">
				<ele>209.6999969482422</ele>
				<time>2025-03-02T08:18:41Z</time>
			</trkpt>
			<trkpt lat="54.597524762153625" lon="25.399591326713562">
				<ele>210.6699981689453</ele>
				<time>2025-03-02T08:18:43Z</time>
			</trkpt>
			<trkpt lat="54.5975626707077" lon="25.399600505828857">
				<ele>211.14999389648438</ele>
				<time>2025-03-02T08:18:44Z</time>
			</trkpt>
			<trkpt lat="54.59758543968201" lon="25.399640321731567">
				<ele>211.6300048828125</ele>
				<time>2025-03-02T08:18:45Z</time>
			</trkpt>
			<trkpt lat="54.59753155708313" lon="25.399806141853333">
				<ele>212.58999633789062</ele>
				<time>2025-03-02T08:18:47Z</time>
			</trkpt>
			<trkpt lat="54.59744930267334" lon="25.399929761886597">
				<ele>213.07000732421875</ele>
				<time>2025-03-02T08:18:48Z</time>
			</trkpt>
			<trkpt lat="54.59691596031189" lon="25.40081298351288">
				<ele>216.42999267578125</ele>
				<time>2025-03-02T08:18:53Z</time>
			</trkpt>
			<trkpt lat="54.59676158428192" lon="25.40107035636902">
				<ele>217.39999389648438</ele>
				<time>2025-03-02T08:18:55Z</time>
			</trkpt>
			<trkpt lat="54.59619951248169" lon="25.40226662158966">
				<ele>213.5500030517578</ele>
				<time>2025-03-02T08:19:04Z</time>
			</trkpt>
			<trkpt lat="54.59599781036377" lon="25.402986645698547">
				<ele>210.19000244140625</ele>
				<time>2025-03-02T08:19:08Z</time>
			</trkpt>
			<trkpt lat="54.595834374427795" lon="25.40375065803528">
				<ele>206.82000732421875</ele>
				<time>2025-03-02T08:19:12Z</time>
			</trkpt>
			<trkpt lat="54.59578335285187" lon="25.4042489528656">
				<ele>204.4199981689453</ele>
				<time>2025-03-02T08:19:15Z</time>
			</trkpt>
			<trkpt lat="54.59576749801636" lon="25.40456485748291">
				<ele>202.49000549316406</ele>
				<time>2025-03-02T08:19:18Z</time>
			</trkpt>
			<trkpt lat="54.59574377536774" lon="25.404656648635864">
				<ele>202.49000549316406</ele>
				<time>2025-03-02T08:19:19Z</time>
			</trkpt>
			<trkpt lat="54.59569799900055" lon="25.404722690582275">
				<ele>202.00999450683594</ele>
				<time>2025-03-02T08:19:20Z</time>
			</trkpt>
			<trkpt lat="54.59563088417053" lon="25.40475356578827">
				<ele>202.00999450683594</ele>
				<time>2025-03-02T08:19:21Z</time>
			</trkpt>
			<trkpt lat="54.595550298690796" lon="25.404750108718872">
				<ele>202.00999450683594</ele>
				<time>2025-03-02T08:19:22Z</time>
			</trkpt>
			<trkpt lat="54.59547185897827" lon="25.40472900867462">
				<ele>202.00999450683594</ele>
				<time>2025-03-02T08:19:23Z</time>
			</trkpt>
			<trkpt lat="54.59483814239502" lon="25.404600024223328">
				<ele>201.52999877929688</ele>
				<time>2025-03-02T08:19:31Z</time>
			</trkpt>
			<trkpt lat="54.59466373920441" lon="25.404587984085083">
				<ele>201.0500030517578</ele>
				<time>2025-03-02T08:19:34Z</time>
			</trkpt>
			<trkpt lat="54.5946159362793" lon="25.40463149547577">
				<ele>201.0500030517578</ele>
				<time>2025-03-02T08:19:35Z</time>
			</trkpt>
			<trkpt lat="54.59457969665527" lon="25.404717564582825">
				<ele>200.57000732421875</ele>
				<time>2025-03-02T08:19:36Z</time>
			</trkpt>
			<trkpt lat="54.59455466270447" lon="25.40484094619751">
				<ele>200.57000732421875</ele>
				<time>2025-03-02T08:19:37Z</time>
			</trkpt>
			<trkpt lat="54.59453523159027" lon="25.404985308647156">
				<ele>200.57000732421875</ele>
				<time>2025-03-02T08:19:38Z</time>
			</trkpt>
			<trkpt lat="54.59451425075531" lon="25.40514361858368">
				<ele>200.57000732421875</ele>
				<time>2025-03-02T08:19:39Z</time>
			</trkpt>
			<trkpt lat="54.59448790550232" lon="25.40530812740326">
				<ele>200.57000732421875</ele>
				<time>2025-03-02T08:19:40Z</time>
			</trkpt>
			<trkpt lat="54.5943284034729" lon="25.40592122077942">
				<ele>200.08999633789062</ele>
				<time>2025-03-02T08:19:45Z</time>
			</trkpt>
			<trkpt lat="54.59418034553528" lon="25.406246185302734">
				<ele>200.08999633789062</ele>
				<time>2025-03-02T08:19:49Z</time>
			</trkpt>
			<trkpt lat="54.59415256977081" lon="25.406343817710876">
				<ele>200.08999633789062</ele>
				<time>2025-03-02T08:19:50Z</time>
			</trkpt>
			<trkpt lat="54.5941367149353" lon="25.40646183490753">
				<ele>200.08999633789062</ele>
				<time>2025-03-02T08:19:51Z</time>
			</trkpt>
			<trkpt lat="54.594128370285034" lon="25.406596064567566">
				<ele>200.08999633789062</ele>
				<time>2025-03-02T08:19:52Z</time>
			</trkpt>
			<trkpt lat="54.594125390052795" lon="25.406744480133057">
				<ele>200.08999633789062</ele>
				<time>2025-03-02T08:19:53Z</time>
			</trkpt>
			<trkpt lat="54.59412622451782" lon="25.406904578208923">
				<ele>200.08999633789062</ele>
				<time>2025-03-02T08:19:54Z</time>
			</trkpt>
			<trkpt lat="54.59413743019104" lon="25.407185912132263">
				<ele>200.08999633789062</ele>
				<time>2025-03-02T08:19:56Z</time>
			</trkpt>
			<trkpt lat="54.59415340423584" lon="25.407304286956787">
				<ele>200.08999633789062</ele>
				<time>2025-03-02T08:19:57Z</time>
			</trkpt>
			<trkpt lat="54.594175934791565" lon="25.407421827316284">
				<ele>200.08999633789062</ele>
				<time>2025-03-02T08:19:58Z</time>
			</trkpt>
			<trkpt lat="54.59420192241669" lon="25.40752673149109">
				<ele>199.61000061035156</ele>
				<time>2025-03-02T08:19:59Z</time>
			</trkpt>
			<trkpt lat="54.59422814846039" lon="25.407620906829834">
				<ele>199.61000061035156</ele>
				<time>2025-03-02T08:20:00Z</time>
			</trkpt>
			<trkpt lat="54.594247817993164" lon="25.407714366912842">
				<ele>200.08999633789062</ele>
				<time>2025-03-02T08:20:01Z</time>
			</trkpt>
			<trkpt lat="54.594260931015015" lon="25.407814025878906">
				<ele>200.08999633789062</ele>
				<time>2025-03-02T08:20:02Z</time>
			</trkpt>
			<trkpt lat="54.59426939487457" lon="25.40792429447174">
				<ele>200.08999633789062</ele>
				<time>2025-03-02T08:20:03Z</time>
			</trkpt>
			<trkpt lat="54.594269156455994" lon="25.40805232524872">
				<ele>200.08999633789062</ele>
				<time>2025-03-02T08:20:04Z</time>
			</trkpt>
			<trkpt lat="54.5942599773407" lon="25.40820837020874">
				<ele>200.57000732421875</ele>
				<time>2025-03-02T08:20:05Z</time>
			</trkpt>
			<trkpt lat="54.59425103664398" lon="25.40839982032776">
				<ele>200.57000732421875</ele>
				<time>2025-03-02T08:20:06Z</time>
			</trkpt>
			<trkpt lat="54.59424924850464" lon="25.408599138259888">
				<ele>201.0500030517578</ele>
				<time>2025-03-02T08:20:07Z</time>
			</trkpt>
			<trkpt lat="54.59427046775818" lon="25.409785866737366">
				<ele>202.97999572753906</ele>
				<time>2025-03-02T08:20:15Z</time>
			</trkpt>
			<trkpt lat="54.59431791305542" lon="25.410667300224304">
				<ele>203.94000244140625</ele>
				<time>2025-03-02T08:20:21Z</time>
			</trkpt>
			<trkpt lat="54.59434795379639" lon="25.410821437835693">
				<ele>204.4199981689453</ele>
				<time>2025-03-02T08:20:22Z</time>
			</trkpt>
			<trkpt lat="54.59479212760925" lon="25.412376523017883">
				<ele>204.89999389648438</ele>
				<time>2025-03-02T08:20:30Z</time>
			</trkpt>
			<trkpt lat="54.595162987709045" lon="25.41349697113037">
				<ele>204.89999389648438</ele>
				<time>2025-03-02T08:20:36Z</time>
			</trkpt>
			<trkpt lat="54.595229506492615" lon="25.413649082183838">
				<ele>204.89999389648438</ele>
				<time>2025-03-02T08:20:37Z</time>
			</trkpt>
			<trkpt lat="54.595285296440125" lon="25.413805723190308">
				<ele>204.89999389648438</ele>
				<time>2025-03-02T08:20:38Z</time>
			</trkpt>
			<trkpt lat="54.59532916545868" lon="25.413973808288574">
				<ele>204.89999389648438</ele>
				<time>2025-03-02T08:20:39Z</time>
			</trkpt>
			<trkpt lat="54.59536373615265" lon="25.41414487361908">
				<ele>204.89999389648438</ele>
				<time>2025-03-02T08:20:40Z</time>
			</trkpt>
			<trkpt lat="54.59540796279907" lon="25.414437890052795">
				<ele>205.3800048828125</ele>
				<time>2025-03-02T08:20:42Z</time>
			</trkpt>
			<trkpt lat="54.59541368484497" lon="25.414541363716125">
				<ele>205.86000061035156</ele>
				<time>2025-03-02T08:20:43Z</time>
			</trkpt>
			<trkpt lat="54.59539604187012" lon="25.414815425872803">
				<ele>207.3000030517578</ele>
				<time>2025-03-02T08:20:49Z</time>
			</trkpt>
			<trkpt lat="54.595354318618774" lon="25.414844036102295">
				<ele>207.77999877929688</ele>
				<time>2025-03-02T08:20:50Z</time>
			</trkpt>
			<trkpt lat="54.59527099132538" lon="25.4148530960083">
				<ele>207.77999877929688</ele>
				<time>2025-03-02T08:20:51Z</time>
			</trkpt>
			<trkpt lat="54.5946409702301" lon="25.414883136749268">
				<ele>208.25999450683594</ele>
				<time>2025-03-02T08:20:56Z</time>
			</trkpt>
			<trkpt lat="54.593676686286926" lon="25.41523838043213">
				<ele>210.6699981689453</ele>
				<time>2025-03-02T08:21:02Z</time>
			</trkpt>
			<trkpt lat="54.59349727630615" lon="25.41531991958618">
				<ele>211.6300048828125</ele>
				<time>2025-03-02T08:21:04Z</time>
			</trkpt>
			<trkpt lat="54.59344017505646" lon="25.415335178375244">
				<ele>211.6300048828125</ele>
				<time>2025-03-02T08:21:05Z</time>
			</trkpt>
			<trkpt lat="54.59338676929474" lon="25.41534423828125">
				<ele>211.6300048828125</ele>
				<time>2025-03-02T08:21:06Z</time>
			</trkpt>
			<trkpt lat="54.59333038330078" lon="25.415364503860474">
				<ele>211.6300048828125</ele>
				<time>2025-03-02T08:21:07Z</time>
			</trkpt>
			<trkpt lat="54.59310448169708" lon="25.41546618938446">
				<ele>212.11000061035156</ele>
				<time>2025-03-02T08:21:10Z</time>
			</trkpt>
			<trkpt lat="54.59302055835724" lon="25.415470719337463">
				<ele>212.11000061035156</ele>
				<time>2025-03-02T08:21:11Z</time>
			</trkpt>
			<trkpt lat="54.59294092655182" lon="25.415456295013428">
				<ele>212.58999633789062</ele>
				<time>2025-03-02T08:21:12Z</time>
			</trkpt>
			<trkpt lat="54.59221601486206" lon="25.415342450141907">
				<ele>213.07000732421875</ele>
				<time>2025-03-02T08:21:19Z</time>
			</trkpt>
			<trkpt lat="54.59170639514923" lon="25.415271997451782">
				<ele>214.02999877929688</ele>
				<time>2025-03-02T08:21:25Z</time>
			</trkpt>
			<trkpt lat="54.591644287109375" lon="25.41534173488617">
				<ele>214.02999877929688</ele>
				<time>2025-03-02T08:21:26Z</time>
			</trkpt>
			<trkpt lat="54.59160041809082" lon="25.415489435195923">
				<ele>214.50999450683594</ele>
				<time>2025-03-02T08:21:27Z</time>
			</trkpt>
			<trkpt lat="54.59158933162689" lon="25.415701746940613">
				<ele>214.99000549316406</ele>
				<time>2025-03-02T08:21:28Z</time>
			</trkpt>
			<trkpt lat="54.59159708023071" lon="25.415948748588562">
				<ele>214.99000549316406</ele>
				<time>2025-03-02T08:21:29Z</time>
			</trkpt>
			<trkpt lat="54.59161877632141" lon="25.418853282928467">
				<ele>216.42999267578125</ele>
				<time>2025-03-02T08:21:41Z</time>
			</trkpt>
			<trkpt lat="54.59159553050995" lon="25.419092297554016">
				<ele>216.42999267578125</ele>
				<time>2025-03-02T08:21:42Z</time>
			</trkpt>
			<trkpt lat="54.59155774116516" lon="25.419326305389404">
				<ele>216.91000366210938</ele>
				<time>2025-03-02T08:21:43Z</time>
			</trkpt>
			<trkpt lat="54.591511726379395" lon="25.41954517364502">
				<ele>216.91000366210938</ele>
				<time>2025-03-02T08:21:44Z</time>
			</trkpt>
			<trkpt lat="54.59147083759308" lon="25.419746160507202">
				<ele>217.39999389648438</ele>
				<time>2025-03-02T08:21:45Z</time>
			</trkpt>
			<trkpt lat="54.59143888950348" lon="25.419936895370483">
				<ele>217.39999389648438</ele>
				<time>2025-03-02T08:21:46Z</time>
			</trkpt>
			<trkpt lat="54.591400027275085" lon="25.42012369632721">
				<ele>217.8800048828125</ele>
				<time>2025-03-02T08:21:47Z</time>
			</trkpt>
			<trkpt lat="54.591349363327026" lon="25.42031180858612">
				<ele>217.8800048828125</ele>
				<time>2025-03-02T08:21:48Z</time>
			</trkpt>
			<trkpt lat="54.590853810310364" lon="25.421694040298462">
				<ele>219.32000732421875</ele>
				<time>2025-03-02T08:21:56Z</time>
			</trkpt>
			<trkpt lat="54.59028446674347" lon="25.42344033718109">
				<ele>220.75999450683594</ele>
				<time>2025-03-02T08:22:06Z</time>
			</trkpt>
			<trkpt lat="54.589744210243225" lon="25.425156593322754">
				<ele>220.75999450683594</ele>
				<time>2025-03-02T08:22:16Z</time>
			</trkpt>
			<trkpt lat="54.58968794345856" lon="25.425289392471313">
				<ele>220.75999450683594</ele>
				<time>2025-03-02T08:22:17Z</time>
			</trkpt>
			<trkpt lat="54.58964157104492" lon="25.425413846969604">
				<ele>220.75999450683594</ele>
				<time>2025-03-02T08:22:18Z</time>
			</trkpt>
			<trkpt lat="54.589271664619446" lon="25.426576733589172">
				<ele>221.72000122070312</ele>
				<time>2025-03-02T08:22:26Z</time>
			</trkpt>
			<trkpt lat="54.589094161987305" lon="25.426936149597168">
				<ele>222.1999969482422</ele>
				<time>2025-03-02T08:22:29Z</time>
			</trkpt>
			<trkpt lat="54.58841156959534" lon="25.428113222122192">
				<ele>223.16000366210938</ele>
				<time>2025-03-02T08:22:37Z</time>
			</trkpt>
			<trkpt lat="54.58776414394379" lon="25.42934513092041">
				<ele>224.1199951171875</ele>
				<time>2025-03-02T08:22:44Z</time>
			</trkpt>
			<trkpt lat="54.58768391609192" lon="25.429531574249268">
				<ele>224.61000061035156</ele>
				<time>2025-03-02T08:22:45Z</time>
			</trkpt>
			<trkpt lat="54.58760368824005" lon="25.42971444129944">
				<ele>224.61000061035156</ele>
				<time>2025-03-02T08:22:46Z</time>
			</trkpt>
			<trkpt lat="54.58710062503815" lon="25.430717825889587">
				<ele>227.97000122070312</ele>
				<time>2025-03-02T08:22:52Z</time>
			</trkpt>
			<trkpt lat="54.586650371551514" lon="25.431557059288025">
				<ele>231.3300018310547</ele>
				<time>2025-03-02T08:22:59Z</time>
			</trkpt>
			<trkpt lat="54.586599946022034" lon="25.43163502216339">
				<ele>231.80999755859375</ele>
				<time>2025-03-02T08:23:00Z</time>
			</trkpt>
			<trkpt lat="54.5865136384964" lon="25.43180775642395">
				<ele>232.3000030517578</ele>
				<time>2025-03-02T08:23:02Z</time>
			</trkpt>
			<trkpt lat="54.586432456970215" lon="25.432023406028748">
				<ele>232.77999877929688</ele>
				<time>2025-03-02T08:23:04Z</time>
			</trkpt>
			<trkpt lat="54.58592867851257" lon="25.432968974113464">
				<ele>234.22000122070312</ele>
				<time>2025-03-02T08:23:12Z</time>
			</trkpt>
			<trkpt lat="54.585811138153076" lon="25.433215975761414">
				<ele>234.6999969482422</ele>
				<time>2025-03-02T08:23:14Z</time>
			</trkpt>
			<trkpt lat="54.58574104309082" lon="25.433342576026917">
				<ele>234.6999969482422</ele>
				<time>2025-03-02T08:23:15Z</time>
			</trkpt>
			<trkpt lat="54.585679054260254" lon="25.43347454071045">
				<ele>234.6999969482422</ele>
				<time>2025-03-02T08:23:16Z</time>
			</trkpt>
			<trkpt lat="54.58561885356903" lon="25.433597803115845">
				<ele>234.6999969482422</ele>
				<time>2025-03-02T08:23:17Z</time>
			</trkpt>
			<trkpt lat="54.58555781841278" lon="25.433704733848572">
				<ele>234.6999969482422</ele>
				<time>2025-03-02T08:23:18Z</time>
			</trkpt>
			<trkpt lat="54.585461258888245" lon="25.43385100364685">
				<ele>235.17999267578125</ele>
				<time>2025-03-02T08:23:20Z</time>
			</trkpt>
			<trkpt lat="54.585410833358765" lon="25.433921217918396">
				<ele>235.17999267578125</ele>
				<time>2025-03-02T08:23:21Z</time>
			</trkpt>
			<trkpt lat="54.58529841899872" lon="25.43411350250244">
				<ele>235.66000366210938</ele>
				<time>2025-03-02T08:23:23Z</time>
			</trkpt>
			<trkpt lat="54.58475148677826" lon="25.43515157699585">
				<ele>235.66000366210938</ele>
				<time>2025-03-02T08:23:31Z</time>
			</trkpt>
			<trkpt lat="54.58431077003479" lon="25.435945868492126">
				<ele>235.17999267578125</ele>
				<time>2025-03-02T08:23:38Z</time>
			</trkpt>
			<trkpt lat="54.584232807159424" lon="25.436118602752686">
				<ele>235.17999267578125</ele>
				<time>2025-03-02T08:23:40Z</time>
			</trkpt>
			<trkpt lat="54.584198355674744" lon="25.43622136116028">
				<ele>235.17999267578125</ele>
				<time>2025-03-02T08:23:41Z</time>
			</trkpt>
			<trkpt lat="54.58413350582123" lon="25.43640410900116">
				<ele>235.17999267578125</ele>
				<time>2025-03-02T08:23:43Z</time>
			</trkpt>
			<trkpt lat="54.5841029882431" lon="25.436455130577087">
				<ele>235.17999267578125</ele>
				<time>2025-03-02T08:23:44Z</time>
			</trkpt>
			<trkpt lat="54.584001660346985" lon="25.436596274375916">
				<ele>235.17999267578125</ele>
				<time>2025-03-02T08:23:47Z</time>
			</trkpt>
			<trkpt lat="54.58395218849182" lon="25.436644196510315">
				<ele>235.17999267578125</ele>
				<time>2025-03-02T08:23:48Z</time>
			</trkpt>
			<trkpt lat="54.58381938934326" lon="25.436727166175842">
				<ele>235.17999267578125</ele>
				<time>2025-03-02T08:23:50Z</time>
			</trkpt>
			<trkpt lat="54.58374631404877" lon="25.436760425567627">
				<ele>235.17999267578125</ele>
				<time>2025-03-02T08:23:51Z</time>
			</trkpt>
			<trkpt lat="54.583513140678406" lon="25.436864852905273">
				<ele>235.17999267578125</ele>
				<time>2025-03-02T08:23:55Z</time>
			</trkpt>
			<trkpt lat="54.583216428756714" lon="25.436939001083374">
				<ele>234.22000122070312</ele>
				<time>2025-03-02T08:24:00Z</time>
			</trkpt>
			<trkpt lat="54.583072900772095" lon="25.436967849731445">
				<ele>233.25999450683594</ele>
				<time>2025-03-02T08:24:03Z</time>
			</trkpt>
			<trkpt lat="54.583014607429504" lon="25.437000393867493">
				<ele>233.25999450683594</ele>
				<time>2025-03-02T08:24:04Z</time>
			</trkpt>
			<trkpt lat="54.58274829387665" lon="25.437154531478882">
				<ele>231.80999755859375</ele>
				<time>2025-03-02T08:24:09Z</time>
			</trkpt>
			<trkpt lat="54.58267891407013" lon="25.437201023101807">
				<ele>231.3300018310547</ele>
				<time>2025-03-02T08:24:10Z</time>
			</trkpt>
			<trkpt lat="54.582619071006775" lon="25.43724012374878">
				<ele>231.3300018310547</ele>
				<time>2025-03-02T08:24:11Z</time>
			</trkpt>
			<trkpt lat="54.58255970478058" lon="25.437264919281006">
				<ele>230.85000610351562</ele>
				<time>2025-03-02T08:24:12Z</time>
			</trkpt>
			<trkpt lat="54.58250296115875" lon="25.437277793884277">
				<ele>230.85000610351562</ele>
				<time>2025-03-02T08:24:13Z</time>
			</trkpt>
			<trkpt lat="54.5824476480484" lon="25.43728280067444">
				<ele>230.3699951171875</ele>
				<time>2025-03-02T08:24:14Z</time>
			</trkpt>
			<trkpt lat="54.58238935470581" lon="25.43727719783783">
				<ele>229.88999938964844</ele>
				<time>2025-03-02T08:24:15Z</time>
			</trkpt>
			<trkpt lat="54.582284688949585" lon="25.437255859375">
				<ele>228.92999267578125</ele>
				<time>2025-03-02T08:24:17Z</time>
			</trkpt>
			<trkpt lat="54.582231402397156" lon="25.43722712993622">
				<ele>228.4499969482422</ele>
				<time>2025-03-02T08:24:18Z</time>
			</trkpt>
			<trkpt lat="54.581961154937744" lon="25.437062978744507">
				<ele>226.0500030517578</ele>
				<time>2025-03-02T08:24:24Z</time>
			</trkpt>
			<trkpt lat="54.58189857006073" lon="25.43702781200409">
				<ele>225.57000732421875</ele>
				<time>2025-03-02T08:24:25Z</time>
			</trkpt>
			<trkpt lat="54.58183407783508" lon="25.43701446056366">
				<ele>225.08999633789062</ele>
				<time>2025-03-02T08:24:26Z</time>
			</trkpt>
			<trkpt lat="54.58175015449524" lon="25.43703520298004">
				<ele>224.61000061035156</ele>
				<time>2025-03-02T08:24:27Z</time>
			</trkpt>
			<trkpt lat="54.581663489341736" lon="25.43707835674286">
				<ele>224.1199951171875</ele>
				<time>2025-03-02T08:24:28Z</time>
			</trkpt>
			<trkpt lat="54.581573247909546" lon="25.437108755111694">
				<ele>223.63999938964844</ele>
				<time>2025-03-02T08:24:29Z</time>
			</trkpt>
			<trkpt lat="54.58148491382599" lon="25.437121510505676">
				<ele>223.16000366210938</ele>
				<time>2025-03-02T08:24:30Z</time>
			</trkpt>
			<trkpt lat="54.581398010253906" lon="25.43711805343628">
				<ele>223.16000366210938</ele>
				<time>2025-03-02T08:24:31Z</time>
			</trkpt>
			<trkpt lat="54.58130729198456" lon="25.437116622924805">
				<ele>222.1999969482422</ele>
				<time>2025-03-02T08:24:32Z</time>
			</trkpt>
			<trkpt lat="54.58120596408844" lon="25.437114715576172">
				<ele>222.1999969482422</ele>
				<time>2025-03-02T08:24:33Z</time>
			</trkpt>
			<trkpt lat="54.58110988140106" lon="25.437127351760864">
				<ele>221.24000549316406</ele>
				<time>2025-03-02T08:24:34Z</time>
			</trkpt>
			<trkpt lat="54.581024527549744" lon="25.437157034873962">
				<ele>220.75999450683594</ele>
				<time>2025-03-02T08:24:35Z</time>
			</trkpt>
			<trkpt lat="54.58074879646301" lon="25.43727207183838">
				<ele>218.36000061035156</ele>
				<time>2025-03-02T08:24:42Z</time>
			</trkpt>
			<trkpt lat="54.580604910850525" lon="25.437357425689697">
				<ele>217.39999389648438</ele>
				<time>2025-03-02T08:24:47Z</time>
			</trkpt>
			<trkpt lat="54.580567836761475" lon="25.43742072582245">
				<ele>216.91000366210938</ele>
				<time>2025-03-02T08:24:48Z</time>
			</trkpt>
			<trkpt lat="54.58054327964783" lon="25.437498331069946">
				<ele>216.91000366210938</ele>
				<time>2025-03-02T08:24:49Z</time>
			</trkpt>
			<trkpt lat="54.58054995536804" lon="25.43765878677368">
				<ele>216.42999267578125</ele>
				<time>2025-03-02T08:24:51Z</time>
			</trkpt>
			<trkpt lat="54.580562233924866" lon="25.437750577926636">
				<ele>215.9499969482422</ele>
				<time>2025-03-02T08:24:52Z</time>
			</trkpt>
			<trkpt lat="54.58056581020355" lon="25.437846660614014">
				<ele>215.9499969482422</ele>
				<time>2025-03-02T08:24:53Z</time>
			</trkpt>
			<trkpt lat="54.58056282997131" lon="25.437939167022705">
				<ele>215.47000122070312</ele>
				<time>2025-03-02T08:24:54Z</time>
			</trkpt>
			<trkpt lat="54.58055877685547" lon="25.438019633293152">
				<ele>214.99000549316406</ele>
				<time>2025-03-02T08:24:55Z</time>
			</trkpt>
			<trkpt lat="54.58050239086151" lon="25.43874680995941">
				<ele>213.07000732421875</ele>
				<time>2025-03-02T08:25:04Z</time>
			</trkpt>
			<trkpt lat="54.580493807792664" lon="25.43923819065094">
				<ele>212.58999633789062</ele>
				<time>2025-03-02T08:25:08Z</time>
			</trkpt>
			<trkpt lat="54.58049440383911" lon="25.43938684463501">
				<ele>212.11000061035156</ele>
				<time>2025-03-02T08:25:09Z</time>
			</trkpt>
			<trkpt lat="54.58050537109375" lon="25.439695835113525">
				<ele>211.6300048828125</ele>
				<time>2025-03-02T08:25:11Z</time>
			</trkpt>
			<trkpt lat="54.580519676208496" lon="25.43999171257019">
				<ele>211.14999389648438</ele>
				<time>2025-03-02T08:25:13Z</time>
			</trkpt>
			<trkpt lat="54.58052396774292" lon="25.440265655517578">
				<ele>210.6699981689453</ele>
				<time>2025-03-02T08:25:15Z</time>
			</trkpt>
			<trkpt lat="54.58057153224945" lon="25.44111394882202">
				<ele>209.22000122070312</ele>
				<time>2025-03-02T08:25:22Z</time>
			</trkpt>
			<trkpt lat="54.58058202266693" lon="25.441906571388245">
				<ele>207.77999877929688</ele>
				<time>2025-03-02T08:25:29Z</time>
			</trkpt>
			<trkpt lat="54.580570697784424" lon="25.441990852355957">
				<ele>207.77999877929688</ele>
				<time>2025-03-02T08:25:30Z</time>
			</trkpt>
			<trkpt lat="54.58055317401886" lon="25.442070364952087">
				<ele>207.3000030517578</ele>
				<time>2025-03-02T08:25:31Z</time>
			</trkpt>
			<trkpt lat="54.58052182197571" lon="25.44220995903015">
				<ele>206.82000732421875</ele>
				<time>2025-03-02T08:25:33Z</time>
			</trkpt>
			<trkpt lat="54.580517053604126" lon="25.44230079650879">
				<ele>206.82000732421875</ele>
				<time>2025-03-02T08:25:34Z</time>
			</trkpt>
			<trkpt lat="54.58052361011505" lon="25.442395567893982">
				<ele>206.33999633789062</ele>
				<time>2025-03-02T08:25:35Z</time>
			</trkpt>
			<trkpt lat="54.58053970336914" lon="25.442496061325073">
				<ele>206.33999633789062</ele>
				<time>2025-03-02T08:25:36Z</time>
			</trkpt>
			<trkpt lat="54.58054864406586" lon="25.44260835647583">
				<ele>205.86000061035156</ele>
				<time>2025-03-02T08:25:37Z</time>
			</trkpt>
			<trkpt lat="54.58054983615875" lon="25.442727088928223">
				<ele>205.86000061035156</ele>
				<time>2025-03-02T08:25:38Z</time>
			</trkpt>
			<trkpt lat="54.58053183555603" lon="25.443453788757324">
				<ele>204.89999389648438</ele>
				<time>2025-03-02T08:25:44Z</time>
			</trkpt>
			<trkpt lat="54.58053934574127" lon="25.44354009628296">
				<ele>204.89999389648438</ele>
				<time>2025-03-02T08:25:45Z</time>
			</trkpt>
			<trkpt lat="54.58057105541229" lon="25.443614721298218">
				<ele>204.89999389648438</ele>
				<time>2025-03-02T08:25:46Z</time>
			</trkpt>
			<trkpt lat="54.58060908317566" lon="25.443674564361572">
				<ele>204.4199981689453</ele>
				<time>2025-03-02T08:25:47Z</time>
			</trkpt>
			<trkpt lat="54.580644965171814" lon="25.443718910217285">
				<ele>204.4199981689453</ele>
				<time>2025-03-02T08:25:48Z</time>
			</trkpt>
			<trkpt lat="54.58067834377289" lon="25.443753480911255">
				<ele>204.4199981689453</ele>
				<time>2025-03-02T08:25:49Z</time>
			</trkpt>
			<trkpt lat="54.58086824417114" lon="25.44389843940735">
				<ele>202.49000549316406</ele>
				<time>2025-03-02T08:26:00Z</time>
			</trkpt>
			<trkpt lat="54.58086681365967" lon="25.443901777267456">
				<ele>202.00999450683594</ele>
				<time>2025-03-02T08:26:01Z</time>
			</trkpt>
			<trkpt lat="54.580934047698975" lon="25.443971753120422">
				<ele>201.52999877929688</ele>
				<time>2025-03-02T08:26:09Z</time>
			</trkpt>
			<trkpt lat="54.58124268054962" lon="25.444188117980957">
				<ele>200.08999633789062</ele>
				<time>2025-03-02T08:26:20Z</time>
			</trkpt>
			<trkpt lat="54.58146643638611" lon="25.444230318069458">
				<ele>199.61000061035156</ele>
				<time>2025-03-02T08:26:27Z</time>
			</trkpt>
			<trkpt lat="54.58150064945221" lon="25.4442640542984">
				<ele>199.61000061035156</ele>
				<time>2025-03-02T08:26:28Z</time>
			</trkpt>
			<trkpt lat="54.58152759075165" lon="25.444305896759033">
				<ele>199.61000061035156</ele>
				<time>2025-03-02T08:26:29Z</time>
			</trkpt>
			<trkpt lat="54.581547141075134" lon="25.444351315498352">
				<ele>199.1300048828125</ele>
				<time>2025-03-02T08:26:30Z</time>
			</trkpt>
			<trkpt lat="54.581555128097534" lon="25.44439685344696">
				<ele>199.1300048828125</ele>
				<time>2025-03-02T08:26:31Z</time>
			</trkpt>
			<trkpt lat="54.58155679702759" lon="25.444449305534363">
				<ele>199.1300048828125</ele>
				<time>2025-03-02T08:26:32Z</time>
			</trkpt>
			<trkpt lat="54.581565618515015" lon="25.44450807571411">
				<ele>198.64999389648438</ele>
				<time>2025-03-02T08:26:33Z</time>
			</trkpt>
			<trkpt lat="54.58157575130463" lon="25.44456446170807">
				<ele>198.64999389648438</ele>
				<time>2025-03-02T08:26:34Z</time>
			</trkpt>
			<trkpt lat="54.58165228366852" lon="25.44475531578064">
				<ele>198.1699981689453</ele>
				<time>2025-03-02T08:26:38Z</time>
			</trkpt>
			<trkpt lat="54.581647992134094" lon="25.44480860233307">
				<ele>198.1699981689453</ele>
				<time>2025-03-02T08:26:39Z</time>
			</trkpt>
			<trkpt lat="54.5816376209259" lon="25.444862604141235">
				<ele>197.69000244140625</ele>
				<time>2025-03-02T08:26:40Z</time>
			</trkpt>
			<trkpt lat="54.581631541252136" lon="25.444916009902954">
				<ele>197.69000244140625</ele>
				<time>2025-03-02T08:26:41Z</time>
			</trkpt>
			<trkpt lat="54.5816330909729" lon="25.44496750831604">
				<ele>197.2100067138672</ele>
				<time>2025-03-02T08:26:42Z</time>
			</trkpt>
			<trkpt lat="54.58165669441223" lon="25.44502305984497">
				<ele>197.2100067138672</ele>
				<time>2025-03-02T08:26:43Z</time>
			</trkpt>
			<trkpt lat="54.58169102668762" lon="25.445074319839478">
				<ele>197.2100067138672</ele>
				<time>2025-03-02T08:26:44Z</time>
			</trkpt>
			<trkpt lat="54.58172273635864" lon="25.445116758346558">
				<ele>197.2100067138672</ele>
				<time>2025-03-02T08:26:45Z</time>
			</trkpt>
			<trkpt lat="54.582005977630615" lon="25.445433378219604">
				<ele>194.8000030517578</ele>
				<time>2025-03-02T08:26:54Z</time>
			</trkpt>
			<trkpt lat="54.5820814371109" lon="25.445513606071472">
				<ele>194.8000030517578</ele>
				<time>2025-03-02T08:26:56Z</time>
			</trkpt>
			<trkpt lat="54.58211350440979" lon="25.4455783367157">
				<ele>194.8000030517578</ele>
				<time>2025-03-02T08:26:57Z</time>
			</trkpt>
			<trkpt lat="54.5821408033371" lon="25.445658683776855">
				<ele>194.32000732421875</ele>
				<time>2025-03-02T08:26:58Z</time>
			</trkpt>
			<trkpt lat="54.582152009010315" lon="25.445738196372986">
				<ele>194.32000732421875</ele>
				<time>2025-03-02T08:26:59Z</time>
			</trkpt>
			<trkpt lat="54.58214831352234" lon="25.445810198783875">
				<ele>194.32000732421875</ele>
				<time>2025-03-02T08:27:00Z</time>
			</trkpt>
			<trkpt lat="54.58212983608246" lon="25.44587528705597">
				<ele>194.32000732421875</ele>
				<time>2025-03-02T08:27:01Z</time>
			</trkpt>
			<trkpt lat="54.58210909366608" lon="25.445942282676697">
				<ele>193.83999633789062</ele>
				<time>2025-03-02T08:27:02Z</time>
			</trkpt>
			<trkpt lat="54.582099199295044" lon="25.44602644443512">
				<ele>193.83999633789062</ele>
				<time>2025-03-02T08:27:03Z</time>
			</trkpt>
			<trkpt lat="54.582083106040955" lon="25.44612443447113">
				<ele>193.36000061035156</ele>
				<time>2025-03-02T08:27:04Z</time>
			</trkpt>
			<trkpt lat="54.58207190036774" lon="25.446233987808228">
				<ele>193.36000061035156</ele>
				<time>2025-03-02T08:27:05Z</time>
			</trkpt>
			<trkpt lat="54.5820814371109" lon="25.44634437561035">
				<ele>193.36000061035156</ele>
				<time>2025-03-02T08:27:06Z</time>
			</trkpt>
			<trkpt lat="54.58210790157318" lon="25.446439266204834">
				<ele>193.36000061035156</ele>
				<time>2025-03-02T08:27:07Z</time>
			</trkpt>
			<trkpt lat="54.58214581012726" lon="25.44653069972992">
				<ele>193.36000061035156</ele>
				<time>2025-03-02T08:27:08Z</time>
			</trkpt>
			<trkpt lat="54.58219122886658" lon="25.44661819934845">
				<ele>193.36000061035156</ele>
				<time>2025-03-02T08:27:09Z</time>
			</trkpt>
			<trkpt lat="54.582247614860535" lon="25.446702361106873">
				<ele>193.36000061035156</ele>
				<time>2025-03-02T08:27:10Z</time>
			</trkpt>
			<trkpt lat="54.58229970932007" lon="25.446771264076233">
				<ele>192.8800048828125</ele>
				<time>2025-03-02T08:27:11Z</time>
			</trkpt>
			<trkpt lat="54.582347989082336" lon="25.446828603744507">
				<ele>192.8800048828125</ele>
				<time>2025-03-02T08:27:12Z</time>
			</trkpt>
			<trkpt lat="54.58273458480835" lon="25.447192311286926">
				<ele>192.8800048828125</ele>
				<time>2025-03-02T08:27:20Z</time>
			</trkpt>
			<trkpt lat="54.582794427871704" lon="25.447222352027893">
				<ele>192.8800048828125</ele>
				<time>2025-03-02T08:27:21Z</time>
			</trkpt>
			<trkpt lat="54.582855105400085" lon="25.447243332862854">
				<ele>192.8800048828125</ele>
				<time>2025-03-02T08:27:22Z</time>
			</trkpt>
			<trkpt lat="54.582916617393494" lon="25.447253465652466">
				<ele>192.8800048828125</ele>
				<time>2025-03-02T08:27:23Z</time>
			</trkpt>
			<trkpt lat="54.58297574520111" lon="25.447259664535522">
				<ele>192.8800048828125</ele>
				<time>2025-03-02T08:27:24Z</time>
			</trkpt>
			<trkpt lat="54.583261013031006" lon="25.44726848602295">
				<ele>192.39999389648438</ele>
				<time>2025-03-02T08:27:29Z</time>
			</trkpt>
			<trkpt lat="54.58330750465393" lon="25.44730842113495">
				<ele>192.39999389648438</ele>
				<time>2025-03-02T08:27:30Z</time>
			</trkpt>
			<trkpt lat="54.583356976509094" lon="25.447369933128357">
				<ele>192.39999389648438</ele>
				<time>2025-03-02T08:27:31Z</time>
			</trkpt>
			<trkpt lat="54.58339774608612" lon="25.447447657585144">
				<ele>192.39999389648438</ele>
				<time>2025-03-02T08:27:32Z</time>
			</trkpt>
			<trkpt lat="54.58342456817627" lon="25.447521448135376">
				<ele>192.8800048828125</ele>
				<time>2025-03-02T08:27:33Z</time>
			</trkpt>
			<trkpt lat="54.583460450172424" lon="25.447588324546814">
				<ele>192.8800048828125</ele>
				<time>2025-03-02T08:27:34Z</time>
			</trkpt>
			<trkpt lat="54.583500027656555" lon="25.447657465934753">
				<ele>192.8800048828125</ele>
				<time>2025-03-02T08:27:35Z</time>
			</trkpt>
			<trkpt lat="54.58354449272156" lon="25.447725296020508">
				<ele>192.8800048828125</ele>
				<time>2025-03-02T08:27:36Z</time>
			</trkpt>
			<trkpt lat="54.58359217643738" lon="25.447783708572388">
				<ele>192.8800048828125</ele>
				<time>2025-03-02T08:27:37Z</time>
			</trkpt>
			<trkpt lat="54.58364260196686" lon="25.447834253311157">
				<ele>192.8800048828125</ele>
				<time>2025-03-02T08:27:38Z</time>
			</trkpt>
			<trkpt lat="54.58369195461273" lon="25.4478702545166">
				<ele>192.8800048828125</ele>
				<time>2025-03-02T08:27:39Z</time>
			</trkpt>
			<trkpt lat="54.583747148513794" lon="25.447895288467407">
				<ele>192.8800048828125</ele>
				<time>2025-03-02T08:27:40Z</time>
			</trkpt>
			<trkpt lat="54.583802342414856" lon="25.44791305065155">
				<ele>192.8800048828125</ele>
				<time>2025-03-02T08:27:41Z</time>
			</trkpt>
			<trkpt lat="54.583868741989136" lon="25.447943806648254">
				<ele>192.8800048828125</ele>
				<time>2025-03-02T08:27:42Z</time>
			</trkpt>
			<trkpt lat="54.58426511287689" lon="25.448148727416992">
				<ele>192.8800048828125</ele>
				<time>2025-03-02T08:27:48Z</time>
			</trkpt>
			<trkpt lat="54.58431386947632" lon="25.448214173316956">
				<ele>192.8800048828125</ele>
				<time>2025-03-02T08:27:49Z</time>
			</trkpt>
			<trkpt lat="54.584375500679016" lon="25.448281049728394">
				<ele>192.8800048828125</ele>
				<time>2025-03-02T08:27:50Z</time>
			</trkpt>
			<trkpt lat="54.584452629089355" lon="25.44833540916443">
				<ele>192.8800048828125</ele>
				<time>2025-03-02T08:27:51Z</time>
			</trkpt>
			<trkpt lat="54.584535002708435" lon="25.448368549346924">
				<ele>192.39999389648438</ele>
				<time>2025-03-02T08:27:52Z</time>
			</trkpt>
			<trkpt lat="54.58461284637451" lon="25.448381662368774">
				<ele>192.39999389648438</ele>
				<time>2025-03-02T08:27:53Z</time>
			</trkpt>
			<trkpt lat="54.58468747138977" lon="25.448390245437622">
				<ele>192.39999389648438</ele>
				<time>2025-03-02T08:27:54Z</time>
			</trkpt>
			<trkpt lat="54.584813356399536" lon="25.448396921157837">
				<ele>192.39999389648438</ele>
				<time>2025-03-02T08:27:56Z</time>
			</trkpt>
			<trkpt lat="54.58486771583557" lon="25.448415756225586">
				<ele>192.39999389648438</ele>
				<time>2025-03-02T08:27:57Z</time>
			</trkpt>
			<trkpt lat="54.58492708206177" lon="25.44842839241028">
				<ele>192.39999389648438</ele>
				<time>2025-03-02T08:27:58Z</time>
			</trkpt>
			<trkpt lat="54.58499193191528" lon="25.448431372642517">
				<ele>192.39999389648438</ele>
				<time>2025-03-02T08:27:59Z</time>
			</trkpt>
			<trkpt lat="54.58505356311798" lon="25.448421716690063">
				<ele>192.39999389648438</ele>
				<time>2025-03-02T08:28:00Z</time>
			</trkpt>
			<trkpt lat="54.58511662483215" lon="25.448400616645813">
				<ele>192.39999389648438</ele>
				<time>2025-03-02T08:28:01Z</time>
			</trkpt>
			<trkpt lat="54.585559606552124" lon="25.44836676120758">
				<ele>192.39999389648438</ele>
				<time>2025-03-02T08:28:06Z</time>
			</trkpt>
			<trkpt lat="54.58565127849579" lon="25.448418140411377">
				<ele>192.39999389648438</ele>
				<time>2025-03-02T08:28:07Z</time>
			</trkpt>
			<trkpt lat="54.58574879169464" lon="25.448487162590027">
				<ele>192.39999389648438</ele>
				<time>2025-03-02T08:28:08Z</time>
			</trkpt>
			<trkpt lat="54.58584177494049" lon="25.44856607913971">
				<ele>191.9199981689453</ele>
				<time>2025-03-02T08:28:09Z</time>
			</trkpt>
			<trkpt lat="54.58592975139618" lon="25.44864785671234">
				<ele>191.9199981689453</ele>
				<time>2025-03-02T08:28:10Z</time>
			</trkpt>
			<trkpt lat="54.586057901382446" lon="25.44880497455597">
				<ele>191.44000244140625</ele>
				<time>2025-03-02T08:28:12Z</time>
			</trkpt>
			<trkpt lat="54.58615565299988" lon="25.448922038078308">
				<ele>191.44000244140625</ele>
				<time>2025-03-02T08:28:14Z</time>
			</trkpt>
			<trkpt lat="54.58621823787689" lon="25.448967695236206">
				<ele>191.44000244140625</ele>
				<time>2025-03-02T08:28:15Z</time>
			</trkpt>
			<trkpt lat="54.586283564567566" lon="25.44900345802307">
				<ele>191.44000244140625</ele>
				<time>2025-03-02T08:28:16Z</time>
			</trkpt>
			<trkpt lat="54.586345195770264" lon="25.449020743370056">
				<ele>190.9600067138672</ele>
				<time>2025-03-02T08:28:17Z</time>
			</trkpt>
			<trkpt lat="54.58640170097351" lon="25.449015140533447">
				<ele>190.9600067138672</ele>
				<time>2025-03-02T08:28:18Z</time>
			</trkpt>
			<trkpt lat="54.58645236492157" lon="25.44898808002472">
				<ele>190.9600067138672</ele>
				<time>2025-03-02T08:28:19Z</time>
			</trkpt>
			<trkpt lat="54.58649981021881" lon="25.448949575424194">
				<ele>190.9600067138672</ele>
				<time>2025-03-02T08:28:20Z</time>
			</trkpt>
			<trkpt lat="54.58654475212097" lon="25.44890546798706">
				<ele>190.9600067138672</ele>
				<time>2025-03-02T08:28:21Z</time>
			</trkpt>
			<trkpt lat="54.58659255504608" lon="25.44884192943573">
				<ele>190.9600067138672</ele>
				<time>2025-03-02T08:28:22Z</time>
			</trkpt>
			<trkpt lat="54.58663988113403" lon="25.44876539707184">
				<ele>190.9600067138672</ele>
				<time>2025-03-02T08:28:23Z</time>
			</trkpt>
			<trkpt lat="54.586687445640564" lon="25.44869589805603">
				<ele>190.9600067138672</ele>
				<time>2025-03-02T08:28:24Z</time>
			</trkpt>
			<trkpt lat="54.586737751960754" lon="25.44864332675934">
				<ele>190.9600067138672</ele>
				<time>2025-03-02T08:28:25Z</time>
			</trkpt>
			<trkpt lat="54.58678996562958" lon="25.44860553741455">
				<ele>190.9600067138672</ele>
				<time>2025-03-02T08:28:26Z</time>
			</trkpt>
			<trkpt lat="54.58684170246124" lon="25.448590397834778">
				<ele>190.47999572753906</ele>
				<time>2025-03-02T08:28:27Z</time>
			</trkpt>
			<trkpt lat="54.58690857887268" lon="25.4486026763916">
				<ele>190.47999572753906</ele>
				<time>2025-03-02T08:28:28Z</time>
			</trkpt>
			<trkpt lat="54.58697831630707" lon="25.448631286621094">
				<ele>190.47999572753906</ele>
				<time>2025-03-02T08:28:29Z</time>
			</trkpt>
			<trkpt lat="54.58703863620758" lon="25.448659539222717">
				<ele>190.9600067138672</ele>
				<time>2025-03-02T08:28:30Z</time>
			</trkpt>
			<trkpt lat="54.587563276290894" lon="25.449023604393005">
				<ele>190.0</ele>
				<time>2025-03-02T08:28:39Z</time>
			</trkpt>
			<trkpt lat="54.58760905265808" lon="25.44909632205963">
				<ele>190.0</ele>
				<time>2025-03-02T08:28:40Z</time>
			</trkpt>
			<trkpt lat="54.58765113353729" lon="25.44917392730713">
				<ele>190.0</ele>
				<time>2025-03-02T08:28:41Z</time>
			</trkpt>
			<trkpt lat="54.58789825439453" lon="25.449658632278442">
				<ele>190.0</ele>
				<time>2025-03-02T08:28:47Z</time>
			</trkpt>
			<trkpt lat="54.587926268577576" lon="25.44975972175598">
				<ele>190.0</ele>
				<time>2025-03-02T08:28:48Z</time>
			</trkpt>
			<trkpt lat="54.58801078796387" lon="25.450106263160706">
				<ele>189.52000427246094</ele>
				<time>2025-03-02T08:28:51Z</time>
			</trkpt>
			<trkpt lat="54.58805203437805" lon="25.45024061203003">
				<ele>189.52000427246094</ele>
				<time>2025-03-02T08:28:52Z</time>
			</trkpt>
			<trkpt lat="54.58820903301239" lon="25.45082986354828">
				<ele>189.52000427246094</ele>
				<time>2025-03-02T08:28:56Z</time>
			</trkpt>
			<trkpt lat="54.588252782821655" lon="25.450961470603943">
				<ele>189.52000427246094</ele>
				<time>2025-03-02T08:28:57Z</time>
			</trkpt>
			<trkpt lat="54.58831787109375" lon="25.4511581659317">
				<ele>189.52000427246094</ele>
				<time>2025-03-02T08:28:59Z</time>
			</trkpt>
			<trkpt lat="54.58844172954559" lon="25.451554536819458">
				<ele>190.0</ele>
				<time>2025-03-02T08:29:03Z</time>
			</trkpt>
			<trkpt lat="54.58854019641876" lon="25.452094197273254">
				<ele>190.47999572753906</ele>
				<time>2025-03-02T08:29:07Z</time>
			</trkpt>
			<trkpt lat="54.58855938911438" lon="25.452193021774292">
				<ele>190.9600067138672</ele>
				<time>2025-03-02T08:29:08Z</time>
			</trkpt>
			<trkpt lat="54.58859622478485" lon="25.452499628067017">
				<ele>191.44000244140625</ele>
				<time>2025-03-02T08:29:11Z</time>
			</trkpt>
			<trkpt lat="54.588605999946594" lon="25.452765226364136">
				<ele>191.44000244140625</ele>
				<time>2025-03-02T08:29:13Z</time>
			</trkpt>
			<trkpt lat="54.58859598636627" lon="25.453824758529663">
				<ele>192.39999389648438</ele>
				<time>2025-03-02T08:29:22Z</time>
			</trkpt>
			<trkpt lat="54.58870995044708" lon="25.454471230506897">
				<ele>192.8800048828125</ele>
				<time>2025-03-02T08:29:33Z</time>
			</trkpt>
			<trkpt lat="54.588733553886414" lon="25.454527854919434">
				<ele>192.8800048828125</ele>
				<time>2025-03-02T08:29:34Z</time>
			</trkpt>
			<trkpt lat="54.58875298500061" lon="25.454563975334167">
				<ele>192.8800048828125</ele>
				<time>2025-03-02T08:29:35Z</time>
			</trkpt>
			<trkpt lat="54.58876609802246" lon="25.454594492912292">
				<ele>192.8800048828125</ele>
				<time>2025-03-02T08:29:36Z</time>
			</trkpt>
			<trkpt lat="54.58878135681152" lon="25.454625844955444">
				<ele>192.8800048828125</ele>
				<time>2025-03-02T08:29:37Z</time>
			</trkpt>
			<trkpt lat="54.58880162239075" lon="25.454659938812256">
				<ele>192.8800048828125</ele>
				<time>2025-03-02T08:29:38Z</time>
			</trkpt>
			<trkpt lat="54.58882510662079" lon="25.454695343971252">
				<ele>192.8800048828125</ele>
				<time>2025-03-02T08:29:39Z</time>
			</trkpt>
			<trkpt lat="54.58885395526886" lon="25.45473337173462">
				<ele>192.8800048828125</ele>
				<time>2025-03-02T08:29:40Z</time>
			</trkpt>
			<trkpt lat="54.58891463279724" lon="25.45483434200287">
				<ele>192.8800048828125</ele>
				<time>2025-03-02T08:29:42Z</time>
			</trkpt>
			<trkpt lat="54.588963747024536" lon="25.455026507377625">
				<ele>193.36000061035156</ele>
				<time>2025-03-02T08:29:45Z</time>
			</trkpt>
			<trkpt lat="54.58894467353821" lon="25.45507276058197">
				<ele>193.36000061035156</ele>
				<time>2025-03-02T08:29:46Z</time>
			</trkpt>
			<trkpt lat="54.58891773223877" lon="25.455105304718018">
				<ele>193.36000061035156</ele>
				<time>2025-03-02T08:29:47Z</time>
			</trkpt>
			<trkpt lat="54.58888804912567" lon="25.4551362991333">
				<ele>193.36000061035156</ele>
				<time>2025-03-02T08:29:48Z</time>
			</trkpt>
			<trkpt lat="54.58885717391968" lon="25.455166220664978">
				<ele>193.36000061035156</ele>
				<time>2025-03-02T08:29:49Z</time>
			</trkpt>
			<trkpt lat="54.588391184806824" lon="25.455483555793762">
				<ele>192.8800048828125</ele>
				<time>2025-03-02T08:29:56Z</time>
			</trkpt>
			<trkpt lat="54.588008880615234" lon="25.45556128025055">
				<ele>192.39999389648438</ele>
				<time>2025-03-02T08:30:02Z</time>
			</trkpt>
			<trkpt lat="54.587963581085205" lon="25.455602407455444">
				<ele>192.39999389648438</ele>
				<time>2025-03-02T08:30:03Z</time>
			</trkpt>
			<trkpt lat="54.58792448043823" lon="25.45565354824066">
				<ele>192.39999389648438</ele>
				<time>2025-03-02T08:30:04Z</time>
			</trkpt>
			<trkpt lat="54.58788585662842" lon="25.455723643302917">
				<ele>192.39999389648438</ele>
				<time>2025-03-02T08:30:05Z</time>
			</trkpt>
			<trkpt lat="54.587841749191284" lon="25.455811500549316">
				<ele>191.9199981689453</ele>
				<time>2025-03-02T08:30:06Z</time>
			</trkpt>
			<trkpt lat="54.58769977092743" lon="25.456130146980286">
				<ele>191.9199981689453</ele>
				<time>2025-03-02T08:30:09Z</time>
			</trkpt>
			<trkpt lat="54.587615728378296" lon="25.456308364868164">
				<ele>191.9199981689453</ele>
				<time>2025-03-02T08:30:11Z</time>
			</trkpt>
			<trkpt lat="54.58758103847504" lon="25.456409454345703">
				<ele>191.9199981689453</ele>
				<time>2025-03-02T08:30:12Z</time>
			</trkpt>
			<trkpt lat="54.587555289268494" lon="25.4565269947052">
				<ele>191.9199981689453</ele>
				<time>2025-03-02T08:30:13Z</time>
			</trkpt>
			<trkpt lat="54.587536454200745" lon="25.456645131111145">
				<ele>191.9199981689453</ele>
				<time>2025-03-02T08:30:14Z</time>
			</trkpt>
			<trkpt lat="54.58752179145813" lon="25.456756591796875">
				<ele>191.9199981689453</ele>
				<time>2025-03-02T08:30:15Z</time>
			</trkpt>
			<trkpt lat="54.58748972415924" lon="25.45697033405304">
				<ele>191.44000244140625</ele>
				<time>2025-03-02T08:30:17Z</time>
			</trkpt>
			<trkpt lat="54.587462306022644" lon="25.457073211669922">
				<ele>191.44000244140625</ele>
				<time>2025-03-02T08:30:18Z</time>
			</trkpt>
			<trkpt lat="54.58736765384674" lon="25.457356572151184">
				<ele>191.44000244140625</ele>
				<time>2025-03-02T08:30:21Z</time>
			</trkpt>
			<trkpt lat="54.58735013008118" lon="25.457459807395935">
				<ele>191.44000244140625</ele>
				<time>2025-03-02T08:30:22Z</time>
			</trkpt>
			<trkpt lat="54.58734118938446" lon="25.457568645477295">
				<ele>191.44000244140625</ele>
				<time>2025-03-02T08:30:23Z</time>
			</trkpt>
			<trkpt lat="54.587339758872986" lon="25.45767366886139">
				<ele>191.44000244140625</ele>
				<time>2025-03-02T08:30:24Z</time>
			</trkpt>
			<trkpt lat="54.58734118938446" lon="25.457775115966797">
				<ele>191.44000244140625</ele>
				<time>2025-03-02T08:30:25Z</time>
			</trkpt>
			<trkpt lat="54.587327003479004" lon="25.458067178726196">
				<ele>191.44000244140625</ele>
				<time>2025-03-02T08:30:28Z</time>
			</trkpt>
			<trkpt lat="54.58730947971344" lon="25.458149909973145">
				<ele>191.44000244140625</ele>
				<time>2025-03-02T08:30:29Z</time>
			</trkpt>
			<trkpt lat="54.58729124069214" lon="25.45821237564087">
				<ele>191.44000244140625</ele>
				<time>2025-03-02T08:30:30Z</time>
			</trkpt>
			<trkpt lat="54.58726692199707" lon="25.458367228507996">
				<ele>191.44000244140625</ele>
				<time>2025-03-02T08:30:33Z</time>
			</trkpt>
			<trkpt lat="54.58726465702057" lon="25.4584823846817">
				<ele>191.44000244140625</ele>
				<time>2025-03-02T08:30:34Z</time>
			</trkpt>
			<trkpt lat="54.58722484111786" lon="25.45913064479828">
				<ele>191.9199981689453</ele>
				<time>2025-03-02T08:30:41Z</time>
			</trkpt>
			<trkpt lat="54.587215423583984" lon="25.45930814743042">
				<ele>191.9199981689453</ele>
				<time>2025-03-02T08:30:43Z</time>
			</trkpt>
			<trkpt lat="54.58722460269928" lon="25.45941960811615">
				<ele>191.9199981689453</ele>
				<time>2025-03-02T08:30:44Z</time>
			</trkpt>
			<trkpt lat="54.58724927902222" lon="25.459550380706787">
				<ele>191.9199981689453</ele>
				<time>2025-03-02T08:30:45Z</time>
			</trkpt>
			<trkpt lat="54.5872859954834" lon="25.459682822227478">
				<ele>192.39999389648438</ele>
				<time>2025-03-02T08:30:46Z</time>
			</trkpt>
			<trkpt lat="54.5873281955719" lon="25.459808945655823">
				<ele>192.39999389648438</ele>
				<time>2025-03-02T08:30:47Z</time>
			</trkpt>
			<trkpt lat="54.587366342544556" lon="25.459926962852478">
				<ele>192.39999389648438</ele>
				<time>2025-03-02T08:30:48Z</time>
			</trkpt>
			<trkpt lat="54.58743417263031" lon="25.460177779197693">
				<ele>192.8800048828125</ele>
				<time>2025-03-02T08:30:50Z</time>
			</trkpt>
			<trkpt lat="54.587456822395325" lon="25.46031880378723">
				<ele>192.8800048828125</ele>
				<time>2025-03-02T08:30:51Z</time>
			</trkpt>
			<trkpt lat="54.58753538131714" lon="25.460850834846497">
				<ele>193.36000061035156</ele>
				<time>2025-03-02T08:30:54Z</time>
			</trkpt>
			<trkpt lat="54.587658047676086" lon="25.46185803413391">
				<ele>193.83999633789062</ele>
				<time>2025-03-02T08:31:01Z</time>
			</trkpt>
			<trkpt lat="54.587634801864624" lon="25.46197474002838">
				<ele>193.83999633789062</ele>
				<time>2025-03-02T08:31:02Z</time>
			</trkpt>
			<trkpt lat="54.5875928401947" lon="25.462082982063293">
				<ele>193.83999633789062</ele>
				<time>2025-03-02T08:31:03Z</time>
			</trkpt>
			<trkpt lat="54.58753824234009" lon="25.462174654006958">
				<ele>194.32000732421875</ele>
				<time>2025-03-02T08:31:04Z</time>
			</trkpt>
			<trkpt lat="54.58743906021118" lon="25.462340712547302">
				<ele>194.32000732421875</ele>
				<time>2025-03-02T08:31:06Z</time>
			</trkpt>
			<trkpt lat="54.58740472793579" lon="25.46242117881775">
				<ele>194.32000732421875</ele>
				<time>2025-03-02T08:31:07Z</time>
			</trkpt>
			<trkpt lat="54.5873908996582" lon="25.462520003318787">
				<ele>194.32000732421875</ele>
				<time>2025-03-02T08:31:08Z</time>
			</trkpt>
			<trkpt lat="54.5873886346817" lon="25.462628841400146">
				<ele>194.32000732421875</ele>
				<time>2025-03-02T08:31:09Z</time>
			</trkpt>
			<trkpt lat="54.587387561798096" lon="25.462737202644348">
				<ele>194.32000732421875</ele>
				<time>2025-03-02T08:31:10Z</time>
			</trkpt>
			<trkpt lat="54.587384819984436" lon="25.462949514389038">
				<ele>194.32000732421875</ele>
				<time>2025-03-02T08:31:12Z</time>
			</trkpt>
			<trkpt lat="54.587387681007385" lon="25.463055968284607">
				<ele>194.32000732421875</ele>
				<time>2025-03-02T08:31:13Z</time>
			</trkpt>
			<trkpt lat="54.58721566200256" lon="25.46356964111328">
				<ele>194.8000030517578</ele>
				<time>2025-03-02T08:31:22Z</time>
			</trkpt>
			<trkpt lat="54.587197065353394" lon="25.463616967201233">
				<ele>194.8000030517578</ele>
				<time>2025-03-02T08:31:23Z</time>
			</trkpt>
			<trkpt lat="54.587159156799316" lon="25.4637633562088">
				<ele>194.8000030517578</ele>
				<time>2025-03-02T08:31:26Z</time>
			</trkpt>
			<trkpt lat="54.58717727661133" lon="25.46407437324524">
				<ele>194.32000732421875</ele>
				<time>2025-03-02T08:31:31Z</time>
			</trkpt>
			<trkpt lat="54.58715617656708" lon="25.464236974716187">
				<ele>193.83999633789062</ele>
				<time>2025-03-02T08:31:33Z</time>
			</trkpt>
			<trkpt lat="54.58715510368347" lon="25.4644136428833">
				<ele>193.83999633789062</ele>
				<time>2025-03-02T08:31:35Z</time>
			</trkpt>
			<trkpt lat="54.58719575405121" lon="25.464787244796753">
				<ele>193.36000061035156</ele>
				<time>2025-03-02T08:31:40Z</time>
			</trkpt>
			<trkpt lat="54.58726763725281" lon="25.465035915374756">
				<ele>193.36000061035156</ele>
				<time>2025-03-02T08:31:43Z</time>
			</trkpt>
			<trkpt lat="54.58754587173462" lon="25.46557092666626">
				<ele>192.8800048828125</ele>
				<time>2025-03-02T08:31:48Z</time>
			</trkpt>
			<trkpt lat="54.587727427482605" lon="25.46583127975464">
				<ele>192.8800048828125</ele>
				<time>2025-03-02T08:31:51Z</time>
			</trkpt>
			<trkpt lat="54.587888956069946" lon="25.46620273590088">
				<ele>192.8800048828125</ele>
				<time>2025-03-02T08:31:56Z</time>
			</trkpt>
			<trkpt lat="54.58798813819885" lon="25.466390132904053">
				<ele>192.39999389648438</ele>
				<time>2025-03-02T08:31:59Z</time>
			</trkpt>
			<trkpt lat="54.588130950927734" lon="25.466585516929626">
				<ele>192.39999389648438</ele>
				<time>2025-03-02T08:32:02Z</time>
			</trkpt>
			<trkpt lat="54.588287234306335" lon="25.46707820892334">
				<ele>192.39999389648438</ele>
				<time>2025-03-02T08:32:08Z</time>
			</trkpt>
			<trkpt lat="54.58850824832916" lon="25.46806836128235">
				<ele>192.39999389648438</ele>
				<time>2025-03-02T08:32:19Z</time>
			</trkpt>
			<trkpt lat="54.58857333660126" lon="25.468551516532898">
				<ele>191.44000244140625</ele>
				<time>2025-03-02T08:32:23Z</time>
			</trkpt>
			<trkpt lat="54.588717460632324" lon="25.46944260597229">
				<ele>190.9600067138672</ele>
				<time>2025-03-02T08:32:29Z</time>
			</trkpt>
			<trkpt lat="54.58870565891266" lon="25.469568848609924">
				<ele>190.9600067138672</ele>
				<time>2025-03-02T08:32:30Z</time>
			</trkpt>
			<trkpt lat="54.588685274124146" lon="25.469698667526245">
				<ele>190.9600067138672</ele>
				<time>2025-03-02T08:32:31Z</time>
			</trkpt>
			<trkpt lat="54.5886367559433" lon="25.46992063522339">
				<ele>190.9600067138672</ele>
				<time>2025-03-02T08:32:33Z</time>
			</trkpt>
			<trkpt lat="54.588613867759705" lon="25.47003161907196">
				<ele>190.9600067138672</ele>
				<time>2025-03-02T08:32:34Z</time>
			</trkpt>
			<trkpt lat="54.58860492706299" lon="25.470160126686096">
				<ele>190.47999572753906</ele>
				<time>2025-03-02T08:32:35Z</time>
			</trkpt>
			<trkpt lat="54.58859896659851" lon="25.470563650131226">
				<ele>190.47999572753906</ele>
				<time>2025-03-02T08:32:38Z</time>
			</trkpt>
			<trkpt lat="54.588597536087036" lon="25.470666646957397">
				<ele>190.0</ele>
				<time>2025-03-02T08:32:39Z</time>
			</trkpt>
			<trkpt lat="54.58857786655426" lon="25.470751881599426">
				<ele>190.0</ele>
				<time>2025-03-02T08:32:40Z</time>
			</trkpt>
			<trkpt lat="54.58854901790619" lon="25.47082757949829">
				<ele>190.0</ele>
				<time>2025-03-02T08:32:41Z</time>
			</trkpt>
			<trkpt lat="54.58850932121277" lon="25.470898985862732">
				<ele>190.0</ele>
				<time>2025-03-02T08:32:42Z</time>
			</trkpt>
			<trkpt lat="54.58845829963684" lon="25.470974922180176">
				<ele>190.0</ele>
				<time>2025-03-02T08:32:43Z</time>
			</trkpt>
			<trkpt lat="54.58839821815491" lon="25.471059918403625">
				<ele>190.0</ele>
				<time>2025-03-02T08:32:44Z</time>
			</trkpt>
			<trkpt lat="54.58821260929108" lon="25.47128653526306">
				<ele>189.52000427246094</ele>
				<time>2025-03-02T08:32:47Z</time>
			</trkpt>
			<trkpt lat="54.58801710605621" lon="25.47146761417389">
				<ele>189.52000427246094</ele>
				<time>2025-03-02T08:32:51Z</time>
			</trkpt>
			<trkpt lat="54.587997794151306" lon="25.471526622772217">
				<ele>189.52000427246094</ele>
				<time>2025-03-02T08:32:52Z</time>
			</trkpt>
			<trkpt lat="54.588000535964966" lon="25.471604108810425">
				<ele>189.0399932861328</ele>
				<time>2025-03-02T08:32:53Z</time>
			</trkpt>
			<trkpt lat="54.588019251823425" lon="25.471704840660095">
				<ele>189.0399932861328</ele>
				<time>2025-03-02T08:32:54Z</time>
			</trkpt>
			<trkpt lat="54.58808362483978" lon="25.471929669380188">
				<ele>189.52000427246094</ele>
				<time>2025-03-02T08:33:03Z</time>
			</trkpt>
			<trkpt lat="54.588083028793335" lon="25.47193193435669">
				<ele>189.52000427246094</ele>
				<time>2025-03-02T08:33:04Z</time>
			</trkpt>
			<trkpt lat="54.588155031204224" lon="25.472129344940186">
				<ele>190.47999572753906</ele>
				<time>2025-03-02T08:33:15Z</time>
			</trkpt>
			<trkpt lat="54.58830904960632" lon="25.472607612609863">
				<ele>190.9600067138672</ele>
				<time>2025-03-02T08:33:19Z</time>
			</trkpt>
			<trkpt lat="54.58842861652374" lon="25.47341799736023">
				<ele>190.9600067138672</ele>
				<time>2025-03-02T08:33:24Z</time>
			</trkpt>
			<trkpt lat="54.58848440647125" lon="25.47363519668579">
				<ele>190.9600067138672</ele>
				<time>2025-03-02T08:33:26Z</time>
			</trkpt>
			<trkpt lat="54.58856475353241" lon="25.473944425582886">
				<ele>191.44000244140625</ele>
				<time>2025-03-02T08:33:30Z</time>
			</trkpt>
			<trkpt lat="54.588828325271606" lon="25.47368562221527">
				<ele>192.39999389648438</ele>
				<time>2025-03-02T08:33:36Z</time>
			</trkpt>
			<trkpt lat="54.589370012283325" lon="25.472951889038086">
				<ele>193.36000061035156</ele>
				<time>2025-03-02T08:33:44Z</time>
			</trkpt>
			<trkpt lat="54.58989906311035" lon="25.472116112709045">
				<ele>194.8000030517578</ele>
				<time>2025-03-02T08:33:51Z</time>
			</trkpt>
			<trkpt lat="54.59040081501007" lon="25.471330165863037">
				<ele>196.25</ele>
				<time>2025-03-02T08:33:58Z</time>
			</trkpt>
			<trkpt lat="54.59096097946167" lon="25.47049868106842">
				<ele>197.69000244140625</ele>
				<time>2025-03-02T08:34:06Z</time>
			</trkpt>
			<trkpt lat="54.591662526130676" lon="25.469449043273926">
				<ele>199.1300048828125</ele>
				<time>2025-03-02T08:34:16Z</time>
			</trkpt>
			<trkpt lat="54.591906785964966" lon="25.46914792060852">
				<ele>199.61000061035156</ele>
				<time>2025-03-02T08:34:20Z</time>
			</trkpt>
			<trkpt lat="54.59255623817444" lon="25.46820604801178">
				<ele>201.0500030517578</ele>
				<time>2025-03-02T08:34:30Z</time>
			</trkpt>
			<trkpt lat="54.59311544895172" lon="25.4673353433609">
				<ele>202.49000549316406</ele>
				<time>2025-03-02T08:34:38Z</time>
			</trkpt>
			<trkpt lat="54.59378182888031" lon="25.466371059417725">
				<ele>203.94000244140625</ele>
				<time>2025-03-02T08:34:49Z</time>
			</trkpt>
			<trkpt lat="54.59420835971832" lon="25.465715289115906">
				<ele>204.89999389648438</ele>
				<time>2025-03-02T08:34:55Z</time>
			</trkpt>
			<trkpt lat="54.594311118125916" lon="25.465543508529663">
				<ele>205.3800048828125</ele>
				<time>2025-03-02T08:34:57Z</time>
			</trkpt>
			<trkpt lat="54.59429907798767" lon="25.465219855308533">
				<ele>205.86000061035156</ele>
				<time>2025-03-02T08:35:01Z</time>
			</trkpt>
			<trkpt lat="54.59356868267059" lon="25.463791370391846">
				<ele>207.3000030517578</ele>
				<time>2025-03-02T08:35:13Z</time>
			</trkpt>
			<trkpt lat="54.59351301193237" lon="25.463662981987">
				<ele>207.77999877929688</ele>
				<time>2025-03-02T08:35:14Z</time>
			</trkpt>
			<trkpt lat="54.59283089637756" lon="25.462358355522156">
				<ele>209.22000122070312</ele>
				<time>2025-03-02T08:35:23Z</time>
			</trkpt>
			<trkpt lat="54.59208703041077" lon="25.460859894752502">
				<ele>210.19000244140625</ele>
				<time>2025-03-02T08:35:33Z</time>
			</trkpt>
			<trkpt lat="54.59157168865204" lon="25.459770679473877">
				<ele>210.6699981689453</ele>
				<time>2025-03-02T08:35:42Z</time>
			</trkpt>
			<trkpt lat="54.591049671173096" lon="25.458693027496338">
				<ele>212.11000061035156</ele>
				<time>2025-03-02T08:35:51Z</time>
			</trkpt>
			<trkpt lat="54.590810775756836" lon="25.4582542181015">
				<ele>213.07000732421875</ele>
				<time>2025-03-02T08:36:00Z</time>
			</trkpt>
			<trkpt lat="54.59071612358093" lon="25.458098769187927">
				<ele>214.99000549316406</ele>
				<time>2025-03-02T08:36:12Z</time>
			</trkpt>
			<trkpt lat="54.59058737754822" lon="25.457796335220337">
				<ele>217.39999389648438</ele>
				<time>2025-03-02T08:37:12Z</time>
			</trkpt>
			<trkpt lat="54.59049844741821" lon="25.45757520198822">
				<ele>217.39999389648438</ele>
				<time>2025-03-02T08:37:17Z</time>
			</trkpt>
			<trkpt lat="54.59020400047302" lon="25.45704174041748">
				<ele>215.9499969482422</ele>
				<time>2025-03-02T08:37:22Z</time>
			</trkpt>
			<trkpt lat="54.5901015996933" lon="25.456787586212158">
				<ele>215.9499969482422</ele>
				<time>2025-03-02T08:37:25Z</time>
			</trkpt>
			<trkpt lat="54.58991241455078" lon="25.456495881080627">
				<ele>216.42999267578125</ele>
				<time>2025-03-02T08:37:34Z</time>
			</trkpt>
			<trkpt lat="54.589908838272095" lon="25.45649290084839">
				<ele>216.42999267578125</ele>
				<time>2025-03-02T08:37:36Z</time>
			</trkpt>
			<trkpt lat="54.58978199958801" lon="25.45639181137085">
				<ele>277.9599914550781</ele>
				<time>2025-03-02T08:47:58Z</time>
			</trkpt>
			<trkpt lat="54.58977544307709" lon="25.45637607574463">
				<ele>277.9599914550781</ele>
				<time>2025-03-02T08:47:59Z</time>
			</trkpt>
			<trkpt lat="54.594236612319946" lon="25.465752243995667">
				<ele>267.3800048828125</ele>
				<time>2025-03-02T08:51:47Z</time>
			</trkpt>
			<trkpt lat="54.59394729137421" lon="25.46616494655609">
				<ele>265.4599914550781</ele>
				<time>2025-03-02T08:51:50Z</time>
			</trkpt>
			<trkpt lat="54.59335696697235" lon="25.46705913543701">
				<ele>263.05999755859375</ele>
				<time>2025-03-02T08:51:57Z</time>
			</trkpt>
			<trkpt lat="54.59295117855072" lon="25.46768569946289">
				<ele>259.69000244140625</ele>
				<time>2025-03-02T08:52:03Z</time>
			</trkpt>
			<trkpt lat="54.59269201755524" lon="25.468093156814575">
				<ele>257.7699890136719</ele>
				<time>2025-03-02T08:52:07Z</time>
			</trkpt>
			<trkpt lat="54.5920832157135" lon="25.46894097328186">
				<ele>254.88999938964844</ele>
				<time>2025-03-02T08:52:14Z</time>
			</trkpt>
			<trkpt lat="54.59176564216614" lon="25.469414114952087">
				<ele>253.92999267578125</ele>
				<time>2025-03-02T08:52:18Z</time>
			</trkpt>
			<trkpt lat="54.59118843078613" lon="25.470160484313965">
				<ele>250.55999755859375</ele>
				<time>2025-03-02T08:52:28Z</time>
			</trkpt>
			<trkpt lat="54.59057414531708" lon="25.47114062309265">
				<ele>248.63999938964844</ele>
				<time>2025-03-02T08:52:36Z</time>
			</trkpt>
			<trkpt lat="54.59008717536926" lon="25.471875071525574">
				<ele>245.75</ele>
				<time>2025-03-02T08:52:45Z</time>
			</trkpt>
			<trkpt lat="54.589691400527954" lon="25.47246789932251">
				<ele>243.8300018310547</ele>
				<time>2025-03-02T08:52:51Z</time>
			</trkpt>
			<trkpt lat="54.589362382888794" lon="25.47295832633972">
				<ele>242.38999938964844</ele>
				<time>2025-03-02T08:52:56Z</time>
			</trkpt>
			<trkpt lat="54.58916926383972" lon="25.473196983337402">
				<ele>241.42999267578125</ele>
				<time>2025-03-02T08:52:59Z</time>
			</trkpt>
			<trkpt lat="54.589019894599915" lon="25.473422050476074">
				<ele>239.99000549316406</ele>
				<time>2025-03-02T08:53:03Z</time>
			</trkpt>
			<trkpt lat="54.58873701095581" lon="25.47390365600586">
				<ele>238.05999755859375</ele>
				<time>2025-03-02T08:53:12Z</time>
			</trkpt>
			<trkpt lat="54.58867037296295" lon="25.474043607711792">
				<ele>237.5800018310547</ele>
				<time>2025-03-02T08:53:15Z</time>
			</trkpt>
			<trkpt lat="54.5887246131897" lon="25.47425103187561">
				<ele>236.13999938964844</ele>
				<time>2025-03-02T08:53:18Z</time>
			</trkpt>
			<trkpt lat="54.58910512924194" lon="25.474871158599854">
				<ele>233.74000549316406</ele>
				<time>2025-03-02T08:53:25Z</time>
			</trkpt>
			<trkpt lat="54.589587688446045" lon="25.475378155708313">
				<ele>230.3699951171875</ele>
				<time>2025-03-02T08:53:33Z</time>
			</trkpt>
			<trkpt lat="54.58980071544647" lon="25.47550678253174">
				<ele>229.41000366210938</ele>
				<time>2025-03-02T08:53:36Z</time>
			</trkpt>
			<trkpt lat="54.59031021595001" lon="25.475522994995117">
				<ele>227.97000122070312</ele>
				<time>2025-03-02T08:53:43Z</time>
			</trkpt>
			<trkpt lat="54.59058332443237" lon="25.475651025772095">
				<ele>226.52999877929688</ele>
				<time>2025-03-02T08:53:48Z</time>
			</trkpt>
			<trkpt lat="54.59079694747925" lon="25.476032972335815">
				<ele>225.08999633789062</ele>
				<time>2025-03-02T08:53:52Z</time>
			</trkpt>
			<trkpt lat="54.5908739566803" lon="25.476289749145508">
				<ele>223.16000366210938</ele>
				<time>2025-03-02T08:53:55Z</time>
			</trkpt>
			<trkpt lat="54.59120833873749" lon="25.476189136505127">
				<ele>221.24000549316406</ele>
				<time>2025-03-02T08:54:02Z</time>
			</trkpt>
			<trkpt lat="54.59150052070618" lon="25.47609853744507">
				<ele>219.32000732421875</ele>
				<time>2025-03-02T08:54:08Z</time>
			</trkpt>
			<trkpt lat="54.591606855392456" lon="25.476083159446716">
				<ele>218.83999633789062</ele>
				<time>2025-03-02T08:54:10Z</time>
			</trkpt>
			<trkpt lat="54.591867566108704" lon="25.475982666015625">
				<ele>217.39999389648438</ele>
				<time>2025-03-02T08:54:17Z</time>
			</trkpt>
			<trkpt lat="54.59195411205292" lon="25.476028561592102">
				<ele>215.47000122070312</ele>
				<time>2025-03-02T08:54:23Z</time>
			</trkpt>
			<trkpt lat="54.591965317726135" lon="25.47609233856201">
				<ele>214.99000549316406</ele>
				<time>2025-03-02T08:54:25Z</time>
			</trkpt>
			<trkpt lat="54.59215486049652" lon="25.476224303245544">
				<ele>213.5500030517578</ele>
				<time>2025-03-02T08:54:30Z</time>
			</trkpt>
			<trkpt lat="54.59238374233246" lon="25.476191639900208">
				<ele>210.19000244140625</ele>
				<time>2025-03-02T08:54:41Z</time>
			</trkpt>
			<trkpt lat="54.592591643333435" lon="25.476258158683777">
				<ele>207.3000030517578</ele>
				<time>2025-03-02T08:54:51Z</time>
			</trkpt>
			<trkpt lat="54.59273278713226" lon="25.47621774673462">
				<ele>204.89999389648438</ele>
				<time>2025-03-02T08:54:58Z</time>
			</trkpt>
			<trkpt lat="54.592732191085815" lon="25.47621762752533">
				<ele>203.94000244140625</ele>
				<time>2025-03-02T08:55:00Z</time>
			</trkpt>
			<trkpt lat="54.592835903167725" lon="25.47619366645813">
				<ele>202.49000549316406</ele>
				<time>2025-03-02T08:55:04Z</time>
			</trkpt>
			<trkpt lat="54.59339761734009" lon="25.475899577140808">
				<ele>201.52999877929688</ele>
				<time>2025-03-02T08:55:09Z</time>
			</trkpt>
			<trkpt lat="54.59441936016083" lon="25.475629806518555">
				<ele>199.61000061035156</ele>
				<time>2025-03-02T08:55:17Z</time>
			</trkpt>
			<trkpt lat="54.59493684768677" lon="25.475470900535583">
				<ele>198.1699981689453</ele>
				<time>2025-03-02T08:55:22Z</time>
			</trkpt>
			<trkpt lat="54.59532415866852" lon="25.47562837600708">
				<ele>197.2100067138672</ele>
				<time>2025-03-02T08:55:27Z</time>
			</trkpt>
			<trkpt lat="54.5954327583313" lon="25.475794434547424">
				<ele>197.2100067138672</ele>
				<time>2025-03-02T08:55:29Z</time>
			</trkpt>
			<trkpt lat="54.59595322608948" lon="25.477187275886536">
				<ele>195.77000427246094</ele>
				<time>2025-03-02T08:55:40Z</time>
			</trkpt>
			<trkpt lat="54.59612190723419" lon="25.477851510047913">
				<ele>195.77000427246094</ele>
				<time>2025-03-02T08:55:44Z</time>
			</trkpt>
			<trkpt lat="54.596208453178406" lon="25.478143572807312">
				<ele>195.27999877929688</ele>
				<time>2025-03-02T08:55:47Z</time>
			</trkpt>
			<trkpt lat="54.596272110939026" lon="25.478266716003418">
				<ele>195.27999877929688</ele>
				<time>2025-03-02T08:55:49Z</time>
			</trkpt>
			<trkpt lat="54.596285581588745" lon="25.478415369987488">
				<ele>195.27999877929688</ele>
				<time>2025-03-02T08:55:51Z</time>
			</trkpt>
			<trkpt lat="54.596259355545044" lon="25.47849941253662">
				<ele>195.27999877929688</ele>
				<time>2025-03-02T08:55:52Z</time>
			</trkpt>
			<trkpt lat="54.59589874744415" lon="25.47941303253174">
				<ele>195.27999877929688</ele>
				<time>2025-03-02T08:55:59Z</time>
			</trkpt>
			<trkpt lat="54.59535241127014" lon="25.48081409931183">
				<ele>194.8000030517578</ele>
				<time>2025-03-02T08:56:08Z</time>
			</trkpt>
			<trkpt lat="54.5948942899704" lon="25.481964349746704">
				<ele>193.36000061035156</ele>
				<time>2025-03-02T08:56:17Z</time>
			</trkpt>
			<trkpt lat="54.59452688694" lon="25.482908248901367">
				<ele>191.44000244140625</ele>
				<time>2025-03-02T08:56:26Z</time>
			</trkpt>
			<trkpt lat="54.59446310997009" lon="25.483049631118774">
				<ele>190.0</ele>
				<time>2025-03-02T08:56:33Z</time>
			</trkpt>
			<trkpt lat="54.59446346759796" lon="25.483047366142273">
				<ele>189.52000427246094</ele>
				<time>2025-03-02T08:56:34Z</time>
			</trkpt>
			<trkpt lat="54.59437811374664" lon="25.483256578445435">
				<ele>185.19000244140625</ele>
				<time>2025-03-02T08:57:34Z</time>
			</trkpt>
			<trkpt lat="54.59414088726044" lon="25.48385751247406">
				<ele>185.19000244140625</ele>
				<time>2025-03-02T08:57:39Z</time>
			</trkpt>
			<trkpt lat="54.593321084976196" lon="25.485448956489563">
				<ele>186.6300048828125</ele>
				<time>2025-03-02T08:57:52Z</time>
			</trkpt>
			<trkpt lat="54.59275257587433" lon="25.48672640323639">
				<ele>188.55999755859375</ele>
				<time>2025-03-02T08:58:02Z</time>
			</trkpt>
			<trkpt lat="54.59270620346069" lon="25.486856341362">
				<ele>189.0399932861328</ele>
				<time>2025-03-02T08:58:03Z</time>
			</trkpt>
			<trkpt lat="54.592644572257996" lon="25.486979603767395">
				<ele>189.52000427246094</ele>
				<time>2025-03-02T08:58:04Z</time>
			</trkpt>
			<trkpt lat="54.59257090091705" lon="25.487098932266235">
				<ele>189.52000427246094</ele>
				<time>2025-03-02T08:58:05Z</time>
			</trkpt>
			<trkpt lat="54.59249258041382" lon="25.48721134662628">
				<ele>190.0</ele>
				<time>2025-03-02T08:58:06Z</time>
			</trkpt>
			<trkpt lat="54.59241437911987" lon="25.487308025360107">
				<ele>190.0</ele>
				<time>2025-03-02T08:58:07Z</time>
			</trkpt>
			<trkpt lat="54.59233891963959" lon="25.487398147583008">
				<ele>190.47999572753906</ele>
				<time>2025-03-02T08:58:08Z</time>
			</trkpt>
			<trkpt lat="54.59143364429474" lon="25.488285422325134">
				<ele>192.39999389648438</ele>
				<time>2025-03-02T08:58:17Z</time>
			</trkpt>
			<trkpt lat="54.590412855148315" lon="25.48906171321869">
				<ele>194.8000030517578</ele>
				<time>2025-03-02T08:58:25Z</time>
			</trkpt>
			<trkpt lat="54.58954870700836" lon="25.490110993385315">
				<ele>195.77000427246094</ele>
				<time>2025-03-02T08:58:33Z</time>
			</trkpt>
			<trkpt lat="54.58846044540405" lon="25.49147665500641">
				<ele>197.69000244140625</ele>
				<time>2025-03-02T08:58:44Z</time>
			</trkpt>
			<trkpt lat="54.58834934234619" lon="25.491585731506348">
				<ele>198.1699981689453</ele>
				<time>2025-03-02T08:58:46Z</time>
			</trkpt>
			<trkpt lat="54.588287234306335" lon="25.491581916809082">
				<ele>198.1699981689453</ele>
				<time>2025-03-02T08:58:47Z</time>
			</trkpt>
			<trkpt lat="54.58821201324463" lon="25.491546392440796">
				<ele>198.1699981689453</ele>
				<time>2025-03-02T08:58:48Z</time>
			</trkpt>
			<trkpt lat="54.58735764026642" lon="25.49098789691925">
				<ele>198.1699981689453</ele>
				<time>2025-03-02T08:58:56Z</time>
			</trkpt>
			<trkpt lat="54.58716404438019" lon="25.490832328796387">
				<ele>198.1699981689453</ele>
				<time>2025-03-02T08:58:58Z</time>
			</trkpt>
			<trkpt lat="54.58673095703125" lon="25.49038565158844">
				<ele>198.1699981689453</ele>
				<time>2025-03-02T08:59:03Z</time>
			</trkpt>
			<trkpt lat="54.585365653038025" lon="25.48961567878723">
				<ele>199.1300048828125</ele>
				<time>2025-03-02T08:59:13Z</time>
			</trkpt>
			<trkpt lat="54.58469617366791" lon="25.4892156124115">
				<ele>199.61000061035156</ele>
				<time>2025-03-02T08:59:18Z</time>
			</trkpt>
			<trkpt lat="54.58382260799408" lon="25.48927891254425">
				<ele>200.08999633789062</ele>
				<time>2025-03-02T08:59:26Z</time>
			</trkpt>
			<trkpt lat="54.58371162414551" lon="25.489315629005432">
				<ele>200.57000732421875</ele>
				<time>2025-03-02T08:59:27Z</time>
			</trkpt>
			<trkpt lat="54.58277082443237" lon="25.49012839794159">
				<ele>201.0500030517578</ele>
				<time>2025-03-02T08:59:36Z</time>
			</trkpt>
			<trkpt lat="54.58206021785736" lon="25.490806937217712">
				<ele>202.00999450683594</ele>
				<time>2025-03-02T08:59:42Z</time>
			</trkpt>
			<trkpt lat="54.58184349536896" lon="25.490975260734558">
				<ele>202.00999450683594</ele>
				<time>2025-03-02T08:59:44Z</time>
			</trkpt>
			<trkpt lat="54.58139097690582" lon="25.4915634393692">
				<ele>202.49000549316406</ele>
				<time>2025-03-02T08:59:49Z</time>
			</trkpt>
			<trkpt lat="54.580928325653076" lon="25.492011070251465">
				<ele>202.97999572753906</ele>
				<time>2025-03-02T08:59:56Z</time>
			</trkpt>
			<trkpt lat="54.58071994781494" lon="25.49229061603546">
				<ele>203.4600067138672</ele>
				<time>2025-03-02T09:00:04Z</time>
			</trkpt>
			<trkpt lat="54.580446600914" lon="25.49258315563202">
				<ele>203.94000244140625</ele>
				<time>2025-03-02T09:00:09Z</time>
			</trkpt>
			<trkpt lat="54.579946517944336" lon="25.493154168128967">
				<ele>204.89999389648438</ele>
				<time>2025-03-02T09:00:15Z</time>
			</trkpt>
			<trkpt lat="54.579028487205505" lon="25.49407148361206">
				<ele>205.3800048828125</ele>
				<time>2025-03-02T09:00:23Z</time>
			</trkpt>
			<trkpt lat="54.57835507392883" lon="25.494521379470825">
				<ele>206.82000732421875</ele>
				<time>2025-03-02T09:00:29Z</time>
			</trkpt>
			<trkpt lat="54.57759463787079" lon="25.495080590248108">
				<ele>208.25999450683594</ele>
				<time>2025-03-02T09:00:35Z</time>
			</trkpt>
			<trkpt lat="54.57703185081482" lon="25.495599031448364">
				<ele>209.22000122070312</ele>
				<time>2025-03-02T09:00:39Z</time>
			</trkpt>
			<trkpt lat="54.576517939567566" lon="25.496110677719116">
				<ele>209.6999969482422</ele>
				<time>2025-03-02T09:00:46Z</time>
			</trkpt>
			<trkpt lat="54.576165318489075" lon="25.496140003204346">
				<ele>210.19000244140625</ele>
				<time>2025-03-02T09:00:51Z</time>
			</trkpt>
			<trkpt lat="54.57589340209961" lon="25.49593758583069">
				<ele>210.19000244140625</ele>
				<time>2025-03-02T09:00:57Z</time>
			</trkpt>
			<trkpt lat="54.57579004764557" lon="25.495841026306152">
				<ele>210.6699981689453</ele>
				<time>2025-03-02T09:00:59Z</time>
			</trkpt>
			<trkpt lat="54.575639605522156" lon="25.495570063591003">
				<ele>211.14999389648438</ele>
				<time>2025-03-02T09:01:05Z</time>
			</trkpt>
			<trkpt lat="54.57555818557739" lon="25.495428204536438">
				<ele>211.14999389648438</ele>
				<time>2025-03-02T09:01:08Z</time>
			</trkpt>
			<trkpt lat="54.57536196708679" lon="25.495076060295105">
				<ele>210.6699981689453</ele>
				<time>2025-03-02T09:01:19Z</time>
			</trkpt>
			<trkpt lat="54.57533311843872" lon="25.49501883983612">
				<ele>210.6699981689453</ele>
				<time>2025-03-02T09:01:25Z</time>
			</trkpt>
			<trkpt lat="54.57528519630432" lon="25.494943737983704">
				<ele>210.6699981689453</ele>
				<time>2025-03-02T09:01:53Z</time>
			</trkpt>
			<trkpt lat="54.57528054714203" lon="25.494934916496277">
				<ele>211.14999389648438</ele>
				<time>2025-03-02T09:01:57Z</time>
			</trkpt>
			<trkpt lat="54.575244665145874" lon="25.494869232177734">
				<ele>211.6300048828125</ele>
				<time>2025-03-02T09:02:01Z</time>
			</trkpt>
			<trkpt lat="54.57517063617706" lon="25.494762897491455">
				<ele>211.6300048828125</ele>
				<time>2025-03-02T09:02:03Z</time>
			</trkpt>
			<trkpt lat="54.575052976608276" lon="25.49453866481781">
				<ele>212.11000061035156</ele>
				<time>2025-03-02T09:02:05Z</time>
			</trkpt>
			<trkpt lat="54.57421803474426" lon="25.492936730384827">
				<ele>215.47000122070312</ele>
				<time>2025-03-02T09:02:15Z</time>
			</trkpt>
			<trkpt lat="54.57415592670441" lon="25.492793321609497">
				<ele>215.47000122070312</ele>
				<time>2025-03-02T09:02:16Z</time>
			</trkpt>
			<trkpt lat="54.573689460754395" lon="25.492154479026794">
				<ele>217.39999389648438</ele>
				<time>2025-03-02T09:02:21Z</time>
			</trkpt>
			<trkpt lat="54.57336735725403" lon="25.49173128604889">
				<ele>217.8800048828125</ele>
				<time>2025-03-02T09:02:24Z</time>
			</trkpt>
			<trkpt lat="54.57306218147278" lon="25.491243362426758">
				<ele>219.32000732421875</ele>
				<time>2025-03-02T09:02:27Z</time>
			</trkpt>
			<trkpt lat="54.57281947135925" lon="25.490676641464233">
				<ele>220.27999877929688</ele>
				<time>2025-03-02T09:02:31Z</time>
			</trkpt>
			<trkpt lat="54.572492480278015" lon="25.490074515342712">
				<ele>221.24000549316406</ele>
				<time>2025-03-02T09:02:35Z</time>
			</trkpt>
			<trkpt lat="54.572197914123535" lon="25.489508628845215">
				<ele>222.67999267578125</ele>
				<time>2025-03-02T09:02:39Z</time>
			</trkpt>
			<trkpt lat="54.57195234298706" lon="25.488851189613342">
				<ele>224.1199951171875</ele>
				<time>2025-03-02T09:02:43Z</time>
			</trkpt>
			<trkpt lat="54.57176196575165" lon="25.48846197128296">
				<ele>224.61000061035156</ele>
				<time>2025-03-02T09:02:46Z</time>
			</trkpt>
			<trkpt lat="54.571386218070984" lon="25.488229274749756">
				<ele>225.57000732421875</ele>
				<time>2025-03-02T09:02:50Z</time>
			</trkpt>
			<trkpt lat="54.57116913795471" lon="25.488141894340515">
				<ele>226.52999877929688</ele>
				<time>2025-03-02T09:02:52Z</time>
			</trkpt>
			<trkpt lat="54.57099258899689" lon="25.488027334213257">
				<ele>227.00999450683594</ele>
				<time>2025-03-02T09:02:54Z</time>
			</trkpt>
			<trkpt lat="54.570807337760925" lon="25.487987875938416">
				<ele>227.49000549316406</ele>
				<time>2025-03-02T09:02:57Z</time>
			</trkpt>
			<trkpt lat="54.57077121734619" lon="25.48795449733734">
				<ele>227.97000122070312</ele>
				<time>2025-03-02T09:02:58Z</time>
			</trkpt>
			<trkpt lat="54.57073736190796" lon="25.487892627716064">
				<ele>227.97000122070312</ele>
				<time>2025-03-02T09:02:59Z</time>
			</trkpt>
			<trkpt lat="54.57064890861511" lon="25.487749934196472">
				<ele>228.4499969482422</ele>
				<time>2025-03-02T09:03:01Z</time>
			</trkpt>
			<trkpt lat="54.57007563114166" lon="25.48727023601532">
				<ele>230.85000610351562</ele>
				<time>2025-03-02T09:03:09Z</time>
			</trkpt>
			<trkpt lat="54.56941485404968" lon="25.486639618873596">
				<ele>233.74000549316406</ele>
				<time>2025-03-02T09:03:16Z</time>
			</trkpt>
			<trkpt lat="54.569281339645386" lon="25.486527800559998">
				<ele>234.22000122070312</ele>
				<time>2025-03-02T09:03:18Z</time>
			</trkpt>
			<trkpt lat="54.5689355134964" lon="25.486101388931274">
				<ele>236.6199951171875</ele>
				<time>2025-03-02T09:03:25Z</time>
			</trkpt>
			<trkpt lat="54.56888818740845" lon="25.486029744148254">
				<ele>237.10000610351562</ele>
				<time>2025-03-02T09:03:26Z</time>
			</trkpt>
			<trkpt lat="54.568851709365845" lon="25.485975861549377">
				<ele>237.5800018310547</ele>
				<time>2025-03-02T09:03:27Z</time>
			</trkpt>
			<trkpt lat="54.5688271522522" lon="25.485944509506226">
				<ele>237.5800018310547</ele>
				<time>2025-03-02T09:03:28Z</time>
			</trkpt>
			<trkpt lat="54.56879913806915" lon="25.485917329788208">
				<ele>238.5399932861328</ele>
				<time>2025-03-02T09:03:31Z</time>
			</trkpt>
			<trkpt lat="54.568928599357605" lon="25.485893964767456">
				<ele>239.99000549316406</ele>
				<time>2025-03-02T09:03:37Z</time>
			</trkpt>
			<trkpt lat="54.56898558139801" lon="25.4860098361969">
				<ele>239.99000549316406</ele>
				<time>2025-03-02T09:03:38Z</time>
			</trkpt>
			<trkpt lat="54.569047927856445" lon="25.48615252971649">
				<ele>240.47000122070312</ele>
				<time>2025-03-02T09:03:39Z</time>
			</trkpt>
			<trkpt lat="54.5691192150116" lon="25.486294269561768">
				<ele>240.47000122070312</ele>
				<time>2025-03-02T09:03:40Z</time>
			</trkpt>
			<trkpt lat="54.569865584373474" lon="25.48702824115753">
				<ele>242.38999938964844</ele>
				<time>2025-03-02T09:03:47Z</time>
			</trkpt>
			<trkpt lat="54.570173263549805" lon="25.48732352256775">
				<ele>242.8699951171875</ele>
				<time>2025-03-02T09:03:50Z</time>
			</trkpt>
			<trkpt lat="54.570728182792664" lon="25.487703680992126">
				<ele>243.35000610351562</ele>
				<time>2025-03-02T09:03:57Z</time>
			</trkpt>
			<trkpt lat="54.57073199748993" lon="25.487708806991577">
				<ele>243.8300018310547</ele>
				<time>2025-03-02T09:04:02Z</time>
			</trkpt>
			<trkpt lat="54.57076621055603" lon="25.4876469373703">
				<ele>248.63999938964844</ele>
				<time>2025-03-02T09:04:42Z</time>
			</trkpt>
			<trkpt lat="54.57057011127472" lon="25.487602949142456">
				<ele>249.1199951171875</ele>
				<time>2025-03-02T09:04:47Z</time>
			</trkpt>
			<trkpt lat="54.570493936538696" lon="25.487560391426086">
				<ele>249.1199951171875</ele>
				<time>2025-03-02T09:04:48Z</time>
			</trkpt>
			<trkpt lat="54.57031726837158" lon="25.48745334148407">
				<ele>249.1199951171875</ele>
				<time>2025-03-02T09:04:50Z</time>
			</trkpt>
			<trkpt lat="54.569536447525024" lon="25.48673987388611">
				<ele>251.0399932861328</ele>
				<time>2025-03-02T09:04:59Z</time>
			</trkpt>
			<trkpt lat="54.5692777633667" lon="25.486496806144714">
				<ele>251.52000427246094</ele>
				<time>2025-03-02T09:05:02Z</time>
			</trkpt>
			<trkpt lat="54.568885803222656" lon="25.485987544059753">
				<ele>252.0</ele>
				<time>2025-03-02T09:05:09Z</time>
			</trkpt>
			<trkpt lat="54.56886851787567" lon="25.485976696014404">
				<ele>252.9600067138672</ele>
				<time>2025-03-02T09:05:14Z</time>
			</trkpt>
			<trkpt lat="54.5688613653183" lon="25.485989689826965">
				<ele>264.5</ele>
				<time>2025-03-02T09:21:57Z</time>
			</trkpt>
			<trkpt lat="54.568883061409" lon="25.485950231552124">
				<ele>264.5</ele>
				<time>2025-03-02T09:21:58Z</time>
			</trkpt>
			<trkpt lat="54.56887066364288" lon="25.485979557037354">
				<ele>263.05999755859375</ele>
				<time>2025-03-02T09:22:03Z</time>
			</trkpt>
			<trkpt lat="54.56884288787842" lon="25.485851645469666">
				<ele>257.7699890136719</ele>
				<time>2025-03-02T09:22:18Z</time>
			</trkpt>
			<trkpt lat="54.56868541240692" lon="25.485971689224243">
				<ele>255.3699951171875</ele>
				<time>2025-03-02T09:22:27Z</time>
			</trkpt>
			<trkpt lat="54.568175196647644" lon="25.486062169075012">
				<ele>253.92999267578125</ele>
				<time>2025-03-02T09:22:36Z</time>
			</trkpt>
			<trkpt lat="54.567919969558716" lon="25.486011266708374">
				<ele>253.44000244140625</ele>
				<time>2025-03-02T09:22:39Z</time>
			</trkpt>
			<trkpt lat="54.567267656326294" lon="25.48557436466217">
				<ele>252.0</ele>
				<time>2025-03-02T09:22:46Z</time>
			</trkpt>
			<trkpt lat="54.566832065582275" lon="25.485013365745544">
				<ele>252.0</ele>
				<time>2025-03-02T09:22:53Z</time>
			</trkpt>
			<trkpt lat="54.56642830371857" lon="25.48483681678772">
				<ele>252.0</ele>
				<time>2025-03-02T09:22:59Z</time>
			</trkpt>
			<trkpt lat="54.566274523735046" lon="25.48419964313507">
				<ele>252.0</ele>
				<time>2025-03-02T09:23:04Z</time>
			</trkpt>
			<trkpt lat="54.56607127189636" lon="25.48399329185486">
				<ele>252.0</ele>
				<time>2025-03-02T09:23:07Z</time>
			</trkpt>
			<trkpt lat="54.56542944908142" lon="25.483524799346924">
				<ele>252.0</ele>
				<time>2025-03-02T09:23:14Z</time>
			</trkpt>
			<trkpt lat="54.56517171859741" lon="25.483359932899475">
				<ele>252.0</ele>
				<time>2025-03-02T09:23:17Z</time>
			</trkpt>
			<trkpt lat="54.564884424209595" lon="25.483291625976562">
				<ele>252.0</ele>
				<time>2025-03-02T09:23:20Z</time>
			</trkpt>
			<trkpt lat="54.56436049938202" lon="25.48326563835144">
				<ele>252.9600067138672</ele>
				<time>2025-03-02T09:23:25Z</time>
			</trkpt>
			<trkpt lat="54.564035296440125" lon="25.482908844947815">
				<ele>254.41000366210938</ele>
				<time>2025-03-02T09:23:31Z</time>
			</trkpt>
			<trkpt lat="54.5639454126358" lon="25.48249351978302">
				<ele>256.80999755859375</ele>
				<time>2025-03-02T09:23:38Z</time>
			</trkpt>
			<trkpt lat="54.5639466047287" lon="25.48249590396881">
				<ele>257.2900085449219</ele>
				<time>2025-03-02T09:23:39Z</time>
			</trkpt>
			<trkpt lat="54.563897252082825" lon="25.482454538345337">
				<ele>261.1400146484375</ele>
				<time>2025-03-02T09:23:54Z</time>
			</trkpt>
			<trkpt lat="54.56370258331299" lon="25.482293605804443">
				<ele>262.1000061035156</ele>
				<time>2025-03-02T09:23:58Z</time>
			</trkpt>
			<trkpt lat="54.56333935260773" lon="25.481915831565857">
				<ele>264.9800109863281</ele>
				<time>2025-03-02T09:24:06Z</time>
			</trkpt>
			<trkpt lat="54.563169717788696" lon="25.481834530830383">
				<ele>266.4200134277344</ele>
				<time>2025-03-02T09:24:09Z</time>
			</trkpt>
			<trkpt lat="54.56298303604126" lon="25.481693267822266">
				<ele>267.8599853515625</ele>
				<time>2025-03-02T09:24:12Z</time>
			</trkpt>
			<trkpt lat="54.56243562698364" lon="25.48139750957489">
				<ele>270.75</ele>
				<time>2025-03-02T09:24:20Z</time>
			</trkpt>
			<trkpt lat="54.562257409095764" lon="25.481365442276">
				<ele>271.2300109863281</ele>
				<time>2025-03-02T09:24:22Z</time>
			</trkpt>
			<trkpt lat="54.56174576282501" lon="25.481343507766724">
				<ele>273.6300048828125</ele>
				<time>2025-03-02T09:24:28Z</time>
			</trkpt>
			<trkpt lat="54.56078636646271" lon="25.481261253356934">
				<ele>276.0400085449219</ele>
				<time>2025-03-02T09:24:37Z</time>
			</trkpt>
			<trkpt lat="54.56008994579315" lon="25.481210827827454">
				<ele>276.5199890136719</ele>
				<time>2025-03-02T09:24:45Z</time>
			</trkpt>
			<trkpt lat="54.55990540981293" lon="25.481162905693054">
				<ele>276.5199890136719</ele>
				<time>2025-03-02T09:24:47Z</time>
			</trkpt>
			<trkpt lat="54.55889809131622" lon="25.481186509132385">
				<ele>276.5199890136719</ele>
				<time>2025-03-02T09:24:57Z</time>
			</trkpt>
			<trkpt lat="54.55800485610962" lon="25.48115849494934">
				<ele>276.5199890136719</ele>
				<time>2025-03-02T09:25:07Z</time>
			</trkpt>
			<trkpt lat="54.557570815086365" lon="25.481112837791443">
				<ele>276.5199890136719</ele>
				<time>2025-03-02T09:25:15Z</time>
			</trkpt>
			<trkpt lat="54.55751883983612" lon="25.48109221458435">
				<ele>276.0400085449219</ele>
				<time>2025-03-02T09:25:16Z</time>
			</trkpt>
			<trkpt lat="54.55628430843353" lon="25.47793674468994">
				<ele>278.44000244140625</ele>
				<time>2025-03-02T09:25:45Z</time>
			</trkpt>
			<trkpt lat="54.556122183799744" lon="25.47723412513733">
				<ele>279.3999938964844</ele>
				<time>2025-03-02T09:25:49Z</time>
			</trkpt>
			<trkpt lat="54.55581533908844" lon="25.476588249206543">
				<ele>279.3999938964844</ele>
				<time>2025-03-02T09:25:54Z</time>
			</trkpt>
			<trkpt lat="54.55560326576233" lon="25.476072669029236">
				<ele>280.3599853515625</ele>
				<time>2025-03-02T09:25:59Z</time>
			</trkpt>
			<trkpt lat="54.55556404590607" lon="25.475816249847412">
				<ele>280.3599853515625</ele>
				<time>2025-03-02T09:26:02Z</time>
			</trkpt>
			<trkpt lat="54.55543124675751" lon="25.475457429885864">
				<ele>280.3599853515625</ele>
				<time>2025-03-02T09:26:05Z</time>
			</trkpt>
			<trkpt lat="54.55492675304413" lon="25.473942279815674">
				<ele>280.3599853515625</ele>
				<time>2025-03-02T09:26:14Z</time>
			</trkpt>
			<trkpt lat="54.554508328437805" lon="25.47260808944702">
				<ele>279.3999938964844</ele>
				<time>2025-03-02T09:26:23Z</time>
			</trkpt>
			<trkpt lat="54.55445981025696" lon="25.472487330436707">
				<ele>279.3999938964844</ele>
				<time>2025-03-02T09:26:24Z</time>
			</trkpt>
			<trkpt lat="54.55429410934448" lon="25.472004890441895">
				<ele>278.9200134277344</ele>
				<time>2025-03-02T09:26:28Z</time>
			</trkpt>
			<trkpt lat="54.55415594577789" lon="25.471620678901672">
				<ele>278.44000244140625</ele>
				<time>2025-03-02T09:26:31Z</time>
			</trkpt>
			<trkpt lat="54.553871512413025" lon="25.471073865890503">
				<ele>277.4800109863281</ele>
				<time>2025-03-02T09:26:36Z</time>
			</trkpt>
			<trkpt lat="54.55366921424866" lon="25.47066378593445">
				<ele>277.0</ele>
				<time>2025-03-02T09:26:40Z</time>
			</trkpt>
			<trkpt lat="54.55308163166046" lon="25.470096111297607">
				<ele>276.5199890136719</ele>
				<time>2025-03-02T09:26:48Z</time>
			</trkpt>
			<trkpt lat="54.552786231040955" lon="25.469974040985107">
				<ele>276.5199890136719</ele>
				<time>2025-03-02T09:26:52Z</time>
			</trkpt>
			<trkpt lat="54.552552700042725" lon="25.469746470451355">
				<ele>276.5199890136719</ele>
				<time>2025-03-02T09:26:56Z</time>
			</trkpt>
			<trkpt lat="54.55230724811554" lon="25.469377756118774">
				<ele>276.0400085449219</ele>
				<time>2025-03-02T09:27:00Z</time>
			</trkpt>
			<trkpt lat="54.5517783164978" lon="25.46896994113922">
				<ele>276.0400085449219</ele>
				<time>2025-03-02T09:27:09Z</time>
			</trkpt>
			<trkpt lat="54.55139994621277" lon="25.468671560287476">
				<ele>275.07000732421875</ele>
				<time>2025-03-02T09:27:16Z</time>
			</trkpt>
			<trkpt lat="54.55104184150696" lon="25.46824872493744">
				<ele>273.6300048828125</ele>
				<time>2025-03-02T09:27:21Z</time>
			</trkpt>
			<trkpt lat="54.550745248794556" lon="25.468017578125">
				<ele>273.1499938964844</ele>
				<time>2025-03-02T09:27:25Z</time>
			</trkpt>
			<trkpt lat="54.55002164840698" lon="25.467167019844055">
				<ele>272.19000244140625</ele>
				<time>2025-03-02T09:27:34Z</time>
			</trkpt>
			<trkpt lat="54.54968798160553" lon="25.466869711875916">
				<ele>271.2300109863281</ele>
				<time>2025-03-02T09:27:38Z</time>
			</trkpt>
			<trkpt lat="54.549424052238464" lon="25.466471314430237">
				<ele>270.2699890136719</ele>
				<time>2025-03-02T09:27:42Z</time>
			</trkpt>
			<trkpt lat="54.54910695552826" lon="25.46614646911621">
				<ele>269.7900085449219</ele>
				<time>2025-03-02T09:27:46Z</time>
			</trkpt>
			<trkpt lat="54.54829752445221" lon="25.465084552764893">
				<ele>268.8299865722656</ele>
				<time>2025-03-02T09:27:56Z</time>
			</trkpt>
			<trkpt lat="54.547465682029724" lon="25.46391201019287">
				<ele>268.8299865722656</ele>
				<time>2025-03-02T09:28:07Z</time>
			</trkpt>
			<trkpt lat="54.547242760658264" lon="25.46363377571106">
				<ele>268.8299865722656</ele>
				<time>2025-03-02T09:28:10Z</time>
			</trkpt>
			<trkpt lat="54.54651081562042" lon="25.46268379688263">
				<ele>269.7900085449219</ele>
				<time>2025-03-02T09:28:19Z</time>
			</trkpt>
			<trkpt lat="54.54634737968445" lon="25.462527871131897">
				<ele>270.2699890136719</ele>
				<time>2025-03-02T09:28:21Z</time>
			</trkpt>
			<trkpt lat="54.54517126083374" lon="25.46174669265747">
				<ele>271.2300109863281</ele>
				<time>2025-03-02T09:28:33Z</time>
			</trkpt>
			<trkpt lat="54.54402959346771" lon="25.460977911949158">
				<ele>272.19000244140625</ele>
				<time>2025-03-02T09:28:44Z</time>
			</trkpt>
			<trkpt lat="54.54383397102356" lon="25.460854291915894">
				<ele>272.19000244140625</ele>
				<time>2025-03-02T09:28:46Z</time>
			</trkpt>
			<trkpt lat="54.54350757598877" lon="25.460601568222046">
				<ele>272.19000244140625</ele>
				<time>2025-03-02T09:28:50Z</time>
			</trkpt>
			<trkpt lat="54.54338276386261" lon="25.460399985313416">
				<ele>272.19000244140625</ele>
				<time>2025-03-02T09:28:52Z</time>
			</trkpt>
			<trkpt lat="54.543312788009644" lon="25.460323810577393">
				<ele>272.6700134277344</ele>
				<time>2025-03-02T09:28:53Z</time>
			</trkpt>
			<trkpt lat="54.54323387145996" lon="25.460274696350098">
				<ele>272.6700134277344</ele>
				<time>2025-03-02T09:28:54Z</time>
			</trkpt>
			<trkpt lat="54.54231929779053" lon="25.459858179092407">
				<ele>273.1499938964844</ele>
				<time>2025-03-02T09:29:03Z</time>
			</trkpt>
			<trkpt lat="54.542099595069885" lon="25.4597008228302">
				<ele>273.1499938964844</ele>
				<time>2025-03-02T09:29:05Z</time>
			</trkpt>
			<trkpt lat="54.54179775714874" lon="25.45928990840912">
				<ele>273.6300048828125</ele>
				<time>2025-03-02T09:29:09Z</time>
			</trkpt>
			<trkpt lat="54.541367530822754" lon="25.458953261375427">
				<ele>272.6700134277344</ele>
				<time>2025-03-02T09:29:14Z</time>
			</trkpt>
			<trkpt lat="54.540499329566956" lon="25.458154797554016">
				<ele>272.19000244140625</ele>
				<time>2025-03-02T09:29:22Z</time>
			</trkpt>
			<trkpt lat="54.53955852985382" lon="25.457265973091125">
				<ele>271.2300109863281</ele>
				<time>2025-03-02T09:29:29Z</time>
			</trkpt>
			<trkpt lat="54.53894758224487" lon="25.456701636314392">
				<ele>270.2699890136719</ele>
				<time>2025-03-02T09:29:34Z</time>
			</trkpt>
			<trkpt lat="54.53861105442047" lon="25.45631229877472">
				<ele>269.7900085449219</ele>
				<time>2025-03-02T09:29:38Z</time>
			</trkpt>
			<trkpt lat="54.53773486614227" lon="25.455559015274048">
				<ele>269.7900085449219</ele>
				<time>2025-03-02T09:29:47Z</time>
			</trkpt>
			<trkpt lat="54.53706228733063" lon="25.45486080646515">
				<ele>268.8299865722656</ele>
				<time>2025-03-02T09:29:55Z</time>
			</trkpt>
			<trkpt lat="54.536792635917664" lon="25.45462453365326">
				<ele>268.8299865722656</ele>
				<time>2025-03-02T09:29:59Z</time>
			</trkpt>
			<trkpt lat="54.53671169281006" lon="25.454583406448364">
				<ele>268.3500061035156</ele>
				<time>2025-03-02T09:30:00Z</time>
			</trkpt>
			<trkpt lat="54.53662931919098" lon="25.454516649246216">
				<ele>268.3500061035156</ele>
				<time>2025-03-02T09:30:01Z</time>
			</trkpt>
			<trkpt lat="54.53602409362793" lon="25.453859567642212">
				<ele>267.8599853515625</ele>
				<time>2025-03-02T09:30:08Z</time>
			</trkpt>
			<trkpt lat="54.5354962348938" lon="25.45346212387085">
				<ele>267.3800048828125</ele>
				<time>2025-03-02T09:30:13Z</time>
			</trkpt>
			<trkpt lat="54.53455424308777" lon="25.452571034431458">
				<ele>266.8999938964844</ele>
				<time>2025-03-02T09:30:20Z</time>
			</trkpt>
			<trkpt lat="54.53404700756073" lon="25.452114701271057">
				<ele>266.8999938964844</ele>
				<time>2025-03-02T09:30:27Z</time>
			</trkpt>
			<trkpt lat="54.53345715999603" lon="25.451561093330383">
				<ele>266.4200134277344</ele>
				<time>2025-03-02T09:30:34Z</time>
			</trkpt>
			<trkpt lat="54.53307247161865" lon="25.450933814048767">
				<ele>265.4599914550781</ele>
				<time>2025-03-02T09:30:41Z</time>
			</trkpt>
			<trkpt lat="54.53299295902252" lon="25.45077955722809">
				<ele>265.4599914550781</ele>
				<time>2025-03-02T09:30:43Z</time>
			</trkpt>
			<trkpt lat="54.532960176467896" lon="25.450718641281128">
				<ele>265.4599914550781</ele>
				<time>2025-03-02T09:30:44Z</time>
			</trkpt>
			<trkpt lat="54.53291714191437" lon="25.450679659843445">
				<ele>264.9800109863281</ele>
				<time>2025-03-02T09:30:45Z</time>
			</trkpt>
			<trkpt lat="54.532867193222046" lon="25.45066249370575">
				<ele>264.9800109863281</ele>
				<time>2025-03-02T09:30:46Z</time>
			</trkpt>
			<trkpt lat="54.53282296657562" lon="25.450655460357666">
				<ele>264.9800109863281</ele>
				<time>2025-03-02T09:30:47Z</time>
			</trkpt>
			<trkpt lat="54.53246629238129" lon="25.450641870498657">
				<ele>264.0199890136719</ele>
				<time>2025-03-02T09:30:55Z</time>
			</trkpt>
			<trkpt lat="54.53241312503815" lon="25.450623512268066">
				<ele>264.0199890136719</ele>
				<time>2025-03-02T09:30:56Z</time>
			</trkpt>
			<trkpt lat="54.5323281288147" lon="25.450594425201416">
				<ele>263.5400085449219</ele>
				<time>2025-03-02T09:31:03Z</time>
			</trkpt>
			<trkpt lat="54.53228306770325" lon="25.45051658153534">
				<ele>262.5799865722656</ele>
				<time>2025-03-02T09:31:11Z</time>
			</trkpt>
			<trkpt lat="54.53221774101257" lon="25.450405597686768">
				<ele>261.6199951171875</ele>
				<time>2025-03-02T09:31:21Z</time>
			</trkpt>
			<trkpt lat="54.53201508522034" lon="25.450145959854126">
				<ele>260.6499938964844</ele>
				<time>2025-03-02T09:31:32Z</time>
			</trkpt>
			<trkpt lat="54.5313675403595" lon="25.449460983276367">
				<ele>259.2099914550781</ele>
				<time>2025-03-02T09:31:41Z</time>
			</trkpt>
			<trkpt lat="54.530681848526" lon="25.448737263679504">
				<ele>257.7699890136719</ele>
				<time>2025-03-02T09:31:49Z</time>
			</trkpt>
			<trkpt lat="54.530344128608704" lon="25.448128700256348">
				<ele>257.2900085449219</ele>
				<time>2025-03-02T09:31:54Z</time>
			</trkpt>
			<trkpt lat="54.52959144115448" lon="25.447201013565063">
				<ele>256.80999755859375</ele>
				<time>2025-03-02T09:32:03Z</time>
			</trkpt>
			<trkpt lat="54.52867138385773" lon="25.446309566497803">
				<ele>255.3699951171875</ele>
				<time>2025-03-02T09:32:13Z</time>
			</trkpt>
			<trkpt lat="54.52828097343445" lon="25.445948600769043">
				<ele>254.88999938964844</ele>
				<time>2025-03-02T09:32:17Z</time>
			</trkpt>
			<trkpt lat="54.527889251708984" lon="25.445778012275696">
				<ele>254.41000366210938</ele>
				<time>2025-03-02T09:32:21Z</time>
			</trkpt>
			<trkpt lat="54.527627825737" lon="25.445828199386597">
				<ele>254.41000366210938</ele>
				<time>2025-03-02T09:32:24Z</time>
			</trkpt>
			<trkpt lat="54.527318596839905" lon="25.4457368850708">
				<ele>254.41000366210938</ele>
				<time>2025-03-02T09:32:28Z</time>
			</trkpt>
			<trkpt lat="54.527122139930725" lon="25.44578719139099">
				<ele>253.92999267578125</ele>
				<time>2025-03-02T09:32:31Z</time>
			</trkpt>
			<trkpt lat="54.52699649333954" lon="25.445817947387695">
				<ele>253.92999267578125</ele>
				<time>2025-03-02T09:32:33Z</time>
			</trkpt>
			<trkpt lat="54.526935338974" lon="25.445806741714478">
				<ele>253.92999267578125</ele>
				<time>2025-03-02T09:32:34Z</time>
			</trkpt>
			<trkpt lat="54.526875257492065" lon="25.445765018463135">
				<ele>253.92999267578125</ele>
				<time>2025-03-02T09:32:35Z</time>
			</trkpt>
			<trkpt lat="54.52681016921997" lon="25.445698142051697">
				<ele>253.92999267578125</ele>
				<time>2025-03-02T09:32:36Z</time>
			</trkpt>
			<trkpt lat="54.52598309516907" lon="25.444706082344055">
				<ele>252.9600067138672</ele>
				<time>2025-03-02T09:32:47Z</time>
			</trkpt>
			<trkpt lat="54.525328516960144" lon="25.444031715393066">
				<ele>252.0</ele>
				<time>2025-03-02T09:32:55Z</time>
			</trkpt>
			<trkpt lat="54.52459490299225" lon="25.44334626197815">
				<ele>250.55999755859375</ele>
				<time>2025-03-02T09:33:04Z</time>
			</trkpt>
			<trkpt lat="54.52428734302521" lon="25.44280481338501">
				<ele>250.0800018310547</ele>
				<time>2025-03-02T09:33:09Z</time>
			</trkpt>
			<trkpt lat="54.524226784706116" lon="25.442457675933838">
				<ele>249.60000610351562</ele>
				<time>2025-03-02T09:33:11Z</time>
			</trkpt>
			<trkpt lat="54.52369832992554" lon="25.441035509109497">
				<ele>249.1199951171875</ele>
				<time>2025-03-02T09:33:20Z</time>
			</trkpt>
			<trkpt lat="54.5229686498642" lon="25.439427614212036">
				<ele>248.16000366210938</ele>
				<time>2025-03-02T09:33:30Z</time>
			</trkpt>
			<trkpt lat="54.52273786067963" lon="25.438968777656555">
				<ele>248.16000366210938</ele>
				<time>2025-03-02T09:33:33Z</time>
			</trkpt>
			<trkpt lat="54.52236795425415" lon="25.43818962574005">
				<ele>247.1999969482422</ele>
				<time>2025-03-02T09:33:39Z</time>
			</trkpt>
			<trkpt lat="54.52178466320038" lon="25.436168313026428">
				<ele>246.72000122070312</ele>
				<time>2025-03-02T09:33:49Z</time>
			</trkpt>
			<trkpt lat="54.52122211456299" lon="25.434790015220642">
				<ele>245.27000427246094</ele>
				<time>2025-03-02T09:33:57Z</time>
			</trkpt>
			<trkpt lat="54.520498275756836" lon="25.43311381340027">
				<ele>243.8300018310547</ele>
				<time>2025-03-02T09:34:06Z</time>
			</trkpt>
			<trkpt lat="54.51980710029602" lon="25.431498527526855">
				<ele>241.91000366210938</ele>
				<time>2025-03-02T09:34:15Z</time>
			</trkpt>
			<trkpt lat="54.51945686340332" lon="25.43071973323822">
				<ele>240.9499969482422</ele>
				<time>2025-03-02T09:34:19Z</time>
			</trkpt>
			<trkpt lat="54.519038796424866" lon="25.429694890975952">
				<ele>239.02000427246094</ele>
				<time>2025-03-02T09:34:26Z</time>
			</trkpt>
			<trkpt lat="54.51876747608185" lon="25.4294673204422">
				<ele>237.5800018310547</ele>
				<time>2025-03-02T09:34:30Z</time>
			</trkpt>
			<trkpt lat="54.518386006355286" lon="25.429004073143005">
				<ele>236.6199951171875</ele>
				<time>2025-03-02T09:34:36Z</time>
			</trkpt>
			<trkpt lat="54.51788318157196" lon="25.42782688140869">
				<ele>234.22000122070312</ele>
				<time>2025-03-02T09:34:44Z</time>
			</trkpt>
			<trkpt lat="54.51738739013672" lon="25.426719069480896">
				<ele>233.25999450683594</ele>
				<time>2025-03-02T09:34:52Z</time>
			</trkpt>
			<trkpt lat="54.517072558403015" lon="25.426090002059937">
				<ele>232.77999877929688</ele>
				<time>2025-03-02T09:34:57Z</time>
			</trkpt>
			<trkpt lat="54.51696729660034" lon="25.425699472427368">
				<ele>231.80999755859375</ele>
				<time>2025-03-02T09:35:01Z</time>
			</trkpt>
			<trkpt lat="54.51682221889496" lon="25.42538094520569">
				<ele>230.3699951171875</ele>
				<time>2025-03-02T09:35:07Z</time>
			</trkpt>
			<trkpt lat="54.51667773723602" lon="25.425044059753418">
				<ele>228.92999267578125</ele>
				<time>2025-03-02T09:35:17Z</time>
			</trkpt>
			<trkpt lat="54.51667070388794" lon="25.425010919570923">
				<ele>227.97000122070312</ele>
				<time>2025-03-02T09:35:23Z</time>
			</trkpt>
			<trkpt lat="54.51662302017212" lon="25.424782276153564">
				<ele>226.52999877929688</ele>
				<time>2025-03-02T09:35:34Z</time>
			</trkpt>
			<trkpt lat="54.51657497882843" lon="25.42470359802246">
				<ele>226.52999877929688</ele>
				<time>2025-03-02T09:35:35Z</time>
			</trkpt>
			<trkpt lat="54.51650905609131" lon="25.42463195323944">
				<ele>226.52999877929688</ele>
				<time>2025-03-02T09:35:36Z</time>
			</trkpt>
			<trkpt lat="54.51612961292267" lon="25.424285888671875">
				<ele>225.57000732421875</ele>
				<time>2025-03-02T09:35:44Z</time>
			</trkpt>
			<trkpt lat="54.51572644710541" lon="25.423930764198303">
				<ele>224.61000061035156</ele>
				<time>2025-03-02T09:35:52Z</time>
			</trkpt>
			<trkpt lat="54.51519215106964" lon="25.423439264297485">
				<ele>223.16000366210938</ele>
				<time>2025-03-02T09:36:03Z</time>
			</trkpt>
			<trkpt lat="54.51457417011261" lon="25.422855138778687">
				<ele>222.1999969482422</ele>
				<time>2025-03-02T09:36:10Z</time>
			</trkpt>
			<trkpt lat="54.51354384422302" lon="25.42185950279236">
				<ele>222.1999969482422</ele>
				<time>2025-03-02T09:36:16Z</time>
			</trkpt>
			<trkpt lat="54.51222109794617" lon="25.42052435874939">
				<ele>220.75999450683594</ele>
				<time>2025-03-02T09:36:24Z</time>
			</trkpt>
			<trkpt lat="54.51164531707764" lon="25.41985523700714">
				<ele>219.8000030517578</ele>
				<time>2025-03-02T09:36:28Z</time>
			</trkpt>
			<trkpt lat="54.51057577133179" lon="25.418417096138">
				<ele>217.39999389648438</ele>
				<time>2025-03-02T09:36:37Z</time>
			</trkpt>
			<trkpt lat="54.50987648963928" lon="25.41731905937195">
				<ele>216.42999267578125</ele>
				<time>2025-03-02T09:36:43Z</time>
			</trkpt>
			<trkpt lat="54.50946664810181" lon="25.416710138320923">
				<ele>214.99000549316406</ele>
				<time>2025-03-02T09:36:49Z</time>
			</trkpt>
			<trkpt lat="54.509395241737366" lon="25.416560173034668">
				<ele>214.99000549316406</ele>
				<time>2025-03-02T09:36:51Z</time>
			</trkpt>
			<trkpt lat="54.50939130783081" lon="25.416473388671875">
				<ele>214.99000549316406</ele>
				<time>2025-03-02T09:36:52Z</time>
			</trkpt>
			<trkpt lat="54.509419441223145" lon="25.416391968727112">
				<ele>214.99000549316406</ele>
				<time>2025-03-02T09:36:53Z</time>
			</trkpt>
			<trkpt lat="54.509479999542236" lon="25.416330695152283">
				<ele>214.50999450683594</ele>
				<time>2025-03-02T09:36:54Z</time>
			</trkpt>
			<trkpt lat="54.5095591545105" lon="25.416269898414612">
				<ele>214.50999450683594</ele>
				<time>2025-03-02T09:36:55Z</time>
			</trkpt>
			<trkpt lat="54.50963592529297" lon="25.416199445724487">
				<ele>214.02999877929688</ele>
				<time>2025-03-02T09:36:56Z</time>
			</trkpt>
			<trkpt lat="54.50970423221588" lon="25.416136503219604">
				<ele>214.02999877929688</ele>
				<time>2025-03-02T09:36:57Z</time>
			</trkpt>
			<trkpt lat="54.5097713470459" lon="25.416080832481384">
				<ele>214.02999877929688</ele>
				<time>2025-03-02T09:36:58Z</time>
			</trkpt>
			<trkpt lat="54.509994864463806" lon="25.415844202041626">
				<ele>214.02999877929688</ele>
				<time>2025-03-02T09:37:01Z</time>
			</trkpt>
			<trkpt lat="54.510058522224426" lon="25.415723085403442">
				<ele>213.5500030517578</ele>
				<time>2025-03-02T09:37:02Z</time>
			</trkpt>
			<trkpt lat="54.51011097431183" lon="25.4155775308609">
				<ele>213.5500030517578</ele>
				<time>2025-03-02T09:37:03Z</time>
			</trkpt>
			<trkpt lat="54.510151624679565" lon="25.415416836738586">
				<ele>213.5500030517578</ele>
				<time>2025-03-02T09:37:04Z</time>
			</trkpt>
			<trkpt lat="54.51017713546753" lon="25.415249347686768">
				<ele>213.5500030517578</ele>
				<time>2025-03-02T09:37:05Z</time>
			</trkpt>
			<trkpt lat="54.51019358634949" lon="25.415079951286316">
				<ele>213.5500030517578</ele>
				<time>2025-03-02T09:37:06Z</time>
			</trkpt>
			<trkpt lat="54.51020312309265" lon="25.414914846420288">
				<ele>213.07000732421875</ele>
				<time>2025-03-02T09:37:07Z</time>
			</trkpt>
			<trkpt lat="54.51022791862488" lon="25.414445281028748">
				<ele>213.07000732421875</ele>
				<time>2025-03-02T09:37:10Z</time>
			</trkpt>
			<trkpt lat="54.51032912731171" lon="25.413798332214355">
				<ele>212.58999633789062</ele>
				<time>2025-03-02T09:37:14Z</time>
			</trkpt>
			<trkpt lat="54.51037073135376" lon="25.413661241531372">
				<ele>212.58999633789062</ele>
				<time>2025-03-02T09:37:15Z</time>
			</trkpt>
			<trkpt lat="54.51042294502258" lon="25.41353464126587">
				<ele>212.58999633789062</ele>
				<time>2025-03-02T09:37:16Z</time>
			</trkpt>
			<trkpt lat="54.51048541069031" lon="25.41342043876648">
				<ele>212.58999633789062</ele>
				<time>2025-03-02T09:37:17Z</time>
			</trkpt>
			<trkpt lat="54.5105584859848" lon="25.41331386566162">
				<ele>212.58999633789062</ele>
				<time>2025-03-02T09:37:18Z</time>
			</trkpt>
			<trkpt lat="54.51063859462738" lon="25.41320276260376">
				<ele>212.11000061035156</ele>
				<time>2025-03-02T09:37:19Z</time>
			</trkpt>
			<trkpt lat="54.511385798454285" lon="25.41195809841156">
				<ele>211.6300048828125</ele>
				<time>2025-03-02T09:37:28Z</time>
			</trkpt>
			<trkpt lat="54.51192617416382" lon="25.411261081695557">
				<ele>212.11000061035156</ele>
				<time>2025-03-02T09:37:35Z</time>
			</trkpt>
			<trkpt lat="54.51202046871185" lon="25.41118097305298">
				<ele>212.11000061035156</ele>
				<time>2025-03-02T09:37:36Z</time>
			</trkpt>
			<trkpt lat="54.51221513748169" lon="25.41102111339569">
				<ele>212.11000061035156</ele>
				<time>2025-03-02T09:37:38Z</time>
			</trkpt>
			<trkpt lat="54.51229953765869" lon="25.410930395126343">
				<ele>212.11000061035156</ele>
				<time>2025-03-02T09:37:39Z</time>
			</trkpt>
			<trkpt lat="54.51289117336273" lon="25.410194396972656">
				<ele>212.58999633789062</ele>
				<time>2025-03-02T09:37:47Z</time>
			</trkpt>
			<trkpt lat="54.512953758239746" lon="25.410107374191284">
				<ele>212.58999633789062</ele>
				<time>2025-03-02T09:37:48Z</time>
			</trkpt>
			<trkpt lat="54.5129998922348" lon="25.410006642341614">
				<ele>212.58999633789062</ele>
				<time>2025-03-02T09:37:49Z</time>
			</trkpt>
			<trkpt lat="54.51302790641785" lon="25.409891963005066">
				<ele>212.58999633789062</ele>
				<time>2025-03-02T09:37:50Z</time>
			</trkpt>
			<trkpt lat="54.51304376125336" lon="25.409769296646118">
				<ele>212.58999633789062</ele>
				<time>2025-03-02T09:37:51Z</time>
			</trkpt>
			<trkpt lat="54.51306903362274" lon="25.409499526023865">
				<ele>212.58999633789062</ele>
				<time>2025-03-02T09:37:53Z</time>
			</trkpt>
			<trkpt lat="54.513187766075134" lon="25.40895974636078">
				<ele>213.07000732421875</ele>
				<time>2025-03-02T09:37:57Z</time>
			</trkpt>
			<trkpt lat="54.51327347755432" lon="25.40867304801941">
				<ele>213.07000732421875</ele>
				<time>2025-03-02T09:37:59Z</time>
			</trkpt>
			<trkpt lat="54.513583302497864" lon="25.407535672187805">
				<ele>213.5500030517578</ele>
				<time>2025-03-02T09:38:07Z</time>
			</trkpt>
			<trkpt lat="54.513914704322815" lon="25.40622091293335">
				<ele>214.02999877929688</ele>
				<time>2025-03-02T09:38:16Z</time>
			</trkpt>
			<trkpt lat="54.51430785655975" lon="25.40481436252594">
				<ele>214.50999450683594</ele>
				<time>2025-03-02T09:38:24Z</time>
			</trkpt>
			<trkpt lat="54.51483726501465" lon="25.403210520744324">
				<ele>215.47000122070312</ele>
				<time>2025-03-02T09:38:32Z</time>
			</trkpt>
			<trkpt lat="54.51487946510315" lon="25.40300989151001">
				<ele>215.47000122070312</ele>
				<time>2025-03-02T09:38:33Z</time>
			</trkpt>
			<trkpt lat="54.515122175216675" lon="25.4023517370224">
				<ele>215.47000122070312</ele>
				<time>2025-03-02T09:38:37Z</time>
			</trkpt>
			<trkpt lat="54.51578378677368" lon="25.400431752204895">
				<ele>215.9499969482422</ele>
				<time>2025-03-02T09:38:47Z</time>
			</trkpt>
			<trkpt lat="54.51605558395386" lon="25.39970898628235">
				<ele>215.9499969482422</ele>
				<time>2025-03-02T09:38:53Z</time>
			</trkpt>
			<trkpt lat="54.51635432243347" lon="25.398986339569092">
				<ele>215.9499969482422</ele>
				<time>2025-03-02T09:38:58Z</time>
			</trkpt>
			<trkpt lat="54.516618609428406" lon="25.398322582244873">
				<ele>215.9499969482422</ele>
				<time>2025-03-02T09:39:02Z</time>
			</trkpt>
			<trkpt lat="54.51726269721985" lon="25.39676785469055">
				<ele>216.42999267578125</ele>
				<time>2025-03-02T09:39:10Z</time>
			</trkpt>
			<trkpt lat="54.517905831336975" lon="25.395020127296448">
				<ele>216.91000366210938</ele>
				<time>2025-03-02T09:39:17Z</time>
			</trkpt>
			<trkpt lat="54.518458127975464" lon="25.393821358680725">
				<ele>216.91000366210938</ele>
				<time>2025-03-02T09:39:24Z</time>
			</trkpt>
			<trkpt lat="54.51877224445343" lon="25.39293372631073">
				<ele>216.91000366210938</ele>
				<time>2025-03-02T09:39:29Z</time>
			</trkpt>
			<trkpt lat="54.51895296573639" lon="25.392117500305176">
				<ele>217.39999389648438</ele>
				<time>2025-03-02T09:39:33Z</time>
			</trkpt>
			<trkpt lat="54.519609689712524" lon="25.390395164489746">
				<ele>217.8800048828125</ele>
				<time>2025-03-02T09:39:42Z</time>
			</trkpt>
			<trkpt lat="54.51987862586975" lon="25.38957715034485">
				<ele>217.8800048828125</ele>
				<time>2025-03-02T09:39:47Z</time>
			</trkpt>
			<trkpt lat="54.5204541683197" lon="25.388233542442322">
				<ele>217.8800048828125</ele>
				<time>2025-03-02T09:39:54Z</time>
			</trkpt>
			<trkpt lat="54.521029114723206" lon="25.386964201927185">
				<ele>217.39999389648438</ele>
				<time>2025-03-02T09:40:03Z</time>
			</trkpt>
			<trkpt lat="54.52119600772858" lon="25.386716723442078">
				<ele>217.39999389648438</ele>
				<time>2025-03-02T09:40:05Z</time>
			</trkpt>
			<trkpt lat="54.52140390872955" lon="25.386475086212158">
				<ele>217.39999389648438</ele>
				<time>2025-03-02T09:40:07Z</time>
			</trkpt>
			<trkpt lat="54.5215048789978" lon="25.386306643486023">
				<ele>217.39999389648438</ele>
				<time>2025-03-02T09:40:08Z</time>
			</trkpt>
			<trkpt lat="54.52218806743622" lon="25.38492262363434">
				<ele>217.39999389648438</ele>
				<time>2025-03-02T09:40:15Z</time>
			</trkpt>
			<trkpt lat="54.52259707450867" lon="25.384085178375244">
				<ele>217.39999389648438</ele>
				<time>2025-03-02T09:40:21Z</time>
			</trkpt>
			<trkpt lat="54.52305614948273" lon="25.382810950279236">
				<ele>216.91000366210938</ele>
				<time>2025-03-02T09:40:28Z</time>
			</trkpt>
			<trkpt lat="54.523149371147156" lon="25.382490038871765">
				<ele>216.91000366210938</ele>
				<time>2025-03-02T09:40:30Z</time>
			</trkpt>
			<trkpt lat="54.523244857788086" lon="25.381919384002686">
				<ele>216.42999267578125</ele>
				<time>2025-03-02T09:40:33Z</time>
			</trkpt>
			<trkpt lat="54.523263454437256" lon="25.38153874874115">
				<ele>216.42999267578125</ele>
				<time>2025-03-02T09:40:35Z</time>
			</trkpt>
			<trkpt lat="54.523271918296814" lon="25.381360054016113">
				<ele>215.9499969482422</ele>
				<time>2025-03-02T09:40:36Z</time>
			</trkpt>
			<trkpt lat="54.523303627967834" lon="25.38116490840912">
				<ele>215.9499969482422</ele>
				<time>2025-03-02T09:40:37Z</time>
			</trkpt>
			<trkpt lat="54.52353763580322" lon="25.38050079345703">
				<ele>215.9499969482422</ele>
				<time>2025-03-02T09:40:40Z</time>
			</trkpt>
			<trkpt lat="54.52422046661377" lon="25.379038453102112">
				<ele>215.9499969482422</ele>
				<time>2025-03-02T09:40:48Z</time>
			</trkpt>
			<trkpt lat="54.52448070049286" lon="25.378634095191956">
				<ele>215.9499969482422</ele>
				<time>2025-03-02T09:40:56Z</time>
			</trkpt>
			<trkpt lat="54.52457559108734" lon="25.378230094909668">
				<ele>215.9499969482422</ele>
				<time>2025-03-02T09:41:02Z</time>
			</trkpt>
			<trkpt lat="54.52464759349823" lon="25.378034353256226">
				<ele>215.47000122070312</ele>
				<time>2025-03-02T09:41:06Z</time>
			</trkpt>
			<trkpt lat="54.52469778060913" lon="25.377898812294006">
				<ele>215.47000122070312</ele>
				<time>2025-03-02T09:41:17Z</time>
			</trkpt>
			<trkpt lat="54.52475452423096" lon="25.377735137939453">
				<ele>215.47000122070312</ele>
				<time>2025-03-02T09:41:20Z</time>
			</trkpt>
			<trkpt lat="54.524802446365356" lon="25.37747049331665">
				<ele>214.99000549316406</ele>
				<time>2025-03-02T09:41:26Z</time>
			</trkpt>
			<trkpt lat="54.524871945381165" lon="25.37733030319214">
				<ele>214.99000549316406</ele>
				<time>2025-03-02T09:41:31Z</time>
			</trkpt>
			<trkpt lat="54.5249627828598" lon="25.377182245254517">
				<ele>214.99000549316406</ele>
				<time>2025-03-02T09:41:39Z</time>
			</trkpt>
			<trkpt lat="54.52499961853027" lon="25.377078413963318">
				<ele>214.99000549316406</ele>
				<time>2025-03-02T09:41:45Z</time>
			</trkpt>
			<trkpt lat="54.52509152889252" lon="25.376847624778748">
				<ele>214.50999450683594</ele>
				<time>2025-03-02T09:41:56Z</time>
			</trkpt>
			<trkpt lat="54.52509641647339" lon="25.3768173456192">
				<ele>214.50999450683594</ele>
				<time>2025-03-02T09:42:01Z</time>
			</trkpt>
			<trkpt lat="54.5250768661499" lon="25.376892924308777">
				<ele>212.58999633789062</ele>
				<time>2025-03-02T09:42:18Z</time>
			</trkpt>
			<trkpt lat="54.5250768661499" lon="25.37689459323883">
				<ele>212.58999633789062</ele>
				<time>2025-03-02T09:42:21Z</time>
			</trkpt>
			<trkpt lat="54.52510404586792" lon="25.37678050994873">
				<ele>162.60000610351562</ele>
				<time>2025-03-02T09:48:22Z</time>
			</trkpt>
			<trkpt lat="54.525105357170105" lon="25.376769542694092">
				<ele>162.1199951171875</ele>
				<time>2025-03-02T09:48:26Z</time>
			</trkpt>
			<trkpt lat="54.525014996528625" lon="25.376665115356445">
				<ele>130.39999389648438</ele>
				<time>2025-03-02T09:57:31Z</time>
			</trkpt>
			<trkpt lat="54.52503144741058" lon="25.37666642665863">
				<ele>130.39999389648438</ele>
				<time>2025-03-02T09:57:32Z</time>
			</trkpt>
			<trkpt lat="54.52506935596466" lon="25.376494884490967">
				<ele>128.47000122070312</ele>
				<time>2025-03-02T09:57:45Z</time>
			</trkpt>
			<trkpt lat="54.52508580684662" lon="25.376493453979492">
				<ele>125.58999633789062</ele>
				<time>2025-03-02T09:58:08Z</time>
			</trkpt>
			<trkpt lat="54.525116086006165" lon="25.37649166584015">
				<ele>224.61000061035156</ele>
				<time>2025-03-02T10:06:35Z</time>
			</trkpt>
			<trkpt lat="54.52510094642639" lon="25.376480221748352">
				<ele>224.61000061035156</ele>
				<time>2025-03-02T10:06:36Z</time>
			</trkpt>
			<trkpt lat="54.52508735656738" lon="25.376452445983887">
				<ele>224.1199951171875</ele>
				<time>2025-03-02T10:06:38Z</time>
			</trkpt>
			<trkpt lat="54.52507662773132" lon="25.376359343528748">
				<ele>223.16000366210938</ele>
				<time>2025-03-02T10:06:43Z</time>
			</trkpt>
			<trkpt lat="54.525102615356445" lon="25.376166701316833">
				<ele>221.72000122070312</ele>
				<time>2025-03-02T10:06:48Z</time>
			</trkpt>
			<trkpt lat="54.52517056465149" lon="25.37596821784973">
				<ele>217.8800048828125</ele>
				<time>2025-03-02T10:06:59Z</time>
			</trkpt>
			<trkpt lat="54.52516329288483" lon="25.375958919525146">
				<ele>216.91000366210938</ele>
				<time>2025-03-02T10:07:02Z</time>
			</trkpt>
			<trkpt lat="54.525120973587036" lon="25.375997304916382">
				<ele>214.99000549316406</ele>
				<time>2025-03-02T10:07:11Z</time>
			</trkpt>
			<trkpt lat="54.52511513233185" lon="25.376039385795593">
				<ele>212.58999633789062</ele>
				<time>2025-03-02T10:07:21Z</time>
			</trkpt>
			<trkpt lat="54.52507400512695" lon="25.37606632709503">
				<ele>209.6999969482422</ele>
				<time>2025-03-02T10:07:35Z</time>
			</trkpt>
			<trkpt lat="54.52506136894226" lon="25.376042008399963">
				<ele>208.74000549316406</ele>
				<time>2025-03-02T10:07:41Z</time>
			</trkpt>
			<trkpt lat="54.52502715587616" lon="25.375962257385254">
				<ele>206.82000732421875</ele>
				<time>2025-03-02T10:07:50Z</time>
			</trkpt>
			<trkpt lat="54.52507185935974" lon="25.37576687335968">
				<ele>205.3800048828125</ele>
				<time>2025-03-02T10:07:58Z</time>
			</trkpt>
			<trkpt lat="54.52520155906677" lon="25.375518560409546">
				<ele>203.4600067138672</ele>
				<time>2025-03-02T10:08:09Z</time>
			</trkpt>
			<trkpt lat="54.52522325515747" lon="25.375303626060486">
				<ele>202.49000549316406</ele>
				<time>2025-03-02T10:08:17Z</time>
			</trkpt>
			<trkpt lat="54.52525532245636" lon="25.374990820884705">
				<ele>201.0500030517578</ele>
				<time>2025-03-02T10:08:27Z</time>
			</trkpt>
			<trkpt lat="54.52526342868805" lon="25.374877095222473">
				<ele>200.57000732421875</ele>
				<time>2025-03-02T10:08:30Z</time>
			</trkpt>
			<trkpt lat="54.525349617004395" lon="25.374667525291443">
				<ele>199.61000061035156</ele>
				<time>2025-03-02T10:08:39Z</time>
			</trkpt>
			<trkpt lat="54.5254145860672" lon="25.374528765678406">
				<ele>198.64999389648438</ele>
				<time>2025-03-02T10:08:47Z</time>
			</trkpt>
			<trkpt lat="54.525505781173706" lon="25.374305844306946">
				<ele>197.69000244140625</ele>
				<time>2025-03-02T10:08:57Z</time>
			</trkpt>
			<trkpt lat="54.525524377822876" lon="25.374145030975342">
				<ele>196.72999572753906</ele>
				<time>2025-03-02T10:09:03Z</time>
			</trkpt>
			<trkpt lat="54.52565085887909" lon="25.373969554901123">
				<ele>194.8000030517578</ele>
				<time>2025-03-02T10:09:13Z</time>
			</trkpt>
			<trkpt lat="54.52578330039978" lon="25.373873949050903">
				<ele>192.39999389648438</ele>
				<time>2025-03-02T10:09:24Z</time>
			</trkpt>
			<trkpt lat="54.525845408439636" lon="25.373899221420288">
				<ele>191.44000244140625</ele>
				<time>2025-03-02T10:09:29Z</time>
			</trkpt>
			<trkpt lat="54.525954484939575" lon="25.37388324737549">
				<ele>189.52000427246094</ele>
				<time>2025-03-02T10:09:37Z</time>
			</trkpt>
			<trkpt lat="54.526015520095825" lon="25.373910546302795">
				<ele>188.55999755859375</ele>
				<time>2025-03-02T10:09:42Z</time>
			</trkpt>
			<trkpt lat="54.52617931365967" lon="25.37377965450287">
				<ele>185.19000244140625</ele>
				<time>2025-03-02T10:09:57Z</time>
			</trkpt>
			<trkpt lat="54.52618479728699" lon="25.37377679347992">
				<ele>184.22999572753906</ele>
				<time>2025-03-02T10:09:59Z</time>
			</trkpt>
			<trkpt lat="54.526209115982056" lon="25.37371551990509">
				<ele>181.8300018310547</ele>
				<time>2025-03-02T10:10:08Z</time>
			</trkpt>
			<trkpt lat="54.52634680271149" lon="25.373727798461914">
				<ele>180.3800048828125</ele>
				<time>2025-03-02T10:10:18Z</time>
			</trkpt>
			<trkpt lat="54.526418566703796" lon="25.373822689056396">
				<ele>179.4199981689453</ele>
				<time>2025-03-02T10:10:21Z</time>
			</trkpt>
			<trkpt lat="54.52647590637207" lon="25.37382698059082">
				<ele>177.97999572753906</ele>
				<time>2025-03-02T10:10:27Z</time>
			</trkpt>
			<trkpt lat="54.526405572891235" lon="25.373647689819336">
				<ele>267.3800048828125</ele>
				<time>2025-03-02T10:25:42Z</time>
			</trkpt>
			<trkpt lat="54.52647006511688" lon="25.37377393245697">
				<ele>266.4200134277344</ele>
				<time>2025-03-02T10:25:44Z</time>
			</trkpt>
			<trkpt lat="54.52668833732605" lon="25.373759388923645">
				<ele>263.05999755859375</ele>
				<time>2025-03-02T10:25:53Z</time>
			</trkpt>
			<trkpt lat="54.526835441589355" lon="25.37357795238495">
				<ele>259.69000244140625</ele>
				<time>2025-03-02T10:26:03Z</time>
			</trkpt>
			<trkpt lat="54.527103900909424" lon="25.373095154762268">
				<ele>256.3299865722656</ele>
				<time>2025-03-02T10:26:13Z</time>
			</trkpt>
			<trkpt lat="54.527578711509705" lon="25.37192475795746">
				<ele>253.44000244140625</ele>
				<time>2025-03-02T10:26:22Z</time>
			</trkpt>
			<trkpt lat="54.527801394462585" lon="25.371207356452942">
				<ele>252.47999572753906</ele>
				<time>2025-03-02T10:26:27Z</time>
			</trkpt>
			<trkpt lat="54.52789604663849" lon="25.370608687400818">
				<ele>251.52000427246094</ele>
				<time>2025-03-02T10:26:31Z</time>
			</trkpt>
			<trkpt lat="54.52815353870392" lon="25.369660258293152">
				<ele>250.0800018310547</ele>
				<time>2025-03-02T10:26:38Z</time>
			</trkpt>
			<trkpt lat="54.52851331233978" lon="25.368884682655334">
				<ele>248.63999938964844</ele>
				<time>2025-03-02T10:26:44Z</time>
			</trkpt>
			<trkpt lat="54.528976798057556" lon="25.367756724357605">
				<ele>247.1999969482422</ele>
				<time>2025-03-02T10:26:51Z</time>
			</trkpt>
			<trkpt lat="54.52975857257843" lon="25.36613953113556">
				<ele>245.75</ele>
				<time>2025-03-02T10:27:01Z</time>
			</trkpt>
			<trkpt lat="54.53011858463287" lon="25.365254402160645">
				<ele>245.27000427246094</ele>
				<time>2025-03-02T10:27:06Z</time>
			</trkpt>
			<trkpt lat="54.53088653087616" lon="25.36357617378235">
				<ele>244.30999755859375</ele>
				<time>2025-03-02T10:27:15Z</time>
			</trkpt>
			<trkpt lat="54.53127717971802" lon="25.362306356430054">
				<ele>242.8699951171875</ele>
				<time>2025-03-02T10:27:22Z</time>
			</trkpt>
			<trkpt lat="54.531699776649475" lon="25.361446619033813">
				<ele>242.38999938964844</ele>
				<time>2025-03-02T10:27:27Z</time>
			</trkpt>
			<trkpt lat="54.53221917152405" lon="25.3601016998291">
				<ele>241.91000366210938</ele>
				<time>2025-03-02T10:27:35Z</time>
			</trkpt>
			<trkpt lat="54.53265452384949" lon="25.359169721603394">
				<ele>241.42999267578125</ele>
				<time>2025-03-02T10:27:40Z</time>
			</trkpt>
			<trkpt lat="54.5328323841095" lon="25.35848593711853">
				<ele>241.42999267578125</ele>
				<time>2025-03-02T10:27:44Z</time>
			</trkpt>
			<trkpt lat="54.533156752586365" lon="25.35781705379486">
				<ele>240.9499969482422</ele>
				<time>2025-03-02T10:27:48Z</time>
			</trkpt>
			<trkpt lat="54.53393495082855" lon="25.35599648952484">
				<ele>239.99000549316406</ele>
				<time>2025-03-02T10:27:58Z</time>
			</trkpt>
			<trkpt lat="54.53411507606506" lon="25.354991912841797">
				<ele>239.99000549316406</ele>
				<time>2025-03-02T10:28:04Z</time>
			</trkpt>
			<trkpt lat="54.53470063209534" lon="25.35432779788971">
				<ele>239.50999450683594</ele>
				<time>2025-03-02T10:28:10Z</time>
			</trkpt>
			<trkpt lat="54.535006165504456" lon="25.35355019569397">
				<ele>239.50999450683594</ele>
				<time>2025-03-02T10:28:14Z</time>
			</trkpt>
			<trkpt lat="54.535157799720764" lon="25.353010296821594">
				<ele>239.02000427246094</ele>
				<time>2025-03-02T10:28:17Z</time>
			</trkpt>
			<trkpt lat="54.535778641700745" lon="25.351825714111328">
				<ele>238.5399932861328</ele>
				<time>2025-03-02T10:28:24Z</time>
			</trkpt>
			<trkpt lat="54.53613340854645" lon="25.350907802581787">
				<ele>238.05999755859375</ele>
				<time>2025-03-02T10:28:29Z</time>
			</trkpt>
			<trkpt lat="54.5367990732193" lon="25.3493515253067">
				<ele>238.05999755859375</ele>
				<time>2025-03-02T10:28:37Z</time>
			</trkpt>
			<trkpt lat="54.53688669204712" lon="25.349135994911194">
				<ele>238.05999755859375</ele>
				<time>2025-03-02T10:28:38Z</time>
			</trkpt>
			<trkpt lat="54.53730881214142" lon="25.347981691360474">
				<ele>238.05999755859375</ele>
				<time>2025-03-02T10:28:44Z</time>
			</trkpt>
			<trkpt lat="54.53824055194855" lon="25.345614433288574">
				<ele>237.5800018310547</ele>
				<time>2025-03-02T10:28:55Z</time>
			</trkpt>
			<trkpt lat="54.53835153579712" lon="25.345425248146057">
				<ele>237.5800018310547</ele>
				<time>2025-03-02T10:28:56Z</time>
			</trkpt>
			<trkpt lat="54.53915762901306" lon="25.343494296073914">
				<ele>237.10000610351562</ele>
				<time>2025-03-02T10:29:04Z</time>
			</trkpt>
			<trkpt lat="54.53977823257446" lon="25.341936707496643">
				<ele>236.6199951171875</ele>
				<time>2025-03-02T10:29:11Z</time>
			</trkpt>
			<trkpt lat="54.539960622787476" lon="25.341519474983215">
				<ele>236.6199951171875</ele>
				<time>2025-03-02T10:29:13Z</time>
			</trkpt>
			<trkpt lat="54.54002296924591" lon="25.341320157051086">
				<ele>236.6199951171875</ele>
				<time>2025-03-02T10:29:14Z</time>
			</trkpt>
			<trkpt lat="54.54018783569336" lon="25.340691089630127">
				<ele>235.66000366210938</ele>
				<time>2025-03-02T10:29:18Z</time>
			</trkpt>
			<trkpt lat="54.540223360061646" lon="25.3406001329422">
				<ele>235.66000366210938</ele>
				<time>2025-03-02T10:29:19Z</time>
			</trkpt>
			<trkpt lat="54.5402557849884" lon="25.340546011924744">
				<ele>235.66000366210938</ele>
				<time>2025-03-02T10:29:20Z</time>
			</trkpt>
			<trkpt lat="54.54028081893921" lon="25.340522289276123">
				<ele>235.66000366210938</ele>
				<time>2025-03-02T10:29:21Z</time>
			</trkpt>
			<trkpt lat="54.540292501449585" lon="25.340500473976135">
				<ele>235.17999267578125</ele>
				<time>2025-03-02T10:29:22Z</time>
			</trkpt>
			<trkpt lat="54.54033422470093" lon="25.340346217155457">
				<ele>235.17999267578125</ele>
				<time>2025-03-02T10:29:30Z</time>
			</trkpt>
			<trkpt lat="54.540343046188354" lon="25.34029972553253">
				<ele>235.17999267578125</ele>
				<time>2025-03-02T10:29:31Z</time>
			</trkpt>
			<trkpt lat="54.54036068916321" lon="25.340233325958252">
				<ele>235.17999267578125</ele>
				<time>2025-03-02T10:29:32Z</time>
			</trkpt>
			<trkpt lat="54.54040801525116" lon="25.340104341506958">
				<ele>235.17999267578125</ele>
				<time>2025-03-02T10:29:35Z</time>
			</trkpt>
			<trkpt lat="54.54042100906372" lon="25.340056538581848">
				<ele>235.17999267578125</ele>
				<time>2025-03-02T10:29:36Z</time>
			</trkpt>
			<trkpt lat="54.54042422771454" lon="25.340041041374207">
				<ele>234.6999969482422</ele>
				<time>2025-03-02T10:29:41Z</time>
			</trkpt>
			<trkpt lat="54.5404394865036" lon="25.339949131011963">
				<ele>234.22000122070312</ele>
				<time>2025-03-02T10:29:50Z</time>
			</trkpt>
			<trkpt lat="54.54044282436371" lon="25.339926958084106">
				<ele>234.22000122070312</ele>
				<time>2025-03-02T10:29:55Z</time>
			</trkpt>
			<trkpt lat="54.540464758872986" lon="25.339781761169434">
				<ele>232.77999877929688</ele>
				<time>2025-03-02T10:30:22Z</time>
			</trkpt>
			<trkpt lat="54.54046809673309" lon="25.3397296667099">
				<ele>232.77999877929688</ele>
				<time>2025-03-02T10:30:25Z</time>
			</trkpt>
			<trkpt lat="54.54047179222107" lon="25.339695692062378">
				<ele>232.77999877929688</ele>
				<time>2025-03-02T10:30:26Z</time>
			</trkpt>
			<trkpt lat="54.540481209754944" lon="25.339661359786987">
				<ele>232.77999877929688</ele>
				<time>2025-03-02T10:30:27Z</time>
			</trkpt>
			<trkpt lat="54.54049777984619" lon="25.339601159095764">
				<ele>232.77999877929688</ele>
				<time>2025-03-02T10:30:28Z</time>
			</trkpt>
			<trkpt lat="54.54052972793579" lon="25.33948290348053">
				<ele>232.77999877929688</ele>
				<time>2025-03-02T10:30:29Z</time>
			</trkpt>
			<trkpt lat="54.54056930541992" lon="25.339358687400818">
				<ele>232.77999877929688</ele>
				<time>2025-03-02T10:30:30Z</time>
			</trkpt>
			<trkpt lat="54.54061257839203" lon="25.339266538619995">
				<ele>232.3000030517578</ele>
				<time>2025-03-02T10:30:31Z</time>
			</trkpt>
			<trkpt lat="54.54065752029419" lon="25.33920109272003">
				<ele>232.3000030517578</ele>
				<time>2025-03-02T10:30:32Z</time>
			</trkpt>
			<trkpt lat="54.540698528289795" lon="25.339157938957214">
				<ele>232.3000030517578</ele>
				<time>2025-03-02T10:30:33Z</time>
			</trkpt>
			<trkpt lat="54.540741086006165" lon="25.339112997055054">
				<ele>232.3000030517578</ele>
				<time>2025-03-02T10:30:34Z</time>
			</trkpt>
			<trkpt lat="54.54079520702362" lon="25.339033007621765">
				<ele>232.3000030517578</ele>
				<time>2025-03-02T10:30:35Z</time>
			</trkpt>
			<trkpt lat="54.540979504585266" lon="25.338472366333008">
				<ele>232.3000030517578</ele>
				<time>2025-03-02T10:30:38Z</time>
			</trkpt>
			<trkpt lat="54.54122543334961" lon="25.337753772735596">
				<ele>232.3000030517578</ele>
				<time>2025-03-02T10:30:42Z</time>
			</trkpt>
			<trkpt lat="54.541709303855896" lon="25.337005972862244">
				<ele>231.80999755859375</ele>
				<time>2025-03-02T10:30:47Z</time>
			</trkpt>
			<trkpt lat="54.5422625541687" lon="25.335080981254578">
				<ele>231.80999755859375</ele>
				<time>2025-03-02T10:30:55Z</time>
			</trkpt>
			<trkpt lat="54.542420744895935" lon="25.334288835525513">
				<ele>231.80999755859375</ele>
				<time>2025-03-02T10:30:59Z</time>
			</trkpt>
			<trkpt lat="54.54247772693634" lon="25.33363664150238">
				<ele>230.85000610351562</ele>
				<time>2025-03-02T10:31:04Z</time>
			</trkpt>
			<trkpt lat="54.54248881340027" lon="25.333296060562134">
				<ele>230.3699951171875</ele>
				<time>2025-03-02T10:31:07Z</time>
			</trkpt>
			<trkpt lat="54.54254341125488" lon="25.3328800201416">
				<ele>230.3699951171875</ele>
				<time>2025-03-02T10:31:10Z</time>
			</trkpt>
			<trkpt lat="54.54256737232208" lon="25.33262038230896">
				<ele>230.3699951171875</ele>
				<time>2025-03-02T10:31:12Z</time>
			</trkpt>
			<trkpt lat="54.54280209541321" lon="25.332170605659485">
				<ele>229.88999938964844</ele>
				<time>2025-03-02T10:31:19Z</time>
			</trkpt>
			<trkpt lat="54.54284870624542" lon="25.332115650177002">
				<ele>229.88999938964844</ele>
				<time>2025-03-02T10:31:20Z</time>
			</trkpt>
			<trkpt lat="54.54303967952728" lon="25.33186650276184">
				<ele>229.88999938964844</ele>
				<time>2025-03-02T10:31:24Z</time>
			</trkpt>
			<trkpt lat="54.543200731277466" lon="25.331418871879578">
				<ele>229.88999938964844</ele>
				<time>2025-03-02T10:31:30Z</time>
			</trkpt>
			<trkpt lat="54.543264985084534" lon="25.331288695335388">
				<ele>229.88999938964844</ele>
				<time>2025-03-02T10:31:32Z</time>
			</trkpt>
			<trkpt lat="54.54343354701996" lon="25.330686211586">
				<ele>229.88999938964844</ele>
				<time>2025-03-02T10:31:38Z</time>
			</trkpt>
			<trkpt lat="54.54357469081879" lon="25.33024311065674">
				<ele>229.41000366210938</ele>
				<time>2025-03-02T10:31:43Z</time>
			</trkpt>
			<trkpt lat="54.543572664260864" lon="25.33007788658142">
				<ele>229.41000366210938</ele>
				<time>2025-03-02T10:31:45Z</time>
			</trkpt>
			<trkpt lat="54.54368352890015" lon="25.329046607017517">
				<ele>229.88999938964844</ele>
				<time>2025-03-02T10:31:56Z</time>
			</trkpt>
			<trkpt lat="54.5438517332077" lon="25.328250646591187">
				<ele>229.88999938964844</ele>
				<time>2025-03-02T10:32:01Z</time>
			</trkpt>
			<trkpt lat="54.54412245750427" lon="25.32740831375122">
				<ele>229.88999938964844</ele>
				<time>2025-03-02T10:32:06Z</time>
			</trkpt>
			<trkpt lat="54.54453194141388" lon="25.32567548751831">
				<ele>229.41000366210938</ele>
				<time>2025-03-02T10:32:15Z</time>
			</trkpt>
			<trkpt lat="54.544732093811035" lon="25.325212121009827">
				<ele>229.41000366210938</ele>
				<time>2025-03-02T10:32:18Z</time>
			</trkpt>
			<trkpt lat="54.54496216773987" lon="25.323899745941162">
				<ele>229.41000366210938</ele>
				<time>2025-03-02T10:32:24Z</time>
			</trkpt>
			<trkpt lat="54.54524338245392" lon="25.32203483581543">
				<ele>229.41000366210938</ele>
				<time>2025-03-02T10:32:33Z</time>
			</trkpt>
			<trkpt lat="54.54529809951782" lon="25.321610808372498">
				<ele>229.41000366210938</ele>
				<time>2025-03-02T10:32:36Z</time>
			</trkpt>
			<trkpt lat="54.545170545578" lon="25.321266651153564">
				<ele>228.92999267578125</ele>
				<time>2025-03-02T10:32:43Z</time>
			</trkpt>
			<trkpt lat="54.544267892837524" lon="25.32139241695404">
				<ele>229.41000366210938</ele>
				<time>2025-03-02T10:32:52Z</time>
			</trkpt>
			<trkpt lat="54.54368805885315" lon="25.32151484489441">
				<ele>229.41000366210938</ele>
				<time>2025-03-02T10:32:58Z</time>
			</trkpt>
			<trkpt lat="54.54331088066101" lon="25.32128071784973">
				<ele>229.41000366210938</ele>
				<time>2025-03-02T10:33:05Z</time>
			</trkpt>
			<trkpt lat="54.543471813201904" lon="25.32108175754547">
				<ele>229.41000366210938</ele>
				<time>2025-03-02T10:33:10Z</time>
			</trkpt>
			<trkpt lat="54.54467463493347" lon="25.320894718170166">
				<ele>229.41000366210938</ele>
				<time>2025-03-02T10:33:18Z</time>
			</trkpt>
			<trkpt lat="54.54530668258667" lon="25.320812821388245">
				<ele>228.92999267578125</ele>
				<time>2025-03-02T10:33:23Z</time>
			</trkpt>
			<trkpt lat="54.54542565345764" lon="25.320746898651123">
				<ele>227.97000122070312</ele>
				<time>2025-03-02T10:33:31Z</time>
			</trkpt>
			<trkpt lat="54.5455037355423" lon="25.320597648620605">
				<ele>227.97000122070312</ele>
				<time>2025-03-02T10:33:45Z</time>
			</trkpt>
			<trkpt lat="54.54560315608978" lon="25.3202862739563">
				<ele>227.97000122070312</ele>
				<time>2025-03-02T10:33:48Z</time>
			</trkpt>
			<trkpt lat="54.54568135738373" lon="25.319920778274536">
				<ele>227.49000549316406</ele>
				<time>2025-03-02T10:33:51Z</time>
			</trkpt>
			<trkpt lat="54.545700788497925" lon="25.319474577903748">
				<ele>227.49000549316406</ele>
				<time>2025-03-02T10:33:54Z</time>
			</trkpt>
			<trkpt lat="54.54582750797272" lon="25.31791365146637">
				<ele>227.97000122070312</ele>
				<time>2025-03-02T10:34:03Z</time>
			</trkpt>
			<trkpt lat="54.545830845832825" lon="25.317840218544006">
				<ele>227.97000122070312</ele>
				<time>2025-03-02T10:34:04Z</time>
			</trkpt>
			<trkpt lat="54.54582226276398" lon="25.317753314971924">
				<ele>227.97000122070312</ele>
				<time>2025-03-02T10:34:05Z</time>
			</trkpt>
			<trkpt lat="54.545793890953064" lon="25.317635536193848">
				<ele>227.97000122070312</ele>
				<time>2025-03-02T10:34:06Z</time>
			</trkpt>
			<trkpt lat="54.54572260379791" lon="25.3173611164093">
				<ele>227.97000122070312</ele>
				<time>2025-03-02T10:34:08Z</time>
			</trkpt>
			<trkpt lat="54.545705676078796" lon="25.317216753959656">
				<ele>227.97000122070312</ele>
				<time>2025-03-02T10:34:09Z</time>
			</trkpt>
			<trkpt lat="54.54570996761322" lon="25.317062735557556">
				<ele>227.97000122070312</ele>
				<time>2025-03-02T10:34:10Z</time>
			</trkpt>
			<trkpt lat="54.545729756355286" lon="25.316895008087158">
				<ele>227.97000122070312</ele>
				<time>2025-03-02T10:34:11Z</time>
			</trkpt>
			<trkpt lat="54.54575502872467" lon="25.3167245388031">
				<ele>227.97000122070312</ele>
				<time>2025-03-02T10:34:12Z</time>
			</trkpt>
			<trkpt lat="54.54579675197601" lon="25.316435933113098">
				<ele>227.97000122070312</ele>
				<time>2025-03-02T10:34:14Z</time>
			</trkpt>
			<trkpt lat="54.54579484462738" lon="25.31630563735962">
				<ele>227.49000549316406</ele>
				<time>2025-03-02T10:34:15Z</time>
			</trkpt>
			<trkpt lat="54.54576873779297" lon="25.316168665885925">
				<ele>227.49000549316406</ele>
				<time>2025-03-02T10:34:16Z</time>
			</trkpt>
			<trkpt lat="54.545721769332886" lon="25.315956234931946">
				<ele>227.49000549316406</ele>
				<time>2025-03-02T10:34:18Z</time>
			</trkpt>
			<trkpt lat="54.545729637145996" lon="25.315889358520508">
				<ele>227.49000549316406</ele>
				<time>2025-03-02T10:34:19Z</time>
			</trkpt>
			<trkpt lat="54.545753836631775" lon="25.31582021713257">
				<ele>227.49000549316406</ele>
				<time>2025-03-02T10:34:20Z</time>
			</trkpt>
			<trkpt lat="54.545793652534485" lon="25.315746068954468">
				<ele>227.00999450683594</ele>
				<time>2025-03-02T10:34:21Z</time>
			</trkpt>
			<trkpt lat="54.54598844051361" lon="25.315423130989075">
				<ele>227.00999450683594</ele>
				<time>2025-03-02T10:34:25Z</time>
			</trkpt>
			<trkpt lat="54.54608166217804" lon="25.31507408618927">
				<ele>226.52999877929688</ele>
				<time>2025-03-02T10:34:30Z</time>
			</trkpt>
			<trkpt lat="54.546101808547974" lon="25.314891815185547">
				<ele>226.0500030517578</ele>
				<time>2025-03-02T10:34:33Z</time>
			</trkpt>
			<trkpt lat="54.54631173610687" lon="25.314144611358643">
				<ele>225.57000732421875</ele>
				<time>2025-03-02T10:34:39Z</time>
			</trkpt>
			<trkpt lat="54.546422243118286" lon="25.313234090805054">
				<ele>225.08999633789062</ele>
				<time>2025-03-02T10:34:43Z</time>
			</trkpt>
			<trkpt lat="54.5464733839035" lon="25.31230390071869">
				<ele>224.61000061035156</ele>
				<time>2025-03-02T10:34:47Z</time>
			</trkpt>
			<trkpt lat="54.546558141708374" lon="25.31134307384491">
				<ele>223.16000366210938</ele>
				<time>2025-03-02T10:34:52Z</time>
			</trkpt>
			<trkpt lat="54.546642661094666" lon="25.31086540222168">
				<ele>223.16000366210938</ele>
				<time>2025-03-02T10:34:55Z</time>
			</trkpt>
			<trkpt lat="54.54665958881378" lon="25.310460209846497">
				<ele>222.1999969482422</ele>
				<time>2025-03-02T10:35:01Z</time>
			</trkpt>
			<trkpt lat="54.54665791988373" lon="25.310465812683105">
				<ele>222.1999969482422</ele>
				<time>2025-03-02T10:35:03Z</time>
			</trkpt>
			<trkpt lat="54.54665982723236" lon="25.310373425483704">
				<ele>219.32000732421875</ele>
				<time>2025-03-02T10:35:25Z</time>
			</trkpt>
			<trkpt lat="54.546714067459106" lon="25.30996334552765">
				<ele>218.36000061035156</ele>
				<time>2025-03-02T10:35:34Z</time>
			</trkpt>
			<trkpt lat="54.54682505130768" lon="25.309367179870605">
				<ele>217.8800048828125</ele>
				<time>2025-03-02T10:35:39Z</time>
			</trkpt>
			<trkpt lat="54.547041058540344" lon="25.307955980300903">
				<ele>216.91000366210938</ele>
				<time>2025-03-02T10:35:47Z</time>
			</trkpt>
			<trkpt lat="54.547229409217834" lon="25.30729830265045">
				<ele>215.47000122070312</ele>
				<time>2025-03-02T10:35:54Z</time>
			</trkpt>
			<trkpt lat="54.547367811203" lon="25.307345271110535">
				<ele>214.99000549316406</ele>
				<time>2025-03-02T10:35:57Z</time>
			</trkpt>
			<trkpt lat="54.54745936393738" lon="25.307453870773315">
				<ele>214.99000549316406</ele>
				<time>2025-03-02T10:35:58Z</time>
			</trkpt>
			<trkpt lat="54.54757225513458" lon="25.307604551315308">
				<ele>214.99000549316406</ele>
				<time>2025-03-02T10:35:59Z</time>
			</trkpt>
			<trkpt lat="54.54875433444977" lon="25.309116005897522">
				<ele>214.50999450683594</ele>
				<time>2025-03-02T10:36:09Z</time>
			</trkpt>
			<trkpt lat="54.549569606781006" lon="25.310004830360413">
				<ele>214.02999877929688</ele>
				<time>2025-03-02T10:36:17Z</time>
			</trkpt>
			<trkpt lat="54.549766182899475" lon="25.310186624526978">
				<ele>214.02999877929688</ele>
				<time>2025-03-02T10:36:20Z</time>
			</trkpt>
			<trkpt lat="54.54981887340546" lon="25.310201406478882">
				<ele>213.5500030517578</ele>
				<time>2025-03-02T10:36:21Z</time>
			</trkpt>
			<trkpt lat="54.54987704753876" lon="25.310187816619873">
				<ele>213.5500030517578</ele>
				<time>2025-03-02T10:36:22Z</time>
			</trkpt>
			<trkpt lat="54.54994595050812" lon="25.310166358947754">
				<ele>213.5500030517578</ele>
				<time>2025-03-02T10:36:23Z</time>
			</trkpt>
			<trkpt lat="54.55002760887146" lon="25.310146808624268">
				<ele>213.5500030517578</ele>
				<time>2025-03-02T10:36:24Z</time>
			</trkpt>
			<trkpt lat="54.550191164016724" lon="25.310102939605713">
				<ele>213.5500030517578</ele>
				<time>2025-03-02T10:36:26Z</time>
			</trkpt>
			<trkpt lat="54.550272941589355" lon="25.31006383895874">
				<ele>213.5500030517578</ele>
				<time>2025-03-02T10:36:27Z</time>
			</trkpt>
			<trkpt lat="54.55073916912079" lon="25.309808135032654">
				<ele>213.5500030517578</ele>
				<time>2025-03-02T10:36:32Z</time>
			</trkpt>
			<trkpt lat="54.55084156990051" lon="25.3097060918808">
				<ele>213.5500030517578</ele>
				<time>2025-03-02T10:36:33Z</time>
			</trkpt>
			<trkpt lat="54.5509397983551" lon="25.30959439277649">
				<ele>213.5500030517578</ele>
				<time>2025-03-02T10:36:34Z</time>
			</trkpt>
			<trkpt lat="54.55134165287018" lon="25.309101939201355">
				<ele>212.58999633789062</ele>
				<time>2025-03-02T10:36:38Z</time>
			</trkpt>
			<trkpt lat="54.55152094364166" lon="25.308788418769836">
				<ele>212.58999633789062</ele>
				<time>2025-03-02T10:36:41Z</time>
			</trkpt>
			<trkpt lat="54.55155432224274" lon="25.308687210083008">
				<ele>212.11000061035156</ele>
				<time>2025-03-02T10:36:42Z</time>
			</trkpt>
			<trkpt lat="54.5515775680542" lon="25.308555603027344">
				<ele>212.11000061035156</ele>
				<time>2025-03-02T10:36:43Z</time>
			</trkpt>
			<trkpt lat="54.55157697200775" lon="25.308383226394653">
				<ele>212.11000061035156</ele>
				<time>2025-03-02T10:36:44Z</time>
			</trkpt>
			<trkpt lat="54.55156457424164" lon="25.308196544647217">
				<ele>212.11000061035156</ele>
				<time>2025-03-02T10:36:45Z</time>
			</trkpt>
			<trkpt lat="54.551512002944946" lon="25.30782127380371">
				<ele>212.11000061035156</ele>
				<time>2025-03-02T10:36:47Z</time>
			</trkpt>
			<trkpt lat="54.55146396160126" lon="25.30764365196228">
				<ele>212.11000061035156</ele>
				<time>2025-03-02T10:36:48Z</time>
			</trkpt>
			<trkpt lat="54.55133008956909" lon="25.307168006896973">
				<ele>211.6300048828125</ele>
				<time>2025-03-02T10:36:51Z</time>
			</trkpt>
			<trkpt lat="54.551315903663635" lon="25.307029604911804">
				<ele>211.6300048828125</ele>
				<time>2025-03-02T10:36:52Z</time>
			</trkpt>
			<trkpt lat="54.551316261291504" lon="25.306898951530457">
				<ele>211.14999389648438</ele>
				<time>2025-03-02T10:36:53Z</time>
			</trkpt>
			<trkpt lat="54.55133235454559" lon="25.306772828102112">
				<ele>211.14999389648438</ele>
				<time>2025-03-02T10:36:54Z</time>
			</trkpt>
			<trkpt lat="54.5513573884964" lon="25.30665373802185">
				<ele>211.14999389648438</ele>
				<time>2025-03-02T10:36:55Z</time>
			</trkpt>
			<trkpt lat="54.551387667655945" lon="25.306543111801147">
				<ele>211.14999389648438</ele>
				<time>2025-03-02T10:36:56Z</time>
			</trkpt>
			<trkpt lat="54.55142033100128" lon="25.306439518928528">
				<ele>210.6699981689453</ele>
				<time>2025-03-02T10:36:57Z</time>
			</trkpt>
			<trkpt lat="54.551509976387024" lon="25.306215405464172">
				<ele>210.6699981689453</ele>
				<time>2025-03-02T10:37:00Z</time>
			</trkpt>
			<trkpt lat="54.55155313014984" lon="25.306143879890442">
				<ele>210.19000244140625</ele>
				<time>2025-03-02T10:37:01Z</time>
			</trkpt>
			<trkpt lat="54.551608085632324" lon="25.306071043014526">
				<ele>210.19000244140625</ele>
				<time>2025-03-02T10:37:02Z</time>
			</trkpt>
			<trkpt lat="54.551711082458496" lon="25.30592668056488">
				<ele>210.19000244140625</ele>
				<time>2025-03-02T10:37:04Z</time>
			</trkpt>
			<trkpt lat="54.55172049999237" lon="25.30583155155182">
				<ele>209.6999969482422</ele>
				<time>2025-03-02T10:37:05Z</time>
			</trkpt>
			<trkpt lat="54.551711082458496" lon="25.30572760105133">
				<ele>209.6999969482422</ele>
				<time>2025-03-02T10:37:06Z</time>
			</trkpt>
			<trkpt lat="54.55165731906891" lon="25.30561637878418">
				<ele>209.6999969482422</ele>
				<time>2025-03-02T10:37:07Z</time>
			</trkpt>
			<trkpt lat="54.551591873168945" lon="25.30551016330719">
				<ele>209.22000122070312</ele>
				<time>2025-03-02T10:37:08Z</time>
			</trkpt>
			<trkpt lat="54.55152118206024" lon="25.30541491508484">
				<ele>209.22000122070312</ele>
				<time>2025-03-02T10:37:09Z</time>
			</trkpt>
			<trkpt lat="54.551456332206726" lon="25.305325150489807">
				<ele>209.22000122070312</ele>
				<time>2025-03-02T10:37:10Z</time>
			</trkpt>
			<trkpt lat="54.55085325241089" lon="25.304613709449768">
				<ele>208.74000549316406</ele>
				<time>2025-03-02T10:37:19Z</time>
			</trkpt>
			<trkpt lat="54.550700068473816" lon="25.304275035858154">
				<ele>208.25999450683594</ele>
				<time>2025-03-02T10:37:22Z</time>
			</trkpt>
			<trkpt lat="54.5508793592453" lon="25.303842186927795">
				<ele>207.77999877929688</ele>
				<time>2025-03-02T10:37:28Z</time>
			</trkpt>
			<trkpt lat="54.551214814186096" lon="25.303680062294006">
				<ele>206.82000732421875</ele>
				<time>2025-03-02T10:37:35Z</time>
			</trkpt>
			<trkpt lat="54.55124509334564" lon="25.30362117290497">
				<ele>206.82000732421875</ele>
				<time>2025-03-02T10:37:36Z</time>
			</trkpt>
			<trkpt lat="54.551299810409546" lon="25.303556442260742">
				<ele>206.82000732421875</ele>
				<time>2025-03-02T10:37:37Z</time>
			</trkpt>
			<trkpt lat="54.551382064819336" lon="25.3034907579422">
				<ele>206.82000732421875</ele>
				<time>2025-03-02T10:37:38Z</time>
			</trkpt>
			<trkpt lat="54.551480293273926" lon="25.303418397903442">
				<ele>206.82000732421875</ele>
				<time>2025-03-02T10:37:39Z</time>
			</trkpt>
			<trkpt lat="54.552045941352844" lon="25.302866220474243">
				<ele>206.33999633789062</ele>
				<time>2025-03-02T10:37:45Z</time>
			</trkpt>
			<trkpt lat="54.552560210227966" lon="25.30179476737976">
				<ele>205.86000061035156</ele>
				<time>2025-03-02T10:37:53Z</time>
			</trkpt>
			<trkpt lat="54.55263614654541" lon="25.301608085632324">
				<ele>205.86000061035156</ele>
				<time>2025-03-02T10:37:55Z</time>
			</trkpt>
			<trkpt lat="54.552643179893494" lon="25.30150306224823">
				<ele>205.86000061035156</ele>
				<time>2025-03-02T10:37:56Z</time>
			</trkpt>
			<trkpt lat="54.55263864994049" lon="25.301369667053223">
				<ele>205.86000061035156</ele>
				<time>2025-03-02T10:37:57Z</time>
			</trkpt>
			<trkpt lat="54.552632451057434" lon="25.301238417625427">
				<ele>205.3800048828125</ele>
				<time>2025-03-02T10:37:58Z</time>
			</trkpt>
			<trkpt lat="54.55262339115143" lon="25.301099061965942">
				<ele>205.3800048828125</ele>
				<time>2025-03-02T10:37:59Z</time>
			</trkpt>
			<trkpt lat="54.552613973617554" lon="25.30080008506775">
				<ele>205.3800048828125</ele>
				<time>2025-03-02T10:38:01Z</time>
			</trkpt>
			<trkpt lat="54.5525883436203" lon="25.29973018169403">
				<ele>205.3800048828125</ele>
				<time>2025-03-02T10:38:07Z</time>
			</trkpt>
			<trkpt lat="54.55256128311157" lon="25.299551367759705">
				<ele>205.3800048828125</ele>
				<time>2025-03-02T10:38:08Z</time>
			</trkpt>
			<trkpt lat="54.55252492427826" lon="25.29938793182373">
				<ele>205.3800048828125</ele>
				<time>2025-03-02T10:38:09Z</time>
			</trkpt>
			<trkpt lat="54.552207231521606" lon="25.297829627990723">
				<ele>204.89999389648438</ele>
				<time>2025-03-02T10:38:16Z</time>
			</trkpt>
			<trkpt lat="54.55206859111786" lon="25.297245144844055">
				<ele>204.89999389648438</ele>
				<time>2025-03-02T10:38:18Z</time>
			</trkpt>
			<trkpt lat="54.55198073387146" lon="25.296974062919617">
				<ele>204.89999389648438</ele>
				<time>2025-03-02T10:38:19Z</time>
			</trkpt>
			<trkpt lat="54.551162123680115" lon="25.294915556907654">
				<ele>205.3800048828125</ele>
				<time>2025-03-02T10:38:26Z</time>
			</trkpt>
			<trkpt lat="54.55006504058838" lon="25.292178750038147">
				<ele>204.89999389648438</ele>
				<time>2025-03-02T10:38:35Z</time>
			</trkpt>
			<trkpt lat="54.549357652664185" lon="25.290379762649536">
				<ele>204.89999389648438</ele>
				<time>2025-03-02T10:38:42Z</time>
			</trkpt>
			<trkpt lat="54.5486706495285" lon="25.288390040397644">
				<ele>204.4199981689453</ele>
				<time>2025-03-02T10:38:51Z</time>
			</trkpt>
			<trkpt lat="54.54853796958923" lon="25.288029551506042">
				<ele>203.94000244140625</ele>
				<time>2025-03-02T10:38:55Z</time>
			</trkpt>
			<trkpt lat="54.54853367805481" lon="25.287927746772766">
				<ele>203.94000244140625</ele>
				<time>2025-03-02T10:38:56Z</time>
			</trkpt>
			<trkpt lat="54.54855298995972" lon="25.287808060646057">
				<ele>203.94000244140625</ele>
				<time>2025-03-02T10:38:57Z</time>
			</trkpt>
			<trkpt lat="54.54859280586243" lon="25.2876615524292">
				<ele>203.94000244140625</ele>
				<time>2025-03-02T10:38:58Z</time>
			</trkpt>
			<trkpt lat="54.548643469810486" lon="25.287492990493774">
				<ele>203.94000244140625</ele>
				<time>2025-03-02T10:38:59Z</time>
			</trkpt>
			<trkpt lat="54.549145102500916" lon="25.28575372695923">
				<ele>203.4600067138672</ele>
				<time>2025-03-02T10:39:08Z</time>
			</trkpt>
			<trkpt lat="54.54935967922211" lon="25.28393542766571">
				<ele>202.97999572753906</ele>
				<time>2025-03-02T10:39:16Z</time>
			</trkpt>
			<trkpt lat="54.54939031600952" lon="25.28367292881012">
				<ele>202.97999572753906</ele>
				<time>2025-03-02T10:39:17Z</time>
			</trkpt>
			<trkpt lat="54.549434661865234" lon="25.28343176841736">
				<ele>202.97999572753906</ele>
				<time>2025-03-02T10:39:18Z</time>
			</trkpt>
			<trkpt lat="54.54948699474335" lon="25.283204674720764">
				<ele>202.49000549316406</ele>
				<time>2025-03-02T10:39:19Z</time>
			</trkpt>
			<trkpt lat="54.55015778541565" lon="25.281049251556396">
				<ele>202.97999572753906</ele>
				<time>2025-03-02T10:39:28Z</time>
			</trkpt>
			<trkpt lat="54.55025923252106" lon="25.280840158462524">
				<ele>202.97999572753906</ele>
				<time>2025-03-02T10:39:29Z</time>
			</trkpt>
			<trkpt lat="54.550373792648315" lon="25.28063666820526">
				<ele>202.97999572753906</ele>
				<time>2025-03-02T10:39:30Z</time>
			</trkpt>
			<trkpt lat="54.55050563812256" lon="25.28044319152832">
				<ele>202.97999572753906</ele>
				<time>2025-03-02T10:39:31Z</time>
			</trkpt>
			<trkpt lat="54.55065190792084" lon="25.280269622802734">
				<ele>202.97999572753906</ele>
				<time>2025-03-02T10:39:32Z</time>
			</trkpt>
			<trkpt lat="54.550808906555176" lon="25.28012526035309">
				<ele>202.97999572753906</ele>
				<time>2025-03-02T10:39:33Z</time>
			</trkpt>
			<trkpt lat="54.5509717464447" lon="25.28001642227173">
				<ele>202.97999572753906</ele>
				<time>2025-03-02T10:39:34Z</time>
			</trkpt>
			<trkpt lat="54.551135778427124" lon="25.27992558479309">
				<ele>202.97999572753906</ele>
				<time>2025-03-02T10:39:35Z</time>
			</trkpt>
			<trkpt lat="54.551443457603455" lon="25.279812932014465">
				<ele>202.97999572753906</ele>
				<time>2025-03-02T10:39:37Z</time>
			</trkpt>
			<trkpt lat="54.55156660079956" lon="25.279801607131958">
				<ele>202.97999572753906</ele>
				<time>2025-03-02T10:39:38Z</time>
			</trkpt>
			<trkpt lat="54.55271577835083" lon="25.279723525047302">
				<ele>202.97999572753906</ele>
				<time>2025-03-02T10:39:49Z</time>
			</trkpt>
			<trkpt lat="54.55275750160217" lon="25.279648780822754">
				<ele>202.49000549316406</ele>
				<time>2025-03-02T10:39:50Z</time>
			</trkpt>
			<trkpt lat="54.55277645587921" lon="25.279518246650696">
				<ele>202.49000549316406</ele>
				<time>2025-03-02T10:39:51Z</time>
			</trkpt>
			<trkpt lat="54.5527868270874" lon="25.279367327690125">
				<ele>202.49000549316406</ele>
				<time>2025-03-02T10:39:52Z</time>
			</trkpt>
			<trkpt lat="54.55279302597046" lon="25.279235124588013">
				<ele>202.49000549316406</ele>
				<time>2025-03-02T10:39:53Z</time>
			</trkpt>
			<trkpt lat="54.552810072898865" lon="25.278034567832947">
				<ele>202.97999572753906</ele>
				<time>2025-03-02T10:40:00Z</time>
			</trkpt>
			<trkpt lat="54.552809834480286" lon="25.27784013748169">
				<ele>202.97999572753906</ele>
				<time>2025-03-02T10:40:01Z</time>
			</trkpt>
			<trkpt lat="54.55281686782837" lon="25.276659965515137">
				<ele>202.97999572753906</ele>
				<time>2025-03-02T10:40:07Z</time>
			</trkpt>
			<trkpt lat="54.55282640457153" lon="25.276509165763855">
				<ele>202.97999572753906</ele>
				<time>2025-03-02T10:40:08Z</time>
			</trkpt>
			<trkpt lat="54.552817702293396" lon="25.27635133266449">
				<ele>202.97999572753906</ele>
				<time>2025-03-02T10:40:09Z</time>
			</trkpt>
			<trkpt lat="54.55278241634369" lon="25.276018619537354">
				<ele>202.49000549316406</ele>
				<time>2025-03-02T10:40:11Z</time>
			</trkpt>
			<trkpt lat="54.552756667137146" lon="25.27571129798889">
				<ele>202.49000549316406</ele>
				<time>2025-03-02T10:40:13Z</time>
			</trkpt>
			<trkpt lat="54.55272364616394" lon="25.27557408809662">
				<ele>202.49000549316406</ele>
				<time>2025-03-02T10:40:14Z</time>
			</trkpt>
			<trkpt lat="54.55263531208038" lon="25.27528703212738">
				<ele>202.49000549316406</ele>
				<time>2025-03-02T10:40:16Z</time>
			</trkpt>
			<trkpt lat="54.55260896682739" lon="25.275121688842773">
				<ele>202.49000549316406</ele>
				<time>2025-03-02T10:40:17Z</time>
			</trkpt>
			<trkpt lat="54.55260169506073" lon="25.274942994117737">
				<ele>202.49000549316406</ele>
				<time>2025-03-02T10:40:18Z</time>
			</trkpt>
			<trkpt lat="54.55264401435852" lon="25.273900866508484">
				<ele>202.49000549316406</ele>
				<time>2025-03-02T10:40:24Z</time>
			</trkpt>
			<trkpt lat="54.55269682407379" lon="25.27245569229126">
				<ele>202.00999450683594</ele>
				<time>2025-03-02T10:40:32Z</time>
			</trkpt>
			<trkpt lat="54.55282425880432" lon="25.27024209499359">
				<ele>201.52999877929688</ele>
				<time>2025-03-02T10:40:41Z</time>
			</trkpt>
			<trkpt lat="54.552863359451294" lon="25.26851534843445">
				<ele>201.0500030517578</ele>
				<time>2025-03-02T10:40:47Z</time>
			</trkpt>
			<trkpt lat="54.552929759025574" lon="25.2666974067688">
				<ele>201.0500030517578</ele>
				<time>2025-03-02T10:40:55Z</time>
			</trkpt>
			<trkpt lat="54.55292761325836" lon="25.26603603363037">
				<ele>201.0500030517578</ele>
				<time>2025-03-02T10:40:59Z</time>
			</trkpt>
			<trkpt lat="54.55292046070099" lon="25.265024185180664">
				<ele>200.57000732421875</ele>
				<time>2025-03-02T10:41:07Z</time>
			</trkpt>
			<trkpt lat="54.5530549287796" lon="25.264243960380554">
				<ele>200.57000732421875</ele>
				<time>2025-03-02T10:41:14Z</time>
			</trkpt>
			<trkpt lat="54.55292010307312" lon="25.26432728767395">
				<ele>200.57000732421875</ele>
				<time>2025-03-02T10:41:21Z</time>
			</trkpt>
			<trkpt lat="54.55286145210266" lon="25.26424515247345">
				<ele>200.57000732421875</ele>
				<time>2025-03-02T10:41:26Z</time>
			</trkpt>
			<trkpt lat="54.55285704135895" lon="25.264168977737427">
				<ele>200.57000732421875</ele>
				<time>2025-03-02T10:41:32Z</time>
			</trkpt>
			<trkpt lat="54.552818298339844" lon="25.26407039165497">
				<ele>200.57000732421875</ele>
				<time>2025-03-02T10:41:39Z</time>
			</trkpt>
			<trkpt lat="54.55279064178467" lon="25.26374900341034">
				<ele>200.08999633789062</ele>
				<time>2025-03-02T10:41:45Z</time>
			</trkpt>
			<trkpt lat="54.55278766155243" lon="25.26336646080017">
				<ele>200.08999633789062</ele>
				<time>2025-03-02T10:41:54Z</time>
			</trkpt>
			<trkpt lat="54.55278778076172" lon="25.263368725776672">
				<ele>200.08999633789062</ele>
				<time>2025-03-02T10:41:56Z</time>
			</trkpt>
			<trkpt lat="54.552818059921265" lon="25.263187050819397">
				<ele>199.61000061035156</ele>
				<time>2025-03-02T10:42:09Z</time>
			</trkpt>
			<trkpt lat="54.55292582511902" lon="25.262758255004883">
				<ele>199.1300048828125</ele>
				<time>2025-03-02T10:42:20Z</time>
			</trkpt>
			<trkpt lat="54.55292820930481" lon="25.262751936912537">
				<ele>199.1300048828125</ele>
				<time>2025-03-02T10:42:24Z</time>
			</trkpt>
			<trkpt lat="54.55295014381409" lon="25.262655377388">
				<ele>194.32000732421875</ele>
				<time>2025-03-02T10:43:04Z</time>
			</trkpt>
			<trkpt lat="54.55300557613373" lon="25.262287735939026">
				<ele>193.36000061035156</ele>
				<time>2025-03-02T10:43:13Z</time>
			</trkpt>
			<trkpt lat="54.55320477485657" lon="25.261525511741638">
				<ele>191.9199981689453</ele>
				<time>2025-03-02T10:43:24Z</time>
			</trkpt>
			<trkpt lat="54.55321991443634" lon="25.26145100593567">
				<ele>191.9199981689453</ele>
				<time>2025-03-02T10:43:25Z</time>
			</trkpt>
			<trkpt lat="54.5532660484314" lon="25.260302662849426">
				<ele>190.9600067138672</ele>
				<time>2025-03-02T10:43:35Z</time>
			</trkpt>
			<trkpt lat="54.55328190326691" lon="25.260083079338074">
				<ele>190.9600067138672</ele>
				<time>2025-03-02T10:43:38Z</time>
			</trkpt>
			<trkpt lat="54.553255558013916" lon="25.259959936141968">
				<ele>190.9600067138672</ele>
				<time>2025-03-02T10:43:40Z</time>
			</trkpt>
			<trkpt lat="54.553208231925964" lon="25.259896755218506">
				<ele>190.9600067138672</ele>
				<time>2025-03-02T10:43:41Z</time>
			</trkpt>
			<trkpt lat="54.553133487701416" lon="25.259833216667175">
				<ele>190.9600067138672</ele>
				<time>2025-03-02T10:43:42Z</time>
			</trkpt>
			<trkpt lat="54.55302894115448" lon="25.259786128997803">
				<ele>190.9600067138672</ele>
				<time>2025-03-02T10:43:43Z</time>
			</trkpt>
			<trkpt lat="54.55289137363434" lon="25.259761452674866">
				<ele>190.9600067138672</ele>
				<time>2025-03-02T10:43:44Z</time>
			</trkpt>
			<trkpt lat="54.551706194877625" lon="25.259517788887024">
				<ele>190.9600067138672</ele>
				<time>2025-03-02T10:43:52Z</time>
			</trkpt>
			<trkpt lat="54.5507150888443" lon="25.25934100151062">
				<ele>191.44000244140625</ele>
				<time>2025-03-02T10:43:58Z</time>
			</trkpt>
			<trkpt lat="54.550360798835754" lon="25.259333968162537">
				<ele>190.9600067138672</ele>
				<time>2025-03-02T10:44:02Z</time>
			</trkpt>
			<trkpt lat="54.55030977725983" lon="25.2593115568161">
				<ele>190.9600067138672</ele>
				<time>2025-03-02T10:44:03Z</time>
			</trkpt>
			<trkpt lat="54.55027365684509" lon="25.259262681007385">
				<ele>190.9600067138672</ele>
				<time>2025-03-02T10:44:04Z</time>
			</trkpt>
			<trkpt lat="54.55025851726532" lon="25.25919222831726">
				<ele>190.9600067138672</ele>
				<time>2025-03-02T10:44:05Z</time>
			</trkpt>
			<trkpt lat="54.55025792121887" lon="25.259112000465393">
				<ele>190.9600067138672</ele>
				<time>2025-03-02T10:44:06Z</time>
			</trkpt>
			<trkpt lat="54.55026388168335" lon="25.25901460647583">
				<ele>190.9600067138672</ele>
				<time>2025-03-02T10:44:07Z</time>
			</trkpt>
			<trkpt lat="54.55027627944946" lon="25.25889253616333">
				<ele>190.9600067138672</ele>
				<time>2025-03-02T10:44:08Z</time>
			</trkpt>
			<trkpt lat="54.55029320716858" lon="25.258747100830078">
				<ele>190.9600067138672</ele>
				<time>2025-03-02T10:44:09Z</time>
			</trkpt>
			<trkpt lat="54.55040431022644" lon="25.257620692253113">
				<ele>190.0</ele>
				<time>2025-03-02T10:44:16Z</time>
			</trkpt>
			<trkpt lat="54.55051946640015" lon="25.256004214286804">
				<ele>190.0</ele>
				<time>2025-03-02T10:44:25Z</time>
			</trkpt>
			<trkpt lat="54.550580978393555" lon="25.255777955055237">
				<ele>190.0</ele>
				<time>2025-03-02T10:44:26Z</time>
			</trkpt>
			<trkpt lat="54.55067431926727" lon="25.25552248954773">
				<ele>190.0</ele>
				<time>2025-03-02T10:44:27Z</time>
			</trkpt>
			<trkpt lat="54.55103635787964" lon="25.254495859146118">
				<ele>189.52000427246094</ele>
				<time>2025-03-02T10:44:31Z</time>
			</trkpt>
			<trkpt lat="54.551082491874695" lon="25.254270553588867">
				<ele>189.52000427246094</ele>
				<time>2025-03-02T10:44:32Z</time>
			</trkpt>
			<trkpt lat="54.55110967159271" lon="25.25402009487152">
				<ele>189.52000427246094</ele>
				<time>2025-03-02T10:44:33Z</time>
			</trkpt>
			<trkpt lat="54.55112445354462" lon="25.253729462623596">
				<ele>189.52000427246094</ele>
				<time>2025-03-02T10:44:34Z</time>
			</trkpt>
			<trkpt lat="54.55113136768341" lon="25.253417253494263">
				<ele>189.52000427246094</ele>
				<time>2025-03-02T10:44:35Z</time>
			</trkpt>
			<trkpt lat="54.55119454860687" lon="25.25256848335266">
				<ele>189.0399932861328</ele>
				<time>2025-03-02T10:44:38Z</time>
			</trkpt>
			<trkpt lat="54.551342487335205" lon="25.251837134361267">
				<ele>189.0399932861328</ele>
				<time>2025-03-02T10:44:41Z</time>
			</trkpt>
			<trkpt lat="54.551409125328064" lon="25.251626133918762">
				<ele>189.0399932861328</ele>
				<time>2025-03-02T10:44:42Z</time>
			</trkpt>
			<trkpt lat="54.551557183265686" lon="25.251267075538635">
				<ele>189.0399932861328</ele>
				<time>2025-03-02T10:44:44Z</time>
			</trkpt>
			<trkpt lat="54.55164277553558" lon="25.251115560531616">
				<ele>188.55999755859375</ele>
				<time>2025-03-02T10:44:45Z</time>
			</trkpt>
			<trkpt lat="54.55205523967743" lon="25.25057625770569">
				<ele>188.55999755859375</ele>
				<time>2025-03-02T10:44:49Z</time>
			</trkpt>
			<trkpt lat="54.552170515060425" lon="25.250503420829773">
				<ele>188.55999755859375</ele>
				<time>2025-03-02T10:44:50Z</time>
			</trkpt>
			<trkpt lat="54.55228579044342" lon="25.250476598739624">
				<ele>188.55999755859375</ele>
				<time>2025-03-02T10:44:51Z</time>
			</trkpt>
			<trkpt lat="54.55239474773407" lon="25.250492215156555">
				<ele>188.0800018310547</ele>
				<time>2025-03-02T10:44:52Z</time>
			</trkpt>
			<trkpt lat="54.552486062049866" lon="25.250540018081665">
				<ele>188.0800018310547</ele>
				<time>2025-03-02T10:44:53Z</time>
			</trkpt>
			<trkpt lat="54.55255448818207" lon="25.250592589378357">
				<ele>188.0800018310547</ele>
				<time>2025-03-02T10:44:54Z</time>
			</trkpt>
			<trkpt lat="54.55260634422302" lon="25.25062584877014">
				<ele>188.0800018310547</ele>
				<time>2025-03-02T10:44:55Z</time>
			</trkpt>
			<trkpt lat="54.552648305892944" lon="25.2506320476532">
				<ele>188.0800018310547</ele>
				<time>2025-03-02T10:44:56Z</time>
			</trkpt>
			<trkpt lat="54.55268728733063" lon="25.250620484352112">
				<ele>188.0800018310547</ele>
				<time>2025-03-02T10:44:57Z</time>
			</trkpt>
			<trkpt lat="54.55272340774536" lon="25.25058126449585">
				<ele>188.0800018310547</ele>
				<time>2025-03-02T10:44:58Z</time>
			</trkpt>
			<trkpt lat="54.55275332927704" lon="25.250495672225952">
				<ele>188.0800018310547</ele>
				<time>2025-03-02T10:44:59Z</time>
			</trkpt>
			<trkpt lat="54.552778005599976" lon="25.250364899635315">
				<ele>188.0800018310547</ele>
				<time>2025-03-02T10:45:00Z</time>
			</trkpt>
			<trkpt lat="54.55279779434204" lon="25.250205159187317">
				<ele>188.0800018310547</ele>
				<time>2025-03-02T10:45:01Z</time>
			</trkpt>
			<trkpt lat="54.552812933921814" lon="25.25003981590271">
				<ele>188.0800018310547</ele>
				<time>2025-03-02T10:45:02Z</time>
			</trkpt>
			<trkpt lat="54.55285656452179" lon="25.2495174407959">
				<ele>188.0800018310547</ele>
				<time>2025-03-02T10:45:05Z</time>
			</trkpt>
			<trkpt lat="54.55311334133148" lon="25.247637033462524">
				<ele>188.0800018310547</ele>
				<time>2025-03-02T10:45:13Z</time>
			</trkpt>
			<trkpt lat="54.55340099334717" lon="25.245476245880127">
				<ele>188.55999755859375</ele>
				<time>2025-03-02T10:45:20Z</time>
			</trkpt>
			<trkpt lat="54.55369997024536" lon="25.243427634239197">
				<ele>188.55999755859375</ele>
				<time>2025-03-02T10:45:28Z</time>
			</trkpt>
			<trkpt lat="54.55392515659332" lon="25.241992235183716">
				<ele>188.55999755859375</ele>
				<time>2025-03-02T10:45:36Z</time>
			</trkpt>
			<trkpt lat="54.5539585351944" lon="25.24191427230835">
				<ele>188.55999755859375</ele>
				<time>2025-03-02T10:45:37Z</time>
			</trkpt>
			<trkpt lat="54.55400466918945" lon="25.241886734962463">
				<ele>188.55999755859375</ele>
				<time>2025-03-02T10:45:38Z</time>
			</trkpt>
			<trkpt lat="54.554067611694336" lon="25.241912007331848">
				<ele>188.0800018310547</ele>
				<time>2025-03-02T10:45:39Z</time>
			</trkpt>
			<trkpt lat="54.55413734912872" lon="25.24198627471924">
				<ele>188.0800018310547</ele>
				<time>2025-03-02T10:45:40Z</time>
			</trkpt>
			<trkpt lat="54.55420923233032" lon="25.242072105407715">
				<ele>188.0800018310547</ele>
				<time>2025-03-02T10:45:41Z</time>
			</trkpt>
			<trkpt lat="54.554290652275085" lon="25.24214267730713">
				<ele>188.0800018310547</ele>
				<time>2025-03-02T10:45:42Z</time>
			</trkpt>
			<trkpt lat="54.55438041687012" lon="25.242198586463928">
				<ele>188.0800018310547</ele>
				<time>2025-03-02T10:45:43Z</time>
			</trkpt>
			<trkpt lat="54.55447208881378" lon="25.24224615097046">
				<ele>188.0800018310547</ele>
				<time>2025-03-02T10:45:44Z</time>
			</trkpt>
			<trkpt lat="54.55550396442413" lon="25.242655873298645">
				<ele>188.55999755859375</ele>
				<time>2025-03-02T10:45:53Z</time>
			</trkpt>
			<trkpt lat="54.556552052497864" lon="25.243102073669434">
				<ele>188.55999755859375</ele>
				<time>2025-03-02T10:46:02Z</time>
			</trkpt>
			<trkpt lat="54.55743873119354" lon="25.243455290794373">
				<ele>188.0800018310547</ele>
				<time>2025-03-02T10:46:10Z</time>
			</trkpt>
			<trkpt lat="54.55840539932251" lon="25.24382245540619">
				<ele>188.0800018310547</ele>
				<time>2025-03-02T10:46:18Z</time>
			</trkpt>
			<trkpt lat="54.55914294719696" lon="25.24415683746338">
				<ele>187.58999633789062</ele>
				<time>2025-03-02T10:46:24Z</time>
			</trkpt>
			<trkpt lat="54.559234499931335" lon="25.244242668151855">
				<ele>187.58999633789062</ele>
				<time>2025-03-02T10:46:25Z</time>
			</trkpt>
			<trkpt lat="54.55930554866791" lon="25.24433970451355">
				<ele>187.58999633789062</ele>
				<time>2025-03-02T10:46:26Z</time>
			</trkpt>
			<trkpt lat="54.56003677845001" lon="25.245452284812927">
				<ele>187.58999633789062</ele>
				<time>2025-03-02T10:46:35Z</time>
			</trkpt>
			<trkpt lat="54.56064069271088" lon="25.246344685554504">
				<ele>187.11000061035156</ele>
				<time>2025-03-02T10:46:43Z</time>
			</trkpt>
			<trkpt lat="54.56080758571625" lon="25.246530294418335">
				<ele>187.11000061035156</ele>
				<time>2025-03-02T10:46:45Z</time>
			</trkpt>
			<trkpt lat="54.56091046333313" lon="25.24657714366913">
				<ele>187.11000061035156</ele>
				<time>2025-03-02T10:46:46Z</time>
			</trkpt>
			<trkpt lat="54.561022996902466" lon="25.246585369110107">
				<ele>187.11000061035156</ele>
				<time>2025-03-02T10:46:47Z</time>
			</trkpt>
			<trkpt lat="54.561135053634644" lon="25.2465580701828">
				<ele>187.11000061035156</ele>
				<time>2025-03-02T10:46:48Z</time>
			</trkpt>
			<trkpt lat="54.56123650074005" lon="25.246511936187744">
				<ele>187.11000061035156</ele>
				<time>2025-03-02T10:46:49Z</time>
			</trkpt>
			<trkpt lat="54.56132626533508" lon="25.246463418006897">
				<ele>187.11000061035156</ele>
				<time>2025-03-02T10:46:50Z</time>
			</trkpt>
			<trkpt lat="54.56196177005768" lon="25.246170163154602">
				<ele>186.14999389648438</ele>
				<time>2025-03-02T10:46:58Z</time>
			</trkpt>
			<trkpt lat="54.562020897865295" lon="25.246122002601624">
				<ele>186.14999389648438</ele>
				<time>2025-03-02T10:46:59Z</time>
			</trkpt>
			<trkpt lat="54.56208372116089" lon="25.246063709259033">
				<ele>186.14999389648438</ele>
				<time>2025-03-02T10:47:00Z</time>
			</trkpt>
			<trkpt lat="54.56215178966522" lon="25.246020317077637">
				<ele>186.14999389648438</ele>
				<time>2025-03-02T10:47:01Z</time>
			</trkpt>
			<trkpt lat="54.56221807003021" lon="25.2459899187088">
				<ele>186.14999389648438</ele>
				<time>2025-03-02T10:47:02Z</time>
			</trkpt>
			<trkpt lat="54.562374114990234" lon="25.245930790901184">
				<ele>186.14999389648438</ele>
				<time>2025-03-02T10:47:08Z</time>
			</trkpt>
			<trkpt lat="54.56257474422455" lon="25.245806574821472">
				<ele>186.6300048828125</ele>
				<time>2025-03-02T10:47:14Z</time>
			</trkpt>
			<trkpt lat="54.562615275382996" lon="25.245772004127502">
				<ele>186.6300048828125</ele>
				<time>2025-03-02T10:47:15Z</time>
			</trkpt>
			<trkpt lat="54.56265318393707" lon="25.24574875831604">
				<ele>186.6300048828125</ele>
				<time>2025-03-02T10:47:16Z</time>
			</trkpt>
			<trkpt lat="54.56267809867859" lon="25.24574053287506">
				<ele>186.6300048828125</ele>
				<time>2025-03-02T10:47:17Z</time>
			</trkpt>
			<trkpt lat="54.562692761421204" lon="25.245736479759216">
				<ele>186.6300048828125</ele>
				<time>2025-03-02T10:47:18Z</time>
			</trkpt>
			<trkpt lat="54.56270456314087" lon="25.245730876922607">
				<ele>186.6300048828125</ele>
				<time>2025-03-02T10:47:19Z</time>
			</trkpt>
			<trkpt lat="54.562711119651794" lon="25.245726108551025">
				<ele>186.6300048828125</ele>
				<time>2025-03-02T10:47:23Z</time>
			</trkpt>
			<trkpt lat="54.562774896621704" lon="25.245697021484375">
				<ele>185.19000244140625</ele>
				<time>2025-03-02T10:47:50Z</time>
			</trkpt>
			<trkpt lat="54.562859892845154" lon="25.245628476142883">
				<ele>184.22999572753906</ele>
				<time>2025-03-02T10:47:59Z</time>
			</trkpt>
			<trkpt lat="54.56286144256592" lon="25.245627522468567">
				<ele>184.22999572753906</ele>
				<time>2025-03-02T10:48:00Z</time>
			</trkpt>
			<trkpt lat="54.56312811374664" lon="25.245508551597595">
				<ele>183.75</ele>
				<time>2025-03-02T10:48:04Z</time>
			</trkpt>
			<trkpt lat="54.56364142894745" lon="25.245283603668213">
				<ele>183.27000427246094</ele>
				<time>2025-03-02T10:48:10Z</time>
			</trkpt>
			<trkpt lat="54.56428849697113" lon="25.2449392080307">
				<ele>182.7899932861328</ele>
				<time>2025-03-02T10:48:18Z</time>
			</trkpt>
			<trkpt lat="54.5647828578949" lon="25.24466574192047">
				<ele>182.7899932861328</ele>
				<time>2025-03-02T10:48:23Z</time>
			</trkpt>
			<trkpt lat="54.5655323266983" lon="25.24434804916382">
				<ele>182.30999755859375</ele>
				<time>2025-03-02T10:48:31Z</time>
			</trkpt>
			<trkpt lat="54.56557548046112" lon="25.24429440498352">
				<ele>182.30999755859375</ele>
				<time>2025-03-02T10:48:32Z</time>
			</trkpt>
			<trkpt lat="54.565598249435425" lon="25.244207739830017">
				<ele>182.30999755859375</ele>
				<time>2025-03-02T10:48:33Z</time>
			</trkpt>
			<trkpt lat="54.56560289859772" lon="25.24409556388855">
				<ele>181.8300018310547</ele>
				<time>2025-03-02T10:48:34Z</time>
			</trkpt>
			<trkpt lat="54.56558871269226" lon="25.24396240711212">
				<ele>181.8300018310547</ele>
				<time>2025-03-02T10:48:35Z</time>
			</trkpt>
			<trkpt lat="54.56555759906769" lon="25.243800401687622">
				<ele>181.8300018310547</ele>
				<time>2025-03-02T10:48:36Z</time>
			</trkpt>
			<trkpt lat="54.56533586978912" lon="25.242421984672546">
				<ele>182.30999755859375</ele>
				<time>2025-03-02T10:48:43Z</time>
			</trkpt>
			<trkpt lat="54.56527781486511" lon="25.242151498794556">
				<ele>182.30999755859375</ele>
				<time>2025-03-02T10:48:45Z</time>
			</trkpt>
			<trkpt lat="54.565258145332336" lon="25.24199950695038">
				<ele>182.30999755859375</ele>
				<time>2025-03-02T10:48:46Z</time>
			</trkpt>
			<trkpt lat="54.56523776054382" lon="25.24183762073517">
				<ele>181.8300018310547</ele>
				<time>2025-03-02T10:48:47Z</time>
			</trkpt>
			<trkpt lat="54.565210700035095" lon="25.24168574810028">
				<ele>181.8300018310547</ele>
				<time>2025-03-02T10:48:48Z</time>
			</trkpt>
			<trkpt lat="54.56518268585205" lon="25.24154543876648">
				<ele>181.8300018310547</ele>
				<time>2025-03-02T10:48:49Z</time>
			</trkpt>
			<trkpt lat="54.56502449512482" lon="25.240511655807495">
				<ele>181.8300018310547</ele>
				<time>2025-03-02T10:48:57Z</time>
			</trkpt>
			<trkpt lat="54.565000891685486" lon="25.240419149398804">
				<ele>181.8300018310547</ele>
				<time>2025-03-02T10:48:58Z</time>
			</trkpt>
			<trkpt lat="54.56497812271118" lon="25.240323066711426">
				<ele>181.8300018310547</ele>
				<time>2025-03-02T10:48:59Z</time>
			</trkpt>
			<trkpt lat="54.564764976501465" lon="25.239039182662964">
				<ele>181.8300018310547</ele>
				<time>2025-03-02T10:49:10Z</time>
			</trkpt>
			<trkpt lat="54.56448304653168" lon="25.23753309249878">
				<ele>181.8300018310547</ele>
				<time>2025-03-02T10:49:21Z</time>
			</trkpt>
			<trkpt lat="54.5642751455307" lon="25.235931992530823">
				<ele>181.8300018310547</ele>
				<time>2025-03-02T10:49:29Z</time>
			</trkpt>
			<trkpt lat="54.5642786026001" lon="25.235700964927673">
				<ele>181.8300018310547</ele>
				<time>2025-03-02T10:49:30Z</time>
			</trkpt>
			<trkpt lat="54.56429982185364" lon="25.235469460487366">
				<ele>181.8300018310547</ele>
				<time>2025-03-02T10:49:31Z</time>
			</trkpt>
			<trkpt lat="54.5645946264267" lon="25.233846426010132">
				<ele>182.30999755859375</ele>
				<time>2025-03-02T10:49:38Z</time>
			</trkpt>
			<trkpt lat="54.565019726753235" lon="25.232303261756897">
				<ele>182.7899932861328</ele>
				<time>2025-03-02T10:49:45Z</time>
			</trkpt>
			<trkpt lat="54.56520211696625" lon="25.23194992542267">
				<ele>182.7899932861328</ele>
				<time>2025-03-02T10:49:47Z</time>
			</trkpt>
			<trkpt lat="54.56530749797821" lon="25.23179018497467">
				<ele>182.7899932861328</ele>
				<time>2025-03-02T10:49:48Z</time>
			</trkpt>
			<trkpt lat="54.565534591674805" lon="25.231475353240967">
				<ele>182.30999755859375</ele>
				<time>2025-03-02T10:49:51Z</time>
			</trkpt>
			<trkpt lat="54.56555140018463" lon="25.231394410133362">
				<ele>182.30999755859375</ele>
				<time>2025-03-02T10:49:52Z</time>
			</trkpt>
			<trkpt lat="54.56553888320923" lon="25.23130750656128">
				<ele>182.30999755859375</ele>
				<time>2025-03-02T10:49:53Z</time>
			</trkpt>
			<trkpt lat="54.565497159957886" lon="25.231223583221436">
				<ele>182.30999755859375</ele>
				<time>2025-03-02T10:49:54Z</time>
			</trkpt>
			<trkpt lat="54.565415382385254" lon="25.231178641319275">
				<ele>182.30999755859375</ele>
				<time>2025-03-02T10:49:55Z</time>
			</trkpt>
			<trkpt lat="54.565295934677124" lon="25.231184720993042">
				<ele>182.30999755859375</ele>
				<time>2025-03-02T10:49:56Z</time>
			</trkpt>
			<trkpt lat="54.565160512924194" lon="25.23121476173401">
				<ele>182.30999755859375</ele>
				<time>2025-03-02T10:49:57Z</time>
			</trkpt>
			<trkpt lat="54.56501841545105" lon="25.23123526573181">
				<ele>182.30999755859375</ele>
				<time>2025-03-02T10:49:58Z</time>
			</trkpt>
			<trkpt lat="54.56487274169922" lon="25.23123610019684">
				<ele>182.30999755859375</ele>
				<time>2025-03-02T10:49:59Z</time>
			</trkpt>
			<trkpt lat="54.56352400779724" lon="25.231281280517578">
				<ele>182.7899932861328</ele>
				<time>2025-03-02T10:50:08Z</time>
			</trkpt>
			<trkpt lat="54.56220090389252" lon="25.231351137161255">
				<ele>182.30999755859375</ele>
				<time>2025-03-02T10:50:16Z</time>
			</trkpt>
			<trkpt lat="54.56195139884949" lon="25.23138165473938">
				<ele>182.30999755859375</ele>
				<time>2025-03-02T10:50:18Z</time>
			</trkpt>
			<trkpt lat="54.561060428619385" lon="25.23146665096283">
				<ele>181.8300018310547</ele>
				<time>2025-03-02T10:50:26Z</time>
			</trkpt>
			<trkpt lat="54.56001698970795" lon="25.231483817100525">
				<ele>181.35000610351562</ele>
				<time>2025-03-02T10:50:34Z</time>
			</trkpt>
			<trkpt lat="54.5588504076004" lon="25.23150908946991">
				<ele>180.8699951171875</ele>
				<time>2025-03-02T10:50:43Z</time>
			</trkpt>
			<trkpt lat="54.55838418006897" lon="25.23155379295349">
				<ele>180.3800048828125</ele>
				<time>2025-03-02T10:50:47Z</time>
			</trkpt>
			<trkpt lat="54.55832540988922" lon="25.231537103652954">
				<ele>180.3800048828125</ele>
				<time>2025-03-02T10:50:48Z</time>
			</trkpt>
			<trkpt lat="54.5582777261734" lon="25.231501579284668">
				<ele>180.3800048828125</ele>
				<time>2025-03-02T10:50:49Z</time>
			</trkpt>
			<trkpt lat="54.558244585990906" lon="25.23143458366394">
				<ele>180.3800048828125</ele>
				<time>2025-03-02T10:50:50Z</time>
			</trkpt>
			<trkpt lat="54.55823743343353" lon="25.231329679489136">
				<ele>180.3800048828125</ele>
				<time>2025-03-02T10:50:51Z</time>
			</trkpt>
			<trkpt lat="54.558265209198" lon="25.231201171875">
				<ele>179.89999389648438</ele>
				<time>2025-03-02T10:50:52Z</time>
			</trkpt>
			<trkpt lat="54.55831527709961" lon="25.231077551841736">
				<ele>179.89999389648438</ele>
				<time>2025-03-02T10:50:53Z</time>
			</trkpt>
			<trkpt lat="54.55836892127991" lon="25.230955719947815">
				<ele>179.89999389648438</ele>
				<time>2025-03-02T10:50:54Z</time>
			</trkpt>
			<trkpt lat="54.55842125415802" lon="25.230822682380676">
				<ele>179.89999389648438</ele>
				<time>2025-03-02T10:50:55Z</time>
			</trkpt>
			<trkpt lat="54.558900237083435" lon="25.22950792312622">
				<ele>179.89999389648438</ele>
				<time>2025-03-02T10:51:03Z</time>
			</trkpt>
			<trkpt lat="54.559147238731384" lon="25.228798508644104">
				<ele>179.4199981689453</ele>
				<time>2025-03-02T10:51:07Z</time>
			</trkpt>
			<trkpt lat="54.55929899215698" lon="25.228373527526855">
				<ele>179.4199981689453</ele>
				<time>2025-03-02T10:51:10Z</time>
			</trkpt>
			<trkpt lat="54.55965757369995" lon="25.227242588996887">
				<ele>179.4199981689453</ele>
				<time>2025-03-02T10:51:16Z</time>
			</trkpt>
			<trkpt lat="54.56003201007843" lon="25.226208090782166">
				<ele>178.94000244140625</ele>
				<time>2025-03-02T10:51:21Z</time>
			</trkpt>
			<trkpt lat="54.56010174751282" lon="25.225929498672485">
				<ele>178.94000244140625</ele>
				<time>2025-03-02T10:51:23Z</time>
			</trkpt>
			<trkpt lat="54.56009888648987" lon="25.22577130794525">
				<ele>178.94000244140625</ele>
				<time>2025-03-02T10:51:24Z</time>
			</trkpt>
			<trkpt lat="54.5600768327713" lon="25.225590229034424">
				<ele>178.94000244140625</ele>
				<time>2025-03-02T10:51:25Z</time>
			</trkpt>
			<trkpt lat="54.56005322933197" lon="25.22540318965912">
				<ele>178.94000244140625</ele>
				<time>2025-03-02T10:51:26Z</time>
			</trkpt>
			<trkpt lat="54.560047030448914" lon="25.225242972373962">
				<ele>178.4600067138672</ele>
				<time>2025-03-02T10:51:27Z</time>
			</trkpt>
			<trkpt lat="54.56007206439972" lon="25.22510051727295">
				<ele>178.4600067138672</ele>
				<time>2025-03-02T10:51:28Z</time>
			</trkpt>
			<trkpt lat="54.56012570858002" lon="25.22496008872986">
				<ele>178.4600067138672</ele>
				<time>2025-03-02T10:51:29Z</time>
			</trkpt>
			<trkpt lat="54.560182929039" lon="25.224847435951233">
				<ele>178.4600067138672</ele>
				<time>2025-03-02T10:51:30Z</time>
			</trkpt>
			<trkpt lat="54.56022036075592" lon="25.224777460098267">
				<ele>178.4600067138672</ele>
				<time>2025-03-02T10:51:31Z</time>
			</trkpt>
			<trkpt lat="54.56022894382477" lon="25.22472882270813">
				<ele>178.4600067138672</ele>
				<time>2025-03-02T10:51:32Z</time>
			</trkpt>
			<trkpt lat="54.560200691223145" lon="25.22468614578247">
				<ele>178.4600067138672</ele>
				<time>2025-03-02T10:51:33Z</time>
			</trkpt>
			<trkpt lat="54.56013369560242" lon="25.224650979042053">
				<ele>178.4600067138672</ele>
				<time>2025-03-02T10:51:34Z</time>
			</trkpt>
			<trkpt lat="54.56004440784454" lon="25.224606037139893">
				<ele>178.4600067138672</ele>
				<time>2025-03-02T10:51:35Z</time>
			</trkpt>
			<trkpt lat="54.5599422454834" lon="25.224534392356873">
				<ele>178.94000244140625</ele>
				<time>2025-03-02T10:51:36Z</time>
			</trkpt>
			<trkpt lat="54.559173583984375" lon="25.22394347190857">
				<ele>179.4199981689453</ele>
				<time>2025-03-02T10:51:41Z</time>
			</trkpt>
			<trkpt lat="54.55888652801514" lon="25.22373855113983">
				<ele>179.4199981689453</ele>
				<time>2025-03-02T10:51:43Z</time>
			</trkpt>
			<trkpt lat="54.55874967575073" lon="25.223686456680298">
				<ele>179.4199981689453</ele>
				<time>2025-03-02T10:51:44Z</time>
			</trkpt>
			<trkpt lat="54.55807149410248" lon="25.22358775138855">
				<ele>179.4199981689453</ele>
				<time>2025-03-02T10:51:50Z</time>
			</trkpt>
			<trkpt lat="54.55698800086975" lon="25.223557353019714">
				<ele>179.4199981689453</ele>
				<time>2025-03-02T10:51:57Z</time>
			</trkpt>
			<trkpt lat="54.55615413188934" lon="25.22376525402069">
				<ele>178.94000244140625</ele>
				<time>2025-03-02T10:52:04Z</time>
			</trkpt>
			<trkpt lat="54.55486309528351" lon="25.224101066589355">
				<ele>178.94000244140625</ele>
				<time>2025-03-02T10:52:14Z</time>
			</trkpt>
			<trkpt lat="54.554529786109924" lon="25.22413146495819">
				<ele>178.94000244140625</ele>
				<time>2025-03-02T10:52:17Z</time>
			</trkpt>
			<trkpt lat="54.55442655086517" lon="25.22409224510193">
				<ele>178.94000244140625</ele>
				<time>2025-03-02T10:52:18Z</time>
			</trkpt>
			<trkpt lat="54.55432415008545" lon="25.224032878875732">
				<ele>178.94000244140625</ele>
				<time>2025-03-02T10:52:19Z</time>
			</trkpt>
			<trkpt lat="54.55345976352692" lon="25.223480463027954">
				<ele>177.97999572753906</ele>
				<time>2025-03-02T10:52:28Z</time>
			</trkpt>
			<trkpt lat="54.55301594734192" lon="25.223167657852173">
				<ele>177.97999572753906</ele>
				<time>2025-03-02T10:52:34Z</time>
			</trkpt>
			<trkpt lat="54.552178740501404" lon="25.2225444316864">
				<ele>177.02000427246094</ele>
				<time>2025-03-02T10:52:42Z</time>
			</trkpt>
			<trkpt lat="54.55143165588379" lon="25.222015976905823">
				<ele>176.5399932861328</ele>
				<time>2025-03-02T10:52:49Z</time>
			</trkpt>
			<trkpt lat="54.551389932632446" lon="25.221946835517883">
				<ele>176.05999755859375</ele>
				<time>2025-03-02T10:52:50Z</time>
			</trkpt>
			<trkpt lat="54.551371455192566" lon="25.22187912464142">
				<ele>176.05999755859375</ele>
				<time>2025-03-02T10:52:51Z</time>
			</trkpt>
			<trkpt lat="54.55135774612427" lon="25.221822023391724">
				<ele>176.05999755859375</ele>
				<time>2025-03-02T10:52:52Z</time>
			</trkpt>
			<trkpt lat="54.551340222358704" lon="25.221760749816895">
				<ele>176.05999755859375</ele>
				<time>2025-03-02T10:52:53Z</time>
			</trkpt>
			<trkpt lat="54.55129420757294" lon="25.22161865234375">
				<ele>175.5800018310547</ele>
				<time>2025-03-02T10:53:01Z</time>
			</trkpt>
			<trkpt lat="54.55124843120575" lon="25.221373319625854">
				<ele>174.6199951171875</ele>
				<time>2025-03-02T10:53:06Z</time>
			</trkpt>
			<trkpt lat="54.55128991603851" lon="25.220930814743042">
				<ele>174.13999938964844</ele>
				<time>2025-03-02T10:53:12Z</time>
			</trkpt>
			<trkpt lat="54.55153679847717" lon="25.220455646514893">
				<ele>172.2100067138672</ele>
				<time>2025-03-02T10:53:22Z</time>
			</trkpt>
			<trkpt lat="54.55161142349243" lon="25.220117568969727">
				<ele>171.25</ele>
				<time>2025-03-02T10:53:26Z</time>
			</trkpt>
			<trkpt lat="54.5517657995224" lon="25.21935796737671">
				<ele>170.2899932861328</ele>
				<time>2025-03-02T10:53:33Z</time>
			</trkpt>
			<trkpt lat="54.55176889896393" lon="25.219117164611816">
				<ele>169.80999755859375</ele>
				<time>2025-03-02T10:53:36Z</time>
			</trkpt>
			<trkpt lat="54.5517715215683" lon="25.21867561340332">
				<ele>168.85000610351562</ele>
				<time>2025-03-02T10:53:41Z</time>
			</trkpt>
			<trkpt lat="54.55172407627106" lon="25.218288898468018">
				<ele>168.85000610351562</ele>
				<time>2025-03-02T10:53:46Z</time>
			</trkpt>
			<trkpt lat="54.55151379108429" lon="25.21811544895172">
				<ele>168.3699951171875</ele>
				<time>2025-03-02T10:53:53Z</time>
			</trkpt>
			<trkpt lat="54.5515056848526" lon="25.21801209449768">
				<ele>168.3699951171875</ele>
				<time>2025-03-02T10:53:57Z</time>
			</trkpt>
			<trkpt lat="54.551326394081116" lon="25.2180073261261">
				<ele>168.3699951171875</ele>
				<time>2025-03-02T10:54:03Z</time>
			</trkpt>
			<trkpt lat="54.55149245262146" lon="25.218130350112915">
				<ele>168.3699951171875</ele>
				<time>2025-03-02T10:54:08Z</time>
			</trkpt>
			<trkpt lat="54.55157697200775" lon="25.218072533607483">
				<ele>168.85000610351562</ele>
				<time>2025-03-02T10:54:15Z</time>
			</trkpt>
			<trkpt lat="54.551533699035645" lon="25.218063235282898">
				<ele>261.1400146484375</ele>
				<time>2025-03-02T11:04:56Z</time>
			</trkpt>
			<trkpt lat="54.55153024196625" lon="25.218066811561584">
				<ele>261.1400146484375</ele>
				<time>2025-03-02T11:04:57Z</time>
			</trkpt>
			<trkpt lat="54.551533222198486" lon="25.218056201934814">
				<ele>258.7300109863281</ele>
				<time>2025-03-02T11:05:05Z</time>
			</trkpt>
			<trkpt lat="54.55164015293121" lon="25.217945337295532">
				<ele>255.3699951171875</ele>
				<time>2025-03-02T11:05:13Z</time>
			</trkpt>
			<trkpt lat="54.551639437675476" lon="25.217944860458374">
				<ele>254.88999938964844</ele>
				<time>2025-03-02T11:05:14Z</time>
			</trkpt>
			<trkpt lat="54.551737785339355" lon="25.217955708503723">
				<ele>243.8300018310547</ele>
				<time>2025-03-02T11:05:53Z</time>
			</trkpt>
			<trkpt lat="54.55171871185303" lon="25.218088150024414">
				<ele>242.8699951171875</ele>
				<time>2025-03-02T11:05:56Z</time>
			</trkpt>
			<trkpt lat="54.551724433898926" lon="25.218491554260254">
				<ele>240.47000122070312</ele>
				<time>2025-03-02T11:06:08Z</time>
			</trkpt>
			<trkpt lat="54.55230641365051" lon="25.219606399536133">
				<ele>238.05999755859375</ele>
				<time>2025-03-02T11:06:19Z</time>
			</trkpt>
			<trkpt lat="54.552605390548706" lon="25.22010111808777">
				<ele>236.6199951171875</ele>
				<time>2025-03-02T11:06:27Z</time>
			</trkpt>
			<trkpt lat="54.553056836128235" lon="25.220407247543335">
				<ele>234.22000122070312</ele>
				<time>2025-03-02T11:06:37Z</time>
			</trkpt>
			<trkpt lat="54.55331575870514" lon="25.22053873538971">
				<ele>233.74000549316406</ele>
				<time>2025-03-02T11:06:40Z</time>
			</trkpt>
			<trkpt lat="54.55348980426788" lon="25.220642685890198">
				<ele>233.25999450683594</ele>
				<time>2025-03-02T11:06:42Z</time>
			</trkpt>
			<trkpt lat="54.553876519203186" lon="25.22076165676117">
				<ele>232.77999877929688</ele>
				<time>2025-03-02T11:06:46Z</time>
			</trkpt>
			<trkpt lat="54.55416440963745" lon="25.220773696899414">
				<ele>232.3000030517578</ele>
				<time>2025-03-02T11:06:49Z</time>
			</trkpt>
			<trkpt lat="54.554479002952576" lon="25.22042441368103">
				<ele>231.3300018310547</ele>
				<time>2025-03-02T11:06:54Z</time>
			</trkpt>
			<trkpt lat="54.554630160331726" lon="25.220067143440247">
				<ele>230.85000610351562</ele>
				<time>2025-03-02T11:06:57Z</time>
			</trkpt>
			<trkpt lat="54.55477488040924" lon="25.219498872756958">
				<ele>230.3699951171875</ele>
				<time>2025-03-02T11:07:01Z</time>
			</trkpt>
			<trkpt lat="54.55485725402832" lon="25.218692421913147">
				<ele>229.88999938964844</ele>
				<time>2025-03-02T11:07:09Z</time>
			</trkpt>
			<trkpt lat="54.5549898147583" lon="25.21772825717926">
				<ele>227.97000122070312</ele>
				<time>2025-03-02T11:07:24Z</time>
			</trkpt>
			<trkpt lat="54.55502688884735" lon="25.217522621154785">
				<ele>227.97000122070312</ele>
				<time>2025-03-02T11:07:33Z</time>
			</trkpt>
			<trkpt lat="54.55507695674896" lon="25.217230319976807">
				<ele>227.00999450683594</ele>
				<time>2025-03-02T11:07:37Z</time>
			</trkpt>
			<trkpt lat="54.555150866508484" lon="25.21652114391327">
				<ele>225.57000732421875</ele>
				<time>2025-03-02T11:07:51Z</time>
			</trkpt>
			<trkpt lat="54.55515015125275" lon="25.216522574424744">
				<ele>225.08999633789062</ele>
				<time>2025-03-02T11:07:53Z</time>
			</trkpt>
			<trkpt lat="54.55516171455383" lon="25.216233134269714">
				<ele>210.19000244140625</ele>
				<time>2025-03-02T11:09:06Z</time>
			</trkpt>
			<trkpt lat="54.55511140823364" lon="25.21572208404541">
				<ele>208.74000549316406</ele>
				<time>2025-03-02T11:09:10Z</time>
			</trkpt>
			<trkpt lat="54.5550297498703" lon="25.215405583381653">
				<ele>208.25999450683594</ele>
				<time>2025-03-02T11:09:13Z</time>
			</trkpt>
			<trkpt lat="54.55496072769165" lon="25.215308785438538">
				<ele>208.25999450683594</ele>
				<time>2025-03-02T11:09:14Z</time>
			</trkpt>
			<trkpt lat="54.55486738681793" lon="25.21521282196045">
				<ele>207.77999877929688</ele>
				<time>2025-03-02T11:09:15Z</time>
			</trkpt>
			<trkpt lat="54.554752707481384" lon="25.215128898620605">
				<ele>207.77999877929688</ele>
				<time>2025-03-02T11:09:16Z</time>
			</trkpt>
			<trkpt lat="54.55462110042572" lon="25.21506381034851">
				<ele>207.77999877929688</ele>
				<time>2025-03-02T11:09:17Z</time>
			</trkpt>
			<trkpt lat="54.554484367370605" lon="25.215016961097717">
				<ele>207.3000030517578</ele>
				<time>2025-03-02T11:09:18Z</time>
			</trkpt>
			<trkpt lat="54.55435001850128" lon="25.2149840593338">
				<ele>207.3000030517578</ele>
				<time>2025-03-02T11:09:19Z</time>
			</trkpt>
			<trkpt lat="54.554033160209656" lon="25.21488666534424">
				<ele>206.82000732421875</ele>
				<time>2025-03-02T11:09:22Z</time>
			</trkpt>
			<trkpt lat="54.553964018821716" lon="25.21481466293335">
				<ele>206.82000732421875</ele>
				<time>2025-03-02T11:09:23Z</time>
			</trkpt>
			<trkpt lat="54.55391263961792" lon="25.21470558643341">
				<ele>206.82000732421875</ele>
				<time>2025-03-02T11:09:24Z</time>
			</trkpt>
			<trkpt lat="54.55387532711029" lon="25.214561939239502">
				<ele>206.33999633789062</ele>
				<time>2025-03-02T11:09:25Z</time>
			</trkpt>
			<trkpt lat="54.55317842960358" lon="25.21243953704834">
				<ele>205.3800048828125</ele>
				<time>2025-03-02T11:09:35Z</time>
			</trkpt>
			<trkpt lat="54.55301535129547" lon="25.212071418762207">
				<ele>205.3800048828125</ele>
				<time>2025-03-02T11:09:37Z</time>
			</trkpt>
			<trkpt lat="54.55244958400726" lon="25.21133601665497">
				<ele>204.4199981689453</ele>
				<time>2025-03-02T11:09:43Z</time>
			</trkpt>
			<trkpt lat="54.55219006538391" lon="25.210883617401123">
				<ele>203.94000244140625</ele>
				<time>2025-03-02T11:09:47Z</time>
			</trkpt>
			<trkpt lat="54.55141735076904" lon="25.20962643623352">
				<ele>202.97999572753906</ele>
				<time>2025-03-02T11:09:56Z</time>
			</trkpt>
			<trkpt lat="54.55070436000824" lon="25.208446621894836">
				<ele>201.52999877929688</ele>
				<time>2025-03-02T11:10:04Z</time>
			</trkpt>
			<trkpt lat="54.55051350593567" lon="25.20818853378296">
				<ele>201.0500030517578</ele>
				<time>2025-03-02T11:10:06Z</time>
			</trkpt>
			<trkpt lat="54.549976229667664" lon="25.207258105278015">
				<ele>200.08999633789062</ele>
				<time>2025-03-02T11:10:13Z</time>
			</trkpt>
			<trkpt lat="54.54937529563904" lon="25.206746220588684">
				<ele>199.1300048828125</ele>
				<time>2025-03-02T11:10:20Z</time>
			</trkpt>
			<trkpt lat="54.54924166202545" lon="25.205968499183655">
				<ele>198.64999389648438</ele>
				<time>2025-03-02T11:10:25Z</time>
			</trkpt>
			<trkpt lat="54.54918622970581" lon="25.20580554008484">
				<ele>198.1699981689453</ele>
				<time>2025-03-02T11:10:26Z</time>
			</trkpt>
			<trkpt lat="54.54866707324982" lon="25.204432129859924">
				<ele>197.2100067138672</ele>
				<time>2025-03-02T11:10:34Z</time>
			</trkpt>
			<trkpt lat="54.548723578453064" lon="25.203736543655396">
				<ele>196.72999572753906</ele>
				<time>2025-03-02T11:10:39Z</time>
			</trkpt>
			<trkpt lat="54.54885292053223" lon="25.203459858894348">
				<ele>196.72999572753906</ele>
				<time>2025-03-02T11:10:41Z</time>
			</trkpt>
			<trkpt lat="54.54880654811859" lon="25.202714800834656">
				<ele>195.77000427246094</ele>
				<time>2025-03-02T11:10:47Z</time>
			</trkpt>
			<trkpt lat="54.54831123352051" lon="25.202462434768677">
				<ele>195.27999877929688</ele>
				<time>2025-03-02T11:10:52Z</time>
			</trkpt>
			<trkpt lat="54.548131704330444" lon="25.20215916633606">
				<ele>195.27999877929688</ele>
				<time>2025-03-02T11:10:54Z</time>
			</trkpt>
			<trkpt lat="54.54796767234802" lon="25.20179510116577">
				<ele>195.27999877929688</ele>
				<time>2025-03-02T11:10:56Z</time>
			</trkpt>
			<trkpt lat="54.54783630371094" lon="25.2014217376709">
				<ele>194.8000030517578</ele>
				<time>2025-03-02T11:10:58Z</time>
			</trkpt>
			<trkpt lat="54.54745805263519" lon="25.20085334777832">
				<ele>194.8000030517578</ele>
				<time>2025-03-02T11:11:02Z</time>
			</trkpt>
			<trkpt lat="54.547240018844604" lon="25.20065450668335">
				<ele>194.32000732421875</ele>
				<time>2025-03-02T11:11:04Z</time>
			</trkpt>
			<trkpt lat="54.54702007770538" lon="25.200518012046814">
				<ele>193.83999633789062</ele>
				<time>2025-03-02T11:11:06Z</time>
			</trkpt>
			<trkpt lat="54.546536445617676" lon="25.199750185012817">
				<ele>193.83999633789062</ele>
				<time>2025-03-02T11:11:12Z</time>
			</trkpt>
			<trkpt lat="54.54646360874176" lon="25.199602246284485">
				<ele>193.36000061035156</ele>
				<time>2025-03-02T11:11:13Z</time>
			</trkpt>
			<trkpt lat="54.54619038105011" lon="25.19894313812256">
				<ele>192.8800048828125</ele>
				<time>2025-03-02T11:11:18Z</time>
			</trkpt>
			<trkpt lat="54.545995116233826" lon="25.198839783668518">
				<ele>192.8800048828125</ele>
				<time>2025-03-02T11:11:25Z</time>
			</trkpt>
			<trkpt lat="54.54606258869171" lon="25.198935747146606">
				<ele>192.8800048828125</ele>
				<time>2025-03-02T11:11:28Z</time>
			</trkpt>
			<trkpt lat="54.54622399806976" lon="25.199487924575806">
				<ele>191.9199981689453</ele>
				<time>2025-03-02T11:11:33Z</time>
			</trkpt>
			<trkpt lat="54.54627740383148" lon="25.19974148273468">
				<ele>191.9199981689453</ele>
				<time>2025-03-02T11:11:35Z</time>
			</trkpt>
			<trkpt lat="54.546358942985535" lon="25.19976317882538">
				<ele>190.9600067138672</ele>
				<time>2025-03-02T11:11:40Z</time>
			</trkpt>
			<trkpt lat="54.54632902145386" lon="25.199697613716125">
				<ele>190.47999572753906</ele>
				<time>2025-03-02T11:11:42Z</time>
			</trkpt>
			<trkpt lat="54.545947551727295" lon="25.199405908584595">
				<ele>190.0</ele>
				<time>2025-03-02T11:11:48Z</time>
			</trkpt>
			<trkpt lat="54.54595470428467" lon="25.199029088020325">
				<ele>190.0</ele>
				<time>2025-03-02T11:11:54Z</time>
			</trkpt>
			<trkpt lat="54.54604947566986" lon="25.19892156124115">
				<ele>189.52000427246094</ele>
				<time>2025-03-02T11:12:01Z</time>
			</trkpt>
			<trkpt lat="54.54606282711029" lon="25.198981404304504">
				<ele>189.52000427246094</ele>
				<time>2025-03-02T11:12:02Z</time>
			</trkpt>
			<trkpt lat="54.54625415802002" lon="25.199652552604675">
				<ele>188.55999755859375</ele>
				<time>2025-03-02T11:12:07Z</time>
			</trkpt>
			<trkpt lat="54.5464973449707" lon="25.19969356060028">
				<ele>187.58999633789062</ele>
				<time>2025-03-02T11:12:14Z</time>
			</trkpt>
			<trkpt lat="54.546509861946106" lon="25.198953866958618">
				<ele>186.6300048828125</ele>
				<time>2025-03-02T11:12:24Z</time>
			</trkpt>
			<trkpt lat="54.546079993247986" lon="25.198751091957092">
				<ele>186.6300048828125</ele>
				<time>2025-03-02T11:12:31Z</time>
			</trkpt>
			<trkpt lat="54.545892119407654" lon="25.19891333580017">
				<ele>186.6300048828125</ele>
				<time>2025-03-02T11:12:36Z</time>
			</trkpt>
			<trkpt lat="54.54589593410492" lon="25.19899833202362">
				<ele>186.14999389648438</ele>
				<time>2025-03-02T11:12:43Z</time>
			</trkpt>
			<trkpt lat="54.54596543312073" lon="25.198941349983215">
				<ele>183.75</ele>
				<time>2025-03-02T11:13:05Z</time>
			</trkpt>
			<trkpt lat="54.54605221748352" lon="25.198975801467896">
				<ele>182.7899932861328</ele>
				<time>2025-03-02T11:13:09Z</time>
			</trkpt>
			<trkpt lat="54.54611432552338" lon="25.19918644428253">
				<ele>182.7899932861328</ele>
				<time>2025-03-02T11:13:11Z</time>
			</trkpt>
			<trkpt lat="54.54629993438721" lon="25.199758052825928">
				<ele>180.8699951171875</ele>
				<time>2025-03-02T11:13:18Z</time>
			</trkpt>
			<trkpt lat="54.54635787010193" lon="25.19964623451233">
				<ele>178.4600067138672</ele>
				<time>2025-03-02T11:13:26Z</time>
			</trkpt>
			<trkpt lat="54.5463582277298" lon="25.19964563846588">
				<ele>177.5</ele>
				<time>2025-03-02T11:13:29Z</time>
			</trkpt>
			<trkpt lat="54.546364068984985" lon="25.199549078941345">
				<ele>177.02000427246094</ele>
				<time>2025-03-02T11:13:33Z</time>
			</trkpt>
			<trkpt lat="54.54638946056366" lon="25.19951820373535">
				<ele>177.02000427246094</ele>
				<time>2025-03-02T11:13:34Z</time>
			</trkpt>
			<trkpt lat="54.54662907123566" lon="25.199312448501587">
				<ele>175.10000610351562</ele>
				<time>2025-03-02T11:13:43Z</time>
			</trkpt>
			<trkpt lat="54.546708941459656" lon="25.19891595840454">
				<ele>173.66000366210938</ele>
				<time>2025-03-02T11:13:48Z</time>
			</trkpt>
			<trkpt lat="54.54674410820007" lon="25.198612689971924">
				<ele>172.69000244140625</ele>
				<time>2025-03-02T11:13:53Z</time>
			</trkpt>
			<trkpt lat="54.54666209220886" lon="25.19869601726532">
				<ele>171.72999572753906</ele>
				<time>2025-03-02T11:13:59Z</time>
			</trkpt>
			<trkpt lat="54.54642724990845" lon="25.198912858963013">
				<ele>170.77000427246094</ele>
				<time>2025-03-02T11:14:05Z</time>
			</trkpt>
			<trkpt lat="54.5461106300354" lon="25.198778748512268">
				<ele>170.77000427246094</ele>
				<time>2025-03-02T11:14:10Z</time>
			</trkpt>
			<trkpt lat="54.54601049423218" lon="25.198750257492065">
				<ele>170.2899932861328</ele>
				<time>2025-03-02T11:14:12Z</time>
			</trkpt>
			<trkpt lat="54.545864939689636" lon="25.198898553848267">
				<ele>170.2899932861328</ele>
				<time>2025-03-02T11:14:17Z</time>
			</trkpt>
			<trkpt lat="54.54586219787598" lon="25.19904375076294">
				<ele>169.80999755859375</ele>
				<time>2025-03-02T11:14:21Z</time>
			</trkpt>
			<trkpt lat="54.54588210582733" lon="25.199081659317017">
				<ele>168.85000610351562</ele>
				<time>2025-03-02T11:14:27Z</time>
			</trkpt>
			<trkpt lat="54.5459269285202" lon="25.199053168296814">
				<ele>165.9600067138672</ele>
				<time>2025-03-02T11:14:43Z</time>
			</trkpt>
			<trkpt lat="54.545931458473206" lon="25.199023365974426">
				<ele>165.9600067138672</ele>
				<time>2025-03-02T11:14:44Z</time>
			</trkpt>
			<trkpt lat="54.54594051837921" lon="25.19895315170288">
				<ele>165.9600067138672</ele>
				<time>2025-03-02T11:14:46Z</time>
			</trkpt>
			<trkpt lat="54.54606068134308" lon="25.198750019073486">
				<ele>164.52000427246094</ele>
				<time>2025-03-02T11:14:56Z</time>
			</trkpt>
			<trkpt lat="54.54611670970917" lon="25.198850631713867">
				<ele>164.0399932861328</ele>
				<time>2025-03-02T11:14:58Z</time>
			</trkpt>
			<trkpt lat="54.54659962654114" lon="25.199992060661316">
				<ele>162.60000610351562</ele>
				<time>2025-03-02T11:15:06Z</time>
			</trkpt>
			<trkpt lat="54.54666185379028" lon="25.200164437294006">
				<ele>162.1199951171875</ele>
				<time>2025-03-02T11:15:07Z</time>
			</trkpt>
			<trkpt lat="54.546939849853516" lon="25.200522899627686">
				<ele>161.16000366210938</ele>
				<time>2025-03-02T11:15:11Z</time>
			</trkpt>
			<trkpt lat="54.54763424396515" lon="25.20113706588745">
				<ele>160.1999969482422</ele>
				<time>2025-03-02T11:15:20Z</time>
			</trkpt>
			<trkpt lat="54.547911405563354" lon="25.201781392097473">
				<ele>158.75</ele>
				<time>2025-03-02T11:15:26Z</time>
			</trkpt>
			<trkpt lat="54.54819846153259" lon="25.202403783798218">
				<ele>158.27000427246094</ele>
				<time>2025-03-02T11:15:31Z</time>
			</trkpt>
			<trkpt lat="54.548678398132324" lon="25.202690720558167">
				<ele>157.7899932861328</ele>
				<time>2025-03-02T11:15:38Z</time>
			</trkpt>
			<trkpt lat="54.54890787601471" lon="25.20318913459778">
				<ele>157.30999755859375</ele>
				<time>2025-03-02T11:15:45Z</time>
			</trkpt>
			<trkpt lat="54.54885113239288" lon="25.203506469726562">
				<ele>157.30999755859375</ele>
				<time>2025-03-02T11:15:48Z</time>
			</trkpt>
			<trkpt lat="54.54866027832031" lon="25.203869223594666">
				<ele>157.30999755859375</ele>
				<time>2025-03-02T11:15:52Z</time>
			</trkpt>
			<trkpt lat="54.54819965362549" lon="25.204161167144775">
				<ele>157.30999755859375</ele>
				<time>2025-03-02T11:16:00Z</time>
			</trkpt>
			<trkpt lat="54.54848122596741" lon="25.204455971717834">
				<ele>157.30999755859375</ele>
				<time>2025-03-02T11:16:06Z</time>
			</trkpt>
			<trkpt lat="54.54880690574646" lon="25.204904556274414">
				<ele>157.30999755859375</ele>
				<time>2025-03-02T11:16:10Z</time>
			</trkpt>
			<trkpt lat="54.54924297332764" lon="25.206044912338257">
				<ele>156.8300018310547</ele>
				<time>2025-03-02T11:16:17Z</time>
			</trkpt>
			<trkpt lat="54.54928517341614" lon="25.206470370292664">
				<ele>156.8300018310547</ele>
				<time>2025-03-02T11:16:22Z</time>
			</trkpt>
			<trkpt lat="54.54934763908386" lon="25.206781148910522">
				<ele>156.8300018310547</ele>
				<time>2025-03-02T11:16:25Z</time>
			</trkpt>
			<trkpt lat="54.54942512512207" lon="25.20694899559021">
				<ele>156.8300018310547</ele>
				<time>2025-03-02T11:16:32Z</time>
			</trkpt>
			<trkpt lat="54.549424052238464" lon="25.20694100856781">
				<ele>156.8300018310547</ele>
				<time>2025-03-02T11:16:34Z</time>
			</trkpt>
			<trkpt lat="54.54930567741394" lon="25.20653533935547">
				<ele>156.35000610351562</ele>
				<time>2025-03-02T11:16:40Z</time>
			</trkpt>
			<trkpt lat="54.54928815364838" lon="25.206398367881775">
				<ele>155.8699951171875</ele>
				<time>2025-03-02T11:16:41Z</time>
			</trkpt>
			<trkpt lat="54.54901123046875" lon="25.205424427986145">
				<ele>155.38999938964844</ele>
				<time>2025-03-02T11:16:48Z</time>
			</trkpt>
			<trkpt lat="54.54869079589844" lon="25.20455813407898">
				<ele>155.38999938964844</ele>
				<time>2025-03-02T11:16:53Z</time>
			</trkpt>
			<trkpt lat="54.54873704910278" lon="25.20369577407837">
				<ele>156.35000610351562</ele>
				<time>2025-03-02T11:16:59Z</time>
			</trkpt>
			<trkpt lat="54.548904061317444" lon="25.202919602394104">
				<ele>156.35000610351562</ele>
				<time>2025-03-02T11:17:05Z</time>
			</trkpt>
			<trkpt lat="54.548643827438354" lon="25.202619910240173">
				<ele>156.8300018310547</ele>
				<time>2025-03-02T11:17:09Z</time>
			</trkpt>
			<trkpt lat="54.54802620410919" lon="25.201940059661865">
				<ele>157.30999755859375</ele>
				<time>2025-03-02T11:17:16Z</time>
			</trkpt>
			<trkpt lat="54.5479394197464" lon="25.201719641685486">
				<ele>157.30999755859375</ele>
				<time>2025-03-02T11:17:17Z</time>
			</trkpt>
			<trkpt lat="54.54742133617401" lon="25.200803399086">
				<ele>157.30999755859375</ele>
				<time>2025-03-02T11:17:23Z</time>
			</trkpt>
			<trkpt lat="54.54688775539398" lon="25.200423002243042">
				<ele>157.30999755859375</ele>
				<time>2025-03-02T11:17:28Z</time>
			</trkpt>
			<trkpt lat="54.546584486961365" lon="25.199858784675598">
				<ele>157.30999755859375</ele>
				<time>2025-03-02T11:17:32Z</time>
			</trkpt>
			<trkpt lat="54.5462007522583" lon="25.19947040081024">
				<ele>157.30999755859375</ele>
				<time>2025-03-02T11:17:37Z</time>
			</trkpt>
			<trkpt lat="54.54596018791199" lon="25.19937562942505">
				<ele>157.30999755859375</ele>
				<time>2025-03-02T11:17:40Z</time>
			</trkpt>
			<trkpt lat="54.54590833187103" lon="25.199081659317017">
				<ele>157.7899932861328</ele>
				<time>2025-03-02T11:17:45Z</time>
			</trkpt>
			<trkpt lat="54.545958042144775" lon="25.19900608062744">
				<ele>157.7899932861328</ele>
				<time>2025-03-02T11:17:52Z</time>
			</trkpt>
			<trkpt lat="54.54605174064636" lon="25.19916009902954">
				<ele>164.0399932861328</ele>
				<time>2025-03-02T11:49:32Z</time>
			</trkpt>
			<trkpt lat="54.54603850841522" lon="25.19913411140442">
				<ele>160.67999267578125</ele>
				<time>2025-03-02T11:49:45Z</time>
			</trkpt>
			<trkpt lat="54.54603564739227" lon="25.19913077354431">
				<ele>157.7899932861328</ele>
				<time>2025-03-02T11:49:58Z</time>
			</trkpt>
			<trkpt lat="54.546035289764404" lon="25.19910216331482">
				<ele>164.0399932861328</ele>
				<time>2025-03-02T11:51:48Z</time>
			</trkpt>
			<trkpt lat="54.54603397846222" lon="25.19910502433777">
				<ele>162.60000610351562</ele>
				<time>2025-03-02T11:51:53Z</time>
			</trkpt>
			<trkpt lat="54.5460638999939" lon="25.199023127555847">
				<ele>161.16000366210938</ele>
				<time>2025-03-02T11:52:00Z</time>
			</trkpt>
			<trkpt lat="54.546136140823364" lon="25.19889783859253">
				<ele>159.72000122070312</ele>
				<time>2025-03-02T11:52:07Z</time>
			</trkpt>
			<trkpt lat="54.546223402023315" lon="25.198920965194702">
				<ele>157.7899932861328</ele>
				<time>2025-03-02T11:52:14Z</time>
			</trkpt>
			<trkpt lat="54.54642057418823" lon="25.19940185546875">
				<ele>156.35000610351562</ele>
				<time>2025-03-02T11:52:22Z</time>
			</trkpt>
			<trkpt lat="54.546597957611084" lon="25.199793696403503">
				<ele>153.47000122070312</ele>
				<time>2025-03-02T11:52:29Z</time>
			</trkpt>
			<trkpt lat="54.546666264534" lon="25.200019478797913">
				<ele>152.50999450683594</ele>
				<time>2025-03-02T11:52:32Z</time>
			</trkpt>
			<trkpt lat="54.54695153236389" lon="25.200371623039246">
				<ele>151.05999755859375</ele>
				<time>2025-03-02T11:52:39Z</time>
			</trkpt>
			<trkpt lat="54.547133922576904" lon="25.200669169425964">
				<ele>150.10000610351562</ele>
				<time>2025-03-02T11:52:45Z</time>
			</trkpt>
			<trkpt lat="54.54756581783295" lon="25.201014280319214">
				<ele>148.17999267578125</ele>
				<time>2025-03-02T11:52:58Z</time>
			</trkpt>
			<trkpt lat="54.54766142368317" lon="25.201120853424072">
				<ele>147.6999969482422</ele>
				<time>2025-03-02T11:53:07Z</time>
			</trkpt>
			<trkpt lat="54.54770517349243" lon="25.201181888580322">
				<ele>147.22000122070312</ele>
				<time>2025-03-02T11:53:24Z</time>
			</trkpt>
			<trkpt lat="54.547982692718506" lon="25.201772570610046">
				<ele>147.22000122070312</ele>
				<time>2025-03-02T11:53:38Z</time>
			</trkpt>
			<trkpt lat="54.548295736312866" lon="25.20248019695282">
				<ele>147.22000122070312</ele>
				<time>2025-03-02T11:53:43Z</time>
			</trkpt>
			<trkpt lat="54.54881036281586" lon="25.202746152877808">
				<ele>146.25999450683594</ele>
				<time>2025-03-02T11:53:49Z</time>
			</trkpt>
			<trkpt lat="54.549612164497375" lon="25.202384114265442">
				<ele>146.25999450683594</ele>
				<time>2025-03-02T11:53:59Z</time>
			</trkpt>
			<trkpt lat="54.549973249435425" lon="25.20204794406891">
				<ele>146.25999450683594</ele>
				<time>2025-03-02T11:54:03Z</time>
			</trkpt>
			<trkpt lat="54.55025053024292" lon="25.201910376548767">
				<ele>146.25999450683594</ele>
				<time>2025-03-02T11:54:06Z</time>
			</trkpt>
			<trkpt lat="54.55045676231384" lon="25.2018985748291">
				<ele>146.25999450683594</ele>
				<time>2025-03-02T11:54:08Z</time>
			</trkpt>
			<trkpt lat="54.55056381225586" lon="25.20193874835968">
				<ele>145.77999877929688</ele>
				<time>2025-03-02T11:54:09Z</time>
			</trkpt>
			<trkpt lat="54.55167484283447" lon="25.202528476715088">
				<ele>145.77999877929688</ele>
				<time>2025-03-02T11:54:19Z</time>
			</trkpt>
			<trkpt lat="54.55227708816528" lon="25.20273780822754">
				<ele>145.3000030517578</ele>
				<time>2025-03-02T11:54:24Z</time>
			</trkpt>
			<trkpt lat="54.55238950252533" lon="25.202747583389282">
				<ele>145.3000030517578</ele>
				<time>2025-03-02T11:54:25Z</time>
			</trkpt>
			<trkpt lat="54.55282962322235" lon="25.20272207260132">
				<ele>144.82000732421875</ele>
				<time>2025-03-02T11:54:29Z</time>
			</trkpt>
			<trkpt lat="54.55293118953705" lon="25.2027245759964">
				<ele>144.82000732421875</ele>
				<time>2025-03-02T11:54:30Z</time>
			</trkpt>
			<trkpt lat="54.55303251743317" lon="25.202712178230286">
				<ele>144.82000732421875</ele>
				<time>2025-03-02T11:54:31Z</time>
			</trkpt>
			<trkpt lat="54.553653597831726" lon="25.20273184776306">
				<ele>145.77999877929688</ele>
				<time>2025-03-02T11:54:38Z</time>
			</trkpt>
			<trkpt lat="54.553738951683044" lon="25.202783584594727">
				<ele>146.25999450683594</ele>
				<time>2025-03-02T11:54:39Z</time>
			</trkpt>
			<trkpt lat="54.554067969322205" lon="25.203071236610413">
				<ele>147.22000122070312</ele>
				<time>2025-03-02T11:54:43Z</time>
			</trkpt>
			<trkpt lat="54.55411148071289" lon="25.203139066696167">
				<ele>147.22000122070312</ele>
				<time>2025-03-02T11:54:44Z</time>
			</trkpt>
			<trkpt lat="54.55414521694183" lon="25.203187942504883">
				<ele>147.22000122070312</ele>
				<time>2025-03-02T11:54:45Z</time>
			</trkpt>
			<trkpt lat="54.55421435832977" lon="25.20327341556549">
				<ele>147.6999969482422</ele>
				<time>2025-03-02T11:54:47Z</time>
			</trkpt>
			<trkpt lat="54.554250836372375" lon="25.203338623046875">
				<ele>147.6999969482422</ele>
				<time>2025-03-02T11:54:48Z</time>
			</trkpt>
			<trkpt lat="54.55428683757782" lon="25.20341920852661">
				<ele>147.6999969482422</ele>
				<time>2025-03-02T11:54:49Z</time>
			</trkpt>
			<trkpt lat="54.554325461387634" lon="25.20350480079651">
				<ele>148.17999267578125</ele>
				<time>2025-03-02T11:54:50Z</time>
			</trkpt>
			<trkpt lat="54.55437421798706" lon="25.20359480381012">
				<ele>148.17999267578125</ele>
				<time>2025-03-02T11:54:51Z</time>
			</trkpt>
			<trkpt lat="54.55443322658539" lon="25.203696727752686">
				<ele>148.17999267578125</ele>
				<time>2025-03-02T11:54:52Z</time>
			</trkpt>
			<trkpt lat="54.555150866508484" lon="25.20493483543396">
				<ele>148.66000366210938</ele>
				<time>2025-03-02T11:55:01Z</time>
			</trkpt>
			<trkpt lat="54.555604577064514" lon="25.2057865858078">
				<ele>148.66000366210938</ele>
				<time>2025-03-02T11:55:08Z</time>
			</trkpt>
			<trkpt lat="54.55568969249725" lon="25.205899596214294">
				<ele>148.66000366210938</ele>
				<time>2025-03-02T11:55:10Z</time>
			</trkpt>
			<trkpt lat="54.555731534957886" lon="25.20598006248474">
				<ele>148.66000366210938</ele>
				<time>2025-03-02T11:55:11Z</time>
			</trkpt>
			<trkpt lat="54.555771589279175" lon="25.20607829093933">
				<ele>148.66000366210938</ele>
				<time>2025-03-02T11:55:12Z</time>
			</trkpt>
			<trkpt lat="54.55596578121185" lon="25.206692337989807">
				<ele>149.13999938964844</ele>
				<time>2025-03-02T11:55:17Z</time>
			</trkpt>
			<trkpt lat="54.55602252483368" lon="25.206793427467346">
				<ele>149.13999938964844</ele>
				<time>2025-03-02T11:55:18Z</time>
			</trkpt>
			<trkpt lat="54.55609178543091" lon="25.206875205039978">
				<ele>149.13999938964844</ele>
				<time>2025-03-02T11:55:19Z</time>
			</trkpt>
			<trkpt lat="54.55617010593414" lon="25.206929206848145">
				<ele>149.13999938964844</ele>
				<time>2025-03-02T11:55:20Z</time>
			</trkpt>
			<trkpt lat="54.556252002716064" lon="25.206964254379272">
				<ele>148.66000366210938</ele>
				<time>2025-03-02T11:55:21Z</time>
			</trkpt>
			<trkpt lat="54.55684232711792" lon="25.207156777381897">
				<ele>148.17999267578125</ele>
				<time>2025-03-02T11:55:28Z</time>
			</trkpt>
			<trkpt lat="54.55712389945984" lon="25.20712387561798">
				<ele>148.17999267578125</ele>
				<time>2025-03-02T11:55:35Z</time>
			</trkpt>
			<trkpt lat="54.55715584754944" lon="25.206710696220398">
				<ele>148.66000366210938</ele>
				<time>2025-03-02T11:55:44Z</time>
			</trkpt>
			<trkpt lat="54.557153820991516" lon="25.206709027290344">
				<ele>148.66000366210938</ele>
				<time>2025-03-02T11:55:47Z</time>
			</trkpt>
			<trkpt lat="54.557201623916626" lon="25.206626415252686">
				<ele>149.13999938964844</ele>
				<time>2025-03-02T11:55:53Z</time>
			</trkpt>
			<trkpt lat="54.55725407600403" lon="25.206512212753296">
				<ele>149.13999938964844</ele>
				<time>2025-03-02T11:55:56Z</time>
			</trkpt>
			<trkpt lat="54.55731761455536" lon="25.206228494644165">
				<ele>149.13999938964844</ele>
				<time>2025-03-02T11:56:01Z</time>
			</trkpt>
			<trkpt lat="54.55734312534332" lon="25.206162571907043">
				<ele>149.13999938964844</ele>
				<time>2025-03-02T11:56:03Z</time>
			</trkpt>
			<trkpt lat="54.55731737613678" lon="25.206053018569946">
				<ele>149.13999938964844</ele>
				<time>2025-03-02T11:56:08Z</time>
			</trkpt>
			<trkpt lat="54.55729818344116" lon="25.20615828037262">
				<ele>149.13999938964844</ele>
				<time>2025-03-02T11:56:16Z</time>
			</trkpt>
			<trkpt lat="54.55723834037781" lon="25.206156611442566">
				<ele>149.13999938964844</ele>
				<time>2025-03-02T11:56:24Z</time>
			</trkpt>
			<trkpt lat="54.557334780693054" lon="25.206283926963806">
				<ele>148.66000366210938</ele>
				<time>2025-03-02T11:56:30Z</time>
			</trkpt>
			<trkpt lat="54.55724275112152" lon="25.206531167030334">
				<ele>149.13999938964844</ele>
				<time>2025-03-02T11:56:35Z</time>
			</trkpt>
			<trkpt lat="54.5571848154068" lon="25.206801295280457">
				<ele>149.13999938964844</ele>
				<time>2025-03-02T11:56:38Z</time>
			</trkpt>
			<trkpt lat="54.557111382484436" lon="25.207154870033264">
				<ele>148.66000366210938</ele>
				<time>2025-03-02T11:56:43Z</time>
			</trkpt>
			<trkpt lat="54.55729305744171" lon="25.20753836631775">
				<ele>148.17999267578125</ele>
				<time>2025-03-02T11:56:48Z</time>
			</trkpt>
			<trkpt lat="54.557543992996216" lon="25.20779287815094">
				<ele>147.6999969482422</ele>
				<time>2025-03-02T11:56:51Z</time>
			</trkpt>
			<trkpt lat="54.557849168777466" lon="25.20792841911316">
				<ele>147.22000122070312</ele>
				<time>2025-03-02T11:56:55Z</time>
			</trkpt>
			<trkpt lat="54.55799353122711" lon="25.20792257785797">
				<ele>147.22000122070312</ele>
				<time>2025-03-02T11:56:57Z</time>
			</trkpt>
			<trkpt lat="54.55885982513428" lon="25.20807385444641">
				<ele>145.77999877929688</ele>
				<time>2025-03-02T11:57:05Z</time>
			</trkpt>
			<trkpt lat="54.559492111206055" lon="25.208168148994446">
				<ele>144.82000732421875</ele>
				<time>2025-03-02T11:57:11Z</time>
			</trkpt>
			<trkpt lat="54.56009364128113" lon="25.20784342288971">
				<ele>143.3699951171875</ele>
				<time>2025-03-02T11:57:19Z</time>
			</trkpt>
			<trkpt lat="54.56084620952606" lon="25.207228183746338">
				<ele>142.88999938964844</ele>
				<time>2025-03-02T11:57:25Z</time>
			</trkpt>
			<trkpt lat="54.561031222343445" lon="25.20709979534149">
				<ele>142.88999938964844</ele>
				<time>2025-03-02T11:57:27Z</time>
			</trkpt>
			<trkpt lat="54.56140196323395" lon="25.207086205482483">
				<ele>142.41000366210938</ele>
				<time>2025-03-02T11:57:31Z</time>
			</trkpt>
			<trkpt lat="54.56169056892395" lon="25.207300543785095">
				<ele>141.92999267578125</ele>
				<time>2025-03-02T11:57:35Z</time>
			</trkpt>
			<trkpt lat="54.56189703941345" lon="25.207846879959106">
				<ele>141.4499969482422</ele>
				<time>2025-03-02T11:57:41Z</time>
			</trkpt>
			<trkpt lat="54.56183135509491" lon="25.208905935287476">
				<ele>141.92999267578125</ele>
				<time>2025-03-02T11:57:49Z</time>
			</trkpt>
			<trkpt lat="54.56183385848999" lon="25.208986282348633">
				<ele>141.92999267578125</ele>
				<time>2025-03-02T11:57:50Z</time>
			</trkpt>
			<trkpt lat="54.56184124946594" lon="25.20906937122345">
				<ele>141.92999267578125</ele>
				<time>2025-03-02T11:57:51Z</time>
			</trkpt>
			<trkpt lat="54.56185734272003" lon="25.209153056144714">
				<ele>141.92999267578125</ele>
				<time>2025-03-02T11:57:52Z</time>
			</trkpt>
			<trkpt lat="54.56187462806702" lon="25.209246397018433">
				<ele>141.92999267578125</ele>
				<time>2025-03-02T11:57:53Z</time>
			</trkpt>
			<trkpt lat="54.5618851184845" lon="25.20935845375061">
				<ele>141.92999267578125</ele>
				<time>2025-03-02T11:57:54Z</time>
			</trkpt>
			<trkpt lat="54.56188380718231" lon="25.2094863653183">
				<ele>141.92999267578125</ele>
				<time>2025-03-02T11:57:55Z</time>
			</trkpt>
			<trkpt lat="54.56187391281128" lon="25.209622621536255">
				<ele>141.92999267578125</ele>
				<time>2025-03-02T11:57:56Z</time>
			</trkpt>
			<trkpt lat="54.561853528022766" lon="25.209756731987">
				<ele>141.92999267578125</ele>
				<time>2025-03-02T11:57:57Z</time>
			</trkpt>
			<trkpt lat="54.56183159351349" lon="25.209890127182007">
				<ele>141.92999267578125</ele>
				<time>2025-03-02T11:57:58Z</time>
			</trkpt>
			<trkpt lat="54.561822295188904" lon="25.210030794143677">
				<ele>141.92999267578125</ele>
				<time>2025-03-02T11:57:59Z</time>
			</trkpt>
			<trkpt lat="54.56181991100311" lon="25.210168838500977">
				<ele>141.92999267578125</ele>
				<time>2025-03-02T11:58:00Z</time>
			</trkpt>
			<trkpt lat="54.56181788444519" lon="25.21028769016266">
				<ele>141.92999267578125</ele>
				<time>2025-03-02T11:58:01Z</time>
			</trkpt>
			<trkpt lat="54.56183469295502" lon="25.21051299571991">
				<ele>141.92999267578125</ele>
				<time>2025-03-02T11:58:04Z</time>
			</trkpt>
			<trkpt lat="54.56186389923096" lon="25.210554718971252">
				<ele>141.92999267578125</ele>
				<time>2025-03-02T11:58:05Z</time>
			</trkpt>
			<trkpt lat="54.56191158294678" lon="25.210599303245544">
				<ele>141.92999267578125</ele>
				<time>2025-03-02T11:58:06Z</time>
			</trkpt>
			<trkpt lat="54.56196963787079" lon="25.21065378189087">
				<ele>141.92999267578125</ele>
				<time>2025-03-02T11:58:07Z</time>
			</trkpt>
			<trkpt lat="54.56203293800354" lon="25.210723996162415">
				<ele>141.92999267578125</ele>
				<time>2025-03-02T11:58:08Z</time>
			</trkpt>
			<trkpt lat="54.562102913856506" lon="25.210803508758545">
				<ele>141.92999267578125</ele>
				<time>2025-03-02T11:58:09Z</time>
			</trkpt>
			<trkpt lat="54.562756419181824" lon="25.211576223373413">
				<ele>141.92999267578125</ele>
				<time>2025-03-02T11:58:17Z</time>
			</trkpt>
			<trkpt lat="54.56296348571777" lon="25.211780309677124">
				<ele>141.4499969482422</ele>
				<time>2025-03-02T11:58:20Z</time>
			</trkpt>
			<trkpt lat="54.56303513050079" lon="25.211828112602234">
				<ele>141.4499969482422</ele>
				<time>2025-03-02T11:58:21Z</time>
			</trkpt>
			<trkpt lat="54.563103914260864" lon="25.211873531341553">
				<ele>141.4499969482422</ele>
				<time>2025-03-02T11:58:22Z</time>
			</trkpt>
			<trkpt lat="54.56327044963837" lon="25.21207630634308">
				<ele>141.4499969482422</ele>
				<time>2025-03-02T11:58:27Z</time>
			</trkpt>
			<trkpt lat="54.5633145570755" lon="25.212114810943604">
				<ele>141.4499969482422</ele>
				<time>2025-03-02T11:58:28Z</time>
			</trkpt>
			<trkpt lat="54.56337010860443" lon="25.21213698387146">
				<ele>141.4499969482422</ele>
				<time>2025-03-02T11:58:29Z</time>
			</trkpt>
			<trkpt lat="54.56344020366669" lon="25.212133526802063">
				<ele>140.97000122070312</ele>
				<time>2025-03-02T11:58:30Z</time>
			</trkpt>
			<trkpt lat="54.56353724002838" lon="25.21209406852722">
				<ele>140.97000122070312</ele>
				<time>2025-03-02T11:58:31Z</time>
			</trkpt>
			<trkpt lat="54.563660621643066" lon="25.212034463882446">
				<ele>141.4499969482422</ele>
				<time>2025-03-02T11:58:32Z</time>
			</trkpt>
			<trkpt lat="54.56458497047424" lon="25.21166682243347">
				<ele>141.4499969482422</ele>
				<time>2025-03-02T11:58:37Z</time>
			</trkpt>
			<trkpt lat="54.565367579460144" lon="25.21142888069153">
				<ele>141.92999267578125</ele>
				<time>2025-03-02T11:58:41Z</time>
			</trkpt>
			<trkpt lat="54.56559979915619" lon="25.211313605308533">
				<ele>141.92999267578125</ele>
				<time>2025-03-02T11:58:43Z</time>
			</trkpt>
			<trkpt lat="54.56567060947418" lon="25.211297869682312">
				<ele>141.92999267578125</ele>
				<time>2025-03-02T11:58:44Z</time>
			</trkpt>
			<trkpt lat="54.565712571144104" lon="25.21131420135498">
				<ele>141.92999267578125</ele>
				<time>2025-03-02T11:58:45Z</time>
			</trkpt>
			<trkpt lat="54.56572473049164" lon="25.211366295814514">
				<ele>141.92999267578125</ele>
				<time>2025-03-02T11:58:46Z</time>
			</trkpt>
			<trkpt lat="54.565717339515686" lon="25.21142828464508">
				<ele>141.92999267578125</ele>
				<time>2025-03-02T11:58:47Z</time>
			</trkpt>
			<trkpt lat="54.565701961517334" lon="25.211508750915527">
				<ele>141.92999267578125</ele>
				<time>2025-03-02T11:58:48Z</time>
			</trkpt>
			<trkpt lat="54.56551718711853" lon="25.2124981880188">
				<ele>141.92999267578125</ele>
				<time>2025-03-02T11:58:54Z</time>
			</trkpt>
			<trkpt lat="54.56545388698578" lon="25.212644696235657">
				<ele>141.92999267578125</ele>
				<time>2025-03-02T11:58:55Z</time>
			</trkpt>
			<trkpt lat="54.56501603126526" lon="25.213499188423157">
				<ele>141.4499969482422</ele>
				<time>2025-03-02T11:59:00Z</time>
			</trkpt>
			<trkpt lat="54.56495225429535" lon="25.21369969844818">
				<ele>141.4499969482422</ele>
				<time>2025-03-02T11:59:01Z</time>
			</trkpt>
			<trkpt lat="54.56482112407684" lon="25.214121222496033">
				<ele>141.4499969482422</ele>
				<time>2025-03-02T11:59:03Z</time>
			</trkpt>
			<trkpt lat="54.56442654132843" lon="25.215064644813538">
				<ele>141.4499969482422</ele>
				<time>2025-03-02T11:59:08Z</time>
			</trkpt>
			<trkpt lat="54.564358592033386" lon="25.215314149856567">
				<ele>141.4499969482422</ele>
				<time>2025-03-02T11:59:09Z</time>
			</trkpt>
			<trkpt lat="54.56405758857727" lon="25.216612577438354">
				<ele>140.97000122070312</ele>
				<time>2025-03-02T11:59:14Z</time>
			</trkpt>
			<trkpt lat="54.56398260593414" lon="25.21684181690216">
				<ele>140.97000122070312</ele>
				<time>2025-03-02T11:59:15Z</time>
			</trkpt>
			<trkpt lat="54.56389904022217" lon="25.217052459716797">
				<ele>140.97000122070312</ele>
				<time>2025-03-02T11:59:16Z</time>
			</trkpt>
			<trkpt lat="54.56380784511566" lon="25.217248678207397">
				<ele>140.97000122070312</ele>
				<time>2025-03-02T11:59:17Z</time>
			</trkpt>
			<trkpt lat="54.56371283531189" lon="25.21744990348816">
				<ele>140.97000122070312</ele>
				<time>2025-03-02T11:59:18Z</time>
			</trkpt>
			<trkpt lat="54.563103914260864" lon="25.21902060508728">
				<ele>140.49000549316406</ele>
				<time>2025-03-02T11:59:25Z</time>
			</trkpt>
			<trkpt lat="54.562450647354126" lon="25.220643401145935">
				<ele>140.49000549316406</ele>
				<time>2025-03-02T11:59:32Z</time>
			</trkpt>
			<trkpt lat="54.562042355537415" lon="25.22167181968689">
				<ele>140.49000549316406</ele>
				<time>2025-03-02T11:59:37Z</time>
			</trkpt>
			<trkpt lat="54.56194818019867" lon="25.221763730049133">
				<ele>140.49000549316406</ele>
				<time>2025-03-02T11:59:38Z</time>
			</trkpt>
			<trkpt lat="54.56183218955994" lon="25.22180449962616">
				<ele>140.49000549316406</ele>
				<time>2025-03-02T11:59:39Z</time>
			</trkpt>
			<trkpt lat="54.56171011924744" lon="25.221805572509766">
				<ele>140.49000549316406</ele>
				<time>2025-03-02T11:59:40Z</time>
			</trkpt>
			<trkpt lat="54.56159949302673" lon="25.221795797348022">
				<ele>140.49000549316406</ele>
				<time>2025-03-02T11:59:41Z</time>
			</trkpt>
			<trkpt lat="54.56150496006012" lon="25.221813321113586">
				<ele>140.49000549316406</ele>
				<time>2025-03-02T11:59:42Z</time>
			</trkpt>
			<trkpt lat="54.5614207983017" lon="25.22188174724579">
				<ele>140.49000549316406</ele>
				<time>2025-03-02T11:59:43Z</time>
			</trkpt>
			<trkpt lat="54.56134116649628" lon="25.22200357913971">
				<ele>140.49000549316406</ele>
				<time>2025-03-02T11:59:44Z</time>
			</trkpt>
			<trkpt lat="54.56082785129547" lon="25.22330331802368">
				<ele>140.49000549316406</ele>
				<time>2025-03-02T11:59:50Z</time>
			</trkpt>
			<trkpt lat="54.56025850772858" lon="25.224767684936523">
				<ele>140.49000549316406</ele>
				<time>2025-03-02T11:59:58Z</time>
			</trkpt>
			<trkpt lat="54.559877038002014" lon="25.225714564323425">
				<ele>140.00999450683594</ele>
				<time>2025-03-02T12:00:03Z</time>
			</trkpt>
			<trkpt lat="54.559650897979736" lon="25.22636377811432">
				<ele>139.52999877929688</ele>
				<time>2025-03-02T12:00:06Z</time>
			</trkpt>
			<trkpt lat="54.559433698654175" lon="25.226995587348938">
				<ele>139.52999877929688</ele>
				<time>2025-03-02T12:00:09Z</time>
			</trkpt>
			<trkpt lat="54.55930554866791" lon="25.227300763130188">
				<ele>139.52999877929688</ele>
				<time>2025-03-02T12:00:11Z</time>
			</trkpt>
			<trkpt lat="54.55927896499634" lon="25.227441668510437">
				<ele>139.52999877929688</ele>
				<time>2025-03-02T12:00:12Z</time>
			</trkpt>
			<trkpt lat="54.55928313732147" lon="25.2275972366333">
				<ele>139.52999877929688</ele>
				<time>2025-03-02T12:00:13Z</time>
			</trkpt>
			<trkpt lat="54.55931031703949" lon="25.22776460647583">
				<ele>139.52999877929688</ele>
				<time>2025-03-02T12:00:14Z</time>
			</trkpt>
			<trkpt lat="54.55923652648926" lon="25.228655099868774">
				<ele>139.0500030517578</ele>
				<time>2025-03-02T12:00:19Z</time>
			</trkpt>
			<trkpt lat="54.558563232421875" lon="25.230589866638184">
				<ele>139.0500030517578</ele>
				<time>2025-03-02T12:00:28Z</time>
			</trkpt>
			<trkpt lat="54.55828547477722" lon="25.231342434883118">
				<ele>139.0500030517578</ele>
				<time>2025-03-02T12:00:33Z</time>
			</trkpt>
			<trkpt lat="54.558271408081055" lon="25.231463313102722">
				<ele>138.57000732421875</ele>
				<time>2025-03-02T12:00:34Z</time>
			</trkpt>
			<trkpt lat="54.558292269706726" lon="25.231571793556213">
				<ele>138.57000732421875</ele>
				<time>2025-03-02T12:00:35Z</time>
			</trkpt>
			<trkpt lat="54.55834138393402" lon="25.231638073921204">
				<ele>138.57000732421875</ele>
				<time>2025-03-02T12:00:36Z</time>
			</trkpt>
			<trkpt lat="54.558422923088074" lon="25.23166036605835">
				<ele>138.57000732421875</ele>
				<time>2025-03-02T12:00:37Z</time>
			</trkpt>
			<trkpt lat="54.55853843688965" lon="25.231668829917908">
				<ele>138.57000732421875</ele>
				<time>2025-03-02T12:00:38Z</time>
			</trkpt>
			<trkpt lat="54.55883300304413" lon="25.23168182373047">
				<ele>138.57000732421875</ele>
				<time>2025-03-02T12:00:40Z</time>
			</trkpt>
			<trkpt lat="54.560070157051086" lon="25.23152244091034">
				<ele>138.08999633789062</ele>
				<time>2025-03-02T12:00:47Z</time>
			</trkpt>
			<trkpt lat="54.561007261276245" lon="25.231494665145874">
				<ele>138.08999633789062</ele>
				<time>2025-03-02T12:00:53Z</time>
			</trkpt>
			<trkpt lat="54.56201481819153" lon="25.231428384780884">
				<ele>137.61000061035156</ele>
				<time>2025-03-02T12:01:01Z</time>
			</trkpt>
			<trkpt lat="54.562904357910156" lon="25.23137891292572">
				<ele>137.61000061035156</ele>
				<time>2025-03-02T12:01:08Z</time>
			</trkpt>
			<trkpt lat="54.56418824195862" lon="25.231334567070007">
				<ele>137.61000061035156</ele>
				<time>2025-03-02T12:01:17Z</time>
			</trkpt>
			<trkpt lat="54.56513273715973" lon="25.231285095214844">
				<ele>137.1300048828125</ele>
				<time>2025-03-02T12:01:25Z</time>
			</trkpt>
			<trkpt lat="54.565415382385254" lon="25.23124659061432">
				<ele>137.1300048828125</ele>
				<time>2025-03-02T12:01:28Z</time>
			</trkpt>
			<trkpt lat="54.565494418144226" lon="25.231251001358032">
				<ele>137.1300048828125</ele>
				<time>2025-03-02T12:01:29Z</time>
			</trkpt>
			<trkpt lat="54.56575870513916" lon="25.231268286705017">
				<ele>137.1300048828125</ele>
				<time>2025-03-02T12:01:34Z</time>
			</trkpt>
			<trkpt lat="54.5657924413681" lon="25.231225848197937">
				<ele>137.1300048828125</ele>
				<time>2025-03-02T12:01:35Z</time>
			</trkpt>
			<trkpt lat="54.56582820415497" lon="25.23115074634552">
				<ele>137.61000061035156</ele>
				<time>2025-03-02T12:01:42Z</time>
			</trkpt>
			<trkpt lat="54.56608736515045" lon="25.230712175369263">
				<ele>137.61000061035156</ele>
				<time>2025-03-02T12:01:47Z</time>
			</trkpt>
			<trkpt lat="54.56699049472809" lon="25.229355931282043">
				<ele>138.57000732421875</ele>
				<time>2025-03-02T12:01:53Z</time>
			</trkpt>
			<trkpt lat="54.56843602657318" lon="25.22718369960785">
				<ele>139.52999877929688</ele>
				<time>2025-03-02T12:02:01Z</time>
			</trkpt>
			<trkpt lat="54.56891167163849" lon="25.226454615592957">
				<ele>138.57000732421875</ele>
				<time>2025-03-02T12:02:06Z</time>
			</trkpt>
			<trkpt lat="54.569618463516235" lon="25.225311398506165">
				<ele>138.08999633789062</ele>
				<time>2025-03-02T12:02:15Z</time>
			</trkpt>
			<trkpt lat="54.57036852836609" lon="25.22421407699585">
				<ele>137.61000061035156</ele>
				<time>2025-03-02T12:02:24Z</time>
			</trkpt>
			<trkpt lat="54.57077097892761" lon="25.22362971305847">
				<ele>137.1300048828125</ele>
				<time>2025-03-02T12:02:29Z</time>
			</trkpt>
			<trkpt lat="54.571645855903625" lon="25.222324013710022">
				<ele>136.63999938964844</ele>
				<time>2025-03-02T12:02:38Z</time>
			</trkpt>
			<trkpt lat="54.57256460189819" lon="25.2209153175354">
				<ele>136.63999938964844</ele>
				<time>2025-03-02T12:02:47Z</time>
			</trkpt>
			<trkpt lat="54.57321381568909" lon="25.219902634620667">
				<ele>136.63999938964844</ele>
				<time>2025-03-02T12:02:55Z</time>
			</trkpt>
			<trkpt lat="54.573508739471436" lon="25.21920621395111">
				<ele>136.63999938964844</ele>
				<time>2025-03-02T12:03:00Z</time>
			</trkpt>
			<trkpt lat="54.57352554798126" lon="25.2191401720047">
				<ele>136.63999938964844</ele>
				<time>2025-03-02T12:03:01Z</time>
			</trkpt>
			<trkpt lat="54.573524475097656" lon="25.219112992286682">
				<ele>136.63999938964844</ele>
				<time>2025-03-02T12:03:06Z</time>
			</trkpt>
			<trkpt lat="54.57356131076813" lon="25.218875288963318">
				<ele>134.24000549316406</ele>
				<time>2025-03-02T12:04:25Z</time>
			</trkpt>
			<trkpt lat="54.57362151145935" lon="25.21846914291382">
				<ele>133.75999450683594</ele>
				<time>2025-03-02T12:04:27Z</time>
			</trkpt>
			<trkpt lat="54.57363998889923" lon="25.216169714927673">
				<ele>133.75999450683594</ele>
				<time>2025-03-02T12:04:35Z</time>
			</trkpt>
			<trkpt lat="54.57343542575836" lon="25.213912844657898">
				<ele>134.72000122070312</ele>
				<time>2025-03-02T12:04:44Z</time>
			</trkpt>
			<trkpt lat="54.57329535484314" lon="25.212220311164856">
				<ele>135.1999969482422</ele>
				<time>2025-03-02T12:04:51Z</time>
			</trkpt>
			<trkpt lat="54.57303428649902" lon="25.20932149887085">
				<ele>135.1999969482422</ele>
				<time>2025-03-02T12:05:01Z</time>
			</trkpt>
			<trkpt lat="54.572877526283264" lon="25.207467555999756">
				<ele>135.1999969482422</ele>
				<time>2025-03-02T12:05:10Z</time>
			</trkpt>
			<trkpt lat="54.57282495498657" lon="25.206817865371704">
				<ele>135.1999969482422</ele>
				<time>2025-03-02T12:05:17Z</time>
			</trkpt>
			<trkpt lat="54.57280611991882" lon="25.20671808719635">
				<ele>135.67999267578125</ele>
				<time>2025-03-02T12:05:18Z</time>
			</trkpt>
			<trkpt lat="54.57256269454956" lon="25.205639719963074">
				<ele>136.16000366210938</ele>
				<time>2025-03-02T12:05:23Z</time>
			</trkpt>
			<trkpt lat="54.57215702533722" lon="25.203728437423706">
				<ele>136.63999938964844</ele>
				<time>2025-03-02T12:05:31Z</time>
			</trkpt>
			<trkpt lat="54.572052001953125" lon="25.203271627426147">
				<ele>136.63999938964844</ele>
				<time>2025-03-02T12:05:34Z</time>
			</trkpt>
			<trkpt lat="54.57199692726135" lon="25.20318341255188">
				<ele>136.63999938964844</ele>
				<time>2025-03-02T12:05:35Z</time>
			</trkpt>
			<trkpt lat="54.57192099094391" lon="25.20313322544098">
				<ele>136.63999938964844</ele>
				<time>2025-03-02T12:05:36Z</time>
			</trkpt>
			<trkpt lat="54.57182049751282" lon="25.203126668930054">
				<ele>136.63999938964844</ele>
				<time>2025-03-02T12:05:37Z</time>
			</trkpt>
			<trkpt lat="54.571693658828735" lon="25.203131556510925">
				<ele>136.63999938964844</ele>
				<time>2025-03-02T12:05:38Z</time>
			</trkpt>
			<trkpt lat="54.570878863334656" lon="25.20304584503174">
				<ele>137.61000061035156</ele>
				<time>2025-03-02T12:05:43Z</time>
			</trkpt>
			<trkpt lat="54.57073271274567" lon="25.20307731628418">
				<ele>137.61000061035156</ele>
				<time>2025-03-02T12:05:44Z</time>
			</trkpt>
			<trkpt lat="54.570600271224976" lon="25.20313811302185">
				<ele>137.61000061035156</ele>
				<time>2025-03-02T12:05:45Z</time>
			</trkpt>
			<trkpt lat="54.57047760486603" lon="25.203192114830017">
				<ele>137.61000061035156</ele>
				<time>2025-03-02T12:05:46Z</time>
			</trkpt>
			<trkpt lat="54.570361614227295" lon="25.203200340270996">
				<ele>137.61000061035156</ele>
				<time>2025-03-02T12:05:47Z</time>
			</trkpt>
			<trkpt lat="54.57025671005249" lon="25.2031512260437">
				<ele>137.61000061035156</ele>
				<time>2025-03-02T12:05:48Z</time>
			</trkpt>
			<trkpt lat="54.57017123699188" lon="25.203048825263977">
				<ele>137.61000061035156</ele>
				<time>2025-03-02T12:05:49Z</time>
			</trkpt>
			<trkpt lat="54.57011091709137" lon="25.20290219783783">
				<ele>137.61000061035156</ele>
				<time>2025-03-02T12:05:50Z</time>
			</trkpt>
			<trkpt lat="54.5700820684433" lon="25.202715635299683">
				<ele>137.61000061035156</ele>
				<time>2025-03-02T12:05:51Z</time>
			</trkpt>
			<trkpt lat="54.57008385658264" lon="25.20249843597412">
				<ele>137.61000061035156</ele>
				<time>2025-03-02T12:05:52Z</time>
			</trkpt>
			<trkpt lat="54.57010614871979" lon="25.202253818511963">
				<ele>138.08999633789062</ele>
				<time>2025-03-02T12:05:53Z</time>
			</trkpt>
			<trkpt lat="54.570133686065674" lon="25.201993465423584">
				<ele>138.08999633789062</ele>
				<time>2025-03-02T12:05:54Z</time>
			</trkpt>
			<trkpt lat="54.570220589637756" lon="25.201262831687927">
				<ele>138.08999633789062</ele>
				<time>2025-03-02T12:05:57Z</time>
			</trkpt>
			<trkpt lat="54.57026922702789" lon="25.20105803012848">
				<ele>138.08999633789062</ele>
				<time>2025-03-02T12:05:58Z</time>
			</trkpt>
			<trkpt lat="54.57033956050873" lon="25.200884580612183">
				<ele>138.08999633789062</ele>
				<time>2025-03-02T12:05:59Z</time>
			</trkpt>
			<trkpt lat="54.57042849063873" lon="25.20075559616089">
				<ele>138.08999633789062</ele>
				<time>2025-03-02T12:06:00Z</time>
			</trkpt>
			<trkpt lat="54.5705224275589" lon="25.200655460357666">
				<ele>138.08999633789062</ele>
				<time>2025-03-02T12:06:01Z</time>
			</trkpt>
			<trkpt lat="54.57060098648071" lon="25.200557470321655">
				<ele>138.08999633789062</ele>
				<time>2025-03-02T12:06:02Z</time>
			</trkpt>
			<trkpt lat="54.5706512928009" lon="25.200443625450134">
				<ele>138.08999633789062</ele>
				<time>2025-03-02T12:06:03Z</time>
			</trkpt>
			<trkpt lat="54.57067251205444" lon="25.20030403137207">
				<ele>138.08999633789062</ele>
				<time>2025-03-02T12:06:04Z</time>
			</trkpt>
			<trkpt lat="54.57066452503204" lon="25.2001314163208">
				<ele>138.08999633789062</ele>
				<time>2025-03-02T12:06:05Z</time>
			</trkpt>
			<trkpt lat="54.57063889503479" lon="25.199919939041138">
				<ele>138.08999633789062</ele>
				<time>2025-03-02T12:06:06Z</time>
			</trkpt>
			<trkpt lat="54.570465207099915" lon="25.198134899139404">
				<ele>138.57000732421875</ele>
				<time>2025-03-02T12:06:12Z</time>
			</trkpt>
			<trkpt lat="54.57009720802307" lon="25.19442868232727">
				<ele>139.52999877929688</ele>
				<time>2025-03-02T12:06:24Z</time>
			</trkpt>
			<trkpt lat="54.56978356838226" lon="25.191284656524658">
				<ele>140.00999450683594</ele>
				<time>2025-03-02T12:06:33Z</time>
			</trkpt>
			<trkpt lat="54.569616079330444" lon="25.189645648002625">
				<ele>140.00999450683594</ele>
				<time>2025-03-02T12:06:40Z</time>
			</trkpt>
			<trkpt lat="54.56957137584686" lon="25.189061880111694">
				<ele>139.52999877929688</ele>
				<time>2025-03-02T12:06:46Z</time>
			</trkpt>
			<trkpt lat="54.56954538822174" lon="25.1889910697937">
				<ele>139.52999877929688</ele>
				<time>2025-03-02T12:06:47Z</time>
			</trkpt>
			<trkpt lat="54.56948721408844" lon="25.18891167640686">
				<ele>140.00999450683594</ele>
				<time>2025-03-02T12:06:48Z</time>
			</trkpt>
			<trkpt lat="54.56939923763275" lon="25.188836216926575">
				<ele>140.00999450683594</ele>
				<time>2025-03-02T12:06:49Z</time>
			</trkpt>
			<trkpt lat="54.56901240348816" lon="25.188570857048035">
				<ele>140.00999450683594</ele>
				<time>2025-03-02T12:06:53Z</time>
			</trkpt>
			<trkpt lat="54.568963289260864" lon="25.1885027885437">
				<ele>140.00999450683594</ele>
				<time>2025-03-02T12:06:54Z</time>
			</trkpt>
			<trkpt lat="54.56894779205322" lon="25.18842077255249">
				<ele>140.00999450683594</ele>
				<time>2025-03-02T12:06:55Z</time>
			</trkpt>
			<trkpt lat="54.56901681423187" lon="25.18819749355316">
				<ele>140.49000549316406</ele>
				<time>2025-03-02T12:06:58Z</time>
			</trkpt>
			<trkpt lat="54.569191694259644" lon="25.188069343566895">
				<ele>140.49000549316406</ele>
				<time>2025-03-02T12:07:07Z</time>
			</trkpt>
			<trkpt lat="54.56925451755524" lon="25.188090801239014">
				<ele>140.00999450683594</ele>
				<time>2025-03-02T12:07:11Z</time>
			</trkpt>
			<trkpt lat="54.569300174713135" lon="25.18801772594452">
				<ele>140.00999450683594</ele>
				<time>2025-03-02T12:07:19Z</time>
			</trkpt>
			<trkpt lat="54.569260001182556" lon="25.187901616096497">
				<ele>154.42999267578125</ele>
				<time>2025-03-02T12:09:03Z</time>
			</trkpt>
			<trkpt lat="54.569143652915955" lon="25.187949657440186">
				<ele>154.42999267578125</ele>
				<time>2025-03-02T12:09:08Z</time>
			</trkpt>
			<trkpt lat="54.569225907325745" lon="25.188296675682068">
				<ele>152.99000549316406</ele>
				<time>2025-03-02T12:09:15Z</time>
			</trkpt>
			<trkpt lat="54.569252729415894" lon="25.18829584121704">
				<ele>152.50999450683594</ele>
				<time>2025-03-02T12:09:20Z</time>
			</trkpt>
			<trkpt lat="54.56934893131256" lon="25.188244462013245">
				<ele>189.0399932861328</ele>
				<time>2025-03-02T12:16:15Z</time>
			</trkpt>
			<trkpt lat="54.56931209564209" lon="25.188270688056946">
				<ele>187.58999633789062</ele>
				<time>2025-03-02T12:16:18Z</time>
			</trkpt>
			<trkpt lat="54.56928479671478" lon="25.1883043050766">
				<ele>184.7100067138672</ele>
				<time>2025-03-02T12:16:28Z</time>
			</trkpt>
			<trkpt lat="54.56929862499237" lon="25.18830668926239">
				<ele>184.22999572753906</ele>
				<time>2025-03-02T12:16:29Z</time>
			</trkpt>
			<trkpt lat="54.56944131851196" lon="25.18825602531433">
				<ele>180.3800048828125</ele>
				<time>2025-03-02T12:16:37Z</time>
			</trkpt>
			<trkpt lat="54.569469809532166" lon="25.188284754753113">
				<ele>179.4199981689453</ele>
				<time>2025-03-02T12:16:39Z</time>
			</trkpt>
			<trkpt lat="54.569496273994446" lon="25.18838894367218">
				<ele>178.94000244140625</ele>
				<time>2025-03-02T12:16:41Z</time>
			</trkpt>
			<trkpt lat="54.5695013999939" lon="25.188453912734985">
				<ele>178.4600067138672</ele>
				<time>2025-03-02T12:16:42Z</time>
			</trkpt>
			<trkpt lat="54.569501519203186" lon="25.188507676124573">
				<ele>177.97999572753906</ele>
				<time>2025-03-02T12:16:43Z</time>
			</trkpt>
			<trkpt lat="54.5695024728775" lon="25.188554048538208">
				<ele>177.5</ele>
				<time>2025-03-02T12:16:44Z</time>
			</trkpt>
			<trkpt lat="54.56952166557312" lon="25.18892276287079">
				<ele>175.5800018310547</ele>
				<time>2025-03-02T12:16:49Z</time>
			</trkpt>
			<trkpt lat="54.56954324245453" lon="25.18905735015869">
				<ele>175.10000610351562</ele>
				<time>2025-03-02T12:16:50Z</time>
			</trkpt>
			<trkpt lat="54.56959247589111" lon="25.189343690872192">
				<ele>174.6199951171875</ele>
				<time>2025-03-02T12:16:52Z</time>
			</trkpt>
			<trkpt lat="54.56960463523865" lon="25.18946635723114">
				<ele>174.13999938964844</ele>
				<time>2025-03-02T12:16:53Z</time>
			</trkpt>
			<trkpt lat="54.56968438625336" lon="25.190266132354736">
				<ele>170.77000427246094</ele>
				<time>2025-03-02T12:17:01Z</time>
			</trkpt>
			<trkpt lat="54.56976580619812" lon="25.191036224365234">
				<ele>167.41000366210938</ele>
				<time>2025-03-02T12:17:11Z</time>
			</trkpt>
			<trkpt lat="54.56988871097565" lon="25.19244647026062">
				<ele>164.0399932861328</ele>
				<time>2025-03-02T12:17:21Z</time>
			</trkpt>
			<trkpt lat="54.56990671157837" lon="25.192641735076904">
				<ele>163.55999755859375</ele>
				<time>2025-03-02T12:17:22Z</time>
			</trkpt>
			<trkpt lat="54.57001721858978" lon="25.193864226341248">
				<ele>162.60000610351562</ele>
				<time>2025-03-02T12:17:28Z</time>
			</trkpt>
			<trkpt lat="54.57019221782684" lon="25.195658445358276">
				<ele>159.72000122070312</ele>
				<time>2025-03-02T12:17:40Z</time>
			</trkpt>
			<trkpt lat="54.57033884525299" lon="25.197102189064026">
				<ele>158.27000427246094</ele>
				<time>2025-03-02T12:17:47Z</time>
			</trkpt>
			<trkpt lat="54.57058489322662" lon="25.19963002204895">
				<ele>157.7899932861328</ele>
				<time>2025-03-02T12:17:54Z</time>
			</trkpt>
			<trkpt lat="54.57067108154297" lon="25.200361728668213">
				<ele>157.30999755859375</ele>
				<time>2025-03-02T12:17:57Z</time>
			</trkpt>
			<trkpt lat="54.57066750526428" lon="25.200546979904175">
				<ele>156.8300018310547</ele>
				<time>2025-03-02T12:17:58Z</time>
			</trkpt>
			<trkpt lat="54.57062244415283" lon="25.200701117515564">
				<ele>156.8300018310547</ele>
				<time>2025-03-02T12:17:59Z</time>
			</trkpt>
			<trkpt lat="54.570536375045776" lon="25.200833201408386">
				<ele>156.8300018310547</ele>
				<time>2025-03-02T12:18:00Z</time>
			</trkpt>
			<trkpt lat="54.57043015956879" lon="25.20097064971924">
				<ele>156.8300018310547</ele>
				<time>2025-03-02T12:18:01Z</time>
			</trkpt>
			<trkpt lat="54.57033348083496" lon="25.20113730430603">
				<ele>156.8300018310547</ele>
				<time>2025-03-02T12:18:02Z</time>
			</trkpt>
			<trkpt lat="54.57026267051697" lon="25.201343774795532">
				<ele>156.35000610351562</ele>
				<time>2025-03-02T12:18:03Z</time>
			</trkpt>
			<trkpt lat="54.57022142410278" lon="25.20159661769867">
				<ele>156.35000610351562</ele>
				<time>2025-03-02T12:18:04Z</time>
			</trkpt>
			<trkpt lat="54.570191621780396" lon="25.201884984970093">
				<ele>156.35000610351562</ele>
				<time>2025-03-02T12:18:05Z</time>
			</trkpt>
			<trkpt lat="54.57011151313782" lon="25.20267963409424">
				<ele>155.8699951171875</ele>
				<time>2025-03-02T12:18:08Z</time>
			</trkpt>
			<trkpt lat="54.570119976997375" lon="25.202900886535645">
				<ele>155.38999938964844</ele>
				<time>2025-03-02T12:18:09Z</time>
			</trkpt>
			<trkpt lat="54.57015657424927" lon="25.20307445526123">
				<ele>155.38999938964844</ele>
				<time>2025-03-02T12:18:10Z</time>
			</trkpt>
			<trkpt lat="54.570223450660706" lon="25.203198671340942">
				<ele>155.38999938964844</ele>
				<time>2025-03-02T12:18:11Z</time>
			</trkpt>
			<trkpt lat="54.570324301719666" lon="25.203280448913574">
				<ele>154.91000366210938</ele>
				<time>2025-03-02T12:18:12Z</time>
			</trkpt>
			<trkpt lat="54.57045650482178" lon="25.203315019607544">
				<ele>154.91000366210938</ele>
				<time>2025-03-02T12:18:13Z</time>
			</trkpt>
			<trkpt lat="54.57061004638672" lon="25.203291296958923">
				<ele>154.42999267578125</ele>
				<time>2025-03-02T12:18:14Z</time>
			</trkpt>
			<trkpt lat="54.570780754089355" lon="25.2032368183136">
				<ele>154.42999267578125</ele>
				<time>2025-03-02T12:18:15Z</time>
			</trkpt>
			<trkpt lat="54.570968985557556" lon="25.203209161758423">
				<ele>154.42999267578125</ele>
				<time>2025-03-02T12:18:16Z</time>
			</trkpt>
			<trkpt lat="54.571165561676025" lon="25.20322012901306">
				<ele>154.42999267578125</ele>
				<time>2025-03-02T12:18:17Z</time>
			</trkpt>
			<trkpt lat="54.571919679641724" lon="25.20328962802887">
				<ele>152.99000549316406</ele>
				<time>2025-03-02T12:18:22Z</time>
			</trkpt>
			<trkpt lat="54.57201409339905" lon="25.20333766937256">
				<ele>152.99000549316406</ele>
				<time>2025-03-02T12:18:23Z</time>
			</trkpt>
			<trkpt lat="54.5720876455307" lon="25.203446626663208">
				<ele>152.50999450683594</ele>
				<time>2025-03-02T12:18:24Z</time>
			</trkpt>
			<trkpt lat="54.57214319705963" lon="25.20361626148224">
				<ele>152.02999877929688</ele>
				<time>2025-03-02T12:18:25Z</time>
			</trkpt>
			<trkpt lat="54.57219088077545" lon="25.203838348388672">
				<ele>152.02999877929688</ele>
				<time>2025-03-02T12:18:26Z</time>
			</trkpt>
			<trkpt lat="54.572240233421326" lon="25.204105377197266">
				<ele>152.02999877929688</ele>
				<time>2025-03-02T12:18:27Z</time>
			</trkpt>
			<trkpt lat="54.57261836528778" lon="25.205968499183655">
				<ele>151.05999755859375</ele>
				<time>2025-03-02T12:18:34Z</time>
			</trkpt>
			<trkpt lat="54.57279872894287" lon="25.206721305847168">
				<ele>150.5800018310547</ele>
				<time>2025-03-02T12:18:39Z</time>
			</trkpt>
			<trkpt lat="54.57284331321716" lon="25.20678734779358">
				<ele>150.10000610351562</ele>
				<time>2025-03-02T12:18:40Z</time>
			</trkpt>
			<trkpt lat="54.57290291786194" lon="25.206825494766235">
				<ele>150.10000610351562</ele>
				<time>2025-03-02T12:18:41Z</time>
			</trkpt>
			<trkpt lat="54.572972893714905" lon="25.20682680606842">
				<ele>150.10000610351562</ele>
				<time>2025-03-02T12:18:42Z</time>
			</trkpt>
			<trkpt lat="54.57304012775421" lon="25.20680296421051">
				<ele>149.6199951171875</ele>
				<time>2025-03-02T12:18:43Z</time>
			</trkpt>
			<trkpt lat="54.57309424877167" lon="25.20677888393402">
				<ele>149.6199951171875</ele>
				<time>2025-03-02T12:18:44Z</time>
			</trkpt>
			<trkpt lat="54.57317626476288" lon="25.20671045780182">
				<ele>149.13999938964844</ele>
				<time>2025-03-02T12:18:47Z</time>
			</trkpt>
			<trkpt lat="54.573174595832825" lon="25.206665515899658">
				<ele>149.13999938964844</ele>
				<time>2025-03-02T12:18:48Z</time>
			</trkpt>
			<trkpt lat="54.57312548160553" lon="25.20661222934723">
				<ele>148.66000366210938</ele>
				<time>2025-03-02T12:18:50Z</time>
			</trkpt>
			<trkpt lat="54.57307744026184" lon="25.206637024879456">
				<ele>148.66000366210938</ele>
				<time>2025-03-02T12:18:51Z</time>
			</trkpt>
			<trkpt lat="54.57301867008209" lon="25.206698656082153">
				<ele>148.66000366210938</ele>
				<time>2025-03-02T12:18:52Z</time>
			</trkpt>
			<trkpt lat="54.57296109199524" lon="25.206769108772278">
				<ele>148.66000366210938</ele>
				<time>2025-03-02T12:18:53Z</time>
			</trkpt>
			<trkpt lat="54.572909116744995" lon="25.206838607788086">
				<ele>148.17999267578125</ele>
				<time>2025-03-02T12:18:54Z</time>
			</trkpt>
			<trkpt lat="54.572864055633545" lon="25.20691967010498">
				<ele>148.17999267578125</ele>
				<time>2025-03-02T12:18:55Z</time>
			</trkpt>
			<trkpt lat="54.57283663749695" lon="25.207038283348083">
				<ele>148.17999267578125</ele>
				<time>2025-03-02T12:18:56Z</time>
			</trkpt>
			<trkpt lat="54.5728325843811" lon="25.207210779190063">
				<ele>148.17999267578125</ele>
				<time>2025-03-02T12:18:57Z</time>
			</trkpt>
			<trkpt lat="54.57284593582153" lon="25.2074373960495">
				<ele>148.17999267578125</ele>
				<time>2025-03-02T12:18:58Z</time>
			</trkpt>
			<trkpt lat="54.57287049293518" lon="25.20771896839142">
				<ele>148.17999267578125</ele>
				<time>2025-03-02T12:18:59Z</time>
			</trkpt>
			<trkpt lat="54.57305574417114" lon="25.209966897964478">
				<ele>148.17999267578125</ele>
				<time>2025-03-02T12:19:05Z</time>
			</trkpt>
			<trkpt lat="54.573275089263916" lon="25.21235978603363">
				<ele>147.6999969482422</ele>
				<time>2025-03-02T12:19:12Z</time>
			</trkpt>
			<trkpt lat="54.573400020599365" lon="25.21374523639679">
				<ele>145.77999877929688</ele>
				<time>2025-03-02T12:19:18Z</time>
			</trkpt>
			<trkpt lat="54.573649525642395" lon="25.216548085212708">
				<ele>145.77999877929688</ele>
				<time>2025-03-02T12:19:27Z</time>
			</trkpt>
			<trkpt lat="54.57369005680084" lon="25.217263102531433">
				<ele>145.3000030517578</ele>
				<time>2025-03-02T12:19:29Z</time>
			</trkpt>
			<trkpt lat="54.57368552684784" lon="25.217620849609375">
				<ele>145.3000030517578</ele>
				<time>2025-03-02T12:19:30Z</time>
			</trkpt>
			<trkpt lat="54.57350826263428" lon="25.219178915023804">
				<ele>144.33999633789062</ele>
				<time>2025-03-02T12:19:35Z</time>
			</trkpt>
			<trkpt lat="54.573431611061096" lon="25.21945321559906">
				<ele>144.33999633789062</ele>
				<time>2025-03-02T12:19:36Z</time>
			</trkpt>
			<trkpt lat="54.57334291934967" lon="25.21970534324646">
				<ele>143.85000610351562</ele>
				<time>2025-03-02T12:19:37Z</time>
			</trkpt>
			<trkpt lat="54.57324767112732" lon="25.21993339061737">
				<ele>143.85000610351562</ele>
				<time>2025-03-02T12:19:38Z</time>
			</trkpt>
			<trkpt lat="54.57313847541809" lon="25.220146894454956">
				<ele>143.85000610351562</ele>
				<time>2025-03-02T12:19:39Z</time>
			</trkpt>
			<trkpt lat="54.573018074035645" lon="25.220345973968506">
				<ele>143.3699951171875</ele>
				<time>2025-03-02T12:19:40Z</time>
			</trkpt>
			<trkpt lat="54.5728919506073" lon="25.220537662506104">
				<ele>143.3699951171875</ele>
				<time>2025-03-02T12:19:41Z</time>
			</trkpt>
			<trkpt lat="54.57171964645386" lon="25.222284197807312">
				<ele>142.41000366210938</ele>
				<time>2025-03-02T12:19:51Z</time>
			</trkpt>
			<trkpt lat="54.57047080993652" lon="25.224127411842346">
				<ele>141.4499969482422</ele>
				<time>2025-03-02T12:20:02Z</time>
			</trkpt>
			<trkpt lat="54.56944394111633" lon="25.225605010986328">
				<ele>140.97000122070312</ele>
				<time>2025-03-02T12:20:13Z</time>
			</trkpt>
			<trkpt lat="54.56858026981354" lon="25.22699010372162">
				<ele>140.00999450683594</ele>
				<time>2025-03-02T12:20:23Z</time>
			</trkpt>
			<trkpt lat="54.56773543357849" lon="25.22824800014496">
				<ele>140.00999450683594</ele>
				<time>2025-03-02T12:20:29Z</time>
			</trkpt>
			<trkpt lat="54.56623578071594" lon="25.23047649860382">
				<ele>139.52999877929688</ele>
				<time>2025-03-02T12:20:38Z</time>
			</trkpt>
			<trkpt lat="54.56554651260376" lon="25.231481909751892">
				<ele>139.0500030517578</ele>
				<time>2025-03-02T12:20:44Z</time>
			</trkpt>
			<trkpt lat="54.5654593706131" lon="25.231616616249084">
				<ele>138.57000732421875</ele>
				<time>2025-03-02T12:20:45Z</time>
			</trkpt>
			<trkpt lat="54.56489944458008" lon="25.232606410980225">
				<ele>138.57000732421875</ele>
				<time>2025-03-02T12:20:51Z</time>
			</trkpt>
			<trkpt lat="54.564831495285034" lon="25.232799172401428">
				<ele>138.57000732421875</ele>
				<time>2025-03-02T12:20:52Z</time>
			</trkpt>
			<trkpt lat="54.56445252895355" lon="25.234413862228394">
				<ele>138.08999633789062</ele>
				<time>2025-03-02T12:20:59Z</time>
			</trkpt>
			<trkpt lat="54.56424057483673" lon="25.23590338230133">
				<ele>138.08999633789062</ele>
				<time>2025-03-02T12:21:06Z</time>
			</trkpt>
			<trkpt lat="54.56424164772034" lon="25.236122727394104">
				<ele>138.08999633789062</ele>
				<time>2025-03-02T12:21:07Z</time>
			</trkpt>
			<trkpt lat="54.5642569065094" lon="25.236339807510376">
				<ele>137.61000061035156</ele>
				<time>2025-03-02T12:21:08Z</time>
			</trkpt>
			<trkpt lat="54.56428360939026" lon="25.236539721488953">
				<ele>137.61000061035156</ele>
				<time>2025-03-02T12:21:09Z</time>
			</trkpt>
			<trkpt lat="54.56431567668915" lon="25.236722946166992">
				<ele>137.61000061035156</ele>
				<time>2025-03-02T12:21:10Z</time>
			</trkpt>
			<trkpt lat="54.56445932388306" lon="25.237595915794373">
				<ele>137.1300048828125</ele>
				<time>2025-03-02T12:21:17Z</time>
			</trkpt>
			<trkpt lat="54.56449222564697" lon="25.23773419857025">
				<ele>137.1300048828125</ele>
				<time>2025-03-02T12:21:20Z</time>
			</trkpt>
			<trkpt lat="54.56450605392456" lon="25.2377268075943">
				<ele>136.63999938964844</ele>
				<time>2025-03-02T12:21:25Z</time>
			</trkpt>
			<trkpt lat="54.56464171409607" lon="25.23771858215332">
				<ele>136.63999938964844</ele>
				<time>2025-03-02T12:21:30Z</time>
			</trkpt>
			<trkpt lat="54.564703702926636" lon="25.23771893978119">
				<ele>136.63999938964844</ele>
				<time>2025-03-02T12:21:31Z</time>
			</trkpt>
			<trkpt lat="54.564772725105286" lon="25.23773455619812">
				<ele>136.63999938964844</ele>
				<time>2025-03-02T12:21:32Z</time>
			</trkpt>
			<trkpt lat="54.564849734306335" lon="25.237746715545654">
				<ele>136.63999938964844</ele>
				<time>2025-03-02T12:21:33Z</time>
			</trkpt>
			<trkpt lat="54.56493902206421" lon="25.237742066383362">
				<ele>136.63999938964844</ele>
				<time>2025-03-02T12:21:34Z</time>
			</trkpt>
			<trkpt lat="54.565038084983826" lon="25.237735390663147">
				<ele>136.63999938964844</ele>
				<time>2025-03-02T12:21:35Z</time>
			</trkpt>
			<trkpt lat="54.56523942947388" lon="25.23773694038391">
				<ele>136.63999938964844</ele>
				<time>2025-03-02T12:21:37Z</time>
			</trkpt>
			<trkpt lat="54.56613349914551" lon="25.237680196762085">
				<ele>136.16000366210938</ele>
				<time>2025-03-02T12:21:44Z</time>
			</trkpt>
			<trkpt lat="54.566460728645325" lon="25.23770797252655">
				<ele>136.16000366210938</ele>
				<time>2025-03-02T12:21:47Z</time>
			</trkpt>
			<trkpt lat="54.56653892993927" lon="25.237672686576843">
				<ele>136.16000366210938</ele>
				<time>2025-03-02T12:21:48Z</time>
			</trkpt>
			<trkpt lat="54.56670296192169" lon="25.23756766319275">
				<ele>136.16000366210938</ele>
				<time>2025-03-02T12:21:50Z</time>
			</trkpt>
			<trkpt lat="54.56679844856262" lon="25.237555265426636">
				<ele>136.16000366210938</ele>
				<time>2025-03-02T12:21:51Z</time>
			</trkpt>
			<trkpt lat="54.56700849533081" lon="25.237557768821716">
				<ele>136.16000366210938</ele>
				<time>2025-03-02T12:21:53Z</time>
			</trkpt>
			<trkpt lat="54.567105650901794" lon="25.237585425376892">
				<ele>136.16000366210938</ele>
				<time>2025-03-02T12:21:54Z</time>
			</trkpt>
			<trkpt lat="54.5672025680542" lon="25.23760688304901">
				<ele>136.16000366210938</ele>
				<time>2025-03-02T12:21:55Z</time>
			</trkpt>
			<trkpt lat="54.56730377674103" lon="25.23760759830475">
				<ele>136.16000366210938</ele>
				<time>2025-03-02T12:21:56Z</time>
			</trkpt>
			<trkpt lat="54.56740999221802" lon="25.237611055374146">
				<ele>135.67999267578125</ele>
				<time>2025-03-02T12:21:57Z</time>
			</trkpt>
			<trkpt lat="54.56751048564911" lon="25.23762321472168">
				<ele>135.67999267578125</ele>
				<time>2025-03-02T12:21:58Z</time>
			</trkpt>
			<trkpt lat="54.56760275363922" lon="25.23762583732605">
				<ele>135.67999267578125</ele>
				<time>2025-03-02T12:21:59Z</time>
			</trkpt>
			<trkpt lat="54.56769406795502" lon="25.237606406211853">
				<ele>135.67999267578125</ele>
				<time>2025-03-02T12:22:00Z</time>
			</trkpt>
			<trkpt lat="54.567784667015076" lon="25.237567901611328">
				<ele>135.67999267578125</ele>
				<time>2025-03-02T12:22:01Z</time>
			</trkpt>
			<trkpt lat="54.567874908447266" lon="25.237533926963806">
				<ele>135.67999267578125</ele>
				<time>2025-03-02T12:22:02Z</time>
			</trkpt>
			<trkpt lat="54.567965507507324" lon="25.237519025802612">
				<ele>135.67999267578125</ele>
				<time>2025-03-02T12:22:03Z</time>
			</trkpt>
			<trkpt lat="54.56804978847504" lon="25.23753011226654">
				<ele>135.67999267578125</ele>
				<time>2025-03-02T12:22:04Z</time>
			</trkpt>
			<trkpt lat="54.568118929862976" lon="25.237577199935913">
				<ele>135.67999267578125</ele>
				<time>2025-03-02T12:22:05Z</time>
			</trkpt>
			<trkpt lat="54.568175077438354" lon="25.237645387649536">
				<ele>135.67999267578125</ele>
				<time>2025-03-02T12:22:06Z</time>
			</trkpt>
			<trkpt lat="54.56822991371155" lon="25.237693667411804">
				<ele>135.67999267578125</ele>
				<time>2025-03-02T12:22:07Z</time>
			</trkpt>
			<trkpt lat="54.568297147750854" lon="25.23769497871399">
				<ele>136.16000366210938</ele>
				<time>2025-03-02T12:22:08Z</time>
			</trkpt>
			<trkpt lat="54.56837558746338" lon="25.23767387866974">
				<ele>136.16000366210938</ele>
				<time>2025-03-02T12:22:09Z</time>
			</trkpt>
			<trkpt lat="54.56846857070923" lon="25.237671613693237">
				<ele>136.16000366210938</ele>
				<time>2025-03-02T12:22:10Z</time>
			</trkpt>
			<trkpt lat="54.56857240200043" lon="25.2376766204834">
				<ele>136.16000366210938</ele>
				<time>2025-03-02T12:22:11Z</time>
			</trkpt>
			<trkpt lat="54.56868278980255" lon="25.23765790462494">
				<ele>136.16000366210938</ele>
				<time>2025-03-02T12:22:12Z</time>
			</trkpt>
			<trkpt lat="54.56881487369537" lon="25.237640023231506">
				<ele>136.16000366210938</ele>
				<time>2025-03-02T12:22:13Z</time>
			</trkpt>
			<trkpt lat="54.56896209716797" lon="25.237642288208008">
				<ele>136.16000366210938</ele>
				<time>2025-03-02T12:22:14Z</time>
			</trkpt>
			<trkpt lat="54.569403886795044" lon="25.237712264060974">
				<ele>136.16000366210938</ele>
				<time>2025-03-02T12:22:18Z</time>
			</trkpt>
			<trkpt lat="54.569472789764404" lon="25.23776912689209">
				<ele>136.16000366210938</ele>
				<time>2025-03-02T12:22:19Z</time>
			</trkpt>
			<trkpt lat="54.56962275505066" lon="25.23791241645813">
				<ele>136.16000366210938</ele>
				<time>2025-03-02T12:22:21Z</time>
			</trkpt>
			<trkpt lat="54.569711327552795" lon="25.237946033477783">
				<ele>136.16000366210938</ele>
				<time>2025-03-02T12:22:22Z</time>
			</trkpt>
			<trkpt lat="54.569801807403564" lon="25.237945556640625">
				<ele>136.16000366210938</ele>
				<time>2025-03-02T12:22:23Z</time>
			</trkpt>
			<trkpt lat="54.569892048835754" lon="25.237910747528076">
				<ele>136.63999938964844</ele>
				<time>2025-03-02T12:22:24Z</time>
			</trkpt>
			<trkpt lat="54.5699816942215" lon="25.2378431558609">
				<ele>136.63999938964844</ele>
				<time>2025-03-02T12:22:25Z</time>
			</trkpt>
			<trkpt lat="54.57005965709686" lon="25.237772703170776">
				<ele>136.63999938964844</ele>
				<time>2025-03-02T12:22:26Z</time>
			</trkpt>
			<trkpt lat="54.57011878490448" lon="25.237726092338562">
				<ele>136.63999938964844</ele>
				<time>2025-03-02T12:22:27Z</time>
			</trkpt>
			<trkpt lat="54.57017183303833" lon="25.237698316574097">
				<ele>136.63999938964844</ele>
				<time>2025-03-02T12:22:28Z</time>
			</trkpt>
			<trkpt lat="54.57022774219513" lon="25.23768401145935">
				<ele>136.16000366210938</ele>
				<time>2025-03-02T12:22:29Z</time>
			</trkpt>
			<trkpt lat="54.57028603553772" lon="25.237685322761536">
				<ele>136.16000366210938</ele>
				<time>2025-03-02T12:22:30Z</time>
			</trkpt>
			<trkpt lat="54.57034635543823" lon="25.23770260810852">
				<ele>136.16000366210938</ele>
				<time>2025-03-02T12:22:31Z</time>
			</trkpt>
			<trkpt lat="54.57040286064148" lon="25.237723231315613">
				<ele>136.16000366210938</ele>
				<time>2025-03-02T12:22:32Z</time>
			</trkpt>
			<trkpt lat="54.570454239845276" lon="25.237720847129822">
				<ele>136.16000366210938</ele>
				<time>2025-03-02T12:22:33Z</time>
			</trkpt>
			<trkpt lat="54.57050132751465" lon="25.237685680389404">
				<ele>136.16000366210938</ele>
				<time>2025-03-02T12:22:34Z</time>
			</trkpt>
			<trkpt lat="54.570547103881836" lon="25.237634658813477">
				<ele>136.16000366210938</ele>
				<time>2025-03-02T12:22:35Z</time>
			</trkpt>
			<trkpt lat="54.570594787597656" lon="25.23758375644684">
				<ele>136.16000366210938</ele>
				<time>2025-03-02T12:22:36Z</time>
			</trkpt>
			<trkpt lat="54.57065498828888" lon="25.237536907196045">
				<ele>136.16000366210938</ele>
				<time>2025-03-02T12:22:37Z</time>
			</trkpt>
			<trkpt lat="54.57071828842163" lon="25.23751175403595">
				<ele>136.16000366210938</ele>
				<time>2025-03-02T12:22:38Z</time>
			</trkpt>
			<trkpt lat="54.570767283439636" lon="25.237521052360535">
				<ele>136.16000366210938</ele>
				<time>2025-03-02T12:22:39Z</time>
			</trkpt>
			<trkpt lat="54.57080006599426" lon="25.237546801567078">
				<ele>136.63999938964844</ele>
				<time>2025-03-02T12:22:40Z</time>
			</trkpt>
			<trkpt lat="54.570823550224304" lon="25.237576127052307">
				<ele>136.63999938964844</ele>
				<time>2025-03-02T12:22:41Z</time>
			</trkpt>
			<trkpt lat="54.57084548473358" lon="25.237623929977417">
				<ele>136.63999938964844</ele>
				<time>2025-03-02T12:22:42Z</time>
			</trkpt>
			<trkpt lat="54.570870995521545" lon="25.23772120475769">
				<ele>136.63999938964844</ele>
				<time>2025-03-02T12:22:43Z</time>
			</trkpt>
			<trkpt lat="54.57113444805145" lon="25.23892915248871">
				<ele>137.1300048828125</ele>
				<time>2025-03-02T12:22:51Z</time>
			</trkpt>
			<trkpt lat="54.571160316467285" lon="25.239062428474426">
				<ele>137.1300048828125</ele>
				<time>2025-03-02T12:22:52Z</time>
			</trkpt>
			<trkpt lat="54.57135057449341" lon="25.23976755142212">
				<ele>136.63999938964844</ele>
				<time>2025-03-02T12:22:59Z</time>
			</trkpt>
			<trkpt lat="54.57140004634857" lon="25.24014639854431">
				<ele>136.63999938964844</ele>
				<time>2025-03-02T12:23:02Z</time>
			</trkpt>
			<trkpt lat="54.57159972190857" lon="25.24068784713745">
				<ele>136.63999938964844</ele>
				<time>2025-03-02T12:23:08Z</time>
			</trkpt>
			<trkpt lat="54.571677803993225" lon="25.240631937980652">
				<ele>137.1300048828125</ele>
				<time>2025-03-02T12:23:09Z</time>
			</trkpt>
			<trkpt lat="54.57178580760956" lon="25.240530014038086">
				<ele>137.1300048828125</ele>
				<time>2025-03-02T12:23:10Z</time>
			</trkpt>
			<trkpt lat="54.57268583774567" lon="25.239664673805237">
				<ele>137.1300048828125</ele>
				<time>2025-03-02T12:23:17Z</time>
			</trkpt>
			<trkpt lat="54.57331573963165" lon="25.23906183242798">
				<ele>136.63999938964844</ele>
				<time>2025-03-02T12:23:22Z</time>
			</trkpt>
			<trkpt lat="54.573445200920105" lon="25.23886513710022">
				<ele>136.63999938964844</ele>
				<time>2025-03-02T12:23:23Z</time>
			</trkpt>
			<trkpt lat="54.573570013046265" lon="25.238646268844604">
				<ele>136.63999938964844</ele>
				<time>2025-03-02T12:23:24Z</time>
			</trkpt>
			<trkpt lat="54.574427485466" lon="25.2370343208313">
				<ele>137.1300048828125</ele>
				<time>2025-03-02T12:23:31Z</time>
			</trkpt>
			<trkpt lat="54.575605034828186" lon="25.23488676548004">
				<ele>137.61000061035156</ele>
				<time>2025-03-02T12:23:38Z</time>
			</trkpt>
			<trkpt lat="54.576064467430115" lon="25.234081029891968">
				<ele>137.61000061035156</ele>
				<time>2025-03-02T12:23:42Z</time>
			</trkpt>
			<trkpt lat="54.57613158226013" lon="25.23400616645813">
				<ele>137.61000061035156</ele>
				<time>2025-03-02T12:23:43Z</time>
			</trkpt>
			<trkpt lat="54.57620084285736" lon="25.233998894691467">
				<ele>137.1300048828125</ele>
				<time>2025-03-02T12:23:44Z</time>
			</trkpt>
			<trkpt lat="54.576281785964966" lon="25.23406755924225">
				<ele>137.1300048828125</ele>
				<time>2025-03-02T12:23:45Z</time>
			</trkpt>
			<trkpt lat="54.57637596130371" lon="25.234209299087524">
				<ele>137.1300048828125</ele>
				<time>2025-03-02T12:23:46Z</time>
			</trkpt>
			<trkpt lat="54.576483607292175" lon="25.234399676322937">
				<ele>137.1300048828125</ele>
				<time>2025-03-02T12:23:47Z</time>
			</trkpt>
			<trkpt lat="54.57726311683655" lon="25.235857605934143">
				<ele>137.61000061035156</ele>
				<time>2025-03-02T12:23:53Z</time>
			</trkpt>
			<trkpt lat="54.57751381397247" lon="25.236347198486328">
				<ele>137.61000061035156</ele>
				<time>2025-03-02T12:23:56Z</time>
			</trkpt>
			<trkpt lat="54.5775910615921" lon="25.23651134967804">
				<ele>137.61000061035156</ele>
				<time>2025-03-02T12:23:58Z</time>
			</trkpt>
			<trkpt lat="54.57761764526367" lon="25.236538648605347">
				<ele>137.61000061035156</ele>
				<time>2025-03-02T12:23:59Z</time>
			</trkpt>
			<trkpt lat="54.57763612270355" lon="25.23654270172119">
				<ele>137.61000061035156</ele>
				<time>2025-03-02T12:24:00Z</time>
			</trkpt>
			<trkpt lat="54.577653765678406" lon="25.236528515815735">
				<ele>137.61000061035156</ele>
				<time>2025-03-02T12:24:01Z</time>
			</trkpt>
			<trkpt lat="54.57766783237457" lon="25.23650360107422">
				<ele>137.61000061035156</ele>
				<time>2025-03-02T12:24:02Z</time>
			</trkpt>
			<trkpt lat="54.577664852142334" lon="25.236488461494446">
				<ele>137.61000061035156</ele>
				<time>2025-03-02T12:24:06Z</time>
			</trkpt>
			<trkpt lat="54.57762551307678" lon="25.236390709877014">
				<ele>138.57000732421875</ele>
				<time>2025-03-02T12:24:26Z</time>
			</trkpt>
			<trkpt lat="54.57759702205658" lon="25.23639738559723">
				<ele>138.57000732421875</ele>
				<time>2025-03-02T12:24:27Z</time>
			</trkpt>
			<trkpt lat="54.57756149768829" lon="25.236438989639282">
				<ele>139.0500030517578</ele>
				<time>2025-03-02T12:24:28Z</time>
			</trkpt>
			<trkpt lat="54.577518939971924" lon="25.23651885986328">
				<ele>139.0500030517578</ele>
				<time>2025-03-02T12:24:29Z</time>
			</trkpt>
			<trkpt lat="54.57746601104736" lon="25.236632227897644">
				<ele>139.0500030517578</ele>
				<time>2025-03-02T12:24:30Z</time>
			</trkpt>
			<trkpt lat="54.57703649997711" lon="25.23748254776001">
				<ele>139.0500030517578</ele>
				<time>2025-03-02T12:24:34Z</time>
			</trkpt>
			<trkpt lat="54.57598352432251" lon="25.23937153816223">
				<ele>140.00999450683594</ele>
				<time>2025-03-02T12:24:41Z</time>
			</trkpt>
			<trkpt lat="54.575417160987854" lon="25.240341186523438">
				<ele>140.00999450683594</ele>
				<time>2025-03-02T12:24:47Z</time>
			</trkpt>
			<trkpt lat="54.57526981830597" lon="25.240567564964294">
				<ele>140.00999450683594</ele>
				<time>2025-03-02T12:24:51Z</time>
			</trkpt>
			<trkpt lat="54.57527410984039" lon="25.240598559379578">
				<ele>140.00999450683594</ele>
				<time>2025-03-02T12:24:52Z</time>
			</trkpt>
			<trkpt lat="54.57529079914093" lon="25.240623235702515">
				<ele>140.00999450683594</ele>
				<time>2025-03-02T12:24:53Z</time>
			</trkpt>
			<trkpt lat="54.57531464099884" lon="25.2406268119812">
				<ele>140.00999450683594</ele>
				<time>2025-03-02T12:24:54Z</time>
			</trkpt>
			<trkpt lat="54.57533645629883" lon="25.240604043006897">
				<ele>140.00999450683594</ele>
				<time>2025-03-02T12:24:55Z</time>
			</trkpt>
			<trkpt lat="54.57535111904144" lon="25.240562438964844">
				<ele>140.00999450683594</ele>
				<time>2025-03-02T12:24:56Z</time>
			</trkpt>
			<trkpt lat="54.57536494731903" lon="25.240521669387817">
				<ele>140.00999450683594</ele>
				<time>2025-03-02T12:24:57Z</time>
			</trkpt>
			<trkpt lat="54.57537758350372" lon="25.240495920181274">
				<ele>140.00999450683594</ele>
				<time>2025-03-02T12:24:58Z</time>
			</trkpt>
			<trkpt lat="54.57538604736328" lon="25.240477204322815">
				<ele>139.52999877929688</ele>
				<time>2025-03-02T12:25:02Z</time>
			</trkpt>
			<trkpt lat="54.5755797624588" lon="25.240099668502808">
				<ele>136.16000366210938</ele>
				<time>2025-03-02T12:26:30Z</time>
			</trkpt>
			<trkpt lat="54.576295375823975" lon="25.238771677017212">
				<ele>136.16000366210938</ele>
				<time>2025-03-02T12:26:35Z</time>
			</trkpt>
			<trkpt lat="54.577922344207764" lon="25.235942006111145">
				<ele>136.63999938964844</ele>
				<time>2025-03-02T12:26:44Z</time>
			</trkpt>
			<trkpt lat="54.57840812206268" lon="25.23508358001709">
				<ele>136.63999938964844</ele>
				<time>2025-03-02T12:26:49Z</time>
			</trkpt>
			<trkpt lat="54.57843899726868" lon="25.2350035905838">
				<ele>136.63999938964844</ele>
				<time>2025-03-02T12:26:50Z</time>
			</trkpt>
			<trkpt lat="54.57843852043152" lon="25.2349511384964">
				<ele>136.63999938964844</ele>
				<time>2025-03-02T12:26:51Z</time>
			</trkpt>
			<trkpt lat="54.57842004299164" lon="25.234925746917725">
				<ele>136.63999938964844</ele>
				<time>2025-03-02T12:26:52Z</time>
			</trkpt>
			<trkpt lat="54.578357100486755" lon="25.234960436820984">
				<ele>136.63999938964844</ele>
				<time>2025-03-02T12:26:54Z</time>
			</trkpt>
			<trkpt lat="54.578309774398804" lon="25.23504328727722">
				<ele>137.1300048828125</ele>
				<time>2025-03-02T12:26:55Z</time>
			</trkpt>
			<trkpt lat="54.57823884487152" lon="25.235185623168945">
				<ele>137.1300048828125</ele>
				<time>2025-03-02T12:26:56Z</time>
			</trkpt>
			<trkpt lat="54.57757544517517" lon="25.23642337322235">
				<ele>138.08999633789062</ele>
				<time>2025-03-02T12:27:01Z</time>
			</trkpt>
			<trkpt lat="54.57612085342407" lon="25.239047050476074">
				<ele>138.57000732421875</ele>
				<time>2025-03-02T12:27:09Z</time>
			</trkpt>
			<trkpt lat="54.575480222702026" lon="25.240180492401123">
				<ele>138.57000732421875</ele>
				<time>2025-03-02T12:27:14Z</time>
			</trkpt>
			<trkpt lat="54.575350284576416" lon="25.240416407585144">
				<ele>138.57000732421875</ele>
				<time>2025-03-02T12:27:19Z</time>
			</trkpt>
			<trkpt lat="54.575353264808655" lon="25.24040961265564">
				<ele>138.57000732421875</ele>
				<time>2025-03-02T12:27:21Z</time>
			</trkpt>
			<trkpt lat="54.575286984443665" lon="25.240527033805847">
				<ele>138.57000732421875</ele>
				<time>2025-03-02T12:27:31Z</time>
			</trkpt>
			<trkpt lat="54.575268387794495" lon="25.24057447910309">
				<ele>138.57000732421875</ele>
				<time>2025-03-02T12:27:32Z</time>
			</trkpt>
			<trkpt lat="54.57527256011963" lon="25.24062430858612">
				<ele>138.57000732421875</ele>
				<time>2025-03-02T12:27:33Z</time>
			</trkpt>
			<trkpt lat="54.57529938220978" lon="25.240651845932007">
				<ele>138.57000732421875</ele>
				<time>2025-03-02T12:27:34Z</time>
			</trkpt>
			<trkpt lat="54.57534623146057" lon="25.240590929985046">
				<ele>138.57000732421875</ele>
				<time>2025-03-02T12:27:36Z</time>
			</trkpt>
			<trkpt lat="54.57534217834473" lon="25.24053645133972">
				<ele>138.57000732421875</ele>
				<time>2025-03-02T12:27:37Z</time>
			</trkpt>
			<trkpt lat="54.57533657550812" lon="25.240479707717896">
				<ele>138.57000732421875</ele>
				<time>2025-03-02T12:27:38Z</time>
			</trkpt>
			<trkpt lat="54.57534623146057" lon="25.240434885025024">
				<ele>138.57000732421875</ele>
				<time>2025-03-02T12:27:39Z</time>
			</trkpt>
			<trkpt lat="54.57535469532013" lon="25.240414261817932">
				<ele>138.57000732421875</ele>
				<time>2025-03-02T12:27:43Z</time>
			</trkpt>
			<trkpt lat="54.57563889026642" lon="25.239893913269043">
				<ele>139.0500030517578</ele>
				<time>2025-03-02T12:27:53Z</time>
			</trkpt>
			<trkpt lat="54.57656705379486" lon="25.238202333450317">
				<ele>139.52999877929688</ele>
				<time>2025-03-02T12:27:59Z</time>
			</trkpt>
			<trkpt lat="54.577494502067566" lon="25.23650288581848">
				<ele>140.00999450683594</ele>
				<time>2025-03-02T12:28:05Z</time>
			</trkpt>
			<trkpt lat="54.57757925987244" lon="25.236318588256836">
				<ele>139.52999877929688</ele>
				<time>2025-03-02T12:28:09Z</time>
			</trkpt>
			<trkpt lat="54.57757651805878" lon="25.23632574081421">
				<ele>139.0500030517578</ele>
				<time>2025-03-02T12:28:12Z</time>
			</trkpt>
			<trkpt lat="54.57764685153961" lon="25.236441731452942">
				<ele>138.57000732421875</ele>
				<time>2025-03-02T12:28:44Z</time>
			</trkpt>
			<trkpt lat="54.57761073112488" lon="25.236552953720093">
				<ele>138.57000732421875</ele>
				<time>2025-03-02T12:28:45Z</time>
			</trkpt>
			<trkpt lat="54.57753264904022" lon="25.236685037612915">
				<ele>138.57000732421875</ele>
				<time>2025-03-02T12:28:46Z</time>
			</trkpt>
			<trkpt lat="54.57741963863373" lon="25.236852765083313">
				<ele>138.57000732421875</ele>
				<time>2025-03-02T12:28:47Z</time>
			</trkpt>
			<trkpt lat="54.57666897773743" lon="25.238168001174927">
				<ele>137.61000061035156</ele>
				<time>2025-03-02T12:28:52Z</time>
			</trkpt>
			<trkpt lat="54.57581806182861" lon="25.239606976509094">
				<ele>137.1300048828125</ele>
				<time>2025-03-02T12:28:58Z</time>
			</trkpt>
			<trkpt lat="54.57536852359772" lon="25.240360856056213">
				<ele>136.16000366210938</ele>
				<time>2025-03-02T12:29:03Z</time>
			</trkpt>
			<trkpt lat="54.575350522994995" lon="25.240399837493896">
				<ele>136.16000366210938</ele>
				<time>2025-03-02T12:29:04Z</time>
			</trkpt>
			<trkpt lat="54.57535362243652" lon="25.24043369293213">
				<ele>136.16000366210938</ele>
				<time>2025-03-02T12:29:05Z</time>
			</trkpt>
			<trkpt lat="54.57537055015564" lon="25.24046266078949">
				<ele>136.16000366210938</ele>
				<time>2025-03-02T12:29:06Z</time>
			</trkpt>
			<trkpt lat="54.575424909591675" lon="25.24046802520752">
				<ele>135.67999267578125</ele>
				<time>2025-03-02T12:29:08Z</time>
			</trkpt>
			<trkpt lat="54.57544195652008" lon="25.240442156791687">
				<ele>135.67999267578125</ele>
				<time>2025-03-02T12:29:09Z</time>
			</trkpt>
			<trkpt lat="54.57545340061188" lon="25.240420699119568">
				<ele>135.1999969482422</ele>
				<time>2025-03-02T12:29:13Z</time>
			</trkpt>
			<trkpt lat="54.57569694519043" lon="25.23997128009796">
				<ele>130.39999389648438</ele>
				<time>2025-03-02T12:30:15Z</time>
			</trkpt>
			<trkpt lat="54.57661426067352" lon="25.238292694091797">
				<ele>130.39999389648438</ele>
				<time>2025-03-02T12:30:21Z</time>
			</trkpt>
			<trkpt lat="54.578134655952454" lon="25.235557436943054">
				<ele>130.39999389648438</ele>
				<time>2025-03-02T12:30:29Z</time>
			</trkpt>
			<trkpt lat="54.57878220081329" lon="25.23440432548523">
				<ele>130.39999389648438</ele>
				<time>2025-03-02T12:30:34Z</time>
			</trkpt>
			<trkpt lat="54.57896673679352" lon="25.234084963798523">
				<ele>129.9199981689453</ele>
				<time>2025-03-02T12:30:37Z</time>
			</trkpt>
			<trkpt lat="54.57898163795471" lon="25.23402225971222">
				<ele>129.9199981689453</ele>
				<time>2025-03-02T12:30:38Z</time>
			</trkpt>
			<trkpt lat="54.578977942466736" lon="25.233991026878357">
				<ele>129.9199981689453</ele>
				<time>2025-03-02T12:30:39Z</time>
			</trkpt>
			<trkpt lat="54.57896947860718" lon="25.23397719860077">
				<ele>129.9199981689453</ele>
				<time>2025-03-02T12:30:40Z</time>
			</trkpt>
			<trkpt lat="54.57891130447388" lon="25.233974933624268">
				<ele>130.39999389648438</ele>
				<time>2025-03-02T12:30:42Z</time>
			</trkpt>
			<trkpt lat="54.57885801792145" lon="25.23404836654663">
				<ele>130.39999389648438</ele>
				<time>2025-03-02T12:30:43Z</time>
			</trkpt>
			<trkpt lat="54.57879328727722" lon="25.234198331832886">
				<ele>130.39999389648438</ele>
				<time>2025-03-02T12:30:44Z</time>
			</trkpt>
			<trkpt lat="54.57870697975159" lon="25.234390258789062">
				<ele>130.39999389648438</ele>
				<time>2025-03-02T12:30:45Z</time>
			</trkpt>
			<trkpt lat="54.578593611717224" lon="25.234601378440857">
				<ele>130.39999389648438</ele>
				<time>2025-03-02T12:30:46Z</time>
			</trkpt>
			<trkpt lat="54.57846224308014" lon="25.23483943939209">
				<ele>130.8800048828125</ele>
				<time>2025-03-02T12:30:47Z</time>
			</trkpt>
			<trkpt lat="54.57770383358002" lon="25.236137628555298">
				<ele>131.36000061035156</ele>
				<time>2025-03-02T12:30:53Z</time>
			</trkpt>
			<trkpt lat="54.57756423950195" lon="25.236311078071594">
				<ele>131.36000061035156</ele>
				<time>2025-03-02T12:30:55Z</time>
			</trkpt>
			<trkpt lat="54.57752823829651" lon="25.23635160923004">
				<ele>131.36000061035156</ele>
				<time>2025-03-02T12:30:56Z</time>
			</trkpt>
			<trkpt lat="54.57751452922821" lon="25.23638153076172">
				<ele>131.36000061035156</ele>
				<time>2025-03-02T12:30:57Z</time>
			</trkpt>
			<trkpt lat="54.57751286029816" lon="25.236388206481934">
				<ele>131.36000061035156</ele>
				<time>2025-03-02T12:31:01Z</time>
			</trkpt>
			<trkpt lat="54.57752966880798" lon="25.236523032188416">
				<ele>121.73999786376953</ele>
				<time>2025-03-02T12:34:23Z</time>
			</trkpt>
			<trkpt lat="54.57755255699158" lon="25.23652458190918">
				<ele>121.73999786376953</ele>
				<time>2025-03-02T12:34:24Z</time>
			</trkpt>
			<trkpt lat="54.57757484912872" lon="25.23650300502777">
				<ele>121.26000213623047</ele>
				<time>2025-03-02T12:34:25Z</time>
			</trkpt>
			<trkpt lat="54.57758569717407" lon="25.236476182937622">
				<ele>121.26000213623047</ele>
				<time>2025-03-02T12:34:26Z</time>
			</trkpt>
			<trkpt lat="54.577587366104126" lon="25.236467003822327">
				<ele>121.26000213623047</ele>
				<time>2025-03-02T12:34:30Z</time>
			</trkpt>
			<trkpt lat="54.577537178993225" lon="25.23635232448578">
				<ele>121.26000213623047</ele>
				<time>2025-03-02T12:34:35Z</time>
			</trkpt>
			<trkpt lat="54.57750701904297" lon="25.23633563518524">
				<ele>121.73999786376953</ele>
				<time>2025-03-02T12:34:36Z</time>
			</trkpt>
			<trkpt lat="54.577473282814026" lon="25.236299753189087">
				<ele>121.73999786376953</ele>
				<time>2025-03-02T12:34:37Z</time>
			</trkpt>
			<trkpt lat="54.57744061946869" lon="25.23624551296234">
				<ele>121.73999786376953</ele>
				<time>2025-03-02T12:34:38Z</time>
			</trkpt>
			<trkpt lat="54.577407240867615" lon="25.236182689666748">
				<ele>121.73999786376953</ele>
				<time>2025-03-02T12:34:39Z</time>
			</trkpt>
			<trkpt lat="54.576871395111084" lon="25.235235333442688">
				<ele>122.70999908447266</ele>
				<time>2025-03-02T12:34:50Z</time>
			</trkpt>
			<trkpt lat="54.57620966434479" lon="25.234078884124756">
				<ele>122.22000122070312</ele>
				<time>2025-03-02T12:34:57Z</time>
			</trkpt>
			<trkpt lat="54.57615888118744" lon="25.233982801437378">
				<ele>122.22000122070312</ele>
				<time>2025-03-02T12:34:58Z</time>
			</trkpt>
			<trkpt lat="54.576144218444824" lon="25.23389756679535">
				<ele>122.22000122070312</ele>
				<time>2025-03-02T12:34:59Z</time>
			</trkpt>
			<trkpt lat="54.57616913318634" lon="25.233814001083374">
				<ele>122.22000122070312</ele>
				<time>2025-03-02T12:35:00Z</time>
			</trkpt>
			<trkpt lat="54.57622802257538" lon="25.233705282211304">
				<ele>122.22000122070312</ele>
				<time>2025-03-02T12:35:01Z</time>
			</trkpt>
			<trkpt lat="54.576316118240356" lon="25.233545541763306">
				<ele>121.73999786376953</ele>
				<time>2025-03-02T12:35:02Z</time>
			</trkpt>
			<trkpt lat="54.577001333236694" lon="25.232295989990234">
				<ele>121.73999786376953</ele>
				<time>2025-03-02T12:35:07Z</time>
			</trkpt>
			<trkpt lat="54.578614592552185" lon="25.229394793510437">
				<ele>122.22000122070312</ele>
				<time>2025-03-02T12:35:16Z</time>
			</trkpt>
			<trkpt lat="54.58034586906433" lon="25.226391911506653">
				<ele>122.70999908447266</ele>
				<time>2025-03-02T12:35:25Z</time>
			</trkpt>
			<trkpt lat="54.5805584192276" lon="25.226131439208984">
				<ele>122.70999908447266</ele>
				<time>2025-03-02T12:35:26Z</time>
			</trkpt>
			<trkpt lat="54.582436203956604" lon="25.224257469177246">
				<ele>123.19000244140625</ele>
				<time>2025-03-02T12:35:34Z</time>
			</trkpt>
			<trkpt lat="54.58612394332886" lon="25.220510482788086">
				<ele>125.11000061035156</ele>
				<time>2025-03-02T12:35:49Z</time>
			</trkpt>
			<trkpt lat="54.58739638328552" lon="25.21921408176422">
				<ele>125.58999633789062</ele>
				<time>2025-03-02T12:35:55Z</time>
			</trkpt>
			<trkpt lat="54.58785355091095" lon="25.218719124794006">
				<ele>125.58999633789062</ele>
				<time>2025-03-02T12:35:58Z</time>
			</trkpt>
			<trkpt lat="54.5879693031311" lon="25.21850609779358">
				<ele>125.58999633789062</ele>
				<time>2025-03-02T12:35:59Z</time>
			</trkpt>
			<trkpt lat="54.58806502819061" lon="25.218239665031433">
				<ele>125.58999633789062</ele>
				<time>2025-03-02T12:36:00Z</time>
			</trkpt>
			<trkpt lat="54.5881462097168" lon="25.217926621437073">
				<ele>125.58999633789062</ele>
				<time>2025-03-02T12:36:01Z</time>
			</trkpt>
			<trkpt lat="54.5882203578949" lon="25.21758270263672">
				<ele>125.58999633789062</ele>
				<time>2025-03-02T12:36:02Z</time>
			</trkpt>
			<trkpt lat="54.588794231414795" lon="25.214831113815308">
				<ele>126.55000305175781</ele>
				<time>2025-03-02T12:36:10Z</time>
			</trkpt>
			<trkpt lat="54.58895921707153" lon="25.214160442352295">
				<ele>126.55000305175781</ele>
				<time>2025-03-02T12:36:14Z</time>
			</trkpt>
			<trkpt lat="54.58896589279175" lon="25.214104056358337">
				<ele>126.55000305175781</ele>
				<time>2025-03-02T12:36:15Z</time>
			</trkpt>
			<trkpt lat="54.58895993232727" lon="25.214075684547424">
				<ele>126.55000305175781</ele>
				<time>2025-03-02T12:36:16Z</time>
			</trkpt>
			<trkpt lat="54.58894729614258" lon="25.214054584503174">
				<ele>126.55000305175781</ele>
				<time>2025-03-02T12:36:17Z</time>
			</trkpt>
			<trkpt lat="54.5889276266098" lon="25.214028477668762">
				<ele>126.55000305175781</ele>
				<time>2025-03-02T12:36:18Z</time>
			</trkpt>
			<trkpt lat="54.588905572891235" lon="25.21400225162506">
				<ele>126.55000305175781</ele>
				<time>2025-03-02T12:36:19Z</time>
			</trkpt>
			<trkpt lat="54.58848059177399" lon="25.213467121124268">
				<ele>127.02999877929688</ele>
				<time>2025-03-02T12:36:29Z</time>
			</trkpt>
			<trkpt lat="54.587960600852966" lon="25.212737798690796">
				<ele>127.02999877929688</ele>
				<time>2025-03-02T12:36:41Z</time>
			</trkpt>
			<trkpt lat="54.58754074573517" lon="25.212172031402588">
				<ele>126.06999969482422</ele>
				<time>2025-03-02T12:36:54Z</time>
			</trkpt>
			<trkpt lat="54.58755016326904" lon="25.21170926094055">
				<ele>124.62999725341797</ele>
				<time>2025-03-02T12:37:04Z</time>
			</trkpt>
			<trkpt lat="54.58778393268585" lon="25.211377501487732">
				<ele>122.70999908447266</ele>
				<time>2025-03-02T12:37:15Z</time>
			</trkpt>
			<trkpt lat="54.58783781528473" lon="25.211360335350037">
				<ele>122.70999908447266</ele>
				<time>2025-03-02T12:37:16Z</time>
			</trkpt>
			<trkpt lat="54.587910294532776" lon="25.21135413646698">
				<ele>122.70999908447266</ele>
				<time>2025-03-02T12:37:17Z</time>
			</trkpt>
			<trkpt lat="54.58888125419617" lon="25.211251616477966">
				<ele>121.73999786376953</ele>
				<time>2025-03-02T12:37:26Z</time>
			</trkpt>
			<trkpt lat="54.59004080295563" lon="25.210438132286072">
				<ele>121.73999786376953</ele>
				<time>2025-03-02T12:37:34Z</time>
			</trkpt>
			<trkpt lat="54.591402649879456" lon="25.208667039871216">
				<ele>123.19000244140625</ele>
				<time>2025-03-02T12:37:43Z</time>
			</trkpt>
			<trkpt lat="54.593151330947876" lon="25.207125663757324">
				<ele>124.62999725341797</ele>
				<time>2025-03-02T12:37:53Z</time>
			</trkpt>
			<trkpt lat="54.596155762672424" lon="25.204812049865723">
				<ele>126.06999969482422</ele>
				<time>2025-03-02T12:38:10Z</time>
			</trkpt>
			<trkpt lat="54.59860360622406" lon="25.202882528305054">
				<ele>127.98999786376953</ele>
				<time>2025-03-02T12:38:23Z</time>
			</trkpt>
			<trkpt lat="54.6003258228302" lon="25.20103943347931">
				<ele>128.9499969482422</ele>
				<time>2025-03-02T12:38:33Z</time>
			</trkpt>
			<trkpt lat="54.60164940357208" lon="25.198468923568726">
				<ele>130.39999389648438</ele>
				<time>2025-03-02T12:38:43Z</time>
			</trkpt>
			<trkpt lat="54.60256814956665" lon="25.19672930240631">
				<ele>130.8800048828125</ele>
				<time>2025-03-02T12:38:51Z</time>
			</trkpt>
			<trkpt lat="54.6026554107666" lon="25.196635246276855">
				<ele>130.8800048828125</ele>
				<time>2025-03-02T12:38:52Z</time>
			</trkpt>
			<trkpt lat="54.60274422168732" lon="25.196605682373047">
				<ele>131.36000061035156</ele>
				<time>2025-03-02T12:38:53Z</time>
			</trkpt>
			<trkpt lat="54.60283350944519" lon="25.196638822555542">
				<ele>131.36000061035156</ele>
				<time>2025-03-02T12:38:54Z</time>
			</trkpt>
			<trkpt lat="54.60292088985443" lon="25.196739554405212">
				<ele>131.36000061035156</ele>
				<time>2025-03-02T12:38:55Z</time>
			</trkpt>
			<trkpt lat="54.60301625728607" lon="25.196900486946106">
				<ele>131.36000061035156</ele>
				<time>2025-03-02T12:38:56Z</time>
			</trkpt>
			<trkpt lat="54.6043918132782" lon="25.19904637336731">
				<ele>131.83999633789062</ele>
				<time>2025-03-02T12:39:07Z</time>
			</trkpt>
			<trkpt lat="54.60562551021576" lon="25.200947642326355">
				<ele>131.83999633789062</ele>
				<time>2025-03-02T12:39:16Z</time>
			</trkpt>
			<trkpt lat="54.60680639743805" lon="25.20290958881378">
				<ele>131.83999633789062</ele>
				<time>2025-03-02T12:39:25Z</time>
			</trkpt>
			<trkpt lat="54.607497215270996" lon="25.20518720149994">
				<ele>132.32000732421875</ele>
				<time>2025-03-02T12:39:33Z</time>
			</trkpt>
			<trkpt lat="54.60783767700195" lon="25.207552313804626">
				<ele>132.8000030517578</ele>
				<time>2025-03-02T12:39:42Z</time>
			</trkpt>
			<trkpt lat="54.60782444477081" lon="25.207611918449402">
				<ele>132.8000030517578</ele>
				<time>2025-03-02T12:39:43Z</time>
			</trkpt>
			<trkpt lat="54.60779845714569" lon="25.20763611793518">
				<ele>132.8000030517578</ele>
				<time>2025-03-02T12:39:44Z</time>
			</trkpt>
			<trkpt lat="54.60771596431732" lon="25.2076416015625">
				<ele>132.8000030517578</ele>
				<time>2025-03-02T12:39:46Z</time>
			</trkpt>
			<trkpt lat="54.6071572303772" lon="25.20760190486908">
				<ele>133.75999450683594</ele>
				<time>2025-03-02T12:39:54Z</time>
			</trkpt>
			<trkpt lat="54.606931924819946" lon="25.20759356021881">
				<ele>134.24000549316406</ele>
				<time>2025-03-02T12:40:03Z</time>
			</trkpt>
			<trkpt lat="54.606831789016724" lon="25.207611083984375">
				<ele>134.24000549316406</ele>
				<time>2025-03-02T12:40:06Z</time>
			</trkpt>
			<trkpt lat="54.60675239562988" lon="25.207570433616638">
				<ele>134.24000549316406</ele>
				<time>2025-03-02T12:40:08Z</time>
			</trkpt>
			<trkpt lat="54.60613751411438" lon="25.207523226737976">
				<ele>133.27999877929688</ele>
				<time>2025-03-02T12:40:16Z</time>
			</trkpt>
			<trkpt lat="54.606053709983826" lon="25.20753026008606">
				<ele>133.27999877929688</ele>
				<time>2025-03-02T12:40:17Z</time>
			</trkpt>
			<trkpt lat="54.60561263561249" lon="25.207640171051025">
				<ele>132.32000732421875</ele>
				<time>2025-03-02T12:40:23Z</time>
			</trkpt>
			<trkpt lat="54.60477066040039" lon="25.207640767097473">
				<ele>130.8800048828125</ele>
				<time>2025-03-02T12:40:32Z</time>
			</trkpt>
			<trkpt lat="54.604710817337036" lon="25.2076336145401">
				<ele>130.8800048828125</ele>
				<time>2025-03-02T12:40:33Z</time>
			</trkpt>
			<trkpt lat="54.60451292991638" lon="25.207946181297302">
				<ele>130.39999389648438</ele>
				<time>2025-03-02T12:40:38Z</time>
			</trkpt>
			<trkpt lat="54.60429573059082" lon="25.209309101104736">
				<ele>128.9499969482422</ele>
				<time>2025-03-02T12:40:47Z</time>
			</trkpt>
			<trkpt lat="54.60419416427612" lon="25.210011839866638">
				<ele>127.98999786376953</ele>
				<time>2025-03-02T12:40:55Z</time>
			</trkpt>
			<trkpt lat="54.604132294654846" lon="25.210374355316162">
				<ele>127.98999786376953</ele>
				<time>2025-03-02T12:40:58Z</time>
			</trkpt>
			<trkpt lat="54.60406970977783" lon="25.210578560829163">
				<ele>127.51000213623047</ele>
				<time>2025-03-02T12:41:00Z</time>
			</trkpt>
			<trkpt lat="54.60398995876312" lon="25.211005926132202">
				<ele>127.51000213623047</ele>
				<time>2025-03-02T12:41:04Z</time>
			</trkpt>
			<trkpt lat="54.60391914844513" lon="25.21159064769745">
				<ele>127.02999877929688</ele>
				<time>2025-03-02T12:41:09Z</time>
			</trkpt>
			<trkpt lat="54.603840589523315" lon="25.212230324745178">
				<ele>127.02999877929688</ele>
				<time>2025-03-02T12:41:14Z</time>
			</trkpt>
			<trkpt lat="54.60375261306763" lon="25.21257984638214">
				<ele>127.02999877929688</ele>
				<time>2025-03-02T12:41:17Z</time>
			</trkpt>
			<trkpt lat="54.60371518135071" lon="25.213002562522888">
				<ele>127.02999877929688</ele>
				<time>2025-03-02T12:41:20Z</time>
			</trkpt>
			<trkpt lat="54.60367441177368" lon="25.21325123310089">
				<ele>126.55000305175781</ele>
				<time>2025-03-02T12:41:22Z</time>
			</trkpt>
			<trkpt lat="54.603458404541016" lon="25.214449286460876">
				<ele>125.58999633789062</ele>
				<time>2025-03-02T12:41:31Z</time>
			</trkpt>
			<trkpt lat="54.60334610939026" lon="25.21540403366089">
				<ele>125.58999633789062</ele>
				<time>2025-03-02T12:41:39Z</time>
			</trkpt>
			<trkpt lat="54.60323095321655" lon="25.21616268157959">
				<ele>125.11000061035156</ele>
				<time>2025-03-02T12:41:48Z</time>
			</trkpt>
			<trkpt lat="54.60322821140289" lon="25.21615183353424">
				<ele>125.11000061035156</ele>
				<time>2025-03-02T12:41:52Z</time>
			</trkpt>
			<trkpt lat="54.60321021080017" lon="25.216331124305725">
				<ele>124.62999725341797</ele>
				<time>2025-03-02T12:42:20Z</time>
			</trkpt>
			<trkpt lat="54.60316443443298" lon="25.21659815311432">
				<ele>124.62999725341797</ele>
				<time>2025-03-02T12:42:22Z</time>
			</trkpt>
			<trkpt lat="54.60280787944794" lon="25.2188583612442">
				<ele>120.77999877929688</ele>
				<time>2025-03-02T12:42:35Z</time>
			</trkpt>
			<trkpt lat="54.60274827480316" lon="25.21955442428589">
				<ele>120.77999877929688</ele>
				<time>2025-03-02T12:42:42Z</time>
			</trkpt>
			<trkpt lat="54.60275614261627" lon="25.21956157684326">
				<ele>120.77999877929688</ele>
				<time>2025-03-02T12:42:46Z</time>
			</trkpt>
			<trkpt lat="54.60284912586212" lon="25.219624876976013">
				<ele>120.77999877929688</ele>
				<time>2025-03-02T12:42:55Z</time>
			</trkpt>
			<trkpt lat="54.60309720039368" lon="25.21960473060608">
				<ele>120.77999877929688</ele>
				<time>2025-03-02T12:42:58Z</time>
			</trkpt>
			<trkpt lat="54.604209780693054" lon="25.21992862224579">
				<ele>120.77999877929688</ele>
				<time>2025-03-02T12:43:07Z</time>
			</trkpt>
			<trkpt lat="54.60515093803406" lon="25.2202467918396">
				<ele>121.73999786376953</ele>
				<time>2025-03-02T12:43:15Z</time>
			</trkpt>
			<trkpt lat="54.60626220703125" lon="25.22070324420929">
				<ele>121.26000213623047</ele>
				<time>2025-03-02T12:43:25Z</time>
			</trkpt>
			<trkpt lat="54.606478333473206" lon="25.221133589744568">
				<ele>121.73999786376953</ele>
				<time>2025-03-02T12:43:30Z</time>
			</trkpt>
			<trkpt lat="54.60649037361145" lon="25.22139847278595">
				<ele>122.22000122070312</ele>
				<time>2025-03-02T12:43:33Z</time>
			</trkpt>
			<trkpt lat="54.606576323509216" lon="25.221734285354614">
				<ele>122.22000122070312</ele>
				<time>2025-03-02T12:43:42Z</time>
			</trkpt>
			<trkpt lat="54.606577038764954" lon="25.22173583507538">
				<ele>122.22000122070312</ele>
				<time>2025-03-02T12:43:45Z</time>
			</trkpt>
			<trkpt lat="54.60645413398743" lon="25.22175681591034">
				<ele>122.22000122070312</ele>
				<time>2025-03-02T12:43:49Z</time>
			</trkpt>
			<trkpt lat="54.605796694755554" lon="25.22165298461914">
				<ele>121.73999786376953</ele>
				<time>2025-03-02T12:43:54Z</time>
			</trkpt>
			<trkpt lat="54.60424721240997" lon="25.22144305706024">
				<ele>120.77999877929688</ele>
				<time>2025-03-02T12:44:02Z</time>
			</trkpt>
			<trkpt lat="54.602783203125" lon="25.221820950508118">
				<ele>119.81999969482422</ele>
				<time>2025-03-02T12:44:10Z</time>
			</trkpt>
			<trkpt lat="54.602460980415344" lon="25.22194504737854">
				<ele>119.33999633789062</ele>
				<time>2025-03-02T12:44:14Z</time>
			</trkpt>
			<trkpt lat="54.602428674697876" lon="25.22199273109436">
				<ele>119.33999633789062</ele>
				<time>2025-03-02T12:44:15Z</time>
			</trkpt>
			<trkpt lat="54.60241878032684" lon="25.222056984901428">
				<ele>119.33999633789062</ele>
				<time>2025-03-02T12:44:16Z</time>
			</trkpt>
			<trkpt lat="54.60242474079132" lon="25.222143054008484">
				<ele>119.33999633789062</ele>
				<time>2025-03-02T12:44:17Z</time>
			</trkpt>
			<trkpt lat="54.602444529533386" lon="25.22225534915924">
				<ele>119.33999633789062</ele>
				<time>2025-03-02T12:44:18Z</time>
			</trkpt>
			<trkpt lat="54.60246753692627" lon="25.222375631332397">
				<ele>119.33999633789062</ele>
				<time>2025-03-02T12:44:19Z</time>
			</trkpt>
			<trkpt lat="54.60247552394867" lon="25.222495913505554">
				<ele>119.33999633789062</ele>
				<time>2025-03-02T12:44:20Z</time>
			</trkpt>
			<trkpt lat="54.60247242450714" lon="25.222614288330078">
				<ele>119.33999633789062</ele>
				<time>2025-03-02T12:44:21Z</time>
			</trkpt>
			<trkpt lat="54.60246801376343" lon="25.22273588180542">
				<ele>119.33999633789062</ele>
				<time>2025-03-02T12:44:22Z</time>
			</trkpt>
			<trkpt lat="54.60251307487488" lon="25.223056435585022">
				<ele>119.33999633789062</ele>
				<time>2025-03-02T12:44:26Z</time>
			</trkpt>
			<trkpt lat="54.60257077217102" lon="25.22317945957184">
				<ele>119.33999633789062</ele>
				<time>2025-03-02T12:44:30Z</time>
			</trkpt>
			<trkpt lat="54.60256552696228" lon="25.223201155662537">
				<ele>119.33999633789062</ele>
				<time>2025-03-02T12:44:31Z</time>
			</trkpt>
			<trkpt lat="54.60254895687103" lon="25.22321927547455">
				<ele>119.33999633789062</ele>
				<time>2025-03-02T12:44:32Z</time>
			</trkpt>
			<trkpt lat="54.60249316692352" lon="25.22329831123352">
				<ele>119.33999633789062</ele>
				<time>2025-03-02T12:44:35Z</time>
			</trkpt>
			<trkpt lat="54.60248780250549" lon="25.223341464996338">
				<ele>119.33999633789062</ele>
				<time>2025-03-02T12:44:36Z</time>
			</trkpt>
			<trkpt lat="54.60247182846069" lon="25.2240948677063">
				<ele>118.86000061035156</ele>
				<time>2025-03-02T12:44:44Z</time>
			</trkpt>
			<trkpt lat="54.60245966911316" lon="25.224186301231384">
				<ele>118.86000061035156</ele>
				<time>2025-03-02T12:44:45Z</time>
			</trkpt>
			<trkpt lat="54.60244905948639" lon="25.224257826805115">
				<ele>118.86000061035156</ele>
				<time>2025-03-02T12:44:46Z</time>
			</trkpt>
			<trkpt lat="54.602439165115356" lon="25.224307656288147">
				<ele>118.86000061035156</ele>
				<time>2025-03-02T12:44:47Z</time>
			</trkpt>
			<trkpt lat="54.60243606567383" lon="25.224337339401245">
				<ele>118.86000061035156</ele>
				<time>2025-03-02T12:44:48Z</time>
			</trkpt>
			<trkpt lat="54.602437257766724" lon="25.22437286376953">
				<ele>118.86000061035156</ele>
				<time>2025-03-02T12:44:49Z</time>
			</trkpt>
			<trkpt lat="54.60244035720825" lon="25.22442090511322">
				<ele>118.86000061035156</ele>
				<time>2025-03-02T12:44:50Z</time>
			</trkpt>
			<trkpt lat="54.60244297981262" lon="25.224472165107727">
				<ele>118.37999725341797</ele>
				<time>2025-03-02T12:44:51Z</time>
			</trkpt>
			<trkpt lat="54.60244011878967" lon="25.224526524543762">
				<ele>118.37999725341797</ele>
				<time>2025-03-02T12:44:52Z</time>
			</trkpt>
			<trkpt lat="54.602437138557434" lon="25.22459363937378">
				<ele>118.37999725341797</ele>
				<time>2025-03-02T12:44:53Z</time>
			</trkpt>
			<trkpt lat="54.60244119167328" lon="25.224663615226746">
				<ele>118.37999725341797</ele>
				<time>2025-03-02T12:44:54Z</time>
			</trkpt>
			<trkpt lat="54.60244333744049" lon="25.22473657131195">
				<ele>118.37999725341797</ele>
				<time>2025-03-02T12:44:55Z</time>
			</trkpt>
			<trkpt lat="54.60244274139404" lon="25.22481906414032">
				<ele>118.37999725341797</ele>
				<time>2025-03-02T12:44:56Z</time>
			</trkpt>
			<trkpt lat="54.602417945861816" lon="25.225253582000732">
				<ele>117.9000015258789</ele>
				<time>2025-03-02T12:45:05Z</time>
			</trkpt>
			<trkpt lat="54.602404952049255" lon="25.225402355194092">
				<ele>117.9000015258789</ele>
				<time>2025-03-02T12:45:09Z</time>
			</trkpt>
			<trkpt lat="54.60241234302521" lon="25.225439429283142">
				<ele>118.37999725341797</ele>
				<time>2025-03-02T12:45:10Z</time>
			</trkpt>
			<trkpt lat="54.60241651535034" lon="25.22548758983612">
				<ele>117.9000015258789</ele>
				<time>2025-03-02T12:45:11Z</time>
			</trkpt>
			<trkpt lat="54.60241734981537" lon="25.22576379776001">
				<ele>117.9000015258789</ele>
				<time>2025-03-02T12:45:15Z</time>
			</trkpt>
			<trkpt lat="54.60241508483887" lon="25.225846648216248">
				<ele>117.9000015258789</ele>
				<time>2025-03-02T12:45:16Z</time>
			</trkpt>
			<trkpt lat="54.60241425037384" lon="25.2259202003479">
				<ele>117.9000015258789</ele>
				<time>2025-03-02T12:45:17Z</time>
			</trkpt>
			<trkpt lat="54.60241365432739" lon="25.22597825527191">
				<ele>117.9000015258789</ele>
				<time>2025-03-02T12:45:18Z</time>
			</trkpt>
			<trkpt lat="54.602415800094604" lon="25.226035833358765">
				<ele>117.9000015258789</ele>
				<time>2025-03-02T12:45:19Z</time>
			</trkpt>
			<trkpt lat="54.602421283721924" lon="25.226099729537964">
				<ele>117.9000015258789</ele>
				<time>2025-03-02T12:45:20Z</time>
			</trkpt>
			<trkpt lat="54.60241615772247" lon="25.226943850517273">
				<ele>116.94000244140625</ele>
				<time>2025-03-02T12:45:30Z</time>
			</trkpt>
			<trkpt lat="54.60239005088806" lon="25.228124856948853">
				<ele>116.94000244140625</ele>
				<time>2025-03-02T12:45:41Z</time>
			</trkpt>
			<trkpt lat="54.602383613586426" lon="25.228238463401794">
				<ele>116.94000244140625</ele>
				<time>2025-03-02T12:45:42Z</time>
			</trkpt>
			<trkpt lat="54.60237896442413" lon="25.22833502292633">
				<ele>116.94000244140625</ele>
				<time>2025-03-02T12:45:43Z</time>
			</trkpt>
			<trkpt lat="54.60238778591156" lon="25.228625655174255">
				<ele>117.41999816894531</ele>
				<time>2025-03-02T12:45:47Z</time>
			</trkpt>
			<trkpt lat="54.60239589214325" lon="25.228695511817932">
				<ele>117.41999816894531</ele>
				<time>2025-03-02T12:45:48Z</time>
			</trkpt>
			<trkpt lat="54.60239827632904" lon="25.22876727581024">
				<ele>117.41999816894531</ele>
				<time>2025-03-02T12:45:49Z</time>
			</trkpt>
			<trkpt lat="54.60239934921265" lon="25.22883701324463">
				<ele>117.41999816894531</ele>
				<time>2025-03-02T12:45:50Z</time>
			</trkpt>
			<trkpt lat="54.60239863395691" lon="25.228888154029846">
				<ele>117.41999816894531</ele>
				<time>2025-03-02T12:45:51Z</time>
			</trkpt>
			<trkpt lat="54.60237956047058" lon="25.22907865047455">
				<ele>117.9000015258789</ele>
				<time>2025-03-02T12:45:59Z</time>
			</trkpt>
			<trkpt lat="54.60235130786896" lon="25.229135394096375">
				<ele>118.37999725341797</ele>
				<time>2025-03-02T12:46:07Z</time>
			</trkpt>
			<trkpt lat="54.602368235588074" lon="25.22900652885437">
				<ele>118.86000061035156</ele>
				<time>2025-03-02T12:46:31Z</time>
			</trkpt>
			<trkpt lat="54.60235846042633" lon="25.229002118110657">
				<ele>118.86000061035156</ele>
				<time>2025-03-02T12:46:33Z</time>
			</trkpt>
			<trkpt lat="54.602320432662964" lon="25.229018449783325">
				<ele>119.81999969482422</ele>
				<time>2025-03-02T12:46:36Z</time>
			</trkpt>
			<trkpt lat="54.60226309299469" lon="25.229042887687683">
				<ele>119.81999969482422</ele>
				<time>2025-03-02T12:46:40Z</time>
			</trkpt>
			<trkpt lat="54.602227091789246" lon="25.229111313819885">
				<ele>119.81999969482422</ele>
				<time>2025-03-02T12:46:44Z</time>
			</trkpt>
			<trkpt lat="54.602214336395264" lon="25.229172706604004">
				<ele>119.81999969482422</ele>
				<time>2025-03-02T12:46:46Z</time>
			</trkpt>
			<trkpt lat="54.60221755504608" lon="25.229206562042236">
				<ele>119.81999969482422</ele>
				<time>2025-03-02T12:46:47Z</time>
			</trkpt>
			<trkpt lat="54.60222804546356" lon="25.22923755645752">
				<ele>119.81999969482422</ele>
				<time>2025-03-02T12:46:48Z</time>
			</trkpt>
			<trkpt lat="54.60224092006683" lon="25.229268074035645">
				<ele>119.81999969482422</ele>
				<time>2025-03-02T12:46:49Z</time>
			</trkpt>
			<trkpt lat="54.60224902629852" lon="25.22930335998535">
				<ele>119.81999969482422</ele>
				<time>2025-03-02T12:46:50Z</time>
			</trkpt>
			<trkpt lat="54.602256774902344" lon="25.229326009750366">
				<ele>119.81999969482422</ele>
				<time>2025-03-02T12:46:51Z</time>
			</trkpt>
			<trkpt lat="54.60226857662201" lon="25.229339480400085">
				<ele>119.81999969482422</ele>
				<time>2025-03-02T12:46:52Z</time>
			</trkpt>
			<trkpt lat="54.6023166179657" lon="25.229386687278748">
				<ele>119.81999969482422</ele>
				<time>2025-03-02T12:46:55Z</time>
			</trkpt>
			<trkpt lat="54.60233199596405" lon="25.229416012763977">
				<ele>119.81999969482422</ele>
				<time>2025-03-02T12:46:56Z</time>
			</trkpt>
			<trkpt lat="54.602338790893555" lon="25.22945725917816">
				<ele>119.81999969482422</ele>
				<time>2025-03-02T12:46:57Z</time>
			</trkpt>
			<trkpt lat="54.602338910102844" lon="25.229504704475403">
				<ele>119.81999969482422</ele>
				<time>2025-03-02T12:46:58Z</time>
			</trkpt>
			<trkpt lat="54.602333545684814" lon="25.22955095767975">
				<ele>119.81999969482422</ele>
				<time>2025-03-02T12:46:59Z</time>
			</trkpt>
			<trkpt lat="54.602330803871155" lon="25.22959554195404">
				<ele>119.81999969482422</ele>
				<time>2025-03-02T12:47:00Z</time>
			</trkpt>
			<trkpt lat="54.602330327034" lon="25.22963798046112">
				<ele>119.81999969482422</ele>
				<time>2025-03-02T12:47:01Z</time>
			</trkpt>
			<trkpt lat="54.60233020782471" lon="25.229677200317383">
				<ele>119.81999969482422</ele>
				<time>2025-03-02T12:47:02Z</time>
			</trkpt>
			<trkpt lat="54.60233128070831" lon="25.229711532592773">
				<ele>119.81999969482422</ele>
				<time>2025-03-02T12:47:03Z</time>
			</trkpt>
			<trkpt lat="54.60234773159027" lon="25.22992765903473">
				<ele>118.86000061035156</ele>
				<time>2025-03-02T12:47:13Z</time>
			</trkpt>
			<trkpt lat="54.60227847099304" lon="25.23056423664093">
				<ele>117.41999816894531</ele>
				<time>2025-03-02T12:47:24Z</time>
			</trkpt>
			<trkpt lat="54.602197766304016" lon="25.230969786643982">
				<ele>116.94000244140625</ele>
				<time>2025-03-02T12:47:30Z</time>
			</trkpt>
			<trkpt lat="54.602065563201904" lon="25.23149800300598">
				<ele>116.45999908447266</ele>
				<time>2025-03-02T12:47:37Z</time>
			</trkpt>
			<trkpt lat="54.60205066204071" lon="25.231569528579712">
				<ele>115.9800033569336</ele>
				<time>2025-03-02T12:47:38Z</time>
			</trkpt>
			<trkpt lat="54.602028489112854" lon="25.231644868850708">
				<ele>115.9800033569336</ele>
				<time>2025-03-02T12:47:39Z</time>
			</trkpt>
			<trkpt lat="54.601938366889954" lon="25.23202407360077">
				<ele>115.5</ele>
				<time>2025-03-02T12:47:46Z</time>
			</trkpt>
			<trkpt lat="54.60192573070526" lon="25.23204803466797">
				<ele>115.5</ele>
				<time>2025-03-02T12:47:47Z</time>
			</trkpt>
			<trkpt lat="54.601906061172485" lon="25.232062339782715">
				<ele>115.5</ele>
				<time>2025-03-02T12:47:48Z</time>
			</trkpt>
			<trkpt lat="54.60188329219818" lon="25.232075929641724">
				<ele>115.5</ele>
				<time>2025-03-02T12:47:49Z</time>
			</trkpt>
			<trkpt lat="54.60186314582825" lon="25.232096195220947">
				<ele>115.5</ele>
				<time>2025-03-02T12:47:50Z</time>
			</trkpt>
			<trkpt lat="54.60184967517853" lon="25.232121229171753">
				<ele>115.01000213623047</ele>
				<time>2025-03-02T12:47:51Z</time>
			</trkpt>
			<trkpt lat="54.601842284202576" lon="25.232151865959167">
				<ele>115.01000213623047</ele>
				<time>2025-03-02T12:47:52Z</time>
			</trkpt>
			<trkpt lat="54.60184025764465" lon="25.23218548297882">
				<ele>115.01000213623047</ele>
				<time>2025-03-02T12:47:53Z</time>
			</trkpt>
			<trkpt lat="54.601837515830994" lon="25.232219338417053">
				<ele>115.01000213623047</ele>
				<time>2025-03-02T12:47:54Z</time>
			</trkpt>
			<trkpt lat="54.601837515830994" lon="25.232244968414307">
				<ele>115.01000213623047</ele>
				<time>2025-03-02T12:47:55Z</time>
			</trkpt>
			<trkpt lat="54.60182511806488" lon="25.232303500175476">
				<ele>114.05000305175781</ele>
				<time>2025-03-02T12:48:01Z</time>
			</trkpt>
			<trkpt lat="54.601800084114075" lon="25.23248815536499">
				<ele>113.56999969482422</ele>
				<time>2025-03-02T12:48:07Z</time>
			</trkpt>
			<trkpt lat="54.60160267353058" lon="25.23327386379242">
				<ele>113.08999633789062</ele>
				<time>2025-03-02T12:48:15Z</time>
			</trkpt>
			<trkpt lat="54.60158109664917" lon="25.233352303504944">
				<ele>112.61000061035156</ele>
				<time>2025-03-02T12:48:16Z</time>
			</trkpt>
			<trkpt lat="54.60133695602417" lon="25.234312891960144">
				<ele>111.6500015258789</ele>
				<time>2025-03-02T12:48:25Z</time>
			</trkpt>
			<trkpt lat="54.601301312446594" lon="25.234450697898865">
				<ele>111.6500015258789</ele>
				<time>2025-03-02T12:48:27Z</time>
			</trkpt>
			<trkpt lat="54.601035952568054" lon="25.23542892932892">
				<ele>111.16999816894531</ele>
				<time>2025-03-02T12:48:35Z</time>
			</trkpt>
			<trkpt lat="54.600804567337036" lon="25.236364603042603">
				<ele>110.20999908447266</ele>
				<time>2025-03-02T12:48:44Z</time>
			</trkpt>
			<trkpt lat="54.60075008869171" lon="25.236612796783447">
				<ele>110.20999908447266</ele>
				<time>2025-03-02T12:48:47Z</time>
			</trkpt>
			<trkpt lat="54.60067796707153" lon="25.23688268661499">
				<ele>110.20999908447266</ele>
				<time>2025-03-02T12:48:50Z</time>
			</trkpt>
			<trkpt lat="54.60065221786499" lon="25.236969351768494">
				<ele>110.20999908447266</ele>
				<time>2025-03-02T12:48:51Z</time>
			</trkpt>
			<trkpt lat="54.6005665063858" lon="25.237240195274353">
				<ele>110.69000244140625</ele>
				<time>2025-03-02T12:48:54Z</time>
			</trkpt>
			<trkpt lat="54.600552797317505" lon="25.237311124801636">
				<ele>110.69000244140625</ele>
				<time>2025-03-02T12:48:55Z</time>
			</trkpt>
			<trkpt lat="54.600547671318054" lon="25.237354516983032">
				<ele>110.69000244140625</ele>
				<time>2025-03-02T12:48:56Z</time>
			</trkpt>
			<trkpt lat="54.60054683685303" lon="25.237388014793396">
				<ele>110.69000244140625</ele>
				<time>2025-03-02T12:48:57Z</time>
			</trkpt>
			<trkpt lat="54.600544691085815" lon="25.237436652183533">
				<ele>110.69000244140625</ele>
				<time>2025-03-02T12:48:58Z</time>
			</trkpt>
			<trkpt lat="54.600539326667786" lon="25.237504839897156">
				<ele>111.16999816894531</ele>
				<time>2025-03-02T12:48:59Z</time>
			</trkpt>
			<trkpt lat="54.6005243062973" lon="25.237589359283447">
				<ele>111.16999816894531</ele>
				<time>2025-03-02T12:49:00Z</time>
			</trkpt>
			<trkpt lat="54.600499391555786" lon="25.237695455551147">
				<ele>111.16999816894531</ele>
				<time>2025-03-02T12:49:01Z</time>
			</trkpt>
			<trkpt lat="54.6001558303833" lon="25.239005208015442">
				<ele>111.16999816894531</ele>
				<time>2025-03-02T12:49:09Z</time>
			</trkpt>
			<trkpt lat="54.60011112689972" lon="25.23918128013611">
				<ele>111.16999816894531</ele>
				<time>2025-03-02T12:49:10Z</time>
			</trkpt>
			<trkpt lat="54.59990429878235" lon="25.23978054523468">
				<ele>112.12999725341797</ele>
				<time>2025-03-02T12:49:14Z</time>
			</trkpt>
			<trkpt lat="54.59979951381683" lon="25.24010169506073">
				<ele>112.61000061035156</ele>
				<time>2025-03-02T12:49:16Z</time>
			</trkpt>
			<trkpt lat="54.599650263786316" lon="25.240494966506958">
				<ele>112.61000061035156</ele>
				<time>2025-03-02T12:49:19Z</time>
			</trkpt>
			<trkpt lat="54.59924030303955" lon="25.24189293384552">
				<ele>114.05000305175781</ele>
				<time>2025-03-02T12:49:29Z</time>
			</trkpt>
			<trkpt lat="54.59898912906647" lon="25.24264693260193">
				<ele>114.52999877929688</ele>
				<time>2025-03-02T12:49:34Z</time>
			</trkpt>
			<trkpt lat="54.598875761032104" lon="25.24291241168976">
				<ele>115.01000213623047</ele>
				<time>2025-03-02T12:49:38Z</time>
			</trkpt>
			<trkpt lat="54.59874629974365" lon="25.243499994277954">
				<ele>115.5</ele>
				<time>2025-03-02T12:49:42Z</time>
			</trkpt>
			<trkpt lat="54.59834039211273" lon="25.244667887687683">
				<ele>116.45999908447266</ele>
				<time>2025-03-02T12:49:50Z</time>
			</trkpt>
			<trkpt lat="54.59784710407257" lon="25.24599063396454">
				<ele>116.94000244140625</ele>
				<time>2025-03-02T12:50:00Z</time>
			</trkpt>
			<trkpt lat="54.59740424156189" lon="25.247304916381836">
				<ele>117.9000015258789</ele>
				<time>2025-03-02T12:50:10Z</time>
			</trkpt>
			<trkpt lat="54.597018003463745" lon="25.248456954956055">
				<ele>118.37999725341797</ele>
				<time>2025-03-02T12:50:18Z</time>
			</trkpt>
			<trkpt lat="54.59692049026489" lon="25.248676419258118">
				<ele>118.37999725341797</ele>
				<time>2025-03-02T12:50:20Z</time>
			</trkpt>
			<trkpt lat="54.59686803817749" lon="25.24887728691101">
				<ele>118.37999725341797</ele>
				<time>2025-03-02T12:50:22Z</time>
			</trkpt>
			<trkpt lat="54.59674394130707" lon="25.24938714504242">
				<ele>118.86000061035156</ele>
				<time>2025-03-02T12:50:28Z</time>
			</trkpt>
			<trkpt lat="54.59632110595703" lon="25.250587940216064">
				<ele>118.86000061035156</ele>
				<time>2025-03-02T12:50:35Z</time>
			</trkpt>
			<trkpt lat="54.595810413360596" lon="25.25207531452179">
				<ele>118.37999725341797</ele>
				<time>2025-03-02T12:50:43Z</time>
			</trkpt>
			<trkpt lat="54.59528636932373" lon="25.25375759601593">
				<ele>119.33999633789062</ele>
				<time>2025-03-02T12:50:53Z</time>
			</trkpt>
			<trkpt lat="54.59479868412018" lon="25.255194664001465">
				<ele>119.81999969482422</ele>
				<time>2025-03-02T12:51:02Z</time>
			</trkpt>
			<trkpt lat="54.59468674659729" lon="25.2556254863739">
				<ele>120.77999877929688</ele>
				<time>2025-03-02T12:51:09Z</time>
			</trkpt>
			<trkpt lat="54.594659209251404" lon="25.255689024925232">
				<ele>120.77999877929688</ele>
				<time>2025-03-02T12:51:12Z</time>
			</trkpt>
			<trkpt lat="54.594550013542175" lon="25.255824208259583">
				<ele>121.73999786376953</ele>
				<time>2025-03-02T12:51:20Z</time>
			</trkpt>
			<trkpt lat="54.59455108642578" lon="25.25582456588745">
				<ele>122.22000122070312</ele>
				<time>2025-03-02T12:51:21Z</time>
			</trkpt>
			<trkpt lat="54.59330093860626" lon="25.261179089546204">
				<ele>140.49000549316406</ele>
				<time>2025-03-02T12:52:37Z</time>
			</trkpt>
			<trkpt lat="54.59324264526367" lon="25.261582612991333">
				<ele>140.97000122070312</ele>
				<time>2025-03-02T12:52:39Z</time>
			</trkpt>
			<trkpt lat="54.59321880340576" lon="25.261828422546387">
				<ele>140.97000122070312</ele>
				<time>2025-03-02T12:52:40Z</time>
			</trkpt>
			<trkpt lat="54.593210339546204" lon="25.262055039405823">
				<ele>140.97000122070312</ele>
				<time>2025-03-02T12:52:41Z</time>
			</trkpt>
			<trkpt lat="54.593207240104675" lon="25.26228964328766">
				<ele>140.97000122070312</ele>
				<time>2025-03-02T12:52:42Z</time>
			</trkpt>
			<trkpt lat="54.59304177761078" lon="25.26479399204254">
				<ele>140.00999450683594</ele>
				<time>2025-03-02T12:52:52Z</time>
			</trkpt>
			<trkpt lat="54.59287178516388" lon="25.267101883888245">
				<ele>139.52999877929688</ele>
				<time>2025-03-02T12:53:01Z</time>
			</trkpt>
			<trkpt lat="54.592753767967224" lon="25.268229961395264">
				<ele>139.52999877929688</ele>
				<time>2025-03-02T12:53:07Z</time>
			</trkpt>
			<trkpt lat="54.592719316482544" lon="25.268299341201782">
				<ele>139.52999877929688</ele>
				<time>2025-03-02T12:53:08Z</time>
			</trkpt>
			<trkpt lat="54.59267222881317" lon="25.268335461616516">
				<ele>139.52999877929688</ele>
				<time>2025-03-02T12:53:09Z</time>
			</trkpt>
			<trkpt lat="54.592609882354736" lon="25.268343567848206">
				<ele>139.52999877929688</ele>
				<time>2025-03-02T12:53:10Z</time>
			</trkpt>
			<trkpt lat="54.5925270318985" lon="25.268329620361328">
				<ele>139.52999877929688</ele>
				<time>2025-03-02T12:53:11Z</time>
			</trkpt>
			<trkpt lat="54.59242391586304" lon="25.26830554008484">
				<ele>139.52999877929688</ele>
				<time>2025-03-02T12:53:12Z</time>
			</trkpt>
			<trkpt lat="54.59219205379486" lon="25.268232464790344">
				<ele>139.52999877929688</ele>
				<time>2025-03-02T12:53:14Z</time>
			</trkpt>
			<trkpt lat="54.591832995414734" lon="25.26812756061554">
				<ele>139.0500030517578</ele>
				<time>2025-03-02T12:53:18Z</time>
			</trkpt>
			<trkpt lat="54.59177315235138" lon="25.268152475357056">
				<ele>138.57000732421875</ele>
				<time>2025-03-02T12:53:19Z</time>
			</trkpt>
			<trkpt lat="54.59171116352081" lon="25.26819896697998">
				<ele>138.57000732421875</ele>
				<time>2025-03-02T12:53:20Z</time>
			</trkpt>
			<trkpt lat="54.591644525527954" lon="25.26824128627777">
				<ele>138.57000732421875</ele>
				<time>2025-03-02T12:53:21Z</time>
			</trkpt>
			<trkpt lat="54.59156942367554" lon="25.26825225353241">
				<ele>138.57000732421875</ele>
				<time>2025-03-02T12:53:22Z</time>
			</trkpt>
			<trkpt lat="54.591482162475586" lon="25.268236875534058">
				<ele>138.57000732421875</ele>
				<time>2025-03-02T12:53:23Z</time>
			</trkpt>
			<trkpt lat="54.59138345718384" lon="25.26820659637451">
				<ele>138.57000732421875</ele>
				<time>2025-03-02T12:53:24Z</time>
			</trkpt>
			<trkpt lat="54.59128141403198" lon="25.26816475391388">
				<ele>138.57000732421875</ele>
				<time>2025-03-02T12:53:25Z</time>
			</trkpt>
			<trkpt lat="54.59043502807617" lon="25.26776683330536">
				<ele>138.08999633789062</ele>
				<time>2025-03-02T12:53:33Z</time>
			</trkpt>
			<trkpt lat="54.58925008773804" lon="25.267379641532898">
				<ele>137.61000061035156</ele>
				<time>2025-03-02T12:53:43Z</time>
			</trkpt>
			<trkpt lat="54.58816361427307" lon="25.26720654964447">
				<ele>138.08999633789062</ele>
				<time>2025-03-02T12:53:50Z</time>
			</trkpt>
			<trkpt lat="54.586931586265564" lon="25.26690685749054">
				<ele>138.57000732421875</ele>
				<time>2025-03-02T12:53:58Z</time>
			</trkpt>
			<trkpt lat="54.58542323112488" lon="25.26648724079132">
				<ele>140.00999450683594</ele>
				<time>2025-03-02T12:54:10Z</time>
			</trkpt>
			<trkpt lat="54.58503031730652" lon="25.26639437675476">
				<ele>140.97000122070312</ele>
				<time>2025-03-02T12:54:16Z</time>
			</trkpt>
			<trkpt lat="54.58503699302673" lon="25.26638174057007">
				<ele>141.4499969482422</ele>
				<time>2025-03-02T12:54:19Z</time>
			</trkpt>
			<trkpt lat="54.584981083869934" lon="25.26652193069458">
				<ele>143.3699951171875</ele>
				<time>2025-03-02T12:54:32Z</time>
			</trkpt>
			<trkpt lat="54.58488643169403" lon="25.267645955085754">
				<ele>143.3699951171875</ele>
				<time>2025-03-02T12:54:38Z</time>
			</trkpt>
			<trkpt lat="54.5848423242569" lon="25.2683207988739">
				<ele>143.85000610351562</ele>
				<time>2025-03-02T12:54:42Z</time>
			</trkpt>
			<trkpt lat="54.58485424518585" lon="25.268465518951416">
				<ele>143.85000610351562</ele>
				<time>2025-03-02T12:54:43Z</time>
			</trkpt>
			<trkpt lat="54.58488988876343" lon="25.268583059310913">
				<ele>143.85000610351562</ele>
				<time>2025-03-02T12:54:44Z</time>
			</trkpt>
			<trkpt lat="54.58494806289673" lon="25.268667459487915">
				<ele>144.33999633789062</ele>
				<time>2025-03-02T12:54:45Z</time>
			</trkpt>
			<trkpt lat="54.58502113819122" lon="25.268723964691162">
				<ele>144.33999633789062</ele>
				<time>2025-03-02T12:54:46Z</time>
			</trkpt>
			<trkpt lat="54.58510506153107" lon="25.268768668174744">
				<ele>144.82000732421875</ele>
				<time>2025-03-02T12:54:47Z</time>
			</trkpt>
			<trkpt lat="54.58520245552063" lon="25.268807768821716">
				<ele>144.82000732421875</ele>
				<time>2025-03-02T12:54:48Z</time>
			</trkpt>
			<trkpt lat="54.58531355857849" lon="25.268848657608032">
				<ele>144.82000732421875</ele>
				<time>2025-03-02T12:54:49Z</time>
			</trkpt>
			<trkpt lat="54.586236000061035" lon="25.26937186717987">
				<ele>146.25999450683594</ele>
				<time>2025-03-02T12:54:55Z</time>
			</trkpt>
			<trkpt lat="54.586913108825684" lon="25.26986813545227">
				<ele>147.22000122070312</ele>
				<time>2025-03-02T12:55:00Z</time>
			</trkpt>
			<trkpt lat="54.587010622024536" lon="25.269908666610718">
				<ele>147.22000122070312</ele>
				<time>2025-03-02T12:55:01Z</time>
			</trkpt>
			<trkpt lat="54.58711314201355" lon="25.269934058189392">
				<ele>147.22000122070312</ele>
				<time>2025-03-02T12:55:02Z</time>
			</trkpt>
			<trkpt lat="54.587225675582886" lon="25.269946455955505">
				<ele>147.6999969482422</ele>
				<time>2025-03-02T12:55:03Z</time>
			</trkpt>
			<trkpt lat="54.587347865104675" lon="25.269949674606323">
				<ele>148.17999267578125</ele>
				<time>2025-03-02T12:55:04Z</time>
			</trkpt>
			<trkpt lat="54.58822453022003" lon="25.270055413246155">
				<ele>149.6199951171875</ele>
				<time>2025-03-02T12:55:11Z</time>
			</trkpt>
			<trkpt lat="54.58870255947113" lon="25.27018415927887">
				<ele>150.10000610351562</ele>
				<time>2025-03-02T12:55:15Z</time>
			</trkpt>
			<trkpt lat="54.588754415512085" lon="25.270241260528564">
				<ele>150.10000610351562</ele>
				<time>2025-03-02T12:55:16Z</time>
			</trkpt>
			<trkpt lat="54.58879256248474" lon="25.270323872566223">
				<ele>150.10000610351562</ele>
				<time>2025-03-02T12:55:17Z</time>
			</trkpt>
			<trkpt lat="54.58894062042236" lon="25.270657658576965">
				<ele>151.05999755859375</ele>
				<time>2025-03-02T12:55:20Z</time>
			</trkpt>
			<trkpt lat="54.58898377418518" lon="25.270819664001465">
				<ele>152.02999877929688</ele>
				<time>2025-03-02T12:55:22Z</time>
			</trkpt>
			<trkpt lat="54.588969707489014" lon="25.27088212966919">
				<ele>152.02999877929688</ele>
				<time>2025-03-02T12:55:23Z</time>
			</trkpt>
			<trkpt lat="54.58893585205078" lon="25.270951747894287">
				<ele>152.50999450683594</ele>
				<time>2025-03-02T12:55:24Z</time>
			</trkpt>
			<trkpt lat="54.58889889717102" lon="25.271037697792053">
				<ele>152.50999450683594</ele>
				<time>2025-03-02T12:55:25Z</time>
			</trkpt>
			<trkpt lat="54.588871479034424" lon="25.271144151687622">
				<ele>152.99000549316406</ele>
				<time>2025-03-02T12:55:26Z</time>
			</trkpt>
			<trkpt lat="54.58885383605957" lon="25.271270155906677">
				<ele>152.99000549316406</ele>
				<time>2025-03-02T12:55:27Z</time>
			</trkpt>
			<trkpt lat="54.58883774280548" lon="25.27141237258911">
				<ele>153.47000122070312</ele>
				<time>2025-03-02T12:55:28Z</time>
			</trkpt>
			<trkpt lat="54.588826298713684" lon="25.271565437316895">
				<ele>153.9499969482422</ele>
				<time>2025-03-02T12:55:29Z</time>
			</trkpt>
			<trkpt lat="54.58882260322571" lon="25.271729707717896">
				<ele>153.9499969482422</ele>
				<time>2025-03-02T12:55:30Z</time>
			</trkpt>
			<trkpt lat="54.58882224559784" lon="25.27261793613434">
				<ele>154.91000366210938</ele>
				<time>2025-03-02T12:55:35Z</time>
			</trkpt>
			<trkpt lat="54.58885443210602" lon="25.27278482913971">
				<ele>155.38999938964844</ele>
				<time>2025-03-02T12:55:36Z</time>
			</trkpt>
			<trkpt lat="54.589205265045166" lon="25.274057030677795">
				<ele>156.35000610351562</ele>
				<time>2025-03-02T12:55:41Z</time>
			</trkpt>
			<trkpt lat="54.589587926864624" lon="25.27564263343811">
				<ele>156.8300018310547</ele>
				<time>2025-03-02T12:55:47Z</time>
			</trkpt>
			<trkpt lat="54.589675426483154" lon="25.276130199432373">
				<ele>156.8300018310547</ele>
				<time>2025-03-02T12:55:49Z</time>
			</trkpt>
			<trkpt lat="54.59028661251068" lon="25.278681755065918">
				<ele>157.7899932861328</ele>
				<time>2025-03-02T12:55:58Z</time>
			</trkpt>
			<trkpt lat="54.59058237075806" lon="25.279957056045532">
				<ele>157.7899932861328</ele>
				<time>2025-03-02T12:56:03Z</time>
			</trkpt>
			<trkpt lat="54.59113347530365" lon="25.28227961063385">
				<ele>158.27000427246094</ele>
				<time>2025-03-02T12:56:11Z</time>
			</trkpt>
			<trkpt lat="54.59147608280182" lon="25.2836252450943">
				<ele>158.75</ele>
				<time>2025-03-02T12:56:16Z</time>
			</trkpt>
			<trkpt lat="54.591647267341614" lon="25.28406298160553">
				<ele>159.24000549316406</ele>
				<time>2025-03-02T12:56:21Z</time>
			</trkpt>
			<trkpt lat="54.59179425239563" lon="25.284637689590454">
				<ele>159.72000122070312</ele>
				<time>2025-03-02T12:56:29Z</time>
			</trkpt>
			<trkpt lat="54.59191381931305" lon="25.285036325454712">
				<ele>160.67999267578125</ele>
				<time>2025-03-02T12:56:39Z</time>
			</trkpt>
			<trkpt lat="54.591991901397705" lon="25.2853684425354">
				<ele>160.67999267578125</ele>
				<time>2025-03-02T12:56:43Z</time>
			</trkpt>
			<trkpt lat="54.592265367507935" lon="25.28649592399597">
				<ele>161.16000366210938</ele>
				<time>2025-03-02T12:56:49Z</time>
			</trkpt>
			<trkpt lat="54.59248125553131" lon="25.287566423416138">
				<ele>161.63999938964844</ele>
				<time>2025-03-02T12:56:54Z</time>
			</trkpt>
			<trkpt lat="54.592671632766724" lon="25.288423657417297">
				<ele>161.63999938964844</ele>
				<time>2025-03-02T12:57:00Z</time>
			</trkpt>
			<trkpt lat="54.5933974981308" lon="25.291199564933777">
				<ele>163.0800018310547</ele>
				<time>2025-03-02T12:57:11Z</time>
			</trkpt>
			<trkpt lat="54.59366178512573" lon="25.292194366455078">
				<ele>163.55999755859375</ele>
				<time>2025-03-02T12:57:17Z</time>
			</trkpt>
			<trkpt lat="54.59368348121643" lon="25.292343258857727">
				<ele>163.55999755859375</ele>
				<time>2025-03-02T12:57:18Z</time>
			</trkpt>
			<trkpt lat="54.59370577335358" lon="25.292498350143433">
				<ele>163.55999755859375</ele>
				<time>2025-03-02T12:57:19Z</time>
			</trkpt>
			<trkpt lat="54.594000577926636" lon="25.293779492378235">
				<ele>164.0399932861328</ele>
				<time>2025-03-02T12:57:25Z</time>
			</trkpt>
			<trkpt lat="54.59461283683777" lon="25.29629135131836">
				<ele>164.52000427246094</ele>
				<time>2025-03-02T12:57:35Z</time>
			</trkpt>
			<trkpt lat="54.59469664096832" lon="25.296506524086">
				<ele>165.0</ele>
				<time>2025-03-02T12:57:38Z</time>
			</trkpt>
			<trkpt lat="54.59471356868744" lon="25.296499729156494">
				<ele>165.0</ele>
				<time>2025-03-02T12:57:39Z</time>
			</trkpt>
			<trkpt lat="54.59472322463989" lon="25.296480774879456">
				<ele>165.0</ele>
				<time>2025-03-02T12:57:43Z</time>
			</trkpt>
			<trkpt lat="54.594772815704346" lon="25.29651165008545">
				<ele>165.0</ele>
				<time>2025-03-02T12:57:57Z</time>
			</trkpt>
			<trkpt lat="54.59479904174805" lon="25.296537160873413">
				<ele>165.0</ele>
				<time>2025-03-02T12:57:58Z</time>
			</trkpt>
			<trkpt lat="54.59482729434967" lon="25.296598315238953">
				<ele>165.0</ele>
				<time>2025-03-02T12:57:59Z</time>
			</trkpt>
			<trkpt lat="54.59485614299774" lon="25.296704173088074">
				<ele>165.0</ele>
				<time>2025-03-02T12:58:00Z</time>
			</trkpt>
			<trkpt lat="54.59488904476166" lon="25.296854376792908">
				<ele>165.0</ele>
				<time>2025-03-02T12:58:01Z</time>
			</trkpt>
			<trkpt lat="54.59532594680786" lon="25.298595905303955">
				<ele>165.0</ele>
				<time>2025-03-02T12:58:10Z</time>
			</trkpt>
			<trkpt lat="54.59552276134491" lon="25.29924988746643">
				<ele>165.0</ele>
				<time>2025-03-02T12:58:14Z</time>
			</trkpt>
			<trkpt lat="54.59590554237366" lon="25.3002907037735">
				<ele>165.0</ele>
				<time>2025-03-02T12:58:21Z</time>
			</trkpt>
			<trkpt lat="54.59604728221893" lon="25.300775051116943">
				<ele>165.0</ele>
				<time>2025-03-02T12:58:24Z</time>
			</trkpt>
			<trkpt lat="54.59610569477081" lon="25.30088472366333">
				<ele>165.0</ele>
				<time>2025-03-02T12:58:25Z</time>
			</trkpt>
			<trkpt lat="54.59617578983307" lon="25.300981640815735">
				<ele>165.0</ele>
				<time>2025-03-02T12:58:26Z</time>
			</trkpt>
			<trkpt lat="54.596243143081665" lon="25.301074981689453">
				<ele>165.0</ele>
				<time>2025-03-02T12:58:27Z</time>
			</trkpt>
			<trkpt lat="54.59629583358765" lon="25.301183938980103">
				<ele>164.52000427246094</ele>
				<time>2025-03-02T12:58:28Z</time>
			</trkpt>
			<trkpt lat="54.59633111953735" lon="25.301321029663086">
				<ele>164.52000427246094</ele>
				<time>2025-03-02T12:58:29Z</time>
			</trkpt>
			<trkpt lat="54.59635555744171" lon="25.30146563053131">
				<ele>164.52000427246094</ele>
				<time>2025-03-02T12:58:30Z</time>
			</trkpt>
			<trkpt lat="54.59636580944061" lon="25.301587462425232">
				<ele>164.52000427246094</ele>
				<time>2025-03-02T12:58:31Z</time>
			</trkpt>
			<trkpt lat="54.59635305404663" lon="25.30167329311371">
				<ele>164.52000427246094</ele>
				<time>2025-03-02T12:58:32Z</time>
			</trkpt>
			<trkpt lat="54.596320033073425" lon="25.30173921585083">
				<ele>164.52000427246094</ele>
				<time>2025-03-02T12:58:33Z</time>
			</trkpt>
			<trkpt lat="54.59627437591553" lon="25.301803827285767">
				<ele>164.52000427246094</ele>
				<time>2025-03-02T12:58:34Z</time>
			</trkpt>
			<trkpt lat="54.596118688583374" lon="25.30204749107361">
				<ele>164.0399932861328</ele>
				<time>2025-03-02T12:58:39Z</time>
			</trkpt>
			<trkpt lat="54.596147775650024" lon="25.302433609962463">
				<ele>164.52000427246094</ele>
				<time>2025-03-02T12:58:50Z</time>
			</trkpt>
			<trkpt lat="54.59614861011505" lon="25.302432537078857">
				<ele>164.52000427246094</ele>
				<time>2025-03-02T12:58:53Z</time>
			</trkpt>
			<trkpt lat="54.596176862716675" lon="25.302584409713745">
				<ele>165.0</ele>
				<time>2025-03-02T12:59:11Z</time>
			</trkpt>
			<trkpt lat="54.59619128704071" lon="25.302660942077637">
				<ele>165.0</ele>
				<time>2025-03-02T12:59:12Z</time>
			</trkpt>
			<trkpt lat="54.5965713262558" lon="25.304149270057678">
				<ele>165.0</ele>
				<time>2025-03-02T12:59:20Z</time>
			</trkpt>
			<trkpt lat="54.596988916397095" lon="25.30587065219879">
				<ele>165.47999572753906</ele>
				<time>2025-03-02T12:59:28Z</time>
			</trkpt>
			<trkpt lat="54.59739851951599" lon="25.307435512542725">
				<ele>165.9600067138672</ele>
				<time>2025-03-02T12:59:36Z</time>
			</trkpt>
			<trkpt lat="54.598005294799805" lon="25.30978286266327">
				<ele>167.41000366210938</ele>
				<time>2025-03-02T12:59:46Z</time>
			</trkpt>
			<trkpt lat="54.59844148159027" lon="25.311704754829407">
				<ele>167.41000366210938</ele>
				<time>2025-03-02T12:59:55Z</time>
			</trkpt>
			<trkpt lat="54.5987948179245" lon="25.31305193901062">
				<ele>167.88999938964844</ele>
				<time>2025-03-02T13:00:02Z</time>
			</trkpt>
			<trkpt lat="54.59914481639862" lon="25.313359022140503">
				<ele>167.88999938964844</ele>
				<time>2025-03-02T13:00:07Z</time>
			</trkpt>
			<trkpt lat="54.599393129348755" lon="25.313313603401184">
				<ele>167.88999938964844</ele>
				<time>2025-03-02T13:00:09Z</time>
			</trkpt>
			<trkpt lat="54.600152134895325" lon="25.31286633014679">
				<ele>167.88999938964844</ele>
				<time>2025-03-02T13:00:16Z</time>
			</trkpt>
			<trkpt lat="54.60022699832916" lon="25.312982320785522">
				<ele>168.3699951171875</ele>
				<time>2025-03-02T13:00:18Z</time>
			</trkpt>
			<trkpt lat="54.60022699832916" lon="25.313097834587097">
				<ele>168.3699951171875</ele>
				<time>2025-03-02T13:00:19Z</time>
			</trkpt>
			<trkpt lat="54.6002117395401" lon="25.31320893764496">
				<ele>168.3699951171875</ele>
				<time>2025-03-02T13:00:20Z</time>
			</trkpt>
			<trkpt lat="54.60019767284393" lon="25.313297510147095">
				<ele>168.3699951171875</ele>
				<time>2025-03-02T13:00:21Z</time>
			</trkpt>
			<trkpt lat="54.60018873214722" lon="25.31338095664978">
				<ele>168.3699951171875</ele>
				<time>2025-03-02T13:00:22Z</time>
			</trkpt>
			<trkpt lat="54.60018229484558" lon="25.3134685754776">
				<ele>168.3699951171875</ele>
				<time>2025-03-02T13:00:23Z</time>
			</trkpt>
			<trkpt lat="54.600173115730286" lon="25.313552260398865">
				<ele>168.3699951171875</ele>
				<time>2025-03-02T13:00:24Z</time>
			</trkpt>
			<trkpt lat="54.600168228149414" lon="25.313628315925598">
				<ele>168.3699951171875</ele>
				<time>2025-03-02T13:00:25Z</time>
			</trkpt>
			<trkpt lat="54.60018825531006" lon="25.31368887424469">
				<ele>168.3699951171875</ele>
				<time>2025-03-02T13:00:26Z</time>
			</trkpt>
			<trkpt lat="54.60024893283844" lon="25.313722491264343">
				<ele>168.3699951171875</ele>
				<time>2025-03-02T13:00:27Z</time>
			</trkpt>
			<trkpt lat="54.60035526752472" lon="25.313726902008057">
				<ele>168.3699951171875</ele>
				<time>2025-03-02T13:00:28Z</time>
			</trkpt>
			<trkpt lat="54.60050165653229" lon="25.313714504241943">
				<ele>168.85000610351562</ele>
				<time>2025-03-02T13:00:29Z</time>
			</trkpt>
			<trkpt lat="54.601746559143066" lon="25.313565850257874">
				<ele>169.80999755859375</ele>
				<time>2025-03-02T13:00:35Z</time>
			</trkpt>
			<trkpt lat="54.60376954078674" lon="25.3133065700531">
				<ele>170.77000427246094</ele>
				<time>2025-03-02T13:00:44Z</time>
			</trkpt>
			<trkpt lat="54.60504674911499" lon="25.313161849975586">
				<ele>171.25</ele>
				<time>2025-03-02T13:00:52Z</time>
			</trkpt>
			<trkpt lat="54.60538029670715" lon="25.31315541267395">
				<ele>171.72999572753906</ele>
				<time>2025-03-02T13:00:56Z</time>
			</trkpt>
			<trkpt lat="54.60543978214264" lon="25.31318211555481">
				<ele>172.2100067138672</ele>
				<time>2025-03-02T13:00:57Z</time>
			</trkpt>
			<trkpt lat="54.60548806190491" lon="25.313227772712708">
				<ele>172.2100067138672</ele>
				<time>2025-03-02T13:00:58Z</time>
			</trkpt>
			<trkpt lat="54.6055349111557" lon="25.31326413154602">
				<ele>172.2100067138672</ele>
				<time>2025-03-02T13:00:59Z</time>
			</trkpt>
			<trkpt lat="54.60558545589447" lon="25.313267827033997">
				<ele>172.69000244140625</ele>
				<time>2025-03-02T13:01:00Z</time>
			</trkpt>
			<trkpt lat="54.60563266277313" lon="25.31323742866516">
				<ele>172.69000244140625</ele>
				<time>2025-03-02T13:01:01Z</time>
			</trkpt>
			<trkpt lat="54.60567843914032" lon="25.313188791275024">
				<ele>172.69000244140625</ele>
				<time>2025-03-02T13:01:02Z</time>
			</trkpt>
			<trkpt lat="54.60573375225067" lon="25.313140392303467">
				<ele>173.1699981689453</ele>
				<time>2025-03-02T13:01:03Z</time>
			</trkpt>
			<trkpt lat="54.605804204940796" lon="25.313106298446655">
				<ele>173.1699981689453</ele>
				<time>2025-03-02T13:01:04Z</time>
			</trkpt>
			<trkpt lat="54.605894684791565" lon="25.313084602355957">
				<ele>173.1699981689453</ele>
				<time>2025-03-02T13:01:05Z</time>
			</trkpt>
			<trkpt lat="54.606839656829834" lon="25.312837719917297">
				<ele>174.6199951171875</ele>
				<time>2025-03-02T13:01:12Z</time>
			</trkpt>
			<trkpt lat="54.60809826850891" lon="25.31229877471924">
				<ele>176.05999755859375</ele>
				<time>2025-03-02T13:01:18Z</time>
			</trkpt>
			<trkpt lat="54.61074674129486" lon="25.311053037643433">
				<ele>178.4600067138672</ele>
				<time>2025-03-02T13:01:28Z</time>
			</trkpt>
			<trkpt lat="54.61275041103363" lon="25.310089349746704">
				<ele>179.89999389648438</ele>
				<time>2025-03-02T13:01:36Z</time>
			</trkpt>
			<trkpt lat="54.61395585536957" lon="25.30958318710327">
				<ele>180.3800048828125</ele>
				<time>2025-03-02T13:01:43Z</time>
			</trkpt>
			<trkpt lat="54.61483860015869" lon="25.309195399284363">
				<ele>180.8699951171875</ele>
				<time>2025-03-02T13:01:49Z</time>
			</trkpt>
			<trkpt lat="54.614882588386536" lon="25.309105038642883">
				<ele>180.8699951171875</ele>
				<time>2025-03-02T13:01:50Z</time>
			</trkpt>
			<trkpt lat="54.614890933036804" lon="25.30896258354187">
				<ele>180.8699951171875</ele>
				<time>2025-03-02T13:01:51Z</time>
			</trkpt>
			<trkpt lat="54.614863991737366" lon="25.308762311935425">
				<ele>180.8699951171875</ele>
				<time>2025-03-02T13:01:52Z</time>
			</trkpt>
			<trkpt lat="54.614824175834656" lon="25.30854105949402">
				<ele>181.35000610351562</ele>
				<time>2025-03-02T13:01:53Z</time>
			</trkpt>
			<trkpt lat="54.6147837638855" lon="25.30835199356079">
				<ele>181.35000610351562</ele>
				<time>2025-03-02T13:01:54Z</time>
			</trkpt>
			<trkpt lat="54.61473214626312" lon="25.308218002319336">
				<ele>181.8300018310547</ele>
				<time>2025-03-02T13:01:55Z</time>
			</trkpt>
			<trkpt lat="54.614280581474304" lon="25.308232307434082">
				<ele>182.30999755859375</ele>
				<time>2025-03-02T13:01:59Z</time>
			</trkpt>
			<trkpt lat="54.613726019859314" lon="25.30842435359955">
				<ele>182.7899932861328</ele>
				<time>2025-03-02T13:02:03Z</time>
			</trkpt>
			<trkpt lat="54.613585114479065" lon="25.308851718902588">
				<ele>183.27000427246094</ele>
				<time>2025-03-02T13:02:08Z</time>
			</trkpt>
			<trkpt lat="54.613383531570435" lon="25.309077382087708">
				<ele>184.22999572753906</ele>
				<time>2025-03-02T13:02:13Z</time>
			</trkpt>
			<trkpt lat="54.613375782966614" lon="25.309197068214417">
				<ele>184.22999572753906</ele>
				<time>2025-03-02T13:02:19Z</time>
			</trkpt>
			<trkpt lat="54.6133759021759" lon="25.309197664260864">
				<ele>184.22999572753906</ele>
				<time>2025-03-02T13:02:20Z</time>
			</trkpt>
			<trkpt lat="54.613377809524536" lon="25.309108018875122">
				<ele>184.22999572753906</ele>
				<time>2025-03-02T13:02:37Z</time>
			</trkpt>
			<trkpt lat="54.61337733268738" lon="25.30910837650299">
				<ele>184.22999572753906</ele>
				<time>2025-03-02T13:02:39Z</time>
			</trkpt>
			<trkpt lat="54.61319947242737" lon="25.309137225151062">
				<ele>184.22999572753906</ele>
				<time>2025-03-02T13:02:43Z</time>
			</trkpt>
			<trkpt lat="54.61314845085144" lon="25.309263467788696">
				<ele>184.22999572753906</ele>
				<time>2025-03-02T13:02:51Z</time>
			</trkpt>
			<trkpt lat="54.61319196224213" lon="25.30951201915741">
				<ele>338.0400085449219</ele>
				<time>2025-03-02T13:18:40Z</time>
			</trkpt>
			<trkpt lat="54.613219022750854" lon="25.309462428092957">
				<ele>335.1600036621094</ele>
				<time>2025-03-02T13:18:51Z</time>
			</trkpt>
			<trkpt lat="54.61321485042572" lon="25.309449553489685">
				<ele>331.7900085449219</ele>
				<time>2025-03-02T13:18:59Z</time>
			</trkpt>
			<trkpt lat="54.61321544647217" lon="25.30943763256073">
				<ele>328.9100036621094</ele>
				<time>2025-03-02T13:19:10Z</time>
			</trkpt>
			<trkpt lat="54.613218545913696" lon="25.3094345331192">
				<ele>327.95001220703125</ele>
				<time>2025-03-02T13:19:14Z</time>
			</trkpt>
			<trkpt lat="54.61321270465851" lon="25.30950129032135">
				<ele>367.3599853515625</ele>
				<time>2025-03-02T13:31:57Z</time>
			</trkpt>
			<trkpt lat="54.613211154937744" lon="25.309432864189148">
				<ele>364.0</ele>
				<time>2025-03-02T13:32:07Z</time>
			</trkpt>
			<trkpt lat="54.61321675777435" lon="25.309418082237244">
				<ele>362.54998779296875</ele>
				<time>2025-03-02T13:32:11Z</time>
			</trkpt>
			<trkpt lat="54.61329698562622" lon="25.309385538101196">
				<ele>360.6300048828125</ele>
				<time>2025-03-02T13:32:15Z</time>
			</trkpt>
			<trkpt lat="54.613447308540344" lon="25.309173464775085">
				<ele>357.2699890136719</ele>
				<time>2025-03-02T13:32:24Z</time>
			</trkpt>
			<trkpt lat="54.61356043815613" lon="25.308964252471924">
				<ele>355.3399963378906</ele>
				<time>2025-03-02T13:32:29Z</time>
			</trkpt>
			<trkpt lat="54.613635778427124" lon="25.30849289894104">
				<ele>351.9800109863281</ele>
				<time>2025-03-02T13:32:37Z</time>
			</trkpt>
			<trkpt lat="54.613678097724915" lon="25.308470606803894">
				<ele>351.5</ele>
				<time>2025-03-02T13:32:38Z</time>
			</trkpt>
			<trkpt lat="54.61415076255798" lon="25.308316588401794">
				<ele>349.5799865722656</ele>
				<time>2025-03-02T13:32:45Z</time>
			</trkpt>
			<trkpt lat="54.61435580253601" lon="25.308518886566162">
				<ele>347.1700134277344</ele>
				<time>2025-03-02T13:32:51Z</time>
			</trkpt>
			<trkpt lat="54.614250898361206" lon="25.308701515197754">
				<ele>346.2099914550781</ele>
				<time>2025-03-02T13:32:54Z</time>
			</trkpt>
			<trkpt lat="54.614070534706116" lon="25.308969974517822">
				<ele>344.2900085449219</ele>
				<time>2025-03-02T13:33:02Z</time>
			</trkpt>
			<trkpt lat="54.61407029628754" lon="25.308968544006348">
				<ele>343.80999755859375</ele>
				<time>2025-03-02T13:33:04Z</time>
			</trkpt>
			<trkpt lat="54.61404097080231" lon="25.3090957403183">
				<ele>351.0199890136719</ele>
				<time>2025-03-02T13:35:00Z</time>
			</trkpt>
			<trkpt lat="54.614041328430176" lon="25.309107661247253">
				<ele>351.0199890136719</ele>
				<time>2025-03-02T13:35:01Z</time>
			</trkpt>
			<trkpt lat="54.61384415626526" lon="25.309163093566895">
				<ele>349.1000061035156</ele>
				<time>2025-03-02T13:35:10Z</time>
			</trkpt>
			<trkpt lat="54.613831758499146" lon="25.309099912643433">
				<ele>349.1000061035156</ele>
				<time>2025-03-02T13:35:11Z</time>
			</trkpt>
			<trkpt lat="54.613826394081116" lon="25.30902659893036">
				<ele>348.6199951171875</ele>
				<time>2025-03-02T13:35:12Z</time>
			</trkpt>
			<trkpt lat="54.61383366584778" lon="25.308945536613464">
				<ele>348.6199951171875</ele>
				<time>2025-03-02T13:35:13Z</time>
			</trkpt>
			<trkpt lat="54.61385238170624" lon="25.30886447429657">
				<ele>348.1300048828125</ele>
				<time>2025-03-02T13:35:14Z</time>
			</trkpt>
			<trkpt lat="54.613879442214966" lon="25.308786511421204">
				<ele>347.6499938964844</ele>
				<time>2025-03-02T13:35:15Z</time>
			</trkpt>
			<trkpt lat="54.613999366760254" lon="25.308677911758423">
				<ele>345.7300109863281</ele>
				<time>2025-03-02T13:35:21Z</time>
			</trkpt>
			<trkpt lat="54.61399710178375" lon="25.308676958084106">
				<ele>344.7699890136719</ele>
				<time>2025-03-02T13:35:23Z</time>
			</trkpt>
			<trkpt lat="54.61394274234772" lon="25.3086359500885">
				<ele>343.3299865722656</ele>
				<time>2025-03-02T13:35:28Z</time>
			</trkpt>
			<trkpt lat="54.61393928527832" lon="25.30861508846283">
				<ele>341.8900146484375</ele>
				<time>2025-03-02T13:35:32Z</time>
			</trkpt>
			<trkpt lat="54.613956928253174" lon="25.308676838874817">
				<ele>395.239990234375</ele>
				<time>2025-03-02T14:05:22Z</time>
			</trkpt>
			<trkpt lat="54.61395704746246" lon="25.308674097061157">
				<ele>395.239990234375</ele>
				<time>2025-03-02T14:05:23Z</time>
			</trkpt>
			<trkpt lat="54.61395502090454" lon="25.30866503715515">
				<ele>391.3900146484375</ele>
				<time>2025-03-02T14:05:34Z</time>
			</trkpt>
			<trkpt lat="54.61395454406738" lon="25.3086576461792">
				<ele>388.510009765625</ele>
				<time>2025-03-02T14:05:42Z</time>
			</trkpt>
			<trkpt lat="54.613951444625854" lon="25.308642506599426">
				<ele>385.6300048828125</ele>
				<time>2025-03-02T14:05:50Z</time>
			</trkpt>
			<trkpt lat="54.61389684677124" lon="25.308606386184692">
				<ele>390.42999267578125</ele>
				<time>2025-03-02T14:08:23Z</time>
			</trkpt>
			<trkpt lat="54.61391592025757" lon="25.30861723423004">
				<ele>386.5899963378906</ele>
				<time>2025-03-02T14:08:35Z</time>
			</trkpt>
			<trkpt lat="54.61391818523407" lon="25.308623790740967">
				<ele>383.2200012207031</ele>
				<time>2025-03-02T14:08:42Z</time>
			</trkpt>
			<trkpt lat="54.613919138908386" lon="25.308623909950256">
				<ele>380.3399963378906</ele>
				<time>2025-03-02T14:08:50Z</time>
			</trkpt>
			<trkpt lat="54.61392271518707" lon="25.308624625205994">
				<ele>376.9700012207031</ele>
				<time>2025-03-02T14:08:57Z</time>
			</trkpt>
			<trkpt lat="54.61390447616577" lon="25.308722138404846">
				<ele>371.2099914550781</ele>
				<time>2025-03-02T14:09:13Z</time>
			</trkpt>
			<trkpt lat="54.61385893821716" lon="25.308568596839905">
				<ele>368.79998779296875</ele>
				<time>2025-03-02T14:09:19Z</time>
			</trkpt>
			<trkpt lat="54.613879561424255" lon="25.308528780937195">
				<ele>366.8800048828125</ele>
				<time>2025-03-02T14:09:25Z</time>
			</trkpt>
			<trkpt lat="54.613948822021484" lon="25.308434009552002">
				<ele>360.1499938964844</ele>
				<time>2025-03-02T14:09:46Z</time>
			</trkpt>
			<trkpt lat="54.61409878730774" lon="25.308377981185913">
				<ele>357.2699890136719</ele>
				<time>2025-03-02T14:09:53Z</time>
			</trkpt>
			<trkpt lat="54.61446750164032" lon="25.308233618736267">
				<ele>355.8299865722656</ele>
				<time>2025-03-02T14:10:00Z</time>
			</trkpt>
			<trkpt lat="54.61472272872925" lon="25.308571696281433">
				<ele>353.8999938964844</ele>
				<time>2025-03-02T14:10:05Z</time>
			</trkpt>
			<trkpt lat="54.61473345756531" lon="25.30875790119171">
				<ele>353.8999938964844</ele>
				<time>2025-03-02T14:10:06Z</time>
			</trkpt>
			<trkpt lat="54.61474657058716" lon="25.30891513824463">
				<ele>353.4200134277344</ele>
				<time>2025-03-02T14:10:07Z</time>
			</trkpt>
			<trkpt lat="54.61474537849426" lon="25.309037685394287">
				<ele>353.4200134277344</ele>
				<time>2025-03-02T14:10:08Z</time>
			</trkpt>
			<trkpt lat="54.614718198776245" lon="25.309136390686035">
				<ele>352.94000244140625</ele>
				<time>2025-03-02T14:10:09Z</time>
			</trkpt>
			<trkpt lat="54.614662170410156" lon="25.309226512908936">
				<ele>352.94000244140625</ele>
				<time>2025-03-02T14:10:10Z</time>
			</trkpt>
			<trkpt lat="54.61456859111786" lon="25.309301257133484">
				<ele>352.4599914550781</ele>
				<time>2025-03-02T14:10:11Z</time>
			</trkpt>
			<trkpt lat="54.61443591117859" lon="25.30935847759247">
				<ele>352.4599914550781</ele>
				<time>2025-03-02T14:10:12Z</time>
			</trkpt>
			<trkpt lat="54.614274978637695" lon="25.3094265460968">
				<ele>352.4599914550781</ele>
				<time>2025-03-02T14:10:13Z</time>
			</trkpt>
			<trkpt lat="54.61409652233124" lon="25.309513211250305">
				<ele>351.9800109863281</ele>
				<time>2025-03-02T14:10:14Z</time>
			</trkpt>
			<trkpt lat="54.611849784851074" lon="25.31046235561371">
				<ele>349.5799865722656</ele>
				<time>2025-03-02T14:10:25Z</time>
			</trkpt>
			<trkpt lat="54.609822034835815" lon="25.31146538257599">
				<ele>347.1700134277344</ele>
				<time>2025-03-02T14:10:34Z</time>
			</trkpt>
			<trkpt lat="54.60693681240082" lon="25.312799334526062">
				<ele>344.7699890136719</ele>
				<time>2025-03-02T14:10:45Z</time>
			</trkpt>
			<trkpt lat="54.606037855148315" lon="25.3130224943161">
				<ele>342.8500061035156</ele>
				<time>2025-03-02T14:10:50Z</time>
			</trkpt>
			<trkpt lat="54.60560381412506" lon="25.31306529045105">
				<ele>341.4100036621094</ele>
				<time>2025-03-02T14:10:54Z</time>
			</trkpt>
			<trkpt lat="54.60543763637543" lon="25.313034653663635">
				<ele>340.9200134277344</ele>
				<time>2025-03-02T14:10:56Z</time>
			</trkpt>
			<trkpt lat="54.60534608364105" lon="25.313064217567444">
				<ele>340.44000244140625</ele>
				<time>2025-03-02T14:10:57Z</time>
			</trkpt>
			<trkpt lat="54.605114698410034" lon="25.31314241886139">
				<ele>339.9599914550781</ele>
				<time>2025-03-02T14:10:59Z</time>
			</trkpt>
			<trkpt lat="54.6041613817215" lon="25.313245058059692">
				<ele>339.0</ele>
				<time>2025-03-02T14:11:04Z</time>
			</trkpt>
			<trkpt lat="54.60210168361664" lon="25.31348967552185">
				<ele>337.0799865722656</ele>
				<time>2025-03-02T14:11:12Z</time>
			</trkpt>
			<trkpt lat="54.59907329082489" lon="25.313820123672485">
				<ele>334.20001220703125</ele>
				<time>2025-03-02T14:11:23Z</time>
			</trkpt>
			<trkpt lat="54.59775102138519" lon="25.313942551612854">
				<ele>331.7900085449219</ele>
				<time>2025-03-02T14:11:30Z</time>
			</trkpt>
			<trkpt lat="54.59696352481842" lon="25.31394624710083">
				<ele>330.8299865722656</ele>
				<time>2025-03-02T14:11:35Z</time>
			</trkpt>
			<trkpt lat="54.59687399864197" lon="25.313897252082825">
				<ele>329.8699951171875</ele>
				<time>2025-03-02T14:11:36Z</time>
			</trkpt>
			<trkpt lat="54.59681010246277" lon="25.313844799995422">
				<ele>329.8699951171875</ele>
				<time>2025-03-02T14:11:37Z</time>
			</trkpt>
			<trkpt lat="54.59675061702728" lon="25.313836812973022">
				<ele>329.3900146484375</ele>
				<time>2025-03-02T14:11:38Z</time>
			</trkpt>
			<trkpt lat="54.59670031070709" lon="25.313887357711792">
				<ele>329.3900146484375</ele>
				<time>2025-03-02T14:11:39Z</time>
			</trkpt>
			<trkpt lat="54.59667766094208" lon="25.31398379802704">
				<ele>328.9100036621094</ele>
				<time>2025-03-02T14:11:40Z</time>
			</trkpt>
			<trkpt lat="54.596733927726746" lon="25.31417417526245">
				<ele>328.42999267578125</ele>
				<time>2025-03-02T14:11:42Z</time>
			</trkpt>
			<trkpt lat="54.59722125530243" lon="25.314214944839478">
				<ele>327.4700012207031</ele>
				<time>2025-03-02T14:11:46Z</time>
			</trkpt>
			<trkpt lat="54.59747767448425" lon="25.31416881084442">
				<ele>326.989990234375</ele>
				<time>2025-03-02T14:11:48Z</time>
			</trkpt>
			<trkpt lat="54.597668170928955" lon="25.31420361995697">
				<ele>326.989990234375</ele>
				<time>2025-03-02T14:11:50Z</time>
			</trkpt>
			<trkpt lat="54.597721338272095" lon="25.31428849697113">
				<ele>326.5</ele>
				<time>2025-03-02T14:11:51Z</time>
			</trkpt>
			<trkpt lat="54.597739577293396" lon="25.314421772956848">
				<ele>326.0199890136719</ele>
				<time>2025-03-02T14:11:52Z</time>
			</trkpt>
			<trkpt lat="54.59771990776062" lon="25.314594864845276">
				<ele>326.0199890136719</ele>
				<time>2025-03-02T14:11:53Z</time>
			</trkpt>
			<trkpt lat="54.59767460823059" lon="25.314807295799255">
				<ele>325.5400085449219</ele>
				<time>2025-03-02T14:11:54Z</time>
			</trkpt>
			<trkpt lat="54.597349405288696" lon="25.316385984420776">
				<ele>324.5799865722656</ele>
				<time>2025-03-02T14:11:59Z</time>
			</trkpt>
			<trkpt lat="54.5968474149704" lon="25.318835616111755">
				<ele>323.1400146484375</ele>
				<time>2025-03-02T14:12:06Z</time>
			</trkpt>
			<trkpt lat="54.59629416465759" lon="25.32161045074463">
				<ele>320.739990234375</ele>
				<time>2025-03-02T14:12:16Z</time>
			</trkpt>
			<trkpt lat="54.59577679634094" lon="25.32414972782135">
				<ele>318.80999755859375</ele>
				<time>2025-03-02T14:12:25Z</time>
			</trkpt>
			<trkpt lat="54.595245480537415" lon="25.326775908470154">
				<ele>316.4100036621094</ele>
				<time>2025-03-02T14:12:34Z</time>
			</trkpt>
			<trkpt lat="54.5948646068573" lon="25.328718423843384">
				<ele>314.9700012207031</ele>
				<time>2025-03-02T14:12:41Z</time>
			</trkpt>
			<trkpt lat="54.594536542892456" lon="25.330219626426697">
				<ele>313.04998779296875</ele>
				<time>2025-03-02T14:12:49Z</time>
			</trkpt>
			<trkpt lat="54.594250202178955" lon="25.331688165664673">
				<ele>311.6000061035156</ele>
				<time>2025-03-02T14:12:56Z</time>
			</trkpt>
			<trkpt lat="54.59378433227539" lon="25.33406627178192">
				<ele>309.20001220703125</ele>
				<time>2025-03-02T14:13:06Z</time>
			</trkpt>
			<trkpt lat="54.59331572055817" lon="25.33639633655548">
				<ele>307.2799987792969</ele>
				<time>2025-03-02T14:13:15Z</time>
			</trkpt>
			<trkpt lat="54.59263288974762" lon="25.33978247642517">
				<ele>304.3900146484375</ele>
				<time>2025-03-02T14:13:29Z</time>
			</trkpt>
			<trkpt lat="54.59245204925537" lon="25.34072470664978">
				<ele>302.95001220703125</ele>
				<time>2025-03-02T14:13:35Z</time>
			</trkpt>
			<trkpt lat="54.59199357032776" lon="25.343072533607483">
				<ele>301.0299987792969</ele>
				<time>2025-03-02T14:13:47Z</time>
			</trkpt>
			<trkpt lat="54.59181869029999" lon="25.345208883285522">
				<ele>299.1099853515625</ele>
				<time>2025-03-02T14:13:56Z</time>
			</trkpt>
			<trkpt lat="54.59168231487274" lon="25.34742796421051">
				<ele>296.70001220703125</ele>
				<time>2025-03-02T14:14:06Z</time>
			</trkpt>
			<trkpt lat="54.591652393341064" lon="25.347551822662354">
				<ele>296.70001220703125</ele>
				<time>2025-03-02T14:14:07Z</time>
			</trkpt>
			<trkpt lat="54.591604113578796" lon="25.347647070884705">
				<ele>296.70001220703125</ele>
				<time>2025-03-02T14:14:08Z</time>
			</trkpt>
			<trkpt lat="54.591543197631836" lon="25.34771728515625">
				<ele>296.2200012207031</ele>
				<time>2025-03-02T14:14:09Z</time>
			</trkpt>
			<trkpt lat="54.59148693084717" lon="25.347784757614136">
				<ele>296.2200012207031</ele>
				<time>2025-03-02T14:14:10Z</time>
			</trkpt>
			<trkpt lat="54.59145438671112" lon="25.3478684425354">
				<ele>296.2200012207031</ele>
				<time>2025-03-02T14:14:11Z</time>
			</trkpt>
			<trkpt lat="54.59144854545593" lon="25.34795916080475">
				<ele>295.739990234375</ele>
				<time>2025-03-02T14:14:12Z</time>
			</trkpt>
			<trkpt lat="54.59146249294281" lon="25.348047137260437">
				<ele>295.739990234375</ele>
				<time>2025-03-02T14:14:13Z</time>
			</trkpt>
			<trkpt lat="54.59149932861328" lon="25.348119616508484">
				<ele>295.260009765625</ele>
				<time>2025-03-02T14:14:14Z</time>
			</trkpt>
			<trkpt lat="54.59156656265259" lon="25.34816873073578">
				<ele>295.260009765625</ele>
				<time>2025-03-02T14:14:15Z</time>
			</trkpt>
			<trkpt lat="54.59165871143341" lon="25.3482164144516">
				<ele>295.260009765625</ele>
				<time>2025-03-02T14:14:16Z</time>
			</trkpt>
			<trkpt lat="54.59174966812134" lon="25.348302721977234">
				<ele>294.7799987792969</ele>
				<time>2025-03-02T14:14:17Z</time>
			</trkpt>
			<trkpt lat="54.59183049201965" lon="25.34845507144928">
				<ele>294.7799987792969</ele>
				<time>2025-03-02T14:14:18Z</time>
			</trkpt>
			<trkpt lat="54.59190309047699" lon="25.348681449890137">
				<ele>294.7799987792969</ele>
				<time>2025-03-02T14:14:19Z</time>
			</trkpt>
			<trkpt lat="54.59196877479553" lon="25.348960399627686">
				<ele>294.29998779296875</ele>
				<time>2025-03-02T14:14:20Z</time>
			</trkpt>
			<trkpt lat="54.59203219413757" lon="25.3492614030838">
				<ele>294.29998779296875</ele>
				<time>2025-03-02T14:14:21Z</time>
			</trkpt>
			<trkpt lat="54.592689752578735" lon="25.352248191833496">
				<ele>292.8599853515625</ele>
				<time>2025-03-02T14:14:31Z</time>
			</trkpt>
			<trkpt lat="54.593448519706726" lon="25.355709075927734">
				<ele>290.94000244140625</ele>
				<time>2025-03-02T14:14:41Z</time>
			</trkpt>
			<trkpt lat="54.59405791759491" lon="25.358257055282593">
				<ele>289.489990234375</ele>
				<time>2025-03-02T14:14:48Z</time>
			</trkpt>
			<trkpt lat="54.595224022865295" lon="25.361380696296692">
				<ele>288.04998779296875</ele>
				<time>2025-03-02T14:14:56Z</time>
			</trkpt>
			<trkpt lat="54.59566009044647" lon="25.362637400627136">
				<ele>286.6099853515625</ele>
				<time>2025-03-02T14:15:01Z</time>
			</trkpt>
			<trkpt lat="54.59590148925781" lon="25.363660097122192">
				<ele>285.1700134277344</ele>
				<time>2025-03-02T14:15:08Z</time>
			</trkpt>
			<trkpt lat="54.59626615047455" lon="25.36521279811859">
				<ele>284.2099914550781</ele>
				<time>2025-03-02T14:15:15Z</time>
			</trkpt>
			<trkpt lat="54.596542954444885" lon="25.366531372070312">
				<ele>283.7300109863281</ele>
				<time>2025-03-02T14:15:19Z</time>
			</trkpt>
			<trkpt lat="54.59663116931915" lon="25.3668075799942">
				<ele>283.7300109863281</ele>
				<time>2025-03-02T14:15:20Z</time>
			</trkpt>
			<trkpt lat="54.596744418144226" lon="25.36706292629242">
				<ele>283.7300109863281</ele>
				<time>2025-03-02T14:15:21Z</time>
			</trkpt>
			<trkpt lat="54.59687387943268" lon="25.36728584766388">
				<ele>283.25</ele>
				<time>2025-03-02T14:15:22Z</time>
			</trkpt>
			<trkpt lat="54.5970025062561" lon="25.367472529411316">
				<ele>283.25</ele>
				<time>2025-03-02T14:15:23Z</time>
			</trkpt>
			<trkpt lat="54.59814929962158" lon="25.368962168693542">
				<ele>281.79998779296875</ele>
				<time>2025-03-02T14:15:33Z</time>
			</trkpt>
			<trkpt lat="54.59955298900604" lon="25.370849013328552">
				<ele>280.3599853515625</ele>
				<time>2025-03-02T14:15:45Z</time>
			</trkpt>
			<trkpt lat="54.600871086120605" lon="25.372559547424316">
				<ele>279.3999938964844</ele>
				<time>2025-03-02T14:15:56Z</time>
			</trkpt>
			<trkpt lat="54.60194635391235" lon="25.374056935310364">
				<ele>278.9200134277344</ele>
				<time>2025-03-02T14:16:02Z</time>
			</trkpt>
			<trkpt lat="54.60287415981293" lon="25.37561333179474">
				<ele>278.44000244140625</ele>
				<time>2025-03-02T14:16:08Z</time>
			</trkpt>
			<trkpt lat="54.60296428203583" lon="25.37585985660553">
				<ele>277.9599914550781</ele>
				<time>2025-03-02T14:16:09Z</time>
			</trkpt>
			<trkpt lat="54.603036522865295" lon="25.37611722946167">
				<ele>277.9599914550781</ele>
				<time>2025-03-02T14:16:10Z</time>
			</trkpt>
			<trkpt lat="54.60352647304535" lon="25.378127813339233">
				<ele>277.0</ele>
				<time>2025-03-02T14:16:19Z</time>
			</trkpt>
			<trkpt lat="54.603968262672424" lon="25.37984311580658">
				<ele>276.0400085449219</ele>
				<time>2025-03-02T14:16:28Z</time>
			</trkpt>
			<trkpt lat="54.604294180870056" lon="25.380810022354126">
				<ele>275.07000732421875</ele>
				<time>2025-03-02T14:16:36Z</time>
			</trkpt>
			<trkpt lat="54.60488700866699" lon="25.38172721862793">
				<ele>274.1099853515625</ele>
				<time>2025-03-02T14:16:44Z</time>
			</trkpt>
			<trkpt lat="54.605557441711426" lon="25.382567048072815">
				<ele>273.1499938964844</ele>
				<time>2025-03-02T14:16:52Z</time>
			</trkpt>
			<trkpt lat="54.60585010051727" lon="25.382938742637634">
				<ele>272.6700134277344</ele>
				<time>2025-03-02T14:16:56Z</time>
			</trkpt>
			<trkpt lat="54.60589516162872" lon="25.383064031600952">
				<ele>272.19000244140625</ele>
				<time>2025-03-02T14:16:57Z</time>
			</trkpt>
			<trkpt lat="54.605915904045105" lon="25.383237957954407">
				<ele>272.19000244140625</ele>
				<time>2025-03-02T14:16:58Z</time>
			</trkpt>
			<trkpt lat="54.60596787929535" lon="25.384774565696716">
				<ele>272.19000244140625</ele>
				<time>2025-03-02T14:17:03Z</time>
			</trkpt>
			<trkpt lat="54.60595667362213" lon="25.385576725006104">
				<ele>271.2300109863281</ele>
				<time>2025-03-02T14:17:07Z</time>
			</trkpt>
			<trkpt lat="54.60592019557953" lon="25.385623693466187">
				<ele>270.75</ele>
				<time>2025-03-02T14:17:08Z</time>
			</trkpt>
			<trkpt lat="54.60587465763092" lon="25.385626912117004">
				<ele>270.75</ele>
				<time>2025-03-02T14:17:09Z</time>
			</trkpt>
			<trkpt lat="54.605753779411316" lon="25.385582089424133">
				<ele>270.2699890136719</ele>
				<time>2025-03-02T14:17:16Z</time>
			</trkpt>
			<trkpt lat="54.60514307022095" lon="25.385433435440063">
				<ele>269.30999755859375</ele>
				<time>2025-03-02T14:17:24Z</time>
			</trkpt>
			<trkpt lat="54.60438871383667" lon="25.38525092601776">
				<ele>266.4200134277344</ele>
				<time>2025-03-02T14:17:35Z</time>
			</trkpt>
			<trkpt lat="54.60436308383942" lon="25.38521111011505">
				<ele>266.4200134277344</ele>
				<time>2025-03-02T14:17:36Z</time>
			</trkpt>
			<trkpt lat="54.604350090026855" lon="25.385154724121094">
				<ele>265.94000244140625</ele>
				<time>2025-03-02T14:17:37Z</time>
			</trkpt>
			<trkpt lat="54.60434448719025" lon="25.385099053382874">
				<ele>265.94000244140625</ele>
				<time>2025-03-02T14:17:38Z</time>
			</trkpt>
			<trkpt lat="54.60434293746948" lon="25.3850417137146">
				<ele>265.94000244140625</ele>
				<time>2025-03-02T14:17:39Z</time>
			</trkpt>
			<trkpt lat="54.60434412956238" lon="25.384984850883484">
				<ele>265.94000244140625</ele>
				<time>2025-03-02T14:17:40Z</time>
			</trkpt>
			<trkpt lat="54.60432994365692" lon="25.384067177772522">
				<ele>264.0199890136719</ele>
				<time>2025-03-02T14:17:53Z</time>
			</trkpt>
			<trkpt lat="54.60430932044983" lon="25.383774876594543">
				<ele>263.05999755859375</ele>
				<time>2025-03-02T14:18:02Z</time>
			</trkpt>
			<trkpt lat="54.60430824756622" lon="25.383774399757385">
				<ele>262.5799865722656</ele>
				<time>2025-03-02T14:18:04Z</time>
			</trkpt>
			<trkpt lat="54.60426878929138" lon="25.383761048316956">
				<ele>243.8300018310547</ele>
				<time>2025-03-02T14:20:19Z</time>
			</trkpt>
			<trkpt lat="54.60424506664276" lon="25.383759379386902">
				<ele>243.8300018310547</ele>
				<time>2025-03-02T14:20:20Z</time>
			</trkpt>
			<trkpt lat="54.60422432422638" lon="25.383756518363953">
				<ele>243.35000610351562</ele>
				<time>2025-03-02T14:20:21Z</time>
			</trkpt>
			<trkpt lat="54.60420799255371" lon="25.38374650478363">
				<ele>243.35000610351562</ele>
				<time>2025-03-02T14:20:22Z</time>
			</trkpt>
			<trkpt lat="54.604196429252625" lon="25.383737921714783">
				<ele>243.35000610351562</ele>
				<time>2025-03-02T14:20:23Z</time>
			</trkpt>
			<trkpt lat="54.6041659116745" lon="25.383719563484192">
				<ele>242.38999938964844</ele>
				<time>2025-03-02T14:20:29Z</time>
			</trkpt>
		</trkseg>
	</trk>
</gpx>
