<?xml version='1.0' encoding='UTF-8' standalone='yes' ?>
<gpx version="1.1" creator="OsmAnd 4.9.7" xmlns="http://www.topografix.com/GPX/1/1" xmlns:osmand="https://osmand.net" xmlns:gpxtpx="http://www.garmin.com/xmlschemas/TrackPointExtension/v1" xmlns:xsi="http://www.w3.org/2001/XMLSchema-instance" xsi:schemaLocation="http://www.topografix.com/GPX/1/1 http://www.topografix.com/GPX/1/1/gpx.xsd">
  <metadata>
    <name>Pabradė - Nemencine palei begius ezerus</name>
    <time>2024-11-23T15:38:12Z</time>
    <extensions>
      <osmand:activity>car</osmand:activity>
    </extensions>
  </metadata>
  <trk>
    <trkseg>
      <trkpt lat="54.9794239" lon="25.7562364">
        <ele>162.2</ele>
        <time>2024-11-23T13:14:00Z</time>
        <hdop>9.2</hdop>
        <extensions>
          <osmand:speed>0.8</osmand:speed>
        </extensions>
      </trkpt>
      <trkpt lat="54.9792877" lon="25.7562039">
        <ele>137.7</ele>
        <time>2024-11-23T13:14:06Z</time>
        <hdop>3.8</hdop>
      </trkpt>
      <trkpt lat="54.9793185" lon="25.7562187">
        <ele>143</ele>
        <time>2024-11-23T13:14:12Z</time>
        <hdop>3.8</hdop>
      </trkpt>
      <trkpt lat="54.9793866" lon="25.7558672">
        <ele>152.1</ele>
        <time>2024-11-23T13:14:39Z</time>
        <hdop>29</hdop>
      </trkpt>
      <trkpt lat="54.9793273" lon="25.7560633">
        <ele>152.1</ele>
        <time>2024-11-23T13:15:00Z</time>
        <hdop>33.9</hdop>
      </trkpt>
      <trkpt lat="54.9793562" lon="25.7563434">
        <ele>152.5</ele>
        <time>2024-11-23T13:15:21Z</time>
        <hdop>47.8</hdop>
      </trkpt>
      <trkpt lat="54.9793981" lon="25.7558231">
        <ele>152.1</ele>
        <time>2024-11-23T13:15:42Z</time>
        <hdop>36.1</hdop>
      </trkpt>
      <trkpt lat="54.9793275" lon="25.7558763">
        <ele>152.1</ele>
        <time>2024-11-23T13:16:03Z</time>
        <hdop>27.1</hdop>
      </trkpt>
      <trkpt lat="54.9751183" lon="25.7450073">
        <ele>143.3</ele>
        <time>2024-11-23T13:21:42Z</time>
        <hdop>10.2</hdop>
        <extensions>
          <osmand:speed>0.7</osmand:speed>
        </extensions>
      </trkpt>
      <trkpt lat="54.9751161" lon="25.7449351">
        <ele>142.2</ele>
        <time>2024-11-23T13:21:48Z</time>
        <hdop>3.8</hdop>
      </trkpt>
      <trkpt lat="54.9751432" lon="25.744929">
        <ele>148.4</ele>
        <time>2024-11-23T13:21:54Z</time>
        <hdop>3.8</hdop>
      </trkpt>
      <trkpt lat="54.9751443" lon="25.7449293">
        <ele>148.8</ele>
        <time>2024-11-23T13:22:00Z</time>
        <hdop>3.8</hdop>
      </trkpt>
      <trkpt lat="54.9751439" lon="25.7449294">
        <ele>148.9</ele>
        <time>2024-11-23T13:22:06Z</time>
        <hdop>3.8</hdop>
      </trkpt>
      <trkpt lat="54.9751436" lon="25.7449295">
        <ele>148.9</ele>
        <time>2024-11-23T13:22:12Z</time>
        <hdop>3.8</hdop>
      </trkpt>
      <trkpt lat="54.9751538" lon="25.7449417">
        <ele>148.7</ele>
        <time>2024-11-23T13:22:18Z</time>
        <hdop>3.8</hdop>
        <extensions>
          <osmand:speed>0.2</osmand:speed>
        </extensions>
      </trkpt>
      <trkpt lat="54.9752913" lon="25.7468292">
        <ele>165.5</ele>
        <time>2024-11-23T13:22:44Z</time>
        <hdop>21.7</hdop>
      </trkpt>
    </trkseg>
    <trkseg>
      <trkpt lat="54.9400731" lon="25.6660154">
        <ele>147.4</ele>
        <time>2024-11-23T13:58:29Z</time>
        <hdop>9.2</hdop>
        <extensions>
          <osmand:speed>12.7</osmand:speed>
        </extensions>
      </trkpt>
      <trkpt lat="54.9393915" lon="25.6655594">
        <ele>134</ele>
        <time>2024-11-23T13:58:35Z</time>
        <hdop>3.8</hdop>
        <extensions>
          <osmand:speed>14.2</osmand:speed>
        </extensions>
      </trkpt>
      <trkpt lat="54.9386069" lon="25.6650864">
        <ele>129.7</ele>
        <time>2024-11-23T13:58:41Z</time>
        <hdop>3.8</hdop>
        <extensions>
          <osmand:speed>16.6</osmand:speed>
        </extensions>
      </trkpt>
      <trkpt lat="54.9379547" lon="25.6647881">
        <ele>135</ele>
        <time>2024-11-23T13:58:47Z</time>
        <hdop>3.8</hdop>
        <extensions>
          <osmand:speed>8.5</osmand:speed>
        </extensions>
      </trkpt>
      <trkpt lat="54.9373969" lon="25.6644614">
        <ele>135.8</ele>
        <time>2024-11-23T13:58:53Z</time>
        <hdop>3.8</hdop>
        <extensions>
          <osmand:speed>11.2</osmand:speed>
        </extensions>
      </trkpt>
      <trkpt lat="54.9367429" lon="25.6640751">
        <ele>134.8</ele>
        <time>2024-11-23T13:58:59Z</time>
        <hdop>3.8</hdop>
        <extensions>
          <osmand:speed>11.8</osmand:speed>
        </extensions>
      </trkpt>
      <trkpt lat="54.9362863" lon="25.6639344">
        <ele>138</ele>
        <time>2024-11-23T13:59:05Z</time>
        <hdop>3.8</hdop>
        <extensions>
          <osmand:speed>9.8</osmand:speed>
        </extensions>
      </trkpt>
      <trkpt lat="54.9356388" lon="25.6636066">
        <ele>137.6</ele>
        <time>2024-11-23T13:59:11Z</time>
        <hdop>3.8</hdop>
        <extensions>
          <osmand:speed>11.9</osmand:speed>
        </extensions>
      </trkpt>
      <trkpt lat="54.9349837" lon="25.6632422">
        <ele>135.7</ele>
        <time>2024-11-23T13:59:17Z</time>
        <hdop>4.1</hdop>
        <extensions>
          <osmand:speed>12.6</osmand:speed>
        </extensions>
      </trkpt>
      <trkpt lat="54.9343624" lon="25.662906">
        <ele>138</ele>
        <time>2024-11-23T13:59:23Z</time>
        <hdop>4</hdop>
        <extensions>
          <osmand:speed>11.2</osmand:speed>
        </extensions>
      </trkpt>
      <trkpt lat="54.9336662" lon="25.6625075">
        <ele>139.2</ele>
        <time>2024-11-23T13:59:29Z</time>
        <hdop>4.3</hdop>
        <extensions>
          <osmand:speed>12.8</osmand:speed>
        </extensions>
      </trkpt>
      <trkpt lat="54.933162" lon="25.6622906">
        <ele>138.2</ele>
        <time>2024-11-23T13:59:35Z</time>
        <hdop>3.8</hdop>
        <extensions>
          <osmand:speed>7.3</osmand:speed>
        </extensions>
      </trkpt>
      <trkpt lat="54.9328062" lon="25.6625838">
        <ele>141.9</ele>
        <time>2024-11-23T13:59:41Z</time>
        <hdop>4.3</hdop>
        <extensions>
          <osmand:speed>8.4</osmand:speed>
        </extensions>
      </trkpt>
      <trkpt lat="54.9325005" lon="25.6627893">
        <ele>140.1</ele>
        <time>2024-11-23T13:59:47Z</time>
        <hdop>4.2</hdop>
        <extensions>
          <osmand:speed>5.7</osmand:speed>
        </extensions>
      </trkpt>
      <trkpt lat="54.9320119" lon="25.6627239">
        <ele>139.4</ele>
        <time>2024-11-23T13:59:53Z</time>
        <hdop>4.8</hdop>
        <extensions>
          <osmand:speed>9</osmand:speed>
        </extensions>
      </trkpt>
      <trkpt lat="54.931451" lon="25.6625322">
        <ele>142.1</ele>
        <time>2024-11-23T13:59:59Z</time>
        <hdop>4.5</hdop>
        <extensions>
          <osmand:speed>9.9</osmand:speed>
        </extensions>
      </trkpt>
      <trkpt lat="54.930795" lon="25.6622137">
        <ele>144.5</ele>
        <time>2024-11-23T14:00:05Z</time>
        <hdop>3.8</hdop>
        <extensions>
          <osmand:speed>9.7</osmand:speed>
        </extensions>
      </trkpt>
      <trkpt lat="54.9302229" lon="25.6620165">
        <ele>141.6</ele>
        <time>2024-11-23T14:00:11Z</time>
        <hdop>4.2</hdop>
        <extensions>
          <osmand:speed>9.6</osmand:speed>
        </extensions>
      </trkpt>
      <trkpt lat="54.9296771" lon="25.6614988">
        <ele>139.1</ele>
        <time>2024-11-23T14:00:17Z</time>
        <hdop>9</hdop>
        <extensions>
          <osmand:speed>11.4</osmand:speed>
        </extensions>
      </trkpt>
      <trkpt lat="54.9290118" lon="25.6610644">
        <ele>139.7</ele>
        <time>2024-11-23T14:00:23Z</time>
        <hdop>5.4</hdop>
        <extensions>
          <osmand:speed>13.9</osmand:speed>
        </extensions>
      </trkpt>
      <trkpt lat="54.9284292" lon="25.6607071">
        <ele>138.4</ele>
        <time>2024-11-23T14:00:29Z</time>
        <hdop>4.8</hdop>
        <extensions>
          <osmand:speed>9.9</osmand:speed>
        </extensions>
      </trkpt>
      <trkpt lat="54.9279238" lon="25.6604497">
        <ele>140.1</ele>
        <time>2024-11-23T14:00:35Z</time>
        <hdop>3.8</hdop>
        <extensions>
          <osmand:speed>9.3</osmand:speed>
        </extensions>
      </trkpt>
      <trkpt lat="54.9273288" lon="25.6602994">
        <ele>140.6</ele>
        <time>2024-11-23T14:00:41Z</time>
        <hdop>4.3</hdop>
        <extensions>
          <osmand:speed>10.4</osmand:speed>
        </extensions>
      </trkpt>
      <trkpt lat="54.926764" lon="25.6598846">
        <ele>138.5</ele>
        <time>2024-11-23T14:00:47Z</time>
        <hdop>4.2</hdop>
        <extensions>
          <osmand:speed>10.7</osmand:speed>
        </extensions>
      </trkpt>
      <trkpt lat="54.9262845" lon="25.6591929">
        <ele>138.5</ele>
        <time>2024-11-23T14:00:53Z</time>
        <hdop>4.4</hdop>
        <extensions>
          <osmand:speed>8.9</osmand:speed>
        </extensions>
      </trkpt>
      <trkpt lat="54.9257314" lon="25.6592072">
        <ele>138.8</ele>
        <time>2024-11-23T14:00:59Z</time>
        <hdop>4.8</hdop>
        <extensions>
          <osmand:speed>9.2</osmand:speed>
        </extensions>
      </trkpt>
      <trkpt lat="54.9251385" lon="25.6594104">
        <ele>143.4</ele>
        <time>2024-11-23T14:01:05Z</time>
        <hdop>5.2</hdop>
        <extensions>
          <osmand:speed>10.7</osmand:speed>
        </extensions>
      </trkpt>
      <trkpt lat="54.9244367" lon="25.6595793">
        <ele>140.4</ele>
        <time>2024-11-23T14:01:11Z</time>
        <hdop>6.3</hdop>
        <extensions>
          <osmand:speed>12</osmand:speed>
        </extensions>
      </trkpt>
      <trkpt lat="54.9238952" lon="25.6594961">
        <ele>140.8</ele>
        <time>2024-11-23T14:01:17Z</time>
        <hdop>4.6</hdop>
        <extensions>
          <osmand:speed>8.6</osmand:speed>
        </extensions>
      </trkpt>
      <trkpt lat="54.923456" lon="25.6591546">
        <ele>141.4</ele>
        <time>2024-11-23T14:01:23Z</time>
        <hdop>4.7</hdop>
        <extensions>
          <osmand:speed>8.9</osmand:speed>
        </extensions>
      </trkpt>
      <trkpt lat="54.9228747" lon="25.6593035">
        <ele>139.7</ele>
        <time>2024-11-23T14:01:29Z</time>
        <hdop>4.7</hdop>
        <extensions>
          <osmand:speed>10.9</osmand:speed>
        </extensions>
      </trkpt>
      <trkpt lat="54.9223368" lon="25.6594787">
        <ele>138.6</ele>
        <time>2024-11-23T14:01:35Z</time>
        <hdop>3.8</hdop>
        <extensions>
          <osmand:speed>6.9</osmand:speed>
        </extensions>
      </trkpt>
      <trkpt lat="54.9218954" lon="25.6597807">
        <ele>139.6</ele>
        <time>2024-11-23T14:01:41Z</time>
        <hdop>3.8</hdop>
        <extensions>
          <osmand:speed>8.9</osmand:speed>
        </extensions>
      </trkpt>
      <trkpt lat="54.9214505" lon="25.6599334">
        <ele>138.3</ele>
        <time>2024-11-23T14:01:47Z</time>
        <hdop>3.8</hdop>
        <extensions>
          <osmand:speed>7.5</osmand:speed>
        </extensions>
      </trkpt>
      <trkpt lat="54.921151" lon="25.6598652">
        <ele>142.1</ele>
        <time>2024-11-23T14:01:53Z</time>
        <hdop>3.8</hdop>
        <extensions>
          <osmand:speed>5.4</osmand:speed>
        </extensions>
      </trkpt>
      <trkpt lat="54.9207541" lon="25.6596353">
        <ele>138.5</ele>
        <time>2024-11-23T14:01:59Z</time>
        <hdop>4.9</hdop>
        <extensions>
          <osmand:speed>7.5</osmand:speed>
        </extensions>
      </trkpt>
      <trkpt lat="54.9204681" lon="25.6591002">
        <ele>140.1</ele>
        <time>2024-11-23T14:02:05Z</time>
        <hdop>4.8</hdop>
        <extensions>
          <osmand:speed>8.3</osmand:speed>
        </extensions>
      </trkpt>
      <trkpt lat="54.9199647" lon="25.6585023">
        <ele>139.8</ele>
        <time>2024-11-23T14:02:11Z</time>
        <hdop>6</hdop>
        <extensions>
          <osmand:speed>9.4</osmand:speed>
        </extensions>
      </trkpt>
      <trkpt lat="54.9196862" lon="25.6582985">
        <ele>141.9</ele>
        <time>2024-11-23T14:02:17Z</time>
        <hdop>5.1</hdop>
        <extensions>
          <osmand:speed>2.6</osmand:speed>
        </extensions>
      </trkpt>
      <trkpt lat="54.9196363" lon="25.6582864">
        <ele>141.9</ele>
        <time>2024-11-23T14:02:23Z</time>
        <hdop>4.3</hdop>
        <extensions>
          <osmand:speed>0.5</osmand:speed>
        </extensions>
      </trkpt>
      <trkpt lat="54.9196401" lon="25.6581794">
        <ele>142.3</ele>
        <time>2024-11-23T14:02:29Z</time>
        <hdop>4.4</hdop>
        <extensions>
          <osmand:speed>3</osmand:speed>
        </extensions>
      </trkpt>
      <trkpt lat="54.9199537" lon="25.6574999">
        <ele>140.9</ele>
        <time>2024-11-23T14:02:35Z</time>
        <hdop>3.9</hdop>
        <extensions>
          <osmand:speed>10.8</osmand:speed>
        </extensions>
      </trkpt>
      <trkpt lat="54.920333" lon="25.6567623">
        <ele>145.2</ele>
        <time>2024-11-23T14:02:41Z</time>
        <hdop>4</hdop>
        <extensions>
          <osmand:speed>6.1</osmand:speed>
        </extensions>
      </trkpt>
      <trkpt lat="54.9204275" lon="25.656331">
        <ele>144.9</ele>
        <time>2024-11-23T14:02:47Z</time>
        <hdop>4.7</hdop>
        <extensions>
          <osmand:speed>4.3</osmand:speed>
        </extensions>
      </trkpt>
      <trkpt lat="54.920421" lon="25.6558798">
        <ele>144</ele>
        <time>2024-11-23T14:02:53Z</time>
        <hdop>4.9</hdop>
        <extensions>
          <osmand:speed>3.3</osmand:speed>
        </extensions>
      </trkpt>
      <trkpt lat="54.9204831" lon="25.6555965">
        <ele>145.5</ele>
        <time>2024-11-23T14:02:59Z</time>
        <hdop>4.1</hdop>
        <extensions>
          <osmand:speed>2.5</osmand:speed>
        </extensions>
      </trkpt>
      <trkpt lat="54.9203746" lon="25.6554062">
        <ele>142.1</ele>
        <time>2024-11-23T14:03:05Z</time>
        <hdop>4.9</hdop>
        <extensions>
          <osmand:speed>4.3</osmand:speed>
        </extensions>
      </trkpt>
      <trkpt lat="54.9202796" lon="25.6549373">
        <ele>140.9</ele>
        <time>2024-11-23T14:03:11Z</time>
        <hdop>5.3</hdop>
        <extensions>
          <osmand:speed>4</osmand:speed>
        </extensions>
      </trkpt>
      <trkpt lat="54.9202358" lon="25.654681">
        <ele>142</ele>
        <time>2024-11-23T14:03:17Z</time>
        <hdop>3.9</hdop>
        <extensions>
          <osmand:speed>3</osmand:speed>
        </extensions>
      </trkpt>
      <trkpt lat="54.9198406" lon="25.6543913">
        <ele>139.4</ele>
        <time>2024-11-23T14:03:23Z</time>
        <hdop>3.8</hdop>
        <extensions>
          <osmand:speed>9.6</osmand:speed>
        </extensions>
      </trkpt>
      <trkpt lat="54.9192739" lon="25.6540301">
        <ele>140.5</ele>
        <time>2024-11-23T14:03:29Z</time>
        <hdop>3.8</hdop>
        <extensions>
          <osmand:speed>11.5</osmand:speed>
        </extensions>
      </trkpt>
      <trkpt lat="54.9189009" lon="25.6538128">
        <ele>139.8</ele>
        <time>2024-11-23T14:03:35Z</time>
        <hdop>3.8</hdop>
        <extensions>
          <osmand:speed>2.3</osmand:speed>
        </extensions>
      </trkpt>
      <trkpt lat="54.9187588" lon="25.6536962">
        <ele>137.4</ele>
        <time>2024-11-23T14:03:41Z</time>
        <hdop>3.8</hdop>
        <extensions>
          <osmand:speed>4.2</osmand:speed>
        </extensions>
      </trkpt>
      <trkpt lat="54.918492" lon="25.653618">
        <ele>135.3</ele>
        <time>2024-11-23T14:03:47Z</time>
        <hdop>3.8</hdop>
        <extensions>
          <osmand:speed>8.6</osmand:speed>
        </extensions>
      </trkpt>
      <trkpt lat="54.9179526" lon="25.6533028">
        <ele>135.1</ele>
        <time>2024-11-23T14:03:53Z</time>
        <hdop>3.8</hdop>
        <extensions>
          <osmand:speed>11.4</osmand:speed>
        </extensions>
      </trkpt>
      <trkpt lat="54.9174522" lon="25.6530148">
        <ele>135.7</ele>
        <time>2024-11-23T14:03:59Z</time>
        <hdop>3.8</hdop>
        <extensions>
          <osmand:speed>8.8</osmand:speed>
        </extensions>
      </trkpt>
      <trkpt lat="54.9171196" lon="25.6528003">
        <ele>136.6</ele>
        <time>2024-11-23T14:04:05Z</time>
        <hdop>3.8</hdop>
        <extensions>
          <osmand:speed>5.8</osmand:speed>
        </extensions>
      </trkpt>
      <trkpt lat="54.9167288" lon="25.6525826">
        <ele>136.1</ele>
        <time>2024-11-23T14:04:11Z</time>
        <hdop>3.8</hdop>
        <extensions>
          <osmand:speed>8.6</osmand:speed>
        </extensions>
      </trkpt>
      <trkpt lat="54.9162981" lon="25.6523582">
        <ele>135.5</ele>
        <time>2024-11-23T14:04:17Z</time>
        <hdop>3.8</hdop>
        <extensions>
          <osmand:speed>6.9</osmand:speed>
        </extensions>
      </trkpt>
      <trkpt lat="54.9159634" lon="25.6521513">
        <ele>136.8</ele>
        <time>2024-11-23T14:04:23Z</time>
        <hdop>3.8</hdop>
        <extensions>
          <osmand:speed>8.1</osmand:speed>
        </extensions>
      </trkpt>
      <trkpt lat="54.9155055" lon="25.6518992">
        <ele>136.3</ele>
        <time>2024-11-23T14:04:29Z</time>
        <hdop>3.8</hdop>
        <extensions>
          <osmand:speed>9.8</osmand:speed>
        </extensions>
      </trkpt>
      <trkpt lat="54.9149874" lon="25.6515907">
        <ele>135.9</ele>
        <time>2024-11-23T14:04:35Z</time>
        <hdop>3.8</hdop>
        <extensions>
          <osmand:speed>10.6</osmand:speed>
        </extensions>
      </trkpt>
      <trkpt lat="54.9144887" lon="25.651314">
        <ele>135.2</ele>
        <time>2024-11-23T14:04:41Z</time>
        <hdop>3.8</hdop>
        <extensions>
          <osmand:speed>8.8</osmand:speed>
        </extensions>
      </trkpt>
      <trkpt lat="54.9141723" lon="25.651133">
        <ele>135</ele>
        <time>2024-11-23T14:04:47Z</time>
        <hdop>3.8</hdop>
        <extensions>
          <osmand:speed>5</osmand:speed>
        </extensions>
      </trkpt>
      <trkpt lat="54.9137772" lon="25.6509379">
        <ele>133.7</ele>
        <time>2024-11-23T14:04:53Z</time>
        <hdop>3.8</hdop>
        <extensions>
          <osmand:speed>8.8</osmand:speed>
        </extensions>
      </trkpt>
      <trkpt lat="54.913323" lon="25.6507791">
        <ele>135.9</ele>
        <time>2024-11-23T14:04:59Z</time>
        <hdop>3.8</hdop>
        <extensions>
          <osmand:speed>8.5</osmand:speed>
        </extensions>
      </trkpt>
      <trkpt lat="54.912908" lon="25.6505198">
        <ele>137.9</ele>
        <time>2024-11-23T14:05:05Z</time>
        <hdop>3.8</hdop>
        <extensions>
          <osmand:speed>5.5</osmand:speed>
        </extensions>
      </trkpt>
      <trkpt lat="54.9126957" lon="25.650396">
        <ele>137.9</ele>
        <time>2024-11-23T14:05:11Z</time>
        <hdop>3.8</hdop>
        <extensions>
          <osmand:speed>3</osmand:speed>
        </extensions>
      </trkpt>
      <trkpt lat="54.9125951" lon="25.6503362">
        <ele>137.1</ele>
        <time>2024-11-23T14:05:17Z</time>
        <hdop>3.8</hdop>
        <extensions>
          <osmand:speed>1.4</osmand:speed>
        </extensions>
      </trkpt>
      <trkpt lat="54.912537" lon="25.6503056">
        <ele>138.1</ele>
        <time>2024-11-23T14:05:23Z</time>
        <hdop>3.8</hdop>
      </trkpt>
      <trkpt lat="54.9125475" lon="25.6503025">
        <ele>138.5</ele>
        <time>2024-11-23T14:05:29Z</time>
        <hdop>3.8</hdop>
        <extensions>
          <osmand:speed>0.5</osmand:speed>
        </extensions>
      </trkpt>
      <trkpt lat="54.9125441" lon="25.6503358">
        <ele>140.2</ele>
        <time>2024-11-23T14:05:35Z</time>
        <hdop>3.8</hdop>
      </trkpt>
      <trkpt lat="54.9125365" lon="25.6503178">
        <ele>141</ele>
        <time>2024-11-23T14:05:41Z</time>
        <hdop>3.8</hdop>
        <extensions>
          <osmand:speed>0.3</osmand:speed>
        </extensions>
      </trkpt>
      <trkpt lat="54.9125228" lon="25.6502947">
        <ele>142</ele>
        <time>2024-11-23T14:05:47Z</time>
        <hdop>3.8</hdop>
      </trkpt>
      <trkpt lat="54.9125081" lon="25.6502934">
        <ele>142.8</ele>
        <time>2024-11-23T14:05:53Z</time>
        <hdop>3.8</hdop>
        <extensions>
          <osmand:speed>0.5</osmand:speed>
        </extensions>
      </trkpt>
      <trkpt lat="54.9125142" lon="25.6503068">
        <ele>142</ele>
        <time>2024-11-23T14:05:59Z</time>
        <hdop>3.8</hdop>
      </trkpt>
      <trkpt lat="54.9125085" lon="25.650306">
        <ele>141.6</ele>
        <time>2024-11-23T14:06:05Z</time>
        <hdop>3.8</hdop>
      </trkpt>
      <trkpt lat="54.9125042" lon="25.6503156">
        <ele>141.7</ele>
        <time>2024-11-23T14:06:11Z</time>
        <hdop>3.8</hdop>
      </trkpt>
      <trkpt lat="54.9125115" lon="25.6503264">
        <ele>141.3</ele>
        <time>2024-11-23T14:06:17Z</time>
        <hdop>3.8</hdop>
      </trkpt>
      <trkpt lat="54.9124904" lon="25.6503154">
        <ele>141.8</ele>
        <time>2024-11-23T14:06:23Z</time>
        <hdop>3.8</hdop>
        <extensions>
          <osmand:speed>0.6</osmand:speed>
        </extensions>
      </trkpt>
      <trkpt lat="54.9124914" lon="25.6503181">
        <ele>141.3</ele>
        <time>2024-11-23T14:06:29Z</time>
        <hdop>3.8</hdop>
      </trkpt>
      <trkpt lat="54.9125121" lon="25.6503331">
        <ele>141.2</ele>
        <time>2024-11-23T14:06:35Z</time>
        <hdop>3.8</hdop>
      </trkpt>
      <trkpt lat="54.9125203" lon="25.650344">
        <ele>141</ele>
        <time>2024-11-23T14:06:41Z</time>
        <hdop>3.8</hdop>
        <extensions>
          <osmand:speed>0.8</osmand:speed>
        </extensions>
      </trkpt>
      <trkpt lat="54.9125024" lon="25.6503372">
        <ele>140.6</ele>
        <time>2024-11-23T14:06:47Z</time>
        <hdop>3.8</hdop>
        <extensions>
          <osmand:speed>0.4</osmand:speed>
        </extensions>
      </trkpt>
      <trkpt lat="54.9125023" lon="25.6503405">
        <ele>141</ele>
        <time>2024-11-23T14:06:53Z</time>
        <hdop>3.8</hdop>
      </trkpt>
      <trkpt lat="54.9125022" lon="25.6503369">
        <ele>141.1</ele>
        <time>2024-11-23T14:06:59Z</time>
        <hdop>3.8</hdop>
      </trkpt>
      <trkpt lat="54.9125134" lon="25.6503404">
        <ele>141.5</ele>
        <time>2024-11-23T14:07:05Z</time>
        <hdop>3.8</hdop>
        <extensions>
          <osmand:speed>0.4</osmand:speed>
        </extensions>
      </trkpt>
      <trkpt lat="54.9125185" lon="25.65032">
        <ele>141.9</ele>
        <time>2024-11-23T14:07:11Z</time>
        <hdop>3.8</hdop>
        <extensions>
          <osmand:speed>0.2</osmand:speed>
        </extensions>
      </trkpt>
      <trkpt lat="54.9125202" lon="25.650324">
        <ele>143.1</ele>
        <time>2024-11-23T14:07:17Z</time>
        <hdop>3.8</hdop>
      </trkpt>
      <trkpt lat="54.9124961" lon="25.6503458">
        <ele>144</ele>
        <time>2024-11-23T14:07:23Z</time>
        <hdop>3.8</hdop>
      </trkpt>
      <trkpt lat="54.9125034" lon="25.6503218">
        <ele>144.2</ele>
        <time>2024-11-23T14:07:29Z</time>
        <hdop>3.9</hdop>
      </trkpt>
      <trkpt lat="54.9125136" lon="25.6503091">
        <ele>143.7</ele>
        <time>2024-11-23T14:07:35Z</time>
        <hdop>3.8</hdop>
        <extensions>
          <osmand:speed>0.6</osmand:speed>
        </extensions>
      </trkpt>
      <trkpt lat="54.9125307" lon="25.650316">
        <ele>144.8</ele>
        <time>2024-11-23T14:07:41Z</time>
        <hdop>3.8</hdop>
      </trkpt>
      <trkpt lat="54.9125099" lon="25.6502996">
        <ele>145</ele>
        <time>2024-11-23T14:07:47Z</time>
        <hdop>3.8</hdop>
        <extensions>
          <osmand:speed>0.4</osmand:speed>
        </extensions>
      </trkpt>
      <trkpt lat="54.912525" lon="25.6503397">
        <ele>143.3</ele>
        <time>2024-11-23T14:07:53Z</time>
        <hdop>3.8</hdop>
      </trkpt>
      <trkpt lat="54.9125184" lon="25.6503288">
        <ele>143.1</ele>
        <time>2024-11-23T14:07:59Z</time>
        <hdop>3.8</hdop>
        <extensions>
          <osmand:speed>0.7</osmand:speed>
        </extensions>
      </trkpt>
      <trkpt lat="54.9124059" lon="25.6502993">
        <ele>143</ele>
        <time>2024-11-23T14:08:05Z</time>
        <hdop>3.8</hdop>
        <extensions>
          <osmand:speed>2.1</osmand:speed>
        </extensions>
      </trkpt>
      <trkpt lat="54.9123419" lon="25.6503578">
        <ele>143.4</ele>
        <time>2024-11-23T14:08:11Z</time>
        <hdop>3.8</hdop>
      </trkpt>
      <trkpt lat="54.9123135" lon="25.6503726">
        <ele>143.8</ele>
        <time>2024-11-23T14:08:17Z</time>
        <hdop>3.8</hdop>
        <extensions>
          <osmand:speed>0.7</osmand:speed>
        </extensions>
      </trkpt>
      <trkpt lat="54.9122856" lon="25.6503729">
        <ele>143.2</ele>
        <time>2024-11-23T14:08:23Z</time>
        <hdop>3.8</hdop>
        <extensions>
          <osmand:speed>0.3</osmand:speed>
        </extensions>
      </trkpt>
      <trkpt lat="54.9122901" lon="25.6503656">
        <ele>143.2</ele>
        <time>2024-11-23T14:08:29Z</time>
        <hdop>3.8</hdop>
      </trkpt>
      <trkpt lat="54.9123142" lon="25.6503429">
        <ele>142.2</ele>
        <time>2024-11-23T14:08:35Z</time>
        <hdop>3.8</hdop>
      </trkpt>
      <trkpt lat="54.9123203" lon="25.6503493">
        <ele>142.2</ele>
        <time>2024-11-23T14:08:41Z</time>
        <hdop>3.8</hdop>
      </trkpt>
      <trkpt lat="54.9123515" lon="25.650338">
        <ele>144.5</ele>
        <time>2024-11-23T14:08:47Z</time>
        <hdop>3.8</hdop>
        <extensions>
          <osmand:speed>0.6</osmand:speed>
        </extensions>
      </trkpt>
      <trkpt lat="54.9123471" lon="25.6503256">
        <ele>147.9</ele>
        <time>2024-11-23T14:08:53Z</time>
        <hdop>3.8</hdop>
      </trkpt>
      <trkpt lat="54.912346" lon="25.6503273">
        <ele>147.6</ele>
        <time>2024-11-23T14:08:59Z</time>
        <hdop>3.8</hdop>
      </trkpt>
      <trkpt lat="54.9123422" lon="25.650338">
        <ele>147.5</ele>
        <time>2024-11-23T14:09:05Z</time>
        <hdop>3.8</hdop>
      </trkpt>
      <trkpt lat="54.9123402" lon="25.6503408">
        <ele>147.3</ele>
        <time>2024-11-23T14:09:11Z</time>
        <hdop>3.8</hdop>
      </trkpt>
      <trkpt lat="54.912357" lon="25.6503244">
        <ele>146.2</ele>
        <time>2024-11-23T14:09:17Z</time>
        <hdop>3.8</hdop>
        <extensions>
          <osmand:speed>1.1</osmand:speed>
        </extensions>
      </trkpt>
      <trkpt lat="54.9123729" lon="25.6503384">
        <ele>145.9</ele>
        <time>2024-11-23T14:09:23Z</time>
        <hdop>3.8</hdop>
        <extensions>
          <osmand:speed>0.3</osmand:speed>
        </extensions>
      </trkpt>
      <trkpt lat="54.9123667" lon="25.6503337">
        <ele>148</ele>
        <time>2024-11-23T14:09:29Z</time>
        <hdop>3.8</hdop>
      </trkpt>
      <trkpt lat="54.9123631" lon="25.6503246">
        <ele>148.5</ele>
        <time>2024-11-23T14:09:35Z</time>
        <hdop>3.8</hdop>
        <extensions>
          <osmand:speed>0.2</osmand:speed>
        </extensions>
      </trkpt>
      <trkpt lat="54.9123439" lon="25.6503896">
        <ele>148</ele>
        <time>2024-11-23T14:09:41Z</time>
        <hdop>3.8</hdop>
        <extensions>
          <osmand:speed>0.5</osmand:speed>
        </extensions>
      </trkpt>
      <trkpt lat="54.9123369" lon="25.6503923">
        <ele>149.9</ele>
        <time>2024-11-23T14:09:47Z</time>
        <hdop>3.8</hdop>
      </trkpt>
      <trkpt lat="54.9123269" lon="25.6504113">
        <ele>149.5</ele>
        <time>2024-11-23T14:09:53Z</time>
        <hdop>3.8</hdop>
        <extensions>
          <osmand:speed>0.4</osmand:speed>
        </extensions>
      </trkpt>
      <trkpt lat="54.9123063" lon="25.6504097">
        <ele>148.4</ele>
        <time>2024-11-23T14:09:59Z</time>
        <hdop>3.8</hdop>
      </trkpt>
      <trkpt lat="54.9123097" lon="25.6504008">
        <ele>147.2</ele>
        <time>2024-11-23T14:10:05Z</time>
        <hdop>3.8</hdop>
      </trkpt>
      <trkpt lat="54.9123106" lon="25.650401">
        <ele>146.7</ele>
        <time>2024-11-23T14:10:11Z</time>
        <hdop>3.8</hdop>
      </trkpt>
      <trkpt lat="54.9123101" lon="25.6504005">
        <ele>146.8</ele>
        <time>2024-11-23T14:10:17Z</time>
        <hdop>3.8</hdop>
      </trkpt>
      <trkpt lat="54.9123074" lon="25.6504005">
        <ele>146.9</ele>
        <time>2024-11-23T14:10:23Z</time>
        <hdop>3.8</hdop>
        <extensions>
          <osmand:speed>0.2</osmand:speed>
        </extensions>
      </trkpt>
      <trkpt lat="54.9123111" lon="25.6503677">
        <ele>146.1</ele>
        <time>2024-11-23T14:10:29Z</time>
        <hdop>3.8</hdop>
      </trkpt>
      <trkpt lat="54.9123086" lon="25.6503844">
        <ele>146.5</ele>
        <time>2024-11-23T14:10:35Z</time>
        <hdop>3.8</hdop>
      </trkpt>
      <trkpt lat="54.9123135" lon="25.6503897">
        <ele>147.1</ele>
        <time>2024-11-23T14:10:41Z</time>
        <hdop>3.8</hdop>
      </trkpt>
      <trkpt lat="54.9123184" lon="25.6503741">
        <ele>148.4</ele>
        <time>2024-11-23T14:10:47Z</time>
        <hdop>3.8</hdop>
      </trkpt>
      <trkpt lat="54.9123304" lon="25.6503605">
        <ele>149.3</ele>
        <time>2024-11-23T14:10:53Z</time>
        <hdop>3.8</hdop>
      </trkpt>
      <trkpt lat="54.9123345" lon="25.650355">
        <ele>150.2</ele>
        <time>2024-11-23T14:10:59Z</time>
        <hdop>3.8</hdop>
        <extensions>
          <osmand:speed>0.3</osmand:speed>
        </extensions>
      </trkpt>
      <trkpt lat="54.9123387" lon="25.6503511">
        <ele>150.9</ele>
        <time>2024-11-23T14:11:05Z</time>
        <hdop>3.8</hdop>
      </trkpt>
      <trkpt lat="54.9123454" lon="25.6503563">
        <ele>151.3</ele>
        <time>2024-11-23T14:11:11Z</time>
        <hdop>3.8</hdop>
        <extensions>
          <osmand:speed>0.4</osmand:speed>
        </extensions>
      </trkpt>
      <trkpt lat="54.9123539" lon="25.6503591">
        <ele>153.2</ele>
        <time>2024-11-23T14:11:17Z</time>
        <hdop>3.8</hdop>
      </trkpt>
      <trkpt lat="54.9123653" lon="25.6503795">
        <ele>153.3</ele>
        <time>2024-11-23T14:11:23Z</time>
        <hdop>3.8</hdop>
        <extensions>
          <osmand:speed>0.3</osmand:speed>
        </extensions>
      </trkpt>
      <trkpt lat="54.9123624" lon="25.6503845">
        <ele>153</ele>
        <time>2024-11-23T14:11:29Z</time>
        <hdop>3.8</hdop>
      </trkpt>
      <trkpt lat="54.9123672" lon="25.6503903">
        <ele>153.8</ele>
        <time>2024-11-23T14:11:35Z</time>
        <hdop>3.8</hdop>
      </trkpt>
      <trkpt lat="54.9123656" lon="25.6503895">
        <ele>153.7</ele>
        <time>2024-11-23T14:11:41Z</time>
        <hdop>3.8</hdop>
      </trkpt>
      <trkpt lat="54.9123654" lon="25.6503895">
        <ele>153.7</ele>
        <time>2024-11-23T14:11:47Z</time>
        <hdop>3.8</hdop>
      </trkpt>
      <trkpt lat="54.9123653" lon="25.6503895">
        <ele>153.7</ele>
        <time>2024-11-23T14:11:53Z</time>
        <hdop>3.8</hdop>
      </trkpt>
      <trkpt lat="54.9123637" lon="25.6503863">
        <ele>152.9</ele>
        <time>2024-11-23T14:11:59Z</time>
        <hdop>3.8</hdop>
        <extensions>
          <osmand:speed>0.4</osmand:speed>
        </extensions>
      </trkpt>
      <trkpt lat="54.9123557" lon="25.6503856">
        <ele>152</ele>
        <time>2024-11-23T14:12:05Z</time>
        <hdop>3.8</hdop>
      </trkpt>
      <trkpt lat="54.9123493" lon="25.6503852">
        <ele>151.9</ele>
        <time>2024-11-23T14:12:11Z</time>
        <hdop>3.8</hdop>
      </trkpt>
      <trkpt lat="54.9123487" lon="25.6503857">
        <ele>152</ele>
        <time>2024-11-23T14:12:17Z</time>
        <hdop>3.8</hdop>
      </trkpt>
      <trkpt lat="54.9123394" lon="25.6503907">
        <ele>151.8</ele>
        <time>2024-11-23T14:12:23Z</time>
        <hdop>3.8</hdop>
        <extensions>
          <osmand:speed>0.4</osmand:speed>
        </extensions>
      </trkpt>
      <trkpt lat="54.9123283" lon="25.6503956">
        <ele>151.1</ele>
        <time>2024-11-23T14:12:29Z</time>
        <hdop>3.8</hdop>
        <extensions>
          <osmand:speed>0.2</osmand:speed>
        </extensions>
      </trkpt>
      <trkpt lat="54.9123255" lon="25.6503827">
        <ele>150.4</ele>
        <time>2024-11-23T14:12:35Z</time>
        <hdop>3.8</hdop>
      </trkpt>
      <trkpt lat="54.9123404" lon="25.6503954">
        <ele>149.1</ele>
        <time>2024-11-23T14:12:41Z</time>
        <hdop>3.8</hdop>
      </trkpt>
      <trkpt lat="54.9123458" lon="25.6503917">
        <ele>148</ele>
        <time>2024-11-23T14:12:47Z</time>
        <hdop>3.8</hdop>
      </trkpt>
      <trkpt lat="54.9123459" lon="25.6503912">
        <ele>148</ele>
        <time>2024-11-23T14:12:53Z</time>
        <hdop>3.8</hdop>
      </trkpt>
      <trkpt lat="54.9123459" lon="25.650391">
        <ele>148</ele>
        <time>2024-11-23T14:12:59Z</time>
        <hdop>3.8</hdop>
      </trkpt>
      <trkpt lat="54.9123459" lon="25.6503908">
        <ele>148</ele>
        <time>2024-11-23T14:13:05Z</time>
        <hdop>3.8</hdop>
      </trkpt>
      <trkpt lat="54.9123428" lon="25.6503881">
        <ele>148.1</ele>
        <time>2024-11-23T14:13:11Z</time>
        <hdop>3.8</hdop>
        <extensions>
          <osmand:speed>0.3</osmand:speed>
        </extensions>
      </trkpt>
      <trkpt lat="54.9123398" lon="25.6503825">
        <ele>147.2</ele>
        <time>2024-11-23T14:13:17Z</time>
        <hdop>3.8</hdop>
      </trkpt>
      <trkpt lat="54.9123446" lon="25.650384">
        <ele>147.5</ele>
        <time>2024-11-23T14:13:23Z</time>
        <hdop>3.8</hdop>
      </trkpt>
      <trkpt lat="54.9123409" lon="25.6503727">
        <ele>148.8</ele>
        <time>2024-11-23T14:13:29Z</time>
        <hdop>3.8</hdop>
      </trkpt>
      <trkpt lat="54.9123428" lon="25.6503841">
        <ele>148.6</ele>
        <time>2024-11-23T14:13:35Z</time>
        <hdop>3.8</hdop>
      </trkpt>
      <trkpt lat="54.9123764" lon="25.6503475">
        <ele>147.6</ele>
        <time>2024-11-23T14:13:41Z</time>
        <hdop>3.8</hdop>
        <extensions>
          <osmand:speed>0.8</osmand:speed>
        </extensions>
      </trkpt>
      <trkpt lat="54.9123634" lon="25.6503685">
        <ele>147.6</ele>
        <time>2024-11-23T14:13:47Z</time>
        <hdop>3.8</hdop>
        <extensions>
          <osmand:speed>0.4</osmand:speed>
        </extensions>
      </trkpt>
      <trkpt lat="54.912351" lon="25.6503849">
        <ele>147.6</ele>
        <time>2024-11-23T14:13:53Z</time>
        <hdop>3.8</hdop>
      </trkpt>
      <trkpt lat="54.8986775" lon="25.6469548">
        <ele>149.7</ele>
        <time>2024-11-23T14:19:30Z</time>
        <hdop>12.4</hdop>
        <extensions>
          <osmand:speed>0.4</osmand:speed>
        </extensions>
      </trkpt>
      <trkpt lat="54.8987149" lon="25.646784">
        <ele>137.9</ele>
        <time>2024-11-23T14:19:36Z</time>
        <hdop>6.1</hdop>
      </trkpt>
      <trkpt lat="54.898694" lon="25.6468363">
        <ele>143.6</ele>
        <time>2024-11-23T14:19:42Z</time>
        <hdop>4.1</hdop>
      </trkpt>
      <trkpt lat="54.8986815" lon="25.6468856">
        <ele>139.3</ele>
        <time>2024-11-23T14:19:48Z</time>
        <hdop>3.8</hdop>
        <extensions>
          <osmand:speed>0.4</osmand:speed>
        </extensions>
      </trkpt>
      <trkpt lat="54.8986691" lon="25.6468831">
        <ele>136.6</ele>
        <time>2024-11-23T14:19:54Z</time>
        <hdop>3.8</hdop>
      </trkpt>
      <trkpt lat="54.898668" lon="25.6468866">
        <ele>136.2</ele>
        <time>2024-11-23T14:20:00Z</time>
        <hdop>3.8</hdop>
      </trkpt>
      <trkpt lat="54.8986691" lon="25.6468878">
        <ele>136.2</ele>
        <time>2024-11-23T14:20:06Z</time>
        <hdop>3.8</hdop>
      </trkpt>
      <trkpt lat="54.8986691" lon="25.646888">
        <ele>136.2</ele>
        <time>2024-11-23T14:20:12Z</time>
        <hdop>3.8</hdop>
      </trkpt>
      <trkpt lat="54.8986655" lon="25.6468824">
        <ele>135.5</ele>
        <time>2024-11-23T14:20:18Z</time>
        <hdop>3.8</hdop>
      </trkpt>
      <trkpt lat="54.8986635" lon="25.646869">
        <ele>135.7</ele>
        <time>2024-11-23T14:20:24Z</time>
        <hdop>3.8</hdop>
      </trkpt>
      <trkpt lat="54.8986634" lon="25.6468698">
        <ele>135.1</ele>
        <time>2024-11-23T14:20:30Z</time>
        <hdop>3.8</hdop>
      </trkpt>
      <trkpt lat="54.8986633" lon="25.6468699">
        <ele>135.1</ele>
        <time>2024-11-23T14:20:36Z</time>
        <hdop>3.8</hdop>
      </trkpt>
      <trkpt lat="54.8986572" lon="25.6468659">
        <ele>135.3</ele>
        <time>2024-11-23T14:20:42Z</time>
        <hdop>3.8</hdop>
        <extensions>
          <osmand:speed>0.4</osmand:speed>
        </extensions>
      </trkpt>
      <trkpt lat="54.898634" lon="25.6468114">
        <ele>137.4</ele>
        <time>2024-11-23T14:20:48Z</time>
        <hdop>3.8</hdop>
        <extensions>
          <osmand:speed>0.2</osmand:speed>
        </extensions>
      </trkpt>
      <trkpt lat="54.8986543" lon="25.6469134">
        <ele>137.4</ele>
        <time>2024-11-23T14:20:54Z</time>
        <hdop>3.8</hdop>
      </trkpt>
      <trkpt lat="54.8986542" lon="25.6469142">
        <ele>137.4</ele>
        <time>2024-11-23T14:21:00Z</time>
        <hdop>3.8</hdop>
      </trkpt>
      <trkpt lat="54.8986522" lon="25.6469195">
        <ele>137.7</ele>
        <time>2024-11-23T14:21:06Z</time>
        <hdop>3.8</hdop>
      </trkpt>
      <trkpt lat="54.8986575" lon="25.6469045">
        <ele>137.6</ele>
        <time>2024-11-23T14:21:12Z</time>
        <hdop>3.8</hdop>
      </trkpt>
      <trkpt lat="54.8986649" lon="25.6468974">
        <ele>138</ele>
        <time>2024-11-23T14:21:18Z</time>
        <hdop>3.8</hdop>
        <extensions>
          <osmand:speed>0.4</osmand:speed>
        </extensions>
      </trkpt>
      <trkpt lat="54.8986627" lon="25.6468942">
        <ele>137.9</ele>
        <time>2024-11-23T14:21:24Z</time>
        <hdop>3.8</hdop>
      </trkpt>
      <trkpt lat="54.8987243" lon="25.6469833">
        <ele>135.7</ele>
        <time>2024-11-23T14:21:30Z</time>
        <hdop>4</hdop>
        <extensions>
          <osmand:speed>2.4</osmand:speed>
        </extensions>
      </trkpt>
      <trkpt lat="54.8989601" lon="25.6472712">
        <ele>133.1</ele>
        <time>2024-11-23T14:21:36Z</time>
        <hdop>3.8</hdop>
        <extensions>
          <osmand:speed>5.2</osmand:speed>
        </extensions>
      </trkpt>
      <trkpt lat="54.8993811" lon="25.6474538">
        <ele>135.5</ele>
        <time>2024-11-23T14:21:42Z</time>
        <hdop>4.6</hdop>
        <extensions>
          <osmand:speed>7.3</osmand:speed>
        </extensions>
      </trkpt>
      <trkpt lat="54.8996303" lon="25.647856">
        <ele>135.8</ele>
        <time>2024-11-23T14:21:48Z</time>
        <hdop>3.8</hdop>
        <extensions>
          <osmand:speed>7.5</osmand:speed>
        </extensions>
      </trkpt>
      <trkpt lat="54.9000579" lon="25.6478261">
        <ele>138</ele>
        <time>2024-11-23T14:21:54Z</time>
        <hdop>4.5</hdop>
        <extensions>
          <osmand:speed>7.1</osmand:speed>
        </extensions>
      </trkpt>
      <trkpt lat="54.9001781" lon="25.6472269">
        <ele>140.7</ele>
        <time>2024-11-23T14:22:00Z</time>
        <hdop>3.8</hdop>
        <extensions>
          <osmand:speed>10.2</osmand:speed>
        </extensions>
      </trkpt>
      <trkpt lat="54.9002736" lon="25.6462379">
        <ele>143.9</ele>
        <time>2024-11-23T14:22:06Z</time>
        <hdop>3.8</hdop>
        <extensions>
          <osmand:speed>11.9</osmand:speed>
        </extensions>
      </trkpt>
      <trkpt lat="54.9006749" lon="25.645434">
        <ele>147.7</ele>
        <time>2024-11-23T14:22:12Z</time>
        <hdop>4</hdop>
        <extensions>
          <osmand:speed>10.7</osmand:speed>
        </extensions>
      </trkpt>
      <trkpt lat="54.9009283" lon="25.6444797">
        <ele>149.5</ele>
        <time>2024-11-23T14:22:18Z</time>
        <hdop>3.8</hdop>
        <extensions>
          <osmand:speed>10.5</osmand:speed>
        </extensions>
      </trkpt>
      <trkpt lat="54.9013873" lon="25.6445009">
        <ele>144.2</ele>
        <time>2024-11-23T14:22:24Z</time>
        <hdop>3.8</hdop>
        <extensions>
          <osmand:speed>10.4</osmand:speed>
        </extensions>
      </trkpt>
      <trkpt lat="54.9020304" lon="25.6448586">
        <ele>141.7</ele>
        <time>2024-11-23T14:22:30Z</time>
        <hdop>4.3</hdop>
        <extensions>
          <osmand:speed>12.8</osmand:speed>
        </extensions>
      </trkpt>
      <trkpt lat="54.9027803" lon="25.6451759">
        <ele>140.5</ele>
        <time>2024-11-23T14:22:36Z</time>
        <hdop>3.8</hdop>
        <extensions>
          <osmand:speed>14.8</osmand:speed>
        </extensions>
      </trkpt>
      <trkpt lat="54.903543" lon="25.6456248">
        <ele>140.7</ele>
        <time>2024-11-23T14:22:42Z</time>
        <hdop>3.8</hdop>
        <extensions>
          <osmand:speed>13.9</osmand:speed>
        </extensions>
      </trkpt>
      <trkpt lat="54.9042561" lon="25.6459855">
        <ele>140.3</ele>
        <time>2024-11-23T14:22:48Z</time>
        <hdop>3.8</hdop>
        <extensions>
          <osmand:speed>12.9</osmand:speed>
        </extensions>
      </trkpt>
      <trkpt lat="54.9049265" lon="25.6463104">
        <ele>140.1</ele>
        <time>2024-11-23T14:22:54Z</time>
        <hdop>3.8</hdop>
        <extensions>
          <osmand:speed>13.4</osmand:speed>
        </extensions>
      </trkpt>
      <trkpt lat="54.9056805" lon="25.6466757">
        <ele>141.5</ele>
        <time>2024-11-23T14:23:00Z</time>
        <hdop>3.8</hdop>
        <extensions>
          <osmand:speed>14.8</osmand:speed>
        </extensions>
      </trkpt>
      <trkpt lat="54.9064341" lon="25.6470583">
        <ele>143.1</ele>
        <time>2024-11-23T14:23:06Z</time>
        <hdop>3.8</hdop>
        <extensions>
          <osmand:speed>14.6</osmand:speed>
        </extensions>
      </trkpt>
      <trkpt lat="54.90719" lon="25.6474261">
        <ele>143.7</ele>
        <time>2024-11-23T14:23:12Z</time>
        <hdop>3.8</hdop>
        <extensions>
          <osmand:speed>15.1</osmand:speed>
        </extensions>
      </trkpt>
      <trkpt lat="54.9080068" lon="25.6478703">
        <ele>146.9</ele>
        <time>2024-11-23T14:23:18Z</time>
        <hdop>3.8</hdop>
        <extensions>
          <osmand:speed>15.8</osmand:speed>
        </extensions>
      </trkpt>
      <trkpt lat="54.9087542" lon="25.6483242">
        <ele>144.3</ele>
        <time>2024-11-23T14:23:24Z</time>
        <hdop>3.8</hdop>
        <extensions>
          <osmand:speed>15.3</osmand:speed>
        </extensions>
      </trkpt>
      <trkpt lat="54.9095476" lon="25.6487608">
        <ele>143.9</ele>
        <time>2024-11-23T14:23:30Z</time>
        <hdop>3.8</hdop>
        <extensions>
          <osmand:speed>15.1</osmand:speed>
        </extensions>
      </trkpt>
      <trkpt lat="54.9102332" lon="25.6491751">
        <ele>141.6</ele>
        <time>2024-11-23T14:23:36Z</time>
        <hdop>3.9</hdop>
        <extensions>
          <osmand:speed>12.1</osmand:speed>
        </extensions>
      </trkpt>
      <trkpt lat="54.9107241" lon="25.6494469">
        <ele>142.5</ele>
        <time>2024-11-23T14:23:42Z</time>
        <hdop>3.8</hdop>
        <extensions>
          <osmand:speed>9.8</osmand:speed>
        </extensions>
      </trkpt>
      <trkpt lat="54.9111041" lon="25.649988">
        <ele>144.1</ele>
        <time>2024-11-23T14:23:48Z</time>
        <hdop>3.8</hdop>
        <extensions>
          <osmand:speed>9.1</osmand:speed>
        </extensions>
      </trkpt>
      <trkpt lat="54.9116116" lon="25.6504141">
        <ele>144.1</ele>
        <time>2024-11-23T14:23:54Z</time>
        <hdop>3.8</hdop>
        <extensions>
          <osmand:speed>10.8</osmand:speed>
        </extensions>
      </trkpt>
      <trkpt lat="54.9120892" lon="25.6503808">
        <ele>144.8</ele>
        <time>2024-11-23T14:24:00Z</time>
        <hdop>3.8</hdop>
        <extensions>
          <osmand:speed>8.1</osmand:speed>
        </extensions>
      </trkpt>
      <trkpt lat="54.9123535" lon="25.6503746">
        <ele>146.3</ele>
        <time>2024-11-23T14:24:06Z</time>
        <hdop>3.8</hdop>
        <extensions>
          <osmand:speed>4.2</osmand:speed>
        </extensions>
      </trkpt>
      <trkpt lat="54.9124399" lon="25.6500575">
        <ele>146.3</ele>
        <time>2024-11-23T14:24:12Z</time>
        <hdop>3.8</hdop>
        <extensions>
          <osmand:speed>2.5</osmand:speed>
        </extensions>
      </trkpt>
      <trkpt lat="54.9125857" lon="25.6494481">
        <ele>144.1</ele>
        <time>2024-11-23T14:24:18Z</time>
        <hdop>3.8</hdop>
        <extensions>
          <osmand:speed>9.6</osmand:speed>
        </extensions>
      </trkpt>
      <trkpt lat="54.9129076" lon="25.6485269">
        <ele>143.1</ele>
        <time>2024-11-23T14:24:24Z</time>
        <hdop>3.8</hdop>
        <extensions>
          <osmand:speed>12.8</osmand:speed>
        </extensions>
      </trkpt>
      <trkpt lat="54.9133084" lon="25.6475378">
        <ele>142.3</ele>
        <time>2024-11-23T14:24:30Z</time>
        <hdop>3.8</hdop>
        <extensions>
          <osmand:speed>12.2</osmand:speed>
        </extensions>
      </trkpt>
      <trkpt lat="54.913689" lon="25.6465944">
        <ele>142.5</ele>
        <time>2024-11-23T14:24:36Z</time>
        <hdop>3.8</hdop>
        <extensions>
          <osmand:speed>12.8</osmand:speed>
        </extensions>
      </trkpt>
      <trkpt lat="54.9139944" lon="25.645867">
        <ele>143</ele>
        <time>2024-11-23T14:24:42Z</time>
        <hdop>3.8</hdop>
        <extensions>
          <osmand:speed>4.7</osmand:speed>
        </extensions>
      </trkpt>
      <trkpt lat="54.9140282" lon="25.6457778">
        <ele>145.4</ele>
        <time>2024-11-23T14:24:48Z</time>
        <hdop>3.8</hdop>
      </trkpt>
      <trkpt lat="54.9140331" lon="25.6457676">
        <ele>145.9</ele>
        <time>2024-11-23T14:24:54Z</time>
        <hdop>3.8</hdop>
      </trkpt>
      <trkpt lat="54.914039" lon="25.6457678">
        <ele>145.9</ele>
        <time>2024-11-23T14:25:00Z</time>
        <hdop>3.8</hdop>
      </trkpt>
      <trkpt lat="54.914039" lon="25.6457678">
        <ele>145.9</ele>
        <time>2024-11-23T14:25:06Z</time>
        <hdop>3.8</hdop>
      </trkpt>
      <trkpt lat="54.9140392" lon="25.6457678">
        <ele>145.9</ele>
        <time>2024-11-23T14:25:12Z</time>
        <hdop>3.8</hdop>
      </trkpt>
      <trkpt lat="54.9140394" lon="25.6457678">
        <ele>145.9</ele>
        <time>2024-11-23T14:25:18Z</time>
        <hdop>3.8</hdop>
      </trkpt>
      <trkpt lat="54.9140828" lon="25.645674">
        <ele>146.6</ele>
        <time>2024-11-23T14:25:24Z</time>
        <hdop>3.8</hdop>
        <extensions>
          <osmand:speed>3.5</osmand:speed>
        </extensions>
      </trkpt>
      <trkpt lat="54.9142882" lon="25.6451689">
        <ele>144.5</ele>
        <time>2024-11-23T14:25:30Z</time>
        <hdop>3.8</hdop>
        <extensions>
          <osmand:speed>8.8</osmand:speed>
        </extensions>
      </trkpt>
      <trkpt lat="54.9145806" lon="25.6444699">
        <ele>145.1</ele>
        <time>2024-11-23T14:25:36Z</time>
        <hdop>3.8</hdop>
        <extensions>
          <osmand:speed>8.9</osmand:speed>
        </extensions>
      </trkpt>
      <trkpt lat="54.9147706" lon="25.6439917">
        <ele>145</ele>
        <time>2024-11-23T14:25:42Z</time>
        <hdop>3.8</hdop>
        <extensions>
          <osmand:speed>1.3</osmand:speed>
        </extensions>
      </trkpt>
      <trkpt lat="54.914775" lon="25.6439846">
        <ele>144.6</ele>
        <time>2024-11-23T14:25:48Z</time>
        <hdop>3.8</hdop>
      </trkpt>
      <trkpt lat="54.914775" lon="25.6439846">
        <ele>144.6</ele>
        <time>2024-11-23T14:25:54Z</time>
        <hdop>3.8</hdop>
      </trkpt>
      <trkpt lat="54.914775" lon="25.6439846">
        <ele>144.6</ele>
        <time>2024-11-23T14:26:00Z</time>
        <hdop>3.8</hdop>
      </trkpt>
      <trkpt lat="54.914775" lon="25.6439846">
        <ele>144.6</ele>
        <time>2024-11-23T14:26:06Z</time>
        <hdop>3.8</hdop>
      </trkpt>
      <trkpt lat="54.9147617" lon="25.6439714">
        <ele>140.5</ele>
        <time>2024-11-23T14:26:12Z</time>
        <hdop>3.8</hdop>
      </trkpt>
      <trkpt lat="54.9147617" lon="25.6439715">
        <ele>140.5</ele>
        <time>2024-11-23T14:26:18Z</time>
        <hdop>3.8</hdop>
      </trkpt>
      <trkpt lat="54.9147616" lon="25.6439711">
        <ele>140.5</ele>
        <time>2024-11-23T14:26:24Z</time>
        <hdop>3.8</hdop>
      </trkpt>
      <trkpt lat="54.9147615" lon="25.643971">
        <ele>140.5</ele>
        <time>2024-11-23T14:26:30Z</time>
        <hdop>3.8</hdop>
      </trkpt>
      <trkpt lat="54.9147614" lon="25.6439711">
        <ele>140.5</ele>
        <time>2024-11-23T14:26:36Z</time>
        <hdop>3.8</hdop>
      </trkpt>
      <trkpt lat="54.9147612" lon="25.6439707">
        <ele>140.5</ele>
        <time>2024-11-23T14:26:42Z</time>
        <hdop>3.8</hdop>
      </trkpt>
      <trkpt lat="54.9147613" lon="25.6439703">
        <ele>140.5</ele>
        <time>2024-11-23T14:26:48Z</time>
        <hdop>3.8</hdop>
      </trkpt>
      <trkpt lat="54.9147613" lon="25.6439699">
        <ele>140.5</ele>
        <time>2024-11-23T14:26:54Z</time>
        <hdop>3.8</hdop>
      </trkpt>
      <trkpt lat="54.9147613" lon="25.643969">
        <ele>140.6</ele>
        <time>2024-11-23T14:27:00Z</time>
        <hdop>3.8</hdop>
      </trkpt>
      <trkpt lat="54.9147627" lon="25.6439657">
        <ele>140.6</ele>
        <time>2024-11-23T14:27:06Z</time>
        <hdop>3.8</hdop>
        <extensions>
          <osmand:speed>0.4</osmand:speed>
        </extensions>
      </trkpt>
      <trkpt lat="54.9148759" lon="25.6437038">
        <ele>140.5</ele>
        <time>2024-11-23T14:27:12Z</time>
        <hdop>3.8</hdop>
        <extensions>
          <osmand:speed>4.8</osmand:speed>
        </extensions>
      </trkpt>
      <trkpt lat="54.9150354" lon="25.6432364">
        <ele>139.5</ele>
        <time>2024-11-23T14:27:18Z</time>
        <hdop>3.8</hdop>
        <extensions>
          <osmand:speed>6.2</osmand:speed>
        </extensions>
      </trkpt>
      <trkpt lat="54.9151001" lon="25.6426248">
        <ele>137.8</ele>
        <time>2024-11-23T14:27:24Z</time>
        <hdop>3.8</hdop>
        <extensions>
          <osmand:speed>7.4</osmand:speed>
        </extensions>
      </trkpt>
      <trkpt lat="54.9149509" lon="25.6420111">
        <ele>136.7</ele>
        <time>2024-11-23T14:27:30Z</time>
        <hdop>3.8</hdop>
        <extensions>
          <osmand:speed>7.3</osmand:speed>
        </extensions>
      </trkpt>
      <trkpt lat="54.914665" lon="25.6414145">
        <ele>135.2</ele>
        <time>2024-11-23T14:27:36Z</time>
        <hdop>3.8</hdop>
        <extensions>
          <osmand:speed>9.2</osmand:speed>
        </extensions>
      </trkpt>
      <trkpt lat="54.9143381" lon="25.6407479">
        <ele>133.8</ele>
        <time>2024-11-23T14:27:42Z</time>
        <hdop>3.8</hdop>
        <extensions>
          <osmand:speed>9.1</osmand:speed>
        </extensions>
      </trkpt>
      <trkpt lat="54.9140858" lon="25.6401921">
        <ele>133.9</ele>
        <time>2024-11-23T14:27:48Z</time>
        <hdop>3.8</hdop>
        <extensions>
          <osmand:speed>6.4</osmand:speed>
        </extensions>
      </trkpt>
      <trkpt lat="54.9138518" lon="25.6396344">
        <ele>134.9</ele>
        <time>2024-11-23T14:27:54Z</time>
        <hdop>3.8</hdop>
        <extensions>
          <osmand:speed>8.2</osmand:speed>
        </extensions>
      </trkpt>
      <trkpt lat="54.9137061" lon="25.6390754">
        <ele>137.5</ele>
        <time>2024-11-23T14:28:00Z</time>
        <hdop>3.8</hdop>
        <extensions>
          <osmand:speed>5</osmand:speed>
        </extensions>
      </trkpt>
      <trkpt lat="54.9135225" lon="25.6388449">
        <ele>138</ele>
        <time>2024-11-23T14:28:06Z</time>
        <hdop>3.8</hdop>
        <extensions>
          <osmand:speed>4.7</osmand:speed>
        </extensions>
      </trkpt>
      <trkpt lat="54.9131443" lon="25.6389818">
        <ele>135.2</ele>
        <time>2024-11-23T14:28:12Z</time>
        <hdop>3.8</hdop>
        <extensions>
          <osmand:speed>9.2</osmand:speed>
        </extensions>
      </trkpt>
      <trkpt lat="54.912582" lon="25.639179">
        <ele>133.2</ele>
        <time>2024-11-23T14:28:18Z</time>
        <hdop>3.8</hdop>
        <extensions>
          <osmand:speed>11.5</osmand:speed>
        </extensions>
      </trkpt>
      <trkpt lat="54.9119635" lon="25.6394506">
        <ele>131.8</ele>
        <time>2024-11-23T14:28:24Z</time>
        <hdop>3.8</hdop>
        <extensions>
          <osmand:speed>12.4</osmand:speed>
        </extensions>
      </trkpt>
      <trkpt lat="54.9113489" lon="25.6396656">
        <ele>132.8</ele>
        <time>2024-11-23T14:28:30Z</time>
        <hdop>3.9</hdop>
        <extensions>
          <osmand:speed>11.4</osmand:speed>
        </extensions>
      </trkpt>
      <trkpt lat="54.9107612" lon="25.6395094">
        <ele>137.5</ele>
        <time>2024-11-23T14:28:36Z</time>
        <hdop>3.9</hdop>
        <extensions>
          <osmand:speed>11.3</osmand:speed>
        </extensions>
      </trkpt>
      <trkpt lat="54.9101319" lon="25.6392392">
        <ele>138.3</ele>
        <time>2024-11-23T14:28:42Z</time>
        <hdop>3.9</hdop>
        <extensions>
          <osmand:speed>12.5</osmand:speed>
        </extensions>
      </trkpt>
      <trkpt lat="54.9093676" lon="25.6389961">
        <ele>138.6</ele>
        <time>2024-11-23T14:28:48Z</time>
        <hdop>3.8</hdop>
        <extensions>
          <osmand:speed>14.4</osmand:speed>
        </extensions>
      </trkpt>
      <trkpt lat="54.9086247" lon="25.6388171">
        <ele>138.9</ele>
        <time>2024-11-23T14:28:54Z</time>
        <hdop>3.8</hdop>
        <extensions>
          <osmand:speed>13</osmand:speed>
        </extensions>
      </trkpt>
      <trkpt lat="54.9079154" lon="25.6386316">
        <ele>139</ele>
        <time>2024-11-23T14:29:00Z</time>
        <hdop>3.8</hdop>
        <extensions>
          <osmand:speed>13.9</osmand:speed>
        </extensions>
      </trkpt>
      <trkpt lat="54.9071889" lon="25.638336">
        <ele>139.2</ele>
        <time>2024-11-23T14:29:06Z</time>
        <hdop>3.8</hdop>
        <extensions>
          <osmand:speed>13.7</osmand:speed>
        </extensions>
      </trkpt>
      <trkpt lat="54.9064895" lon="25.6380615">
        <ele>139.7</ele>
        <time>2024-11-23T14:29:12Z</time>
        <hdop>3.8</hdop>
        <extensions>
          <osmand:speed>14.3</osmand:speed>
        </extensions>
      </trkpt>
      <trkpt lat="54.9058364" lon="25.6378567">
        <ele>140.6</ele>
        <time>2024-11-23T14:29:18Z</time>
        <hdop>3.8</hdop>
        <extensions>
          <osmand:speed>11.2</osmand:speed>
        </extensions>
      </trkpt>
      <trkpt lat="54.905343" lon="25.6376133">
        <ele>140</ele>
        <time>2024-11-23T14:29:24Z</time>
        <hdop>3.8</hdop>
        <extensions>
          <osmand:speed>9.5</osmand:speed>
        </extensions>
      </trkpt>
      <trkpt lat="54.9048098" lon="25.6373526">
        <ele>140.5</ele>
        <time>2024-11-23T14:29:30Z</time>
        <hdop>3.9</hdop>
        <extensions>
          <osmand:speed>11.3</osmand:speed>
        </extensions>
      </trkpt>
      <trkpt lat="54.9042342" lon="25.637032">
        <ele>142.2</ele>
        <time>2024-11-23T14:29:36Z</time>
        <hdop>3.8</hdop>
        <extensions>
          <osmand:speed>10.6</osmand:speed>
        </extensions>
      </trkpt>
      <trkpt lat="54.9036533" lon="25.636678">
        <ele>142.4</ele>
        <time>2024-11-23T14:29:42Z</time>
        <hdop>3.8</hdop>
        <extensions>
          <osmand:speed>12.2</osmand:speed>
        </extensions>
      </trkpt>
      <trkpt lat="54.903049" lon="25.6363365">
        <ele>143.2</ele>
        <time>2024-11-23T14:29:48Z</time>
        <hdop>3.8</hdop>
        <extensions>
          <osmand:speed>11.9</osmand:speed>
        </extensions>
      </trkpt>
      <trkpt lat="54.9024384" lon="25.6360015">
        <ele>144</ele>
        <time>2024-11-23T14:29:54Z</time>
        <hdop>3.8</hdop>
        <extensions>
          <osmand:speed>12.2</osmand:speed>
        </extensions>
      </trkpt>
      <trkpt lat="54.901807" lon="25.63567">
        <ele>145.1</ele>
        <time>2024-11-23T14:30:00Z</time>
        <hdop>3.8</hdop>
        <extensions>
          <osmand:speed>11.8</osmand:speed>
        </extensions>
      </trkpt>
      <trkpt lat="54.9012072" lon="25.6353307">
        <ele>145.2</ele>
        <time>2024-11-23T14:30:06Z</time>
        <hdop>3.8</hdop>
        <extensions>
          <osmand:speed>11.9</osmand:speed>
        </extensions>
      </trkpt>
      <trkpt lat="54.9006496" lon="25.6349488">
        <ele>145.8</ele>
        <time>2024-11-23T14:30:12Z</time>
        <hdop>3.8</hdop>
        <extensions>
          <osmand:speed>10.7</osmand:speed>
        </extensions>
      </trkpt>
      <trkpt lat="54.9002486" lon="25.6343449">
        <ele>145.5</ele>
        <time>2024-11-23T14:30:18Z</time>
        <hdop>3.8</hdop>
        <extensions>
          <osmand:speed>10.4</osmand:speed>
        </extensions>
      </trkpt>
      <trkpt lat="54.8999272" lon="25.6334216">
        <ele>145.4</ele>
        <time>2024-11-23T14:30:24Z</time>
        <hdop>3.8</hdop>
        <extensions>
          <osmand:speed>12.4</osmand:speed>
        </extensions>
      </trkpt>
      <trkpt lat="54.8995819" lon="25.6323851">
        <ele>145.5</ele>
        <time>2024-11-23T14:30:30Z</time>
        <hdop>3.8</hdop>
        <extensions>
          <osmand:speed>12.4</osmand:speed>
        </extensions>
      </trkpt>
      <trkpt lat="54.8992646" lon="25.6314633">
        <ele>146.5</ele>
        <time>2024-11-23T14:30:36Z</time>
        <hdop>3.8</hdop>
        <extensions>
          <osmand:speed>8.3</osmand:speed>
        </extensions>
      </trkpt>
      <trkpt lat="54.8991393" lon="25.6309446">
        <ele>147.2</ele>
        <time>2024-11-23T14:30:42Z</time>
        <hdop>3.8</hdop>
        <extensions>
          <osmand:speed>5.2</osmand:speed>
        </extensions>
      </trkpt>
      <trkpt lat="54.8987446" lon="25.6307579">
        <ele>147.5</ele>
        <time>2024-11-23T14:30:48Z</time>
        <hdop>3.8</hdop>
        <extensions>
          <osmand:speed>8.6</osmand:speed>
        </extensions>
      </trkpt>
      <trkpt lat="54.898342" lon="25.6305988">
        <ele>146.8</ele>
        <time>2024-11-23T14:30:54Z</time>
        <hdop>3.8</hdop>
        <extensions>
          <osmand:speed>8.3</osmand:speed>
        </extensions>
      </trkpt>
      <trkpt lat="54.8979602" lon="25.6305411">
        <ele>146.3</ele>
        <time>2024-11-23T14:31:00Z</time>
        <hdop>3.8</hdop>
        <extensions>
          <osmand:speed>6.6</osmand:speed>
        </extensions>
      </trkpt>
      <trkpt lat="54.8974544" lon="25.630413">
        <ele>146.3</ele>
        <time>2024-11-23T14:31:06Z</time>
        <hdop>3.8</hdop>
        <extensions>
          <osmand:speed>9.1</osmand:speed>
        </extensions>
      </trkpt>
      <trkpt lat="54.8970633" lon="25.6304036">
        <ele>147.6</ele>
        <time>2024-11-23T14:31:12Z</time>
        <hdop>3.8</hdop>
        <extensions>
          <osmand:speed>7.7</osmand:speed>
        </extensions>
      </trkpt>
      <trkpt lat="54.8965586" lon="25.630402">
        <ele>147.5</ele>
        <time>2024-11-23T14:31:18Z</time>
        <hdop>3.8</hdop>
        <extensions>
          <osmand:speed>9</osmand:speed>
        </extensions>
      </trkpt>
      <trkpt lat="54.8961471" lon="25.6303135">
        <ele>147.9</ele>
        <time>2024-11-23T14:31:24Z</time>
        <hdop>3.8</hdop>
        <extensions>
          <osmand:speed>7.8</osmand:speed>
        </extensions>
      </trkpt>
      <trkpt lat="54.8956539" lon="25.6301534">
        <ele>148.9</ele>
        <time>2024-11-23T14:31:30Z</time>
        <hdop>3.8</hdop>
        <extensions>
          <osmand:speed>10.3</osmand:speed>
        </extensions>
      </trkpt>
      <trkpt lat="54.8951385" lon="25.6300998">
        <ele>149.5</ele>
        <time>2024-11-23T14:31:36Z</time>
        <hdop>3.9</hdop>
        <extensions>
          <osmand:speed>9.6</osmand:speed>
        </extensions>
      </trkpt>
      <trkpt lat="54.8947342" lon="25.6298764">
        <ele>149.2</ele>
        <time>2024-11-23T14:31:42Z</time>
        <hdop>3.9</hdop>
        <extensions>
          <osmand:speed>8.5</osmand:speed>
        </extensions>
      </trkpt>
      <trkpt lat="54.8943764" lon="25.6296891">
        <ele>141.7</ele>
        <time>2024-11-23T14:31:48Z</time>
        <hdop>4.3</hdop>
        <extensions>
          <osmand:speed>6.6</osmand:speed>
        </extensions>
      </trkpt>
      <trkpt lat="54.8938995" lon="25.6297363">
        <ele>138.5</ele>
        <time>2024-11-23T14:31:54Z</time>
        <hdop>27.8</hdop>
        <extensions>
          <osmand:speed>7.2</osmand:speed>
        </extensions>
      </trkpt>
      <trkpt lat="54.8935754" lon="25.629519">
        <ele>123</ele>
        <time>2024-11-23T14:32:00Z</time>
        <hdop>15.7</hdop>
        <extensions>
          <osmand:speed>3.1</osmand:speed>
        </extensions>
      </trkpt>
      <trkpt lat="54.8933462" lon="25.6291606">
        <ele>114</ele>
        <time>2024-11-23T14:32:06Z</time>
        <hdop>3.9</hdop>
        <extensions>
          <osmand:speed>9</osmand:speed>
        </extensions>
      </trkpt>
      <trkpt lat="54.8929325" lon="25.628735">
        <ele>116.1</ele>
        <time>2024-11-23T14:32:12Z</time>
        <hdop>8.7</hdop>
        <extensions>
          <osmand:speed>8.3</osmand:speed>
        </extensions>
      </trkpt>
      <trkpt lat="54.8929064" lon="25.6285176">
        <ele>126.7</ele>
        <time>2024-11-23T14:32:18Z</time>
        <hdop>3.8</hdop>
      </trkpt>
      <trkpt lat="54.892895" lon="25.6284901">
        <ele>132.8</ele>
        <time>2024-11-23T14:32:24Z</time>
        <hdop>3.8</hdop>
        <extensions>
          <osmand:speed>0.2</osmand:speed>
        </extensions>
      </trkpt>
      <trkpt lat="54.8928879" lon="25.6284304">
        <ele>147.3</ele>
        <time>2024-11-23T14:32:30Z</time>
        <hdop>3.8</hdop>
      </trkpt>
      <trkpt lat="54.8928764" lon="25.6284016">
        <ele>147.1</ele>
        <time>2024-11-23T14:32:36Z</time>
        <hdop>3.8</hdop>
        <extensions>
          <osmand:speed>2.8</osmand:speed>
        </extensions>
      </trkpt>
      <trkpt lat="54.8926632" lon="25.6279792">
        <ele>143.4</ele>
        <time>2024-11-23T14:32:42Z</time>
        <hdop>3.8</hdop>
        <extensions>
          <osmand:speed>7.9</osmand:speed>
        </extensions>
      </trkpt>
      <trkpt lat="54.8924265" lon="25.6274386">
        <ele>143.3</ele>
        <time>2024-11-23T14:32:48Z</time>
        <hdop>3.8</hdop>
        <extensions>
          <osmand:speed>7</osmand:speed>
        </extensions>
      </trkpt>
      <trkpt lat="54.8921355" lon="25.6267391">
        <ele>142.9</ele>
        <time>2024-11-23T14:32:54Z</time>
        <hdop>3.8</hdop>
        <extensions>
          <osmand:speed>10.2</osmand:speed>
        </extensions>
      </trkpt>
      <trkpt lat="54.8917921" lon="25.6258478">
        <ele>142.4</ele>
        <time>2024-11-23T14:33:00Z</time>
        <hdop>3.8</hdop>
        <extensions>
          <osmand:speed>11.1</osmand:speed>
        </extensions>
      </trkpt>
      <trkpt lat="54.8915083" lon="25.6250509">
        <ele>142.7</ele>
        <time>2024-11-23T14:33:06Z</time>
        <hdop>3.8</hdop>
        <extensions>
          <osmand:speed>9.5</osmand:speed>
        </extensions>
      </trkpt>
      <trkpt lat="54.8912283" lon="25.6242468">
        <ele>142.9</ele>
        <time>2024-11-23T14:33:12Z</time>
        <hdop>3.8</hdop>
        <extensions>
          <osmand:speed>10.9</osmand:speed>
        </extensions>
      </trkpt>
      <trkpt lat="54.8909681" lon="25.6236228">
        <ele>142.3</ele>
        <time>2024-11-23T14:33:18Z</time>
        <hdop>3.8</hdop>
        <extensions>
          <osmand:speed>7.6</osmand:speed>
        </extensions>
      </trkpt>
      <trkpt lat="54.8906899" lon="25.6228919">
        <ele>143.2</ele>
        <time>2024-11-23T14:33:24Z</time>
        <hdop>3.8</hdop>
        <extensions>
          <osmand:speed>9.3</osmand:speed>
        </extensions>
      </trkpt>
      <trkpt lat="54.8903954" lon="25.6221298">
        <ele>144.5</ele>
        <time>2024-11-23T14:33:30Z</time>
        <hdop>3.8</hdop>
        <extensions>
          <osmand:speed>8.8</osmand:speed>
        </extensions>
      </trkpt>
      <trkpt lat="54.8901336" lon="25.6214461">
        <ele>144.5</ele>
        <time>2024-11-23T14:33:36Z</time>
        <hdop>3.8</hdop>
        <extensions>
          <osmand:speed>9.2</osmand:speed>
        </extensions>
      </trkpt>
      <trkpt lat="54.8898577" lon="25.6207441">
        <ele>145</ele>
        <time>2024-11-23T14:33:42Z</time>
        <hdop>3.8</hdop>
        <extensions>
          <osmand:speed>8.8</osmand:speed>
        </extensions>
      </trkpt>
      <trkpt lat="54.8895894" lon="25.6200449">
        <ele>146.9</ele>
        <time>2024-11-23T14:33:48Z</time>
        <hdop>3.8</hdop>
        <extensions>
          <osmand:speed>8.7</osmand:speed>
        </extensions>
      </trkpt>
      <trkpt lat="54.8893453" lon="25.6192558">
        <ele>146.8</ele>
        <time>2024-11-23T14:33:54Z</time>
        <hdop>3.8</hdop>
        <extensions>
          <osmand:speed>10.6</osmand:speed>
        </extensions>
      </trkpt>
      <trkpt lat="54.889134" lon="25.6184411">
        <ele>143.5</ele>
        <time>2024-11-23T14:34:00Z</time>
        <hdop>3.8</hdop>
        <extensions>
          <osmand:speed>8.1</osmand:speed>
        </extensions>
      </trkpt>
      <trkpt lat="54.8889557" lon="25.617514">
        <ele>142.7</ele>
        <time>2024-11-23T14:34:06Z</time>
        <hdop>3.8</hdop>
        <extensions>
          <osmand:speed>12.3</osmand:speed>
        </extensions>
      </trkpt>
      <trkpt lat="54.8885516" lon="25.6166735">
        <ele>141.1</ele>
        <time>2024-11-23T14:34:12Z</time>
        <hdop>3.8</hdop>
        <extensions>
          <osmand:speed>10.1</osmand:speed>
        </extensions>
      </trkpt>
      <trkpt lat="54.8885281" lon="25.6158097">
        <ele>141.7</ele>
        <time>2024-11-23T14:34:18Z</time>
        <hdop>3.8</hdop>
        <extensions>
          <osmand:speed>10.3</osmand:speed>
        </extensions>
      </trkpt>
      <trkpt lat="54.8887767" lon="25.6148223">
        <ele>142.9</ele>
        <time>2024-11-23T14:34:24Z</time>
        <hdop>3.8</hdop>
        <extensions>
          <osmand:speed>10.7</osmand:speed>
        </extensions>
      </trkpt>
      <trkpt lat="54.8887616" lon="25.6140238">
        <ele>140.8</ele>
        <time>2024-11-23T14:34:30Z</time>
        <hdop>3.8</hdop>
        <extensions>
          <osmand:speed>10.1</osmand:speed>
        </extensions>
      </trkpt>
      <trkpt lat="54.8884324" lon="25.6131432">
        <ele>140.9</ele>
        <time>2024-11-23T14:34:36Z</time>
        <hdop>3.8</hdop>
        <extensions>
          <osmand:speed>10.8</osmand:speed>
        </extensions>
      </trkpt>
      <trkpt lat="54.8881768" lon="25.6122327">
        <ele>142.3</ele>
        <time>2024-11-23T14:34:42Z</time>
        <hdop>3.8</hdop>
        <extensions>
          <osmand:speed>11.5</osmand:speed>
        </extensions>
      </trkpt>
      <trkpt lat="54.8877875" lon="25.6113744">
        <ele>140.8</ele>
        <time>2024-11-23T14:34:48Z</time>
        <hdop>3.8</hdop>
        <extensions>
          <osmand:speed>12</osmand:speed>
        </extensions>
      </trkpt>
      <trkpt lat="54.8873618" lon="25.6105689">
        <ele>140.8</ele>
        <time>2024-11-23T14:34:54Z</time>
        <hdop>3.8</hdop>
        <extensions>
          <osmand:speed>11.1</osmand:speed>
        </extensions>
      </trkpt>
      <trkpt lat="54.887047" lon="25.609591">
        <ele>142.2</ele>
        <time>2024-11-23T14:35:00Z</time>
        <hdop>3.8</hdop>
        <extensions>
          <osmand:speed>13.2</osmand:speed>
        </extensions>
      </trkpt>
      <trkpt lat="54.8867805" lon="25.6085473">
        <ele>142.7</ele>
        <time>2024-11-23T14:35:06Z</time>
        <hdop>3.8</hdop>
        <extensions>
          <osmand:speed>11.7</osmand:speed>
        </extensions>
      </trkpt>
      <trkpt lat="54.8865375" lon="25.607476">
        <ele>142.4</ele>
        <time>2024-11-23T14:35:12Z</time>
        <hdop>3.8</hdop>
        <extensions>
          <osmand:speed>12</osmand:speed>
        </extensions>
      </trkpt>
      <trkpt lat="54.886334" lon="25.6064871">
        <ele>142.1</ele>
        <time>2024-11-23T14:35:18Z</time>
        <hdop>3.8</hdop>
        <extensions>
          <osmand:speed>10.2</osmand:speed>
        </extensions>
      </trkpt>
      <trkpt lat="54.886142" lon="25.6058436">
        <ele>139.7</ele>
        <time>2024-11-23T14:35:24Z</time>
        <hdop>3.8</hdop>
        <extensions>
          <osmand:speed>6.8</osmand:speed>
        </extensions>
      </trkpt>
      <trkpt lat="54.8861851" lon="25.6054729">
        <ele>139.2</ele>
        <time>2024-11-23T14:35:30Z</time>
        <hdop>3.8</hdop>
        <extensions>
          <osmand:speed>0.4</osmand:speed>
        </extensions>
      </trkpt>
      <trkpt lat="54.8861773" lon="25.6054653">
        <ele>138.7</ele>
        <time>2024-11-23T14:35:36Z</time>
        <hdop>3.8</hdop>
      </trkpt>
      <trkpt lat="54.8861746" lon="25.6054702">
        <ele>139</ele>
        <time>2024-11-23T14:35:42Z</time>
        <hdop>3.8</hdop>
      </trkpt>
      <trkpt lat="54.8861753" lon="25.6054719">
        <ele>138.9</ele>
        <time>2024-11-23T14:35:48Z</time>
        <hdop>3.8</hdop>
      </trkpt>
      <trkpt lat="54.8861839" lon="25.6054656">
        <ele>138.6</ele>
        <time>2024-11-23T14:35:54Z</time>
        <hdop>3.8</hdop>
      </trkpt>
      <trkpt lat="54.8861784" lon="25.6054624">
        <ele>138.9</ele>
        <time>2024-11-23T14:36:00Z</time>
        <hdop>3.8</hdop>
        <extensions>
          <osmand:speed>0.5</osmand:speed>
        </extensions>
      </trkpt>
      <trkpt lat="54.8861805" lon="25.6054545">
        <ele>139.3</ele>
        <time>2024-11-23T14:36:06Z</time>
        <hdop>3.8</hdop>
      </trkpt>
      <trkpt lat="54.8861792" lon="25.6054486">
        <ele>138.8</ele>
        <time>2024-11-23T14:36:12Z</time>
        <hdop>3.8</hdop>
      </trkpt>
      <trkpt lat="54.8861795" lon="25.6054491">
        <ele>138.8</ele>
        <time>2024-11-23T14:36:18Z</time>
        <hdop>3.8</hdop>
      </trkpt>
      <trkpt lat="54.8861798" lon="25.6054495">
        <ele>138.8</ele>
        <time>2024-11-23T14:36:24Z</time>
        <hdop>3.8</hdop>
      </trkpt>
      <trkpt lat="54.8861798" lon="25.6054496">
        <ele>138.8</ele>
        <time>2024-11-23T14:36:30Z</time>
        <hdop>3.8</hdop>
      </trkpt>
      <trkpt lat="54.8861773" lon="25.6054449">
        <ele>138.4</ele>
        <time>2024-11-23T14:36:36Z</time>
        <hdop>3.8</hdop>
      </trkpt>
      <trkpt lat="54.8861599" lon="25.6054491">
        <ele>137.3</ele>
        <time>2024-11-23T14:36:42Z</time>
        <hdop>3.8</hdop>
        <extensions>
          <osmand:speed>0.3</osmand:speed>
        </extensions>
      </trkpt>
      <trkpt lat="54.8861647" lon="25.6054428">
        <ele>137.6</ele>
        <time>2024-11-23T14:36:48Z</time>
        <hdop>3.8</hdop>
      </trkpt>
      <trkpt lat="54.8861689" lon="25.6054456">
        <ele>138.2</ele>
        <time>2024-11-23T14:36:54Z</time>
        <hdop>3.8</hdop>
      </trkpt>
      <trkpt lat="54.8861686" lon="25.6054459">
        <ele>138.2</ele>
        <time>2024-11-23T14:37:00Z</time>
        <hdop>3.8</hdop>
      </trkpt>
      <trkpt lat="54.8861686" lon="25.6054459">
        <ele>138.2</ele>
        <time>2024-11-23T14:37:06Z</time>
        <hdop>3.8</hdop>
      </trkpt>
      <trkpt lat="54.8861686" lon="25.605446">
        <ele>138.2</ele>
        <time>2024-11-23T14:37:12Z</time>
        <hdop>3.8</hdop>
      </trkpt>
      <trkpt lat="54.8861682" lon="25.6054469">
        <ele>138.2</ele>
        <time>2024-11-23T14:37:18Z</time>
        <hdop>3.8</hdop>
        <extensions>
          <osmand:speed>0.2</osmand:speed>
        </extensions>
      </trkpt>
      <trkpt lat="54.8861698" lon="25.6054556">
        <ele>138.8</ele>
        <time>2024-11-23T14:37:24Z</time>
        <hdop>3.8</hdop>
      </trkpt>
      <trkpt lat="54.8861637" lon="25.6054633">
        <ele>138.8</ele>
        <time>2024-11-23T14:37:30Z</time>
        <hdop>3.8</hdop>
      </trkpt>
      <trkpt lat="54.8861597" lon="25.6054454">
        <ele>139</ele>
        <time>2024-11-23T14:37:36Z</time>
        <hdop>3.8</hdop>
        <extensions>
          <osmand:speed>0.4</osmand:speed>
        </extensions>
      </trkpt>
      <trkpt lat="54.8861696" lon="25.6054617">
        <ele>139.3</ele>
        <time>2024-11-23T14:37:42Z</time>
        <hdop>3.8</hdop>
      </trkpt>
      <trkpt lat="54.88617" lon="25.6054591">
        <ele>139.4</ele>
        <time>2024-11-23T14:37:48Z</time>
        <hdop>3.8</hdop>
      </trkpt>
      <trkpt lat="54.8861703" lon="25.6054599">
        <ele>139.5</ele>
        <time>2024-11-23T14:37:54Z</time>
        <hdop>3.8</hdop>
      </trkpt>
      <trkpt lat="54.8861706" lon="25.6054603">
        <ele>139.5</ele>
        <time>2024-11-23T14:38:00Z</time>
        <hdop>3.8</hdop>
      </trkpt>
      <trkpt lat="54.8861707" lon="25.6054605">
        <ele>139.5</ele>
        <time>2024-11-23T14:38:06Z</time>
        <hdop>3.8</hdop>
      </trkpt>
      <trkpt lat="54.8861708" lon="25.6054606">
        <ele>139.5</ele>
        <time>2024-11-23T14:38:12Z</time>
        <hdop>3.8</hdop>
      </trkpt>
      <trkpt lat="54.8861708" lon="25.6054607">
        <ele>139.5</ele>
        <time>2024-11-23T14:38:18Z</time>
        <hdop>3.8</hdop>
      </trkpt>
      <trkpt lat="54.8861709" lon="25.6054609">
        <ele>139.5</ele>
        <time>2024-11-23T14:38:24Z</time>
        <hdop>3.8</hdop>
      </trkpt>
      <trkpt lat="54.886171" lon="25.6054611">
        <ele>139.5</ele>
        <time>2024-11-23T14:38:30Z</time>
        <hdop>3.8</hdop>
      </trkpt>
      <trkpt lat="54.8861709" lon="25.6054612">
        <ele>139.5</ele>
        <time>2024-11-23T14:38:36Z</time>
        <hdop>3.8</hdop>
      </trkpt>
      <trkpt lat="54.8861709" lon="25.6054614">
        <ele>139.5</ele>
        <time>2024-11-23T14:38:42Z</time>
        <hdop>3.8</hdop>
      </trkpt>
      <trkpt lat="54.886171" lon="25.6054616">
        <ele>139.5</ele>
        <time>2024-11-23T14:38:48Z</time>
        <hdop>3.8</hdop>
      </trkpt>
      <trkpt lat="54.8861697" lon="25.6054654">
        <ele>139.1</ele>
        <time>2024-11-23T14:38:54Z</time>
        <hdop>3.8</hdop>
      </trkpt>
      <trkpt lat="54.8861688" lon="25.6054541">
        <ele>138.8</ele>
        <time>2024-11-23T14:39:00Z</time>
        <hdop>3.8</hdop>
      </trkpt>
      <trkpt lat="54.8861657" lon="25.6054617">
        <ele>138.8</ele>
        <time>2024-11-23T14:39:06Z</time>
        <hdop>3.8</hdop>
      </trkpt>
      <trkpt lat="54.8861623" lon="25.6054647">
        <ele>138.4</ele>
        <time>2024-11-23T14:39:12Z</time>
        <hdop>3.8</hdop>
      </trkpt>
      <trkpt lat="54.8861597" lon="25.6054774">
        <ele>138.2</ele>
        <time>2024-11-23T14:39:18Z</time>
        <hdop>3.8</hdop>
      </trkpt>
      <trkpt lat="54.8861587" lon="25.6054768">
        <ele>138.3</ele>
        <time>2024-11-23T14:39:24Z</time>
        <hdop>3.8</hdop>
      </trkpt>
      <trkpt lat="54.8861534" lon="25.605473">
        <ele>138.2</ele>
        <time>2024-11-23T14:39:30Z</time>
        <hdop>3.8</hdop>
        <extensions>
          <osmand:speed>0.2</osmand:speed>
        </extensions>
      </trkpt>
      <trkpt lat="54.886153" lon="25.6054806">
        <ele>138.1</ele>
        <time>2024-11-23T14:39:36Z</time>
        <hdop>3.8</hdop>
        <extensions>
          <osmand:speed>0.2</osmand:speed>
        </extensions>
      </trkpt>
      <trkpt lat="54.8861518" lon="25.6054796">
        <ele>138.7</ele>
        <time>2024-11-23T14:39:42Z</time>
        <hdop>3.8</hdop>
      </trkpt>
      <trkpt lat="54.8861682" lon="25.605502">
        <ele>138.7</ele>
        <time>2024-11-23T14:39:48Z</time>
        <hdop>3.8</hdop>
      </trkpt>
      <trkpt lat="54.8861618" lon="25.605486">
        <ele>139.5</ele>
        <time>2024-11-23T14:39:54Z</time>
        <hdop>3.8</hdop>
      </trkpt>
      <trkpt lat="54.8861725" lon="25.6054883">
        <ele>139.3</ele>
        <time>2024-11-23T14:40:00Z</time>
        <hdop>3.8</hdop>
      </trkpt>
      <trkpt lat="54.8861721" lon="25.6054961">
        <ele>139.9</ele>
        <time>2024-11-23T14:40:06Z</time>
        <hdop>3.8</hdop>
      </trkpt>
      <trkpt lat="54.8861732" lon="25.6054953">
        <ele>140.1</ele>
        <time>2024-11-23T14:40:12Z</time>
        <hdop>3.8</hdop>
      </trkpt>
      <trkpt lat="54.8861734" lon="25.6054954">
        <ele>140.1</ele>
        <time>2024-11-23T14:40:18Z</time>
        <hdop>3.8</hdop>
      </trkpt>
      <trkpt lat="54.8861734" lon="25.6054954">
        <ele>140.1</ele>
        <time>2024-11-23T14:40:24Z</time>
        <hdop>3.8</hdop>
      </trkpt>
      <trkpt lat="54.8861734" lon="25.6054955">
        <ele>140.1</ele>
        <time>2024-11-23T14:40:30Z</time>
        <hdop>3.8</hdop>
      </trkpt>
      <trkpt lat="54.8861735" lon="25.6054956">
        <ele>140.1</ele>
        <time>2024-11-23T14:40:36Z</time>
        <hdop>3.8</hdop>
      </trkpt>
      <trkpt lat="54.8861736" lon="25.6054955">
        <ele>140.2</ele>
        <time>2024-11-23T14:40:42Z</time>
        <hdop>3.8</hdop>
      </trkpt>
      <trkpt lat="54.8861779" lon="25.6054934">
        <ele>141.1</ele>
        <time>2024-11-23T14:40:48Z</time>
        <hdop>3.8</hdop>
      </trkpt>
      <trkpt lat="54.8861692" lon="25.6054954">
        <ele>140.6</ele>
        <time>2024-11-23T14:40:54Z</time>
        <hdop>3.8</hdop>
      </trkpt>
      <trkpt lat="54.8861675" lon="25.6054974">
        <ele>140.5</ele>
        <time>2024-11-23T14:41:00Z</time>
        <hdop>3.8</hdop>
      </trkpt>
      <trkpt lat="54.8861672" lon="25.6054971">
        <ele>140.5</ele>
        <time>2024-11-23T14:41:06Z</time>
        <hdop>3.8</hdop>
      </trkpt>
      <trkpt lat="54.8861672" lon="25.6054971">
        <ele>140.5</ele>
        <time>2024-11-23T14:41:12Z</time>
        <hdop>3.8</hdop>
      </trkpt>
      <trkpt lat="54.8861721" lon="25.6054989">
        <ele>140.8</ele>
        <time>2024-11-23T14:41:18Z</time>
        <hdop>3.8</hdop>
      </trkpt>
      <trkpt lat="54.8861727" lon="25.6054932">
        <ele>139.3</ele>
        <time>2024-11-23T14:41:24Z</time>
        <hdop>3.8</hdop>
      </trkpt>
      <trkpt lat="54.8861689" lon="25.6054924">
        <ele>139.2</ele>
        <time>2024-11-23T14:41:30Z</time>
        <hdop>3.8</hdop>
      </trkpt>
      <trkpt lat="54.8861689" lon="25.6054926">
        <ele>139.2</ele>
        <time>2024-11-23T14:41:36Z</time>
        <hdop>3.8</hdop>
      </trkpt>
      <trkpt lat="54.8862101" lon="25.6054165">
        <ele>139.5</ele>
        <time>2024-11-23T14:41:42Z</time>
        <hdop>3.8</hdop>
        <extensions>
          <osmand:speed>3.1</osmand:speed>
        </extensions>
      </trkpt>
      <trkpt lat="54.8865169" lon="25.6053176">
        <ele>139.5</ele>
        <time>2024-11-23T14:41:48Z</time>
        <hdop>4</hdop>
        <extensions>
          <osmand:speed>7</osmand:speed>
        </extensions>
      </trkpt>
      <trkpt lat="54.8868942" lon="25.6053511">
        <ele>141.9</ele>
        <time>2024-11-23T14:41:54Z</time>
        <hdop>3.8</hdop>
        <extensions>
          <osmand:speed>7</osmand:speed>
        </extensions>
      </trkpt>
      <trkpt lat="54.8873462" lon="25.6054273">
        <ele>145.1</ele>
        <time>2024-11-23T14:42:00Z</time>
        <hdop>3.8</hdop>
        <extensions>
          <osmand:speed>9.8</osmand:speed>
        </extensions>
      </trkpt>
      <trkpt lat="54.8878602" lon="25.6057116">
        <ele>148.1</ele>
        <time>2024-11-23T14:42:06Z</time>
        <hdop>3.8</hdop>
        <extensions>
          <osmand:speed>10.1</osmand:speed>
        </extensions>
      </trkpt>
      <trkpt lat="54.8883958" lon="25.6060864">
        <ele>149.8</ele>
        <time>2024-11-23T14:42:12Z</time>
        <hdop>3.8</hdop>
        <extensions>
          <osmand:speed>10.6</osmand:speed>
        </extensions>
      </trkpt>
      <trkpt lat="54.8889601" lon="25.60609">
        <ele>155.4</ele>
        <time>2024-11-23T14:42:18Z</time>
        <hdop>4.6</hdop>
        <extensions>
          <osmand:speed>8.7</osmand:speed>
        </extensions>
      </trkpt>
      <trkpt lat="54.8895626" lon="25.6062828">
        <ele>158.1</ele>
        <time>2024-11-23T14:42:24Z</time>
        <hdop>6.9</hdop>
        <extensions>
          <osmand:speed>10.8</osmand:speed>
        </extensions>
      </trkpt>
      <trkpt lat="54.8900477" lon="25.6057729">
        <ele>158</ele>
        <time>2024-11-23T14:42:30Z</time>
        <hdop>5.1</hdop>
        <extensions>
          <osmand:speed>12.9</osmand:speed>
        </extensions>
      </trkpt>
      <trkpt lat="54.8904112" lon="25.604812">
        <ele>161.8</ele>
        <time>2024-11-23T14:42:36Z</time>
        <hdop>4.4</hdop>
        <extensions>
          <osmand:speed>11.5</osmand:speed>
        </extensions>
      </trkpt>
      <trkpt lat="54.8906564" lon="25.6036728">
        <ele>164.9</ele>
        <time>2024-11-23T14:42:42Z</time>
        <hdop>5.5</hdop>
        <extensions>
          <osmand:speed>12.9</osmand:speed>
        </extensions>
      </trkpt>
      <trkpt lat="54.8908292" lon="25.6026002">
        <ele>167.2</ele>
        <time>2024-11-23T14:42:48Z</time>
        <hdop>11.1</hdop>
        <extensions>
          <osmand:speed>9.4</osmand:speed>
        </extensions>
      </trkpt>
      <trkpt lat="54.8912272" lon="25.6022206">
        <ele>168.9</ele>
        <time>2024-11-23T14:42:54Z</time>
        <hdop>9.9</hdop>
        <extensions>
          <osmand:speed>10.1</osmand:speed>
        </extensions>
      </trkpt>
      <trkpt lat="54.891848" lon="25.6018637">
        <ele>166.4</ele>
        <time>2024-11-23T14:43:00Z</time>
        <hdop>3.8</hdop>
        <extensions>
          <osmand:speed>11.9</osmand:speed>
        </extensions>
      </trkpt>
      <trkpt lat="54.892455" lon="25.6016471">
        <ele>162.5</ele>
        <time>2024-11-23T14:43:06Z</time>
        <hdop>4.1</hdop>
        <extensions>
          <osmand:speed>11.2</osmand:speed>
        </extensions>
      </trkpt>
      <trkpt lat="54.8929214" lon="25.6009005">
        <ele>163.1</ele>
        <time>2024-11-23T14:43:12Z</time>
        <hdop>3.8</hdop>
        <extensions>
          <osmand:speed>12.8</osmand:speed>
        </extensions>
      </trkpt>
      <trkpt lat="54.8932348" lon="25.5998978">
        <ele>166.2</ele>
        <time>2024-11-23T14:43:18Z</time>
        <hdop>3.8</hdop>
        <extensions>
          <osmand:speed>12.1</osmand:speed>
        </extensions>
      </trkpt>
      <trkpt lat="54.8935298" lon="25.5988297">
        <ele>168.1</ele>
        <time>2024-11-23T14:43:24Z</time>
        <hdop>4.4</hdop>
        <extensions>
          <osmand:speed>12.9</osmand:speed>
        </extensions>
      </trkpt>
      <trkpt lat="54.8939397" lon="25.5978036">
        <ele>168.9</ele>
        <time>2024-11-23T14:43:30Z</time>
        <hdop>3.8</hdop>
        <extensions>
          <osmand:speed>13.7</osmand:speed>
        </extensions>
      </trkpt>
      <trkpt lat="54.8945234" lon="25.5970498">
        <ele>167.7</ele>
        <time>2024-11-23T14:43:36Z</time>
        <hdop>3.8</hdop>
        <extensions>
          <osmand:speed>13</osmand:speed>
        </extensions>
      </trkpt>
      <trkpt lat="54.8949477" lon="25.5966531">
        <ele>165.5</ele>
        <time>2024-11-23T14:43:42Z</time>
        <hdop>3.8</hdop>
        <extensions>
          <osmand:speed>5.5</osmand:speed>
        </extensions>
      </trkpt>
      <trkpt lat="54.8949642" lon="25.5963375">
        <ele>164.7</ele>
        <time>2024-11-23T14:43:48Z</time>
        <hdop>3.8</hdop>
        <extensions>
          <osmand:speed>5.6</osmand:speed>
        </extensions>
      </trkpt>
      <trkpt lat="54.8950901" lon="25.595696">
        <ele>164.3</ele>
        <time>2024-11-23T14:43:54Z</time>
        <hdop>3.8</hdop>
        <extensions>
          <osmand:speed>8.6</osmand:speed>
        </extensions>
      </trkpt>
      <trkpt lat="54.8952775" lon="25.594899">
        <ele>163.7</ele>
        <time>2024-11-23T14:44:00Z</time>
        <hdop>3.8</hdop>
        <extensions>
          <osmand:speed>9.9</osmand:speed>
        </extensions>
      </trkpt>
      <trkpt lat="54.8954702" lon="25.5940768">
        <ele>164</ele>
        <time>2024-11-23T14:44:06Z</time>
        <hdop>3.8</hdop>
        <extensions>
          <osmand:speed>8.7</osmand:speed>
        </extensions>
      </trkpt>
      <trkpt lat="54.8955987" lon="25.5933803">
        <ele>165.1</ele>
        <time>2024-11-23T14:44:12Z</time>
        <hdop>3.8</hdop>
        <extensions>
          <osmand:speed>7.7</osmand:speed>
        </extensions>
      </trkpt>
      <trkpt lat="54.8957468" lon="25.5925828">
        <ele>165.8</ele>
        <time>2024-11-23T14:44:18Z</time>
        <hdop>3.8</hdop>
        <extensions>
          <osmand:speed>8.6</osmand:speed>
        </extensions>
      </trkpt>
      <trkpt lat="54.8958198" lon="25.5918498">
        <ele>166.9</ele>
        <time>2024-11-23T14:44:24Z</time>
        <hdop>3.8</hdop>
        <extensions>
          <osmand:speed>7.2</osmand:speed>
        </extensions>
      </trkpt>
      <trkpt lat="54.8958349" lon="25.5916758">
        <ele>167.9</ele>
        <time>2024-11-23T14:44:30Z</time>
        <hdop>3.8</hdop>
      </trkpt>
      <trkpt lat="54.8958364" lon="25.5916715">
        <ele>167.6</ele>
        <time>2024-11-23T14:44:36Z</time>
        <hdop>3.8</hdop>
      </trkpt>
      <trkpt lat="54.8958328" lon="25.591667">
        <ele>167.2</ele>
        <time>2024-11-23T14:44:42Z</time>
        <hdop>3.8</hdop>
      </trkpt>
      <trkpt lat="54.8958342" lon="25.5916529">
        <ele>167.2</ele>
        <time>2024-11-23T14:44:48Z</time>
        <hdop>3.8</hdop>
        <extensions>
          <osmand:speed>0.7</osmand:speed>
        </extensions>
      </trkpt>
      <trkpt lat="54.8958538" lon="25.5911178">
        <ele>168.5</ele>
        <time>2024-11-23T14:44:54Z</time>
        <hdop>3.8</hdop>
        <extensions>
          <osmand:speed>8</osmand:speed>
        </extensions>
      </trkpt>
      <trkpt lat="54.8958672" lon="25.5903266">
        <ele>173.1</ele>
        <time>2024-11-23T14:45:00Z</time>
        <hdop>3.8</hdop>
        <extensions>
          <osmand:speed>8.9</osmand:speed>
        </extensions>
      </trkpt>
      <trkpt lat="54.895867" lon="25.5895874">
        <ele>179.7</ele>
        <time>2024-11-23T14:45:06Z</time>
        <hdop>3.8</hdop>
        <extensions>
          <osmand:speed>8.1</osmand:speed>
        </extensions>
      </trkpt>
      <trkpt lat="54.8958691" lon="25.5888651">
        <ele>189.6</ele>
        <time>2024-11-23T14:45:12Z</time>
        <hdop>3.8</hdop>
        <extensions>
          <osmand:speed>7.3</osmand:speed>
        </extensions>
      </trkpt>
      <trkpt lat="54.8958961" lon="25.5882031">
        <ele>196</ele>
        <time>2024-11-23T14:45:18Z</time>
        <hdop>3.8</hdop>
        <extensions>
          <osmand:speed>5.1</osmand:speed>
        </extensions>
      </trkpt>
      <trkpt lat="54.8959021" lon="25.5877465">
        <ele>198.9</ele>
        <time>2024-11-23T14:45:24Z</time>
        <hdop>3.8</hdop>
        <extensions>
          <osmand:speed>4.8</osmand:speed>
        </extensions>
      </trkpt>
      <trkpt lat="54.8959214" lon="25.5870541">
        <ele>200.2</ele>
        <time>2024-11-23T14:45:30Z</time>
        <hdop>3.8</hdop>
        <extensions>
          <osmand:speed>8.9</osmand:speed>
        </extensions>
      </trkpt>
      <trkpt lat="54.8959288" lon="25.5861908">
        <ele>199.1</ele>
        <time>2024-11-23T14:45:36Z</time>
        <hdop>3.8</hdop>
        <extensions>
          <osmand:speed>9.3</osmand:speed>
        </extensions>
      </trkpt>
      <trkpt lat="54.8959214" lon="25.5853168">
        <ele>198.5</ele>
        <time>2024-11-23T14:45:42Z</time>
        <hdop>3.8</hdop>
        <extensions>
          <osmand:speed>8.9</osmand:speed>
        </extensions>
      </trkpt>
      <trkpt lat="54.8957576" lon="25.5845182">
        <ele>199.6</ele>
        <time>2024-11-23T14:45:48Z</time>
        <hdop>3.8</hdop>
        <extensions>
          <osmand:speed>8.5</osmand:speed>
        </extensions>
      </trkpt>
      <trkpt lat="54.8954551" lon="25.5838032">
        <ele>200.7</ele>
        <time>2024-11-23T14:45:54Z</time>
        <hdop>3.8</hdop>
        <extensions>
          <osmand:speed>10.3</osmand:speed>
        </extensions>
      </trkpt>
      <trkpt lat="54.8951468" lon="25.5831361">
        <ele>202.1</ele>
        <time>2024-11-23T14:46:00Z</time>
        <hdop>3.8</hdop>
        <extensions>
          <osmand:speed>9.6</osmand:speed>
        </extensions>
      </trkpt>
      <trkpt lat="54.8948992" lon="25.5827312">
        <ele>203.3</ele>
        <time>2024-11-23T14:46:06Z</time>
        <hdop>3.8</hdop>
        <extensions>
          <osmand:speed>5.2</osmand:speed>
        </extensions>
      </trkpt>
      <trkpt lat="54.8945513" lon="25.5826091">
        <ele>203.2</ele>
        <time>2024-11-23T14:46:12Z</time>
        <hdop>3.8</hdop>
        <extensions>
          <osmand:speed>9.3</osmand:speed>
        </extensions>
      </trkpt>
      <trkpt lat="54.8940747" lon="25.5823068">
        <ele>204.3</ele>
        <time>2024-11-23T14:46:18Z</time>
        <hdop>3.8</hdop>
        <extensions>
          <osmand:speed>8.6</osmand:speed>
        </extensions>
      </trkpt>
      <trkpt lat="54.8935885" lon="25.5820285">
        <ele>203.6</ele>
        <time>2024-11-23T14:46:24Z</time>
        <hdop>3.8</hdop>
        <extensions>
          <osmand:speed>10.1</osmand:speed>
        </extensions>
      </trkpt>
      <trkpt lat="54.8931011" lon="25.5817073">
        <ele>203</ele>
        <time>2024-11-23T14:46:30Z</time>
        <hdop>3.8</hdop>
        <extensions>
          <osmand:speed>9</osmand:speed>
        </extensions>
      </trkpt>
      <trkpt lat="54.8925944" lon="25.5814079">
        <ele>204.3</ele>
        <time>2024-11-23T14:46:36Z</time>
        <hdop>3.8</hdop>
        <extensions>
          <osmand:speed>9.9</osmand:speed>
        </extensions>
      </trkpt>
      <trkpt lat="54.892146" lon="25.5811361">
        <ele>203.7</ele>
        <time>2024-11-23T14:46:42Z</time>
        <hdop>3.8</hdop>
        <extensions>
          <osmand:speed>7.2</osmand:speed>
        </extensions>
      </trkpt>
      <trkpt lat="54.8919136" lon="25.5809595">
        <ele>204.1</ele>
        <time>2024-11-23T14:46:48Z</time>
        <hdop>3.8</hdop>
        <extensions>
          <osmand:speed>1</osmand:speed>
        </extensions>
      </trkpt>
      <trkpt lat="54.8919031" lon="25.5809628">
        <ele>205.4</ele>
        <time>2024-11-23T14:46:54Z</time>
        <hdop>3.8</hdop>
      </trkpt>
      <trkpt lat="54.8919051" lon="25.5809697">
        <ele>204.9</ele>
        <time>2024-11-23T14:47:00Z</time>
        <hdop>3.8</hdop>
      </trkpt>
      <trkpt lat="54.8919048" lon="25.5809658">
        <ele>205.3</ele>
        <time>2024-11-23T14:47:06Z</time>
        <hdop>3.8</hdop>
      </trkpt>
      <trkpt lat="54.891904" lon="25.5809641">
        <ele>205.5</ele>
        <time>2024-11-23T14:47:12Z</time>
        <hdop>3.8</hdop>
      </trkpt>
      <trkpt lat="54.8919038" lon="25.5809636">
        <ele>205.5</ele>
        <time>2024-11-23T14:47:18Z</time>
        <hdop>3.8</hdop>
      </trkpt>
      <trkpt lat="54.8919037" lon="25.580963">
        <ele>205.6</ele>
        <time>2024-11-23T14:47:24Z</time>
        <hdop>3.8</hdop>
      </trkpt>
      <trkpt lat="54.8919036" lon="25.5809626">
        <ele>205.6</ele>
        <time>2024-11-23T14:47:30Z</time>
        <hdop>3.8</hdop>
      </trkpt>
      <trkpt lat="54.8919036" lon="25.5809622">
        <ele>205.6</ele>
        <time>2024-11-23T14:47:36Z</time>
        <hdop>3.8</hdop>
      </trkpt>
      <trkpt lat="54.8919037" lon="25.580962">
        <ele>205.6</ele>
        <time>2024-11-23T14:47:42Z</time>
        <hdop>3.8</hdop>
      </trkpt>
      <trkpt lat="54.8919038" lon="25.5809619">
        <ele>205.6</ele>
        <time>2024-11-23T14:47:48Z</time>
        <hdop>3.8</hdop>
      </trkpt>
      <trkpt lat="54.8919039" lon="25.5809617">
        <ele>205.6</ele>
        <time>2024-11-23T14:47:54Z</time>
        <hdop>3.8</hdop>
      </trkpt>
      <trkpt lat="54.8919039" lon="25.5809614">
        <ele>205.7</ele>
        <time>2024-11-23T14:48:00Z</time>
        <hdop>3.8</hdop>
      </trkpt>
      <trkpt lat="54.8919036" lon="25.5809612">
        <ele>205.7</ele>
        <time>2024-11-23T14:48:06Z</time>
        <hdop>3.8</hdop>
      </trkpt>
      <trkpt lat="54.8919034" lon="25.5809611">
        <ele>205.7</ele>
        <time>2024-11-23T14:48:12Z</time>
        <hdop>3.8</hdop>
      </trkpt>
      <trkpt lat="54.8919034" lon="25.5809608">
        <ele>205.7</ele>
        <time>2024-11-23T14:48:18Z</time>
        <hdop>3.8</hdop>
      </trkpt>
      <trkpt lat="54.8919033" lon="25.5809602">
        <ele>205.7</ele>
        <time>2024-11-23T14:48:24Z</time>
        <hdop>3.8</hdop>
      </trkpt>
      <trkpt lat="54.8917645" lon="25.5809206">
        <ele>206.8</ele>
        <time>2024-11-23T14:48:30Z</time>
        <hdop>3.8</hdop>
        <extensions>
          <osmand:speed>5.5</osmand:speed>
        </extensions>
      </trkpt>
      <trkpt lat="54.8914435" lon="25.5807807">
        <ele>206.5</ele>
        <time>2024-11-23T14:48:36Z</time>
        <hdop>3.8</hdop>
        <extensions>
          <osmand:speed>6.5</osmand:speed>
        </extensions>
      </trkpt>
      <trkpt lat="54.8912704" lon="25.5806571">
        <ele>207</ele>
        <time>2024-11-23T14:48:42Z</time>
        <hdop>3.8</hdop>
        <extensions>
          <osmand:speed>0.8</osmand:speed>
        </extensions>
      </trkpt>
      <trkpt lat="54.8912669" lon="25.580642">
        <ele>207.1</ele>
        <time>2024-11-23T14:48:48Z</time>
        <hdop>3.8</hdop>
      </trkpt>
      <trkpt lat="54.891232" lon="25.5806142">
        <ele>207.3</ele>
        <time>2024-11-23T14:48:54Z</time>
        <hdop>3.8</hdop>
        <extensions>
          <osmand:speed>4.6</osmand:speed>
        </extensions>
      </trkpt>
      <trkpt lat="54.8908978" lon="25.580409">
        <ele>204.1</ele>
        <time>2024-11-23T14:49:00Z</time>
        <hdop>3.8</hdop>
        <extensions>
          <osmand:speed>7</osmand:speed>
        </extensions>
      </trkpt>
      <trkpt lat="54.8905654" lon="25.5802246">
        <ele>205</ele>
        <time>2024-11-23T14:49:06Z</time>
        <hdop>3.8</hdop>
        <extensions>
          <osmand:speed>6</osmand:speed>
        </extensions>
      </trkpt>
      <trkpt lat="54.8904379" lon="25.5801081">
        <ele>204.9</ele>
        <time>2024-11-23T14:49:12Z</time>
        <hdop>3.8</hdop>
      </trkpt>
      <trkpt lat="54.8904008" lon="25.5799575">
        <ele>204.4</ele>
        <time>2024-11-23T14:49:18Z</time>
        <hdop>3.8</hdop>
        <extensions>
          <osmand:speed>4.6</osmand:speed>
        </extensions>
      </trkpt>
      <trkpt lat="54.8905295" lon="25.5793775">
        <ele>200.6</ele>
        <time>2024-11-23T14:49:24Z</time>
        <hdop>3.8</hdop>
        <extensions>
          <osmand:speed>6.5</osmand:speed>
        </extensions>
      </trkpt>
      <trkpt lat="54.8905161" lon="25.5787457">
        <ele>202.2</ele>
        <time>2024-11-23T14:49:30Z</time>
        <hdop>4.2</hdop>
        <extensions>
          <osmand:speed>7.5</osmand:speed>
        </extensions>
      </trkpt>
      <trkpt lat="54.8903292" lon="25.5781986">
        <ele>201.7</ele>
        <time>2024-11-23T14:49:36Z</time>
        <hdop>3.8</hdop>
        <extensions>
          <osmand:speed>4.7</osmand:speed>
        </extensions>
      </trkpt>
      <trkpt lat="54.8902593" lon="25.5777032">
        <ele>203.2</ele>
        <time>2024-11-23T14:49:42Z</time>
        <hdop>3.8</hdop>
        <extensions>
          <osmand:speed>5.9</osmand:speed>
        </extensions>
      </trkpt>
      <trkpt lat="54.8901335" lon="25.5770998">
        <ele>200.4</ele>
        <time>2024-11-23T14:49:48Z</time>
        <hdop>3.8</hdop>
        <extensions>
          <osmand:speed>7.1</osmand:speed>
        </extensions>
      </trkpt>
      <trkpt lat="54.8901416" lon="25.5766401">
        <ele>200.2</ele>
        <time>2024-11-23T14:49:54Z</time>
        <hdop>3.8</hdop>
        <extensions>
          <osmand:speed>6.5</osmand:speed>
        </extensions>
      </trkpt>
      <trkpt lat="54.8899848" lon="25.5759967">
        <ele>199.2</ele>
        <time>2024-11-23T14:50:00Z</time>
        <hdop>3.8</hdop>
        <extensions>
          <osmand:speed>7.7</osmand:speed>
        </extensions>
      </trkpt>
      <trkpt lat="54.8898514" lon="25.5754322">
        <ele>202.6</ele>
        <time>2024-11-23T14:50:06Z</time>
        <hdop>3.8</hdop>
        <extensions>
          <osmand:speed>5.7</osmand:speed>
        </extensions>
      </trkpt>
      <trkpt lat="54.8897242" lon="25.5748905">
        <ele>202.3</ele>
        <time>2024-11-23T14:50:12Z</time>
        <hdop>3.8</hdop>
        <extensions>
          <osmand:speed>6.9</osmand:speed>
        </extensions>
      </trkpt>
      <trkpt lat="54.8896586" lon="25.5741826">
        <ele>200.4</ele>
        <time>2024-11-23T14:50:18Z</time>
        <hdop>3.8</hdop>
        <extensions>
          <osmand:speed>8.5</osmand:speed>
        </extensions>
      </trkpt>
      <trkpt lat="54.8895433" lon="25.5736774">
        <ele>198.3</ele>
        <time>2024-11-23T14:50:24Z</time>
        <hdop>3.8</hdop>
        <extensions>
          <osmand:speed>2.6</osmand:speed>
        </extensions>
      </trkpt>
      <trkpt lat="54.8895302" lon="25.5735675">
        <ele>197.1</ele>
        <time>2024-11-23T14:50:30Z</time>
        <hdop>3.8</hdop>
        <extensions>
          <osmand:speed>0.7</osmand:speed>
        </extensions>
      </trkpt>
      <trkpt lat="54.8895253" lon="25.573343">
        <ele>199.4</ele>
        <time>2024-11-23T14:50:36Z</time>
        <hdop>3.8</hdop>
        <extensions>
          <osmand:speed>4.3</osmand:speed>
        </extensions>
      </trkpt>
      <trkpt lat="54.8894686" lon="25.5730584">
        <ele>199.4</ele>
        <time>2024-11-23T14:50:42Z</time>
        <hdop>3.8</hdop>
        <extensions>
          <osmand:speed>3.8</osmand:speed>
        </extensions>
      </trkpt>
      <trkpt lat="54.8894212" lon="25.5728256">
        <ele>200.8</ele>
        <time>2024-11-23T14:50:48Z</time>
        <hdop>3.8</hdop>
        <extensions>
          <osmand:speed>2.6</osmand:speed>
        </extensions>
      </trkpt>
      <trkpt lat="54.8893834" lon="25.5725916">
        <ele>204.4</ele>
        <time>2024-11-23T14:50:54Z</time>
        <hdop>3.8</hdop>
        <extensions>
          <osmand:speed>0.9</osmand:speed>
        </extensions>
      </trkpt>
      <trkpt lat="54.889296" lon="25.572293">
        <ele>206.6</ele>
        <time>2024-11-23T14:51:00Z</time>
        <hdop>3.8</hdop>
        <extensions>
          <osmand:speed>5.7</osmand:speed>
        </extensions>
      </trkpt>
      <trkpt lat="54.8892112" lon="25.5718938">
        <ele>204.6</ele>
        <time>2024-11-23T14:51:06Z</time>
        <hdop>3.8</hdop>
        <extensions>
          <osmand:speed>5.2</osmand:speed>
        </extensions>
      </trkpt>
      <trkpt lat="54.8891272" lon="25.5713971">
        <ele>197.8</ele>
        <time>2024-11-23T14:51:12Z</time>
        <hdop>3.8</hdop>
        <extensions>
          <osmand:speed>4.8</osmand:speed>
        </extensions>
      </trkpt>
      <trkpt lat="54.8890823" lon="25.5712655">
        <ele>198.2</ele>
        <time>2024-11-23T14:51:18Z</time>
        <hdop>3.8</hdop>
      </trkpt>
      <trkpt lat="54.8890858" lon="25.5712535">
        <ele>198.7</ele>
        <time>2024-11-23T14:51:24Z</time>
        <hdop>3.8</hdop>
      </trkpt>
      <trkpt lat="54.8890888" lon="25.5712568">
        <ele>198.3</ele>
        <time>2024-11-23T14:51:30Z</time>
        <hdop>3.8</hdop>
      </trkpt>
      <trkpt lat="54.8890884" lon="25.5712569">
        <ele>198.4</ele>
        <time>2024-11-23T14:51:36Z</time>
        <hdop>3.8</hdop>
      </trkpt>
      <trkpt lat="54.8890635" lon="25.571248">
        <ele>199.2</ele>
        <time>2024-11-23T14:51:42Z</time>
        <hdop>3.8</hdop>
        <extensions>
          <osmand:speed>1.5</osmand:speed>
        </extensions>
      </trkpt>
      <trkpt lat="54.888983" lon="25.5714672">
        <ele>196.6</ele>
        <time>2024-11-23T14:51:48Z</time>
        <hdop>3.8</hdop>
        <extensions>
          <osmand:speed>3.8</osmand:speed>
        </extensions>
      </trkpt>
      <trkpt lat="54.8888305" lon="25.5716808">
        <ele>196.7</ele>
        <time>2024-11-23T14:51:54Z</time>
        <hdop>4.5</hdop>
        <extensions>
          <osmand:speed>5</osmand:speed>
        </extensions>
      </trkpt>
      <trkpt lat="54.8886184" lon="25.5720643">
        <ele>194.7</ele>
        <time>2024-11-23T14:52:00Z</time>
        <hdop>3.8</hdop>
        <extensions>
          <osmand:speed>5.5</osmand:speed>
        </extensions>
      </trkpt>
      <trkpt lat="54.8883782" lon="25.5722696">
        <ele>191.6</ele>
        <time>2024-11-23T14:52:06Z</time>
        <hdop>3.8</hdop>
        <extensions>
          <osmand:speed>5.6</osmand:speed>
        </extensions>
      </trkpt>
      <trkpt lat="54.8880464" lon="25.5723375">
        <ele>188.5</ele>
        <time>2024-11-23T14:52:12Z</time>
        <hdop>3.8</hdop>
        <extensions>
          <osmand:speed>6.4</osmand:speed>
        </extensions>
      </trkpt>
      <trkpt lat="54.8877409" lon="25.5723486">
        <ele>185.6</ele>
        <time>2024-11-23T14:52:18Z</time>
        <hdop>3.8</hdop>
        <extensions>
          <osmand:speed>5.7</osmand:speed>
        </extensions>
      </trkpt>
      <trkpt lat="54.8874774" lon="25.5724752">
        <ele>185.9</ele>
        <time>2024-11-23T14:52:24Z</time>
        <hdop>3.8</hdop>
        <extensions>
          <osmand:speed>5.5</osmand:speed>
        </extensions>
      </trkpt>
      <trkpt lat="54.8871791" lon="25.5728128">
        <ele>184</ele>
        <time>2024-11-23T14:52:30Z</time>
        <hdop>3.8</hdop>
        <extensions>
          <osmand:speed>7</osmand:speed>
        </extensions>
      </trkpt>
      <trkpt lat="54.8870286" lon="25.5730972">
        <ele>182.5</ele>
        <time>2024-11-23T14:52:36Z</time>
        <hdop>3.8</hdop>
        <extensions>
          <osmand:speed>5.2</osmand:speed>
        </extensions>
      </trkpt>
      <trkpt lat="54.8867255" lon="25.5732766">
        <ele>180.9</ele>
        <time>2024-11-23T14:52:42Z</time>
        <hdop>4</hdop>
        <extensions>
          <osmand:speed>6</osmand:speed>
        </extensions>
      </trkpt>
      <trkpt lat="54.8863864" lon="25.5732513">
        <ele>183.1</ele>
        <time>2024-11-23T14:52:48Z</time>
        <hdop>3.8</hdop>
        <extensions>
          <osmand:speed>6.1</osmand:speed>
        </extensions>
      </trkpt>
      <trkpt lat="54.8861222" lon="25.573212">
        <ele>176.3</ele>
        <time>2024-11-23T14:52:54Z</time>
        <hdop>3.8</hdop>
        <extensions>
          <osmand:speed>3.5</osmand:speed>
        </extensions>
      </trkpt>
      <trkpt lat="54.8858839" lon="25.5730568">
        <ele>171.6</ele>
        <time>2024-11-23T14:53:00Z</time>
        <hdop>3.8</hdop>
        <extensions>
          <osmand:speed>4.2</osmand:speed>
        </extensions>
      </trkpt>
      <trkpt lat="54.8856252" lon="25.5728303">
        <ele>169.4</ele>
        <time>2024-11-23T14:53:06Z</time>
        <hdop>3.8</hdop>
        <extensions>
          <osmand:speed>7.2</osmand:speed>
        </extensions>
      </trkpt>
      <trkpt lat="54.885413" lon="25.5726308">
        <ele>168.6</ele>
        <time>2024-11-23T14:53:12Z</time>
        <hdop>3.8</hdop>
        <extensions>
          <osmand:speed>1</osmand:speed>
        </extensions>
      </trkpt>
      <trkpt lat="54.8854181" lon="25.5726354">
        <ele>172.8</ele>
        <time>2024-11-23T14:53:18Z</time>
        <hdop>3.8</hdop>
      </trkpt>
      <trkpt lat="54.8854003" lon="25.5726181">
        <ele>174.7</ele>
        <time>2024-11-23T14:53:24Z</time>
        <hdop>3.8</hdop>
      </trkpt>
      <trkpt lat="54.8854018" lon="25.5726194">
        <ele>174.9</ele>
        <time>2024-11-23T14:53:30Z</time>
        <hdop>3.8</hdop>
      </trkpt>
      <trkpt lat="54.8854013" lon="25.5726196">
        <ele>174.9</ele>
        <time>2024-11-23T14:53:36Z</time>
        <hdop>3.8</hdop>
      </trkpt>
      <trkpt lat="54.8853754" lon="25.5725891">
        <ele>173.7</ele>
        <time>2024-11-23T14:53:42Z</time>
        <hdop>3.8</hdop>
        <extensions>
          <osmand:speed>4.2</osmand:speed>
        </extensions>
      </trkpt>
      <trkpt lat="54.8852381" lon="25.5724676">
        <ele>168.7</ele>
        <time>2024-11-23T14:53:48Z</time>
        <hdop>3.8</hdop>
        <extensions>
          <osmand:speed>2.6</osmand:speed>
        </extensions>
      </trkpt>
      <trkpt lat="54.8850188" lon="25.572124">
        <ele>166.2</ele>
        <time>2024-11-23T14:53:54Z</time>
        <hdop>3.8</hdop>
        <extensions>
          <osmand:speed>8.7</osmand:speed>
        </extensions>
      </trkpt>
      <trkpt lat="54.8845991" lon="25.5716738">
        <ele>162.6</ele>
        <time>2024-11-23T14:54:00Z</time>
        <hdop>3.8</hdop>
        <extensions>
          <osmand:speed>9.4</osmand:speed>
        </extensions>
      </trkpt>
      <trkpt lat="54.8843627" lon="25.5709941">
        <ele>159.4</ele>
        <time>2024-11-23T14:54:06Z</time>
        <hdop>3.8</hdop>
        <extensions>
          <osmand:speed>9.2</osmand:speed>
        </extensions>
      </trkpt>
      <trkpt lat="54.8842735" lon="25.5700644">
        <ele>159.7</ele>
        <time>2024-11-23T14:54:12Z</time>
        <hdop>3.8</hdop>
        <extensions>
          <osmand:speed>10</osmand:speed>
        </extensions>
      </trkpt>
      <trkpt lat="54.8843599" lon="25.5691326">
        <ele>161.7</ele>
        <time>2024-11-23T14:54:18Z</time>
        <hdop>3.8</hdop>
        <extensions>
          <osmand:speed>9.6</osmand:speed>
        </extensions>
      </trkpt>
      <trkpt lat="54.8843305" lon="25.568299">
        <ele>162.8</ele>
        <time>2024-11-23T14:54:24Z</time>
        <hdop>4.6</hdop>
        <extensions>
          <osmand:speed>8.6</osmand:speed>
        </extensions>
      </trkpt>
      <trkpt lat="54.8840382" lon="25.5679614">
        <ele>168.6</ele>
        <time>2024-11-23T14:54:30Z</time>
        <hdop>4.7</hdop>
        <extensions>
          <osmand:speed>1.2</osmand:speed>
        </extensions>
      </trkpt>
      <trkpt lat="54.884007" lon="25.5679676">
        <ele>166.1</ele>
        <time>2024-11-23T14:54:36Z</time>
        <hdop>3.8</hdop>
      </trkpt>
      <trkpt lat="54.8840105" lon="25.5679655">
        <ele>166.7</ele>
        <time>2024-11-23T14:54:42Z</time>
        <hdop>3.8</hdop>
      </trkpt>
      <trkpt lat="54.8839532" lon="25.5679122">
        <ele>165.4</ele>
        <time>2024-11-23T14:54:48Z</time>
        <hdop>3.8</hdop>
        <extensions>
          <osmand:speed>3.8</osmand:speed>
        </extensions>
      </trkpt>
      <trkpt lat="54.8835898" lon="25.5673926">
        <ele>159.9</ele>
        <time>2024-11-23T14:54:54Z</time>
        <hdop>3.8</hdop>
        <extensions>
          <osmand:speed>10.6</osmand:speed>
        </extensions>
      </trkpt>
      <trkpt lat="54.8832037" lon="25.5666338">
        <ele>160.6</ele>
        <time>2024-11-23T14:55:00Z</time>
        <hdop>3.8</hdop>
        <extensions>
          <osmand:speed>11</osmand:speed>
        </extensions>
      </trkpt>
      <trkpt lat="54.8827636" lon="25.5659129">
        <ele>160.6</ele>
        <time>2024-11-23T14:55:06Z</time>
        <hdop>3.8</hdop>
        <extensions>
          <osmand:speed>11.2</osmand:speed>
        </extensions>
      </trkpt>
      <trkpt lat="54.8823272" lon="25.5653045">
        <ele>163.9</ele>
        <time>2024-11-23T14:55:12Z</time>
        <hdop>3.8</hdop>
        <extensions>
          <osmand:speed>8.1</osmand:speed>
        </extensions>
      </trkpt>
      <trkpt lat="54.8819542" lon="25.564604">
        <ele>163.9</ele>
        <time>2024-11-23T14:55:18Z</time>
        <hdop>3.8</hdop>
        <extensions>
          <osmand:speed>11.5</osmand:speed>
        </extensions>
      </trkpt>
      <trkpt lat="54.8815649" lon="25.5637058">
        <ele>163</ele>
        <time>2024-11-23T14:55:24Z</time>
        <hdop>3.8</hdop>
        <extensions>
          <osmand:speed>12.2</osmand:speed>
        </extensions>
      </trkpt>
      <trkpt lat="54.8812028" lon="25.562877">
        <ele>163.1</ele>
        <time>2024-11-23T14:55:30Z</time>
        <hdop>3.8</hdop>
        <extensions>
          <osmand:speed>9.8</osmand:speed>
        </extensions>
      </trkpt>
      <trkpt lat="54.8808533" lon="25.5619827">
        <ele>160.3</ele>
        <time>2024-11-23T14:55:36Z</time>
        <hdop>3.8</hdop>
        <extensions>
          <osmand:speed>11.7</osmand:speed>
        </extensions>
      </trkpt>
      <trkpt lat="54.8807228" lon="25.561443">
        <ele>161.3</ele>
        <time>2024-11-23T14:55:42Z</time>
        <hdop>3.8</hdop>
        <extensions>
          <osmand:speed>2</osmand:speed>
        </extensions>
      </trkpt>
      <trkpt lat="54.8808048" lon="25.5611345">
        <ele>164.1</ele>
        <time>2024-11-23T14:55:48Z</time>
        <hdop>3.8</hdop>
        <extensions>
          <osmand:speed>2.8</osmand:speed>
        </extensions>
      </trkpt>
      <trkpt lat="54.8808889" lon="25.561093">
        <ele>166.2</ele>
        <time>2024-11-23T14:55:54Z</time>
        <hdop>3.8</hdop>
      </trkpt>
      <trkpt lat="54.8808818" lon="25.5611119">
        <ele>166.2</ele>
        <time>2024-11-23T14:56:00Z</time>
        <hdop>3.8</hdop>
      </trkpt>
      <trkpt lat="54.8808735" lon="25.5611169">
        <ele>167</ele>
        <time>2024-11-23T14:56:06Z</time>
        <hdop>3.8</hdop>
      </trkpt>
      <trkpt lat="54.8808736" lon="25.561117">
        <ele>167</ele>
        <time>2024-11-23T14:56:12Z</time>
        <hdop>3.8</hdop>
      </trkpt>
      <trkpt lat="54.8808737" lon="25.5611171">
        <ele>167.1</ele>
        <time>2024-11-23T14:56:18Z</time>
        <hdop>3.8</hdop>
      </trkpt>
      <trkpt lat="54.8809135" lon="25.561069">
        <ele>167.7</ele>
        <time>2024-11-23T14:56:24Z</time>
        <hdop>3.8</hdop>
        <extensions>
          <osmand:speed>0.4</osmand:speed>
        </extensions>
      </trkpt>
      <trkpt lat="54.8808988" lon="25.5610861">
        <ele>165.9</ele>
        <time>2024-11-23T14:56:30Z</time>
        <hdop>3.8</hdop>
      </trkpt>
      <trkpt lat="54.8808883" lon="25.561113">
        <ele>165.8</ele>
        <time>2024-11-23T14:56:36Z</time>
        <hdop>3.8</hdop>
      </trkpt>
      <trkpt lat="54.8808562" lon="25.5610534">
        <ele>166.4</ele>
        <time>2024-11-23T14:56:42Z</time>
        <hdop>3.8</hdop>
      </trkpt>
      <trkpt lat="54.8808636" lon="25.5610822">
        <ele>166.1</ele>
        <time>2024-11-23T14:56:48Z</time>
        <hdop>3.8</hdop>
      </trkpt>
      <trkpt lat="54.8806548" lon="25.5610862">
        <ele>163.9</ele>
        <time>2024-11-23T14:56:54Z</time>
        <hdop>3.8</hdop>
        <extensions>
          <osmand:speed>6.2</osmand:speed>
        </extensions>
      </trkpt>
      <trkpt lat="54.8804021" lon="25.5610503">
        <ele>158.9</ele>
        <time>2024-11-23T14:57:00Z</time>
        <hdop>3.8</hdop>
        <extensions>
          <osmand:speed>0.9</osmand:speed>
        </extensions>
      </trkpt>
      <trkpt lat="54.8802435" lon="25.5609751">
        <ele>157.7</ele>
        <time>2024-11-23T14:57:06Z</time>
        <hdop>3.8</hdop>
        <extensions>
          <osmand:speed>5.4</osmand:speed>
        </extensions>
      </trkpt>
      <trkpt lat="54.8799498" lon="25.5610792">
        <ele>155.6</ele>
        <time>2024-11-23T14:57:12Z</time>
        <hdop>3.8</hdop>
        <extensions>
          <osmand:speed>6.6</osmand:speed>
        </extensions>
      </trkpt>
      <trkpt lat="54.8795262" lon="25.5611964">
        <ele>157.2</ele>
        <time>2024-11-23T14:57:18Z</time>
        <hdop>3.8</hdop>
        <extensions>
          <osmand:speed>9</osmand:speed>
        </extensions>
      </trkpt>
      <trkpt lat="54.8790976" lon="25.5611674">
        <ele>156.6</ele>
        <time>2024-11-23T14:57:24Z</time>
        <hdop>3.8</hdop>
        <extensions>
          <osmand:speed>8.9</osmand:speed>
        </extensions>
      </trkpt>
      <trkpt lat="54.8787358" lon="25.5612789">
        <ele>156.3</ele>
        <time>2024-11-23T14:57:30Z</time>
        <hdop>3.8</hdop>
        <extensions>
          <osmand:speed>6.1</osmand:speed>
        </extensions>
      </trkpt>
      <trkpt lat="54.8782935" lon="25.5611815">
        <ele>155.8</ele>
        <time>2024-11-23T14:57:36Z</time>
        <hdop>3.8</hdop>
        <extensions>
          <osmand:speed>9.6</osmand:speed>
        </extensions>
      </trkpt>
      <trkpt lat="54.8778672" lon="25.5607244">
        <ele>158.8</ele>
        <time>2024-11-23T14:57:42Z</time>
        <hdop>3.8</hdop>
        <extensions>
          <osmand:speed>9.8</osmand:speed>
        </extensions>
      </trkpt>
      <trkpt lat="54.8775337" lon="25.5601308">
        <ele>159.2</ele>
        <time>2024-11-23T14:57:48Z</time>
        <hdop>3.8</hdop>
        <extensions>
          <osmand:speed>6.6</osmand:speed>
        </extensions>
      </trkpt>
      <trkpt lat="54.8773334" lon="25.5594354">
        <ele>160.1</ele>
        <time>2024-11-23T14:57:54Z</time>
        <hdop>3.8</hdop>
        <extensions>
          <osmand:speed>9.2</osmand:speed>
        </extensions>
      </trkpt>
      <trkpt lat="54.877199" lon="25.5585077">
        <ele>160.2</ele>
        <time>2024-11-23T14:58:00Z</time>
        <hdop>3.8</hdop>
        <extensions>
          <osmand:speed>11.1</osmand:speed>
        </extensions>
      </trkpt>
      <trkpt lat="54.8770294" lon="25.557444">
        <ele>157.8</ele>
        <time>2024-11-23T14:58:06Z</time>
        <hdop>3.8</hdop>
        <extensions>
          <osmand:speed>12.3</osmand:speed>
        </extensions>
      </trkpt>
      <trkpt lat="54.8768334" lon="25.5564047">
        <ele>158.9</ele>
        <time>2024-11-23T14:58:12Z</time>
        <hdop>3.8</hdop>
        <extensions>
          <osmand:speed>11.9</osmand:speed>
        </extensions>
      </trkpt>
      <trkpt lat="54.8765782" lon="25.5553513">
        <ele>161.7</ele>
        <time>2024-11-23T14:58:18Z</time>
        <hdop>3.8</hdop>
        <extensions>
          <osmand:speed>12.7</osmand:speed>
        </extensions>
      </trkpt>
      <trkpt lat="54.876239" lon="25.5543344">
        <ele>163.8</ele>
        <time>2024-11-23T14:58:24Z</time>
        <hdop>3.8</hdop>
        <extensions>
          <osmand:speed>12.7</osmand:speed>
        </extensions>
      </trkpt>
      <trkpt lat="54.87589" lon="25.553278">
        <ele>163.8</ele>
        <time>2024-11-23T14:58:30Z</time>
        <hdop>3.8</hdop>
        <extensions>
          <osmand:speed>12.9</osmand:speed>
        </extensions>
      </trkpt>
      <trkpt lat="54.8755208" lon="25.5523266">
        <ele>160.1</ele>
        <time>2024-11-23T14:58:36Z</time>
        <hdop>3.8</hdop>
        <extensions>
          <osmand:speed>12.7</osmand:speed>
        </extensions>
      </trkpt>
      <trkpt lat="54.8751286" lon="25.5513238">
        <ele>158.1</ele>
        <time>2024-11-23T14:58:42Z</time>
        <hdop>3.8</hdop>
        <extensions>
          <osmand:speed>12.5</osmand:speed>
        </extensions>
      </trkpt>
      <trkpt lat="54.8745711" lon="25.5507398">
        <ele>155.9</ele>
        <time>2024-11-23T14:58:48Z</time>
        <hdop>3.8</hdop>
        <extensions>
          <osmand:speed>12.4</osmand:speed>
        </extensions>
      </trkpt>
      <trkpt lat="54.8739972" lon="25.5503736">
        <ele>159.5</ele>
        <time>2024-11-23T14:58:54Z</time>
        <hdop>3.8</hdop>
        <extensions>
          <osmand:speed>11.2</osmand:speed>
        </extensions>
      </trkpt>
      <trkpt lat="54.8734959" lon="25.5499434">
        <ele>160.8</ele>
        <time>2024-11-23T14:59:00Z</time>
        <hdop>3.8</hdop>
        <extensions>
          <osmand:speed>8.6</osmand:speed>
        </extensions>
      </trkpt>
      <trkpt lat="54.8733884" lon="25.5496686">
        <ele>161.3</ele>
        <time>2024-11-23T14:59:06Z</time>
        <hdop>3.8</hdop>
        <extensions>
          <osmand:speed>0.9</osmand:speed>
        </extensions>
      </trkpt>
      <trkpt lat="54.873381" lon="25.5496702">
        <ele>162.2</ele>
        <time>2024-11-23T14:59:12Z</time>
        <hdop>3.8</hdop>
      </trkpt>
      <trkpt lat="54.8733767" lon="25.5496692">
        <ele>162.9</ele>
        <time>2024-11-23T14:59:18Z</time>
        <hdop>3.8</hdop>
      </trkpt>
      <trkpt lat="54.8733767" lon="25.5496694">
        <ele>162.9</ele>
        <time>2024-11-23T14:59:24Z</time>
        <hdop>3.8</hdop>
      </trkpt>
      <trkpt lat="54.8733617" lon="25.5496899">
        <ele>162.4</ele>
        <time>2024-11-23T14:59:30Z</time>
        <hdop>3.8</hdop>
        <extensions>
          <osmand:speed>0.5</osmand:speed>
        </extensions>
      </trkpt>
      <trkpt lat="54.8733722" lon="25.549725">
        <ele>161.8</ele>
        <time>2024-11-23T14:59:36Z</time>
        <hdop>3.8</hdop>
      </trkpt>
      <trkpt lat="54.8733738" lon="25.5497267">
        <ele>162.8</ele>
        <time>2024-11-23T14:59:42Z</time>
        <hdop>3.8</hdop>
        <extensions>
          <osmand:speed>0.2</osmand:speed>
        </extensions>
      </trkpt>
      <trkpt lat="54.8733806" lon="25.5497533">
        <ele>162.7</ele>
        <time>2024-11-23T14:59:48Z</time>
        <hdop>3.8</hdop>
        <extensions>
          <osmand:speed>0.5</osmand:speed>
        </extensions>
      </trkpt>
      <trkpt lat="54.8733899" lon="25.5497417">
        <ele>162.7</ele>
        <time>2024-11-23T14:59:54Z</time>
        <hdop>3.8</hdop>
      </trkpt>
      <trkpt lat="54.8733935" lon="25.5497321">
        <ele>163.5</ele>
        <time>2024-11-23T15:00:00Z</time>
        <hdop>3.8</hdop>
      </trkpt>
      <trkpt lat="54.8733946" lon="25.5497282">
        <ele>163.4</ele>
        <time>2024-11-23T15:00:06Z</time>
        <hdop>3.8</hdop>
      </trkpt>
      <trkpt lat="54.8733946" lon="25.5497279">
        <ele>163.3</ele>
        <time>2024-11-23T15:00:12Z</time>
        <hdop>3.8</hdop>
      </trkpt>
      <trkpt lat="54.8733946" lon="25.5497276">
        <ele>163.3</ele>
        <time>2024-11-23T15:00:18Z</time>
        <hdop>3.8</hdop>
      </trkpt>
      <trkpt lat="54.8733946" lon="25.5497275">
        <ele>163.3</ele>
        <time>2024-11-23T15:00:24Z</time>
        <hdop>3.8</hdop>
      </trkpt>
      <trkpt lat="54.8733946" lon="25.5497275">
        <ele>163.3</ele>
        <time>2024-11-23T15:00:30Z</time>
        <hdop>3.8</hdop>
      </trkpt>
      <trkpt lat="54.8733946" lon="25.5497274">
        <ele>163.3</ele>
        <time>2024-11-23T15:00:36Z</time>
        <hdop>3.8</hdop>
      </trkpt>
      <trkpt lat="54.8733947" lon="25.5497274">
        <ele>163.3</ele>
        <time>2024-11-23T15:00:42Z</time>
        <hdop>3.8</hdop>
      </trkpt>
      <trkpt lat="54.8733948" lon="25.5497229">
        <ele>163.1</ele>
        <time>2024-11-23T15:00:48Z</time>
        <hdop>3.8</hdop>
        <extensions>
          <osmand:speed>0.4</osmand:speed>
        </extensions>
      </trkpt>
      <trkpt lat="54.8733897" lon="25.5497204">
        <ele>162.6</ele>
        <time>2024-11-23T15:00:54Z</time>
        <hdop>3.8</hdop>
      </trkpt>
      <trkpt lat="54.8733902" lon="25.5497164">
        <ele>162.5</ele>
        <time>2024-11-23T15:01:00Z</time>
        <hdop>3.8</hdop>
      </trkpt>
      <trkpt lat="54.8733902" lon="25.5497165">
        <ele>162.5</ele>
        <time>2024-11-23T15:01:06Z</time>
        <hdop>3.8</hdop>
      </trkpt>
      <trkpt lat="54.8733902" lon="25.5497164">
        <ele>162.5</ele>
        <time>2024-11-23T15:01:12Z</time>
        <hdop>3.8</hdop>
      </trkpt>
      <trkpt lat="54.8733902" lon="25.5497162">
        <ele>162.5</ele>
        <time>2024-11-23T15:01:18Z</time>
        <hdop>3.8</hdop>
      </trkpt>
      <trkpt lat="54.8733902" lon="25.5497162">
        <ele>162.5</ele>
        <time>2024-11-23T15:01:24Z</time>
        <hdop>3.8</hdop>
      </trkpt>
      <trkpt lat="54.8733902" lon="25.5497161">
        <ele>162.4</ele>
        <time>2024-11-23T15:01:30Z</time>
        <hdop>3.8</hdop>
      </trkpt>
      <trkpt lat="54.87339" lon="25.549716">
        <ele>162.4</ele>
        <time>2024-11-23T15:01:36Z</time>
        <hdop>3.8</hdop>
      </trkpt>
      <trkpt lat="54.8733899" lon="25.549716">
        <ele>162.4</ele>
        <time>2024-11-23T15:01:42Z</time>
        <hdop>3.8</hdop>
      </trkpt>
      <trkpt lat="54.8733876" lon="25.5497139">
        <ele>163</ele>
        <time>2024-11-23T15:01:48Z</time>
        <hdop>3.8</hdop>
      </trkpt>
      <trkpt lat="54.8733876" lon="25.5497149">
        <ele>162.8</ele>
        <time>2024-11-23T15:01:54Z</time>
        <hdop>3.8</hdop>
      </trkpt>
      <trkpt lat="54.8733877" lon="25.5497145">
        <ele>162.8</ele>
        <time>2024-11-23T15:02:00Z</time>
        <hdop>3.8</hdop>
      </trkpt>
      <trkpt lat="54.8733876" lon="25.5497145">
        <ele>162.8</ele>
        <time>2024-11-23T15:02:06Z</time>
        <hdop>3.8</hdop>
      </trkpt>
      <trkpt lat="54.8733877" lon="25.5497143">
        <ele>162.8</ele>
        <time>2024-11-23T15:02:12Z</time>
        <hdop>3.8</hdop>
      </trkpt>
      <trkpt lat="54.8733877" lon="25.5497143">
        <ele>162.8</ele>
        <time>2024-11-23T15:02:18Z</time>
        <hdop>3.8</hdop>
      </trkpt>
      <trkpt lat="54.8733877" lon="25.5497144">
        <ele>162.8</ele>
        <time>2024-11-23T15:02:24Z</time>
        <hdop>3.8</hdop>
      </trkpt>
      <trkpt lat="54.8733876" lon="25.5497145">
        <ele>162.8</ele>
        <time>2024-11-23T15:02:30Z</time>
        <hdop>3.8</hdop>
      </trkpt>
      <trkpt lat="54.8733876" lon="25.5497146">
        <ele>162.8</ele>
        <time>2024-11-23T15:02:36Z</time>
        <hdop>3.8</hdop>
      </trkpt>
      <trkpt lat="54.8733875" lon="25.5497147">
        <ele>162.7</ele>
        <time>2024-11-23T15:02:42Z</time>
        <hdop>3.8</hdop>
      </trkpt>
      <trkpt lat="54.8733875" lon="25.5497149">
        <ele>162.7</ele>
        <time>2024-11-23T15:02:48Z</time>
        <hdop>3.8</hdop>
      </trkpt>
      <trkpt lat="54.8733874" lon="25.5497151">
        <ele>162.7</ele>
        <time>2024-11-23T15:02:54Z</time>
        <hdop>3.8</hdop>
      </trkpt>
      <trkpt lat="54.8733874" lon="25.5497154">
        <ele>162.7</ele>
        <time>2024-11-23T15:03:00Z</time>
        <hdop>3.8</hdop>
      </trkpt>
      <trkpt lat="54.8733873" lon="25.5497156">
        <ele>162.7</ele>
        <time>2024-11-23T15:03:06Z</time>
        <hdop>3.8</hdop>
      </trkpt>
      <trkpt lat="54.8733871" lon="25.5497157">
        <ele>162.7</ele>
        <time>2024-11-23T15:03:12Z</time>
        <hdop>3.8</hdop>
      </trkpt>
      <trkpt lat="54.8733869" lon="25.5497159">
        <ele>162.6</ele>
        <time>2024-11-23T15:03:18Z</time>
        <hdop>3.8</hdop>
      </trkpt>
      <trkpt lat="54.8733867" lon="25.5497161">
        <ele>162.6</ele>
        <time>2024-11-23T15:03:24Z</time>
        <hdop>3.8</hdop>
      </trkpt>
      <trkpt lat="54.8733866" lon="25.5497163">
        <ele>162.6</ele>
        <time>2024-11-23T15:03:30Z</time>
        <hdop>3.8</hdop>
      </trkpt>
      <trkpt lat="54.8733864" lon="25.5497165">
        <ele>162.6</ele>
        <time>2024-11-23T15:03:36Z</time>
        <hdop>3.8</hdop>
      </trkpt>
      <trkpt lat="54.8733862" lon="25.5497167">
        <ele>162.6</ele>
        <time>2024-11-23T15:03:42Z</time>
        <hdop>3.8</hdop>
      </trkpt>
      <trkpt lat="54.873386" lon="25.549717">
        <ele>162.6</ele>
        <time>2024-11-23T15:03:48Z</time>
        <hdop>3.8</hdop>
      </trkpt>
      <trkpt lat="54.8733858" lon="25.5497172">
        <ele>162.6</ele>
        <time>2024-11-23T15:03:54Z</time>
        <hdop>3.8</hdop>
      </trkpt>
      <trkpt lat="54.8733856" lon="25.5497174">
        <ele>162.5</ele>
        <time>2024-11-23T15:04:00Z</time>
        <hdop>3.8</hdop>
      </trkpt>
      <trkpt lat="54.8733855" lon="25.5497176">
        <ele>162.5</ele>
        <time>2024-11-23T15:04:06Z</time>
        <hdop>3.8</hdop>
      </trkpt>
      <trkpt lat="54.8733853" lon="25.5497177">
        <ele>162.5</ele>
        <time>2024-11-23T15:04:12Z</time>
        <hdop>3.8</hdop>
      </trkpt>
      <trkpt lat="54.8733851" lon="25.5497178">
        <ele>162.5</ele>
        <time>2024-11-23T15:04:18Z</time>
        <hdop>3.8</hdop>
      </trkpt>
      <trkpt lat="54.873385" lon="25.549718">
        <ele>162.4</ele>
        <time>2024-11-23T15:04:24Z</time>
        <hdop>3.8</hdop>
      </trkpt>
      <trkpt lat="54.8733849" lon="25.5497183">
        <ele>162.4</ele>
        <time>2024-11-23T15:04:30Z</time>
        <hdop>3.8</hdop>
      </trkpt>
      <trkpt lat="54.8733847" lon="25.5497183">
        <ele>162.4</ele>
        <time>2024-11-23T15:04:36Z</time>
        <hdop>3.8</hdop>
      </trkpt>
      <trkpt lat="54.8733846" lon="25.5497184">
        <ele>162.4</ele>
        <time>2024-11-23T15:04:42Z</time>
        <hdop>3.8</hdop>
      </trkpt>
      <trkpt lat="54.8733845" lon="25.5497184">
        <ele>162.4</ele>
        <time>2024-11-23T15:04:48Z</time>
        <hdop>3.8</hdop>
      </trkpt>
      <trkpt lat="54.8733843" lon="25.5497185">
        <ele>162.4</ele>
        <time>2024-11-23T15:04:54Z</time>
        <hdop>3.8</hdop>
      </trkpt>
      <trkpt lat="54.8733751" lon="25.5497227">
        <ele>161.7</ele>
        <time>2024-11-23T15:05:00Z</time>
        <hdop>3.8</hdop>
        <extensions>
          <osmand:speed>0.9</osmand:speed>
        </extensions>
      </trkpt>
      <trkpt lat="54.8733846" lon="25.5496776">
        <ele>161.4</ele>
        <time>2024-11-23T15:05:06Z</time>
        <hdop>3.8</hdop>
        <extensions>
          <osmand:speed>0.5</osmand:speed>
        </extensions>
      </trkpt>
      <trkpt lat="54.8733881" lon="25.5496766">
        <ele>160.9</ele>
        <time>2024-11-23T15:05:12Z</time>
        <hdop>3.8</hdop>
      </trkpt>
      <trkpt lat="54.8733876" lon="25.5496765">
        <ele>160.9</ele>
        <time>2024-11-23T15:05:18Z</time>
        <hdop>3.8</hdop>
      </trkpt>
      <trkpt lat="54.8733873" lon="25.5496767">
        <ele>160.9</ele>
        <time>2024-11-23T15:05:24Z</time>
        <hdop>3.8</hdop>
      </trkpt>
      <trkpt lat="54.8733871" lon="25.5496767">
        <ele>160.9</ele>
        <time>2024-11-23T15:05:30Z</time>
        <hdop>3.8</hdop>
      </trkpt>
      <trkpt lat="54.8733805" lon="25.5496627">
        <ele>160.7</ele>
        <time>2024-11-23T15:05:36Z</time>
        <hdop>3.8</hdop>
        <extensions>
          <osmand:speed>1</osmand:speed>
        </extensions>
      </trkpt>
      <trkpt lat="54.8734043" lon="25.5493672">
        <ele>160.8</ele>
        <time>2024-11-23T15:05:42Z</time>
        <hdop>3.8</hdop>
        <extensions>
          <osmand:speed>5</osmand:speed>
        </extensions>
      </trkpt>
      <trkpt lat="54.8735577" lon="25.548788">
        <ele>160.2</ele>
        <time>2024-11-23T15:05:48Z</time>
        <hdop>3.8</hdop>
        <extensions>
          <osmand:speed>7.6</osmand:speed>
        </extensions>
      </trkpt>
      <trkpt lat="54.8737406" lon="25.5481079">
        <ele>158.7</ele>
        <time>2024-11-23T15:05:54Z</time>
        <hdop>3.8</hdop>
        <extensions>
          <osmand:speed>8.9</osmand:speed>
        </extensions>
      </trkpt>
      <trkpt lat="54.873988" lon="25.5473088">
        <ele>155.6</ele>
        <time>2024-11-23T15:06:00Z</time>
        <hdop>3.8</hdop>
        <extensions>
          <osmand:speed>10.6</osmand:speed>
        </extensions>
      </trkpt>
      <trkpt lat="54.8742153" lon="25.5464825">
        <ele>157.3</ele>
        <time>2024-11-23T15:06:06Z</time>
        <hdop>3.8</hdop>
        <extensions>
          <osmand:speed>9.1</osmand:speed>
        </extensions>
      </trkpt>
      <trkpt lat="54.8743692" lon="25.5456861">
        <ele>159.8</ele>
        <time>2024-11-23T15:06:12Z</time>
        <hdop>3.8</hdop>
        <extensions>
          <osmand:speed>9.5</osmand:speed>
        </extensions>
      </trkpt>
      <trkpt lat="54.8745353" lon="25.5448778">
        <ele>160.3</ele>
        <time>2024-11-23T15:06:18Z</time>
        <hdop>3.8</hdop>
        <extensions>
          <osmand:speed>9.8</osmand:speed>
        </extensions>
      </trkpt>
      <trkpt lat="54.8746535" lon="25.5439744">
        <ele>159.6</ele>
        <time>2024-11-23T15:06:24Z</time>
        <hdop>3.8</hdop>
        <extensions>
          <osmand:speed>9.1</osmand:speed>
        </extensions>
      </trkpt>
      <trkpt lat="54.8747875" lon="25.5432351">
        <ele>159.1</ele>
        <time>2024-11-23T15:06:30Z</time>
        <hdop>3.8</hdop>
        <extensions>
          <osmand:speed>7.1</osmand:speed>
        </extensions>
      </trkpt>
      <trkpt lat="54.874821" lon="25.5427924">
        <ele>159.2</ele>
        <time>2024-11-23T15:06:36Z</time>
        <hdop>3.8</hdop>
        <extensions>
          <osmand:speed>4.2</osmand:speed>
        </extensions>
      </trkpt>
      <trkpt lat="54.8745675" lon="25.5426">
        <ele>159.2</ele>
        <time>2024-11-23T15:06:42Z</time>
        <hdop>3.8</hdop>
        <extensions>
          <osmand:speed>5</osmand:speed>
        </extensions>
      </trkpt>
      <trkpt lat="54.8742572" lon="25.5424368">
        <ele>159.4</ele>
        <time>2024-11-23T15:06:48Z</time>
        <hdop>3.8</hdop>
        <extensions>
          <osmand:speed>7.2</osmand:speed>
        </extensions>
      </trkpt>
      <trkpt lat="54.8738364" lon="25.5421797">
        <ele>158.9</ele>
        <time>2024-11-23T15:06:54Z</time>
        <hdop>3.8</hdop>
        <extensions>
          <osmand:speed>8.6</osmand:speed>
        </extensions>
      </trkpt>
      <trkpt lat="54.8734638" lon="25.5418325">
        <ele>156.3</ele>
        <time>2024-11-23T15:07:00Z</time>
        <hdop>3.8</hdop>
        <extensions>
          <osmand:speed>6.6</osmand:speed>
        </extensions>
      </trkpt>
      <trkpt lat="54.8734266" lon="25.5412047">
        <ele>155.7</ele>
        <time>2024-11-23T15:07:06Z</time>
        <hdop>3.8</hdop>
        <extensions>
          <osmand:speed>8</osmand:speed>
        </extensions>
      </trkpt>
      <trkpt lat="54.873368" lon="25.5406714">
        <ele>155.1</ele>
        <time>2024-11-23T15:07:12Z</time>
        <hdop>3.8</hdop>
        <extensions>
          <osmand:speed>1.2</osmand:speed>
        </extensions>
      </trkpt>
      <trkpt lat="54.8731995" lon="25.540581">
        <ele>153.2</ele>
        <time>2024-11-23T15:07:18Z</time>
        <hdop>3.8</hdop>
        <extensions>
          <osmand:speed>4.9</osmand:speed>
        </extensions>
      </trkpt>
      <trkpt lat="54.8728816" lon="25.540369">
        <ele>152.6</ele>
        <time>2024-11-23T15:07:24Z</time>
        <hdop>3.8</hdop>
        <extensions>
          <osmand:speed>6.6</osmand:speed>
        </extensions>
      </trkpt>
      <trkpt lat="54.8725719" lon="25.5402053">
        <ele>152.1</ele>
        <time>2024-11-23T15:07:30Z</time>
        <hdop>3.8</hdop>
        <extensions>
          <osmand:speed>5.7</osmand:speed>
        </extensions>
      </trkpt>
      <trkpt lat="54.8723391" lon="25.540044">
        <ele>151.7</ele>
        <time>2024-11-23T15:07:36Z</time>
        <hdop>3.8</hdop>
        <extensions>
          <osmand:speed>4.6</osmand:speed>
        </extensions>
      </trkpt>
      <trkpt lat="54.8721869" lon="25.5396523">
        <ele>150.9</ele>
        <time>2024-11-23T15:07:42Z</time>
        <hdop>3.8</hdop>
        <extensions>
          <osmand:speed>5.4</osmand:speed>
        </extensions>
      </trkpt>
      <trkpt lat="54.8720722" lon="25.5390879">
        <ele>151.6</ele>
        <time>2024-11-23T15:07:48Z</time>
        <hdop>3.8</hdop>
        <extensions>
          <osmand:speed>7.3</osmand:speed>
        </extensions>
      </trkpt>
      <trkpt lat="54.8717918" lon="25.5385232">
        <ele>154.8</ele>
        <time>2024-11-23T15:07:54Z</time>
        <hdop>3.8</hdop>
        <extensions>
          <osmand:speed>8.5</osmand:speed>
        </extensions>
      </trkpt>
      <trkpt lat="54.8714937" lon="25.5378666">
        <ele>157</ele>
        <time>2024-11-23T15:08:00Z</time>
        <hdop>3.8</hdop>
        <extensions>
          <osmand:speed>9.1</osmand:speed>
        </extensions>
      </trkpt>
      <trkpt lat="54.8712054" lon="25.5371278">
        <ele>157.6</ele>
        <time>2024-11-23T15:08:06Z</time>
        <hdop>3.8</hdop>
        <extensions>
          <osmand:speed>9.6</osmand:speed>
        </extensions>
      </trkpt>
      <trkpt lat="54.8708719" lon="25.5363697">
        <ele>157.8</ele>
        <time>2024-11-23T15:08:12Z</time>
        <hdop>3.8</hdop>
        <extensions>
          <osmand:speed>11.2</osmand:speed>
        </extensions>
      </trkpt>
      <trkpt lat="54.8704926" lon="25.5354998">
        <ele>158.2</ele>
        <time>2024-11-23T15:08:18Z</time>
        <hdop>3.8</hdop>
        <extensions>
          <osmand:speed>11.4</osmand:speed>
        </extensions>
      </trkpt>
      <trkpt lat="54.8702821" lon="25.534991">
        <ele>158.7</ele>
        <time>2024-11-23T15:08:24Z</time>
        <hdop>3.8</hdop>
        <extensions>
          <osmand:speed>2.9</osmand:speed>
        </extensions>
      </trkpt>
      <trkpt lat="54.8702659" lon="25.5349515">
        <ele>158.5</ele>
        <time>2024-11-23T15:08:30Z</time>
        <hdop>3.8</hdop>
      </trkpt>
      <trkpt lat="54.8702672" lon="25.53496">
        <ele>157.7</ele>
        <time>2024-11-23T15:08:36Z</time>
        <hdop>3.8</hdop>
      </trkpt>
      <trkpt lat="54.8702683" lon="25.5349639">
        <ele>156.7</ele>
        <time>2024-11-23T15:08:42Z</time>
        <hdop>3.8</hdop>
      </trkpt>
      <trkpt lat="54.8702683" lon="25.5349655">
        <ele>156.8</ele>
        <time>2024-11-23T15:08:48Z</time>
        <hdop>3.8</hdop>
      </trkpt>
      <trkpt lat="54.8702684" lon="25.5349657">
        <ele>156.8</ele>
        <time>2024-11-23T15:08:54Z</time>
        <hdop>3.8</hdop>
      </trkpt>
      <trkpt lat="54.8702683" lon="25.5349659">
        <ele>156.8</ele>
        <time>2024-11-23T15:09:00Z</time>
        <hdop>3.8</hdop>
      </trkpt>
      <trkpt lat="54.8702682" lon="25.5349659">
        <ele>156.8</ele>
        <time>2024-11-23T15:09:06Z</time>
        <hdop>3.8</hdop>
      </trkpt>
      <trkpt lat="54.8702681" lon="25.534966">
        <ele>156.8</ele>
        <time>2024-11-23T15:09:12Z</time>
        <hdop>3.8</hdop>
      </trkpt>
      <trkpt lat="54.8702682" lon="25.5349662">
        <ele>156.8</ele>
        <time>2024-11-23T15:09:18Z</time>
        <hdop>3.8</hdop>
      </trkpt>
      <trkpt lat="54.8702682" lon="25.5349663">
        <ele>156.8</ele>
        <time>2024-11-23T15:09:24Z</time>
        <hdop>3.8</hdop>
      </trkpt>
      <trkpt lat="54.8702681" lon="25.5349663">
        <ele>156.8</ele>
        <time>2024-11-23T15:09:30Z</time>
        <hdop>3.8</hdop>
      </trkpt>
      <trkpt lat="54.8702683" lon="25.5349665">
        <ele>156.8</ele>
        <time>2024-11-23T15:09:36Z</time>
        <hdop>3.8</hdop>
      </trkpt>
      <trkpt lat="54.8701934" lon="25.5348017">
        <ele>157.2</ele>
        <time>2024-11-23T15:09:42Z</time>
        <hdop>3.8</hdop>
        <extensions>
          <osmand:speed>4.7</osmand:speed>
        </extensions>
      </trkpt>
      <trkpt lat="54.8700358" lon="25.5344313">
        <ele>157.6</ele>
        <time>2024-11-23T15:09:48Z</time>
        <hdop>3.8</hdop>
        <extensions>
          <osmand:speed>6.9</osmand:speed>
        </extensions>
      </trkpt>
      <trkpt lat="54.8697742" lon="25.5338378">
        <ele>158.1</ele>
        <time>2024-11-23T15:09:54Z</time>
        <hdop>3.8</hdop>
        <extensions>
          <osmand:speed>7.6</osmand:speed>
        </extensions>
      </trkpt>
      <trkpt lat="54.8695824" lon="25.533153">
        <ele>158.8</ele>
        <time>2024-11-23T15:10:00Z</time>
        <hdop>3.8</hdop>
        <extensions>
          <osmand:speed>8.7</osmand:speed>
        </extensions>
      </trkpt>
      <trkpt lat="54.8693156" lon="25.532426">
        <ele>159.4</ele>
        <time>2024-11-23T15:10:06Z</time>
        <hdop>3.8</hdop>
        <extensions>
          <osmand:speed>10</osmand:speed>
        </extensions>
      </trkpt>
      <trkpt lat="54.868984" lon="25.531696">
        <ele>159.8</ele>
        <time>2024-11-23T15:10:12Z</time>
        <hdop>3.8</hdop>
        <extensions>
          <osmand:speed>10.2</osmand:speed>
        </extensions>
      </trkpt>
      <trkpt lat="54.868634" lon="25.530921">
        <ele>159.2</ele>
        <time>2024-11-23T15:10:18Z</time>
        <hdop>3.8</hdop>
        <extensions>
          <osmand:speed>10.5</osmand:speed>
        </extensions>
      </trkpt>
      <trkpt lat="54.8682573" lon="25.5301974">
        <ele>160.5</ele>
        <time>2024-11-23T15:10:24Z</time>
        <hdop>3.8</hdop>
        <extensions>
          <osmand:speed>10.5</osmand:speed>
        </extensions>
      </trkpt>
      <trkpt lat="54.8678958" lon="25.5293648">
        <ele>160.2</ele>
        <time>2024-11-23T15:10:30Z</time>
        <hdop>3.8</hdop>
        <extensions>
          <osmand:speed>11.2</osmand:speed>
        </extensions>
      </trkpt>
      <trkpt lat="54.8675229" lon="25.5285076">
        <ele>160.5</ele>
        <time>2024-11-23T15:10:36Z</time>
        <hdop>3.8</hdop>
        <extensions>
          <osmand:speed>11.6</osmand:speed>
        </extensions>
      </trkpt>
      <trkpt lat="54.8671145" lon="25.5276512">
        <ele>160.5</ele>
        <time>2024-11-23T15:10:42Z</time>
        <hdop>3.8</hdop>
        <extensions>
          <osmand:speed>12</osmand:speed>
        </extensions>
      </trkpt>
      <trkpt lat="54.8667298" lon="25.5267592">
        <ele>159.7</ele>
        <time>2024-11-23T15:10:48Z</time>
        <hdop>3.8</hdop>
        <extensions>
          <osmand:speed>10.8</osmand:speed>
        </extensions>
      </trkpt>
      <trkpt lat="54.866376" lon="25.5258569">
        <ele>160.2</ele>
        <time>2024-11-23T15:10:54Z</time>
        <hdop>3.8</hdop>
        <extensions>
          <osmand:speed>11.9</osmand:speed>
        </extensions>
      </trkpt>
      <trkpt lat="54.8660575" lon="25.5249083">
        <ele>161.2</ele>
        <time>2024-11-23T15:11:00Z</time>
        <hdop>3.8</hdop>
        <extensions>
          <osmand:speed>11.5</osmand:speed>
        </extensions>
      </trkpt>
      <trkpt lat="54.8657851" lon="25.5240185">
        <ele>160.9</ele>
        <time>2024-11-23T15:11:06Z</time>
        <hdop>3.8</hdop>
        <extensions>
          <osmand:speed>11.4</osmand:speed>
        </extensions>
      </trkpt>
      <trkpt lat="54.8655273" lon="25.5232084">
        <ele>160.5</ele>
        <time>2024-11-23T15:11:12Z</time>
        <hdop>3.8</hdop>
        <extensions>
          <osmand:speed>7</osmand:speed>
        </extensions>
      </trkpt>
      <trkpt lat="54.865355" lon="25.5227102">
        <ele>160.2</ele>
        <time>2024-11-23T15:11:18Z</time>
        <hdop>3.8</hdop>
        <extensions>
          <osmand:speed>8.1</osmand:speed>
        </extensions>
      </trkpt>
      <trkpt lat="54.8651189" lon="25.5219669">
        <ele>161.4</ele>
        <time>2024-11-23T15:11:24Z</time>
        <hdop>3.8</hdop>
        <extensions>
          <osmand:speed>7.8</osmand:speed>
        </extensions>
      </trkpt>
      <trkpt lat="54.8650645" lon="25.5217752">
        <ele>163</ele>
        <time>2024-11-23T15:11:30Z</time>
        <hdop>3.8</hdop>
      </trkpt>
      <trkpt lat="54.8650656" lon="25.5217692">
        <ele>163.6</ele>
        <time>2024-11-23T15:11:36Z</time>
        <hdop>3.8</hdop>
      </trkpt>
      <trkpt lat="54.8650677" lon="25.5217705">
        <ele>164.1</ele>
        <time>2024-11-23T15:11:42Z</time>
        <hdop>3.8</hdop>
      </trkpt>
      <trkpt lat="54.8650676" lon="25.5217703">
        <ele>164.1</ele>
        <time>2024-11-23T15:11:48Z</time>
        <hdop>3.8</hdop>
      </trkpt>
      <trkpt lat="54.8650672" lon="25.5217708">
        <ele>164.1</ele>
        <time>2024-11-23T15:11:54Z</time>
        <hdop>3.8</hdop>
      </trkpt>
      <trkpt lat="54.8650671" lon="25.5217707">
        <ele>164.1</ele>
        <time>2024-11-23T15:12:00Z</time>
        <hdop>3.8</hdop>
      </trkpt>
      <trkpt lat="54.8650661" lon="25.5217566">
        <ele>164.8</ele>
        <time>2024-11-23T15:12:06Z</time>
        <hdop>3.8</hdop>
        <extensions>
          <osmand:speed>0.9</osmand:speed>
        </extensions>
      </trkpt>
      <trkpt lat="54.8648705" lon="25.5211518">
        <ele>164.8</ele>
        <time>2024-11-23T15:12:12Z</time>
        <hdop>3.8</hdop>
        <extensions>
          <osmand:speed>10.2</osmand:speed>
        </extensions>
      </trkpt>
      <trkpt lat="54.864589" lon="25.5202695">
        <ele>164.6</ele>
        <time>2024-11-23T15:12:18Z</time>
        <hdop>3.8</hdop>
        <extensions>
          <osmand:speed>11.4</osmand:speed>
        </extensions>
      </trkpt>
      <trkpt lat="54.8643031" lon="25.5193976">
        <ele>163.9</ele>
        <time>2024-11-23T15:12:24Z</time>
        <hdop>3.9</hdop>
        <extensions>
          <osmand:speed>10.6</osmand:speed>
        </extensions>
      </trkpt>
      <trkpt lat="54.8640036" lon="25.5184845">
        <ele>160.6</ele>
        <time>2024-11-23T15:12:30Z</time>
        <hdop>3.8</hdop>
        <extensions>
          <osmand:speed>11.7</osmand:speed>
        </extensions>
      </trkpt>
      <trkpt lat="54.8637042" lon="25.5175532">
        <ele>159.7</ele>
        <time>2024-11-23T15:12:36Z</time>
        <hdop>3.8</hdop>
        <extensions>
          <osmand:speed>10.6</osmand:speed>
        </extensions>
      </trkpt>
      <trkpt lat="54.8634121" lon="25.5165983">
        <ele>159</ele>
        <time>2024-11-23T15:12:42Z</time>
        <hdop>3.9</hdop>
        <extensions>
          <osmand:speed>12.8</osmand:speed>
        </extensions>
      </trkpt>
      <trkpt lat="54.863083" lon="25.5155758">
        <ele>159.4</ele>
        <time>2024-11-23T15:12:48Z</time>
        <hdop>3.8</hdop>
        <extensions>
          <osmand:speed>12.2</osmand:speed>
        </extensions>
      </trkpt>
      <trkpt lat="54.8627752" lon="25.514613">
        <ele>160</ele>
        <time>2024-11-23T15:12:54Z</time>
        <hdop>3.8</hdop>
        <extensions>
          <osmand:speed>9.9</osmand:speed>
        </extensions>
      </trkpt>
      <trkpt lat="54.8626863" lon="25.5143425">
        <ele>159.6</ele>
        <time>2024-11-23T15:13:00Z</time>
        <hdop>3.8</hdop>
      </trkpt>
      <trkpt lat="54.8626864" lon="25.5143425">
        <ele>159.6</ele>
        <time>2024-11-23T15:13:06Z</time>
        <hdop>3.8</hdop>
      </trkpt>
      <trkpt lat="54.8626864" lon="25.5143425">
        <ele>159.6</ele>
        <time>2024-11-23T15:13:12Z</time>
        <hdop>3.8</hdop>
      </trkpt>
      <trkpt lat="54.8626864" lon="25.5143425">
        <ele>159.6</ele>
        <time>2024-11-23T15:13:18Z</time>
        <hdop>3.8</hdop>
      </trkpt>
      <trkpt lat="54.8626864" lon="25.5143425">
        <ele>159.6</ele>
        <time>2024-11-23T15:13:24Z</time>
        <hdop>3.8</hdop>
      </trkpt>
      <trkpt lat="54.8626789" lon="25.5143638">
        <ele>157.9</ele>
        <time>2024-11-23T15:13:30Z</time>
        <hdop>3.8</hdop>
      </trkpt>
      <trkpt lat="54.8626281" lon="25.5143372">
        <ele>159.1</ele>
        <time>2024-11-23T15:13:36Z</time>
        <hdop>3.8</hdop>
      </trkpt>
      <trkpt lat="54.8626626" lon="25.5143339">
        <ele>158.1</ele>
        <time>2024-11-23T15:13:42Z</time>
        <hdop>3.8</hdop>
        <extensions>
          <osmand:speed>0.5</osmand:speed>
        </extensions>
      </trkpt>
      <trkpt lat="54.8626066" lon="25.514432">
        <ele>157.2</ele>
        <time>2024-11-23T15:13:48Z</time>
        <hdop>3.8</hdop>
        <extensions>
          <osmand:speed>3.5</osmand:speed>
        </extensions>
      </trkpt>
      <trkpt lat="54.8623366" lon="25.5144774">
        <ele>156.6</ele>
        <time>2024-11-23T15:13:54Z</time>
        <hdop>3.8</hdop>
        <extensions>
          <osmand:speed>6.4</osmand:speed>
        </extensions>
      </trkpt>
      <trkpt lat="54.86195" lon="25.5145459">
        <ele>156.1</ele>
        <time>2024-11-23T15:14:00Z</time>
        <hdop>3.8</hdop>
        <extensions>
          <osmand:speed>7.8</osmand:speed>
        </extensions>
      </trkpt>
      <trkpt lat="54.8615719" lon="25.5146675">
        <ele>157.9</ele>
        <time>2024-11-23T15:14:06Z</time>
        <hdop>3.8</hdop>
        <extensions>
          <osmand:speed>7.1</osmand:speed>
        </extensions>
      </trkpt>
      <trkpt lat="54.8611694" lon="25.5147265">
        <ele>155.8</ele>
        <time>2024-11-23T15:14:12Z</time>
        <hdop>3.8</hdop>
        <extensions>
          <osmand:speed>8.6</osmand:speed>
        </extensions>
      </trkpt>
      <trkpt lat="54.8606982" lon="25.5148251">
        <ele>155</ele>
        <time>2024-11-23T15:14:18Z</time>
        <hdop>3.8</hdop>
        <extensions>
          <osmand:speed>8.1</osmand:speed>
        </extensions>
      </trkpt>
      <trkpt lat="54.8602429" lon="25.5149243">
        <ele>155.7</ele>
        <time>2024-11-23T15:14:24Z</time>
        <hdop>3.8</hdop>
        <extensions>
          <osmand:speed>8.6</osmand:speed>
        </extensions>
      </trkpt>
      <trkpt lat="54.8597944" lon="25.5150294">
        <ele>155.3</ele>
        <time>2024-11-23T15:14:30Z</time>
        <hdop>3.8</hdop>
        <extensions>
          <osmand:speed>8.3</osmand:speed>
        </extensions>
      </trkpt>
      <trkpt lat="54.8594663" lon="25.515028">
        <ele>152</ele>
        <time>2024-11-23T15:14:36Z</time>
        <hdop>3.9</hdop>
        <extensions>
          <osmand:speed>4.9</osmand:speed>
        </extensions>
      </trkpt>
      <trkpt lat="54.8592644" lon="25.5151332">
        <ele>149.6</ele>
        <time>2024-11-23T15:14:42Z</time>
        <hdop>3.8</hdop>
        <extensions>
          <osmand:speed>1.9</osmand:speed>
        </extensions>
      </trkpt>
      <trkpt lat="54.8589757" lon="25.5150791">
        <ele>149.2</ele>
        <time>2024-11-23T15:14:48Z</time>
        <hdop>3.8</hdop>
        <extensions>
          <osmand:speed>6.5</osmand:speed>
        </extensions>
      </trkpt>
      <trkpt lat="54.8586681" lon="25.5150948">
        <ele>147.7</ele>
        <time>2024-11-23T15:14:54Z</time>
        <hdop>3.8</hdop>
        <extensions>
          <osmand:speed>5.5</osmand:speed>
        </extensions>
      </trkpt>
      <trkpt lat="54.8585679" lon="25.5151376">
        <ele>148.2</ele>
        <time>2024-11-23T15:15:00Z</time>
        <hdop>3.8</hdop>
      </trkpt>
      <trkpt lat="54.8585679" lon="25.5151375">
        <ele>148.2</ele>
        <time>2024-11-23T15:15:06Z</time>
        <hdop>3.8</hdop>
      </trkpt>
      <trkpt lat="54.8585679" lon="25.5151375">
        <ele>148.2</ele>
        <time>2024-11-23T15:15:12Z</time>
        <hdop>3.8</hdop>
      </trkpt>
      <trkpt lat="54.8585569" lon="25.5151674">
        <ele>149.7</ele>
        <time>2024-11-23T15:15:18Z</time>
        <hdop>3.8</hdop>
      </trkpt>
      <trkpt lat="54.858557" lon="25.515167">
        <ele>149.7</ele>
        <time>2024-11-23T15:15:24Z</time>
        <hdop>3.8</hdop>
      </trkpt>
      <trkpt lat="54.8585569" lon="25.515167">
        <ele>149.7</ele>
        <time>2024-11-23T15:15:30Z</time>
        <hdop>3.8</hdop>
      </trkpt>
      <trkpt lat="54.858557" lon="25.5151669">
        <ele>149.7</ele>
        <time>2024-11-23T15:15:36Z</time>
        <hdop>3.8</hdop>
      </trkpt>
      <trkpt lat="54.8585571" lon="25.5151667">
        <ele>149.6</ele>
        <time>2024-11-23T15:15:42Z</time>
        <hdop>3.8</hdop>
      </trkpt>
      <trkpt lat="54.8585572" lon="25.5151666">
        <ele>149.6</ele>
        <time>2024-11-23T15:15:48Z</time>
        <hdop>3.8</hdop>
      </trkpt>
      <trkpt lat="54.8585572" lon="25.5151666">
        <ele>149.6</ele>
        <time>2024-11-23T15:15:54Z</time>
        <hdop>3.8</hdop>
      </trkpt>
      <trkpt lat="54.8585571" lon="25.5151668">
        <ele>149.6</ele>
        <time>2024-11-23T15:16:00Z</time>
        <hdop>3.8</hdop>
      </trkpt>
      <trkpt lat="54.8585568" lon="25.5151672">
        <ele>149.6</ele>
        <time>2024-11-23T15:16:06Z</time>
        <hdop>3.8</hdop>
      </trkpt>
      <trkpt lat="54.8585568" lon="25.5151672">
        <ele>149.6</ele>
        <time>2024-11-23T15:16:12Z</time>
        <hdop>3.8</hdop>
      </trkpt>
      <trkpt lat="54.8585568" lon="25.5151673">
        <ele>149.6</ele>
        <time>2024-11-23T15:16:18Z</time>
        <hdop>3.8</hdop>
      </trkpt>
      <trkpt lat="54.8585568" lon="25.5151674">
        <ele>149.6</ele>
        <time>2024-11-23T15:16:24Z</time>
        <hdop>3.8</hdop>
      </trkpt>
      <trkpt lat="54.8585569" lon="25.5151672">
        <ele>149.6</ele>
        <time>2024-11-23T15:16:30Z</time>
        <hdop>3.8</hdop>
      </trkpt>
      <trkpt lat="54.858557" lon="25.5151673">
        <ele>149.7</ele>
        <time>2024-11-23T15:16:36Z</time>
        <hdop>3.8</hdop>
      </trkpt>
      <trkpt lat="54.858557" lon="25.5151674">
        <ele>149.7</ele>
        <time>2024-11-23T15:16:42Z</time>
        <hdop>3.8</hdop>
      </trkpt>
      <trkpt lat="54.858557" lon="25.5151675">
        <ele>149.7</ele>
        <time>2024-11-23T15:16:48Z</time>
        <hdop>3.8</hdop>
      </trkpt>
      <trkpt lat="54.8585615" lon="25.5151712">
        <ele>149.8</ele>
        <time>2024-11-23T15:16:54Z</time>
        <hdop>3.8</hdop>
        <extensions>
          <osmand:speed>0.8</osmand:speed>
        </extensions>
      </trkpt>
      <trkpt lat="54.8585964" lon="25.5151875">
        <ele>150.4</ele>
        <time>2024-11-23T15:17:00Z</time>
        <hdop>3.8</hdop>
        <extensions>
          <osmand:speed>1</osmand:speed>
        </extensions>
      </trkpt>
      <trkpt lat="54.8586006" lon="25.5151871">
        <ele>150.2</ele>
        <time>2024-11-23T15:17:06Z</time>
        <hdop>3.8</hdop>
        <extensions>
          <osmand:speed>0.7</osmand:speed>
        </extensions>
      </trkpt>
      <trkpt lat="54.8588039" lon="25.5151508">
        <ele>150.4</ele>
        <time>2024-11-23T15:17:12Z</time>
        <hdop>3.8</hdop>
        <extensions>
          <osmand:speed>4.9</osmand:speed>
        </extensions>
      </trkpt>
      <trkpt lat="54.8590861" lon="25.5151406">
        <ele>151.7</ele>
        <time>2024-11-23T15:17:18Z</time>
        <hdop>3.8</hdop>
        <extensions>
          <osmand:speed>5.2</osmand:speed>
        </extensions>
      </trkpt>
      <trkpt lat="54.859353" lon="25.5150899">
        <ele>153.6</ele>
        <time>2024-11-23T15:17:24Z</time>
        <hdop>3.8</hdop>
        <extensions>
          <osmand:speed>6.1</osmand:speed>
        </extensions>
      </trkpt>
      <trkpt lat="54.8597493" lon="25.5150313">
        <ele>154.9</ele>
        <time>2024-11-23T15:17:30Z</time>
        <hdop>3.8</hdop>
        <extensions>
          <osmand:speed>8.4</osmand:speed>
        </extensions>
      </trkpt>
      <trkpt lat="54.8602397" lon="25.5149338">
        <ele>155.1</ele>
        <time>2024-11-23T15:17:36Z</time>
        <hdop>3.8</hdop>
        <extensions>
          <osmand:speed>10.4</osmand:speed>
        </extensions>
      </trkpt>
      <trkpt lat="54.8607727" lon="25.5148311">
        <ele>154.1</ele>
        <time>2024-11-23T15:17:42Z</time>
        <hdop>3.8</hdop>
        <extensions>
          <osmand:speed>10.9</osmand:speed>
        </extensions>
      </trkpt>
      <trkpt lat="54.8612883" lon="25.514688">
        <ele>154.4</ele>
        <time>2024-11-23T15:17:48Z</time>
        <hdop>3.8</hdop>
        <extensions>
          <osmand:speed>9.4</osmand:speed>
        </extensions>
      </trkpt>
      <trkpt lat="54.8617821" lon="25.5145758">
        <ele>153.9</ele>
        <time>2024-11-23T15:17:54Z</time>
        <hdop>3.8</hdop>
        <extensions>
          <osmand:speed>10.2</osmand:speed>
        </extensions>
      </trkpt>
      <trkpt lat="54.8623182" lon="25.5144847">
        <ele>154.7</ele>
        <time>2024-11-23T15:18:00Z</time>
        <hdop>3.8</hdop>
        <extensions>
          <osmand:speed>9.3</osmand:speed>
        </extensions>
      </trkpt>
      <trkpt lat="54.8626332" lon="25.5144291">
        <ele>154.6</ele>
        <time>2024-11-23T15:18:06Z</time>
        <hdop>3.8</hdop>
        <extensions>
          <osmand:speed>4.3</osmand:speed>
        </extensions>
      </trkpt>
      <trkpt lat="54.862654" lon="25.5142134">
        <ele>155.9</ele>
        <time>2024-11-23T15:18:12Z</time>
        <hdop>3.8</hdop>
        <extensions>
          <osmand:speed>0.7</osmand:speed>
        </extensions>
      </trkpt>
      <trkpt lat="54.8626486" lon="25.51421">
        <ele>156.4</ele>
        <time>2024-11-23T15:18:18Z</time>
        <hdop>3.8</hdop>
      </trkpt>
      <trkpt lat="54.8625831" lon="25.5140081">
        <ele>156.5</ele>
        <time>2024-11-23T15:18:24Z</time>
        <hdop>3.8</hdop>
        <extensions>
          <osmand:speed>0.7</osmand:speed>
        </extensions>
      </trkpt>
      <trkpt lat="54.8625511" lon="25.5139319">
        <ele>157.7</ele>
        <time>2024-11-23T15:18:30Z</time>
        <hdop>3.8</hdop>
        <extensions>
          <osmand:speed>4</osmand:speed>
        </extensions>
      </trkpt>
      <trkpt lat="54.8623674" lon="25.5133611">
        <ele>158.1</ele>
        <time>2024-11-23T15:18:36Z</time>
        <hdop>3.8</hdop>
        <extensions>
          <osmand:speed>8.8</osmand:speed>
        </extensions>
      </trkpt>
      <trkpt lat="54.8621392" lon="25.5125877">
        <ele>158.2</ele>
        <time>2024-11-23T15:18:42Z</time>
        <hdop>3.8</hdop>
        <extensions>
          <osmand:speed>10</osmand:speed>
        </extensions>
      </trkpt>
      <trkpt lat="54.8618758" lon="25.5117442">
        <ele>160.8</ele>
        <time>2024-11-23T15:18:48Z</time>
        <hdop>3.8</hdop>
        <extensions>
          <osmand:speed>10.2</osmand:speed>
        </extensions>
      </trkpt>
      <trkpt lat="54.8616205" lon="25.5112583">
        <ele>161.3</ele>
        <time>2024-11-23T15:18:54Z</time>
        <hdop>3.8</hdop>
        <extensions>
          <osmand:speed>8</osmand:speed>
        </extensions>
      </trkpt>
      <trkpt lat="54.8612455" lon="25.5106833">
        <ele>160.4</ele>
        <time>2024-11-23T15:19:00Z</time>
        <hdop>3.8</hdop>
        <extensions>
          <osmand:speed>8.6</osmand:speed>
        </extensions>
      </trkpt>
      <trkpt lat="54.860897" lon="25.510149">
        <ele>158.8</ele>
        <time>2024-11-23T15:19:06Z</time>
        <hdop>3.8</hdop>
        <extensions>
          <osmand:speed>8.8</osmand:speed>
        </extensions>
      </trkpt>
      <trkpt lat="54.8605912" lon="25.509421">
        <ele>159.4</ele>
        <time>2024-11-23T15:19:12Z</time>
        <hdop>3.8</hdop>
        <extensions>
          <osmand:speed>10.7</osmand:speed>
        </extensions>
      </trkpt>
      <trkpt lat="54.8602959" lon="25.5086598">
        <ele>158.5</ele>
        <time>2024-11-23T15:19:18Z</time>
        <hdop>3.8</hdop>
        <extensions>
          <osmand:speed>9.2</osmand:speed>
        </extensions>
      </trkpt>
      <trkpt lat="54.8600063" lon="25.5079707">
        <ele>157.7</ele>
        <time>2024-11-23T15:19:24Z</time>
        <hdop>3.8</hdop>
        <extensions>
          <osmand:speed>8.2</osmand:speed>
        </extensions>
      </trkpt>
      <trkpt lat="54.8597929" lon="25.5074764">
        <ele>157.3</ele>
        <time>2024-11-23T15:19:30Z</time>
        <hdop>3.8</hdop>
        <extensions>
          <osmand:speed>6.3</osmand:speed>
        </extensions>
      </trkpt>
      <trkpt lat="54.8595408" lon="25.5071834">
        <ele>157</ele>
        <time>2024-11-23T15:19:36Z</time>
        <hdop>3.8</hdop>
        <extensions>
          <osmand:speed>6.5</osmand:speed>
        </extensions>
      </trkpt>
      <trkpt lat="54.859073" lon="25.5072845">
        <ele>155.3</ele>
        <time>2024-11-23T15:19:42Z</time>
        <hdop>3.8</hdop>
        <extensions>
          <osmand:speed>10.3</osmand:speed>
        </extensions>
      </trkpt>
      <trkpt lat="54.8584971" lon="25.5073988">
        <ele>154.2</ele>
        <time>2024-11-23T15:19:48Z</time>
        <hdop>3.8</hdop>
        <extensions>
          <osmand:speed>10.6</osmand:speed>
        </extensions>
      </trkpt>
      <trkpt lat="54.8579647" lon="25.5075268">
        <ele>153.2</ele>
        <time>2024-11-23T15:19:54Z</time>
        <hdop>3.8</hdop>
        <extensions>
          <osmand:speed>9.7</osmand:speed>
        </extensions>
      </trkpt>
      <trkpt lat="54.8575328" lon="25.5076397">
        <ele>153.5</ele>
        <time>2024-11-23T15:20:00Z</time>
        <hdop>3.8</hdop>
        <extensions>
          <osmand:speed>8.4</osmand:speed>
        </extensions>
      </trkpt>
      <trkpt lat="54.8570073" lon="25.507754">
        <ele>154.1</ele>
        <time>2024-11-23T15:20:06Z</time>
        <hdop>3.8</hdop>
        <extensions>
          <osmand:speed>10.7</osmand:speed>
        </extensions>
      </trkpt>
      <trkpt lat="54.8564495" lon="25.5078618">
        <ele>154.9</ele>
        <time>2024-11-23T15:20:12Z</time>
        <hdop>3.8</hdop>
        <extensions>
          <osmand:speed>9.2</osmand:speed>
        </extensions>
      </trkpt>
      <trkpt lat="54.8559214" lon="25.5079335">
        <ele>156.5</ele>
        <time>2024-11-23T15:20:18Z</time>
        <hdop>3.8</hdop>
        <extensions>
          <osmand:speed>8.4</osmand:speed>
        </extensions>
      </trkpt>
      <trkpt lat="54.8556245" lon="25.5079814">
        <ele>155.1</ele>
        <time>2024-11-23T15:20:24Z</time>
        <hdop>3.8</hdop>
        <extensions>
          <osmand:speed>6.7</osmand:speed>
        </extensions>
      </trkpt>
      <trkpt lat="54.8552418" lon="25.5080432">
        <ele>152.1</ele>
        <time>2024-11-23T15:20:30Z</time>
        <hdop>3.8</hdop>
        <extensions>
          <osmand:speed>6.4</osmand:speed>
        </extensions>
      </trkpt>
      <trkpt lat="54.8548158" lon="25.5081809">
        <ele>155.8</ele>
        <time>2024-11-23T15:20:36Z</time>
        <hdop>3.8</hdop>
        <extensions>
          <osmand:speed>8.4</osmand:speed>
        </extensions>
      </trkpt>
      <trkpt lat="54.854421" lon="25.5082167">
        <ele>157.4</ele>
        <time>2024-11-23T15:20:42Z</time>
        <hdop>3.8</hdop>
        <extensions>
          <osmand:speed>7.3</osmand:speed>
        </extensions>
      </trkpt>
      <trkpt lat="54.8540245" lon="25.5083416">
        <ele>156.7</ele>
        <time>2024-11-23T15:20:48Z</time>
        <hdop>3.8</hdop>
        <extensions>
          <osmand:speed>7.6</osmand:speed>
        </extensions>
      </trkpt>
      <trkpt lat="54.8537118" lon="25.5083453">
        <ele>159.3</ele>
        <time>2024-11-23T15:20:54Z</time>
        <hdop>3.8</hdop>
        <extensions>
          <osmand:speed>5.9</osmand:speed>
        </extensions>
      </trkpt>
      <trkpt lat="54.8533227" lon="25.508507">
        <ele>158.6</ele>
        <time>2024-11-23T15:21:00Z</time>
        <hdop>3.8</hdop>
        <extensions>
          <osmand:speed>6.3</osmand:speed>
        </extensions>
      </trkpt>
      <trkpt lat="54.8530193" lon="25.508554">
        <ele>161.9</ele>
        <time>2024-11-23T15:21:06Z</time>
        <hdop>3.8</hdop>
        <extensions>
          <osmand:speed>3.2</osmand:speed>
        </extensions>
      </trkpt>
      <trkpt lat="54.8529366" lon="25.5084566">
        <ele>159.9</ele>
        <time>2024-11-23T15:21:12Z</time>
        <hdop>3.8</hdop>
      </trkpt>
      <trkpt lat="54.8529422" lon="25.5084721">
        <ele>161.4</ele>
        <time>2024-11-23T15:21:18Z</time>
        <hdop>3.8</hdop>
      </trkpt>
      <trkpt lat="54.8529563" lon="25.5084742">
        <ele>160.2</ele>
        <time>2024-11-23T15:21:24Z</time>
        <hdop>3.8</hdop>
      </trkpt>
      <trkpt lat="54.8529556" lon="25.5084739">
        <ele>160.4</ele>
        <time>2024-11-23T15:21:30Z</time>
        <hdop>3.8</hdop>
      </trkpt>
      <trkpt lat="54.8529553" lon="25.5084738">
        <ele>160.5</ele>
        <time>2024-11-23T15:21:36Z</time>
        <hdop>3.8</hdop>
      </trkpt>
      <trkpt lat="54.8529551" lon="25.5084737">
        <ele>160.5</ele>
        <time>2024-11-23T15:21:42Z</time>
        <hdop>3.8</hdop>
      </trkpt>
      <trkpt lat="54.8529549" lon="25.5084734">
        <ele>160.6</ele>
        <time>2024-11-23T15:21:48Z</time>
        <hdop>3.8</hdop>
      </trkpt>
      <trkpt lat="54.8529643" lon="25.5085">
        <ele>161.1</ele>
        <time>2024-11-23T15:21:54Z</time>
        <hdop>3.8</hdop>
      </trkpt>
      <trkpt lat="54.8528247" lon="25.5086252">
        <ele>161.6</ele>
        <time>2024-11-23T15:22:00Z</time>
        <hdop>3.8</hdop>
        <extensions>
          <osmand:speed>4.8</osmand:speed>
        </extensions>
      </trkpt>
      <trkpt lat="54.8525391" lon="25.5086617">
        <ele>160.5</ele>
        <time>2024-11-23T15:22:06Z</time>
        <hdop>3.8</hdop>
        <extensions>
          <osmand:speed>4</osmand:speed>
        </extensions>
      </trkpt>
      <trkpt lat="54.8524086" lon="25.5087064">
        <ele>159.3</ele>
        <time>2024-11-23T15:22:12Z</time>
        <hdop>3.8</hdop>
        <extensions>
          <osmand:speed>1.5</osmand:speed>
        </extensions>
      </trkpt>
      <trkpt lat="54.8523002" lon="25.508761">
        <ele>158</ele>
        <time>2024-11-23T15:22:18Z</time>
        <hdop>3.8</hdop>
        <extensions>
          <osmand:speed>2.8</osmand:speed>
        </extensions>
      </trkpt>
      <trkpt lat="54.8522158" lon="25.5085091">
        <ele>156.1</ele>
        <time>2024-11-23T15:22:24Z</time>
        <hdop>3.8</hdop>
        <extensions>
          <osmand:speed>3.8</osmand:speed>
        </extensions>
      </trkpt>
      <trkpt lat="54.8522294" lon="25.5083622">
        <ele>157.3</ele>
        <time>2024-11-23T15:22:30Z</time>
        <hdop>3.8</hdop>
        <extensions>
          <osmand:speed>2</osmand:speed>
        </extensions>
      </trkpt>
      <trkpt lat="54.8523263" lon="25.5082435">
        <ele>160.2</ele>
        <time>2024-11-23T15:22:36Z</time>
        <hdop>3.8</hdop>
        <extensions>
          <osmand:speed>3</osmand:speed>
        </extensions>
      </trkpt>
      <trkpt lat="54.8525319" lon="25.5080247">
        <ele>161.4</ele>
        <time>2024-11-23T15:22:42Z</time>
        <hdop>3.8</hdop>
        <extensions>
          <osmand:speed>5</osmand:speed>
        </extensions>
      </trkpt>
      <trkpt lat="54.8524295" lon="25.5074082">
        <ele>162.1</ele>
        <time>2024-11-23T15:22:48Z</time>
        <hdop>3.8</hdop>
        <extensions>
          <osmand:speed>8.8</osmand:speed>
        </extensions>
      </trkpt>
      <trkpt lat="54.8523626" lon="25.5065306">
        <ele>159.1</ele>
        <time>2024-11-23T15:22:54Z</time>
        <hdop>3.8</hdop>
        <extensions>
          <osmand:speed>10.5</osmand:speed>
        </extensions>
      </trkpt>
      <trkpt lat="54.8522541" lon="25.5055146">
        <ele>160.7</ele>
        <time>2024-11-23T15:23:00Z</time>
        <hdop>3.8</hdop>
        <extensions>
          <osmand:speed>11.1</osmand:speed>
        </extensions>
      </trkpt>
      <trkpt lat="54.8521611" lon="25.5045302">
        <ele>160.5</ele>
        <time>2024-11-23T15:23:06Z</time>
        <hdop>3.8</hdop>
        <extensions>
          <osmand:speed>10.7</osmand:speed>
        </extensions>
      </trkpt>
      <trkpt lat="54.8520642" lon="25.5036009">
        <ele>158.8</ele>
        <time>2024-11-23T15:23:12Z</time>
        <hdop>3.8</hdop>
        <extensions>
          <osmand:speed>10.2</osmand:speed>
        </extensions>
      </trkpt>
      <trkpt lat="54.8519557" lon="25.502649">
        <ele>159.2</ele>
        <time>2024-11-23T15:23:18Z</time>
        <hdop>3.8</hdop>
        <extensions>
          <osmand:speed>5.7</osmand:speed>
        </extensions>
      </trkpt>
      <trkpt lat="54.8519159" lon="25.5025004">
        <ele>160.6</ele>
        <time>2024-11-23T15:23:24Z</time>
        <hdop>3.8</hdop>
      </trkpt>
      <trkpt lat="54.8519102" lon="25.5024831">
        <ele>161.4</ele>
        <time>2024-11-23T15:23:30Z</time>
        <hdop>3.8</hdop>
      </trkpt>
      <trkpt lat="54.8519236" lon="25.5024898">
        <ele>162</ele>
        <time>2024-11-23T15:23:36Z</time>
        <hdop>3.8</hdop>
      </trkpt>
      <trkpt lat="54.8519215" lon="25.5024814">
        <ele>162.6</ele>
        <time>2024-11-23T15:23:42Z</time>
        <hdop>3.8</hdop>
        <extensions>
          <osmand:speed>0.7</osmand:speed>
        </extensions>
      </trkpt>
      <trkpt lat="54.8518635" lon="25.502041">
        <ele>161.8</ele>
        <time>2024-11-23T15:23:48Z</time>
        <hdop>3.8</hdop>
        <extensions>
          <osmand:speed>6.2</osmand:speed>
        </extensions>
      </trkpt>
      <trkpt lat="54.8516921" lon="25.501546">
        <ele>159.8</ele>
        <time>2024-11-23T15:23:54Z</time>
        <hdop>3.8</hdop>
        <extensions>
          <osmand:speed>6.6</osmand:speed>
        </extensions>
      </trkpt>
      <trkpt lat="54.8516922" lon="25.5009302">
        <ele>159.5</ele>
        <time>2024-11-23T15:24:00Z</time>
        <hdop>3.8</hdop>
        <extensions>
          <osmand:speed>6.6</osmand:speed>
        </extensions>
      </trkpt>
      <trkpt lat="54.851703" lon="25.500234">
        <ele>159.6</ele>
        <time>2024-11-23T15:24:06Z</time>
        <hdop>3.8</hdop>
        <extensions>
          <osmand:speed>8.1</osmand:speed>
        </extensions>
      </trkpt>
      <trkpt lat="54.851638" lon="25.4995085">
        <ele>158.7</ele>
        <time>2024-11-23T15:24:12Z</time>
        <hdop>3.8</hdop>
        <extensions>
          <osmand:speed>5.9</osmand:speed>
        </extensions>
      </trkpt>
      <trkpt lat="54.8513457" lon="25.4993136">
        <ele>153.3</ele>
        <time>2024-11-23T15:24:18Z</time>
        <hdop>3.8</hdop>
        <extensions>
          <osmand:speed>7.8</osmand:speed>
        </extensions>
      </trkpt>
      <trkpt lat="54.8509638" lon="25.4998549">
        <ele>149.2</ele>
        <time>2024-11-23T15:24:24Z</time>
        <hdop>3.8</hdop>
        <extensions>
          <osmand:speed>9.8</osmand:speed>
        </extensions>
      </trkpt>
      <trkpt lat="54.8504895" lon="25.5003448">
        <ele>145.3</ele>
        <time>2024-11-23T15:24:30Z</time>
        <hdop>3.9</hdop>
        <extensions>
          <osmand:speed>9.8</osmand:speed>
        </extensions>
      </trkpt>
      <trkpt lat="54.8499718" lon="25.5009287">
        <ele>146.6</ele>
        <time>2024-11-23T15:24:36Z</time>
        <hdop>3.9</hdop>
        <extensions>
          <osmand:speed>11.6</osmand:speed>
        </extensions>
      </trkpt>
      <trkpt lat="54.8495008" lon="25.5014823">
        <ele>146.5</ele>
        <time>2024-11-23T15:24:42Z</time>
        <hdop>8</hdop>
        <extensions>
          <osmand:speed>9</osmand:speed>
        </extensions>
      </trkpt>
      <trkpt lat="54.8491302" lon="25.5019232">
        <ele>147.6</ele>
        <time>2024-11-23T15:24:48Z</time>
        <hdop>3.9</hdop>
        <extensions>
          <osmand:speed>4.8</osmand:speed>
        </extensions>
      </trkpt>
      <trkpt lat="54.8489027" lon="25.5021473">
        <ele>151.4</ele>
        <time>2024-11-23T15:24:54Z</time>
        <hdop>3.8</hdop>
        <extensions>
          <osmand:speed>7</osmand:speed>
        </extensions>
      </trkpt>
      <trkpt lat="54.8487225" lon="25.5023046">
        <ele>149.6</ele>
        <time>2024-11-23T15:25:00Z</time>
        <hdop>3.8</hdop>
        <extensions>
          <osmand:speed>0.6</osmand:speed>
        </extensions>
      </trkpt>
      <trkpt lat="54.8487174" lon="25.5023112">
        <ele>150</ele>
        <time>2024-11-23T15:25:06Z</time>
        <hdop>3.8</hdop>
      </trkpt>
      <trkpt lat="54.8487174" lon="25.5023112">
        <ele>150</ele>
        <time>2024-11-23T15:25:12Z</time>
        <hdop>3.8</hdop>
      </trkpt>
      <trkpt lat="54.8487174" lon="25.5023112">
        <ele>150</ele>
        <time>2024-11-23T15:25:18Z</time>
        <hdop>3.8</hdop>
      </trkpt>
      <trkpt lat="54.8487209" lon="25.5023573">
        <ele>153.2</ele>
        <time>2024-11-23T15:25:24Z</time>
        <hdop>3.8</hdop>
      </trkpt>
      <trkpt lat="54.8487207" lon="25.5023572">
        <ele>153.2</ele>
        <time>2024-11-23T15:25:30Z</time>
        <hdop>3.8</hdop>
      </trkpt>
      <trkpt lat="54.8487206" lon="25.5023574">
        <ele>153.2</ele>
        <time>2024-11-23T15:25:36Z</time>
        <hdop>3.8</hdop>
      </trkpt>
      <trkpt lat="54.8487206" lon="25.5023575">
        <ele>153.3</ele>
        <time>2024-11-23T15:25:42Z</time>
        <hdop>3.8</hdop>
      </trkpt>
      <trkpt lat="54.8487207" lon="25.5023574">
        <ele>153.3</ele>
        <time>2024-11-23T15:25:48Z</time>
        <hdop>3.8</hdop>
      </trkpt>
      <trkpt lat="54.8487207" lon="25.5023573">
        <ele>153.3</ele>
        <time>2024-11-23T15:25:54Z</time>
        <hdop>3.8</hdop>
      </trkpt>
      <trkpt lat="54.8487209" lon="25.5023572">
        <ele>153.3</ele>
        <time>2024-11-23T15:26:00Z</time>
        <hdop>3.8</hdop>
      </trkpt>
      <trkpt lat="54.8487209" lon="25.5023571">
        <ele>153.3</ele>
        <time>2024-11-23T15:26:06Z</time>
        <hdop>3.8</hdop>
      </trkpt>
      <trkpt lat="54.848721" lon="25.5023569">
        <ele>153.3</ele>
        <time>2024-11-23T15:26:12Z</time>
        <hdop>3.8</hdop>
      </trkpt>
      <trkpt lat="54.8487212" lon="25.5023567">
        <ele>153.3</ele>
        <time>2024-11-23T15:26:18Z</time>
        <hdop>3.8</hdop>
      </trkpt>
      <trkpt lat="54.8487215" lon="25.5023565">
        <ele>153.3</ele>
        <time>2024-11-23T15:26:24Z</time>
        <hdop>3.8</hdop>
      </trkpt>
      <trkpt lat="54.8487215" lon="25.5023564">
        <ele>153.3</ele>
        <time>2024-11-23T15:26:30Z</time>
        <hdop>3.8</hdop>
      </trkpt>
      <trkpt lat="54.8487215" lon="25.5023563">
        <ele>153.2</ele>
        <time>2024-11-23T15:26:36Z</time>
        <hdop>3.8</hdop>
      </trkpt>
      <trkpt lat="54.8487214" lon="25.5023562">
        <ele>153.2</ele>
        <time>2024-11-23T15:26:42Z</time>
        <hdop>3.8</hdop>
      </trkpt>
      <trkpt lat="54.8487212" lon="25.5023559">
        <ele>153.2</ele>
        <time>2024-11-23T15:26:48Z</time>
        <hdop>3.8</hdop>
      </trkpt>
      <trkpt lat="54.8487212" lon="25.5023556">
        <ele>153.2</ele>
        <time>2024-11-23T15:26:54Z</time>
        <hdop>3.8</hdop>
      </trkpt>
      <trkpt lat="54.8487212" lon="25.5023555">
        <ele>153.2</ele>
        <time>2024-11-23T15:27:00Z</time>
        <hdop>3.8</hdop>
      </trkpt>
      <trkpt lat="54.848721" lon="25.5023553">
        <ele>153.2</ele>
        <time>2024-11-23T15:27:06Z</time>
        <hdop>3.8</hdop>
      </trkpt>
      <trkpt lat="54.8487208" lon="25.5023551">
        <ele>153.2</ele>
        <time>2024-11-23T15:27:12Z</time>
        <hdop>3.8</hdop>
      </trkpt>
      <trkpt lat="54.8487204" lon="25.5023551">
        <ele>153.2</ele>
        <time>2024-11-23T15:27:18Z</time>
        <hdop>3.8</hdop>
      </trkpt>
      <trkpt lat="54.8487199" lon="25.5023551">
        <ele>153.2</ele>
        <time>2024-11-23T15:27:24Z</time>
        <hdop>3.8</hdop>
      </trkpt>
      <trkpt lat="54.8487196" lon="25.5023552">
        <ele>153.2</ele>
        <time>2024-11-23T15:27:30Z</time>
        <hdop>3.8</hdop>
      </trkpt>
      <trkpt lat="54.8487198" lon="25.502355">
        <ele>153.2</ele>
        <time>2024-11-23T15:27:36Z</time>
        <hdop>3.8</hdop>
      </trkpt>
      <trkpt lat="54.8487197" lon="25.502355">
        <ele>153.2</ele>
        <time>2024-11-23T15:27:42Z</time>
        <hdop>3.8</hdop>
      </trkpt>
      <trkpt lat="54.8487198" lon="25.5023547">
        <ele>153.2</ele>
        <time>2024-11-23T15:27:48Z</time>
        <hdop>3.8</hdop>
      </trkpt>
      <trkpt lat="54.8487199" lon="25.5023546">
        <ele>153.2</ele>
        <time>2024-11-23T15:27:54Z</time>
        <hdop>3.8</hdop>
      </trkpt>
      <trkpt lat="54.8487623" lon="25.5023618">
        <ele>152.2</ele>
        <time>2024-11-23T15:28:00Z</time>
        <hdop>3.8</hdop>
        <extensions>
          <osmand:speed>0.5</osmand:speed>
        </extensions>
      </trkpt>
      <trkpt lat="54.8487764" lon="25.5023408">
        <ele>151.9</ele>
        <time>2024-11-23T15:28:06Z</time>
        <hdop>3.8</hdop>
      </trkpt>
      <trkpt lat="54.8487665" lon="25.5023395">
        <ele>152.1</ele>
        <time>2024-11-23T15:28:12Z</time>
        <hdop>3.8</hdop>
      </trkpt>
      <trkpt lat="54.8487666" lon="25.5023334">
        <ele>152.3</ele>
        <time>2024-11-23T15:28:18Z</time>
        <hdop>3.8</hdop>
      </trkpt>
      <trkpt lat="54.8487665" lon="25.502333">
        <ele>152.3</ele>
        <time>2024-11-23T15:28:24Z</time>
        <hdop>3.8</hdop>
      </trkpt>
      <trkpt lat="54.8487665" lon="25.5023329">
        <ele>152.3</ele>
        <time>2024-11-23T15:28:30Z</time>
        <hdop>3.8</hdop>
      </trkpt>
      <trkpt lat="54.8487665" lon="25.5023328">
        <ele>152.3</ele>
        <time>2024-11-23T15:28:36Z</time>
        <hdop>3.8</hdop>
      </trkpt>
      <trkpt lat="54.8487664" lon="25.5023325">
        <ele>152.3</ele>
        <time>2024-11-23T15:28:42Z</time>
        <hdop>3.8</hdop>
      </trkpt>
      <trkpt lat="54.8487662" lon="25.5023324">
        <ele>152.3</ele>
        <time>2024-11-23T15:28:48Z</time>
        <hdop>3.8</hdop>
      </trkpt>
      <trkpt lat="54.8487661" lon="25.5023323">
        <ele>152.3</ele>
        <time>2024-11-23T15:28:54Z</time>
        <hdop>3.8</hdop>
      </trkpt>
      <trkpt lat="54.8487716" lon="25.5023113">
        <ele>152.4</ele>
        <time>2024-11-23T15:29:00Z</time>
        <hdop>3.8</hdop>
      </trkpt>
      <trkpt lat="54.8487726" lon="25.5022875">
        <ele>151.2</ele>
        <time>2024-11-23T15:29:06Z</time>
        <hdop>3.8</hdop>
      </trkpt>
      <trkpt lat="54.8487859" lon="25.5022847">
        <ele>151.1</ele>
        <time>2024-11-23T15:29:12Z</time>
        <hdop>3.8</hdop>
      </trkpt>
      <trkpt lat="54.8487842" lon="25.5022878">
        <ele>150.1</ele>
        <time>2024-11-23T15:29:18Z</time>
        <hdop>3.8</hdop>
      </trkpt>
      <trkpt lat="54.8487847" lon="25.502291">
        <ele>150.2</ele>
        <time>2024-11-23T15:29:24Z</time>
        <hdop>3.8</hdop>
      </trkpt>
      <trkpt lat="54.848785" lon="25.5022903">
        <ele>150.2</ele>
        <time>2024-11-23T15:29:30Z</time>
        <hdop>3.8</hdop>
      </trkpt>
      <trkpt lat="54.8487851" lon="25.5022903">
        <ele>150.2</ele>
        <time>2024-11-23T15:29:36Z</time>
        <hdop>3.8</hdop>
      </trkpt>
      <trkpt lat="54.8487852" lon="25.5022903">
        <ele>150.2</ele>
        <time>2024-11-23T15:29:42Z</time>
        <hdop>3.8</hdop>
      </trkpt>
      <trkpt lat="54.8487853" lon="25.5022901">
        <ele>150.2</ele>
        <time>2024-11-23T15:29:48Z</time>
        <hdop>3.8</hdop>
      </trkpt>
      <trkpt lat="54.8487931" lon="25.5022992">
        <ele>149.5</ele>
        <time>2024-11-23T15:29:54Z</time>
        <hdop>3.8</hdop>
      </trkpt>
      <trkpt lat="54.8487969" lon="25.5023042">
        <ele>150.1</ele>
        <time>2024-11-23T15:30:00Z</time>
        <hdop>3.8</hdop>
      </trkpt>
      <trkpt lat="54.8487931" lon="25.5022994">
        <ele>150.4</ele>
        <time>2024-11-23T15:30:06Z</time>
        <hdop>3.8</hdop>
      </trkpt>
      <trkpt lat="54.8487927" lon="25.5022992">
        <ele>150.4</ele>
        <time>2024-11-23T15:30:12Z</time>
        <hdop>3.8</hdop>
      </trkpt>
      <trkpt lat="54.8487925" lon="25.5022991">
        <ele>150.4</ele>
        <time>2024-11-23T15:30:18Z</time>
        <hdop>3.8</hdop>
      </trkpt>
      <trkpt lat="54.8487941" lon="25.5023083">
        <ele>151.3</ele>
        <time>2024-11-23T15:30:24Z</time>
        <hdop>3.8</hdop>
      </trkpt>
      <trkpt lat="54.8487887" lon="25.502303">
        <ele>152.2</ele>
        <time>2024-11-23T15:30:30Z</time>
        <hdop>3.8</hdop>
      </trkpt>
      <trkpt lat="54.8487868" lon="25.5023306">
        <ele>151.5</ele>
        <time>2024-11-23T15:30:36Z</time>
        <hdop>3.8</hdop>
        <extensions>
          <osmand:speed>0.5</osmand:speed>
        </extensions>
      </trkpt>
      <trkpt lat="54.8487633" lon="25.5023608">
        <ele>150.2</ele>
        <time>2024-11-23T15:30:42Z</time>
        <hdop>3.8</hdop>
        <extensions>
          <osmand:speed>0.3</osmand:speed>
        </extensions>
      </trkpt>
      <trkpt lat="54.8487364" lon="25.5023601">
        <ele>148.8</ele>
        <time>2024-11-23T15:30:48Z</time>
        <hdop>3.8</hdop>
      </trkpt>
      <trkpt lat="54.8487416" lon="25.502353">
        <ele>149.5</ele>
        <time>2024-11-23T15:30:54Z</time>
        <hdop>3.8</hdop>
      </trkpt>
      <trkpt lat="54.8487352" lon="25.5023458">
        <ele>149.7</ele>
        <time>2024-11-23T15:31:00Z</time>
        <hdop>3.8</hdop>
        <extensions>
          <osmand:speed>0.6</osmand:speed>
        </extensions>
      </trkpt>
      <trkpt lat="54.8487419" lon="25.5023268">
        <ele>149.5</ele>
        <time>2024-11-23T15:31:06Z</time>
        <hdop>3.8</hdop>
      </trkpt>
      <trkpt lat="54.8487457" lon="25.5023196">
        <ele>149.7</ele>
        <time>2024-11-23T15:31:12Z</time>
        <hdop>3.8</hdop>
      </trkpt>
      <trkpt lat="54.848745" lon="25.50232">
        <ele>149.8</ele>
        <time>2024-11-23T15:31:18Z</time>
        <hdop>3.8</hdop>
      </trkpt>
      <trkpt lat="54.8487448" lon="25.5023198">
        <ele>149.8</ele>
        <time>2024-11-23T15:31:24Z</time>
        <hdop>3.8</hdop>
      </trkpt>
      <trkpt lat="54.8487447" lon="25.5023196">
        <ele>149.8</ele>
        <time>2024-11-23T15:31:30Z</time>
        <hdop>3.8</hdop>
      </trkpt>
      <trkpt lat="54.8486098" lon="25.502297">
        <ele>148.9</ele>
        <time>2024-11-23T15:31:36Z</time>
        <hdop>3.8</hdop>
        <extensions>
          <osmand:speed>4.6</osmand:speed>
        </extensions>
      </trkpt>
      <trkpt lat="54.8483972" lon="25.5019092">
        <ele>146</ele>
        <time>2024-11-23T15:31:42Z</time>
        <hdop>3.8</hdop>
        <extensions>
          <osmand:speed>6.5</osmand:speed>
        </extensions>
      </trkpt>
      <trkpt lat="54.8484844" lon="25.5013258">
        <ele>146.4</ele>
        <time>2024-11-23T15:31:48Z</time>
        <hdop>3.8</hdop>
        <extensions>
          <osmand:speed>7.2</osmand:speed>
        </extensions>
      </trkpt>
      <trkpt lat="54.848637" lon="25.5008298">
        <ele>146.4</ele>
        <time>2024-11-23T15:31:54Z</time>
        <hdop>3.8</hdop>
        <extensions>
          <osmand:speed>4.9</osmand:speed>
        </extensions>
      </trkpt>
      <trkpt lat="54.8485169" lon="25.500215">
        <ele>143.4</ele>
        <time>2024-11-23T15:32:00Z</time>
        <hdop>3.8</hdop>
        <extensions>
          <osmand:speed>9.7</osmand:speed>
        </extensions>
      </trkpt>
      <trkpt lat="54.8481688" lon="25.4994366">
        <ele>143.1</ele>
        <time>2024-11-23T15:32:06Z</time>
        <hdop>3.8</hdop>
        <extensions>
          <osmand:speed>11.1</osmand:speed>
        </extensions>
      </trkpt>
      <trkpt lat="54.8478209" lon="25.4986838">
        <ele>145.5</ele>
        <time>2024-11-23T15:32:12Z</time>
        <hdop>3.8</hdop>
        <extensions>
          <osmand:speed>9.9</osmand:speed>
        </extensions>
      </trkpt>
      <trkpt lat="54.8474164" lon="25.4979903">
        <ele>146.6</ele>
        <time>2024-11-23T15:32:18Z</time>
        <hdop>3.8</hdop>
        <extensions>
          <osmand:speed>10.6</osmand:speed>
        </extensions>
      </trkpt>
      <trkpt lat="54.8469302" lon="25.4977217">
        <ele>145.4</ele>
        <time>2024-11-23T15:32:24Z</time>
        <hdop>3.8</hdop>
        <extensions>
          <osmand:speed>10.7</osmand:speed>
        </extensions>
      </trkpt>
      <trkpt lat="54.8462503" lon="25.4978166">
        <ele>145.3</ele>
        <time>2024-11-23T15:32:30Z</time>
        <hdop>3.8</hdop>
        <extensions>
          <osmand:speed>14.1</osmand:speed>
        </extensions>
      </trkpt>
      <trkpt lat="54.8455228" lon="25.4979736">
        <ele>144.2</ele>
        <time>2024-11-23T15:32:36Z</time>
        <hdop>3.8</hdop>
        <extensions>
          <osmand:speed>13.8</osmand:speed>
        </extensions>
      </trkpt>
      <trkpt lat="54.8449868" lon="25.4981423">
        <ele>143.3</ele>
        <time>2024-11-23T15:32:42Z</time>
        <hdop>3.8</hdop>
        <extensions>
          <osmand:speed>6.1</osmand:speed>
        </extensions>
      </trkpt>
      <trkpt lat="54.8448794" lon="25.4981995">
        <ele>144.5</ele>
        <time>2024-11-23T15:32:48Z</time>
        <hdop>3.8</hdop>
      </trkpt>
      <trkpt lat="54.8448638" lon="25.4982207">
        <ele>142.3</ele>
        <time>2024-11-23T15:32:54Z</time>
        <hdop>3.8</hdop>
      </trkpt>
      <trkpt lat="54.8448586" lon="25.4982256">
        <ele>141.9</ele>
        <time>2024-11-23T15:33:00Z</time>
        <hdop>3.8</hdop>
      </trkpt>
      <trkpt lat="54.8448583" lon="25.4982255">
        <ele>141.9</ele>
        <time>2024-11-23T15:33:06Z</time>
        <hdop>3.8</hdop>
      </trkpt>
      <trkpt lat="54.8448405" lon="25.4982259">
        <ele>141.6</ele>
        <time>2024-11-23T15:33:12Z</time>
        <hdop>3.8</hdop>
        <extensions>
          <osmand:speed>2</osmand:speed>
        </extensions>
      </trkpt>
      <trkpt lat="54.8445989" lon="25.4982213">
        <ele>142.9</ele>
        <time>2024-11-23T15:33:18Z</time>
        <hdop>4.1</hdop>
        <extensions>
          <osmand:speed>6.5</osmand:speed>
        </extensions>
      </trkpt>
      <trkpt lat="54.8442637" lon="25.4982918">
        <ele>145</ele>
        <time>2024-11-23T15:33:24Z</time>
        <hdop>3.8</hdop>
        <extensions>
          <osmand:speed>4</osmand:speed>
        </extensions>
      </trkpt>
      <trkpt lat="54.8441924" lon="25.4983187">
        <ele>149.3</ele>
        <time>2024-11-23T15:33:30Z</time>
        <hdop>3.8</hdop>
      </trkpt>
      <trkpt lat="54.8441907" lon="25.4983199">
        <ele>152.2</ele>
        <time>2024-11-23T15:33:36Z</time>
        <hdop>3.8</hdop>
      </trkpt>
      <trkpt lat="54.8441905" lon="25.4983165">
        <ele>152</ele>
        <time>2024-11-23T15:33:42Z</time>
        <hdop>3.8</hdop>
        <extensions>
          <osmand:speed>0.2</osmand:speed>
        </extensions>
      </trkpt>
      <trkpt lat="54.8441038" lon="25.4983739">
        <ele>152.3</ele>
        <time>2024-11-23T15:33:48Z</time>
        <hdop>3.8</hdop>
        <extensions>
          <osmand:speed>4.1</osmand:speed>
        </extensions>
      </trkpt>
      <trkpt lat="54.8443994" lon="25.4983244">
        <ele>150.7</ele>
        <time>2024-11-23T15:33:54Z</time>
        <hdop>3.8</hdop>
        <extensions>
          <osmand:speed>7.8</osmand:speed>
        </extensions>
      </trkpt>
      <trkpt lat="54.8447626" lon="25.4982115">
        <ele>148.7</ele>
        <time>2024-11-23T15:34:00Z</time>
        <hdop>3.8</hdop>
        <extensions>
          <osmand:speed>5.4</osmand:speed>
        </extensions>
      </trkpt>
      <trkpt lat="54.844844" lon="25.4975468">
        <ele>146.3</ele>
        <time>2024-11-23T15:34:06Z</time>
        <hdop>3.8</hdop>
        <extensions>
          <osmand:speed>10.4</osmand:speed>
        </extensions>
      </trkpt>
      <trkpt lat="54.8448135" lon="25.496547">
        <ele>144.8</ele>
        <time>2024-11-23T15:34:12Z</time>
        <hdop>3.8</hdop>
        <extensions>
          <osmand:speed>9.8</osmand:speed>
        </extensions>
      </trkpt>
      <trkpt lat="54.8448141" lon="25.4956756">
        <ele>144.7</ele>
        <time>2024-11-23T15:34:18Z</time>
        <hdop>3.8</hdop>
        <extensions>
          <osmand:speed>8.8</osmand:speed>
        </extensions>
      </trkpt>
      <trkpt lat="54.8449217" lon="25.4947039">
        <ele>143.4</ele>
        <time>2024-11-23T15:34:24Z</time>
        <hdop>3.8</hdop>
        <extensions>
          <osmand:speed>12.6</osmand:speed>
        </extensions>
      </trkpt>
      <trkpt lat="54.8451397" lon="25.4935735">
        <ele>144.8</ele>
        <time>2024-11-23T15:34:30Z</time>
        <hdop>3.8</hdop>
        <extensions>
          <osmand:speed>12.8</osmand:speed>
        </extensions>
      </trkpt>
      <trkpt lat="54.8452235" lon="25.4923429">
        <ele>143.8</ele>
        <time>2024-11-23T15:34:36Z</time>
        <hdop>3.8</hdop>
        <extensions>
          <osmand:speed>13.8</osmand:speed>
        </extensions>
      </trkpt>
      <trkpt lat="54.8454209" lon="25.4910058">
        <ele>144.6</ele>
        <time>2024-11-23T15:34:42Z</time>
        <hdop>3.8</hdop>
        <extensions>
          <osmand:speed>16.2</osmand:speed>
        </extensions>
      </trkpt>
      <trkpt lat="54.8457273" lon="25.4895516">
        <ele>144.2</ele>
        <time>2024-11-23T15:34:48Z</time>
        <hdop>3.8</hdop>
        <extensions>
          <osmand:speed>16.8</osmand:speed>
        </extensions>
      </trkpt>
      <trkpt lat="54.8460198" lon="25.488128">
        <ele>143.6</ele>
        <time>2024-11-23T15:34:54Z</time>
        <hdop>3.8</hdop>
        <extensions>
          <osmand:speed>16.4</osmand:speed>
        </extensions>
      </trkpt>
      <trkpt lat="54.8463098" lon="25.4867877">
        <ele>144.8</ele>
        <time>2024-11-23T15:35:00Z</time>
        <hdop>3.8</hdop>
        <extensions>
          <osmand:speed>15.5</osmand:speed>
        </extensions>
      </trkpt>
      <trkpt lat="54.8462231" lon="25.4852712">
        <ele>143.1</ele>
        <time>2024-11-23T15:35:06Z</time>
        <hdop>3.8</hdop>
        <extensions>
          <osmand:speed>16.9</osmand:speed>
        </extensions>
      </trkpt>
      <trkpt lat="54.8461416" lon="25.4837509">
        <ele>142.6</ele>
        <time>2024-11-23T15:35:12Z</time>
        <hdop>3.8</hdop>
        <extensions>
          <osmand:speed>15.7</osmand:speed>
        </extensions>
      </trkpt>
      <trkpt lat="54.8460854" lon="25.4824198">
        <ele>141.4</ele>
        <time>2024-11-23T15:35:18Z</time>
        <hdop>3.8</hdop>
        <extensions>
          <osmand:speed>12.7</osmand:speed>
        </extensions>
      </trkpt>
      <trkpt lat="54.8460634" lon="25.4811792">
        <ele>140.4</ele>
        <time>2024-11-23T15:35:24Z</time>
        <hdop>3.8</hdop>
        <extensions>
          <osmand:speed>12.6</osmand:speed>
        </extensions>
      </trkpt>
      <trkpt lat="54.8460913" lon="25.4804382">
        <ele>141.3</ele>
        <time>2024-11-23T15:35:30Z</time>
        <hdop>3.8</hdop>
        <extensions>
          <osmand:speed>3.3</osmand:speed>
        </extensions>
      </trkpt>
      <trkpt lat="54.8458937" lon="25.47991">
        <ele>140.7</ele>
        <time>2024-11-23T15:35:36Z</time>
        <hdop>3.8</hdop>
        <extensions>
          <osmand:speed>10.3</osmand:speed>
        </extensions>
      </trkpt>
      <trkpt lat="54.8454411" lon="25.479253">
        <ele>140.4</ele>
        <time>2024-11-23T15:35:42Z</time>
        <hdop>3.8</hdop>
        <extensions>
          <osmand:speed>9.7</osmand:speed>
        </extensions>
      </trkpt>
      <trkpt lat="54.8451623" lon="25.4787537">
        <ele>138.5</ele>
        <time>2024-11-23T15:35:48Z</time>
        <hdop>3.8</hdop>
        <extensions>
          <osmand:speed>7.3</osmand:speed>
        </extensions>
      </trkpt>
      <trkpt lat="54.8447066" lon="25.4781865">
        <ele>138.8</ele>
        <time>2024-11-23T15:35:54Z</time>
        <hdop>3.8</hdop>
        <extensions>
          <osmand:speed>12.4</osmand:speed>
        </extensions>
      </trkpt>
      <trkpt lat="54.8441756" lon="25.4773799">
        <ele>138.4</ele>
        <time>2024-11-23T15:36:00Z</time>
        <hdop>3.8</hdop>
        <extensions>
          <osmand:speed>14.3</osmand:speed>
        </extensions>
      </trkpt>
      <trkpt lat="54.8435806" lon="25.4763676">
        <ele>137.9</ele>
        <time>2024-11-23T15:36:06Z</time>
        <hdop>3.8</hdop>
        <extensions>
          <osmand:speed>17.4</osmand:speed>
        </extensions>
      </trkpt>
      <trkpt lat="54.842917" lon="25.4751537">
        <ele>137.8</ele>
        <time>2024-11-23T15:36:12Z</time>
        <hdop>3.8</hdop>
        <extensions>
          <osmand:speed>17.8</osmand:speed>
        </extensions>
      </trkpt>
      <trkpt lat="54.8422913" lon="25.4739289">
        <ele>138.4</ele>
        <time>2024-11-23T15:36:18Z</time>
        <hdop>3.8</hdop>
        <extensions>
          <osmand:speed>17.4</osmand:speed>
        </extensions>
      </trkpt>
      <trkpt lat="54.8416781" lon="25.4727127">
        <ele>138.6</ele>
        <time>2024-11-23T15:36:24Z</time>
        <hdop>3.8</hdop>
        <extensions>
          <osmand:speed>17.2</osmand:speed>
        </extensions>
      </trkpt>
      <trkpt lat="54.8410765" lon="25.4715242">
        <ele>139.5</ele>
        <time>2024-11-23T15:36:30Z</time>
        <hdop>3.8</hdop>
        <extensions>
          <osmand:speed>16.8</osmand:speed>
        </extensions>
      </trkpt>
      <trkpt lat="54.8404834" lon="25.4703417">
        <ele>140.2</ele>
        <time>2024-11-23T15:36:36Z</time>
        <hdop>3.8</hdop>
        <extensions>
          <osmand:speed>16.4</osmand:speed>
        </extensions>
      </trkpt>
      <trkpt lat="54.839922" lon="25.4692297">
        <ele>140.6</ele>
        <time>2024-11-23T15:36:42Z</time>
        <hdop>3.8</hdop>
        <extensions>
          <osmand:speed>15.3</osmand:speed>
        </extensions>
      </trkpt>
      <trkpt lat="54.8394507" lon="25.4682531">
        <ele>141</ele>
        <time>2024-11-23T15:36:48Z</time>
        <hdop>3.8</hdop>
        <extensions>
          <osmand:speed>11.9</osmand:speed>
        </extensions>
      </trkpt>
      <trkpt lat="54.839054" lon="25.467441">
        <ele>141.1</ele>
        <time>2024-11-23T15:36:54Z</time>
        <hdop>3.8</hdop>
        <extensions>
          <osmand:speed>9.9</osmand:speed>
        </extensions>
      </trkpt>
      <trkpt lat="54.839055" lon="25.4667291">
        <ele>140.2</ele>
        <time>2024-11-23T15:37:00Z</time>
        <hdop>3.8</hdop>
        <extensions>
          <osmand:speed>8.5</osmand:speed>
        </extensions>
      </trkpt>
      <trkpt lat="54.839499" lon="25.4667467">
        <ele>138.2</ele>
        <time>2024-11-23T15:37:06Z</time>
        <hdop>3.8</hdop>
        <extensions>
          <osmand:speed>10.7</osmand:speed>
        </extensions>
      </trkpt>
      <trkpt lat="54.8399446" lon="25.4675427">
        <ele>135.5</ele>
        <time>2024-11-23T15:37:12Z</time>
        <hdop>3.8</hdop>
        <extensions>
          <osmand:speed>12.4</osmand:speed>
        </extensions>
      </trkpt>
      <trkpt lat="54.8403088" lon="25.4682244">
        <ele>134.3</ele>
        <time>2024-11-23T15:37:18Z</time>
        <hdop>3.8</hdop>
        <extensions>
          <osmand:speed>6.7</osmand:speed>
        </extensions>
      </trkpt>
      <trkpt lat="54.8403268" lon="25.4686406">
        <ele>134.7</ele>
        <time>2024-11-23T15:37:24Z</time>
        <hdop>3.8</hdop>
        <extensions>
          <osmand:speed>6.9</osmand:speed>
        </extensions>
      </trkpt>
      <trkpt lat="54.8399367" lon="25.4692598">
        <ele>134.8</ele>
        <time>2024-11-23T15:37:30Z</time>
        <hdop>3.8</hdop>
        <extensions>
          <osmand:speed>11.1</osmand:speed>
        </extensions>
      </trkpt>
      <trkpt lat="54.8394721" lon="25.4700064">
        <ele>134.7</ele>
        <time>2024-11-23T15:37:36Z</time>
        <hdop>3.8</hdop>
        <extensions>
          <osmand:speed>11.5</osmand:speed>
        </extensions>
      </trkpt>
      <trkpt lat="54.8390259" lon="25.4707161">
        <ele>135</ele>
        <time>2024-11-23T15:37:42Z</time>
        <hdop>3.8</hdop>
        <extensions>
          <osmand:speed>12</osmand:speed>
        </extensions>
      </trkpt>
      <trkpt lat="54.8385478" lon="25.4714782">
        <ele>135.7</ele>
        <time>2024-11-23T15:37:48Z</time>
        <hdop>3.8</hdop>
        <extensions>
          <osmand:speed>12.6</osmand:speed>
        </extensions>
      </trkpt>
      <trkpt lat="54.8380387" lon="25.4722812">
        <ele>136.4</ele>
        <time>2024-11-23T15:37:54Z</time>
        <hdop>3.8</hdop>
        <extensions>
          <osmand:speed>12.8</osmand:speed>
        </extensions>
      </trkpt>
      <trkpt lat="54.8375991" lon="25.4730158">
        <ele>137.3</ele>
        <time>2024-11-23T15:38:00Z</time>
        <hdop>3.8</hdop>
        <extensions>
          <osmand:speed>8.7</osmand:speed>
        </extensions>
      </trkpt>
      <trkpt lat="54.837311" lon="25.4734571">
        <ele>136.7</ele>
        <time>2024-11-23T15:38:06Z</time>
        <hdop>3.8</hdop>
        <extensions>
          <osmand:speed>4.5</osmand:speed>
        </extensions>
      </trkpt>
      <trkpt lat="54.8372351" lon="25.4734597">
        <ele>136.5</ele>
        <time>2024-11-23T15:38:12Z</time>
        <hdop>3.8</hdop>
      </trkpt>
    </trkseg>
  </trk>
</gpx>