<?xml version='1.0' encoding='UTF-8' standalone='yes' ?>
<gpx version="1.1" creator="OsmAnd 4.9.7" xmlns="http://www.topografix.com/GPX/1/1" xmlns:osmand="https://osmand.net" xmlns:gpxtpx="http://www.garmin.com/xmlschemas/TrackPointExtension/v1" xmlns:xsi="http://www.w3.org/2001/XMLSchema-instance" xsi:schemaLocation="http://www.topografix.com/GPX/1/1 http://www.topografix.com/GPX/1/1/gpx.xsd">
  <metadata>
    <name>2024-12-07_14-03_Sat arvydai pabrade nemencine</name>
    <time>2024-12-07T14:17:26Z</time>
  </metadata>
  <trk>
    <trkseg>
      <trkpt lat="54.8490963" lon="25.5652976">
        <ele>167.4</ele>
        <time>2024-12-07T12:03:22Z</time>
        <hdop>3.8</hdop>
      </trkpt>
      <trkpt lat="54.8490956" lon="25.5653025">
        <ele>167.6</ele>
        <time>2024-12-07T12:03:28Z</time>
        <hdop>3.8</hdop>
        <extensions>
          <osmand:speed>0.3</osmand:speed>
        </extensions>
      </trkpt>
      <trkpt lat="54.8490988" lon="25.5653065">
        <ele>168.4</ele>
        <time>2024-12-07T12:03:34Z</time>
        <hdop>3.8</hdop>
      </trkpt>
      <trkpt lat="54.849094" lon="25.5653041">
        <ele>168.9</ele>
        <time>2024-12-07T12:03:40Z</time>
        <hdop>3.8</hdop>
      </trkpt>
      <trkpt lat="54.8490934" lon="25.5653039">
        <ele>169</ele>
        <time>2024-12-07T12:03:46Z</time>
        <hdop>3.8</hdop>
      </trkpt>
      <trkpt lat="54.8491237" lon="25.5654808">
        <ele>169.1</ele>
        <time>2024-12-07T12:03:52Z</time>
        <hdop>3.8</hdop>
        <extensions>
          <osmand:speed>5.9</osmand:speed>
        </extensions>
      </trkpt>
      <trkpt lat="54.8493785" lon="25.566075">
        <ele>168.6</ele>
        <time>2024-12-07T12:03:58Z</time>
        <hdop>3.8</hdop>
        <extensions>
          <osmand:speed>9.8</osmand:speed>
        </extensions>
      </trkpt>
      <trkpt lat="54.8497347" lon="25.5666833">
        <ele>167.9</ele>
        <time>2024-12-07T12:04:04Z</time>
        <hdop>3.8</hdop>
        <extensions>
          <osmand:speed>8.7</osmand:speed>
        </extensions>
      </trkpt>
      <trkpt lat="54.8501592" lon="25.5670697">
        <ele>169</ele>
        <time>2024-12-07T12:04:10Z</time>
        <hdop>3.8</hdop>
        <extensions>
          <osmand:speed>9.3</osmand:speed>
        </extensions>
      </trkpt>
      <trkpt lat="54.8504742" lon="25.5673409">
        <ele>168.7</ele>
        <time>2024-12-07T12:04:16Z</time>
        <hdop>3.8</hdop>
        <extensions>
          <osmand:speed>8.3</osmand:speed>
        </extensions>
      </trkpt>
      <trkpt lat="54.8508098" lon="25.5675993">
        <ele>168.9</ele>
        <time>2024-12-07T12:04:22Z</time>
        <hdop>3.8</hdop>
        <extensions>
          <osmand:speed>5.1</osmand:speed>
        </extensions>
      </trkpt>
      <trkpt lat="54.8509516" lon="25.5677787">
        <ele>169.6</ele>
        <time>2024-12-07T12:04:28Z</time>
        <hdop>3.8</hdop>
        <extensions>
          <osmand:speed>1.4</osmand:speed>
        </extensions>
      </trkpt>
      <trkpt lat="54.8509716" lon="25.5677827">
        <ele>171.1</ele>
        <time>2024-12-07T12:04:34Z</time>
        <hdop>3.8</hdop>
      </trkpt>
      <trkpt lat="54.8509721" lon="25.5677766">
        <ele>172.1</ele>
        <time>2024-12-07T12:04:40Z</time>
        <hdop>3.8</hdop>
      </trkpt>
      <trkpt lat="54.850976" lon="25.5677762">
        <ele>172.4</ele>
        <time>2024-12-07T12:04:46Z</time>
        <hdop>3.8</hdop>
      </trkpt>
      <trkpt lat="54.8509761" lon="25.567776">
        <ele>172.4</ele>
        <time>2024-12-07T12:04:52Z</time>
        <hdop>3.8</hdop>
      </trkpt>
      <trkpt lat="54.8509831" lon="25.5677922">
        <ele>172</ele>
        <time>2024-12-07T12:04:58Z</time>
        <hdop>3.8</hdop>
      </trkpt>
      <trkpt lat="54.8510032" lon="25.5677957">
        <ele>171.9</ele>
        <time>2024-12-07T12:05:04Z</time>
        <hdop>3.8</hdop>
      </trkpt>
      <trkpt lat="54.8510068" lon="25.5677898">
        <ele>171.8</ele>
        <time>2024-12-07T12:05:10Z</time>
        <hdop>3.8</hdop>
      </trkpt>
      <trkpt lat="54.8510259" lon="25.5677736">
        <ele>170</ele>
        <time>2024-12-07T12:05:16Z</time>
        <hdop>3.8</hdop>
      </trkpt>
      <trkpt lat="54.8510938" lon="25.5677901">
        <ele>169.6</ele>
        <time>2024-12-07T12:05:22Z</time>
        <hdop>3.8</hdop>
        <extensions>
          <osmand:speed>4.1</osmand:speed>
        </extensions>
      </trkpt>
      <trkpt lat="54.851409" lon="25.5679215">
        <ele>170</ele>
        <time>2024-12-07T12:05:28Z</time>
        <hdop>3.8</hdop>
        <extensions>
          <osmand:speed>6.1</osmand:speed>
        </extensions>
      </trkpt>
      <trkpt lat="54.8515427" lon="25.5682486">
        <ele>170</ele>
        <time>2024-12-07T12:05:34Z</time>
        <hdop>3.8</hdop>
        <extensions>
          <osmand:speed>6</osmand:speed>
        </extensions>
      </trkpt>
      <trkpt lat="54.8514942" lon="25.569">
        <ele>169.8</ele>
        <time>2024-12-07T12:05:40Z</time>
        <hdop>3.8</hdop>
        <extensions>
          <osmand:speed>10.1</osmand:speed>
        </extensions>
      </trkpt>
      <trkpt lat="54.8515266" lon="25.5697924">
        <ele>169.2</ele>
        <time>2024-12-07T12:05:46Z</time>
        <hdop>3.8</hdop>
        <extensions>
          <osmand:speed>5.4</osmand:speed>
        </extensions>
      </trkpt>
      <trkpt lat="54.8519083" lon="25.5697179">
        <ele>168.3</ele>
        <time>2024-12-07T12:05:52Z</time>
        <hdop>3.8</hdop>
        <extensions>
          <osmand:speed>9</osmand:speed>
        </extensions>
      </trkpt>
      <trkpt lat="54.8523637" lon="25.5691552">
        <ele>170.6</ele>
        <time>2024-12-07T12:05:58Z</time>
        <hdop>3.8</hdop>
        <extensions>
          <osmand:speed>10.4</osmand:speed>
        </extensions>
      </trkpt>
      <trkpt lat="54.8527225" lon="25.5683902">
        <ele>171.4</ele>
        <time>2024-12-07T12:06:04Z</time>
        <hdop>3.8</hdop>
        <extensions>
          <osmand:speed>11.1</osmand:speed>
        </extensions>
      </trkpt>
      <trkpt lat="54.8530703" lon="25.5675435">
        <ele>172.2</ele>
        <time>2024-12-07T12:06:10Z</time>
        <hdop>3.8</hdop>
        <extensions>
          <osmand:speed>10.7</osmand:speed>
        </extensions>
      </trkpt>
      <trkpt lat="54.8534834" lon="25.5667379">
        <ele>170.8</ele>
        <time>2024-12-07T12:06:16Z</time>
        <hdop>3.8</hdop>
        <extensions>
          <osmand:speed>12.2</osmand:speed>
        </extensions>
      </trkpt>
      <trkpt lat="54.8539374" lon="25.5659133">
        <ele>167.2</ele>
        <time>2024-12-07T12:06:22Z</time>
        <hdop>3.8</hdop>
        <extensions>
          <osmand:speed>11</osmand:speed>
        </extensions>
      </trkpt>
      <trkpt lat="54.8542902" lon="25.56563">
        <ele>167.3</ele>
        <time>2024-12-07T12:06:28Z</time>
        <hdop>3.8</hdop>
        <extensions>
          <osmand:speed>7.9</osmand:speed>
        </extensions>
      </trkpt>
      <trkpt lat="54.8546683" lon="25.5662066">
        <ele>167.2</ele>
        <time>2024-12-07T12:06:34Z</time>
        <hdop>3.8</hdop>
        <extensions>
          <osmand:speed>8.9</osmand:speed>
        </extensions>
      </trkpt>
      <trkpt lat="54.8550398" lon="25.5668738">
        <ele>166.2</ele>
        <time>2024-12-07T12:06:40Z</time>
        <hdop>3.8</hdop>
        <extensions>
          <osmand:speed>12</osmand:speed>
        </extensions>
      </trkpt>
      <trkpt lat="54.8555549" lon="25.5674624">
        <ele>167.6</ele>
        <time>2024-12-07T12:06:46Z</time>
        <hdop>3.8</hdop>
        <extensions>
          <osmand:speed>10.6</osmand:speed>
        </extensions>
      </trkpt>
      <trkpt lat="54.8558195" lon="25.567883">
        <ele>164.4</ele>
        <time>2024-12-07T12:06:52Z</time>
        <hdop>3.8</hdop>
        <extensions>
          <osmand:speed>4.8</osmand:speed>
        </extensions>
      </trkpt>
      <trkpt lat="54.8562259" lon="25.5677262">
        <ele>158</ele>
        <time>2024-12-07T12:06:58Z</time>
        <hdop>3.8</hdop>
        <extensions>
          <osmand:speed>11.1</osmand:speed>
        </extensions>
      </trkpt>
      <trkpt lat="54.8563427" lon="25.5671951">
        <ele>157.4</ele>
        <time>2024-12-07T12:07:04Z</time>
        <hdop>3.8</hdop>
        <extensions>
          <osmand:speed>5.2</osmand:speed>
        </extensions>
      </trkpt>
      <trkpt lat="54.856575" lon="25.5675283">
        <ele>157.9</ele>
        <time>2024-12-07T12:07:10Z</time>
        <hdop>3.8</hdop>
        <extensions>
          <osmand:speed>9.4</osmand:speed>
        </extensions>
      </trkpt>
      <trkpt lat="54.8568875" lon="25.5678694">
        <ele>157.3</ele>
        <time>2024-12-07T12:07:16Z</time>
        <hdop>3.8</hdop>
        <extensions>
          <osmand:speed>7.6</osmand:speed>
        </extensions>
      </trkpt>
      <trkpt lat="54.8574261" lon="25.5682405">
        <ele>155.2</ele>
        <time>2024-12-07T12:07:22Z</time>
        <hdop>3.8</hdop>
        <extensions>
          <osmand:speed>13</osmand:speed>
        </extensions>
      </trkpt>
      <trkpt lat="54.8581478" lon="25.5681881">
        <ele>154.8</ele>
        <time>2024-12-07T12:07:28Z</time>
        <hdop>3.8</hdop>
        <extensions>
          <osmand:speed>13.8</osmand:speed>
        </extensions>
      </trkpt>
      <trkpt lat="54.8588608" lon="25.5677497">
        <ele>153.8</ele>
        <time>2024-12-07T12:07:34Z</time>
        <hdop>3.8</hdop>
        <extensions>
          <osmand:speed>14.7</osmand:speed>
        </extensions>
      </trkpt>
      <trkpt lat="54.8596031" lon="25.5674322">
        <ele>153.2</ele>
        <time>2024-12-07T12:07:40Z</time>
        <hdop>3.8</hdop>
        <extensions>
          <osmand:speed>14.1</osmand:speed>
        </extensions>
      </trkpt>
      <trkpt lat="54.8603079" lon="25.5678016">
        <ele>153</ele>
        <time>2024-12-07T12:07:46Z</time>
        <hdop>3.8</hdop>
        <extensions>
          <osmand:speed>11.3</osmand:speed>
        </extensions>
      </trkpt>
      <trkpt lat="54.8610291" lon="25.5680066">
        <ele>153.8</ele>
        <time>2024-12-07T12:07:52Z</time>
        <hdop>3.8</hdop>
        <extensions>
          <osmand:speed>14.3</osmand:speed>
        </extensions>
      </trkpt>
      <trkpt lat="54.861521" lon="25.5682725">
        <ele>154.5</ele>
        <time>2024-12-07T12:07:58Z</time>
        <hdop>3.8</hdop>
        <extensions>
          <osmand:speed>6.2</osmand:speed>
        </extensions>
      </trkpt>
      <trkpt lat="54.861921" lon="25.568585">
        <ele>155.4</ele>
        <time>2024-12-07T12:08:04Z</time>
        <hdop>3.8</hdop>
        <extensions>
          <osmand:speed>9.2</osmand:speed>
        </extensions>
      </trkpt>
      <trkpt lat="54.8623682" lon="25.5688304">
        <ele>156.4</ele>
        <time>2024-12-07T12:08:10Z</time>
        <hdop>3.8</hdop>
        <extensions>
          <osmand:speed>9</osmand:speed>
        </extensions>
      </trkpt>
      <trkpt lat="54.8628844" lon="25.5690453">
        <ele>157.4</ele>
        <time>2024-12-07T12:08:16Z</time>
        <hdop>3.8</hdop>
        <extensions>
          <osmand:speed>11.2</osmand:speed>
        </extensions>
      </trkpt>
      <trkpt lat="54.8634285" lon="25.569726">
        <ele>157</ele>
        <time>2024-12-07T12:08:22Z</time>
        <hdop>3.8</hdop>
        <extensions>
          <osmand:speed>13.5</osmand:speed>
        </extensions>
      </trkpt>
      <trkpt lat="54.8639903" lon="25.5705776">
        <ele>156.7</ele>
        <time>2024-12-07T12:08:28Z</time>
        <hdop>3.8</hdop>
        <extensions>
          <osmand:speed>14.2</osmand:speed>
        </extensions>
      </trkpt>
      <trkpt lat="54.8644595" lon="25.5714355">
        <ele>155.4</ele>
        <time>2024-12-07T12:08:34Z</time>
        <hdop>3.8</hdop>
        <extensions>
          <osmand:speed>9.6</osmand:speed>
        </extensions>
      </trkpt>
      <trkpt lat="54.8645917" lon="25.5720378">
        <ele>156.5</ele>
        <time>2024-12-07T12:08:40Z</time>
        <hdop>3.8</hdop>
        <extensions>
          <osmand:speed>8.1</osmand:speed>
        </extensions>
      </trkpt>
      <trkpt lat="54.8643918" lon="25.5726827">
        <ele>154.4</ele>
        <time>2024-12-07T12:08:46Z</time>
        <hdop>3.8</hdop>
        <extensions>
          <osmand:speed>9.8</osmand:speed>
        </extensions>
      </trkpt>
      <trkpt lat="54.8640631" lon="25.5732401">
        <ele>153.1</ele>
        <time>2024-12-07T12:08:52Z</time>
        <hdop>3.8</hdop>
        <extensions>
          <osmand:speed>8.3</osmand:speed>
        </extensions>
      </trkpt>
      <trkpt lat="54.8639549" lon="25.5740642">
        <ele>152.4</ele>
        <time>2024-12-07T12:08:58Z</time>
        <hdop>3.8</hdop>
        <extensions>
          <osmand:speed>11.5</osmand:speed>
        </extensions>
      </trkpt>
      <trkpt lat="54.8637341" lon="25.5751283">
        <ele>152.1</ele>
        <time>2024-12-07T12:09:04Z</time>
        <hdop>3.8</hdop>
        <extensions>
          <osmand:speed>12.4</osmand:speed>
        </extensions>
      </trkpt>
      <trkpt lat="54.8636064" lon="25.5761647">
        <ele>151.6</ele>
        <time>2024-12-07T12:09:10Z</time>
        <hdop>3.8</hdop>
        <extensions>
          <osmand:speed>10.6</osmand:speed>
        </extensions>
      </trkpt>
      <trkpt lat="54.8637057" lon="25.5770819">
        <ele>152.3</ele>
        <time>2024-12-07T12:09:16Z</time>
        <hdop>3.8</hdop>
        <extensions>
          <osmand:speed>12.2</osmand:speed>
        </extensions>
      </trkpt>
      <trkpt lat="54.8641592" lon="25.5778375">
        <ele>151.8</ele>
        <time>2024-12-07T12:09:22Z</time>
        <hdop>3.8</hdop>
        <extensions>
          <osmand:speed>12.6</osmand:speed>
        </extensions>
      </trkpt>
      <trkpt lat="54.8647969" lon="25.578251">
        <ele>152</ele>
        <time>2024-12-07T12:09:28Z</time>
        <hdop>3.8</hdop>
        <extensions>
          <osmand:speed>11.2</osmand:speed>
        </extensions>
      </trkpt>
      <trkpt lat="54.8653751" lon="25.5788076">
        <ele>150.6</ele>
        <time>2024-12-07T12:09:34Z</time>
        <hdop>3.8</hdop>
        <extensions>
          <osmand:speed>8.8</osmand:speed>
        </extensions>
      </trkpt>
      <trkpt lat="54.8655813" lon="25.5796473">
        <ele>155.1</ele>
        <time>2024-12-07T12:09:40Z</time>
        <hdop>3.8</hdop>
        <extensions>
          <osmand:speed>10.1</osmand:speed>
        </extensions>
      </trkpt>
      <trkpt lat="54.8655798" lon="25.5805546">
        <ele>160.9</ele>
        <time>2024-12-07T12:09:46Z</time>
        <hdop>3.8</hdop>
        <extensions>
          <osmand:speed>9.9</osmand:speed>
        </extensions>
      </trkpt>
      <trkpt lat="54.8656476" lon="25.5814488">
        <ele>164.2</ele>
        <time>2024-12-07T12:09:52Z</time>
        <hdop>3.8</hdop>
        <extensions>
          <osmand:speed>10.5</osmand:speed>
        </extensions>
      </trkpt>
      <trkpt lat="54.8657714" lon="25.5824918">
        <ele>165.9</ele>
        <time>2024-12-07T12:09:58Z</time>
        <hdop>3.8</hdop>
        <extensions>
          <osmand:speed>12</osmand:speed>
        </extensions>
      </trkpt>
      <trkpt lat="54.8659346" lon="25.5836395">
        <ele>166.7</ele>
        <time>2024-12-07T12:10:04Z</time>
        <hdop>3.8</hdop>
        <extensions>
          <osmand:speed>13</osmand:speed>
        </extensions>
      </trkpt>
      <trkpt lat="54.8660283" lon="25.5848042">
        <ele>168.2</ele>
        <time>2024-12-07T12:10:10Z</time>
        <hdop>3.8</hdop>
        <extensions>
          <osmand:speed>11.9</osmand:speed>
        </extensions>
      </trkpt>
      <trkpt lat="54.8661162" lon="25.5858388">
        <ele>168.2</ele>
        <time>2024-12-07T12:10:16Z</time>
        <hdop>3.8</hdop>
        <extensions>
          <osmand:speed>10.8</osmand:speed>
        </extensions>
      </trkpt>
      <trkpt lat="54.8662377" lon="25.5866046">
        <ele>164.9</ele>
        <time>2024-12-07T12:10:22Z</time>
        <hdop>3.8</hdop>
        <extensions>
          <osmand:speed>9</osmand:speed>
        </extensions>
      </trkpt>
      <trkpt lat="54.8664292" lon="25.5873375">
        <ele>160.6</ele>
        <time>2024-12-07T12:10:28Z</time>
        <hdop>3.8</hdop>
        <extensions>
          <osmand:speed>10.4</osmand:speed>
        </extensions>
      </trkpt>
      <trkpt lat="54.866722" lon="25.588054">
        <ele>152</ele>
        <time>2024-12-07T12:10:34Z</time>
        <hdop>3.8</hdop>
        <extensions>
          <osmand:speed>7.1</osmand:speed>
        </extensions>
      </trkpt>
      <trkpt lat="54.8668087" lon="25.5887985">
        <ele>150.4</ele>
        <time>2024-12-07T12:10:40Z</time>
        <hdop>3.8</hdop>
        <extensions>
          <osmand:speed>10.2</osmand:speed>
        </extensions>
      </trkpt>
      <trkpt lat="54.8667838" lon="25.5898287">
        <ele>152</ele>
        <time>2024-12-07T12:10:46Z</time>
        <hdop>3.8</hdop>
        <extensions>
          <osmand:speed>12</osmand:speed>
        </extensions>
      </trkpt>
      <trkpt lat="54.8668574" lon="25.5908512">
        <ele>154.1</ele>
        <time>2024-12-07T12:10:52Z</time>
        <hdop>3.8</hdop>
        <extensions>
          <osmand:speed>10.9</osmand:speed>
        </extensions>
      </trkpt>
      <trkpt lat="54.8669823" lon="25.5915541">
        <ele>157.2</ele>
        <time>2024-12-07T12:10:58Z</time>
        <hdop>3.8</hdop>
        <extensions>
          <osmand:speed>8.2</osmand:speed>
        </extensions>
      </trkpt>
      <trkpt lat="54.867316" lon="25.5922468">
        <ele>159.4</ele>
        <time>2024-12-07T12:11:04Z</time>
        <hdop>3.8</hdop>
        <extensions>
          <osmand:speed>11.9</osmand:speed>
        </extensions>
      </trkpt>
      <trkpt lat="54.8677468" lon="25.593213">
        <ele>161.9</ele>
        <time>2024-12-07T12:11:10Z</time>
        <hdop>3.8</hdop>
        <extensions>
          <osmand:speed>13.8</osmand:speed>
        </extensions>
      </trkpt>
      <trkpt lat="54.8682645" lon="25.5941803">
        <ele>165.4</ele>
        <time>2024-12-07T12:11:16Z</time>
        <hdop>3.8</hdop>
        <extensions>
          <osmand:speed>13.8</osmand:speed>
        </extensions>
      </trkpt>
      <trkpt lat="54.8686949" lon="25.5951803">
        <ele>170.5</ele>
        <time>2024-12-07T12:11:22Z</time>
        <hdop>3.8</hdop>
        <extensions>
          <osmand:speed>13.4</osmand:speed>
        </extensions>
      </trkpt>
      <trkpt lat="54.8692665" lon="25.5960215">
        <ele>173.7</ele>
        <time>2024-12-07T12:11:28Z</time>
        <hdop>3.8</hdop>
        <extensions>
          <osmand:speed>14.6</osmand:speed>
        </extensions>
      </trkpt>
      <trkpt lat="54.8698004" lon="25.5968825">
        <ele>178.5</ele>
        <time>2024-12-07T12:11:34Z</time>
        <hdop>3.8</hdop>
        <extensions>
          <osmand:speed>12.3</osmand:speed>
        </extensions>
      </trkpt>
      <trkpt lat="54.8703586" lon="25.5975153">
        <ele>183.6</ele>
        <time>2024-12-07T12:11:40Z</time>
        <hdop>3.8</hdop>
        <extensions>
          <osmand:speed>13.2</osmand:speed>
        </extensions>
      </trkpt>
      <trkpt lat="54.8708897" lon="25.5981721">
        <ele>189.2</ele>
        <time>2024-12-07T12:11:46Z</time>
        <hdop>3.8</hdop>
        <extensions>
          <osmand:speed>12.1</osmand:speed>
        </extensions>
      </trkpt>
      <trkpt lat="54.8710009" lon="25.599237">
        <ele>197.3</ele>
        <time>2024-12-07T12:11:52Z</time>
        <hdop>3.8</hdop>
        <extensions>
          <osmand:speed>12.7</osmand:speed>
        </extensions>
      </trkpt>
      <trkpt lat="54.8708991" lon="25.6003899">
        <ele>200.5</ele>
        <time>2024-12-07T12:11:58Z</time>
        <hdop>3.8</hdop>
        <extensions>
          <osmand:speed>12.4</osmand:speed>
        </extensions>
      </trkpt>
      <trkpt lat="54.8709189" lon="25.601575">
        <ele>202.5</ele>
        <time>2024-12-07T12:12:04Z</time>
        <hdop>3.8</hdop>
        <extensions>
          <osmand:speed>12.9</osmand:speed>
        </extensions>
      </trkpt>
      <trkpt lat="54.8709868" lon="25.6029235">
        <ele>205.3</ele>
        <time>2024-12-07T12:12:10Z</time>
        <hdop>3.8</hdop>
        <extensions>
          <osmand:speed>14.4</osmand:speed>
        </extensions>
      </trkpt>
      <trkpt lat="54.8710066" lon="25.6040992">
        <ele>204</ele>
        <time>2024-12-07T12:12:16Z</time>
        <hdop>3.8</hdop>
        <extensions>
          <osmand:speed>11.3</osmand:speed>
        </extensions>
      </trkpt>
      <trkpt lat="54.8710734" lon="25.6050332">
        <ele>203.8</ele>
        <time>2024-12-07T12:12:22Z</time>
        <hdop>3.8</hdop>
        <extensions>
          <osmand:speed>4.7</osmand:speed>
        </extensions>
      </trkpt>
      <trkpt lat="54.8713072" lon="25.6054078">
        <ele>203</ele>
        <time>2024-12-07T12:12:28Z</time>
        <hdop>3.8</hdop>
        <extensions>
          <osmand:speed>4.2</osmand:speed>
        </extensions>
      </trkpt>
      <trkpt lat="54.8716538" lon="25.6050994">
        <ele>202.3</ele>
        <time>2024-12-07T12:12:34Z</time>
        <hdop>3.8</hdop>
        <extensions>
          <osmand:speed>8.1</osmand:speed>
        </extensions>
      </trkpt>
      <trkpt lat="54.8719935" lon="25.6046633">
        <ele>198.6</ele>
        <time>2024-12-07T12:12:40Z</time>
        <hdop>3.8</hdop>
        <extensions>
          <osmand:speed>9.5</osmand:speed>
        </extensions>
      </trkpt>
      <trkpt lat="54.872358" lon="25.6040715">
        <ele>195.1</ele>
        <time>2024-12-07T12:12:46Z</time>
        <hdop>3.8</hdop>
        <extensions>
          <osmand:speed>9</osmand:speed>
        </extensions>
      </trkpt>
      <trkpt lat="54.8725488" lon="25.6037973">
        <ele>194.3</ele>
        <time>2024-12-07T12:12:52Z</time>
        <hdop>3.8</hdop>
        <extensions>
          <osmand:speed>1.8</osmand:speed>
        </extensions>
      </trkpt>
      <trkpt lat="54.872812" lon="25.6038351">
        <ele>193</ele>
        <time>2024-12-07T12:12:58Z</time>
        <hdop>3.8</hdop>
        <extensions>
          <osmand:speed>6.8</osmand:speed>
        </extensions>
      </trkpt>
      <trkpt lat="54.8732356" lon="25.6038477">
        <ele>188.6</ele>
        <time>2024-12-07T12:13:04Z</time>
        <hdop>3.8</hdop>
        <extensions>
          <osmand:speed>8.8</osmand:speed>
        </extensions>
      </trkpt>
      <trkpt lat="54.873712" lon="25.603822">
        <ele>185.9</ele>
        <time>2024-12-07T12:13:10Z</time>
        <hdop>3.8</hdop>
        <extensions>
          <osmand:speed>8.8</osmand:speed>
        </extensions>
      </trkpt>
      <trkpt lat="54.8740962" lon="25.6034595">
        <ele>182.9</ele>
        <time>2024-12-07T12:13:16Z</time>
        <hdop>3.8</hdop>
        <extensions>
          <osmand:speed>7.6</osmand:speed>
        </extensions>
      </trkpt>
      <trkpt lat="54.8743496" lon="25.6030958">
        <ele>182.4</ele>
        <time>2024-12-07T12:13:22Z</time>
        <hdop>3.8</hdop>
        <extensions>
          <osmand:speed>3.6</osmand:speed>
        </extensions>
      </trkpt>
      <trkpt lat="54.8744482" lon="25.6029897">
        <ele>184.6</ele>
        <time>2024-12-07T12:13:28Z</time>
        <hdop>3.8</hdop>
        <extensions>
          <osmand:speed>3</osmand:speed>
        </extensions>
      </trkpt>
      <trkpt lat="54.8746039" lon="25.6028235">
        <ele>183.9</ele>
        <time>2024-12-07T12:13:34Z</time>
        <hdop>3.8</hdop>
        <extensions>
          <osmand:speed>4.4</osmand:speed>
        </extensions>
      </trkpt>
      <trkpt lat="54.8748347" lon="25.6027281">
        <ele>181.4</ele>
        <time>2024-12-07T12:13:40Z</time>
        <hdop>3.8</hdop>
        <extensions>
          <osmand:speed>1.6</osmand:speed>
        </extensions>
      </trkpt>
      <trkpt lat="54.8749777" lon="25.6027432">
        <ele>182.1</ele>
        <time>2024-12-07T12:13:46Z</time>
        <hdop>3.8</hdop>
        <extensions>
          <osmand:speed>2.4</osmand:speed>
        </extensions>
      </trkpt>
      <trkpt lat="54.8750821" lon="25.6027047">
        <ele>188.8</ele>
        <time>2024-12-07T12:13:52Z</time>
        <hdop>3.9</hdop>
      </trkpt>
      <trkpt lat="54.8750809" lon="25.6027165">
        <ele>186.9</ele>
        <time>2024-12-07T12:13:58Z</time>
        <hdop>3.8</hdop>
      </trkpt>
      <trkpt lat="54.8751409" lon="25.6026916">
        <ele>188.7</ele>
        <time>2024-12-07T12:14:04Z</time>
        <hdop>3.8</hdop>
        <extensions>
          <osmand:speed>1.1</osmand:speed>
        </extensions>
      </trkpt>
      <trkpt lat="54.8751867" lon="25.6026869">
        <ele>192.2</ele>
        <time>2024-12-07T12:14:10Z</time>
        <hdop>3.8</hdop>
        <extensions>
          <osmand:speed>1.3</osmand:speed>
        </extensions>
      </trkpt>
      <trkpt lat="54.8752403" lon="25.6026927">
        <ele>191.1</ele>
        <time>2024-12-07T12:14:16Z</time>
        <hdop>3.8</hdop>
      </trkpt>
      <trkpt lat="54.875268" lon="25.6026609">
        <ele>190.1</ele>
        <time>2024-12-07T12:14:22Z</time>
        <hdop>3.8</hdop>
        <extensions>
          <osmand:speed>0.2</osmand:speed>
        </extensions>
      </trkpt>
      <trkpt lat="54.8752904" lon="25.6026234">
        <ele>190</ele>
        <time>2024-12-07T12:14:28Z</time>
        <hdop>3.8</hdop>
        <extensions>
          <osmand:speed>1.5</osmand:speed>
        </extensions>
      </trkpt>
      <trkpt lat="54.8753515" lon="25.6026552">
        <ele>190</ele>
        <time>2024-12-07T12:14:34Z</time>
        <hdop>3.8</hdop>
        <extensions>
          <osmand:speed>1.6</osmand:speed>
        </extensions>
      </trkpt>
      <trkpt lat="54.8754943" lon="25.6026427">
        <ele>191</ele>
        <time>2024-12-07T12:14:40Z</time>
        <hdop>3.8</hdop>
        <extensions>
          <osmand:speed>2</osmand:speed>
        </extensions>
      </trkpt>
      <trkpt lat="54.8756055" lon="25.6026387">
        <ele>189.3</ele>
        <time>2024-12-07T12:14:46Z</time>
        <hdop>3.8</hdop>
        <extensions>
          <osmand:speed>1.1</osmand:speed>
        </extensions>
      </trkpt>
      <trkpt lat="54.875667" lon="25.6026092">
        <ele>189.4</ele>
        <time>2024-12-07T12:14:52Z</time>
        <hdop>3.8</hdop>
        <extensions>
          <osmand:speed>1.2</osmand:speed>
        </extensions>
      </trkpt>
      <trkpt lat="54.875769" lon="25.6025758">
        <ele>186.6</ele>
        <time>2024-12-07T12:14:58Z</time>
        <hdop>3.8</hdop>
        <extensions>
          <osmand:speed>3.5</osmand:speed>
        </extensions>
      </trkpt>
      <trkpt lat="54.8760288" lon="25.6025306">
        <ele>183.2</ele>
        <time>2024-12-07T12:15:04Z</time>
        <hdop>4.5</hdop>
        <extensions>
          <osmand:speed>4.9</osmand:speed>
        </extensions>
      </trkpt>
      <trkpt lat="54.8764029" lon="25.602486">
        <ele>183.4</ele>
        <time>2024-12-07T12:15:10Z</time>
        <hdop>3.8</hdop>
        <extensions>
          <osmand:speed>5.7</osmand:speed>
        </extensions>
      </trkpt>
      <trkpt lat="54.876778" lon="25.602302">
        <ele>181.4</ele>
        <time>2024-12-07T12:15:16Z</time>
        <hdop>3.8</hdop>
        <extensions>
          <osmand:speed>6.3</osmand:speed>
        </extensions>
      </trkpt>
      <trkpt lat="54.8771354" lon="25.6019752">
        <ele>175.6</ele>
        <time>2024-12-07T12:15:22Z</time>
        <hdop>3.8</hdop>
        <extensions>
          <osmand:speed>6.3</osmand:speed>
        </extensions>
      </trkpt>
      <trkpt lat="54.8774682" lon="25.601575">
        <ele>173.6</ele>
        <time>2024-12-07T12:15:28Z</time>
        <hdop>4.4</hdop>
        <extensions>
          <osmand:speed>7.8</osmand:speed>
        </extensions>
      </trkpt>
      <trkpt lat="54.8778926" lon="25.6008248">
        <ele>172.9</ele>
        <time>2024-12-07T12:15:34Z</time>
        <hdop>5.5</hdop>
        <extensions>
          <osmand:speed>9.9</osmand:speed>
        </extensions>
      </trkpt>
      <trkpt lat="54.8781698" lon="25.6000527">
        <ele>171.6</ele>
        <time>2024-12-07T12:15:40Z</time>
        <hdop>3.8</hdop>
        <extensions>
          <osmand:speed>5.5</osmand:speed>
        </extensions>
      </trkpt>
      <trkpt lat="54.8784185" lon="25.5994485">
        <ele>166.3</ele>
        <time>2024-12-07T12:15:46Z</time>
        <hdop>3.8</hdop>
        <extensions>
          <osmand:speed>3.1</osmand:speed>
        </extensions>
      </trkpt>
      <trkpt lat="54.8785881" lon="25.599012">
        <ele>161.7</ele>
        <time>2024-12-07T12:15:52Z</time>
        <hdop>3.9</hdop>
        <extensions>
          <osmand:speed>6</osmand:speed>
        </extensions>
      </trkpt>
      <trkpt lat="54.8787934" lon="25.5984481">
        <ele>157.9</ele>
        <time>2024-12-07T12:15:58Z</time>
        <hdop>3.8</hdop>
        <extensions>
          <osmand:speed>6.9</osmand:speed>
        </extensions>
      </trkpt>
      <trkpt lat="54.8789754" lon="25.5978483">
        <ele>154.7</ele>
        <time>2024-12-07T12:16:04Z</time>
        <hdop>3.8</hdop>
        <extensions>
          <osmand:speed>8.5</osmand:speed>
        </extensions>
      </trkpt>
      <trkpt lat="54.8792273" lon="25.5974436">
        <ele>152.7</ele>
        <time>2024-12-07T12:16:10Z</time>
        <hdop>3.8</hdop>
        <extensions>
          <osmand:speed>2.8</osmand:speed>
        </extensions>
      </trkpt>
      <trkpt lat="54.8793618" lon="25.5976721">
        <ele>151.3</ele>
        <time>2024-12-07T12:16:16Z</time>
        <hdop>3.8</hdop>
        <extensions>
          <osmand:speed>4.6</osmand:speed>
        </extensions>
      </trkpt>
      <trkpt lat="54.8794772" lon="25.5978197">
        <ele>151.6</ele>
        <time>2024-12-07T12:16:22Z</time>
        <hdop>3.8</hdop>
        <extensions>
          <osmand:speed>1.2</osmand:speed>
        </extensions>
      </trkpt>
      <trkpt lat="54.8795742" lon="25.5979602">
        <ele>151.1</ele>
        <time>2024-12-07T12:16:28Z</time>
        <hdop>3.8</hdop>
        <extensions>
          <osmand:speed>5.7</osmand:speed>
        </extensions>
      </trkpt>
      <trkpt lat="54.8798079" lon="25.5985379">
        <ele>150.2</ele>
        <time>2024-12-07T12:16:34Z</time>
        <hdop>3.8</hdop>
        <extensions>
          <osmand:speed>8.6</osmand:speed>
        </extensions>
      </trkpt>
      <trkpt lat="54.8801712" lon="25.5994484">
        <ele>148.2</ele>
        <time>2024-12-07T12:16:40Z</time>
        <hdop>3.8</hdop>
        <extensions>
          <osmand:speed>14.9</osmand:speed>
        </extensions>
      </trkpt>
      <trkpt lat="54.8806516" lon="25.6006833">
        <ele>146.8</ele>
        <time>2024-12-07T12:16:46Z</time>
        <hdop>3.8</hdop>
        <extensions>
          <osmand:speed>16.2</osmand:speed>
        </extensions>
      </trkpt>
      <trkpt lat="54.8810562" lon="25.6018211">
        <ele>145.3</ele>
        <time>2024-12-07T12:16:52Z</time>
        <hdop>3.8</hdop>
        <extensions>
          <osmand:speed>13.7</osmand:speed>
        </extensions>
      </trkpt>
      <trkpt lat="54.881426" lon="25.6029552">
        <ele>144.6</ele>
        <time>2024-12-07T12:16:58Z</time>
        <hdop>3.8</hdop>
        <extensions>
          <osmand:speed>14.1</osmand:speed>
        </extensions>
      </trkpt>
      <trkpt lat="54.881758" lon="25.604057">
        <ele>145.1</ele>
        <time>2024-12-07T12:17:04Z</time>
        <hdop>3.8</hdop>
        <extensions>
          <osmand:speed>8.8</osmand:speed>
        </extensions>
      </trkpt>
      <trkpt lat="54.8817873" lon="25.6042208">
        <ele>144.9</ele>
        <time>2024-12-07T12:17:10Z</time>
        <hdop>3.8</hdop>
      </trkpt>
      <trkpt lat="54.881772" lon="25.604237">
        <ele>144.8</ele>
        <time>2024-12-07T12:17:16Z</time>
        <hdop>3.8</hdop>
      </trkpt>
      <trkpt lat="54.8817642" lon="25.6042483">
        <ele>144.4</ele>
        <time>2024-12-07T12:17:22Z</time>
        <hdop>3.9</hdop>
      </trkpt>
      <trkpt lat="54.8817642" lon="25.6042482">
        <ele>144.5</ele>
        <time>2024-12-07T12:17:28Z</time>
        <hdop>3.8</hdop>
      </trkpt>
      <trkpt lat="54.881764" lon="25.6042482">
        <ele>144.5</ele>
        <time>2024-12-07T12:17:34Z</time>
        <hdop>3.8</hdop>
      </trkpt>
      <trkpt lat="54.8818409" lon="25.6044925">
        <ele>145.3</ele>
        <time>2024-12-07T12:17:40Z</time>
        <hdop>3.8</hdop>
        <extensions>
          <osmand:speed>7.2</osmand:speed>
        </extensions>
      </trkpt>
      <trkpt lat="54.8820921" lon="25.6054124">
        <ele>144.8</ele>
        <time>2024-12-07T12:17:46Z</time>
        <hdop>3.8</hdop>
        <extensions>
          <osmand:speed>13.4</osmand:speed>
        </extensions>
      </trkpt>
      <trkpt lat="54.882395" lon="25.60667">
        <ele>144.3</ele>
        <time>2024-12-07T12:17:52Z</time>
        <hdop>3.8</hdop>
        <extensions>
          <osmand:speed>15.5</osmand:speed>
        </extensions>
      </trkpt>
      <trkpt lat="54.8826928" lon="25.6080952">
        <ele>143.8</ele>
        <time>2024-12-07T12:17:58Z</time>
        <hdop>3.8</hdop>
        <extensions>
          <osmand:speed>16.6</osmand:speed>
        </extensions>
      </trkpt>
      <trkpt lat="54.882992" lon="25.6095739">
        <ele>144</ele>
        <time>2024-12-07T12:18:04Z</time>
        <hdop>3.8</hdop>
        <extensions>
          <osmand:speed>16.8</osmand:speed>
        </extensions>
      </trkpt>
      <trkpt lat="54.8832984" lon="25.6110453">
        <ele>144.2</ele>
        <time>2024-12-07T12:18:10Z</time>
        <hdop>3.8</hdop>
        <extensions>
          <osmand:speed>16.6</osmand:speed>
        </extensions>
      </trkpt>
      <trkpt lat="54.8836003" lon="25.6124921">
        <ele>144.8</ele>
        <time>2024-12-07T12:18:16Z</time>
        <hdop>3.8</hdop>
        <extensions>
          <osmand:speed>16.1</osmand:speed>
        </extensions>
      </trkpt>
      <trkpt lat="54.8838782" lon="25.6138968">
        <ele>144.7</ele>
        <time>2024-12-07T12:18:22Z</time>
        <hdop>3.8</hdop>
        <extensions>
          <osmand:speed>16.4</osmand:speed>
        </extensions>
      </trkpt>
      <trkpt lat="54.8841817" lon="25.6153835">
        <ele>144.7</ele>
        <time>2024-12-07T12:18:28Z</time>
        <hdop>3.8</hdop>
        <extensions>
          <osmand:speed>17.1</osmand:speed>
        </extensions>
      </trkpt>
      <trkpt lat="54.8844888" lon="25.6168723">
        <ele>144.1</ele>
        <time>2024-12-07T12:18:34Z</time>
        <hdop>3.8</hdop>
        <extensions>
          <osmand:speed>16.9</osmand:speed>
        </extensions>
      </trkpt>
      <trkpt lat="54.8847856" lon="25.6183644">
        <ele>143.5</ele>
        <time>2024-12-07T12:18:40Z</time>
        <hdop>3.8</hdop>
        <extensions>
          <osmand:speed>17</osmand:speed>
        </extensions>
      </trkpt>
      <trkpt lat="54.8850948" lon="25.6198764">
        <ele>144.3</ele>
        <time>2024-12-07T12:18:46Z</time>
        <hdop>3.8</hdop>
        <extensions>
          <osmand:speed>17.3</osmand:speed>
        </extensions>
      </trkpt>
      <trkpt lat="54.8854044" lon="25.6213971">
        <ele>144.2</ele>
        <time>2024-12-07T12:18:52Z</time>
        <hdop>3.8</hdop>
        <extensions>
          <osmand:speed>17.3</osmand:speed>
        </extensions>
      </trkpt>
      <trkpt lat="54.8857084" lon="25.6229182">
        <ele>143.6</ele>
        <time>2024-12-07T12:18:58Z</time>
        <hdop>3.8</hdop>
        <extensions>
          <osmand:speed>16.9</osmand:speed>
        </extensions>
      </trkpt>
      <trkpt lat="54.8860058" lon="25.6243495">
        <ele>143.4</ele>
        <time>2024-12-07T12:19:04Z</time>
        <hdop>3.8</hdop>
        <extensions>
          <osmand:speed>14.9</osmand:speed>
        </extensions>
      </trkpt>
      <trkpt lat="54.886266" lon="25.6256525">
        <ele>143.6</ele>
        <time>2024-12-07T12:19:10Z</time>
        <hdop>3.8</hdop>
        <extensions>
          <osmand:speed>15.2</osmand:speed>
        </extensions>
      </trkpt>
      <trkpt lat="54.8865611" lon="25.6270971">
        <ele>143.2</ele>
        <time>2024-12-07T12:19:16Z</time>
        <hdop>3.8</hdop>
        <extensions>
          <osmand:speed>17.2</osmand:speed>
        </extensions>
      </trkpt>
      <trkpt lat="54.8869176" lon="25.6286114">
        <ele>143.9</ele>
        <time>2024-12-07T12:19:22Z</time>
        <hdop>3.8</hdop>
        <extensions>
          <osmand:speed>17.7</osmand:speed>
        </extensions>
      </trkpt>
      <trkpt lat="54.8873347" lon="25.630091">
        <ele>143.6</ele>
        <time>2024-12-07T12:19:28Z</time>
        <hdop>3.8</hdop>
        <extensions>
          <osmand:speed>17.7</osmand:speed>
        </extensions>
      </trkpt>
      <trkpt lat="54.8878268" lon="25.6314799">
        <ele>143.3</ele>
        <time>2024-12-07T12:19:34Z</time>
        <hdop>3.8</hdop>
        <extensions>
          <osmand:speed>17.3</osmand:speed>
        </extensions>
      </trkpt>
      <trkpt lat="54.8883623" lon="25.6327835">
        <ele>143.2</ele>
        <time>2024-12-07T12:19:40Z</time>
        <hdop>3.8</hdop>
        <extensions>
          <osmand:speed>17</osmand:speed>
        </extensions>
      </trkpt>
      <trkpt lat="54.8889558" lon="25.6339823">
        <ele>143.3</ele>
        <time>2024-12-07T12:19:46Z</time>
        <hdop>3.8</hdop>
        <extensions>
          <osmand:speed>16.3</osmand:speed>
        </extensions>
      </trkpt>
      <trkpt lat="54.889525" lon="25.6349625">
        <ele>143.8</ele>
        <time>2024-12-07T12:19:52Z</time>
        <hdop>3.8</hdop>
        <extensions>
          <osmand:speed>14.8</osmand:speed>
        </extensions>
      </trkpt>
      <trkpt lat="54.8900283" lon="25.6357618">
        <ele>144.3</ele>
        <time>2024-12-07T12:19:58Z</time>
        <hdop>3.8</hdop>
        <extensions>
          <osmand:speed>10.4</osmand:speed>
        </extensions>
      </trkpt>
      <trkpt lat="54.8902257" lon="25.6362057">
        <ele>143.3</ele>
        <time>2024-12-07T12:20:04Z</time>
        <hdop>3.8</hdop>
        <extensions>
          <osmand:speed>3.2</osmand:speed>
        </extensions>
      </trkpt>
      <trkpt lat="54.89014" lon="25.6364197">
        <ele>143</ele>
        <time>2024-12-07T12:20:10Z</time>
        <hdop>3.8</hdop>
        <extensions>
          <osmand:speed>2.1</osmand:speed>
        </extensions>
      </trkpt>
      <trkpt lat="54.8900462" lon="25.6366754">
        <ele>143.4</ele>
        <time>2024-12-07T12:20:16Z</time>
        <hdop>3.8</hdop>
        <extensions>
          <osmand:speed>5.5</osmand:speed>
        </extensions>
      </trkpt>
      <trkpt lat="54.8898842" lon="25.6371842">
        <ele>144.5</ele>
        <time>2024-12-07T12:20:22Z</time>
        <hdop>3.8</hdop>
        <extensions>
          <osmand:speed>6.8</osmand:speed>
        </extensions>
      </trkpt>
      <trkpt lat="54.8897202" lon="25.6376952">
        <ele>145.5</ele>
        <time>2024-12-07T12:20:28Z</time>
        <hdop>3.8</hdop>
        <extensions>
          <osmand:speed>6.5</osmand:speed>
        </extensions>
      </trkpt>
      <trkpt lat="54.8896813" lon="25.6384951">
        <ele>147.1</ele>
        <time>2024-12-07T12:20:34Z</time>
        <hdop>3.8</hdop>
        <extensions>
          <osmand:speed>9.7</osmand:speed>
        </extensions>
      </trkpt>
      <trkpt lat="54.889682" lon="25.6394996">
        <ele>147</ele>
        <time>2024-12-07T12:20:40Z</time>
        <hdop>3.8</hdop>
        <extensions>
          <osmand:speed>11.9</osmand:speed>
        </extensions>
      </trkpt>
      <trkpt lat="54.8896909" lon="25.6405834">
        <ele>148.1</ele>
        <time>2024-12-07T12:20:46Z</time>
        <hdop>3.8</hdop>
        <extensions>
          <osmand:speed>11.4</osmand:speed>
        </extensions>
      </trkpt>
      <trkpt lat="54.8897276" lon="25.6417182">
        <ele>147.8</ele>
        <time>2024-12-07T12:20:52Z</time>
        <hdop>3.8</hdop>
        <extensions>
          <osmand:speed>12.4</osmand:speed>
        </extensions>
      </trkpt>
      <trkpt lat="54.8897196" lon="25.6426926">
        <ele>148</ele>
        <time>2024-12-07T12:20:58Z</time>
        <hdop>3.8</hdop>
        <extensions>
          <osmand:speed>8.4</osmand:speed>
        </extensions>
      </trkpt>
      <trkpt lat="54.8896946" lon="25.6438505">
        <ele>146.2</ele>
        <time>2024-12-07T12:21:04Z</time>
        <hdop>3.8</hdop>
        <extensions>
          <osmand:speed>14.7</osmand:speed>
        </extensions>
      </trkpt>
      <trkpt lat="54.8896925" lon="25.6452929">
        <ele>146.4</ele>
        <time>2024-12-07T12:21:10Z</time>
        <hdop>3.8</hdop>
        <extensions>
          <osmand:speed>15.2</osmand:speed>
        </extensions>
      </trkpt>
      <trkpt lat="54.8897073" lon="25.6467185">
        <ele>147.1</ele>
        <time>2024-12-07T12:21:16Z</time>
        <hdop>3.8</hdop>
        <extensions>
          <osmand:speed>13.5</osmand:speed>
        </extensions>
      </trkpt>
      <trkpt lat="54.8897134" lon="25.6478122">
        <ele>146.7</ele>
        <time>2024-12-07T12:21:22Z</time>
        <hdop>3.8</hdop>
        <extensions>
          <osmand:speed>12.9</osmand:speed>
        </extensions>
      </trkpt>
      <trkpt lat="54.8897083" lon="25.6492342">
        <ele>146.3</ele>
        <time>2024-12-07T12:21:28Z</time>
        <hdop>3.8</hdop>
        <extensions>
          <osmand:speed>15.7</osmand:speed>
        </extensions>
      </trkpt>
      <trkpt lat="54.8897228" lon="25.650731">
        <ele>148.1</ele>
        <time>2024-12-07T12:21:34Z</time>
        <hdop>3.8</hdop>
        <extensions>
          <osmand:speed>15.8</osmand:speed>
        </extensions>
      </trkpt>
      <trkpt lat="54.8897196" lon="25.652266">
        <ele>148.5</ele>
        <time>2024-12-07T12:21:40Z</time>
        <hdop>3.8</hdop>
        <extensions>
          <osmand:speed>16.8</osmand:speed>
        </extensions>
      </trkpt>
      <trkpt lat="54.8897161" lon="25.6537945">
        <ele>149.5</ele>
        <time>2024-12-07T12:21:46Z</time>
        <hdop>3.8</hdop>
        <extensions>
          <osmand:speed>16.5</osmand:speed>
        </extensions>
      </trkpt>
      <trkpt lat="54.8897148" lon="25.655348">
        <ele>150.6</ele>
        <time>2024-12-07T12:21:52Z</time>
        <hdop>3.8</hdop>
        <extensions>
          <osmand:speed>17.1</osmand:speed>
        </extensions>
      </trkpt>
      <trkpt lat="54.8897045" lon="25.656911">
        <ele>148.9</ele>
        <time>2024-12-07T12:21:58Z</time>
        <hdop>3.8</hdop>
        <extensions>
          <osmand:speed>15.9</osmand:speed>
        </extensions>
      </trkpt>
      <trkpt lat="54.8897209" lon="25.6584452">
        <ele>150.5</ele>
        <time>2024-12-07T12:22:04Z</time>
        <hdop>3.8</hdop>
        <extensions>
          <osmand:speed>15.7</osmand:speed>
        </extensions>
      </trkpt>
      <trkpt lat="54.889712" lon="25.6600013">
        <ele>148.7</ele>
        <time>2024-12-07T12:22:10Z</time>
        <hdop>3.8</hdop>
        <extensions>
          <osmand:speed>16.7</osmand:speed>
        </extensions>
      </trkpt>
      <trkpt lat="54.8897227" lon="25.6615423">
        <ele>147.7</ele>
        <time>2024-12-07T12:22:16Z</time>
        <hdop>3.8</hdop>
        <extensions>
          <osmand:speed>16.2</osmand:speed>
        </extensions>
      </trkpt>
      <trkpt lat="54.8897191" lon="25.6630874">
        <ele>149.3</ele>
        <time>2024-12-07T12:22:22Z</time>
        <hdop>3.8</hdop>
        <extensions>
          <osmand:speed>15.6</osmand:speed>
        </extensions>
      </trkpt>
      <trkpt lat="54.8897303" lon="25.6645333">
        <ele>148.8</ele>
        <time>2024-12-07T12:22:28Z</time>
        <hdop>3.8</hdop>
        <extensions>
          <osmand:speed>14.1</osmand:speed>
        </extensions>
      </trkpt>
      <trkpt lat="54.8898428" lon="25.6653696">
        <ele>148.7</ele>
        <time>2024-12-07T12:22:34Z</time>
        <hdop>3.8</hdop>
        <extensions>
          <osmand:speed>8.7</osmand:speed>
        </extensions>
      </trkpt>
      <trkpt lat="54.8897047" lon="25.6665339">
        <ele>150</ele>
        <time>2024-12-07T12:22:40Z</time>
        <hdop>3.8</hdop>
        <extensions>
          <osmand:speed>14.4</osmand:speed>
        </extensions>
      </trkpt>
      <trkpt lat="54.8894577" lon="25.6679563">
        <ele>149.1</ele>
        <time>2024-12-07T12:22:46Z</time>
        <hdop>3.8</hdop>
        <extensions>
          <osmand:speed>15.5</osmand:speed>
        </extensions>
      </trkpt>
      <trkpt lat="54.8892042" lon="25.669357">
        <ele>148.1</ele>
        <time>2024-12-07T12:22:52Z</time>
        <hdop>3.8</hdop>
        <extensions>
          <osmand:speed>16.1</osmand:speed>
        </extensions>
      </trkpt>
      <trkpt lat="54.888878" lon="25.6706696">
        <ele>146.8</ele>
        <time>2024-12-07T12:22:58Z</time>
        <hdop>3.8</hdop>
        <extensions>
          <osmand:speed>15.6</osmand:speed>
        </extensions>
      </trkpt>
      <trkpt lat="54.8885243" lon="25.672053">
        <ele>144.2</ele>
        <time>2024-12-07T12:23:04Z</time>
        <hdop>3.8</hdop>
        <extensions>
          <osmand:speed>16.1</osmand:speed>
        </extensions>
      </trkpt>
      <trkpt lat="54.8881576" lon="25.6734307">
        <ele>141.7</ele>
        <time>2024-12-07T12:23:10Z</time>
        <hdop>3.8</hdop>
        <extensions>
          <osmand:speed>17</osmand:speed>
        </extensions>
      </trkpt>
      <trkpt lat="54.8877654" lon="25.6748688">
        <ele>143.5</ele>
        <time>2024-12-07T12:23:16Z</time>
        <hdop>3.8</hdop>
        <extensions>
          <osmand:speed>16.9</osmand:speed>
        </extensions>
      </trkpt>
      <trkpt lat="54.8873808" lon="25.6763411">
        <ele>143.1</ele>
        <time>2024-12-07T12:23:22Z</time>
        <hdop>3.8</hdop>
        <extensions>
          <osmand:speed>15.5</osmand:speed>
        </extensions>
      </trkpt>
      <trkpt lat="54.8871117" lon="25.6772909">
        <ele>142</ele>
        <time>2024-12-07T12:23:28Z</time>
        <hdop>3.8</hdop>
        <extensions>
          <osmand:speed>7.7</osmand:speed>
        </extensions>
      </trkpt>
      <trkpt lat="54.8874074" lon="25.6780224">
        <ele>142.4</ele>
        <time>2024-12-07T12:23:34Z</time>
        <hdop>3.8</hdop>
        <extensions>
          <osmand:speed>14.2</osmand:speed>
        </extensions>
      </trkpt>
      <trkpt lat="54.8880384" lon="25.6790999">
        <ele>141.3</ele>
        <time>2024-12-07T12:23:40Z</time>
        <hdop>3.8</hdop>
        <extensions>
          <osmand:speed>17.8</osmand:speed>
        </extensions>
      </trkpt>
      <trkpt lat="54.8886534" lon="25.680227">
        <ele>140.2</ele>
        <time>2024-12-07T12:23:46Z</time>
        <hdop>3.8</hdop>
        <extensions>
          <osmand:speed>14.9</osmand:speed>
        </extensions>
      </trkpt>
      <trkpt lat="54.8892263" lon="25.68101">
        <ele>141.7</ele>
        <time>2024-12-07T12:23:52Z</time>
        <hdop>3.8</hdop>
        <extensions>
          <osmand:speed>11.9</osmand:speed>
        </extensions>
      </trkpt>
      <trkpt lat="54.8891408" lon="25.6819215">
        <ele>142</ele>
        <time>2024-12-07T12:23:58Z</time>
        <hdop>3.8</hdop>
        <extensions>
          <osmand:speed>14.4</osmand:speed>
        </extensions>
      </trkpt>
      <trkpt lat="54.8887961" lon="25.6833838">
        <ele>138.9</ele>
        <time>2024-12-07T12:24:04Z</time>
        <hdop>3.8</hdop>
        <extensions>
          <osmand:speed>17.3</osmand:speed>
        </extensions>
      </trkpt>
      <trkpt lat="54.8882531" lon="25.6844892">
        <ele>140.5</ele>
        <time>2024-12-07T12:24:10Z</time>
        <hdop>3.8</hdop>
        <extensions>
          <osmand:speed>16.7</osmand:speed>
        </extensions>
      </trkpt>
      <trkpt lat="54.8874124" lon="25.6852482">
        <ele>142.8</ele>
        <time>2024-12-07T12:24:16Z</time>
        <hdop>3.8</hdop>
        <extensions>
          <osmand:speed>17.9</osmand:speed>
        </extensions>
      </trkpt>
      <trkpt lat="54.8865894" lon="25.6861522">
        <ele>145.7</ele>
        <time>2024-12-07T12:24:22Z</time>
        <hdop>3.8</hdop>
        <extensions>
          <osmand:speed>17.4</osmand:speed>
        </extensions>
      </trkpt>
      <trkpt lat="54.8857091" lon="25.6870482">
        <ele>144.7</ele>
        <time>2024-12-07T12:24:28Z</time>
        <hdop>3.8</hdop>
        <extensions>
          <osmand:speed>19.2</osmand:speed>
        </extensions>
      </trkpt>
      <trkpt lat="54.8848035" lon="25.6878272">
        <ele>142.1</ele>
        <time>2024-12-07T12:24:34Z</time>
        <hdop>3.8</hdop>
        <extensions>
          <osmand:speed>18.9</osmand:speed>
        </extensions>
      </trkpt>
      <trkpt lat="54.8838624" lon="25.6885549">
        <ele>143.2</ele>
        <time>2024-12-07T12:24:40Z</time>
        <hdop>3.8</hdop>
        <extensions>
          <osmand:speed>18.6</osmand:speed>
        </extensions>
      </trkpt>
      <trkpt lat="54.8829372" lon="25.6892741">
        <ele>143.1</ele>
        <time>2024-12-07T12:24:46Z</time>
        <hdop>3.8</hdop>
        <extensions>
          <osmand:speed>19.1</osmand:speed>
        </extensions>
      </trkpt>
      <trkpt lat="54.8820014" lon="25.6899428">
        <ele>142.1</ele>
        <time>2024-12-07T12:24:52Z</time>
        <hdop>3.8</hdop>
        <extensions>
          <osmand:speed>19.7</osmand:speed>
        </extensions>
      </trkpt>
      <trkpt lat="54.8810734" lon="25.6906302">
        <ele>139.4</ele>
        <time>2024-12-07T12:24:58Z</time>
        <hdop>3.8</hdop>
        <extensions>
          <osmand:speed>18.8</osmand:speed>
        </extensions>
      </trkpt>
      <trkpt lat="54.8801495" lon="25.6913915">
        <ele>141.4</ele>
        <time>2024-12-07T12:25:04Z</time>
        <hdop>3.8</hdop>
        <extensions>
          <osmand:speed>17.1</osmand:speed>
        </extensions>
      </trkpt>
      <trkpt lat="54.8794213" lon="25.6917168">
        <ele>143</ele>
        <time>2024-12-07T12:25:10Z</time>
        <hdop>3.8</hdop>
        <extensions>
          <osmand:speed>13.7</osmand:speed>
        </extensions>
      </trkpt>
      <trkpt lat="54.878626" lon="25.6918041">
        <ele>144.1</ele>
        <time>2024-12-07T12:25:16Z</time>
        <hdop>3.8</hdop>
        <extensions>
          <osmand:speed>14.4</osmand:speed>
        </extensions>
      </trkpt>
      <trkpt lat="54.8778317" lon="25.6924651">
        <ele>144</ele>
        <time>2024-12-07T12:25:22Z</time>
        <hdop>3.8</hdop>
        <extensions>
          <osmand:speed>17.9</osmand:speed>
        </extensions>
      </trkpt>
      <trkpt lat="54.8769763" lon="25.6932572">
        <ele>144.1</ele>
        <time>2024-12-07T12:25:28Z</time>
        <hdop>3.8</hdop>
        <extensions>
          <osmand:speed>18.1</osmand:speed>
        </extensions>
      </trkpt>
      <trkpt lat="54.8761291" lon="25.6940889">
        <ele>143.8</ele>
        <time>2024-12-07T12:25:34Z</time>
        <hdop>3.8</hdop>
        <extensions>
          <osmand:speed>17.9</osmand:speed>
        </extensions>
      </trkpt>
      <trkpt lat="54.8752773" lon="25.6947883">
        <ele>144</ele>
        <time>2024-12-07T12:25:40Z</time>
        <hdop>3.8</hdop>
        <extensions>
          <osmand:speed>15.8</osmand:speed>
        </extensions>
      </trkpt>
      <trkpt lat="54.8744774" lon="25.6951958">
        <ele>144.7</ele>
        <time>2024-12-07T12:25:46Z</time>
        <hdop>3.8</hdop>
        <extensions>
          <osmand:speed>16.4</osmand:speed>
        </extensions>
      </trkpt>
      <trkpt lat="54.8736583" lon="25.6956216">
        <ele>144.8</ele>
        <time>2024-12-07T12:25:52Z</time>
        <hdop>3.8</hdop>
        <extensions>
          <osmand:speed>14.3</osmand:speed>
        </extensions>
      </trkpt>
      <trkpt lat="54.8730674" lon="25.695967">
        <ele>144.4</ele>
        <time>2024-12-07T12:25:58Z</time>
        <hdop>3.8</hdop>
        <extensions>
          <osmand:speed>9.1</osmand:speed>
        </extensions>
      </trkpt>
      <trkpt lat="54.8728219" lon="25.6960655">
        <ele>144.7</ele>
        <time>2024-12-07T12:26:04Z</time>
        <hdop>3.8</hdop>
        <extensions>
          <osmand:speed>0.6</osmand:speed>
        </extensions>
      </trkpt>
      <trkpt lat="54.8728256" lon="25.6960652">
        <ele>144.2</ele>
        <time>2024-12-07T12:26:10Z</time>
        <hdop>3.8</hdop>
      </trkpt>
      <trkpt lat="54.8728296" lon="25.6960689">
        <ele>143.6</ele>
        <time>2024-12-07T12:26:16Z</time>
        <hdop>3.8</hdop>
      </trkpt>
      <trkpt lat="54.8728307" lon="25.6960676">
        <ele>143.4</ele>
        <time>2024-12-07T12:26:22Z</time>
        <hdop>3.8</hdop>
      </trkpt>
      <trkpt lat="54.8728305" lon="25.6960675">
        <ele>143.4</ele>
        <time>2024-12-07T12:26:28Z</time>
        <hdop>3.8</hdop>
      </trkpt>
      <trkpt lat="54.8728303" lon="25.6960672">
        <ele>143.4</ele>
        <time>2024-12-07T12:26:34Z</time>
        <hdop>3.8</hdop>
      </trkpt>
      <trkpt lat="54.8728301" lon="25.6960671">
        <ele>143.4</ele>
        <time>2024-12-07T12:26:40Z</time>
        <hdop>3.8</hdop>
      </trkpt>
      <trkpt lat="54.8728302" lon="25.696066">
        <ele>143.5</ele>
        <time>2024-12-07T12:26:46Z</time>
        <hdop>3.8</hdop>
      </trkpt>
      <trkpt lat="54.8728308" lon="25.696064">
        <ele>143.6</ele>
        <time>2024-12-07T12:26:52Z</time>
        <hdop>3.8</hdop>
      </trkpt>
      <trkpt lat="54.872831" lon="25.6960629">
        <ele>143.6</ele>
        <time>2024-12-07T12:26:58Z</time>
        <hdop>3.8</hdop>
      </trkpt>
      <trkpt lat="54.8728311" lon="25.6960622">
        <ele>143.7</ele>
        <time>2024-12-07T12:27:04Z</time>
        <hdop>3.8</hdop>
      </trkpt>
      <trkpt lat="54.8728312" lon="25.6960617">
        <ele>143.7</ele>
        <time>2024-12-07T12:27:10Z</time>
        <hdop>3.8</hdop>
      </trkpt>
      <trkpt lat="54.8728312" lon="25.6960617">
        <ele>143.7</ele>
        <time>2024-12-07T12:27:16Z</time>
        <hdop>3.8</hdop>
      </trkpt>
      <trkpt lat="54.8728313" lon="25.6960614">
        <ele>143.7</ele>
        <time>2024-12-07T12:27:22Z</time>
        <hdop>3.8</hdop>
      </trkpt>
      <trkpt lat="54.8728313" lon="25.696061">
        <ele>143.8</ele>
        <time>2024-12-07T12:27:28Z</time>
        <hdop>3.8</hdop>
      </trkpt>
      <trkpt lat="54.8728313" lon="25.6960608">
        <ele>143.8</ele>
        <time>2024-12-07T12:27:34Z</time>
        <hdop>3.8</hdop>
      </trkpt>
      <trkpt lat="54.8725844" lon="25.6960956">
        <ele>143.5</ele>
        <time>2024-12-07T12:27:40Z</time>
        <hdop>3.8</hdop>
        <extensions>
          <osmand:speed>10.1</osmand:speed>
        </extensions>
      </trkpt>
      <trkpt lat="54.8719857" lon="25.696349">
        <ele>143.8</ele>
        <time>2024-12-07T12:27:46Z</time>
        <hdop>3.8</hdop>
        <extensions>
          <osmand:speed>12.6</osmand:speed>
        </extensions>
      </trkpt>
      <trkpt lat="54.8713202" lon="25.6966323">
        <ele>144.1</ele>
        <time>2024-12-07T12:27:52Z</time>
        <hdop>3.8</hdop>
        <extensions>
          <osmand:speed>13.5</osmand:speed>
        </extensions>
      </trkpt>
      <trkpt lat="54.8705887" lon="25.6972047">
        <ele>143.2</ele>
        <time>2024-12-07T12:27:58Z</time>
        <hdop>3.8</hdop>
        <extensions>
          <osmand:speed>16.3</osmand:speed>
        </extensions>
      </trkpt>
      <trkpt lat="54.8698145" lon="25.6978271">
        <ele>143.7</ele>
        <time>2024-12-07T12:28:04Z</time>
        <hdop>3.8</hdop>
        <extensions>
          <osmand:speed>14.3</osmand:speed>
        </extensions>
      </trkpt>
      <trkpt lat="54.869283" lon="25.6982726">
        <ele>143.8</ele>
        <time>2024-12-07T12:28:10Z</time>
        <hdop>3.8</hdop>
        <extensions>
          <osmand:speed>8.5</osmand:speed>
        </extensions>
      </trkpt>
      <trkpt lat="54.8688195" lon="25.6987364">
        <ele>144.5</ele>
        <time>2024-12-07T12:28:16Z</time>
        <hdop>3.8</hdop>
        <extensions>
          <osmand:speed>12.1</osmand:speed>
        </extensions>
      </trkpt>
      <trkpt lat="54.8681753" lon="25.6991634">
        <ele>144.4</ele>
        <time>2024-12-07T12:28:22Z</time>
        <hdop>3.8</hdop>
        <extensions>
          <osmand:speed>13.8</osmand:speed>
        </extensions>
      </trkpt>
      <trkpt lat="54.8673939" lon="25.6994601">
        <ele>144.6</ele>
        <time>2024-12-07T12:28:28Z</time>
        <hdop>3.8</hdop>
        <extensions>
          <osmand:speed>15.2</osmand:speed>
        </extensions>
      </trkpt>
      <trkpt lat="54.8666101" lon="25.6996708">
        <ele>145.1</ele>
        <time>2024-12-07T12:28:34Z</time>
        <hdop>3.8</hdop>
        <extensions>
          <osmand:speed>13.1</osmand:speed>
        </extensions>
      </trkpt>
      <trkpt lat="54.8660763" lon="25.6998046">
        <ele>144.7</ele>
        <time>2024-12-07T12:28:40Z</time>
        <hdop>3.8</hdop>
        <extensions>
          <osmand:speed>7.5</osmand:speed>
        </extensions>
      </trkpt>
      <trkpt lat="54.865966" lon="25.6989064">
        <ele>144.9</ele>
        <time>2024-12-07T12:28:46Z</time>
        <hdop>3.8</hdop>
        <extensions>
          <osmand:speed>12.4</osmand:speed>
        </extensions>
      </trkpt>
      <trkpt lat="54.8657288" lon="25.6976855">
        <ele>146.2</ele>
        <time>2024-12-07T12:28:52Z</time>
        <hdop>3.8</hdop>
        <extensions>
          <osmand:speed>17</osmand:speed>
        </extensions>
      </trkpt>
      <trkpt lat="54.8650771" lon="25.6962704">
        <ele>148.2</ele>
        <time>2024-12-07T12:28:58Z</time>
        <hdop>3.8</hdop>
        <extensions>
          <osmand:speed>20.2</osmand:speed>
        </extensions>
      </trkpt>
      <trkpt lat="54.8644516" lon="25.6948212">
        <ele>148.4</ele>
        <time>2024-12-07T12:29:04Z</time>
        <hdop>3.8</hdop>
        <extensions>
          <osmand:speed>17.6</osmand:speed>
        </extensions>
      </trkpt>
      <trkpt lat="54.8638048" lon="25.6943837">
        <ele>148.3</ele>
        <time>2024-12-07T12:29:10Z</time>
        <hdop>3.8</hdop>
        <extensions>
          <osmand:speed>11.4</osmand:speed>
        </extensions>
      </trkpt>
      <trkpt lat="54.863166" lon="25.6945893">
        <ele>148.2</ele>
        <time>2024-12-07T12:29:16Z</time>
        <hdop>3.8</hdop>
        <extensions>
          <osmand:speed>12.5</osmand:speed>
        </extensions>
      </trkpt>
      <trkpt lat="54.8625618" lon="25.6945517">
        <ele>148.4</ele>
        <time>2024-12-07T12:29:22Z</time>
        <hdop>3.8</hdop>
        <extensions>
          <osmand:speed>7.9</osmand:speed>
        </extensions>
      </trkpt>
      <trkpt lat="54.8623948" lon="25.6945295">
        <ele>150.7</ele>
        <time>2024-12-07T12:29:28Z</time>
        <hdop>3.8</hdop>
        <extensions>
          <osmand:speed>2.7</osmand:speed>
        </extensions>
      </trkpt>
      <trkpt lat="54.8622464" lon="25.6950289">
        <ele>150.9</ele>
        <time>2024-12-07T12:29:34Z</time>
        <hdop>3.8</hdop>
        <extensions>
          <osmand:speed>10.2</osmand:speed>
        </extensions>
      </trkpt>
      <trkpt lat="54.8620222" lon="25.696207">
        <ele>151.2</ele>
        <time>2024-12-07T12:29:40Z</time>
        <hdop>3.8</hdop>
        <extensions>
          <osmand:speed>15.4</osmand:speed>
        </extensions>
      </trkpt>
      <trkpt lat="54.8616794" lon="25.6976189">
        <ele>151.5</ele>
        <time>2024-12-07T12:29:46Z</time>
        <hdop>3.8</hdop>
        <extensions>
          <osmand:speed>16.8</osmand:speed>
        </extensions>
      </trkpt>
      <trkpt lat="54.8613137" lon="25.6990659">
        <ele>150.4</ele>
        <time>2024-12-07T12:29:52Z</time>
        <hdop>3.8</hdop>
        <extensions>
          <osmand:speed>16.8</osmand:speed>
        </extensions>
      </trkpt>
      <trkpt lat="54.8609836" lon="25.7003005">
        <ele>149.2</ele>
        <time>2024-12-07T12:29:58Z</time>
        <hdop>3.8</hdop>
        <extensions>
          <osmand:speed>12.4</osmand:speed>
        </extensions>
      </trkpt>
      <trkpt lat="54.861027" lon="25.7010026">
        <ele>148.8</ele>
        <time>2024-12-07T12:30:04Z</time>
        <hdop>3.8</hdop>
        <extensions>
          <osmand:speed>8.6</osmand:speed>
        </extensions>
      </trkpt>
      <trkpt lat="54.8615835" lon="25.7015906">
        <ele>147.2</ele>
        <time>2024-12-07T12:30:10Z</time>
        <hdop>3.8</hdop>
        <extensions>
          <osmand:speed>15.1</osmand:speed>
        </extensions>
      </trkpt>
      <trkpt lat="54.8622175" lon="25.7025441">
        <ele>144.8</ele>
        <time>2024-12-07T12:30:16Z</time>
        <hdop>3.8</hdop>
        <extensions>
          <osmand:speed>15.9</osmand:speed>
        </extensions>
      </trkpt>
      <trkpt lat="54.8627002" lon="25.7035719">
        <ele>143.1</ele>
        <time>2024-12-07T12:30:22Z</time>
        <hdop>3.8</hdop>
        <extensions>
          <osmand:speed>12.2</osmand:speed>
        </extensions>
      </trkpt>
      <trkpt lat="54.8631632" lon="25.7045818">
        <ele>141.6</ele>
        <time>2024-12-07T12:30:28Z</time>
        <hdop>3.8</hdop>
        <extensions>
          <osmand:speed>15.6</osmand:speed>
        </extensions>
      </trkpt>
      <trkpt lat="54.8637028" lon="25.7057678">
        <ele>140.4</ele>
        <time>2024-12-07T12:30:34Z</time>
        <hdop>3.8</hdop>
        <extensions>
          <osmand:speed>15.2</osmand:speed>
        </extensions>
      </trkpt>
      <trkpt lat="54.8642222" lon="25.7069143">
        <ele>141.4</ele>
        <time>2024-12-07T12:30:40Z</time>
        <hdop>3.8</hdop>
        <extensions>
          <osmand:speed>15.6</osmand:speed>
        </extensions>
      </trkpt>
      <trkpt lat="54.8646545" lon="25.7077601">
        <ele>142.5</ele>
        <time>2024-12-07T12:30:46Z</time>
        <hdop>3.8</hdop>
        <extensions>
          <osmand:speed>7.1</osmand:speed>
        </extensions>
      </trkpt>
      <trkpt lat="54.8651274" lon="25.7075756">
        <ele>143.5</ele>
        <time>2024-12-07T12:30:52Z</time>
        <hdop>3.8</hdop>
        <extensions>
          <osmand:speed>8.6</osmand:speed>
        </extensions>
      </trkpt>
      <trkpt lat="54.8656867" lon="25.7072351">
        <ele>144.9</ele>
        <time>2024-12-07T12:30:58Z</time>
        <hdop>3.8</hdop>
        <extensions>
          <osmand:speed>8.1</osmand:speed>
        </extensions>
      </trkpt>
      <trkpt lat="54.8663115" lon="25.7068986">
        <ele>144.8</ele>
        <time>2024-12-07T12:31:04Z</time>
        <hdop>5.2</hdop>
        <extensions>
          <osmand:speed>12.9</osmand:speed>
        </extensions>
      </trkpt>
      <trkpt lat="54.8669368" lon="25.7066012">
        <ele>143.8</ele>
        <time>2024-12-07T12:31:10Z</time>
        <hdop>4.4</hdop>
        <extensions>
          <osmand:speed>13.2</osmand:speed>
        </extensions>
      </trkpt>
      <trkpt lat="54.8676024" lon="25.7062987">
        <ele>143.6</ele>
        <time>2024-12-07T12:31:16Z</time>
        <hdop>3.8</hdop>
        <extensions>
          <osmand:speed>11</osmand:speed>
        </extensions>
      </trkpt>
      <trkpt lat="54.8681883" lon="25.7059553">
        <ele>142.8</ele>
        <time>2024-12-07T12:31:22Z</time>
        <hdop>3.8</hdop>
        <extensions>
          <osmand:speed>13.9</osmand:speed>
        </extensions>
      </trkpt>
      <trkpt lat="54.8689607" lon="25.7057676">
        <ele>140.4</ele>
        <time>2024-12-07T12:31:28Z</time>
        <hdop>3.8</hdop>
        <extensions>
          <osmand:speed>14.6</osmand:speed>
        </extensions>
      </trkpt>
      <trkpt lat="54.8695976" lon="25.7061747">
        <ele>142.4</ele>
        <time>2024-12-07T12:31:34Z</time>
        <hdop>3.8</hdop>
        <extensions>
          <osmand:speed>14.1</osmand:speed>
        </extensions>
      </trkpt>
      <trkpt lat="54.8703295" lon="25.706812">
        <ele>143.2</ele>
        <time>2024-12-07T12:31:40Z</time>
        <hdop>3.8</hdop>
        <extensions>
          <osmand:speed>16</osmand:speed>
        </extensions>
      </trkpt>
      <trkpt lat="54.8710894" lon="25.7073155">
        <ele>144.5</ele>
        <time>2024-12-07T12:31:46Z</time>
        <hdop>3.8</hdop>
        <extensions>
          <osmand:speed>14.9</osmand:speed>
        </extensions>
      </trkpt>
      <trkpt lat="54.8716265" lon="25.708247">
        <ele>148.6</ele>
        <time>2024-12-07T12:31:52Z</time>
        <hdop>3.8</hdop>
        <extensions>
          <osmand:speed>13.9</osmand:speed>
        </extensions>
      </trkpt>
      <trkpt lat="54.8719748" lon="25.7093553">
        <ele>153.9</ele>
        <time>2024-12-07T12:31:58Z</time>
        <hdop>3.8</hdop>
        <extensions>
          <osmand:speed>13.8</osmand:speed>
        </extensions>
      </trkpt>
      <trkpt lat="54.8724347" lon="25.7103171">
        <ele>160.4</ele>
        <time>2024-12-07T12:32:04Z</time>
        <hdop>3.8</hdop>
        <extensions>
          <osmand:speed>13</osmand:speed>
        </extensions>
      </trkpt>
      <trkpt lat="54.8728634" lon="25.7112557">
        <ele>161.1</ele>
        <time>2024-12-07T12:32:10Z</time>
        <hdop>3.8</hdop>
        <extensions>
          <osmand:speed>13.4</osmand:speed>
        </extensions>
      </trkpt>
      <trkpt lat="54.873337" lon="25.7120801">
        <ele>161.6</ele>
        <time>2024-12-07T12:32:16Z</time>
        <hdop>3.8</hdop>
        <extensions>
          <osmand:speed>10.4</osmand:speed>
        </extensions>
      </trkpt>
      <trkpt lat="54.8735339" lon="25.7129491">
        <ele>163.3</ele>
        <time>2024-12-07T12:32:22Z</time>
        <hdop>3.8</hdop>
        <extensions>
          <osmand:speed>10.4</osmand:speed>
        </extensions>
      </trkpt>
      <trkpt lat="54.8738267" lon="25.7137838">
        <ele>167.2</ele>
        <time>2024-12-07T12:32:28Z</time>
        <hdop>3.8</hdop>
        <extensions>
          <osmand:speed>10.7</osmand:speed>
        </extensions>
      </trkpt>
      <trkpt lat="54.8741198" lon="25.714702">
        <ele>167.6</ele>
        <time>2024-12-07T12:32:34Z</time>
        <hdop>3.8</hdop>
        <extensions>
          <osmand:speed>11.4</osmand:speed>
        </extensions>
      </trkpt>
      <trkpt lat="54.8744063" lon="25.7156452">
        <ele>167.3</ele>
        <time>2024-12-07T12:32:40Z</time>
        <hdop>3.8</hdop>
        <extensions>
          <osmand:speed>11.7</osmand:speed>
        </extensions>
      </trkpt>
      <trkpt lat="54.8746858" lon="25.7166369">
        <ele>167.3</ele>
        <time>2024-12-07T12:32:46Z</time>
        <hdop>3.8</hdop>
        <extensions>
          <osmand:speed>11.8</osmand:speed>
        </extensions>
      </trkpt>
      <trkpt lat="54.8749752" lon="25.71764">
        <ele>167.1</ele>
        <time>2024-12-07T12:32:52Z</time>
        <hdop>3.8</hdop>
        <extensions>
          <osmand:speed>12</osmand:speed>
        </extensions>
      </trkpt>
      <trkpt lat="54.8752611" lon="25.7186263">
        <ele>168.5</ele>
        <time>2024-12-07T12:32:58Z</time>
        <hdop>3.8</hdop>
        <extensions>
          <osmand:speed>11.5</osmand:speed>
        </extensions>
      </trkpt>
      <trkpt lat="54.8755462" lon="25.7196037">
        <ele>169.7</ele>
        <time>2024-12-07T12:33:04Z</time>
        <hdop>3.8</hdop>
        <extensions>
          <osmand:speed>12.7</osmand:speed>
        </extensions>
      </trkpt>
      <trkpt lat="54.8758464" lon="25.7207193">
        <ele>168.4</ele>
        <time>2024-12-07T12:33:10Z</time>
        <hdop>3.8</hdop>
        <extensions>
          <osmand:speed>14.1</osmand:speed>
        </extensions>
      </trkpt>
      <trkpt lat="54.8762039" lon="25.7219466">
        <ele>167.7</ele>
        <time>2024-12-07T12:33:16Z</time>
        <hdop>3.8</hdop>
        <extensions>
          <osmand:speed>15.2</osmand:speed>
        </extensions>
      </trkpt>
      <trkpt lat="54.8765986" lon="25.7231862">
        <ele>168.6</ele>
        <time>2024-12-07T12:33:22Z</time>
        <hdop>3.8</hdop>
        <extensions>
          <osmand:speed>14.7</osmand:speed>
        </extensions>
      </trkpt>
      <trkpt lat="54.8769773" lon="25.7243833">
        <ele>169.5</ele>
        <time>2024-12-07T12:33:28Z</time>
        <hdop>3.8</hdop>
        <extensions>
          <osmand:speed>14.6</osmand:speed>
        </extensions>
      </trkpt>
      <trkpt lat="54.877329" lon="25.7255778">
        <ele>169.4</ele>
        <time>2024-12-07T12:33:34Z</time>
        <hdop>3.8</hdop>
        <extensions>
          <osmand:speed>13.2</osmand:speed>
        </extensions>
      </trkpt>
      <trkpt lat="54.877606" lon="25.7262802">
        <ele>168.7</ele>
        <time>2024-12-07T12:33:40Z</time>
        <hdop>3.8</hdop>
        <extensions>
          <osmand:speed>4.4</osmand:speed>
        </extensions>
      </trkpt>
      <trkpt lat="54.8778905" lon="25.7258643">
        <ele>169.8</ele>
        <time>2024-12-07T12:33:46Z</time>
        <hdop>3.8</hdop>
        <extensions>
          <osmand:speed>10.3</osmand:speed>
        </extensions>
      </trkpt>
      <trkpt lat="54.8783828" lon="25.7251273">
        <ele>170.3</ele>
        <time>2024-12-07T12:33:52Z</time>
        <hdop>3.8</hdop>
        <extensions>
          <osmand:speed>13.7</osmand:speed>
        </extensions>
      </trkpt>
      <trkpt lat="54.8789866" lon="25.7241308">
        <ele>170.5</ele>
        <time>2024-12-07T12:33:58Z</time>
        <hdop>3.8</hdop>
        <extensions>
          <osmand:speed>17.3</osmand:speed>
        </extensions>
      </trkpt>
      <trkpt lat="54.8797012" lon="25.7229717">
        <ele>169.8</ele>
        <time>2024-12-07T12:34:04Z</time>
        <hdop>3.8</hdop>
        <extensions>
          <osmand:speed>18.8</osmand:speed>
        </extensions>
      </trkpt>
      <trkpt lat="54.8804943" lon="25.7218543">
        <ele>170.1</ele>
        <time>2024-12-07T12:34:10Z</time>
        <hdop>3.8</hdop>
        <extensions>
          <osmand:speed>20.1</osmand:speed>
        </extensions>
      </trkpt>
      <trkpt lat="54.8814614" lon="25.720786">
        <ele>170.1</ele>
        <time>2024-12-07T12:34:16Z</time>
        <hdop>3.8</hdop>
        <extensions>
          <osmand:speed>21.9</osmand:speed>
        </extensions>
      </trkpt>
      <trkpt lat="54.8824685" lon="25.7196949">
        <ele>170.7</ele>
        <time>2024-12-07T12:34:22Z</time>
        <hdop>3.8</hdop>
        <extensions>
          <osmand:speed>22.1</osmand:speed>
        </extensions>
      </trkpt>
      <trkpt lat="54.8834826" lon="25.7185774">
        <ele>170.9</ele>
        <time>2024-12-07T12:34:28Z</time>
        <hdop>3.8</hdop>
        <extensions>
          <osmand:speed>22.2</osmand:speed>
        </extensions>
      </trkpt>
      <trkpt lat="54.8844458" lon="25.7175096">
        <ele>170.8</ele>
        <time>2024-12-07T12:34:34Z</time>
        <hdop>3.8</hdop>
        <extensions>
          <osmand:speed>20.8</osmand:speed>
        </extensions>
      </trkpt>
      <trkpt lat="54.8854417" lon="25.7166249">
        <ele>169.5</ele>
        <time>2024-12-07T12:34:40Z</time>
        <hdop>3.8</hdop>
        <extensions>
          <osmand:speed>20.5</osmand:speed>
        </extensions>
      </trkpt>
      <trkpt lat="54.8863958" lon="25.7158826">
        <ele>169.8</ele>
        <time>2024-12-07T12:34:46Z</time>
        <hdop>3.8</hdop>
        <extensions>
          <osmand:speed>17.7</osmand:speed>
        </extensions>
      </trkpt>
      <trkpt lat="54.8870721" lon="25.7153442">
        <ele>169.4</ele>
        <time>2024-12-07T12:34:52Z</time>
        <hdop>3.8</hdop>
        <extensions>
          <osmand:speed>7.5</osmand:speed>
        </extensions>
      </trkpt>
      <trkpt lat="54.8871547" lon="25.715288">
        <ele>168.9</ele>
        <time>2024-12-07T12:34:58Z</time>
        <hdop>3.8</hdop>
      </trkpt>
      <trkpt lat="54.8871533" lon="25.7152835">
        <ele>168.4</ele>
        <time>2024-12-07T12:35:04Z</time>
        <hdop>3.8</hdop>
      </trkpt>
      <trkpt lat="54.8871543" lon="25.7152819">
        <ele>168.4</ele>
        <time>2024-12-07T12:35:10Z</time>
        <hdop>3.8</hdop>
      </trkpt>
      <trkpt lat="54.8871543" lon="25.7152818">
        <ele>168.4</ele>
        <time>2024-12-07T12:35:16Z</time>
        <hdop>3.8</hdop>
      </trkpt>
      <trkpt lat="54.8871543" lon="25.7152817">
        <ele>168.4</ele>
        <time>2024-12-07T12:35:22Z</time>
        <hdop>3.8</hdop>
      </trkpt>
      <trkpt lat="54.8871542" lon="25.7152817">
        <ele>168.4</ele>
        <time>2024-12-07T12:35:28Z</time>
        <hdop>3.8</hdop>
      </trkpt>
      <trkpt lat="54.8871541" lon="25.7152817">
        <ele>168.4</ele>
        <time>2024-12-07T12:35:34Z</time>
        <hdop>3.8</hdop>
      </trkpt>
      <trkpt lat="54.887154" lon="25.7152817">
        <ele>168.4</ele>
        <time>2024-12-07T12:35:40Z</time>
        <hdop>3.8</hdop>
      </trkpt>
      <trkpt lat="54.8871517" lon="25.7152754">
        <ele>168.6</ele>
        <time>2024-12-07T12:35:46Z</time>
        <hdop>3.8</hdop>
      </trkpt>
      <trkpt lat="54.8871424" lon="25.7152753">
        <ele>169.1</ele>
        <time>2024-12-07T12:35:52Z</time>
        <hdop>3.8</hdop>
      </trkpt>
      <trkpt lat="54.887143" lon="25.7152746">
        <ele>169.1</ele>
        <time>2024-12-07T12:35:58Z</time>
        <hdop>3.8</hdop>
      </trkpt>
      <trkpt lat="54.887143" lon="25.7152746">
        <ele>169.1</ele>
        <time>2024-12-07T12:36:04Z</time>
        <hdop>3.8</hdop>
      </trkpt>
      <trkpt lat="54.8871431" lon="25.7152744">
        <ele>169.1</ele>
        <time>2024-12-07T12:36:10Z</time>
        <hdop>3.8</hdop>
      </trkpt>
      <trkpt lat="54.8871468" lon="25.7152546">
        <ele>169.5</ele>
        <time>2024-12-07T12:36:16Z</time>
        <hdop>3.8</hdop>
        <extensions>
          <osmand:speed>0.4</osmand:speed>
        </extensions>
      </trkpt>
      <trkpt lat="54.8871492" lon="25.7152402">
        <ele>168.9</ele>
        <time>2024-12-07T12:36:22Z</time>
        <hdop>3.8</hdop>
      </trkpt>
      <trkpt lat="54.8871524" lon="25.7152428">
        <ele>169.5</ele>
        <time>2024-12-07T12:36:28Z</time>
        <hdop>3.8</hdop>
      </trkpt>
      <trkpt lat="54.8871516" lon="25.7152476">
        <ele>170.4</ele>
        <time>2024-12-07T12:36:34Z</time>
        <hdop>3.8</hdop>
      </trkpt>
      <trkpt lat="54.8871524" lon="25.7152457">
        <ele>170.4</ele>
        <time>2024-12-07T12:36:40Z</time>
        <hdop>3.8</hdop>
      </trkpt>
      <trkpt lat="54.8871518" lon="25.7152549">
        <ele>170.8</ele>
        <time>2024-12-07T12:36:46Z</time>
        <hdop>3.8</hdop>
        <extensions>
          <osmand:speed>0.2</osmand:speed>
        </extensions>
      </trkpt>
      <trkpt lat="54.8871518" lon="25.7152549">
        <ele>170.8</ele>
        <time>2024-12-07T12:39:12Z</time>
        <hdop>3.8</hdop>
      </trkpt>
      <trkpt lat="54.8871518" lon="25.7152549">
        <ele>170.8</ele>
        <time>2024-12-07T12:39:18Z</time>
        <hdop>3.8</hdop>
      </trkpt>
      <trkpt lat="54.8871685" lon="25.7152624">
        <ele>179.4</ele>
        <time>2024-12-07T12:39:24Z</time>
        <hdop>4</hdop>
        <extensions>
          <osmand:speed>0.3</osmand:speed>
        </extensions>
      </trkpt>
      <trkpt lat="54.8871524" lon="25.7152862">
        <ele>170.4</ele>
        <time>2024-12-07T12:39:30Z</time>
        <hdop>3.8</hdop>
      </trkpt>
      <trkpt lat="54.8871556" lon="25.7152895">
        <ele>169.8</ele>
        <time>2024-12-07T12:39:36Z</time>
        <hdop>3.8</hdop>
      </trkpt>
      <trkpt lat="54.8871548" lon="25.7152898">
        <ele>169.8</ele>
        <time>2024-12-07T12:39:42Z</time>
        <hdop>3.8</hdop>
      </trkpt>
      <trkpt lat="54.8871547" lon="25.7152899">
        <ele>169.8</ele>
        <time>2024-12-07T12:39:48Z</time>
        <hdop>3.8</hdop>
      </trkpt>
      <trkpt lat="54.8871547" lon="25.71529">
        <ele>169.8</ele>
        <time>2024-12-07T12:39:54Z</time>
        <hdop>3.8</hdop>
      </trkpt>
      <trkpt lat="54.8871547" lon="25.7152899">
        <ele>169.8</ele>
        <time>2024-12-07T12:40:00Z</time>
        <hdop>3.8</hdop>
      </trkpt>
      <trkpt lat="54.8871546" lon="25.71529">
        <ele>169.8</ele>
        <time>2024-12-07T12:40:06Z</time>
        <hdop>3.8</hdop>
      </trkpt>
      <trkpt lat="54.8871546" lon="25.7152898">
        <ele>169.9</ele>
        <time>2024-12-07T12:40:12Z</time>
        <hdop>3.8</hdop>
      </trkpt>
      <trkpt lat="54.8871546" lon="25.71529">
        <ele>169.9</ele>
        <time>2024-12-07T12:40:18Z</time>
        <hdop>3.8</hdop>
      </trkpt>
      <trkpt lat="54.8871546" lon="25.71529">
        <ele>169.9</ele>
        <time>2024-12-07T12:40:24Z</time>
        <hdop>3.8</hdop>
      </trkpt>
      <trkpt lat="54.8871545" lon="25.7152897">
        <ele>169.9</ele>
        <time>2024-12-07T12:40:30Z</time>
        <hdop>3.8</hdop>
      </trkpt>
      <trkpt lat="54.8871545" lon="25.7152893">
        <ele>169.9</ele>
        <time>2024-12-07T12:40:36Z</time>
        <hdop>3.8</hdop>
      </trkpt>
      <trkpt lat="54.8871545" lon="25.7152892">
        <ele>169.9</ele>
        <time>2024-12-07T12:40:42Z</time>
        <hdop>3.8</hdop>
      </trkpt>
      <trkpt lat="54.8871545" lon="25.7152893">
        <ele>170</ele>
        <time>2024-12-07T12:40:48Z</time>
        <hdop>3.8</hdop>
      </trkpt>
      <trkpt lat="54.8871545" lon="25.7152892">
        <ele>170</ele>
        <time>2024-12-07T12:40:54Z</time>
        <hdop>3.8</hdop>
      </trkpt>
      <trkpt lat="54.8871544" lon="25.7152892">
        <ele>170</ele>
        <time>2024-12-07T12:41:00Z</time>
        <hdop>3.8</hdop>
      </trkpt>
      <trkpt lat="54.8871585" lon="25.7152859">
        <ele>170.1</ele>
        <time>2024-12-07T12:41:06Z</time>
        <hdop>3.8</hdop>
      </trkpt>
      <trkpt lat="54.8871594" lon="25.7152878">
        <ele>169.9</ele>
        <time>2024-12-07T12:41:12Z</time>
        <hdop>3.8</hdop>
      </trkpt>
      <trkpt lat="54.8872126" lon="25.7152379">
        <ele>169.8</ele>
        <time>2024-12-07T12:41:18Z</time>
        <hdop>3.8</hdop>
        <extensions>
          <osmand:speed>5.4</osmand:speed>
        </extensions>
      </trkpt>
      <trkpt lat="54.8877369" lon="25.7158102">
        <ele>170.3</ele>
        <time>2024-12-07T12:41:24Z</time>
        <hdop>3.8</hdop>
        <extensions>
          <osmand:speed>14.4</osmand:speed>
        </extensions>
      </trkpt>
      <trkpt lat="54.8884026" lon="25.7161966">
        <ele>170.1</ele>
        <time>2024-12-07T12:41:30Z</time>
        <hdop>3.8</hdop>
        <extensions>
          <osmand:speed>12.9</osmand:speed>
        </extensions>
      </trkpt>
      <trkpt lat="54.8889434" lon="25.7169222">
        <ele>169.5</ele>
        <time>2024-12-07T12:41:36Z</time>
        <hdop>3.8</hdop>
        <extensions>
          <osmand:speed>14.6</osmand:speed>
        </extensions>
      </trkpt>
      <trkpt lat="54.8894151" lon="25.718116">
        <ele>169.8</ele>
        <time>2024-12-07T12:41:42Z</time>
        <hdop>3.8</hdop>
        <extensions>
          <osmand:speed>16.1</osmand:speed>
        </extensions>
      </trkpt>
      <trkpt lat="54.8899431" lon="25.719409">
        <ele>169</ele>
        <time>2024-12-07T12:41:48Z</time>
        <hdop>3.8</hdop>
        <extensions>
          <osmand:speed>17.6</osmand:speed>
        </extensions>
      </trkpt>
      <trkpt lat="54.8905297" lon="25.7207518">
        <ele>168.9</ele>
        <time>2024-12-07T12:41:54Z</time>
        <hdop>3.8</hdop>
        <extensions>
          <osmand:speed>18</osmand:speed>
        </extensions>
      </trkpt>
      <trkpt lat="54.8912194" lon="25.721996">
        <ele>169.1</ele>
        <time>2024-12-07T12:42:00Z</time>
        <hdop>3.8</hdop>
        <extensions>
          <osmand:speed>19</osmand:speed>
        </extensions>
      </trkpt>
      <trkpt lat="54.8918008" lon="25.7231705">
        <ele>168.6</ele>
        <time>2024-12-07T12:42:06Z</time>
        <hdop>3.8</hdop>
        <extensions>
          <osmand:speed>13.9</osmand:speed>
        </extensions>
      </trkpt>
      <trkpt lat="54.8916684" lon="25.7244134">
        <ele>168.6</ele>
        <time>2024-12-07T12:42:12Z</time>
        <hdop>3.8</hdop>
        <extensions>
          <osmand:speed>15.6</osmand:speed>
        </extensions>
      </trkpt>
      <trkpt lat="54.891219" lon="25.7257165">
        <ele>168.3</ele>
        <time>2024-12-07T12:42:18Z</time>
        <hdop>3.8</hdop>
        <extensions>
          <osmand:speed>17</osmand:speed>
        </extensions>
      </trkpt>
      <trkpt lat="54.8909835" lon="25.7271016">
        <ele>168.6</ele>
        <time>2024-12-07T12:42:24Z</time>
        <hdop>3.8</hdop>
        <extensions>
          <osmand:speed>15.8</osmand:speed>
        </extensions>
      </trkpt>
      <trkpt lat="54.8913521" lon="25.7286056">
        <ele>168.9</ele>
        <time>2024-12-07T12:42:30Z</time>
        <hdop>3.8</hdop>
        <extensions>
          <osmand:speed>19.4</osmand:speed>
        </extensions>
      </trkpt>
      <trkpt lat="54.8914421" lon="25.7302082">
        <ele>166.7</ele>
        <time>2024-12-07T12:42:36Z</time>
        <hdop>3.8</hdop>
        <extensions>
          <osmand:speed>18.4</osmand:speed>
        </extensions>
      </trkpt>
      <trkpt lat="54.8910541" lon="25.7318134">
        <ele>166.6</ele>
        <time>2024-12-07T12:42:42Z</time>
        <hdop>3.8</hdop>
        <extensions>
          <osmand:speed>18.1</osmand:speed>
        </extensions>
      </trkpt>
      <trkpt lat="54.8904027" lon="25.7328882">
        <ele>158.8</ele>
        <time>2024-12-07T12:42:48Z</time>
        <hdop>3.8</hdop>
        <extensions>
          <osmand:speed>16.9</osmand:speed>
        </extensions>
      </trkpt>
      <trkpt lat="54.8898418" lon="25.7343038">
        <ele>155.5</ele>
        <time>2024-12-07T12:42:54Z</time>
        <hdop>3.8</hdop>
        <extensions>
          <osmand:speed>17.8</osmand:speed>
        </extensions>
      </trkpt>
      <trkpt lat="54.8894984" lon="25.7357557">
        <ele>160.8</ele>
        <time>2024-12-07T12:43:00Z</time>
        <hdop>3.8</hdop>
        <extensions>
          <osmand:speed>16.5</osmand:speed>
        </extensions>
      </trkpt>
      <trkpt lat="54.8891447" lon="25.7371553">
        <ele>164.6</ele>
        <time>2024-12-07T12:43:06Z</time>
        <hdop>3.8</hdop>
        <extensions>
          <osmand:speed>16.2</osmand:speed>
        </extensions>
      </trkpt>
      <trkpt lat="54.8889946" lon="25.7386603">
        <ele>163.3</ele>
        <time>2024-12-07T12:43:12Z</time>
        <hdop>3.8</hdop>
        <extensions>
          <osmand:speed>17.8</osmand:speed>
        </extensions>
      </trkpt>
      <trkpt lat="54.8889918" lon="25.7403514">
        <ele>158.1</ele>
        <time>2024-12-07T12:43:18Z</time>
        <hdop>3.8</hdop>
        <extensions>
          <osmand:speed>18.2</osmand:speed>
        </extensions>
      </trkpt>
      <trkpt lat="54.8886511" lon="25.7416932">
        <ele>158.8</ele>
        <time>2024-12-07T12:43:24Z</time>
        <hdop>3.8</hdop>
        <extensions>
          <osmand:speed>14.1</osmand:speed>
        </extensions>
      </trkpt>
      <trkpt lat="54.8888597" lon="25.7429394">
        <ele>163.7</ele>
        <time>2024-12-07T12:43:30Z</time>
        <hdop>3.8</hdop>
        <extensions>
          <osmand:speed>14.3</osmand:speed>
        </extensions>
      </trkpt>
      <trkpt lat="54.8893012" lon="25.7440224">
        <ele>166.5</ele>
        <time>2024-12-07T12:43:36Z</time>
        <hdop>3.8</hdop>
        <extensions>
          <osmand:speed>14</osmand:speed>
        </extensions>
      </trkpt>
      <trkpt lat="54.889554" lon="25.7452853">
        <ele>168.2</ele>
        <time>2024-12-07T12:43:42Z</time>
        <hdop>3.8</hdop>
        <extensions>
          <osmand:speed>14.7</osmand:speed>
        </extensions>
      </trkpt>
      <trkpt lat="54.8897076" lon="25.7465719">
        <ele>169.8</ele>
        <time>2024-12-07T12:43:48Z</time>
        <hdop>3.8</hdop>
        <extensions>
          <osmand:speed>13.4</osmand:speed>
        </extensions>
      </trkpt>
      <trkpt lat="54.8895362" lon="25.7476552">
        <ele>169.9</ele>
        <time>2024-12-07T12:43:54Z</time>
        <hdop>3.8</hdop>
        <extensions>
          <osmand:speed>12.7</osmand:speed>
        </extensions>
      </trkpt>
      <trkpt lat="54.8890605" lon="25.7484456">
        <ele>167.7</ele>
        <time>2024-12-07T12:44:00Z</time>
        <hdop>3.8</hdop>
        <extensions>
          <osmand:speed>12.8</osmand:speed>
        </extensions>
      </trkpt>
      <trkpt lat="54.8886751" lon="25.7492804">
        <ele>167.1</ele>
        <time>2024-12-07T12:44:06Z</time>
        <hdop>3.8</hdop>
        <extensions>
          <osmand:speed>8.8</osmand:speed>
        </extensions>
      </trkpt>
      <trkpt lat="54.8887076" lon="25.7501893">
        <ele>165.9</ele>
        <time>2024-12-07T12:44:12Z</time>
        <hdop>3.8</hdop>
        <extensions>
          <osmand:speed>12.6</osmand:speed>
        </extensions>
      </trkpt>
      <trkpt lat="54.8888458" lon="25.7514962">
        <ele>167.5</ele>
        <time>2024-12-07T12:44:18Z</time>
        <hdop>3.8</hdop>
        <extensions>
          <osmand:speed>15.5</osmand:speed>
        </extensions>
      </trkpt>
      <trkpt lat="54.8889846" lon="25.7529027">
        <ele>169.1</ele>
        <time>2024-12-07T12:44:24Z</time>
        <hdop>3.8</hdop>
        <extensions>
          <osmand:speed>14.6</osmand:speed>
        </extensions>
      </trkpt>
      <trkpt lat="54.8891001" lon="25.7540197">
        <ele>168.1</ele>
        <time>2024-12-07T12:44:30Z</time>
        <hdop>3.8</hdop>
        <extensions>
          <osmand:speed>8.6</osmand:speed>
        </extensions>
      </trkpt>
      <trkpt lat="54.8894973" lon="25.7541667">
        <ele>167.3</ele>
        <time>2024-12-07T12:44:36Z</time>
        <hdop>3.8</hdop>
        <extensions>
          <osmand:speed>11.4</osmand:speed>
        </extensions>
      </trkpt>
      <trkpt lat="54.8903502" lon="25.7541011">
        <ele>165.7</ele>
        <time>2024-12-07T12:44:42Z</time>
        <hdop>3.8</hdop>
        <extensions>
          <osmand:speed>18.3</osmand:speed>
        </extensions>
      </trkpt>
      <trkpt lat="54.8912787" lon="25.7539816">
        <ele>167.8</ele>
        <time>2024-12-07T12:44:48Z</time>
        <hdop>3.8</hdop>
        <extensions>
          <osmand:speed>14.2</osmand:speed>
        </extensions>
      </trkpt>
      <trkpt lat="54.892004" lon="25.7530429">
        <ele>166.9</ele>
        <time>2024-12-07T12:44:54Z</time>
        <hdop>3.8</hdop>
        <extensions>
          <osmand:speed>19.2</osmand:speed>
        </extensions>
      </trkpt>
      <trkpt lat="54.8928227" lon="25.7517633">
        <ele>164.8</ele>
        <time>2024-12-07T12:45:00Z</time>
        <hdop>3.8</hdop>
        <extensions>
          <osmand:speed>21.6</osmand:speed>
        </extensions>
      </trkpt>
      <trkpt lat="54.8936861" lon="25.750496">
        <ele>164.6</ele>
        <time>2024-12-07T12:45:06Z</time>
        <hdop>3.8</hdop>
        <extensions>
          <osmand:speed>20.5</osmand:speed>
        </extensions>
      </trkpt>
      <trkpt lat="54.8945016" lon="25.7492578">
        <ele>165.6</ele>
        <time>2024-12-07T12:45:12Z</time>
        <hdop>3.8</hdop>
        <extensions>
          <osmand:speed>20</osmand:speed>
        </extensions>
      </trkpt>
      <trkpt lat="54.8953022" lon="25.7480418">
        <ele>168.1</ele>
        <time>2024-12-07T12:45:18Z</time>
        <hdop>3.8</hdop>
        <extensions>
          <osmand:speed>19.7</osmand:speed>
        </extensions>
      </trkpt>
      <trkpt lat="54.8961281" lon="25.746773">
        <ele>167.3</ele>
        <time>2024-12-07T12:45:24Z</time>
        <hdop>3.8</hdop>
        <extensions>
          <osmand:speed>21.1</osmand:speed>
        </extensions>
      </trkpt>
      <trkpt lat="54.8969339" lon="25.7454425">
        <ele>168.2</ele>
        <time>2024-12-07T12:45:30Z</time>
        <hdop>3.8</hdop>
        <extensions>
          <osmand:speed>20.5</osmand:speed>
        </extensions>
      </trkpt>
      <trkpt lat="54.8976091" lon="25.7441566">
        <ele>164.1</ele>
        <time>2024-12-07T12:45:36Z</time>
        <hdop>3.8</hdop>
        <extensions>
          <osmand:speed>18.7</osmand:speed>
        </extensions>
      </trkpt>
      <trkpt lat="54.8983013" lon="25.742887">
        <ele>161.8</ele>
        <time>2024-12-07T12:45:42Z</time>
        <hdop>3.8</hdop>
        <extensions>
          <osmand:speed>19.2</osmand:speed>
        </extensions>
      </trkpt>
      <trkpt lat="54.8990585" lon="25.7417021">
        <ele>162.2</ele>
        <time>2024-12-07T12:45:48Z</time>
        <hdop>4.7</hdop>
        <extensions>
          <osmand:speed>17.9</osmand:speed>
        </extensions>
      </trkpt>
      <trkpt lat="54.8997633" lon="25.7406824">
        <ele>158.9</ele>
        <time>2024-12-07T12:45:54Z</time>
        <hdop>3.8</hdop>
        <extensions>
          <osmand:speed>16.2</osmand:speed>
        </extensions>
      </trkpt>
      <trkpt lat="54.900244" lon="25.7395092">
        <ele>158.2</ele>
        <time>2024-12-07T12:46:00Z</time>
        <hdop>3.8</hdop>
        <extensions>
          <osmand:speed>15.7</osmand:speed>
        </extensions>
      </trkpt>
      <trkpt lat="54.900785" lon="25.7383985">
        <ele>158.6</ele>
        <time>2024-12-07T12:46:06Z</time>
        <hdop>3.8</hdop>
        <extensions>
          <osmand:speed>15.6</osmand:speed>
        </extensions>
      </trkpt>
      <trkpt lat="54.9014323" lon="25.7373853">
        <ele>159.1</ele>
        <time>2024-12-07T12:46:12Z</time>
        <hdop>3.8</hdop>
        <extensions>
          <osmand:speed>16.7</osmand:speed>
        </extensions>
      </trkpt>
      <trkpt lat="54.9020646" lon="25.7363728">
        <ele>163.4</ele>
        <time>2024-12-07T12:46:18Z</time>
        <hdop>3.8</hdop>
        <extensions>
          <osmand:speed>14</osmand:speed>
        </extensions>
      </trkpt>
      <trkpt lat="54.9024684" lon="25.7351679">
        <ele>163.9</ele>
        <time>2024-12-07T12:46:24Z</time>
        <hdop>3.8</hdop>
        <extensions>
          <osmand:speed>15.6</osmand:speed>
        </extensions>
      </trkpt>
      <trkpt lat="54.9026749" lon="25.7337381">
        <ele>166.4</ele>
        <time>2024-12-07T12:46:30Z</time>
        <hdop>3.8</hdop>
        <extensions>
          <osmand:speed>15.3</osmand:speed>
        </extensions>
      </trkpt>
      <trkpt lat="54.9030012" lon="25.7324581">
        <ele>169.5</ele>
        <time>2024-12-07T12:46:36Z</time>
        <hdop>3.8</hdop>
        <extensions>
          <osmand:speed>14.4</osmand:speed>
        </extensions>
      </trkpt>
      <trkpt lat="54.9034936" lon="25.7311878">
        <ele>170</ele>
        <time>2024-12-07T12:46:42Z</time>
        <hdop>3.8</hdop>
        <extensions>
          <osmand:speed>14.6</osmand:speed>
        </extensions>
      </trkpt>
      <trkpt lat="54.903995" lon="25.7302742">
        <ele>173.8</ele>
        <time>2024-12-07T12:46:48Z</time>
        <hdop>5.7</hdop>
        <extensions>
          <osmand:speed>13.4</osmand:speed>
        </extensions>
      </trkpt>
      <trkpt lat="54.9046967" lon="25.7294444">
        <ele>173.8</ele>
        <time>2024-12-07T12:46:54Z</time>
        <hdop>4.3</hdop>
        <extensions>
          <osmand:speed>14.6</osmand:speed>
        </extensions>
      </trkpt>
      <trkpt lat="54.9052218" lon="25.7285489">
        <ele>175.4</ele>
        <time>2024-12-07T12:47:00Z</time>
        <hdop>3.8</hdop>
        <extensions>
          <osmand:speed>11.8</osmand:speed>
        </extensions>
      </trkpt>
      <trkpt lat="54.9059112" lon="25.7281408">
        <ele>176.9</ele>
        <time>2024-12-07T12:47:06Z</time>
        <hdop>3.8</hdop>
        <extensions>
          <osmand:speed>12.8</osmand:speed>
        </extensions>
      </trkpt>
      <trkpt lat="54.906546" lon="25.7274752">
        <ele>176.3</ele>
        <time>2024-12-07T12:47:12Z</time>
        <hdop>3.9</hdop>
        <extensions>
          <osmand:speed>14.5</osmand:speed>
        </extensions>
      </trkpt>
      <trkpt lat="54.9072092" lon="25.7266692">
        <ele>175.3</ele>
        <time>2024-12-07T12:47:18Z</time>
        <hdop>3.8</hdop>
        <extensions>
          <osmand:speed>15.6</osmand:speed>
        </extensions>
      </trkpt>
      <trkpt lat="54.9078806" lon="25.7258155">
        <ele>174.4</ele>
        <time>2024-12-07T12:47:24Z</time>
        <hdop>3.8</hdop>
        <extensions>
          <osmand:speed>14.6</osmand:speed>
        </extensions>
      </trkpt>
      <trkpt lat="54.9085743" lon="25.725053">
        <ele>172.4</ele>
        <time>2024-12-07T12:47:30Z</time>
        <hdop>3.8</hdop>
        <extensions>
          <osmand:speed>15.6</osmand:speed>
        </extensions>
      </trkpt>
      <trkpt lat="54.909236" lon="25.7241404">
        <ele>173.9</ele>
        <time>2024-12-07T12:47:36Z</time>
        <hdop>3.8</hdop>
        <extensions>
          <osmand:speed>15.6</osmand:speed>
        </extensions>
      </trkpt>
      <trkpt lat="54.9098834" lon="25.7232746">
        <ele>172.2</ele>
        <time>2024-12-07T12:47:42Z</time>
        <hdop>3.8</hdop>
        <extensions>
          <osmand:speed>15.7</osmand:speed>
        </extensions>
      </trkpt>
      <trkpt lat="54.9104828" lon="25.7223736">
        <ele>171.3</ele>
        <time>2024-12-07T12:47:48Z</time>
        <hdop>3.8</hdop>
        <extensions>
          <osmand:speed>13.8</osmand:speed>
        </extensions>
      </trkpt>
      <trkpt lat="54.9109748" lon="25.7212736">
        <ele>169.7</ele>
        <time>2024-12-07T12:47:54Z</time>
        <hdop>3.8</hdop>
        <extensions>
          <osmand:speed>14.9</osmand:speed>
        </extensions>
      </trkpt>
      <trkpt lat="54.9115887" lon="25.7202902">
        <ele>169.5</ele>
        <time>2024-12-07T12:48:00Z</time>
        <hdop>3.8</hdop>
        <extensions>
          <osmand:speed>15.2</osmand:speed>
        </extensions>
      </trkpt>
      <trkpt lat="54.9121556" lon="25.7193837">
        <ele>170.2</ele>
        <time>2024-12-07T12:48:06Z</time>
        <hdop>3.8</hdop>
        <extensions>
          <osmand:speed>14.1</osmand:speed>
        </extensions>
      </trkpt>
      <trkpt lat="54.9125516" lon="25.718391">
        <ele>169.1</ele>
        <time>2024-12-07T12:48:12Z</time>
        <hdop>3.8</hdop>
        <extensions>
          <osmand:speed>11.1</osmand:speed>
        </extensions>
      </trkpt>
      <trkpt lat="54.9129028" lon="25.7177465">
        <ele>169.5</ele>
        <time>2024-12-07T12:48:18Z</time>
        <hdop>3.8</hdop>
        <extensions>
          <osmand:speed>10.6</osmand:speed>
        </extensions>
      </trkpt>
      <trkpt lat="54.9134094" lon="25.7170056">
        <ele>169.2</ele>
        <time>2024-12-07T12:48:24Z</time>
        <hdop>3.8</hdop>
        <extensions>
          <osmand:speed>13.3</osmand:speed>
        </extensions>
      </trkpt>
      <trkpt lat="54.9139943" lon="25.716034">
        <ele>169.4</ele>
        <time>2024-12-07T12:48:30Z</time>
        <hdop>3.8</hdop>
        <extensions>
          <osmand:speed>15.6</osmand:speed>
        </extensions>
      </trkpt>
      <trkpt lat="54.9146239" lon="25.7150293">
        <ele>169.4</ele>
        <time>2024-12-07T12:48:36Z</time>
        <hdop>3.8</hdop>
        <extensions>
          <osmand:speed>16.4</osmand:speed>
        </extensions>
      </trkpt>
      <trkpt lat="54.9152861" lon="25.7140453">
        <ele>166.7</ele>
        <time>2024-12-07T12:48:42Z</time>
        <hdop>3.8</hdop>
        <extensions>
          <osmand:speed>16.2</osmand:speed>
        </extensions>
      </trkpt>
      <trkpt lat="54.9157962" lon="25.7128193">
        <ele>165.1</ele>
        <time>2024-12-07T12:48:48Z</time>
        <hdop>4.4</hdop>
        <extensions>
          <osmand:speed>15.6</osmand:speed>
        </extensions>
      </trkpt>
      <trkpt lat="54.9162055" lon="25.711982">
        <ele>163.6</ele>
        <time>2024-12-07T12:48:54Z</time>
        <hdop>3.8</hdop>
        <extensions>
          <osmand:speed>12.1</osmand:speed>
        </extensions>
      </trkpt>
      <trkpt lat="54.916651" lon="25.7122132">
        <ele>164.7</ele>
        <time>2024-12-07T12:49:00Z</time>
        <hdop>3.8</hdop>
        <extensions>
          <osmand:speed>10.1</osmand:speed>
        </extensions>
      </trkpt>
      <trkpt lat="54.917203" lon="25.7128464">
        <ele>164.5</ele>
        <time>2024-12-07T12:49:06Z</time>
        <hdop>3.8</hdop>
        <extensions>
          <osmand:speed>13.1</osmand:speed>
        </extensions>
      </trkpt>
      <trkpt lat="54.9179687" lon="25.7130187">
        <ele>165.9</ele>
        <time>2024-12-07T12:49:12Z</time>
        <hdop>3.8</hdop>
        <extensions>
          <osmand:speed>14.5</osmand:speed>
        </extensions>
      </trkpt>
      <trkpt lat="54.9186674" lon="25.7124702">
        <ele>166.1</ele>
        <time>2024-12-07T12:49:18Z</time>
        <hdop>3.8</hdop>
        <extensions>
          <osmand:speed>14</osmand:speed>
        </extensions>
      </trkpt>
      <trkpt lat="54.9193458" lon="25.711801">
        <ele>164.7</ele>
        <time>2024-12-07T12:49:24Z</time>
        <hdop>3.8</hdop>
        <extensions>
          <osmand:speed>14.7</osmand:speed>
        </extensions>
      </trkpt>
      <trkpt lat="54.9200874" lon="25.7112974">
        <ele>164.4</ele>
        <time>2024-12-07T12:49:30Z</time>
        <hdop>3.8</hdop>
        <extensions>
          <osmand:speed>15.1</osmand:speed>
        </extensions>
      </trkpt>
      <trkpt lat="54.9208839" lon="25.7113409">
        <ele>164.6</ele>
        <time>2024-12-07T12:49:36Z</time>
        <hdop>3.8</hdop>
        <extensions>
          <osmand:speed>14.9</osmand:speed>
        </extensions>
      </trkpt>
      <trkpt lat="54.9217175" lon="25.7116264">
        <ele>163.2</ele>
        <time>2024-12-07T12:49:42Z</time>
        <hdop>3.8</hdop>
        <extensions>
          <osmand:speed>15.8</osmand:speed>
        </extensions>
      </trkpt>
      <trkpt lat="54.9225603" lon="25.7118354">
        <ele>162.6</ele>
        <time>2024-12-07T12:49:48Z</time>
        <hdop>3.8</hdop>
        <extensions>
          <osmand:speed>15.8</osmand:speed>
        </extensions>
      </trkpt>
      <trkpt lat="54.9230987" lon="25.7119952">
        <ele>163.3</ele>
        <time>2024-12-07T12:49:54Z</time>
        <hdop>3.8</hdop>
        <extensions>
          <osmand:speed>6.9</osmand:speed>
        </extensions>
      </trkpt>
      <trkpt lat="54.9234356" lon="25.7120482">
        <ele>163.3</ele>
        <time>2024-12-07T12:50:00Z</time>
        <hdop>4.3</hdop>
        <extensions>
          <osmand:speed>5.3</osmand:speed>
        </extensions>
      </trkpt>
      <trkpt lat="54.9239264" lon="25.7117159">
        <ele>163.1</ele>
        <time>2024-12-07T12:50:06Z</time>
        <hdop>3.8</hdop>
        <extensions>
          <osmand:speed>13.2</osmand:speed>
        </extensions>
      </trkpt>
      <trkpt lat="54.924683" lon="25.7114814">
        <ele>167.1</ele>
        <time>2024-12-07T12:50:12Z</time>
        <hdop>3.8</hdop>
        <extensions>
          <osmand:speed>15.9</osmand:speed>
        </extensions>
      </trkpt>
      <trkpt lat="54.9255685" lon="25.7113673">
        <ele>167.8</ele>
        <time>2024-12-07T12:50:18Z</time>
        <hdop>3.8</hdop>
        <extensions>
          <osmand:speed>15.6</osmand:speed>
        </extensions>
      </trkpt>
      <trkpt lat="54.9264366" lon="25.7111884">
        <ele>168.5</ele>
        <time>2024-12-07T12:50:24Z</time>
        <hdop>5.6</hdop>
        <extensions>
          <osmand:speed>15.5</osmand:speed>
        </extensions>
      </trkpt>
      <trkpt lat="54.9273373" lon="25.7111976">
        <ele>164.7</ele>
        <time>2024-12-07T12:50:30Z</time>
        <hdop>3.8</hdop>
        <extensions>
          <osmand:speed>15.3</osmand:speed>
        </extensions>
      </trkpt>
      <trkpt lat="54.9281282" lon="25.7112427">
        <ele>160</ele>
        <time>2024-12-07T12:50:36Z</time>
        <hdop>3.8</hdop>
        <extensions>
          <osmand:speed>14</osmand:speed>
        </extensions>
      </trkpt>
      <trkpt lat="54.9287588" lon="25.7119475">
        <ele>159.7</ele>
        <time>2024-12-07T12:50:42Z</time>
        <hdop>3.8</hdop>
        <extensions>
          <osmand:speed>15.4</osmand:speed>
        </extensions>
      </trkpt>
      <trkpt lat="54.9294866" lon="25.7127182">
        <ele>161.5</ele>
        <time>2024-12-07T12:50:48Z</time>
        <hdop>3.8</hdop>
        <extensions>
          <osmand:speed>15.3</osmand:speed>
        </extensions>
      </trkpt>
      <trkpt lat="54.93031" lon="25.713189">
        <ele>164.7</ele>
        <time>2024-12-07T12:50:54Z</time>
        <hdop>3.9</hdop>
        <extensions>
          <osmand:speed>15.9</osmand:speed>
        </extensions>
      </trkpt>
      <trkpt lat="54.9312182" lon="25.7134726">
        <ele>163.1</ele>
        <time>2024-12-07T12:51:00Z</time>
        <hdop>3.8</hdop>
        <extensions>
          <osmand:speed>16.6</osmand:speed>
        </extensions>
      </trkpt>
      <trkpt lat="54.9320995" lon="25.7133837">
        <ele>164.2</ele>
        <time>2024-12-07T12:51:06Z</time>
        <hdop>3.8</hdop>
        <extensions>
          <osmand:speed>16.7</osmand:speed>
        </extensions>
      </trkpt>
      <trkpt lat="54.932953" lon="25.7132347">
        <ele>164.1</ele>
        <time>2024-12-07T12:51:12Z</time>
        <hdop>3.8</hdop>
        <extensions>
          <osmand:speed>14.4</osmand:speed>
        </extensions>
      </trkpt>
      <trkpt lat="54.9336177" lon="25.7138135">
        <ele>163.7</ele>
        <time>2024-12-07T12:51:18Z</time>
        <hdop>3.8</hdop>
        <extensions>
          <osmand:speed>14.1</osmand:speed>
        </extensions>
      </trkpt>
      <trkpt lat="54.9341462" lon="25.715127">
        <ele>163.5</ele>
        <time>2024-12-07T12:51:24Z</time>
        <hdop>3.8</hdop>
        <extensions>
          <osmand:speed>19.3</osmand:speed>
        </extensions>
      </trkpt>
      <trkpt lat="54.9347084" lon="25.7165792">
        <ele>164.4</ele>
        <time>2024-12-07T12:51:30Z</time>
        <hdop>3.8</hdop>
        <extensions>
          <osmand:speed>18.1</osmand:speed>
        </extensions>
      </trkpt>
      <trkpt lat="54.9352947" lon="25.7178465">
        <ele>167</ele>
        <time>2024-12-07T12:51:36Z</time>
        <hdop>3.8</hdop>
        <extensions>
          <osmand:speed>16.8</osmand:speed>
        </extensions>
      </trkpt>
      <trkpt lat="54.9358739" lon="25.7189749">
        <ele>168.2</ele>
        <time>2024-12-07T12:51:42Z</time>
        <hdop>3.8</hdop>
        <extensions>
          <osmand:speed>16.4</osmand:speed>
        </extensions>
      </trkpt>
      <trkpt lat="54.9365846" lon="25.7198116">
        <ele>167.5</ele>
        <time>2024-12-07T12:51:48Z</time>
        <hdop>3.8</hdop>
        <extensions>
          <osmand:speed>15.4</osmand:speed>
        </extensions>
      </trkpt>
      <trkpt lat="54.9369634" lon="25.721427">
        <ele>161.8</ele>
        <time>2024-12-07T12:51:54Z</time>
        <hdop>3.8</hdop>
        <extensions>
          <osmand:speed>20.1</osmand:speed>
        </extensions>
      </trkpt>
      <trkpt lat="54.9373488" lon="25.7230145">
        <ele>162.1</ele>
        <time>2024-12-07T12:52:00Z</time>
        <hdop>3.8</hdop>
        <extensions>
          <osmand:speed>17.5</osmand:speed>
        </extensions>
      </trkpt>
      <trkpt lat="54.9377049" lon="25.724597">
        <ele>162.6</ele>
        <time>2024-12-07T12:52:06Z</time>
        <hdop>3.8</hdop>
        <extensions>
          <osmand:speed>19</osmand:speed>
        </extensions>
      </trkpt>
      <trkpt lat="54.9381747" lon="25.7260859">
        <ele>163.6</ele>
        <time>2024-12-07T12:52:12Z</time>
        <hdop>3.8</hdop>
        <extensions>
          <osmand:speed>16.3</osmand:speed>
        </extensions>
      </trkpt>
      <trkpt lat="54.9388301" lon="25.7272097">
        <ele>162.7</ele>
        <time>2024-12-07T12:52:18Z</time>
        <hdop>3.8</hdop>
        <extensions>
          <osmand:speed>18.3</osmand:speed>
        </extensions>
      </trkpt>
      <trkpt lat="54.9395805" lon="25.7282492">
        <ele>161.1</ele>
        <time>2024-12-07T12:52:24Z</time>
        <hdop>3.8</hdop>
        <extensions>
          <osmand:speed>17.9</osmand:speed>
        </extensions>
      </trkpt>
      <trkpt lat="54.9402519" lon="25.7295237">
        <ele>160.5</ele>
        <time>2024-12-07T12:52:30Z</time>
        <hdop>3.8</hdop>
        <extensions>
          <osmand:speed>19.2</osmand:speed>
        </extensions>
      </trkpt>
      <trkpt lat="54.940992" lon="25.7307464">
        <ele>161</ele>
        <time>2024-12-07T12:52:36Z</time>
        <hdop>3.8</hdop>
        <extensions>
          <osmand:speed>18.8</osmand:speed>
        </extensions>
      </trkpt>
      <trkpt lat="54.9417685" lon="25.7319658">
        <ele>161.3</ele>
        <time>2024-12-07T12:52:42Z</time>
        <hdop>3.8</hdop>
        <extensions>
          <osmand:speed>19.7</osmand:speed>
        </extensions>
      </trkpt>
      <trkpt lat="54.9425192" lon="25.7332316">
        <ele>162.9</ele>
        <time>2024-12-07T12:52:48Z</time>
        <hdop>3.8</hdop>
        <extensions>
          <osmand:speed>19.7</osmand:speed>
        </extensions>
      </trkpt>
      <trkpt lat="54.9433031" lon="25.7345175">
        <ele>163.5</ele>
        <time>2024-12-07T12:52:54Z</time>
        <hdop>3.8</hdop>
        <extensions>
          <osmand:speed>19.8</osmand:speed>
        </extensions>
      </trkpt>
      <trkpt lat="54.9438897" lon="25.7358574">
        <ele>163.9</ele>
        <time>2024-12-07T12:53:00Z</time>
        <hdop>3.8</hdop>
        <extensions>
          <osmand:speed>15.2</osmand:speed>
        </extensions>
      </trkpt>
      <trkpt lat="54.9447151" lon="25.7367219">
        <ele>163.4</ele>
        <time>2024-12-07T12:53:06Z</time>
        <hdop>3.8</hdop>
        <extensions>
          <osmand:speed>19.3</osmand:speed>
        </extensions>
      </trkpt>
      <trkpt lat="54.9455775" lon="25.7377023">
        <ele>161.9</ele>
        <time>2024-12-07T12:53:12Z</time>
        <hdop>3.8</hdop>
        <extensions>
          <osmand:speed>17.8</osmand:speed>
        </extensions>
      </trkpt>
      <trkpt lat="54.946115" lon="25.7388364">
        <ele>161.7</ele>
        <time>2024-12-07T12:53:18Z</time>
        <hdop>3.8</hdop>
        <extensions>
          <osmand:speed>14.2</osmand:speed>
        </extensions>
      </trkpt>
      <trkpt lat="54.9464357" lon="25.7398142">
        <ele>162.1</ele>
        <time>2024-12-07T12:53:24Z</time>
        <hdop>3.8</hdop>
        <extensions>
          <osmand:speed>10.9</osmand:speed>
        </extensions>
      </trkpt>
      <trkpt lat="54.9467568" lon="25.7408793">
        <ele>161.1</ele>
        <time>2024-12-07T12:53:30Z</time>
        <hdop>3.8</hdop>
        <extensions>
          <osmand:speed>14.9</osmand:speed>
        </extensions>
      </trkpt>
      <trkpt lat="54.9471492" lon="25.7421778">
        <ele>157.6</ele>
        <time>2024-12-07T12:53:36Z</time>
        <hdop>3.8</hdop>
        <extensions>
          <osmand:speed>15.8</osmand:speed>
        </extensions>
      </trkpt>
      <trkpt lat="54.9477626" lon="25.7431734">
        <ele>158.4</ele>
        <time>2024-12-07T12:53:42Z</time>
        <hdop>3.8</hdop>
        <extensions>
          <osmand:speed>15.6</osmand:speed>
        </extensions>
      </trkpt>
      <trkpt lat="54.9485047" lon="25.7439011">
        <ele>164</ele>
        <time>2024-12-07T12:53:48Z</time>
        <hdop>3.8</hdop>
        <extensions>
          <osmand:speed>15.9</osmand:speed>
        </extensions>
      </trkpt>
      <trkpt lat="54.9492418" lon="25.7446183">
        <ele>167.8</ele>
        <time>2024-12-07T12:53:54Z</time>
        <hdop>3.8</hdop>
        <extensions>
          <osmand:speed>14.6</osmand:speed>
        </extensions>
      </trkpt>
      <trkpt lat="54.9499595" lon="25.7453211">
        <ele>167.3</ele>
        <time>2024-12-07T12:54:00Z</time>
        <hdop>3.8</hdop>
        <extensions>
          <osmand:speed>15.8</osmand:speed>
        </extensions>
      </trkpt>
      <trkpt lat="54.9506865" lon="25.7460861">
        <ele>167.8</ele>
        <time>2024-12-07T12:54:06Z</time>
        <hdop>3.8</hdop>
        <extensions>
          <osmand:speed>14.8</osmand:speed>
        </extensions>
      </trkpt>
      <trkpt lat="54.9509124" lon="25.7469951">
        <ele>168.6</ele>
        <time>2024-12-07T12:54:12Z</time>
        <hdop>3.8</hdop>
        <extensions>
          <osmand:speed>12.2</osmand:speed>
        </extensions>
      </trkpt>
      <trkpt lat="54.9506751" lon="25.7482574">
        <ele>169.7</ele>
        <time>2024-12-07T12:54:18Z</time>
        <hdop>3.8</hdop>
        <extensions>
          <osmand:speed>15.8</osmand:speed>
        </extensions>
      </trkpt>
      <trkpt lat="54.9504106" lon="25.7496304">
        <ele>175</ele>
        <time>2024-12-07T12:54:24Z</time>
        <hdop>3.8</hdop>
        <extensions>
          <osmand:speed>14.7</osmand:speed>
        </extensions>
      </trkpt>
      <trkpt lat="54.9502809" lon="25.7509672">
        <ele>175.7</ele>
        <time>2024-12-07T12:54:30Z</time>
        <hdop>3.8</hdop>
        <extensions>
          <osmand:speed>14.9</osmand:speed>
        </extensions>
      </trkpt>
      <trkpt lat="54.9501889" lon="25.7523984">
        <ele>176</ele>
        <time>2024-12-07T12:54:36Z</time>
        <hdop>3.8</hdop>
        <extensions>
          <osmand:speed>15.9</osmand:speed>
        </extensions>
      </trkpt>
      <trkpt lat="54.9500962" lon="25.7537854">
        <ele>175.5</ele>
        <time>2024-12-07T12:54:42Z</time>
        <hdop>3.8</hdop>
        <extensions>
          <osmand:speed>12.4</osmand:speed>
        </extensions>
      </trkpt>
      <trkpt lat="54.9500972" lon="25.7545147">
        <ele>175.8</ele>
        <time>2024-12-07T12:54:48Z</time>
        <hdop>3.8</hdop>
        <extensions>
          <osmand:speed>1.4</osmand:speed>
        </extensions>
      </trkpt>
      <trkpt lat="54.9501001" lon="25.754522">
        <ele>176.4</ele>
        <time>2024-12-07T12:54:54Z</time>
        <hdop>3.8</hdop>
      </trkpt>
      <trkpt lat="54.9501137" lon="25.7545484">
        <ele>175.7</ele>
        <time>2024-12-07T12:55:00Z</time>
        <hdop>3.8</hdop>
        <extensions>
          <osmand:speed>2</osmand:speed>
        </extensions>
      </trkpt>
      <trkpt lat="54.95053" lon="25.7542223">
        <ele>176.4</ele>
        <time>2024-12-07T12:55:06Z</time>
        <hdop>3.8</hdop>
        <extensions>
          <osmand:speed>14.4</osmand:speed>
        </extensions>
      </trkpt>
      <trkpt lat="54.9514204" lon="25.7532919">
        <ele>174.7</ele>
        <time>2024-12-07T12:55:12Z</time>
        <hdop>3.8</hdop>
        <extensions>
          <osmand:speed>21.9</osmand:speed>
        </extensions>
      </trkpt>
      <trkpt lat="54.9524733" lon="25.7521805">
        <ele>171.9</ele>
        <time>2024-12-07T12:55:18Z</time>
        <hdop>3.8</hdop>
        <extensions>
          <osmand:speed>23.5</osmand:speed>
        </extensions>
      </trkpt>
      <trkpt lat="54.9535058" lon="25.7510814">
        <ele>168.2</ele>
        <time>2024-12-07T12:55:24Z</time>
        <hdop>3.8</hdop>
        <extensions>
          <osmand:speed>20.5</osmand:speed>
        </extensions>
      </trkpt>
      <trkpt lat="54.9544343" lon="25.7500942">
        <ele>167.2</ele>
        <time>2024-12-07T12:55:30Z</time>
        <hdop>3.8</hdop>
        <extensions>
          <osmand:speed>19.8</osmand:speed>
        </extensions>
      </trkpt>
      <trkpt lat="54.95537" lon="25.7491248">
        <ele>168.6</ele>
        <time>2024-12-07T12:55:36Z</time>
        <hdop>3.8</hdop>
        <extensions>
          <osmand:speed>20.5</osmand:speed>
        </extensions>
      </trkpt>
      <trkpt lat="54.9563134" lon="25.7481586">
        <ele>169.1</ele>
        <time>2024-12-07T12:55:42Z</time>
        <hdop>3.8</hdop>
        <extensions>
          <osmand:speed>19.9</osmand:speed>
        </extensions>
      </trkpt>
      <trkpt lat="54.9572819" lon="25.7473474">
        <ele>168.8</ele>
        <time>2024-12-07T12:55:48Z</time>
        <hdop>3.8</hdop>
        <extensions>
          <osmand:speed>20</osmand:speed>
        </extensions>
      </trkpt>
      <trkpt lat="54.958314" lon="25.7469377">
        <ele>169</ele>
        <time>2024-12-07T12:55:54Z</time>
        <hdop>3.8</hdop>
        <extensions>
          <osmand:speed>19.5</osmand:speed>
        </extensions>
      </trkpt>
      <trkpt lat="54.959313" lon="25.7468535">
        <ele>168.9</ele>
        <time>2024-12-07T12:56:00Z</time>
        <hdop>3.8</hdop>
        <extensions>
          <osmand:speed>16.6</osmand:speed>
        </extensions>
      </trkpt>
      <trkpt lat="54.9601664" lon="25.7470691">
        <ele>169.3</ele>
        <time>2024-12-07T12:56:06Z</time>
        <hdop>3.8</hdop>
        <extensions>
          <osmand:speed>14.5</osmand:speed>
        </extensions>
      </trkpt>
      <trkpt lat="54.9607339" lon="25.7471864">
        <ele>169.6</ele>
        <time>2024-12-07T12:56:12Z</time>
        <hdop>3.8</hdop>
        <extensions>
          <osmand:speed>7.3</osmand:speed>
        </extensions>
      </trkpt>
      <trkpt lat="54.9609686" lon="25.746339">
        <ele>168</ele>
        <time>2024-12-07T12:56:18Z</time>
        <hdop>3.8</hdop>
        <extensions>
          <osmand:speed>15</osmand:speed>
        </extensions>
      </trkpt>
      <trkpt lat="54.9611348" lon="25.7448162">
        <ele>168.4</ele>
        <time>2024-12-07T12:56:24Z</time>
        <hdop>3.8</hdop>
        <extensions>
          <osmand:speed>15.8</osmand:speed>
        </extensions>
      </trkpt>
      <trkpt lat="54.9612963" lon="25.7433642">
        <ele>168.8</ele>
        <time>2024-12-07T12:56:30Z</time>
        <hdop>3.8</hdop>
        <extensions>
          <osmand:speed>15.6</osmand:speed>
        </extensions>
      </trkpt>
      <trkpt lat="54.9614324" lon="25.7419491">
        <ele>171.1</ele>
        <time>2024-12-07T12:56:36Z</time>
        <hdop>3.8</hdop>
        <extensions>
          <osmand:speed>15.6</osmand:speed>
        </extensions>
      </trkpt>
      <trkpt lat="54.961381" lon="25.7405267">
        <ele>172.1</ele>
        <time>2024-12-07T12:56:42Z</time>
        <hdop>3.8</hdop>
        <extensions>
          <osmand:speed>15.1</osmand:speed>
        </extensions>
      </trkpt>
      <trkpt lat="54.9613486" lon="25.7391039">
        <ele>171.4</ele>
        <time>2024-12-07T12:56:48Z</time>
        <hdop>3.8</hdop>
        <extensions>
          <osmand:speed>14.9</osmand:speed>
        </extensions>
      </trkpt>
      <trkpt lat="54.9612728" lon="25.7377189">
        <ele>172.2</ele>
        <time>2024-12-07T12:56:54Z</time>
        <hdop>3.8</hdop>
        <extensions>
          <osmand:speed>14.6</osmand:speed>
        </extensions>
      </trkpt>
      <trkpt lat="54.9612347" lon="25.7365131">
        <ele>172.2</ele>
        <time>2024-12-07T12:57:00Z</time>
        <hdop>3.8</hdop>
        <extensions>
          <osmand:speed>13.3</osmand:speed>
        </extensions>
      </trkpt>
      <trkpt lat="54.9610987" lon="25.7352959">
        <ele>172.3</ele>
        <time>2024-12-07T12:57:06Z</time>
        <hdop>3.8</hdop>
        <extensions>
          <osmand:speed>13</osmand:speed>
        </extensions>
      </trkpt>
      <trkpt lat="54.9608476" lon="25.7341314">
        <ele>172.7</ele>
        <time>2024-12-07T12:57:12Z</time>
        <hdop>3.8</hdop>
        <extensions>
          <osmand:speed>13.7</osmand:speed>
        </extensions>
      </trkpt>
      <trkpt lat="54.9605768" lon="25.7329079">
        <ele>169.7</ele>
        <time>2024-12-07T12:57:18Z</time>
        <hdop>3.8</hdop>
        <extensions>
          <osmand:speed>13.1</osmand:speed>
        </extensions>
      </trkpt>
      <trkpt lat="54.9603648" lon="25.7318516">
        <ele>166.9</ele>
        <time>2024-12-07T12:57:24Z</time>
        <hdop>3.8</hdop>
        <extensions>
          <osmand:speed>11.3</osmand:speed>
        </extensions>
      </trkpt>
      <trkpt lat="54.9601875" lon="25.730806">
        <ele>164.3</ele>
        <time>2024-12-07T12:57:30Z</time>
        <hdop>3.8</hdop>
        <extensions>
          <osmand:speed>10.4</osmand:speed>
        </extensions>
      </trkpt>
      <trkpt lat="54.9600228" lon="25.7302103">
        <ele>162.4</ele>
        <time>2024-12-07T12:57:36Z</time>
        <hdop>3.8</hdop>
        <extensions>
          <osmand:speed>3.3</osmand:speed>
        </extensions>
      </trkpt>
      <trkpt lat="54.9599815" lon="25.7301143">
        <ele>163.1</ele>
        <time>2024-12-07T12:57:42Z</time>
        <hdop>3.8</hdop>
        <extensions>
          <osmand:speed>0.2</osmand:speed>
        </extensions>
      </trkpt>
      <trkpt lat="54.959979" lon="25.7301247">
        <ele>162.7</ele>
        <time>2024-12-07T12:57:48Z</time>
        <hdop>3.8</hdop>
      </trkpt>
      <trkpt lat="54.9599827" lon="25.7301365">
        <ele>163.1</ele>
        <time>2024-12-07T12:57:54Z</time>
        <hdop>3.8</hdop>
      </trkpt>
      <trkpt lat="54.9599831" lon="25.7301372">
        <ele>163.1</ele>
        <time>2024-12-07T12:58:00Z</time>
        <hdop>3.8</hdop>
      </trkpt>
      <trkpt lat="54.9599431" lon="25.7299758">
        <ele>163.3</ele>
        <time>2024-12-07T12:58:06Z</time>
        <hdop>3.8</hdop>
        <extensions>
          <osmand:speed>7.7</osmand:speed>
        </extensions>
      </trkpt>
      <trkpt lat="54.9600459" lon="25.7297545">
        <ele>164.8</ele>
        <time>2024-12-07T12:58:12Z</time>
        <hdop>3.8</hdop>
        <extensions>
          <osmand:speed>2.7</osmand:speed>
        </extensions>
      </trkpt>
      <trkpt lat="54.9603608" lon="25.7292756">
        <ele>161.7</ele>
        <time>2024-12-07T12:58:18Z</time>
        <hdop>4.2</hdop>
        <extensions>
          <osmand:speed>5.1</osmand:speed>
        </extensions>
      </trkpt>
      <trkpt lat="54.9604207" lon="25.7290583">
        <ele>158.9</ele>
        <time>2024-12-07T12:58:24Z</time>
        <hdop>3.8</hdop>
        <extensions>
          <osmand:speed>2.7</osmand:speed>
        </extensions>
      </trkpt>
      <trkpt lat="54.9608092" lon="25.7295626">
        <ele>160</ele>
        <time>2024-12-07T12:58:30Z</time>
        <hdop>4.8</hdop>
        <extensions>
          <osmand:speed>10.1</osmand:speed>
        </extensions>
      </trkpt>
      <trkpt lat="54.9611482" lon="25.7299453">
        <ele>157.4</ele>
        <time>2024-12-07T12:58:36Z</time>
        <hdop>3.8</hdop>
        <extensions>
          <osmand:speed>7</osmand:speed>
        </extensions>
      </trkpt>
      <trkpt lat="54.9616169" lon="25.7302302">
        <ele>156</ele>
        <time>2024-12-07T12:58:42Z</time>
        <hdop>5.4</hdop>
        <extensions>
          <osmand:speed>8.2</osmand:speed>
        </extensions>
      </trkpt>
      <trkpt lat="54.9621643" lon="25.7306009">
        <ele>152.4</ele>
        <time>2024-12-07T12:58:48Z</time>
        <hdop>3.8</hdop>
        <extensions>
          <osmand:speed>9</osmand:speed>
        </extensions>
      </trkpt>
      <trkpt lat="54.9626904" lon="25.730912">
        <ele>153.4</ele>
        <time>2024-12-07T12:58:54Z</time>
        <hdop>3.8</hdop>
        <extensions>
          <osmand:speed>10.8</osmand:speed>
        </extensions>
      </trkpt>
      <trkpt lat="54.9629774" lon="25.7315362">
        <ele>150.8</ele>
        <time>2024-12-07T12:59:00Z</time>
        <hdop>3.8</hdop>
        <extensions>
          <osmand:speed>5.8</osmand:speed>
        </extensions>
      </trkpt>
      <trkpt lat="54.9631352" lon="25.7317532">
        <ele>150.9</ele>
        <time>2024-12-07T12:59:06Z</time>
        <hdop>3.8</hdop>
        <extensions>
          <osmand:speed>1.6</osmand:speed>
        </extensions>
      </trkpt>
      <trkpt lat="54.9631526" lon="25.7317481">
        <ele>153.1</ele>
        <time>2024-12-07T12:59:12Z</time>
        <hdop>3.8</hdop>
      </trkpt>
      <trkpt lat="54.9631896" lon="25.7316891">
        <ele>153.5</ele>
        <time>2024-12-07T12:59:18Z</time>
        <hdop>3.8</hdop>
        <extensions>
          <osmand:speed>2.1</osmand:speed>
        </extensions>
      </trkpt>
      <trkpt lat="54.9630666" lon="25.7312182">
        <ele>152</ele>
        <time>2024-12-07T12:59:24Z</time>
        <hdop>3.8</hdop>
        <extensions>
          <osmand:speed>8.6</osmand:speed>
        </extensions>
      </trkpt>
      <trkpt lat="54.9628244" lon="25.7304727">
        <ele>152.3</ele>
        <time>2024-12-07T12:59:30Z</time>
        <hdop>3.9</hdop>
        <extensions>
          <osmand:speed>9.3</osmand:speed>
        </extensions>
      </trkpt>
      <trkpt lat="54.9627206" lon="25.7300633">
        <ele>151.5</ele>
        <time>2024-12-07T12:59:36Z</time>
        <hdop>3.8</hdop>
        <extensions>
          <osmand:speed>2.7</osmand:speed>
        </extensions>
      </trkpt>
      <trkpt lat="54.9626573" lon="25.7298764">
        <ele>153.3</ele>
        <time>2024-12-07T12:59:42Z</time>
        <hdop>3.8</hdop>
        <extensions>
          <osmand:speed>0.8</osmand:speed>
        </extensions>
      </trkpt>
      <trkpt lat="54.9626019" lon="25.7298138">
        <ele>151.5</ele>
        <time>2024-12-07T12:59:48Z</time>
        <hdop>3.8</hdop>
        <extensions>
          <osmand:speed>1.3</osmand:speed>
        </extensions>
      </trkpt>
      <trkpt lat="54.9624885" lon="25.7297801">
        <ele>148.6</ele>
        <time>2024-12-07T12:59:54Z</time>
        <hdop>3.8</hdop>
        <extensions>
          <osmand:speed>3</osmand:speed>
        </extensions>
      </trkpt>
      <trkpt lat="54.9623131" lon="25.7295805">
        <ele>149.8</ele>
        <time>2024-12-07T13:00:00Z</time>
        <hdop>3.8</hdop>
        <extensions>
          <osmand:speed>2.8</osmand:speed>
        </extensions>
      </trkpt>
      <trkpt lat="54.9622915" lon="25.7293592">
        <ele>150.1</ele>
        <time>2024-12-07T13:00:06Z</time>
        <hdop>3.8</hdop>
        <extensions>
          <osmand:speed>1.5</osmand:speed>
        </extensions>
      </trkpt>
      <trkpt lat="54.9622661" lon="25.7292242">
        <ele>152.4</ele>
        <time>2024-12-07T13:00:12Z</time>
        <hdop>3.8</hdop>
        <extensions>
          <osmand:speed>1.4</osmand:speed>
        </extensions>
      </trkpt>
      <trkpt lat="54.9621762" lon="25.7288065">
        <ele>154.1</ele>
        <time>2024-12-07T13:00:18Z</time>
        <hdop>3.8</hdop>
        <extensions>
          <osmand:speed>4.3</osmand:speed>
        </extensions>
      </trkpt>
      <trkpt lat="54.9620968" lon="25.7285505">
        <ele>154.1</ele>
        <time>2024-12-07T13:00:24Z</time>
        <hdop>3.8</hdop>
        <extensions>
          <osmand:speed>2.3</osmand:speed>
        </extensions>
      </trkpt>
      <trkpt lat="54.9620633" lon="25.7283551">
        <ele>154.2</ele>
        <time>2024-12-07T13:00:30Z</time>
        <hdop>3.8</hdop>
        <extensions>
          <osmand:speed>2.8</osmand:speed>
        </extensions>
      </trkpt>
      <trkpt lat="54.9621211" lon="25.7281117">
        <ele>155.3</ele>
        <time>2024-12-07T13:00:36Z</time>
        <hdop>3.8</hdop>
        <extensions>
          <osmand:speed>3.7</osmand:speed>
        </extensions>
      </trkpt>
      <trkpt lat="54.9621085" lon="25.7275865">
        <ele>153.3</ele>
        <time>2024-12-07T13:00:42Z</time>
        <hdop>3.8</hdop>
        <extensions>
          <osmand:speed>8.1</osmand:speed>
        </extensions>
      </trkpt>
      <trkpt lat="54.9619034" lon="25.7268349">
        <ele>154.4</ele>
        <time>2024-12-07T13:00:48Z</time>
        <hdop>3.8</hdop>
        <extensions>
          <osmand:speed>8.7</osmand:speed>
        </extensions>
      </trkpt>
      <trkpt lat="54.9615816" lon="25.7262772">
        <ele>154.4</ele>
        <time>2024-12-07T13:00:54Z</time>
        <hdop>3.8</hdop>
        <extensions>
          <osmand:speed>9.6</osmand:speed>
        </extensions>
      </trkpt>
      <trkpt lat="54.9611598" lon="25.7257969">
        <ele>158.5</ele>
        <time>2024-12-07T13:01:00Z</time>
        <hdop>3.8</hdop>
        <extensions>
          <osmand:speed>8.5</osmand:speed>
        </extensions>
      </trkpt>
      <trkpt lat="54.9606808" lon="25.7253678">
        <ele>159.7</ele>
        <time>2024-12-07T13:01:06Z</time>
        <hdop>7.3</hdop>
        <extensions>
          <osmand:speed>9.8</osmand:speed>
        </extensions>
      </trkpt>
      <trkpt lat="54.9605209" lon="25.7246907">
        <ele>165.3</ele>
        <time>2024-12-07T13:01:12Z</time>
        <hdop>3.8</hdop>
        <extensions>
          <osmand:speed>6.8</osmand:speed>
        </extensions>
      </trkpt>
      <trkpt lat="54.9603871" lon="25.724271">
        <ele>169.3</ele>
        <time>2024-12-07T13:01:18Z</time>
        <hdop>4.4</hdop>
        <extensions>
          <osmand:speed>0.7</osmand:speed>
        </extensions>
      </trkpt>
      <trkpt lat="54.9604054" lon="25.7242528">
        <ele>170.7</ele>
        <time>2024-12-07T13:01:24Z</time>
        <hdop>4.7</hdop>
      </trkpt>
      <trkpt lat="54.9604135" lon="25.7242386">
        <ele>171.7</ele>
        <time>2024-12-07T13:01:30Z</time>
        <hdop>3.8</hdop>
      </trkpt>
      <trkpt lat="54.9604077" lon="25.7242035">
        <ele>171</ele>
        <time>2024-12-07T13:01:36Z</time>
        <hdop>3.8</hdop>
        <extensions>
          <osmand:speed>0.7</osmand:speed>
        </extensions>
      </trkpt>
      <trkpt lat="54.960407" lon="25.72419">
        <ele>170.3</ele>
        <time>2024-12-07T13:01:42Z</time>
        <hdop>3.8</hdop>
      </trkpt>
      <trkpt lat="54.9603295" lon="25.7240406">
        <ele>169.5</ele>
        <time>2024-12-07T13:01:48Z</time>
        <hdop>3.8</hdop>
        <extensions>
          <osmand:speed>3.5</osmand:speed>
        </extensions>
      </trkpt>
      <trkpt lat="54.9601192" lon="25.7234778">
        <ele>169.1</ele>
        <time>2024-12-07T13:01:54Z</time>
        <hdop>3.8</hdop>
        <extensions>
          <osmand:speed>8.6</osmand:speed>
        </extensions>
      </trkpt>
      <trkpt lat="54.9598313" lon="25.7227288">
        <ele>171.3</ele>
        <time>2024-12-07T13:02:00Z</time>
        <hdop>3.8</hdop>
        <extensions>
          <osmand:speed>10.4</osmand:speed>
        </extensions>
      </trkpt>
      <trkpt lat="54.959645" lon="25.7218649">
        <ele>169</ele>
        <time>2024-12-07T13:02:06Z</time>
        <hdop>3.8</hdop>
        <extensions>
          <osmand:speed>9.5</osmand:speed>
        </extensions>
      </trkpt>
      <trkpt lat="54.9593911" lon="25.7211448">
        <ele>166.6</ele>
        <time>2024-12-07T13:02:12Z</time>
        <hdop>3.8</hdop>
        <extensions>
          <osmand:speed>6.9</osmand:speed>
        </extensions>
      </trkpt>
      <trkpt lat="54.9591492" lon="25.7203123">
        <ele>165.3</ele>
        <time>2024-12-07T13:02:18Z</time>
        <hdop>5.5</hdop>
        <extensions>
          <osmand:speed>10.6</osmand:speed>
        </extensions>
      </trkpt>
      <trkpt lat="54.9591186" lon="25.719391">
        <ele>167.7</ele>
        <time>2024-12-07T13:02:24Z</time>
        <hdop>3.8</hdop>
        <extensions>
          <osmand:speed>11.1</osmand:speed>
        </extensions>
      </trkpt>
      <trkpt lat="54.9591461" lon="25.7184339">
        <ele>165.6</ele>
        <time>2024-12-07T13:02:30Z</time>
        <hdop>3.8</hdop>
        <extensions>
          <osmand:speed>9.6</osmand:speed>
        </extensions>
      </trkpt>
      <trkpt lat="54.9591419" lon="25.7178202">
        <ele>164.7</ele>
        <time>2024-12-07T13:02:36Z</time>
        <hdop>3.8</hdop>
        <extensions>
          <osmand:speed>3.6</osmand:speed>
        </extensions>
      </trkpt>
      <trkpt lat="54.9591453" lon="25.7171132">
        <ele>163.3</ele>
        <time>2024-12-07T13:02:42Z</time>
        <hdop>3.8</hdop>
        <extensions>
          <osmand:speed>9.1</osmand:speed>
        </extensions>
      </trkpt>
      <trkpt lat="54.9590774" lon="25.7162837">
        <ele>164</ele>
        <time>2024-12-07T13:02:48Z</time>
        <hdop>3.8</hdop>
        <extensions>
          <osmand:speed>9.4</osmand:speed>
        </extensions>
      </trkpt>
      <trkpt lat="54.9589471" lon="25.7153109">
        <ele>164.2</ele>
        <time>2024-12-07T13:02:54Z</time>
        <hdop>3.8</hdop>
        <extensions>
          <osmand:speed>11.6</osmand:speed>
        </extensions>
      </trkpt>
      <trkpt lat="54.9589568" lon="25.7144222">
        <ele>164.8</ele>
        <time>2024-12-07T13:03:00Z</time>
        <hdop>3.8</hdop>
        <extensions>
          <osmand:speed>7.5</osmand:speed>
        </extensions>
      </trkpt>
      <trkpt lat="54.9591617" lon="25.7136117">
        <ele>163.9</ele>
        <time>2024-12-07T13:03:06Z</time>
        <hdop>3.8</hdop>
        <extensions>
          <osmand:speed>10.1</osmand:speed>
        </extensions>
      </trkpt>
      <trkpt lat="54.9593344" lon="25.7128046">
        <ele>163.4</ele>
        <time>2024-12-07T13:03:12Z</time>
        <hdop>3.8</hdop>
        <extensions>
          <osmand:speed>8.4</osmand:speed>
        </extensions>
      </trkpt>
      <trkpt lat="54.959395" lon="25.7123452">
        <ele>158.7</ele>
        <time>2024-12-07T13:03:18Z</time>
        <hdop>3.8</hdop>
        <extensions>
          <osmand:speed>6</osmand:speed>
        </extensions>
      </trkpt>
      <trkpt lat="54.9593046" lon="25.7118324">
        <ele>155.5</ele>
        <time>2024-12-07T13:03:24Z</time>
        <hdop>3.8</hdop>
        <extensions>
          <osmand:speed>6.1</osmand:speed>
        </extensions>
      </trkpt>
      <trkpt lat="54.95923" lon="25.7112662">
        <ele>154.8</ele>
        <time>2024-12-07T13:03:30Z</time>
        <hdop>3.8</hdop>
        <extensions>
          <osmand:speed>7</osmand:speed>
        </extensions>
      </trkpt>
      <trkpt lat="54.9591018" lon="25.7106653">
        <ele>153.9</ele>
        <time>2024-12-07T13:03:36Z</time>
        <hdop>3.8</hdop>
        <extensions>
          <osmand:speed>6.4</osmand:speed>
        </extensions>
      </trkpt>
      <trkpt lat="54.9589431" lon="25.709974">
        <ele>153.4</ele>
        <time>2024-12-07T13:03:42Z</time>
        <hdop>3.8</hdop>
        <extensions>
          <osmand:speed>5.9</osmand:speed>
        </extensions>
      </trkpt>
      <trkpt lat="54.9588261" lon="25.7095019">
        <ele>153.7</ele>
        <time>2024-12-07T13:03:48Z</time>
        <hdop>3.8</hdop>
        <extensions>
          <osmand:speed>5</osmand:speed>
        </extensions>
      </trkpt>
      <trkpt lat="54.9587016" lon="25.7090561">
        <ele>153.3</ele>
        <time>2024-12-07T13:03:54Z</time>
        <hdop>3.8</hdop>
        <extensions>
          <osmand:speed>4.9</osmand:speed>
        </extensions>
      </trkpt>
      <trkpt lat="54.958572" lon="25.7085537">
        <ele>153.9</ele>
        <time>2024-12-07T13:04:00Z</time>
        <hdop>3.8</hdop>
        <extensions>
          <osmand:speed>5</osmand:speed>
        </extensions>
      </trkpt>
      <trkpt lat="54.9584273" lon="25.7080038">
        <ele>153.2</ele>
        <time>2024-12-07T13:04:06Z</time>
        <hdop>3.8</hdop>
        <extensions>
          <osmand:speed>5.8</osmand:speed>
        </extensions>
      </trkpt>
      <trkpt lat="54.9582988" lon="25.7074723">
        <ele>154</ele>
        <time>2024-12-07T13:04:12Z</time>
        <hdop>3.8</hdop>
        <extensions>
          <osmand:speed>6.2</osmand:speed>
        </extensions>
      </trkpt>
      <trkpt lat="54.9581926" lon="25.7071629">
        <ele>151.1</ele>
        <time>2024-12-07T13:04:18Z</time>
        <hdop>3.8</hdop>
        <extensions>
          <osmand:speed>5.9</osmand:speed>
        </extensions>
      </trkpt>
      <trkpt lat="54.9581649" lon="25.7069491">
        <ele>152</ele>
        <time>2024-12-07T13:04:24Z</time>
        <hdop>3.8</hdop>
      </trkpt>
      <trkpt lat="54.9581627" lon="25.7069487">
        <ele>153.2</ele>
        <time>2024-12-07T13:04:30Z</time>
        <hdop>3.8</hdop>
      </trkpt>
      <trkpt lat="54.9581587" lon="25.7069598">
        <ele>154.8</ele>
        <time>2024-12-07T13:04:36Z</time>
        <hdop>3.8</hdop>
      </trkpt>
      <trkpt lat="54.9581586" lon="25.7069594">
        <ele>154.8</ele>
        <time>2024-12-07T13:04:42Z</time>
        <hdop>3.8</hdop>
      </trkpt>
      <trkpt lat="54.958134" lon="25.7069028">
        <ele>152.5</ele>
        <time>2024-12-07T13:04:48Z</time>
        <hdop>3.8</hdop>
        <extensions>
          <osmand:speed>0.2</osmand:speed>
        </extensions>
      </trkpt>
      <trkpt lat="54.9581276" lon="25.706918">
        <ele>151.7</ele>
        <time>2024-12-07T13:04:54Z</time>
        <hdop>3.8</hdop>
      </trkpt>
      <trkpt lat="54.9581108" lon="25.7068575">
        <ele>151.6</ele>
        <time>2024-12-07T13:05:00Z</time>
        <hdop>3.8</hdop>
      </trkpt>
      <trkpt lat="54.9581097" lon="25.706845">
        <ele>151.1</ele>
        <time>2024-12-07T13:05:06Z</time>
        <hdop>3.8</hdop>
      </trkpt>
      <trkpt lat="54.9581101" lon="25.706837">
        <ele>150.8</ele>
        <time>2024-12-07T13:05:12Z</time>
        <hdop>3.8</hdop>
      </trkpt>
      <trkpt lat="54.95811" lon="25.7068364">
        <ele>150.8</ele>
        <time>2024-12-07T13:05:18Z</time>
        <hdop>3.8</hdop>
      </trkpt>
      <trkpt lat="54.9581098" lon="25.7068359">
        <ele>150.7</ele>
        <time>2024-12-07T13:05:24Z</time>
        <hdop>3.8</hdop>
      </trkpt>
      <trkpt lat="54.9580768" lon="25.7067806">
        <ele>150.6</ele>
        <time>2024-12-07T13:05:30Z</time>
        <hdop>3.8</hdop>
        <extensions>
          <osmand:speed>1.3</osmand:speed>
        </extensions>
      </trkpt>
      <trkpt lat="54.9580413" lon="25.7067578">
        <ele>150.6</ele>
        <time>2024-12-07T13:05:36Z</time>
        <hdop>3.8</hdop>
        <extensions>
          <osmand:speed>0.8</osmand:speed>
        </extensions>
      </trkpt>
      <trkpt lat="54.9580515" lon="25.7067373">
        <ele>153.1</ele>
        <time>2024-12-07T13:05:42Z</time>
        <hdop>3.8</hdop>
      </trkpt>
      <trkpt lat="54.9580412" lon="25.7066946">
        <ele>153.5</ele>
        <time>2024-12-07T13:05:48Z</time>
        <hdop>3.8</hdop>
      </trkpt>
      <trkpt lat="54.9580318" lon="25.7066527">
        <ele>152.9</ele>
        <time>2024-12-07T13:05:54Z</time>
        <hdop>3.8</hdop>
        <extensions>
          <osmand:speed>1.6</osmand:speed>
        </extensions>
      </trkpt>
      <trkpt lat="54.957991" lon="25.7064109">
        <ele>155</ele>
        <time>2024-12-07T13:06:00Z</time>
        <hdop>3.8</hdop>
        <extensions>
          <osmand:speed>2.8</osmand:speed>
        </extensions>
      </trkpt>
      <trkpt lat="54.9579483" lon="25.706318">
        <ele>154.8</ele>
        <time>2024-12-07T13:06:06Z</time>
        <hdop>3.8</hdop>
      </trkpt>
      <trkpt lat="54.957936" lon="25.7062948">
        <ele>153.6</ele>
        <time>2024-12-07T13:06:12Z</time>
        <hdop>3.8</hdop>
      </trkpt>
      <trkpt lat="54.9579293" lon="25.7062895">
        <ele>153.4</ele>
        <time>2024-12-07T13:06:18Z</time>
        <hdop>3.8</hdop>
      </trkpt>
      <trkpt lat="54.9579289" lon="25.706289">
        <ele>153.4</ele>
        <time>2024-12-07T13:06:24Z</time>
        <hdop>3.8</hdop>
      </trkpt>
      <trkpt lat="54.9579286" lon="25.7062886">
        <ele>153.4</ele>
        <time>2024-12-07T13:06:30Z</time>
        <hdop>3.8</hdop>
      </trkpt>
      <trkpt lat="54.9579285" lon="25.7062883">
        <ele>153.4</ele>
        <time>2024-12-07T13:06:36Z</time>
        <hdop>3.8</hdop>
      </trkpt>
      <trkpt lat="54.9579284" lon="25.7062882">
        <ele>153.4</ele>
        <time>2024-12-07T13:06:42Z</time>
        <hdop>3.8</hdop>
      </trkpt>
      <trkpt lat="54.9579283" lon="25.7062881">
        <ele>153.4</ele>
        <time>2024-12-07T13:06:48Z</time>
        <hdop>3.8</hdop>
      </trkpt>
      <trkpt lat="54.957928" lon="25.7062881">
        <ele>153.4</ele>
        <time>2024-12-07T13:06:54Z</time>
        <hdop>3.8</hdop>
      </trkpt>
      <trkpt lat="54.9579278" lon="25.7062881">
        <ele>153.5</ele>
        <time>2024-12-07T13:07:00Z</time>
        <hdop>3.8</hdop>
      </trkpt>
      <trkpt lat="54.9579276" lon="25.7062879">
        <ele>153.5</ele>
        <time>2024-12-07T13:07:06Z</time>
        <hdop>3.8</hdop>
      </trkpt>
      <trkpt lat="54.9579275" lon="25.7062876">
        <ele>153.5</ele>
        <time>2024-12-07T13:07:12Z</time>
        <hdop>3.8</hdop>
      </trkpt>
      <trkpt lat="54.9579274" lon="25.7062876">
        <ele>153.5</ele>
        <time>2024-12-07T13:07:18Z</time>
        <hdop>3.8</hdop>
      </trkpt>
      <trkpt lat="54.9579274" lon="25.7062877">
        <ele>153.5</ele>
        <time>2024-12-07T13:07:24Z</time>
        <hdop>3.8</hdop>
      </trkpt>
      <trkpt lat="54.9579275" lon="25.7062876">
        <ele>153.5</ele>
        <time>2024-12-07T13:07:30Z</time>
        <hdop>3.8</hdop>
      </trkpt>
      <trkpt lat="54.9579275" lon="25.7062876">
        <ele>153.6</ele>
        <time>2024-12-07T13:07:36Z</time>
        <hdop>3.8</hdop>
      </trkpt>
      <trkpt lat="54.9579276" lon="25.7062878">
        <ele>153.6</ele>
        <time>2024-12-07T13:07:42Z</time>
        <hdop>3.8</hdop>
      </trkpt>
      <trkpt lat="54.9579278" lon="25.7062879">
        <ele>153.6</ele>
        <time>2024-12-07T13:07:48Z</time>
        <hdop>3.8</hdop>
      </trkpt>
      <trkpt lat="54.9579281" lon="25.7062878">
        <ele>153.6</ele>
        <time>2024-12-07T13:07:54Z</time>
        <hdop>3.8</hdop>
      </trkpt>
      <trkpt lat="54.9579283" lon="25.7062877">
        <ele>153.6</ele>
        <time>2024-12-07T13:08:00Z</time>
        <hdop>3.8</hdop>
      </trkpt>
      <trkpt lat="54.9579285" lon="25.7062877">
        <ele>153.7</ele>
        <time>2024-12-07T13:08:06Z</time>
        <hdop>3.8</hdop>
      </trkpt>
      <trkpt lat="54.9579287" lon="25.7062878">
        <ele>153.7</ele>
        <time>2024-12-07T13:08:12Z</time>
        <hdop>3.8</hdop>
      </trkpt>
      <trkpt lat="54.957929" lon="25.706288">
        <ele>153.7</ele>
        <time>2024-12-07T13:08:18Z</time>
        <hdop>3.8</hdop>
      </trkpt>
      <trkpt lat="54.9579291" lon="25.7062882">
        <ele>153.7</ele>
        <time>2024-12-07T13:08:24Z</time>
        <hdop>3.8</hdop>
      </trkpt>
      <trkpt lat="54.9579292" lon="25.7062884">
        <ele>153.7</ele>
        <time>2024-12-07T13:08:30Z</time>
        <hdop>3.8</hdop>
      </trkpt>
      <trkpt lat="54.9579293" lon="25.7062886">
        <ele>153.7</ele>
        <time>2024-12-07T13:08:36Z</time>
        <hdop>3.8</hdop>
      </trkpt>
      <trkpt lat="54.9579293" lon="25.7062887">
        <ele>153.6</ele>
        <time>2024-12-07T13:08:42Z</time>
        <hdop>3.8</hdop>
      </trkpt>
      <trkpt lat="54.957929" lon="25.7062888">
        <ele>153.7</ele>
        <time>2024-12-07T13:08:48Z</time>
        <hdop>3.8</hdop>
      </trkpt>
      <trkpt lat="54.9579288" lon="25.7062887">
        <ele>153.7</ele>
        <time>2024-12-07T13:08:54Z</time>
        <hdop>3.8</hdop>
      </trkpt>
      <trkpt lat="54.9579285" lon="25.7062886">
        <ele>153.7</ele>
        <time>2024-12-07T13:09:00Z</time>
        <hdop>3.8</hdop>
      </trkpt>
      <trkpt lat="54.9579284" lon="25.7062886">
        <ele>153.7</ele>
        <time>2024-12-07T13:09:06Z</time>
        <hdop>3.8</hdop>
      </trkpt>
      <trkpt lat="54.9579285" lon="25.7062886">
        <ele>153.7</ele>
        <time>2024-12-07T13:09:12Z</time>
        <hdop>3.8</hdop>
      </trkpt>
      <trkpt lat="54.9579286" lon="25.7062886">
        <ele>153.7</ele>
        <time>2024-12-07T13:09:18Z</time>
        <hdop>3.8</hdop>
      </trkpt>
      <trkpt lat="54.9579285" lon="25.7062886">
        <ele>153.8</ele>
        <time>2024-12-07T13:09:24Z</time>
        <hdop>3.8</hdop>
      </trkpt>
      <trkpt lat="54.9579285" lon="25.7062886">
        <ele>153.8</ele>
        <time>2024-12-07T13:09:30Z</time>
        <hdop>3.8</hdop>
      </trkpt>
      <trkpt lat="54.9579285" lon="25.7062888">
        <ele>153.8</ele>
        <time>2024-12-07T13:09:36Z</time>
        <hdop>3.8</hdop>
      </trkpt>
      <trkpt lat="54.9579286" lon="25.7062888">
        <ele>153.7</ele>
        <time>2024-12-07T13:09:42Z</time>
        <hdop>3.8</hdop>
      </trkpt>
      <trkpt lat="54.9579286" lon="25.7062888">
        <ele>153.7</ele>
        <time>2024-12-07T13:09:48Z</time>
        <hdop>3.8</hdop>
      </trkpt>
      <trkpt lat="54.9579286" lon="25.7062887">
        <ele>153.7</ele>
        <time>2024-12-07T13:09:54Z</time>
        <hdop>3.8</hdop>
      </trkpt>
      <trkpt lat="54.9579285" lon="25.7062886">
        <ele>153.7</ele>
        <time>2024-12-07T13:10:00Z</time>
        <hdop>3.8</hdop>
      </trkpt>
      <trkpt lat="54.9579285" lon="25.7062884">
        <ele>153.7</ele>
        <time>2024-12-07T13:10:06Z</time>
        <hdop>3.8</hdop>
      </trkpt>
      <trkpt lat="54.9579285" lon="25.7062885">
        <ele>153.7</ele>
        <time>2024-12-07T13:10:12Z</time>
        <hdop>3.8</hdop>
      </trkpt>
      <trkpt lat="54.9579285" lon="25.7062884">
        <ele>153.7</ele>
        <time>2024-12-07T13:10:18Z</time>
        <hdop>3.8</hdop>
      </trkpt>
      <trkpt lat="54.9579286" lon="25.7062883">
        <ele>153.7</ele>
        <time>2024-12-07T13:10:24Z</time>
        <hdop>3.8</hdop>
      </trkpt>
      <trkpt lat="54.9579286" lon="25.7062882">
        <ele>153.7</ele>
        <time>2024-12-07T13:10:30Z</time>
        <hdop>3.8</hdop>
      </trkpt>
      <trkpt lat="54.9579286" lon="25.7062879">
        <ele>153.8</ele>
        <time>2024-12-07T13:10:36Z</time>
        <hdop>3.8</hdop>
      </trkpt>
      <trkpt lat="54.9579286" lon="25.7062877">
        <ele>153.8</ele>
        <time>2024-12-07T13:10:42Z</time>
        <hdop>3.8</hdop>
      </trkpt>
      <trkpt lat="54.9579286" lon="25.7062876">
        <ele>153.8</ele>
        <time>2024-12-07T13:10:48Z</time>
        <hdop>3.8</hdop>
      </trkpt>
      <trkpt lat="54.9579285" lon="25.7062874">
        <ele>153.9</ele>
        <time>2024-12-07T13:10:54Z</time>
        <hdop>3.8</hdop>
      </trkpt>
      <trkpt lat="54.9579282" lon="25.7062874">
        <ele>153.9</ele>
        <time>2024-12-07T13:11:00Z</time>
        <hdop>3.8</hdop>
      </trkpt>
      <trkpt lat="54.957928" lon="25.7062873">
        <ele>153.9</ele>
        <time>2024-12-07T13:11:06Z</time>
        <hdop>3.8</hdop>
      </trkpt>
      <trkpt lat="54.9579279" lon="25.7062871">
        <ele>153.9</ele>
        <time>2024-12-07T13:11:12Z</time>
        <hdop>3.8</hdop>
      </trkpt>
      <trkpt lat="54.9579279" lon="25.706287">
        <ele>153.9</ele>
        <time>2024-12-07T13:11:18Z</time>
        <hdop>3.8</hdop>
      </trkpt>
      <trkpt lat="54.957928" lon="25.7062868">
        <ele>153.9</ele>
        <time>2024-12-07T13:11:24Z</time>
        <hdop>3.8</hdop>
      </trkpt>
      <trkpt lat="54.957928" lon="25.7062866">
        <ele>153.9</ele>
        <time>2024-12-07T13:11:30Z</time>
        <hdop>3.8</hdop>
      </trkpt>
      <trkpt lat="54.9579281" lon="25.7062865">
        <ele>153.9</ele>
        <time>2024-12-07T13:11:36Z</time>
        <hdop>3.8</hdop>
      </trkpt>
      <trkpt lat="54.9579281" lon="25.7062864">
        <ele>153.9</ele>
        <time>2024-12-07T13:11:42Z</time>
        <hdop>3.8</hdop>
      </trkpt>
      <trkpt lat="54.9579283" lon="25.7062863">
        <ele>153.8</ele>
        <time>2024-12-07T13:11:48Z</time>
        <hdop>3.8</hdop>
      </trkpt>
      <trkpt lat="54.9579283" lon="25.7062864">
        <ele>153.8</ele>
        <time>2024-12-07T13:11:54Z</time>
        <hdop>3.8</hdop>
      </trkpt>
      <trkpt lat="54.9579283" lon="25.7062864">
        <ele>153.9</ele>
        <time>2024-12-07T13:12:00Z</time>
        <hdop>3.8</hdop>
      </trkpt>
      <trkpt lat="54.9579284" lon="25.7062865">
        <ele>153.8</ele>
        <time>2024-12-07T13:12:06Z</time>
        <hdop>3.8</hdop>
      </trkpt>
      <trkpt lat="54.9579284" lon="25.7062866">
        <ele>153.8</ele>
        <time>2024-12-07T13:12:12Z</time>
        <hdop>3.8</hdop>
      </trkpt>
      <trkpt lat="54.9579284" lon="25.7062866">
        <ele>153.8</ele>
        <time>2024-12-07T13:12:18Z</time>
        <hdop>3.8</hdop>
      </trkpt>
      <trkpt lat="54.9579285" lon="25.7062865">
        <ele>153.8</ele>
        <time>2024-12-07T13:12:24Z</time>
        <hdop>3.8</hdop>
      </trkpt>
      <trkpt lat="54.9579284" lon="25.7062864">
        <ele>153.8</ele>
        <time>2024-12-07T13:12:30Z</time>
        <hdop>3.8</hdop>
      </trkpt>
      <trkpt lat="54.9579285" lon="25.7062864">
        <ele>153.8</ele>
        <time>2024-12-07T13:12:36Z</time>
        <hdop>3.8</hdop>
      </trkpt>
      <trkpt lat="54.9579288" lon="25.7062864">
        <ele>153.8</ele>
        <time>2024-12-07T13:12:42Z</time>
        <hdop>3.8</hdop>
      </trkpt>
      <trkpt lat="54.9579289" lon="25.7062863">
        <ele>153.9</ele>
        <time>2024-12-07T13:12:48Z</time>
        <hdop>3.8</hdop>
      </trkpt>
      <trkpt lat="54.9579292" lon="25.7062863">
        <ele>153.9</ele>
        <time>2024-12-07T13:12:54Z</time>
        <hdop>3.8</hdop>
      </trkpt>
      <trkpt lat="54.9579295" lon="25.7062862">
        <ele>154</ele>
        <time>2024-12-07T13:13:00Z</time>
        <hdop>3.8</hdop>
      </trkpt>
      <trkpt lat="54.9579299" lon="25.7062861">
        <ele>154.1</ele>
        <time>2024-12-07T13:13:06Z</time>
        <hdop>3.8</hdop>
      </trkpt>
      <trkpt lat="54.9579299" lon="25.706286">
        <ele>154.1</ele>
        <time>2024-12-07T13:13:12Z</time>
        <hdop>3.8</hdop>
      </trkpt>
      <trkpt lat="54.9579298" lon="25.7062861">
        <ele>154.1</ele>
        <time>2024-12-07T13:13:18Z</time>
        <hdop>3.8</hdop>
      </trkpt>
      <trkpt lat="54.9579298" lon="25.7062862">
        <ele>154.1</ele>
        <time>2024-12-07T13:13:24Z</time>
        <hdop>3.8</hdop>
      </trkpt>
      <trkpt lat="54.9579301" lon="25.7062861">
        <ele>154.1</ele>
        <time>2024-12-07T13:13:30Z</time>
        <hdop>3.8</hdop>
      </trkpt>
      <trkpt lat="54.9579301" lon="25.7062861">
        <ele>154</ele>
        <time>2024-12-07T13:13:36Z</time>
        <hdop>3.8</hdop>
      </trkpt>
      <trkpt lat="54.9579301" lon="25.706286">
        <ele>154</ele>
        <time>2024-12-07T13:13:42Z</time>
        <hdop>3.8</hdop>
      </trkpt>
      <trkpt lat="54.9579301" lon="25.7062859">
        <ele>153.9</ele>
        <time>2024-12-07T13:13:48Z</time>
        <hdop>3.8</hdop>
      </trkpt>
      <trkpt lat="54.95793" lon="25.7062859">
        <ele>153.9</ele>
        <time>2024-12-07T13:13:54Z</time>
        <hdop>3.8</hdop>
      </trkpt>
      <trkpt lat="54.95793" lon="25.7062859">
        <ele>153.9</ele>
        <time>2024-12-07T13:14:00Z</time>
        <hdop>3.8</hdop>
      </trkpt>
      <trkpt lat="54.95793" lon="25.706286">
        <ele>153.8</ele>
        <time>2024-12-07T13:14:06Z</time>
        <hdop>3.8</hdop>
      </trkpt>
      <trkpt lat="54.9579299" lon="25.7062861">
        <ele>153.8</ele>
        <time>2024-12-07T13:14:12Z</time>
        <hdop>3.8</hdop>
      </trkpt>
      <trkpt lat="54.9579298" lon="25.7062863">
        <ele>153.8</ele>
        <time>2024-12-07T13:14:18Z</time>
        <hdop>3.8</hdop>
      </trkpt>
      <trkpt lat="54.9579298" lon="25.7062865">
        <ele>153.8</ele>
        <time>2024-12-07T13:14:24Z</time>
        <hdop>3.8</hdop>
      </trkpt>
      <trkpt lat="54.9579296" lon="25.7062864">
        <ele>153.8</ele>
        <time>2024-12-07T13:14:30Z</time>
        <hdop>3.8</hdop>
      </trkpt>
      <trkpt lat="54.9579295" lon="25.7062864">
        <ele>153.7</ele>
        <time>2024-12-07T13:14:36Z</time>
        <hdop>3.8</hdop>
      </trkpt>
      <trkpt lat="54.9579295" lon="25.7062862">
        <ele>153.7</ele>
        <time>2024-12-07T13:14:42Z</time>
        <hdop>3.8</hdop>
      </trkpt>
      <trkpt lat="54.9579296" lon="25.7062863">
        <ele>153.7</ele>
        <time>2024-12-07T13:14:48Z</time>
        <hdop>3.8</hdop>
      </trkpt>
      <trkpt lat="54.9579297" lon="25.7062864">
        <ele>153.7</ele>
        <time>2024-12-07T13:14:54Z</time>
        <hdop>3.8</hdop>
      </trkpt>
      <trkpt lat="54.9579298" lon="25.7062864">
        <ele>153.7</ele>
        <time>2024-12-07T13:15:00Z</time>
        <hdop>3.8</hdop>
      </trkpt>
      <trkpt lat="54.95793" lon="25.7062865">
        <ele>153.7</ele>
        <time>2024-12-07T13:15:06Z</time>
        <hdop>3.8</hdop>
      </trkpt>
      <trkpt lat="54.95793" lon="25.7062865">
        <ele>153.7</ele>
        <time>2024-12-07T13:15:12Z</time>
        <hdop>3.8</hdop>
      </trkpt>
      <trkpt lat="54.9579301" lon="25.7062866">
        <ele>153.7</ele>
        <time>2024-12-07T13:15:18Z</time>
        <hdop>3.8</hdop>
      </trkpt>
      <trkpt lat="54.9579301" lon="25.7062867">
        <ele>153.7</ele>
        <time>2024-12-07T13:15:24Z</time>
        <hdop>3.8</hdop>
      </trkpt>
      <trkpt lat="54.9579302" lon="25.7062866">
        <ele>153.7</ele>
        <time>2024-12-07T13:15:30Z</time>
        <hdop>3.8</hdop>
      </trkpt>
      <trkpt lat="54.9579303" lon="25.7062866">
        <ele>153.6</ele>
        <time>2024-12-07T13:15:36Z</time>
        <hdop>3.8</hdop>
      </trkpt>
      <trkpt lat="54.9579302" lon="25.7062867">
        <ele>153.6</ele>
        <time>2024-12-07T13:15:42Z</time>
        <hdop>3.8</hdop>
      </trkpt>
      <trkpt lat="54.9579302" lon="25.7062868">
        <ele>153.6</ele>
        <time>2024-12-07T13:15:48Z</time>
        <hdop>3.8</hdop>
      </trkpt>
      <trkpt lat="54.9579302" lon="25.7062869">
        <ele>153.5</ele>
        <time>2024-12-07T13:15:54Z</time>
        <hdop>3.8</hdop>
      </trkpt>
      <trkpt lat="54.9579128" lon="25.7062115">
        <ele>153.1</ele>
        <time>2024-12-07T13:16:00Z</time>
        <hdop>3.8</hdop>
        <extensions>
          <osmand:speed>2.5</osmand:speed>
        </extensions>
      </trkpt>
      <trkpt lat="54.9578702" lon="25.7060919">
        <ele>152.5</ele>
        <time>2024-12-07T13:16:06Z</time>
        <hdop>3.8</hdop>
      </trkpt>
      <trkpt lat="54.957874" lon="25.7060884">
        <ele>152</ele>
        <time>2024-12-07T13:16:12Z</time>
        <hdop>3.8</hdop>
      </trkpt>
      <trkpt lat="54.9578707" lon="25.7060874">
        <ele>152.2</ele>
        <time>2024-12-07T13:16:18Z</time>
        <hdop>3.8</hdop>
      </trkpt>
      <trkpt lat="54.9578693" lon="25.7060677">
        <ele>152.3</ele>
        <time>2024-12-07T13:16:24Z</time>
        <hdop>3.8</hdop>
        <extensions>
          <osmand:speed>0.8</osmand:speed>
        </extensions>
      </trkpt>
      <trkpt lat="54.9578575" lon="25.7060344">
        <ele>152.1</ele>
        <time>2024-12-07T13:16:30Z</time>
        <hdop>3.8</hdop>
        <extensions>
          <osmand:speed>0.7</osmand:speed>
        </extensions>
      </trkpt>
      <trkpt lat="54.9578347" lon="25.7059351">
        <ele>152.3</ele>
        <time>2024-12-07T13:16:36Z</time>
        <hdop>3.8</hdop>
        <extensions>
          <osmand:speed>0.9</osmand:speed>
        </extensions>
      </trkpt>
      <trkpt lat="54.9577319" lon="25.7057334">
        <ele>153</ele>
        <time>2024-12-07T13:16:42Z</time>
        <hdop>3.8</hdop>
        <extensions>
          <osmand:speed>3.1</osmand:speed>
        </extensions>
      </trkpt>
      <trkpt lat="54.9577401" lon="25.7055419">
        <ele>152.3</ele>
        <time>2024-12-07T13:16:48Z</time>
        <hdop>3.8</hdop>
        <extensions>
          <osmand:speed>0.6</osmand:speed>
        </extensions>
      </trkpt>
      <trkpt lat="54.9576255" lon="25.7050958">
        <ele>151.5</ele>
        <time>2024-12-07T13:16:54Z</time>
        <hdop>3.8</hdop>
        <extensions>
          <osmand:speed>6.4</osmand:speed>
        </extensions>
      </trkpt>
      <trkpt lat="54.9574476" lon="25.7045284">
        <ele>149.7</ele>
        <time>2024-12-07T13:17:00Z</time>
        <hdop>3.8</hdop>
        <extensions>
          <osmand:speed>9.4</osmand:speed>
        </extensions>
      </trkpt>
      <trkpt lat="54.95719" lon="25.7037422">
        <ele>150.8</ele>
        <time>2024-12-07T13:17:06Z</time>
        <hdop>3.8</hdop>
        <extensions>
          <osmand:speed>10.2</osmand:speed>
        </extensions>
      </trkpt>
      <trkpt lat="54.9569057" lon="25.7029151">
        <ele>150.6</ele>
        <time>2024-12-07T13:17:12Z</time>
        <hdop>3.8</hdop>
        <extensions>
          <osmand:speed>11.3</osmand:speed>
        </extensions>
      </trkpt>
      <trkpt lat="54.9566936" lon="25.7023644">
        <ele>151</ele>
        <time>2024-12-07T13:17:18Z</time>
        <hdop>3.8</hdop>
        <extensions>
          <osmand:speed>0.5</osmand:speed>
        </extensions>
      </trkpt>
      <trkpt lat="54.9566778" lon="25.7023492">
        <ele>153.1</ele>
        <time>2024-12-07T13:17:24Z</time>
        <hdop>3.8</hdop>
      </trkpt>
      <trkpt lat="54.9566683" lon="25.702358">
        <ele>154</ele>
        <time>2024-12-07T13:17:30Z</time>
        <hdop>3.8</hdop>
      </trkpt>
      <trkpt lat="54.9566672" lon="25.7023587">
        <ele>154.7</ele>
        <time>2024-12-07T13:17:36Z</time>
        <hdop>3.8</hdop>
      </trkpt>
      <trkpt lat="54.956653" lon="25.7023148">
        <ele>154.5</ele>
        <time>2024-12-07T13:17:42Z</time>
        <hdop>3.8</hdop>
        <extensions>
          <osmand:speed>2</osmand:speed>
        </extensions>
      </trkpt>
      <trkpt lat="54.9565927" lon="25.7021212">
        <ele>153.7</ele>
        <time>2024-12-07T13:17:48Z</time>
        <hdop>3.8</hdop>
        <extensions>
          <osmand:speed>2.5</osmand:speed>
        </extensions>
      </trkpt>
      <trkpt lat="54.9565434" lon="25.7019617">
        <ele>154.2</ele>
        <time>2024-12-07T13:17:54Z</time>
        <hdop>3.8</hdop>
        <extensions>
          <osmand:speed>3.1</osmand:speed>
        </extensions>
      </trkpt>
      <trkpt lat="54.9564128" lon="25.701506">
        <ele>154.7</ele>
        <time>2024-12-07T13:18:00Z</time>
        <hdop>4.5</hdop>
        <extensions>
          <osmand:speed>7.5</osmand:speed>
        </extensions>
      </trkpt>
      <trkpt lat="54.9560906" lon="25.7010203">
        <ele>156</ele>
        <time>2024-12-07T13:18:06Z</time>
        <hdop>3.8</hdop>
        <extensions>
          <osmand:speed>8.1</osmand:speed>
        </extensions>
      </trkpt>
      <trkpt lat="54.9558581" lon="25.7003892">
        <ele>155.9</ele>
        <time>2024-12-07T13:18:12Z</time>
        <hdop>3.8</hdop>
        <extensions>
          <osmand:speed>8.5</osmand:speed>
        </extensions>
      </trkpt>
      <trkpt lat="54.9555853" lon="25.6999321">
        <ele>155.3</ele>
        <time>2024-12-07T13:18:18Z</time>
        <hdop>3.8</hdop>
        <extensions>
          <osmand:speed>6.6</osmand:speed>
        </extensions>
      </trkpt>
      <trkpt lat="54.9553198" lon="25.6994119">
        <ele>155.7</ele>
        <time>2024-12-07T13:18:24Z</time>
        <hdop>3.8</hdop>
        <extensions>
          <osmand:speed>6.7</osmand:speed>
        </extensions>
      </trkpt>
      <trkpt lat="54.9552537" lon="25.6989727">
        <ele>155.4</ele>
        <time>2024-12-07T13:18:30Z</time>
        <hdop>3.8</hdop>
        <extensions>
          <osmand:speed>4.6</osmand:speed>
        </extensions>
      </trkpt>
      <trkpt lat="54.9550555" lon="25.6984817">
        <ele>153.7</ele>
        <time>2024-12-07T13:18:36Z</time>
        <hdop>3.8</hdop>
        <extensions>
          <osmand:speed>7.7</osmand:speed>
        </extensions>
      </trkpt>
      <trkpt lat="54.9547127" lon="25.6979078">
        <ele>153.8</ele>
        <time>2024-12-07T13:18:42Z</time>
        <hdop>3.8</hdop>
        <extensions>
          <osmand:speed>7.5</osmand:speed>
        </extensions>
      </trkpt>
      <trkpt lat="54.9544731" lon="25.6975077">
        <ele>153.6</ele>
        <time>2024-12-07T13:18:48Z</time>
        <hdop>3.8</hdop>
        <extensions>
          <osmand:speed>7</osmand:speed>
        </extensions>
      </trkpt>
      <trkpt lat="54.9542355" lon="25.6970992">
        <ele>154</ele>
        <time>2024-12-07T13:18:54Z</time>
        <hdop>3.8</hdop>
        <extensions>
          <osmand:speed>5.3</osmand:speed>
        </extensions>
      </trkpt>
      <trkpt lat="54.9539403" lon="25.6967036">
        <ele>153.9</ele>
        <time>2024-12-07T13:19:00Z</time>
        <hdop>3.8</hdop>
        <extensions>
          <osmand:speed>7.8</osmand:speed>
        </extensions>
      </trkpt>
      <trkpt lat="54.9538085" lon="25.6965061">
        <ele>152.4</ele>
        <time>2024-12-07T13:19:06Z</time>
        <hdop>3.8</hdop>
        <extensions>
          <osmand:speed>0.6</osmand:speed>
        </extensions>
      </trkpt>
      <trkpt lat="54.9536864" lon="25.696418">
        <ele>153.2</ele>
        <time>2024-12-07T13:19:12Z</time>
        <hdop>3.8</hdop>
        <extensions>
          <osmand:speed>2.3</osmand:speed>
        </extensions>
      </trkpt>
      <trkpt lat="54.9534255" lon="25.6961624">
        <ele>156.6</ele>
        <time>2024-12-07T13:19:18Z</time>
        <hdop>3.8</hdop>
        <extensions>
          <osmand:speed>9.2</osmand:speed>
        </extensions>
      </trkpt>
      <trkpt lat="54.9530701" lon="25.6955913">
        <ele>157.1</ele>
        <time>2024-12-07T13:19:24Z</time>
        <hdop>3.8</hdop>
        <extensions>
          <osmand:speed>8.6</osmand:speed>
        </extensions>
      </trkpt>
      <trkpt lat="54.9527863" lon="25.6951826">
        <ele>156.8</ele>
        <time>2024-12-07T13:19:30Z</time>
        <hdop>3.8</hdop>
        <extensions>
          <osmand:speed>5.5</osmand:speed>
        </extensions>
      </trkpt>
      <trkpt lat="54.9525937" lon="25.6949433">
        <ele>155.4</ele>
        <time>2024-12-07T13:19:36Z</time>
        <hdop>4.4</hdop>
        <extensions>
          <osmand:speed>4.4</osmand:speed>
        </extensions>
      </trkpt>
      <trkpt lat="54.9523678" lon="25.6946065">
        <ele>154.6</ele>
        <time>2024-12-07T13:19:42Z</time>
        <hdop>3.8</hdop>
        <extensions>
          <osmand:speed>5.6</osmand:speed>
        </extensions>
      </trkpt>
      <trkpt lat="54.9521408" lon="25.6941514">
        <ele>154.1</ele>
        <time>2024-12-07T13:19:48Z</time>
        <hdop>3.8</hdop>
        <extensions>
          <osmand:speed>8</osmand:speed>
        </extensions>
      </trkpt>
      <trkpt lat="54.9518034" lon="25.6936233">
        <ele>154.6</ele>
        <time>2024-12-07T13:19:54Z</time>
        <hdop>3.8</hdop>
        <extensions>
          <osmand:speed>10.4</osmand:speed>
        </extensions>
      </trkpt>
      <trkpt lat="54.9513214" lon="25.6928467">
        <ele>155.2</ele>
        <time>2024-12-07T13:20:00Z</time>
        <hdop>3.8</hdop>
        <extensions>
          <osmand:speed>12.5</osmand:speed>
        </extensions>
      </trkpt>
      <trkpt lat="54.9508378" lon="25.6920124">
        <ele>155.3</ele>
        <time>2024-12-07T13:20:06Z</time>
        <hdop>3.8</hdop>
        <extensions>
          <osmand:speed>12.5</osmand:speed>
        </extensions>
      </trkpt>
      <trkpt lat="54.9503368" lon="25.6910942">
        <ele>158.3</ele>
        <time>2024-12-07T13:20:12Z</time>
        <hdop>3.8</hdop>
        <extensions>
          <osmand:speed>13.9</osmand:speed>
        </extensions>
      </trkpt>
      <trkpt lat="54.9498247" lon="25.6901189">
        <ele>157.8</ele>
        <time>2024-12-07T13:20:18Z</time>
        <hdop>3.8</hdop>
        <extensions>
          <osmand:speed>13.6</osmand:speed>
        </extensions>
      </trkpt>
      <trkpt lat="54.9493757" lon="25.6891526">
        <ele>159.7</ele>
        <time>2024-12-07T13:20:24Z</time>
        <hdop>3.8</hdop>
        <extensions>
          <osmand:speed>13</osmand:speed>
        </extensions>
      </trkpt>
      <trkpt lat="54.9488751" lon="25.6881214">
        <ele>158</ele>
        <time>2024-12-07T13:20:30Z</time>
        <hdop>3.8</hdop>
        <extensions>
          <osmand:speed>15.5</osmand:speed>
        </extensions>
      </trkpt>
      <trkpt lat="54.9484332" lon="25.6868454">
        <ele>158.7</ele>
        <time>2024-12-07T13:20:36Z</time>
        <hdop>3.8</hdop>
        <extensions>
          <osmand:speed>16.9</osmand:speed>
        </extensions>
      </trkpt>
      <trkpt lat="54.9478973" lon="25.6854878">
        <ele>156.4</ele>
        <time>2024-12-07T13:20:42Z</time>
        <hdop>3.8</hdop>
        <extensions>
          <osmand:speed>17.6</osmand:speed>
        </extensions>
      </trkpt>
      <trkpt lat="54.9475066" lon="25.6841672">
        <ele>158.2</ele>
        <time>2024-12-07T13:20:48Z</time>
        <hdop>3.8</hdop>
        <extensions>
          <osmand:speed>14.4</osmand:speed>
        </extensions>
      </trkpt>
      <trkpt lat="54.9471536" lon="25.683059">
        <ele>156.8</ele>
        <time>2024-12-07T13:20:54Z</time>
        <hdop>3.8</hdop>
        <extensions>
          <osmand:speed>14.2</osmand:speed>
        </extensions>
      </trkpt>
      <trkpt lat="54.9468159" lon="25.6818533">
        <ele>155.5</ele>
        <time>2024-12-07T13:21:00Z</time>
        <hdop>3.8</hdop>
        <extensions>
          <osmand:speed>14.7</osmand:speed>
        </extensions>
      </trkpt>
      <trkpt lat="54.9464925" lon="25.6806106">
        <ele>153.8</ele>
        <time>2024-12-07T13:21:06Z</time>
        <hdop>3.8</hdop>
        <extensions>
          <osmand:speed>14.4</osmand:speed>
        </extensions>
      </trkpt>
      <trkpt lat="54.9461256" lon="25.6792516">
        <ele>153.6</ele>
        <time>2024-12-07T13:21:12Z</time>
        <hdop>3.8</hdop>
        <extensions>
          <osmand:speed>15.5</osmand:speed>
        </extensions>
      </trkpt>
      <trkpt lat="54.9457398" lon="25.6780267">
        <ele>155.2</ele>
        <time>2024-12-07T13:21:18Z</time>
        <hdop>3.8</hdop>
        <extensions>
          <osmand:speed>14.8</osmand:speed>
        </extensions>
      </trkpt>
      <trkpt lat="54.9453656" lon="25.6769182">
        <ele>154.3</ele>
        <time>2024-12-07T13:21:24Z</time>
        <hdop>3.8</hdop>
        <extensions>
          <osmand:speed>14.7</osmand:speed>
        </extensions>
      </trkpt>
      <trkpt lat="54.945047" lon="25.6756261">
        <ele>152.3</ele>
        <time>2024-12-07T13:21:30Z</time>
        <hdop>3.8</hdop>
        <extensions>
          <osmand:speed>15.6</osmand:speed>
        </extensions>
      </trkpt>
      <trkpt lat="54.9446952" lon="25.6743253">
        <ele>149.7</ele>
        <time>2024-12-07T13:21:36Z</time>
        <hdop>3.8</hdop>
        <extensions>
          <osmand:speed>15.1</osmand:speed>
        </extensions>
      </trkpt>
      <trkpt lat="54.9444121" lon="25.6733161">
        <ele>151.8</ele>
        <time>2024-12-07T13:21:42Z</time>
        <hdop>3.9</hdop>
        <extensions>
          <osmand:speed>10.3</osmand:speed>
        </extensions>
      </trkpt>
      <trkpt lat="54.944123" lon="25.6724185">
        <ele>152.3</ele>
        <time>2024-12-07T13:21:48Z</time>
        <hdop>3.8</hdop>
        <extensions>
          <osmand:speed>11.1</osmand:speed>
        </extensions>
      </trkpt>
      <trkpt lat="54.9440434" lon="25.6715772">
        <ele>152.7</ele>
        <time>2024-12-07T13:21:54Z</time>
        <hdop>3.8</hdop>
        <extensions>
          <osmand:speed>11.4</osmand:speed>
        </extensions>
      </trkpt>
      <trkpt lat="54.9437483" lon="25.6706811">
        <ele>148.9</ele>
        <time>2024-12-07T13:22:00Z</time>
        <hdop>3.8</hdop>
        <extensions>
          <osmand:speed>12.7</osmand:speed>
        </extensions>
      </trkpt>
      <trkpt lat="54.9432932" lon="25.6698388">
        <ele>146.6</ele>
        <time>2024-12-07T13:22:06Z</time>
        <hdop>3.8</hdop>
        <extensions>
          <osmand:speed>12.6</osmand:speed>
        </extensions>
      </trkpt>
      <trkpt lat="54.942981" lon="25.6692158">
        <ele>145.5</ele>
        <time>2024-12-07T13:22:12Z</time>
        <hdop>3.8</hdop>
        <extensions>
          <osmand:speed>4</osmand:speed>
        </extensions>
      </trkpt>
      <trkpt lat="54.9428421" lon="25.6690168">
        <ele>141.9</ele>
        <time>2024-12-07T13:22:18Z</time>
        <hdop>3.8</hdop>
        <extensions>
          <osmand:speed>2.5</osmand:speed>
        </extensions>
      </trkpt>
      <trkpt lat="54.9427845" lon="25.6689292">
        <ele>140.9</ele>
        <time>2024-12-07T13:22:24Z</time>
        <hdop>3.8</hdop>
        <extensions>
          <osmand:speed>0.6</osmand:speed>
        </extensions>
      </trkpt>
      <trkpt lat="54.942729" lon="25.6688329">
        <ele>139.9</ele>
        <time>2024-12-07T13:22:30Z</time>
        <hdop>3.8</hdop>
        <extensions>
          <osmand:speed>1.4</osmand:speed>
        </extensions>
      </trkpt>
      <trkpt lat="54.9426556" lon="25.668709">
        <ele>140.4</ele>
        <time>2024-12-07T13:22:36Z</time>
        <hdop>3.8</hdop>
        <extensions>
          <osmand:speed>2.6</osmand:speed>
        </extensions>
      </trkpt>
      <trkpt lat="54.942524" lon="25.6686819">
        <ele>140.8</ele>
        <time>2024-12-07T13:22:42Z</time>
        <hdop>3.8</hdop>
        <extensions>
          <osmand:speed>1.5</osmand:speed>
        </extensions>
      </trkpt>
      <trkpt lat="54.9424847" lon="25.6686205">
        <ele>141.9</ele>
        <time>2024-12-07T13:22:48Z</time>
        <hdop>3.8</hdop>
      </trkpt>
      <trkpt lat="54.9424748" lon="25.6686038">
        <ele>142.5</ele>
        <time>2024-12-07T13:22:54Z</time>
        <hdop>3.8</hdop>
        <extensions>
          <osmand:speed>0.8</osmand:speed>
        </extensions>
      </trkpt>
      <trkpt lat="54.9424159" lon="25.6685179">
        <ele>142.2</ele>
        <time>2024-12-07T13:23:00Z</time>
        <hdop>3.8</hdop>
        <extensions>
          <osmand:speed>2.8</osmand:speed>
        </extensions>
      </trkpt>
      <trkpt lat="54.9423643" lon="25.6683978">
        <ele>142.1</ele>
        <time>2024-12-07T13:23:06Z</time>
        <hdop>3.8</hdop>
        <extensions>
          <osmand:speed>1.3</osmand:speed>
        </extensions>
      </trkpt>
      <trkpt lat="54.9424668" lon="25.6686034">
        <ele>142.1</ele>
        <time>2024-12-07T13:23:12Z</time>
        <hdop>3.8</hdop>
        <extensions>
          <osmand:speed>4.7</osmand:speed>
        </extensions>
      </trkpt>
      <trkpt lat="54.9426398" lon="25.6687418">
        <ele>141.2</ele>
        <time>2024-12-07T13:23:18Z</time>
        <hdop>3.8</hdop>
        <extensions>
          <osmand:speed>3</osmand:speed>
        </extensions>
      </trkpt>
      <trkpt lat="54.9427857" lon="25.6686599">
        <ele>141.5</ele>
        <time>2024-12-07T13:23:24Z</time>
        <hdop>3.8</hdop>
        <extensions>
          <osmand:speed>3.1</osmand:speed>
        </extensions>
      </trkpt>
      <trkpt lat="54.9427968" lon="25.6682878">
        <ele>143.4</ele>
        <time>2024-12-07T13:23:30Z</time>
        <hdop>3.8</hdop>
        <extensions>
          <osmand:speed>5.4</osmand:speed>
        </extensions>
      </trkpt>
      <trkpt lat="54.9427803" lon="25.6681225">
        <ele>144.5</ele>
        <time>2024-12-07T13:23:36Z</time>
        <hdop>3.8</hdop>
      </trkpt>
      <trkpt lat="54.942799" lon="25.6681066">
        <ele>146.5</ele>
        <time>2024-12-07T13:23:42Z</time>
        <hdop>3.8</hdop>
      </trkpt>
      <trkpt lat="54.9427999" lon="25.6681079">
        <ele>148.9</ele>
        <time>2024-12-07T13:23:48Z</time>
        <hdop>3.8</hdop>
      </trkpt>
      <trkpt lat="54.942779" lon="25.6680919">
        <ele>149.9</ele>
        <time>2024-12-07T13:23:54Z</time>
        <hdop>3.8</hdop>
        <extensions>
          <osmand:speed>0.2</osmand:speed>
        </extensions>
      </trkpt>
      <trkpt lat="54.9427611" lon="25.6681145">
        <ele>148.2</ele>
        <time>2024-12-07T13:24:00Z</time>
        <hdop>3.8</hdop>
      </trkpt>
      <trkpt lat="54.9427545" lon="25.6681229">
        <ele>146.8</ele>
        <time>2024-12-07T13:24:06Z</time>
        <hdop>3.8</hdop>
      </trkpt>
      <trkpt lat="54.9427543" lon="25.6681225">
        <ele>146.8</ele>
        <time>2024-12-07T13:24:12Z</time>
        <hdop>3.8</hdop>
      </trkpt>
      <trkpt lat="54.9427557" lon="25.6681217">
        <ele>146.8</ele>
        <time>2024-12-07T13:24:18Z</time>
        <hdop>3.8</hdop>
      </trkpt>
      <trkpt lat="54.9427554" lon="25.6681225">
        <ele>147</ele>
        <time>2024-12-07T13:24:24Z</time>
        <hdop>3.8</hdop>
      </trkpt>
      <trkpt lat="54.9427546" lon="25.6681225">
        <ele>147.1</ele>
        <time>2024-12-07T13:24:30Z</time>
        <hdop>3.8</hdop>
      </trkpt>
      <trkpt lat="54.9427544" lon="25.6681228">
        <ele>147.2</ele>
        <time>2024-12-07T13:24:36Z</time>
        <hdop>3.8</hdop>
      </trkpt>
      <trkpt lat="54.9427543" lon="25.6681228">
        <ele>147.2</ele>
        <time>2024-12-07T13:24:42Z</time>
        <hdop>3.8</hdop>
      </trkpt>
      <trkpt lat="54.9427622" lon="25.6681373">
        <ele>145.3</ele>
        <time>2024-12-07T13:24:48Z</time>
        <hdop>3.8</hdop>
        <extensions>
          <osmand:speed>0.2</osmand:speed>
        </extensions>
      </trkpt>
      <trkpt lat="54.9427583" lon="25.6681378">
        <ele>144.4</ele>
        <time>2024-12-07T13:24:54Z</time>
        <hdop>3.8</hdop>
      </trkpt>
      <trkpt lat="54.9427516" lon="25.6681183">
        <ele>144.8</ele>
        <time>2024-12-07T13:25:00Z</time>
        <hdop>3.8</hdop>
      </trkpt>
      <trkpt lat="54.9427496" lon="25.668114">
        <ele>144.8</ele>
        <time>2024-12-07T13:25:06Z</time>
        <hdop>3.8</hdop>
      </trkpt>
      <trkpt lat="54.9427572" lon="25.6680152">
        <ele>146.5</ele>
        <time>2024-12-07T13:25:12Z</time>
        <hdop>3.8</hdop>
        <extensions>
          <osmand:speed>2.8</osmand:speed>
        </extensions>
      </trkpt>
      <trkpt lat="54.9427726" lon="25.6680007">
        <ele>148.4</ele>
        <time>2024-12-07T13:25:18Z</time>
        <hdop>3.8</hdop>
        <extensions>
          <osmand:speed>0.4</osmand:speed>
        </extensions>
      </trkpt>
      <trkpt lat="54.9427648" lon="25.6679969">
        <ele>146.7</ele>
        <time>2024-12-07T13:25:24Z</time>
        <hdop>3.8</hdop>
        <extensions>
          <osmand:speed>0.3</osmand:speed>
        </extensions>
      </trkpt>
      <trkpt lat="54.9427845" lon="25.6679926">
        <ele>146.4</ele>
        <time>2024-12-07T13:25:30Z</time>
        <hdop>3.8</hdop>
        <extensions>
          <osmand:speed>0.6</osmand:speed>
        </extensions>
      </trkpt>
      <trkpt lat="54.9427768" lon="25.6680068">
        <ele>147.6</ele>
        <time>2024-12-07T13:25:36Z</time>
        <hdop>3.8</hdop>
      </trkpt>
      <trkpt lat="54.9427828" lon="25.6682979">
        <ele>145.3</ele>
        <time>2024-12-07T13:25:42Z</time>
        <hdop>3.8</hdop>
        <extensions>
          <osmand:speed>5.7</osmand:speed>
        </extensions>
      </trkpt>
      <trkpt lat="54.942796" lon="25.6685969">
        <ele>140.3</ele>
        <time>2024-12-07T13:25:48Z</time>
        <hdop>3.8</hdop>
        <extensions>
          <osmand:speed>2.6</osmand:speed>
        </extensions>
      </trkpt>
      <trkpt lat="54.9426748" lon="25.6687297">
        <ele>137.7</ele>
        <time>2024-12-07T13:25:54Z</time>
        <hdop>3.8</hdop>
        <extensions>
          <osmand:speed>3.1</osmand:speed>
        </extensions>
      </trkpt>
      <trkpt lat="54.9424554" lon="25.6685677">
        <ele>139.9</ele>
        <time>2024-12-07T13:26:00Z</time>
        <hdop>3.8</hdop>
        <extensions>
          <osmand:speed>8.7</osmand:speed>
        </extensions>
      </trkpt>
      <trkpt lat="54.941997" lon="25.6679701">
        <ele>141.8</ele>
        <time>2024-12-07T13:26:06Z</time>
        <hdop>3.8</hdop>
        <extensions>
          <osmand:speed>11.4</osmand:speed>
        </extensions>
      </trkpt>
      <trkpt lat="54.941533" lon="25.6674679">
        <ele>143.9</ele>
        <time>2024-12-07T13:26:12Z</time>
        <hdop>3.8</hdop>
        <extensions>
          <osmand:speed>10.3</osmand:speed>
        </extensions>
      </trkpt>
      <trkpt lat="54.9409818" lon="25.6668797">
        <ele>143.1</ele>
        <time>2024-12-07T13:26:18Z</time>
        <hdop>3.8</hdop>
        <extensions>
          <osmand:speed>13.6</osmand:speed>
        </extensions>
      </trkpt>
      <trkpt lat="54.9403033" lon="25.6662406">
        <ele>143.9</ele>
        <time>2024-12-07T13:26:24Z</time>
        <hdop>3.8</hdop>
        <extensions>
          <osmand:speed>13.7</osmand:speed>
        </extensions>
      </trkpt>
      <trkpt lat="54.93956" lon="25.665753">
        <ele>144.9</ele>
        <time>2024-12-07T13:26:30Z</time>
        <hdop>3.8</hdop>
        <extensions>
          <osmand:speed>14.9</osmand:speed>
        </extensions>
      </trkpt>
      <trkpt lat="54.938808" lon="25.6652527">
        <ele>145.8</ele>
        <time>2024-12-07T13:26:36Z</time>
        <hdop>3.8</hdop>
        <extensions>
          <osmand:speed>14.9</osmand:speed>
        </extensions>
      </trkpt>
      <trkpt lat="54.9380839" lon="25.664899">
        <ele>148.7</ele>
        <time>2024-12-07T13:26:42Z</time>
        <hdop>3.8</hdop>
        <extensions>
          <osmand:speed>11.5</osmand:speed>
        </extensions>
      </trkpt>
      <trkpt lat="54.9374761" lon="25.6645541">
        <ele>147.3</ele>
        <time>2024-12-07T13:26:48Z</time>
        <hdop>3.8</hdop>
        <extensions>
          <osmand:speed>12.6</osmand:speed>
        </extensions>
      </trkpt>
      <trkpt lat="54.93678" lon="25.6641504">
        <ele>146.3</ele>
        <time>2024-12-07T13:26:54Z</time>
        <hdop>3.8</hdop>
        <extensions>
          <osmand:speed>13</osmand:speed>
        </extensions>
      </trkpt>
      <trkpt lat="54.93624" lon="25.6640294">
        <ele>148.2</ele>
        <time>2024-12-07T13:27:00Z</time>
        <hdop>4</hdop>
        <extensions>
          <osmand:speed>11.1</osmand:speed>
        </extensions>
      </trkpt>
      <trkpt lat="54.9355584" lon="25.6636704">
        <ele>147.5</ele>
        <time>2024-12-07T13:27:06Z</time>
        <hdop>3.9</hdop>
        <extensions>
          <osmand:speed>14.2</osmand:speed>
        </extensions>
      </trkpt>
      <trkpt lat="54.9348504" lon="25.6632692">
        <ele>147.9</ele>
        <time>2024-12-07T13:27:12Z</time>
        <hdop>3.8</hdop>
        <extensions>
          <osmand:speed>13.7</osmand:speed>
        </extensions>
      </trkpt>
      <trkpt lat="54.9341928" lon="25.662916">
        <ele>148</ele>
        <time>2024-12-07T13:27:18Z</time>
        <hdop>3.8</hdop>
        <extensions>
          <osmand:speed>13.1</osmand:speed>
        </extensions>
      </trkpt>
      <trkpt lat="54.9335675" lon="25.6625477">
        <ele>146.8</ele>
        <time>2024-12-07T13:27:24Z</time>
        <hdop>3.8</hdop>
        <extensions>
          <osmand:speed>11.3</osmand:speed>
        </extensions>
      </trkpt>
      <trkpt lat="54.9330419" lon="25.6622807">
        <ele>148.8</ele>
        <time>2024-12-07T13:27:30Z</time>
        <hdop>3.8</hdop>
        <extensions>
          <osmand:speed>7.8</osmand:speed>
        </extensions>
      </trkpt>
      <trkpt lat="54.9327288" lon="25.6627772">
        <ele>147.5</ele>
        <time>2024-12-07T13:27:36Z</time>
        <hdop>3.8</hdop>
        <extensions>
          <osmand:speed>9.2</osmand:speed>
        </extensions>
      </trkpt>
      <trkpt lat="54.9320876" lon="25.6628715">
        <ele>145</ele>
        <time>2024-12-07T13:27:42Z</time>
        <hdop>5</hdop>
        <extensions>
          <osmand:speed>13.9</osmand:speed>
        </extensions>
      </trkpt>
      <trkpt lat="54.9313323" lon="25.6626188">
        <ele>145.8</ele>
        <time>2024-12-07T13:27:48Z</time>
        <hdop>3.8</hdop>
        <extensions>
          <osmand:speed>12.4</osmand:speed>
        </extensions>
      </trkpt>
      <trkpt lat="54.9308119" lon="25.6623253">
        <ele>143.4</ele>
        <time>2024-12-07T13:27:54Z</time>
        <hdop>3.8</hdop>
        <extensions>
          <osmand:speed>9.8</osmand:speed>
        </extensions>
      </trkpt>
      <trkpt lat="54.9302999" lon="25.6621179">
        <ele>145.8</ele>
        <time>2024-12-07T13:28:00Z</time>
        <hdop>3.8</hdop>
        <extensions>
          <osmand:speed>10</osmand:speed>
        </extensions>
      </trkpt>
      <trkpt lat="54.9298896" lon="25.6616978">
        <ele>143.9</ele>
        <time>2024-12-07T13:28:06Z</time>
        <hdop>3.8</hdop>
        <extensions>
          <osmand:speed>8.8</osmand:speed>
        </extensions>
      </trkpt>
      <trkpt lat="54.9295824" lon="25.6614149">
        <ele>147.8</ele>
        <time>2024-12-07T13:28:12Z</time>
        <hdop>3.8</hdop>
        <extensions>
          <osmand:speed>5.2</osmand:speed>
        </extensions>
      </trkpt>
      <trkpt lat="54.9291435" lon="25.6611791">
        <ele>148.9</ele>
        <time>2024-12-07T13:28:18Z</time>
        <hdop>3.8</hdop>
        <extensions>
          <osmand:speed>10.6</osmand:speed>
        </extensions>
      </trkpt>
      <trkpt lat="54.9286025" lon="25.6609148">
        <ele>146.8</ele>
        <time>2024-12-07T13:28:24Z</time>
        <hdop>3.8</hdop>
        <extensions>
          <osmand:speed>10.6</osmand:speed>
        </extensions>
      </trkpt>
      <trkpt lat="54.9280096" lon="25.660559">
        <ele>149.8</ele>
        <time>2024-12-07T13:28:30Z</time>
        <hdop>3.8</hdop>
        <extensions>
          <osmand:speed>9.8</osmand:speed>
        </extensions>
      </trkpt>
      <trkpt lat="54.9274235" lon="25.6604622">
        <ele>150.7</ele>
        <time>2024-12-07T13:28:36Z</time>
        <hdop>3.8</hdop>
        <extensions>
          <osmand:speed>11.4</osmand:speed>
        </extensions>
      </trkpt>
      <trkpt lat="54.926884" lon="25.6600535">
        <ele>150.4</ele>
        <time>2024-12-07T13:28:42Z</time>
        <hdop>3.8</hdop>
        <extensions>
          <osmand:speed>10.6</osmand:speed>
        </extensions>
      </trkpt>
      <trkpt lat="54.9264772" lon="25.6595061">
        <ele>151.2</ele>
        <time>2024-12-07T13:28:48Z</time>
        <hdop>3.8</hdop>
        <extensions>
          <osmand:speed>9.1</osmand:speed>
        </extensions>
      </trkpt>
      <trkpt lat="54.9259872" lon="25.6591911">
        <ele>152.6</ele>
        <time>2024-12-07T13:28:54Z</time>
        <hdop>4.6</hdop>
        <extensions>
          <osmand:speed>11.3</osmand:speed>
        </extensions>
      </trkpt>
      <trkpt lat="54.9253637" lon="25.6594349">
        <ele>155.1</ele>
        <time>2024-12-07T13:29:00Z</time>
        <hdop>3.8</hdop>
        <extensions>
          <osmand:speed>10.7</osmand:speed>
        </extensions>
      </trkpt>
      <trkpt lat="54.9247182" lon="25.6596038">
        <ele>160.2</ele>
        <time>2024-12-07T13:29:06Z</time>
        <hdop>3.8</hdop>
        <extensions>
          <osmand:speed>10</osmand:speed>
        </extensions>
      </trkpt>
      <trkpt lat="54.9240606" lon="25.6596023">
        <ele>156.5</ele>
        <time>2024-12-07T13:29:12Z</time>
        <hdop>5.7</hdop>
        <extensions>
          <osmand:speed>11.2</osmand:speed>
        </extensions>
      </trkpt>
      <trkpt lat="54.9235947" lon="25.6592944">
        <ele>154.6</ele>
        <time>2024-12-07T13:29:18Z</time>
        <hdop>4.3</hdop>
        <extensions>
          <osmand:speed>10.1</osmand:speed>
        </extensions>
      </trkpt>
      <trkpt lat="54.9230689" lon="25.6593135">
        <ele>156.8</ele>
        <time>2024-12-07T13:29:24Z</time>
        <hdop>4.6</hdop>
        <extensions>
          <osmand:speed>9.5</osmand:speed>
        </extensions>
      </trkpt>
      <trkpt lat="54.9224236" lon="25.6594713">
        <ele>153.5</ele>
        <time>2024-12-07T13:29:30Z</time>
        <hdop>3.8</hdop>
        <extensions>
          <osmand:speed>12.4</osmand:speed>
        </extensions>
      </trkpt>
      <trkpt lat="54.9218496" lon="25.6598921">
        <ele>150.6</ele>
        <time>2024-12-07T13:29:36Z</time>
        <hdop>3.8</hdop>
        <extensions>
          <osmand:speed>12.1</osmand:speed>
        </extensions>
      </trkpt>
      <trkpt lat="54.9212273" lon="25.6599294">
        <ele>151.1</ele>
        <time>2024-12-07T13:29:42Z</time>
        <hdop>3.8</hdop>
        <extensions>
          <osmand:speed>11.6</osmand:speed>
        </extensions>
      </trkpt>
      <trkpt lat="54.9206195" lon="25.6594732">
        <ele>150.1</ele>
        <time>2024-12-07T13:29:48Z</time>
        <hdop>3.8</hdop>
        <extensions>
          <osmand:speed>13.6</osmand:speed>
        </extensions>
      </trkpt>
      <trkpt lat="54.9200819" lon="25.65868">
        <ele>150.6</ele>
        <time>2024-12-07T13:29:54Z</time>
        <hdop>3.8</hdop>
        <extensions>
          <osmand:speed>13.3</osmand:speed>
        </extensions>
      </trkpt>
      <trkpt lat="54.919634" lon="25.6583679">
        <ele>151.9</ele>
        <time>2024-12-07T13:30:00Z</time>
        <hdop>3.8</hdop>
        <extensions>
          <osmand:speed>5.7</osmand:speed>
        </extensions>
      </trkpt>
      <trkpt lat="54.9191841" lon="25.6586567">
        <ele>153.9</ele>
        <time>2024-12-07T13:30:06Z</time>
        <hdop>3.8</hdop>
        <extensions>
          <osmand:speed>9.1</osmand:speed>
        </extensions>
      </trkpt>
      <trkpt lat="54.9185769" lon="25.6590508">
        <ele>155.4</ele>
        <time>2024-12-07T13:30:12Z</time>
        <hdop>4.7</hdop>
        <extensions>
          <osmand:speed>10.8</osmand:speed>
        </extensions>
      </trkpt>
      <trkpt lat="54.9178774" lon="25.6587619">
        <ele>157.4</ele>
        <time>2024-12-07T13:30:18Z</time>
        <hdop>3.8</hdop>
        <extensions>
          <osmand:speed>14.7</osmand:speed>
        </extensions>
      </trkpt>
      <trkpt lat="54.9171848" lon="25.6583595">
        <ele>157</ele>
        <time>2024-12-07T13:30:24Z</time>
        <hdop>3.8</hdop>
        <extensions>
          <osmand:speed>10.9</osmand:speed>
        </extensions>
      </trkpt>
      <trkpt lat="54.9168254" lon="25.6575103">
        <ele>153.1</ele>
        <time>2024-12-07T13:30:30Z</time>
        <hdop>3.8</hdop>
        <extensions>
          <osmand:speed>12.5</osmand:speed>
        </extensions>
      </trkpt>
      <trkpt lat="54.9162806" lon="25.6568293">
        <ele>153.4</ele>
        <time>2024-12-07T13:30:36Z</time>
        <hdop>3.8</hdop>
        <extensions>
          <osmand:speed>11.6</osmand:speed>
        </extensions>
      </trkpt>
      <trkpt lat="54.9156109" lon="25.6563601">
        <ele>152.2</ele>
        <time>2024-12-07T13:30:42Z</time>
        <hdop>3.8</hdop>
        <extensions>
          <osmand:speed>13.9</osmand:speed>
        </extensions>
      </trkpt>
      <trkpt lat="54.9151672" lon="25.6557291">
        <ele>152.1</ele>
        <time>2024-12-07T13:30:48Z</time>
        <hdop>3.8</hdop>
        <extensions>
          <osmand:speed>11</osmand:speed>
        </extensions>
      </trkpt>
      <trkpt lat="54.9147225" lon="25.6549366">
        <ele>151.3</ele>
        <time>2024-12-07T13:30:54Z</time>
        <hdop>3.8</hdop>
        <extensions>
          <osmand:speed>12.8</osmand:speed>
        </extensions>
      </trkpt>
      <trkpt lat="54.9141944" lon="25.6545444">
        <ele>152</ele>
        <time>2024-12-07T13:31:00Z</time>
        <hdop>3.8</hdop>
        <extensions>
          <osmand:speed>8.6</osmand:speed>
        </extensions>
      </trkpt>
      <trkpt lat="54.9137113" lon="25.6538286">
        <ele>150.3</ele>
        <time>2024-12-07T13:31:06Z</time>
        <hdop>3.8</hdop>
        <extensions>
          <osmand:speed>16.7</osmand:speed>
        </extensions>
      </trkpt>
      <trkpt lat="54.9129594" lon="25.652769">
        <ele>150.6</ele>
        <time>2024-12-07T13:31:12Z</time>
        <hdop>3.8</hdop>
        <extensions>
          <osmand:speed>17.5</osmand:speed>
        </extensions>
      </trkpt>
      <trkpt lat="54.9123801" lon="25.6516934">
        <ele>150.1</ele>
        <time>2024-12-07T13:31:18Z</time>
        <hdop>3.8</hdop>
        <extensions>
          <osmand:speed>13.9</osmand:speed>
        </extensions>
      </trkpt>
      <trkpt lat="54.912359" lon="25.6507504">
        <ele>152.5</ele>
        <time>2024-12-07T13:31:24Z</time>
        <hdop>3.8</hdop>
        <extensions>
          <osmand:speed>3.7</osmand:speed>
        </extensions>
      </trkpt>
      <trkpt lat="54.9123907" lon="25.6503968">
        <ele>153.9</ele>
        <time>2024-12-07T13:31:30Z</time>
        <hdop>3.8</hdop>
        <extensions>
          <osmand:speed>8.2</osmand:speed>
        </extensions>
      </trkpt>
      <trkpt lat="54.9124501" lon="25.650192">
        <ele>153.1</ele>
        <time>2024-12-07T13:31:36Z</time>
        <hdop>3.8</hdop>
        <extensions>
          <osmand:speed>0.8</osmand:speed>
        </extensions>
      </trkpt>
      <trkpt lat="54.9125625" lon="25.6496511">
        <ele>151.9</ele>
        <time>2024-12-07T13:31:42Z</time>
        <hdop>3.8</hdop>
        <extensions>
          <osmand:speed>9.5</osmand:speed>
        </extensions>
      </trkpt>
      <trkpt lat="54.9129121" lon="25.648549">
        <ele>153.1</ele>
        <time>2024-12-07T13:31:48Z</time>
        <hdop>3.8</hdop>
        <extensions>
          <osmand:speed>16.3</osmand:speed>
        </extensions>
      </trkpt>
      <trkpt lat="54.9134006" lon="25.6473481">
        <ele>152.4</ele>
        <time>2024-12-07T13:31:54Z</time>
        <hdop>3.8</hdop>
        <extensions>
          <osmand:speed>16.2</osmand:speed>
        </extensions>
      </trkpt>
      <trkpt lat="54.9138906" lon="25.6461739">
        <ele>154.3</ele>
        <time>2024-12-07T13:32:00Z</time>
        <hdop>3.8</hdop>
        <extensions>
          <osmand:speed>14.6</osmand:speed>
        </extensions>
      </trkpt>
      <trkpt lat="54.914348" lon="25.6450695">
        <ele>153.5</ele>
        <time>2024-12-07T13:32:06Z</time>
        <hdop>3.8</hdop>
        <extensions>
          <osmand:speed>14.6</osmand:speed>
        </extensions>
      </trkpt>
      <trkpt lat="54.914802" lon="25.6439101">
        <ele>150.6</ele>
        <time>2024-12-07T13:32:12Z</time>
        <hdop>3.8</hdop>
        <extensions>
          <osmand:speed>15.4</osmand:speed>
        </extensions>
      </trkpt>
      <trkpt lat="54.9151164" lon="25.6428502">
        <ele>146.8</ele>
        <time>2024-12-07T13:32:18Z</time>
        <hdop>3.8</hdop>
        <extensions>
          <osmand:speed>11.5</osmand:speed>
        </extensions>
      </trkpt>
      <trkpt lat="54.9148692" lon="25.6418105">
        <ele>144.1</ele>
        <time>2024-12-07T13:32:24Z</time>
        <hdop>3.8</hdop>
        <extensions>
          <osmand:speed>13.9</osmand:speed>
        </extensions>
      </trkpt>
      <trkpt lat="54.9143407" lon="25.6407575">
        <ele>140.7</ele>
        <time>2024-12-07T13:32:30Z</time>
        <hdop>3.8</hdop>
        <extensions>
          <osmand:speed>15.5</osmand:speed>
        </extensions>
      </trkpt>
      <trkpt lat="54.9138842" lon="25.63972">
        <ele>141.6</ele>
        <time>2024-12-07T13:32:36Z</time>
        <hdop>3.8</hdop>
        <extensions>
          <osmand:speed>13.1</osmand:speed>
        </extensions>
      </trkpt>
      <trkpt lat="54.9136399" lon="25.6389319">
        <ele>145.2</ele>
        <time>2024-12-07T13:32:42Z</time>
        <hdop>3.8</hdop>
        <extensions>
          <osmand:speed>6.2</osmand:speed>
        </extensions>
      </trkpt>
      <trkpt lat="54.9132897" lon="25.6388435">
        <ele>142.9</ele>
        <time>2024-12-07T13:32:48Z</time>
        <hdop>4.8</hdop>
        <extensions>
          <osmand:speed>7.8</osmand:speed>
        </extensions>
      </trkpt>
      <trkpt lat="54.9125241" lon="25.6392399">
        <ele>137.2</ele>
        <time>2024-12-07T13:32:54Z</time>
        <hdop>3.8</hdop>
        <extensions>
          <osmand:speed>14.2</osmand:speed>
        </extensions>
      </trkpt>
      <trkpt lat="54.9117695" lon="25.6395703">
        <ele>136.6</ele>
        <time>2024-12-07T13:33:00Z</time>
        <hdop>3.8</hdop>
        <extensions>
          <osmand:speed>14.3</osmand:speed>
        </extensions>
      </trkpt>
      <trkpt lat="54.9110262" lon="25.6396403">
        <ele>140.5</ele>
        <time>2024-12-07T13:33:06Z</time>
        <hdop>4.1</hdop>
        <extensions>
          <osmand:speed>13.2</osmand:speed>
        </extensions>
      </trkpt>
      <trkpt lat="54.9102782" lon="25.6392549">
        <ele>145.6</ele>
        <time>2024-12-07T13:33:12Z</time>
        <hdop>3.8</hdop>
        <extensions>
          <osmand:speed>14.6</osmand:speed>
        </extensions>
      </trkpt>
      <trkpt lat="54.9093922" lon="25.6390093">
        <ele>144.9</ele>
        <time>2024-12-07T13:33:18Z</time>
        <hdop>3.8</hdop>
        <extensions>
          <osmand:speed>16.6</osmand:speed>
        </extensions>
      </trkpt>
      <trkpt lat="54.9084893" lon="25.6387942">
        <ele>146.1</ele>
        <time>2024-12-07T13:33:24Z</time>
        <hdop>3.8</hdop>
        <extensions>
          <osmand:speed>16.7</osmand:speed>
        </extensions>
      </trkpt>
      <trkpt lat="54.9075708" lon="25.638551">
        <ele>145.7</ele>
        <time>2024-12-07T13:33:30Z</time>
        <hdop>3.8</hdop>
        <extensions>
          <osmand:speed>17.1</osmand:speed>
        </extensions>
      </trkpt>
      <trkpt lat="54.9067286" lon="25.6382053">
        <ele>147.5</ele>
        <time>2024-12-07T13:33:36Z</time>
        <hdop>3.8</hdop>
        <extensions>
          <osmand:speed>15</osmand:speed>
        </extensions>
      </trkpt>
      <trkpt lat="54.9061388" lon="25.6379749">
        <ele>146.9</ele>
        <time>2024-12-07T13:33:42Z</time>
        <hdop>3.8</hdop>
        <extensions>
          <osmand:speed>9.7</osmand:speed>
        </extensions>
      </trkpt>
      <trkpt lat="54.9057197" lon="25.6377753">
        <ele>145.9</ele>
        <time>2024-12-07T13:33:48Z</time>
        <hdop>3.8</hdop>
        <extensions>
          <osmand:speed>7.7</osmand:speed>
        </extensions>
      </trkpt>
      <trkpt lat="54.9052245" lon="25.637564">
        <ele>146.1</ele>
        <time>2024-12-07T13:33:54Z</time>
        <hdop>3.8</hdop>
        <extensions>
          <osmand:speed>9.8</osmand:speed>
        </extensions>
      </trkpt>
      <trkpt lat="54.9047013" lon="25.6372922">
        <ele>145.6</ele>
        <time>2024-12-07T13:34:00Z</time>
        <hdop>3.8</hdop>
        <extensions>
          <osmand:speed>10.4</osmand:speed>
        </extensions>
      </trkpt>
      <trkpt lat="54.9041487" lon="25.6369948">
        <ele>147</ele>
        <time>2024-12-07T13:34:06Z</time>
        <hdop>3.8</hdop>
        <extensions>
          <osmand:speed>10.9</osmand:speed>
        </extensions>
      </trkpt>
      <trkpt lat="54.9035595" lon="25.6366432">
        <ele>146.5</ele>
        <time>2024-12-07T13:34:12Z</time>
        <hdop>3.8</hdop>
        <extensions>
          <osmand:speed>11.2</osmand:speed>
        </extensions>
      </trkpt>
      <trkpt lat="54.9030628" lon="25.636349">
        <ele>148.3</ele>
        <time>2024-12-07T13:34:18Z</time>
        <hdop>3.8</hdop>
        <extensions>
          <osmand:speed>6.6</osmand:speed>
        </extensions>
      </trkpt>
      <trkpt lat="54.903057" lon="25.6363558">
        <ele>153</ele>
        <time>2024-12-07T13:34:24Z</time>
        <hdop>3.8</hdop>
      </trkpt>
      <trkpt lat="54.9030563" lon="25.6363641">
        <ele>153.9</ele>
        <time>2024-12-07T13:34:30Z</time>
        <hdop>3.8</hdop>
      </trkpt>
      <trkpt lat="54.903056" lon="25.6363642">
        <ele>153.9</ele>
        <time>2024-12-07T13:34:36Z</time>
        <hdop>3.8</hdop>
      </trkpt>
      <trkpt lat="54.9030559" lon="25.636364">
        <ele>153.9</ele>
        <time>2024-12-07T13:34:42Z</time>
        <hdop>3.8</hdop>
      </trkpt>
      <trkpt lat="54.9030558" lon="25.6363639">
        <ele>153.8</ele>
        <time>2024-12-07T13:34:48Z</time>
        <hdop>3.8</hdop>
      </trkpt>
      <trkpt lat="54.9030559" lon="25.6363635">
        <ele>153.8</ele>
        <time>2024-12-07T13:34:54Z</time>
        <hdop>3.8</hdop>
      </trkpt>
      <trkpt lat="54.9030108" lon="25.6363422">
        <ele>153.7</ele>
        <time>2024-12-07T13:35:00Z</time>
        <hdop>3.8</hdop>
        <extensions>
          <osmand:speed>3.3</osmand:speed>
        </extensions>
      </trkpt>
      <trkpt lat="54.9026559" lon="25.6361249">
        <ele>153.5</ele>
        <time>2024-12-07T13:35:06Z</time>
        <hdop>3.8</hdop>
        <extensions>
          <osmand:speed>9</osmand:speed>
        </extensions>
      </trkpt>
      <trkpt lat="54.9020903" lon="25.6358259">
        <ele>154.1</ele>
        <time>2024-12-07T13:35:12Z</time>
        <hdop>3.8</hdop>
        <extensions>
          <osmand:speed>12.2</osmand:speed>
        </extensions>
      </trkpt>
      <trkpt lat="54.901503" lon="25.635503">
        <ele>153.9</ele>
        <time>2024-12-07T13:35:18Z</time>
        <hdop>3.8</hdop>
        <extensions>
          <osmand:speed>11.5</osmand:speed>
        </extensions>
      </trkpt>
      <trkpt lat="54.9009956" lon="25.6352265">
        <ele>151.4</ele>
        <time>2024-12-07T13:35:24Z</time>
        <hdop>3.8</hdop>
        <extensions>
          <osmand:speed>8.4</osmand:speed>
        </extensions>
      </trkpt>
      <trkpt lat="54.9006079" lon="25.6349194">
        <ele>150.5</ele>
        <time>2024-12-07T13:35:30Z</time>
        <hdop>3.8</hdop>
        <extensions>
          <osmand:speed>8.8</osmand:speed>
        </extensions>
      </trkpt>
      <trkpt lat="54.9002271" lon="25.6342712">
        <ele>151.8</ele>
        <time>2024-12-07T13:35:36Z</time>
        <hdop>3.8</hdop>
        <extensions>
          <osmand:speed>11.4</osmand:speed>
        </extensions>
      </trkpt>
      <trkpt lat="54.8998818" lon="25.6332436">
        <ele>150.7</ele>
        <time>2024-12-07T13:35:42Z</time>
        <hdop>3.8</hdop>
        <extensions>
          <osmand:speed>13.8</osmand:speed>
        </extensions>
      </trkpt>
      <trkpt lat="54.8995046" lon="25.6321052">
        <ele>151.5</ele>
        <time>2024-12-07T13:35:48Z</time>
        <hdop>3.8</hdop>
        <extensions>
          <osmand:speed>13.1</osmand:speed>
        </extensions>
      </trkpt>
      <trkpt lat="54.8992295" lon="25.6312153">
        <ele>152.2</ele>
        <time>2024-12-07T13:35:54Z</time>
        <hdop>3.8</hdop>
        <extensions>
          <osmand:speed>8.4</osmand:speed>
        </extensions>
      </trkpt>
      <trkpt lat="54.89893" lon="25.6308616">
        <ele>153.4</ele>
        <time>2024-12-07T13:36:00Z</time>
        <hdop>3.8</hdop>
        <extensions>
          <osmand:speed>9</osmand:speed>
        </extensions>
      </trkpt>
      <trkpt lat="54.8984635" lon="25.6306453">
        <ele>155.4</ele>
        <time>2024-12-07T13:36:06Z</time>
        <hdop>3.8</hdop>
        <extensions>
          <osmand:speed>8.4</osmand:speed>
        </extensions>
      </trkpt>
      <trkpt lat="54.8979435" lon="25.6305605">
        <ele>155.5</ele>
        <time>2024-12-07T13:36:12Z</time>
        <hdop>3.8</hdop>
        <extensions>
          <osmand:speed>8.3</osmand:speed>
        </extensions>
      </trkpt>
      <trkpt lat="54.8973815" lon="25.6304011">
        <ele>154.6</ele>
        <time>2024-12-07T13:36:18Z</time>
        <hdop>3.8</hdop>
        <extensions>
          <osmand:speed>10.2</osmand:speed>
        </extensions>
      </trkpt>
      <trkpt lat="54.8968455" lon="25.6304533">
        <ele>154.5</ele>
        <time>2024-12-07T13:36:24Z</time>
        <hdop>3.8</hdop>
        <extensions>
          <osmand:speed>11.5</osmand:speed>
        </extensions>
      </trkpt>
      <trkpt lat="54.8962399" lon="25.6303424">
        <ele>152.7</ele>
        <time>2024-12-07T13:36:30Z</time>
        <hdop>3.8</hdop>
        <extensions>
          <osmand:speed>9.7</osmand:speed>
        </extensions>
      </trkpt>
      <trkpt lat="54.8956602" lon="25.6301642">
        <ele>152.4</ele>
        <time>2024-12-07T13:36:36Z</time>
        <hdop>3.8</hdop>
        <extensions>
          <osmand:speed>10.8</osmand:speed>
        </extensions>
      </trkpt>
      <trkpt lat="54.8951091" lon="25.6300015">
        <ele>153.5</ele>
        <time>2024-12-07T13:36:42Z</time>
        <hdop>3.8</hdop>
        <extensions>
          <osmand:speed>9</osmand:speed>
        </extensions>
      </trkpt>
      <trkpt lat="54.8945813" lon="25.6298034">
        <ele>151</ele>
        <time>2024-12-07T13:36:48Z</time>
        <hdop>4.2</hdop>
        <extensions>
          <osmand:speed>9.7</osmand:speed>
        </extensions>
      </trkpt>
      <trkpt lat="54.8940213" lon="25.6299119">
        <ele>150</ele>
        <time>2024-12-07T13:36:54Z</time>
        <hdop>3.8</hdop>
        <extensions>
          <osmand:speed>11.5</osmand:speed>
        </extensions>
      </trkpt>
      <trkpt lat="54.8934871" lon="25.6297087">
        <ele>147.1</ele>
        <time>2024-12-07T13:37:00Z</time>
        <hdop>4</hdop>
        <extensions>
          <osmand:speed>8.1</osmand:speed>
        </extensions>
      </trkpt>
      <trkpt lat="54.8931189" lon="25.6289676">
        <ele>146</ele>
        <time>2024-12-07T13:37:06Z</time>
        <hdop>4.7</hdop>
        <extensions>
          <osmand:speed>11.2</osmand:speed>
        </extensions>
      </trkpt>
      <trkpt lat="54.8927652" lon="25.6281968">
        <ele>145.3</ele>
        <time>2024-12-07T13:37:12Z</time>
        <hdop>3.8</hdop>
        <extensions>
          <osmand:speed>9</osmand:speed>
        </extensions>
      </trkpt>
      <trkpt lat="54.892388" lon="25.6273965">
        <ele>144.2</ele>
        <time>2024-12-07T13:37:18Z</time>
        <hdop>3.8</hdop>
        <extensions>
          <osmand:speed>11</osmand:speed>
        </extensions>
      </trkpt>
      <trkpt lat="54.8920083" lon="25.6264541">
        <ele>144.6</ele>
        <time>2024-12-07T13:37:24Z</time>
        <hdop>3.8</hdop>
        <extensions>
          <osmand:speed>14</osmand:speed>
        </extensions>
      </trkpt>
      <trkpt lat="54.891624" lon="25.625424">
        <ele>143.5</ele>
        <time>2024-12-07T13:37:30Z</time>
        <hdop>3.8</hdop>
        <extensions>
          <osmand:speed>11.5</osmand:speed>
        </extensions>
      </trkpt>
      <trkpt lat="54.891285" lon="25.6244455">
        <ele>144.5</ele>
        <time>2024-12-07T13:37:36Z</time>
        <hdop>3.8</hdop>
        <extensions>
          <osmand:speed>12.6</osmand:speed>
        </extensions>
      </trkpt>
      <trkpt lat="54.8909175" lon="25.6235368">
        <ele>145</ele>
        <time>2024-12-07T13:37:42Z</time>
        <hdop>3.8</hdop>
        <extensions>
          <osmand:speed>12.7</osmand:speed>
        </extensions>
      </trkpt>
      <trkpt lat="54.890532" lon="25.6225404">
        <ele>146.9</ele>
        <time>2024-12-07T13:37:48Z</time>
        <hdop>3.8</hdop>
        <extensions>
          <osmand:speed>12.2</osmand:speed>
        </extensions>
      </trkpt>
      <trkpt lat="54.8901442" lon="25.621501">
        <ele>148.4</ele>
        <time>2024-12-07T13:37:54Z</time>
        <hdop>3.8</hdop>
        <extensions>
          <osmand:speed>13</osmand:speed>
        </extensions>
      </trkpt>
      <trkpt lat="54.8898051" lon="25.6205947">
        <ele>148.8</ele>
        <time>2024-12-07T13:38:00Z</time>
        <hdop>3.8</hdop>
        <extensions>
          <osmand:speed>11.4</osmand:speed>
        </extensions>
      </trkpt>
      <trkpt lat="54.8894268" lon="25.6196395">
        <ele>148.8</ele>
        <time>2024-12-07T13:38:06Z</time>
        <hdop>3.8</hdop>
        <extensions>
          <osmand:speed>13</osmand:speed>
        </extensions>
      </trkpt>
      <trkpt lat="54.8891517" lon="25.6185611">
        <ele>147.9</ele>
        <time>2024-12-07T13:38:12Z</time>
        <hdop>3.8</hdop>
        <extensions>
          <osmand:speed>12.5</osmand:speed>
        </extensions>
      </trkpt>
      <trkpt lat="54.888917" lon="25.617405">
        <ele>148.8</ele>
        <time>2024-12-07T13:38:18Z</time>
        <hdop>3.8</hdop>
        <extensions>
          <osmand:speed>14.7</osmand:speed>
        </extensions>
      </trkpt>
      <trkpt lat="54.8884946" lon="25.616381">
        <ele>147.6</ele>
        <time>2024-12-07T13:38:24Z</time>
        <hdop>3.8</hdop>
        <extensions>
          <osmand:speed>11.5</osmand:speed>
        </extensions>
      </trkpt>
      <trkpt lat="54.8886152" lon="25.6152271">
        <ele>148.4</ele>
        <time>2024-12-07T13:38:30Z</time>
        <hdop>3.8</hdop>
        <extensions>
          <osmand:speed>15</osmand:speed>
        </extensions>
      </trkpt>
      <trkpt lat="54.8888386" lon="25.6141784">
        <ele>148.7</ele>
        <time>2024-12-07T13:38:36Z</time>
        <hdop>3.8</hdop>
        <extensions>
          <osmand:speed>11</osmand:speed>
        </extensions>
      </trkpt>
      <trkpt lat="54.8884282" lon="25.6131348">
        <ele>147.4</ele>
        <time>2024-12-07T13:38:42Z</time>
        <hdop>3.8</hdop>
        <extensions>
          <osmand:speed>14.8</osmand:speed>
        </extensions>
      </trkpt>
      <trkpt lat="54.8880682" lon="25.6119792">
        <ele>148.6</ele>
        <time>2024-12-07T13:38:48Z</time>
        <hdop>3.8</hdop>
        <extensions>
          <osmand:speed>14.3</osmand:speed>
        </extensions>
      </trkpt>
      <trkpt lat="54.8875718" lon="25.6109514">
        <ele>148.3</ele>
        <time>2024-12-07T13:38:54Z</time>
        <hdop>3.8</hdop>
        <extensions>
          <osmand:speed>14.3</osmand:speed>
        </extensions>
      </trkpt>
      <trkpt lat="54.8871615" lon="25.610024">
        <ele>149.5</ele>
        <time>2024-12-07T13:39:00Z</time>
        <hdop>3.8</hdop>
        <extensions>
          <osmand:speed>13.1</osmand:speed>
        </extensions>
      </trkpt>
      <trkpt lat="54.8867774" lon="25.6088254">
        <ele>152.2</ele>
        <time>2024-12-07T13:39:06Z</time>
        <hdop>4.1</hdop>
        <extensions>
          <osmand:speed>13.6</osmand:speed>
        </extensions>
      </trkpt>
      <trkpt lat="54.8865452" lon="25.6076522">
        <ele>152.6</ele>
        <time>2024-12-07T13:39:12Z</time>
        <hdop>3.8</hdop>
        <extensions>
          <osmand:speed>14.7</osmand:speed>
        </extensions>
      </trkpt>
      <trkpt lat="54.8862913" lon="25.6064053">
        <ele>151.1</ele>
        <time>2024-12-07T13:39:18Z</time>
        <hdop>3.8</hdop>
        <extensions>
          <osmand:speed>13.9</osmand:speed>
        </extensions>
      </trkpt>
      <trkpt lat="54.8861623" lon="25.6055214">
        <ele>149.2</ele>
        <time>2024-12-07T13:39:24Z</time>
        <hdop>3.8</hdop>
        <extensions>
          <osmand:speed>7.8</osmand:speed>
        </extensions>
      </trkpt>
      <trkpt lat="54.8865313" lon="25.6052922">
        <ele>146.7</ele>
        <time>2024-12-07T13:39:30Z</time>
        <hdop>3.8</hdop>
        <extensions>
          <osmand:speed>9</osmand:speed>
        </extensions>
      </trkpt>
      <trkpt lat="54.8872013" lon="25.605337">
        <ele>152</ele>
        <time>2024-12-07T13:39:36Z</time>
        <hdop>5</hdop>
        <extensions>
          <osmand:speed>12.6</osmand:speed>
        </extensions>
      </trkpt>
      <trkpt lat="54.888" lon="25.6057486">
        <ele>155.8</ele>
        <time>2024-12-07T13:39:42Z</time>
        <hdop>4.9</hdop>
        <extensions>
          <osmand:speed>15.3</osmand:speed>
        </extensions>
      </trkpt>
      <trkpt lat="54.8887318" lon="25.6060523">
        <ele>158</ele>
        <time>2024-12-07T13:39:48Z</time>
        <hdop>4.6</hdop>
        <extensions>
          <osmand:speed>14.3</osmand:speed>
        </extensions>
      </trkpt>
      <trkpt lat="54.8895332" lon="25.6062045">
        <ele>163.6</ele>
        <time>2024-12-07T13:39:54Z</time>
        <hdop>5.3</hdop>
        <extensions>
          <osmand:speed>14</osmand:speed>
        </extensions>
      </trkpt>
      <trkpt lat="54.8901073" lon="25.6057616">
        <ele>167.8</ele>
        <time>2024-12-07T13:40:00Z</time>
        <hdop>4.5</hdop>
        <extensions>
          <osmand:speed>14.8</osmand:speed>
        </extensions>
      </trkpt>
      <trkpt lat="54.8905358" lon="25.6045397">
        <ele>171.2</ele>
        <time>2024-12-07T13:40:06Z</time>
        <hdop>8</hdop>
        <extensions>
          <osmand:speed>16.3</osmand:speed>
        </extensions>
      </trkpt>
      <trkpt lat="54.8907433" lon="25.6031849">
        <ele>173.2</ele>
        <time>2024-12-07T13:40:12Z</time>
        <hdop>7.5</hdop>
        <extensions>
          <osmand:speed>15.7</osmand:speed>
        </extensions>
      </trkpt>
      <trkpt lat="54.8910134" lon="25.6022376">
        <ele>173.8</ele>
        <time>2024-12-07T13:40:18Z</time>
        <hdop>3.8</hdop>
        <extensions>
          <osmand:speed>10.1</osmand:speed>
        </extensions>
      </trkpt>
      <trkpt lat="54.891487" lon="25.602083">
        <ele>173.6</ele>
        <time>2024-12-07T13:40:24Z</time>
        <hdop>4.4</hdop>
        <extensions>
          <osmand:speed>11.2</osmand:speed>
        </extensions>
      </trkpt>
      <trkpt lat="54.892105" lon="25.6017676">
        <ele>172.7</ele>
        <time>2024-12-07T13:40:30Z</time>
        <hdop>3.8</hdop>
        <extensions>
          <osmand:speed>12.6</osmand:speed>
        </extensions>
      </trkpt>
      <trkpt lat="54.8926936" lon="25.6013071">
        <ele>172.1</ele>
        <time>2024-12-07T13:40:36Z</time>
        <hdop>3.8</hdop>
        <extensions>
          <osmand:speed>12.9</osmand:speed>
        </extensions>
      </trkpt>
      <trkpt lat="54.8931748" lon="25.6003411">
        <ele>174.2</ele>
        <time>2024-12-07T13:40:42Z</time>
        <hdop>4.1</hdop>
        <extensions>
          <osmand:speed>13.7</osmand:speed>
        </extensions>
      </trkpt>
      <trkpt lat="54.8934632" lon="25.5989234">
        <ele>179.5</ele>
        <time>2024-12-07T13:40:48Z</time>
        <hdop>4.1</hdop>
        <extensions>
          <osmand:speed>16.4</osmand:speed>
        </extensions>
      </trkpt>
      <trkpt lat="54.8939098" lon="25.597822">
        <ele>181.5</ele>
        <time>2024-12-07T13:40:54Z</time>
        <hdop>3.8</hdop>
        <extensions>
          <osmand:speed>13.4</osmand:speed>
        </extensions>
      </trkpt>
      <trkpt lat="54.8943883" lon="25.5971788">
        <ele>177.6</ele>
        <time>2024-12-07T13:41:00Z</time>
        <hdop>3.8</hdop>
        <extensions>
          <osmand:speed>10.8</osmand:speed>
        </extensions>
      </trkpt>
      <trkpt lat="54.8948217" lon="25.5967432">
        <ele>173.9</ele>
        <time>2024-12-07T13:41:06Z</time>
        <hdop>3.8</hdop>
        <extensions>
          <osmand:speed>6.5</osmand:speed>
        </extensions>
      </trkpt>
      <trkpt lat="54.8949774" lon="25.5961901">
        <ele>172.7</ele>
        <time>2024-12-07T13:41:12Z</time>
        <hdop>3.8</hdop>
        <extensions>
          <osmand:speed>10.4</osmand:speed>
        </extensions>
      </trkpt>
      <trkpt lat="54.8951941" lon="25.5952982">
        <ele>170.8</ele>
        <time>2024-12-07T13:41:18Z</time>
        <hdop>3.8</hdop>
        <extensions>
          <osmand:speed>11.5</osmand:speed>
        </extensions>
      </trkpt>
      <trkpt lat="54.8954251" lon="25.5942623">
        <ele>170.5</ele>
        <time>2024-12-07T13:41:24Z</time>
        <hdop>3.8</hdop>
        <extensions>
          <osmand:speed>12.4</osmand:speed>
        </extensions>
      </trkpt>
      <trkpt lat="54.8956264" lon="25.5933151">
        <ele>171.9</ele>
        <time>2024-12-07T13:41:30Z</time>
        <hdop>3.8</hdop>
        <extensions>
          <osmand:speed>9.8</osmand:speed>
        </extensions>
      </trkpt>
      <trkpt lat="54.8957896" lon="25.5922232">
        <ele>173.4</ele>
        <time>2024-12-07T13:41:36Z</time>
        <hdop>3.8</hdop>
        <extensions>
          <osmand:speed>13.1</osmand:speed>
        </extensions>
      </trkpt>
      <trkpt lat="54.8958728" lon="25.5909241">
        <ele>176.9</ele>
        <time>2024-12-07T13:41:42Z</time>
        <hdop>3.8</hdop>
        <extensions>
          <osmand:speed>15.7</osmand:speed>
        </extensions>
      </trkpt>
      <trkpt lat="54.8958654" lon="25.5896726">
        <ele>184.9</ele>
        <time>2024-12-07T13:41:48Z</time>
        <hdop>3.8</hdop>
        <extensions>
          <osmand:speed>12.8</osmand:speed>
        </extensions>
      </trkpt>
      <trkpt lat="54.8958648" lon="25.5885613">
        <ele>199.6</ele>
        <time>2024-12-07T13:41:54Z</time>
        <hdop>3.8</hdop>
        <extensions>
          <osmand:speed>11.3</osmand:speed>
        </extensions>
      </trkpt>
      <trkpt lat="54.8958797" lon="25.5879116">
        <ele>205.8</ele>
        <time>2024-12-07T13:42:00Z</time>
        <hdop>3.8</hdop>
        <extensions>
          <osmand:speed>7.5</osmand:speed>
        </extensions>
      </trkpt>
      <trkpt lat="54.8958845" lon="25.5874641">
        <ele>208.5</ele>
        <time>2024-12-07T13:42:06Z</time>
        <hdop>3.8</hdop>
        <extensions>
          <osmand:speed>2.8</osmand:speed>
        </extensions>
      </trkpt>
      <trkpt lat="54.8959207" lon="25.5868208">
        <ele>209.9</ele>
        <time>2024-12-07T13:42:12Z</time>
        <hdop>3.8</hdop>
        <extensions>
          <osmand:speed>7.5</osmand:speed>
        </extensions>
      </trkpt>
      <trkpt lat="54.8959384" lon="25.5859922">
        <ele>209.9</ele>
        <time>2024-12-07T13:42:18Z</time>
        <hdop>3.8</hdop>
        <extensions>
          <osmand:speed>10.3</osmand:speed>
        </extensions>
      </trkpt>
      <trkpt lat="54.8958765" lon="25.5849741">
        <ele>208.8</ele>
        <time>2024-12-07T13:42:24Z</time>
        <hdop>3.8</hdop>
        <extensions>
          <osmand:speed>10.9</osmand:speed>
        </extensions>
      </trkpt>
      <trkpt lat="54.8955564" lon="25.5840324">
        <ele>210</ele>
        <time>2024-12-07T13:42:30Z</time>
        <hdop>3.8</hdop>
        <extensions>
          <osmand:speed>13.3</osmand:speed>
        </extensions>
      </trkpt>
      <trkpt lat="54.895117" lon="25.583109">
        <ele>209.7</ele>
        <time>2024-12-07T13:42:36Z</time>
        <hdop>3.8</hdop>
        <extensions>
          <osmand:speed>13.6</osmand:speed>
        </extensions>
      </trkpt>
      <trkpt lat="54.8946077" lon="25.5826182">
        <ele>209.2</ele>
        <time>2024-12-07T13:42:42Z</time>
        <hdop>3.8</hdop>
        <extensions>
          <osmand:speed>11.4</osmand:speed>
        </extensions>
      </trkpt>
      <trkpt lat="54.8939517" lon="25.5822393">
        <ele>208.8</ele>
        <time>2024-12-07T13:42:48Z</time>
        <hdop>3.8</hdop>
        <extensions>
          <osmand:speed>13.4</osmand:speed>
        </extensions>
      </trkpt>
      <trkpt lat="54.8932434" lon="25.5818204">
        <ele>210.2</ele>
        <time>2024-12-07T13:42:54Z</time>
        <hdop>3.8</hdop>
        <extensions>
          <osmand:speed>11.9</osmand:speed>
        </extensions>
      </trkpt>
      <trkpt lat="54.8927216" lon="25.5814578">
        <ele>210.7</ele>
        <time>2024-12-07T13:43:00Z</time>
        <hdop>3.8</hdop>
        <extensions>
          <osmand:speed>10.5</osmand:speed>
        </extensions>
      </trkpt>
      <trkpt lat="54.8922071" lon="25.5811795">
        <ele>211.8</ele>
        <time>2024-12-07T13:43:06Z</time>
        <hdop>3.8</hdop>
        <extensions>
          <osmand:speed>9.8</osmand:speed>
        </extensions>
      </trkpt>
      <trkpt lat="54.8918623" lon="25.5809152">
        <ele>212.8</ele>
        <time>2024-12-07T13:43:12Z</time>
        <hdop>3.8</hdop>
        <extensions>
          <osmand:speed>3.5</osmand:speed>
        </extensions>
      </trkpt>
      <trkpt lat="54.8918147" lon="25.5808969">
        <ele>212.9</ele>
        <time>2024-12-07T13:43:18Z</time>
        <hdop>3.8</hdop>
      </trkpt>
      <trkpt lat="54.8918172" lon="25.5809038">
        <ele>214.2</ele>
        <time>2024-12-07T13:43:24Z</time>
        <hdop>3.8</hdop>
      </trkpt>
      <trkpt lat="54.8918199" lon="25.5809074">
        <ele>214</ele>
        <time>2024-12-07T13:43:30Z</time>
        <hdop>3.8</hdop>
      </trkpt>
      <trkpt lat="54.89182" lon="25.5809074">
        <ele>213.9</ele>
        <time>2024-12-07T13:43:36Z</time>
        <hdop>3.8</hdop>
      </trkpt>
      <trkpt lat="54.89182" lon="25.5809074">
        <ele>213.9</ele>
        <time>2024-12-07T13:43:42Z</time>
        <hdop>3.8</hdop>
      </trkpt>
      <trkpt lat="54.8918199" lon="25.5809074">
        <ele>213.9</ele>
        <time>2024-12-07T13:43:48Z</time>
        <hdop>3.8</hdop>
      </trkpt>
      <trkpt lat="54.8918197" lon="25.5809076">
        <ele>214</ele>
        <time>2024-12-07T13:43:54Z</time>
        <hdop>3.8</hdop>
      </trkpt>
      <trkpt lat="54.8918194" lon="25.5809079">
        <ele>214</ele>
        <time>2024-12-07T13:44:00Z</time>
        <hdop>3.8</hdop>
      </trkpt>
      <trkpt lat="54.891819" lon="25.580908">
        <ele>214</ele>
        <time>2024-12-07T13:44:06Z</time>
        <hdop>3.8</hdop>
      </trkpt>
      <trkpt lat="54.8918188" lon="25.5809079">
        <ele>214.1</ele>
        <time>2024-12-07T13:44:12Z</time>
        <hdop>3.8</hdop>
      </trkpt>
      <trkpt lat="54.891819" lon="25.5809077">
        <ele>214</ele>
        <time>2024-12-07T13:44:18Z</time>
        <hdop>3.8</hdop>
      </trkpt>
      <trkpt lat="54.8918192" lon="25.5809075">
        <ele>214</ele>
        <time>2024-12-07T13:44:24Z</time>
        <hdop>3.8</hdop>
      </trkpt>
      <trkpt lat="54.8918192" lon="25.5809073">
        <ele>214.1</ele>
        <time>2024-12-07T13:44:30Z</time>
        <hdop>3.8</hdop>
      </trkpt>
      <trkpt lat="54.8918192" lon="25.5809071">
        <ele>214.1</ele>
        <time>2024-12-07T13:44:36Z</time>
        <hdop>3.8</hdop>
      </trkpt>
      <trkpt lat="54.8918191" lon="25.5809072">
        <ele>214.1</ele>
        <time>2024-12-07T13:44:42Z</time>
        <hdop>3.8</hdop>
      </trkpt>
      <trkpt lat="54.891819" lon="25.5809071">
        <ele>214.2</ele>
        <time>2024-12-07T13:44:48Z</time>
        <hdop>3.8</hdop>
      </trkpt>
      <trkpt lat="54.8918187" lon="25.5809071">
        <ele>214.2</ele>
        <time>2024-12-07T13:44:54Z</time>
        <hdop>3.8</hdop>
      </trkpt>
      <trkpt lat="54.8918185" lon="25.5809069">
        <ele>214.3</ele>
        <time>2024-12-07T13:45:00Z</time>
        <hdop>3.8</hdop>
      </trkpt>
      <trkpt lat="54.8918184" lon="25.5809068">
        <ele>214.3</ele>
        <time>2024-12-07T13:45:06Z</time>
        <hdop>3.8</hdop>
      </trkpt>
      <trkpt lat="54.8918184" lon="25.5809068">
        <ele>214.3</ele>
        <time>2024-12-07T13:45:12Z</time>
        <hdop>3.8</hdop>
      </trkpt>
      <trkpt lat="54.8918183" lon="25.580907">
        <ele>214.3</ele>
        <time>2024-12-07T13:45:18Z</time>
        <hdop>3.8</hdop>
      </trkpt>
      <trkpt lat="54.8918181" lon="25.5809071">
        <ele>214.4</ele>
        <time>2024-12-07T13:45:24Z</time>
        <hdop>3.8</hdop>
      </trkpt>
      <trkpt lat="54.8918179" lon="25.5809072">
        <ele>214.4</ele>
        <time>2024-12-07T13:45:30Z</time>
        <hdop>3.8</hdop>
      </trkpt>
      <trkpt lat="54.8918175" lon="25.5809071">
        <ele>214.4</ele>
        <time>2024-12-07T13:45:36Z</time>
        <hdop>3.8</hdop>
      </trkpt>
      <trkpt lat="54.8918173" lon="25.5809072">
        <ele>214.4</ele>
        <time>2024-12-07T13:45:42Z</time>
        <hdop>3.8</hdop>
      </trkpt>
      <trkpt lat="54.8918169" lon="25.5809073">
        <ele>214.5</ele>
        <time>2024-12-07T13:45:48Z</time>
        <hdop>3.8</hdop>
      </trkpt>
      <trkpt lat="54.8918167" lon="25.5809072">
        <ele>214.5</ele>
        <time>2024-12-07T13:45:54Z</time>
        <hdop>3.8</hdop>
      </trkpt>
      <trkpt lat="54.8918166" lon="25.5809072">
        <ele>214.5</ele>
        <time>2024-12-07T13:46:00Z</time>
        <hdop>3.8</hdop>
      </trkpt>
      <trkpt lat="54.8918165" lon="25.5809072">
        <ele>214.6</ele>
        <time>2024-12-07T13:46:06Z</time>
        <hdop>3.8</hdop>
      </trkpt>
      <trkpt lat="54.8918164" lon="25.5809072">
        <ele>214.6</ele>
        <time>2024-12-07T13:46:12Z</time>
        <hdop>3.8</hdop>
      </trkpt>
      <trkpt lat="54.8918162" lon="25.5809071">
        <ele>214.6</ele>
        <time>2024-12-07T13:46:18Z</time>
        <hdop>3.8</hdop>
      </trkpt>
      <trkpt lat="54.891816" lon="25.5809071">
        <ele>214.6</ele>
        <time>2024-12-07T13:46:24Z</time>
        <hdop>3.8</hdop>
      </trkpt>
      <trkpt lat="54.8918159" lon="25.580907">
        <ele>214.6</ele>
        <time>2024-12-07T13:46:30Z</time>
        <hdop>3.8</hdop>
      </trkpt>
      <trkpt lat="54.8918158" lon="25.5809068">
        <ele>214.6</ele>
        <time>2024-12-07T13:46:36Z</time>
        <hdop>3.8</hdop>
      </trkpt>
      <trkpt lat="54.8918155" lon="25.5809066">
        <ele>214.6</ele>
        <time>2024-12-07T13:46:42Z</time>
        <hdop>3.8</hdop>
      </trkpt>
      <trkpt lat="54.8918154" lon="25.5809064">
        <ele>214.6</ele>
        <time>2024-12-07T13:46:48Z</time>
        <hdop>3.8</hdop>
      </trkpt>
      <trkpt lat="54.8918154" lon="25.5809063">
        <ele>214.6</ele>
        <time>2024-12-07T13:46:54Z</time>
        <hdop>3.8</hdop>
      </trkpt>
      <trkpt lat="54.8918154" lon="25.5809061">
        <ele>214.6</ele>
        <time>2024-12-07T13:47:00Z</time>
        <hdop>3.8</hdop>
      </trkpt>
      <trkpt lat="54.8918153" lon="25.5809061">
        <ele>214.6</ele>
        <time>2024-12-07T13:47:06Z</time>
        <hdop>3.8</hdop>
      </trkpt>
      <trkpt lat="54.8918152" lon="25.5809059">
        <ele>214.6</ele>
        <time>2024-12-07T13:47:12Z</time>
        <hdop>3.8</hdop>
      </trkpt>
      <trkpt lat="54.891815" lon="25.5809057">
        <ele>214.6</ele>
        <time>2024-12-07T13:47:18Z</time>
        <hdop>3.8</hdop>
      </trkpt>
      <trkpt lat="54.8918149" lon="25.5809056">
        <ele>214.7</ele>
        <time>2024-12-07T13:47:24Z</time>
        <hdop>3.8</hdop>
      </trkpt>
      <trkpt lat="54.8918148" lon="25.5809055">
        <ele>214.7</ele>
        <time>2024-12-07T13:47:30Z</time>
        <hdop>3.8</hdop>
      </trkpt>
      <trkpt lat="54.8918149" lon="25.5809054">
        <ele>214.7</ele>
        <time>2024-12-07T13:47:36Z</time>
        <hdop>3.8</hdop>
      </trkpt>
      <trkpt lat="54.8918149" lon="25.5809054">
        <ele>214.7</ele>
        <time>2024-12-07T13:47:42Z</time>
        <hdop>3.8</hdop>
      </trkpt>
      <trkpt lat="54.891815" lon="25.5809054">
        <ele>214.8</ele>
        <time>2024-12-07T13:47:48Z</time>
        <hdop>3.8</hdop>
      </trkpt>
      <trkpt lat="54.891815" lon="25.5809056">
        <ele>214.8</ele>
        <time>2024-12-07T13:47:54Z</time>
        <hdop>3.8</hdop>
      </trkpt>
      <trkpt lat="54.8918149" lon="25.5809057">
        <ele>214.8</ele>
        <time>2024-12-07T13:48:00Z</time>
        <hdop>3.8</hdop>
      </trkpt>
      <trkpt lat="54.8918147" lon="25.5809058">
        <ele>214.9</ele>
        <time>2024-12-07T13:48:06Z</time>
        <hdop>3.8</hdop>
      </trkpt>
      <trkpt lat="54.8918146" lon="25.580906">
        <ele>214.9</ele>
        <time>2024-12-07T13:48:12Z</time>
        <hdop>3.8</hdop>
      </trkpt>
      <trkpt lat="54.8918144" lon="25.5809061">
        <ele>214.9</ele>
        <time>2024-12-07T13:48:18Z</time>
        <hdop>3.8</hdop>
      </trkpt>
      <trkpt lat="54.8918143" lon="25.5809062">
        <ele>214.9</ele>
        <time>2024-12-07T13:48:24Z</time>
        <hdop>3.8</hdop>
      </trkpt>
      <trkpt lat="54.8918141" lon="25.5809062">
        <ele>214.9</ele>
        <time>2024-12-07T13:48:30Z</time>
        <hdop>3.8</hdop>
      </trkpt>
      <trkpt lat="54.8918139" lon="25.580906">
        <ele>214.9</ele>
        <time>2024-12-07T13:48:36Z</time>
        <hdop>3.8</hdop>
      </trkpt>
      <trkpt lat="54.8918136" lon="25.5809061">
        <ele>214.9</ele>
        <time>2024-12-07T13:48:42Z</time>
        <hdop>3.8</hdop>
      </trkpt>
      <trkpt lat="54.8918135" lon="25.5809062">
        <ele>214.9</ele>
        <time>2024-12-07T13:48:48Z</time>
        <hdop>3.8</hdop>
      </trkpt>
      <trkpt lat="54.8918134" lon="25.5809061">
        <ele>214.9</ele>
        <time>2024-12-07T13:48:54Z</time>
        <hdop>3.8</hdop>
      </trkpt>
      <trkpt lat="54.8918132" lon="25.5809059">
        <ele>214.9</ele>
        <time>2024-12-07T13:49:00Z</time>
        <hdop>3.8</hdop>
      </trkpt>
      <trkpt lat="54.8918131" lon="25.5809058">
        <ele>214.9</ele>
        <time>2024-12-07T13:49:06Z</time>
        <hdop>3.8</hdop>
      </trkpt>
      <trkpt lat="54.8918129" lon="25.5809058">
        <ele>214.9</ele>
        <time>2024-12-07T13:49:12Z</time>
        <hdop>3.8</hdop>
      </trkpt>
      <trkpt lat="54.8918128" lon="25.5809059">
        <ele>215</ele>
        <time>2024-12-07T13:49:18Z</time>
        <hdop>3.8</hdop>
      </trkpt>
      <trkpt lat="54.8918128" lon="25.5809057">
        <ele>215</ele>
        <time>2024-12-07T13:49:24Z</time>
        <hdop>3.8</hdop>
      </trkpt>
      <trkpt lat="54.8918128" lon="25.5809056">
        <ele>214.9</ele>
        <time>2024-12-07T13:49:30Z</time>
        <hdop>3.8</hdop>
      </trkpt>
      <trkpt lat="54.8918128" lon="25.5809056">
        <ele>214.9</ele>
        <time>2024-12-07T13:49:36Z</time>
        <hdop>3.8</hdop>
      </trkpt>
      <trkpt lat="54.8918128" lon="25.5809056">
        <ele>214.9</ele>
        <time>2024-12-07T13:49:42Z</time>
        <hdop>3.8</hdop>
      </trkpt>
      <trkpt lat="54.8918128" lon="25.5809057">
        <ele>214.9</ele>
        <time>2024-12-07T13:49:48Z</time>
        <hdop>3.8</hdop>
      </trkpt>
      <trkpt lat="54.8918128" lon="25.5809058">
        <ele>215</ele>
        <time>2024-12-07T13:49:54Z</time>
        <hdop>3.8</hdop>
      </trkpt>
      <trkpt lat="54.8918128" lon="25.5809058">
        <ele>215</ele>
        <time>2024-12-07T13:50:00Z</time>
        <hdop>3.8</hdop>
      </trkpt>
      <trkpt lat="54.8918128" lon="25.5809058">
        <ele>215</ele>
        <time>2024-12-07T13:50:06Z</time>
        <hdop>3.8</hdop>
      </trkpt>
      <trkpt lat="54.8918128" lon="25.580906">
        <ele>215.1</ele>
        <time>2024-12-07T13:50:12Z</time>
        <hdop>3.8</hdop>
      </trkpt>
      <trkpt lat="54.891813" lon="25.5809059">
        <ele>215.1</ele>
        <time>2024-12-07T13:50:18Z</time>
        <hdop>3.8</hdop>
      </trkpt>
      <trkpt lat="54.8918129" lon="25.5809057">
        <ele>215.1</ele>
        <time>2024-12-07T13:50:24Z</time>
        <hdop>3.8</hdop>
      </trkpt>
      <trkpt lat="54.8918127" lon="25.5809056">
        <ele>215.1</ele>
        <time>2024-12-07T13:50:30Z</time>
        <hdop>3.8</hdop>
      </trkpt>
      <trkpt lat="54.8918124" lon="25.5809058">
        <ele>215.1</ele>
        <time>2024-12-07T13:50:36Z</time>
        <hdop>3.8</hdop>
      </trkpt>
      <trkpt lat="54.8918126" lon="25.5809047">
        <ele>215.3</ele>
        <time>2024-12-07T13:50:42Z</time>
        <hdop>3.8</hdop>
      </trkpt>
      <trkpt lat="54.8918131" lon="25.5809027">
        <ele>215.4</ele>
        <time>2024-12-07T13:50:48Z</time>
        <hdop>3.8</hdop>
      </trkpt>
      <trkpt lat="54.8918137" lon="25.5809018">
        <ele>215.6</ele>
        <time>2024-12-07T13:50:54Z</time>
        <hdop>3.8</hdop>
      </trkpt>
      <trkpt lat="54.8918139" lon="25.5809015">
        <ele>215.6</ele>
        <time>2024-12-07T13:51:00Z</time>
        <hdop>3.8</hdop>
      </trkpt>
      <trkpt lat="54.891814" lon="25.5809015">
        <ele>215.6</ele>
        <time>2024-12-07T13:51:06Z</time>
        <hdop>3.8</hdop>
      </trkpt>
      <trkpt lat="54.891814" lon="25.5809016">
        <ele>215.6</ele>
        <time>2024-12-07T13:51:12Z</time>
        <hdop>3.8</hdop>
      </trkpt>
      <trkpt lat="54.891814" lon="25.5809016">
        <ele>215.6</ele>
        <time>2024-12-07T13:51:18Z</time>
        <hdop>3.8</hdop>
      </trkpt>
      <trkpt lat="54.891814" lon="25.5809015">
        <ele>215.6</ele>
        <time>2024-12-07T13:51:24Z</time>
        <hdop>3.8</hdop>
      </trkpt>
      <trkpt lat="54.8918139" lon="25.5809014">
        <ele>215.6</ele>
        <time>2024-12-07T13:51:30Z</time>
        <hdop>3.8</hdop>
      </trkpt>
      <trkpt lat="54.8918138" lon="25.5809014">
        <ele>215.6</ele>
        <time>2024-12-07T13:51:36Z</time>
        <hdop>3.8</hdop>
      </trkpt>
      <trkpt lat="54.8918136" lon="25.5809016">
        <ele>215.6</ele>
        <time>2024-12-07T13:51:42Z</time>
        <hdop>3.8</hdop>
      </trkpt>
      <trkpt lat="54.8918136" lon="25.5809017">
        <ele>215.6</ele>
        <time>2024-12-07T13:51:48Z</time>
        <hdop>3.8</hdop>
      </trkpt>
      <trkpt lat="54.8918135" lon="25.580902">
        <ele>215.7</ele>
        <time>2024-12-07T13:51:54Z</time>
        <hdop>3.8</hdop>
      </trkpt>
      <trkpt lat="54.8918134" lon="25.5809023">
        <ele>215.7</ele>
        <time>2024-12-07T13:52:00Z</time>
        <hdop>3.8</hdop>
      </trkpt>
      <trkpt lat="54.8918133" lon="25.5809023">
        <ele>215.7</ele>
        <time>2024-12-07T13:52:06Z</time>
        <hdop>3.8</hdop>
      </trkpt>
      <trkpt lat="54.8918132" lon="25.5809023">
        <ele>215.7</ele>
        <time>2024-12-07T13:52:12Z</time>
        <hdop>3.8</hdop>
      </trkpt>
      <trkpt lat="54.891813" lon="25.5809023">
        <ele>215.7</ele>
        <time>2024-12-07T13:52:18Z</time>
        <hdop>3.8</hdop>
      </trkpt>
      <trkpt lat="54.8916718" lon="25.5808731">
        <ele>214.6</ele>
        <time>2024-12-07T13:52:24Z</time>
        <hdop>3.8</hdop>
        <extensions>
          <osmand:speed>6.2</osmand:speed>
        </extensions>
      </trkpt>
      <trkpt lat="54.8912614" lon="25.5806322">
        <ele>213.2</ele>
        <time>2024-12-07T13:52:30Z</time>
        <hdop>3.8</hdop>
        <extensions>
          <osmand:speed>8.4</osmand:speed>
        </extensions>
      </trkpt>
      <trkpt lat="54.8907905" lon="25.5803457">
        <ele>210.8</ele>
        <time>2024-12-07T13:52:36Z</time>
        <hdop>3.8</hdop>
        <extensions>
          <osmand:speed>9.1</osmand:speed>
        </extensions>
      </trkpt>
      <trkpt lat="54.8904508" lon="25.580035">
        <ele>213</ele>
        <time>2024-12-07T13:52:42Z</time>
        <hdop>3.8</hdop>
        <extensions>
          <osmand:speed>5.8</osmand:speed>
        </extensions>
      </trkpt>
      <trkpt lat="54.8905407" lon="25.5793622">
        <ele>210.5</ele>
        <time>2024-12-07T13:52:48Z</time>
        <hdop>3.8</hdop>
        <extensions>
          <osmand:speed>7.5</osmand:speed>
        </extensions>
      </trkpt>
      <trkpt lat="54.8904424" lon="25.5786236">
        <ele>208.7</ele>
        <time>2024-12-07T13:52:54Z</time>
        <hdop>3.8</hdop>
        <extensions>
          <osmand:speed>8.9</osmand:speed>
        </extensions>
      </trkpt>
      <trkpt lat="54.8902689" lon="25.5780322">
        <ele>208.1</ele>
        <time>2024-12-07T13:53:00Z</time>
        <hdop>3.8</hdop>
        <extensions>
          <osmand:speed>6.1</osmand:speed>
        </extensions>
      </trkpt>
      <trkpt lat="54.8901418" lon="25.5773104">
        <ele>207.1</ele>
        <time>2024-12-07T13:53:06Z</time>
        <hdop>3.8</hdop>
        <extensions>
          <osmand:speed>9.5</osmand:speed>
        </extensions>
      </trkpt>
      <trkpt lat="54.8901213" lon="25.5768221">
        <ele>207.5</ele>
        <time>2024-12-07T13:53:12Z</time>
        <hdop>3.8</hdop>
        <extensions>
          <osmand:speed>2.6</osmand:speed>
        </extensions>
      </trkpt>
      <trkpt lat="54.8900671" lon="25.5763376">
        <ele>206.8</ele>
        <time>2024-12-07T13:53:18Z</time>
        <hdop>3.8</hdop>
        <extensions>
          <osmand:speed>6.4</osmand:speed>
        </extensions>
      </trkpt>
      <trkpt lat="54.8898975" lon="25.5758241">
        <ele>204.3</ele>
        <time>2024-12-07T13:53:24Z</time>
        <hdop>3.9</hdop>
        <extensions>
          <osmand:speed>5.2</osmand:speed>
        </extensions>
      </trkpt>
      <trkpt lat="54.8898005" lon="25.5753976">
        <ele>206.3</ele>
        <time>2024-12-07T13:53:30Z</time>
        <hdop>4.5</hdop>
        <extensions>
          <osmand:speed>5.7</osmand:speed>
        </extensions>
      </trkpt>
      <trkpt lat="54.8897402" lon="25.5748798">
        <ele>206.4</ele>
        <time>2024-12-07T13:53:36Z</time>
        <hdop>3.8</hdop>
        <extensions>
          <osmand:speed>5.1</osmand:speed>
        </extensions>
      </trkpt>
      <trkpt lat="54.8896396" lon="25.5742339">
        <ele>205.4</ele>
        <time>2024-12-07T13:53:42Z</time>
        <hdop>3.8</hdop>
        <extensions>
          <osmand:speed>6.8</osmand:speed>
        </extensions>
      </trkpt>
      <trkpt lat="54.8895476" lon="25.5737724">
        <ele>201.7</ele>
        <time>2024-12-07T13:53:48Z</time>
        <hdop>3.8</hdop>
        <extensions>
          <osmand:speed>1.7</osmand:speed>
        </extensions>
      </trkpt>
      <trkpt lat="54.8895384" lon="25.573698">
        <ele>204.2</ele>
        <time>2024-12-07T13:53:54Z</time>
        <hdop>3.8</hdop>
      </trkpt>
      <trkpt lat="54.889541" lon="25.5737294">
        <ele>202.5</ele>
        <time>2024-12-07T13:54:00Z</time>
        <hdop>3.8</hdop>
      </trkpt>
      <trkpt lat="54.8895444" lon="25.5737247">
        <ele>203.8</ele>
        <time>2024-12-07T13:54:06Z</time>
        <hdop>3.8</hdop>
      </trkpt>
      <trkpt lat="54.8895386" lon="25.5736708">
        <ele>205.1</ele>
        <time>2024-12-07T13:54:12Z</time>
        <hdop>3.8</hdop>
        <extensions>
          <osmand:speed>0.7</osmand:speed>
        </extensions>
      </trkpt>
      <trkpt lat="54.8895311" lon="25.5735439">
        <ele>205.3</ele>
        <time>2024-12-07T13:54:18Z</time>
        <hdop>3.8</hdop>
        <extensions>
          <osmand:speed>0.8</osmand:speed>
        </extensions>
      </trkpt>
      <trkpt lat="54.8895307" lon="25.5733739">
        <ele>206.4</ele>
        <time>2024-12-07T13:54:24Z</time>
        <hdop>3.8</hdop>
        <extensions>
          <osmand:speed>2.3</osmand:speed>
        </extensions>
      </trkpt>
      <trkpt lat="54.8895244" lon="25.5732019">
        <ele>208.4</ele>
        <time>2024-12-07T13:54:30Z</time>
        <hdop>3.8</hdop>
        <extensions>
          <osmand:speed>1.6</osmand:speed>
        </extensions>
      </trkpt>
      <trkpt lat="54.8894886" lon="25.5729787">
        <ele>207.6</ele>
        <time>2024-12-07T13:54:36Z</time>
        <hdop>3.8</hdop>
        <extensions>
          <osmand:speed>3.2</osmand:speed>
        </extensions>
      </trkpt>
      <trkpt lat="54.8894077" lon="25.5725623">
        <ele>205.7</ele>
        <time>2024-12-07T13:54:42Z</time>
        <hdop>3.8</hdop>
        <extensions>
          <osmand:speed>5.6</osmand:speed>
        </extensions>
      </trkpt>
      <trkpt lat="54.8892713" lon="25.5721309">
        <ele>203.9</ele>
        <time>2024-12-07T13:54:48Z</time>
        <hdop>3.8</hdop>
        <extensions>
          <osmand:speed>4.1</osmand:speed>
        </extensions>
      </trkpt>
      <trkpt lat="54.8891822" lon="25.5716733">
        <ele>204.5</ele>
        <time>2024-12-07T13:54:54Z</time>
        <hdop>3.8</hdop>
        <extensions>
          <osmand:speed>6.2</osmand:speed>
        </extensions>
      </trkpt>
      <trkpt lat="54.889123" lon="25.5712738">
        <ele>204</ele>
        <time>2024-12-07T13:55:00Z</time>
        <hdop>3.8</hdop>
        <extensions>
          <osmand:speed>2.1</osmand:speed>
        </extensions>
      </trkpt>
      <trkpt lat="54.8889797" lon="25.5714604">
        <ele>199.7</ele>
        <time>2024-12-07T13:55:06Z</time>
        <hdop>3.8</hdop>
        <extensions>
          <osmand:speed>4.8</osmand:speed>
        </extensions>
      </trkpt>
      <trkpt lat="54.8887672" lon="25.5718179">
        <ele>198.5</ele>
        <time>2024-12-07T13:55:12Z</time>
        <hdop>3.8</hdop>
        <extensions>
          <osmand:speed>6.4</osmand:speed>
        </extensions>
      </trkpt>
      <trkpt lat="54.8885198" lon="25.5722085">
        <ele>195.9</ele>
        <time>2024-12-07T13:55:18Z</time>
        <hdop>3.8</hdop>
        <extensions>
          <osmand:speed>6.5</osmand:speed>
        </extensions>
      </trkpt>
      <trkpt lat="54.8881968" lon="25.572279">
        <ele>193.5</ele>
        <time>2024-12-07T13:55:24Z</time>
        <hdop>3.8</hdop>
        <extensions>
          <osmand:speed>5.9</osmand:speed>
        </extensions>
      </trkpt>
      <trkpt lat="54.887819" lon="25.5723422">
        <ele>190.7</ele>
        <time>2024-12-07T13:55:30Z</time>
        <hdop>3.8</hdop>
        <extensions>
          <osmand:speed>7.1</osmand:speed>
        </extensions>
      </trkpt>
      <trkpt lat="54.8875088" lon="25.57247">
        <ele>191.4</ele>
        <time>2024-12-07T13:55:36Z</time>
        <hdop>3.8</hdop>
        <extensions>
          <osmand:speed>5.1</osmand:speed>
        </extensions>
      </trkpt>
      <trkpt lat="54.887211" lon="25.5728278">
        <ele>192.8</ele>
        <time>2024-12-07T13:55:42Z</time>
        <hdop>3.8</hdop>
        <extensions>
          <osmand:speed>7</osmand:speed>
        </extensions>
      </trkpt>
      <trkpt lat="54.8868975" lon="25.5731376">
        <ele>185.2</ele>
        <time>2024-12-07T13:55:48Z</time>
        <hdop>3.8</hdop>
        <extensions>
          <osmand:speed>8.9</osmand:speed>
        </extensions>
      </trkpt>
      <trkpt lat="54.8865011" lon="25.5732496">
        <ele>186.3</ele>
        <time>2024-12-07T13:55:54Z</time>
        <hdop>3.8</hdop>
        <extensions>
          <osmand:speed>6.3</osmand:speed>
        </extensions>
      </trkpt>
      <trkpt lat="54.8861317" lon="25.573217">
        <ele>181</ele>
        <time>2024-12-07T13:56:00Z</time>
        <hdop>3.8</hdop>
        <extensions>
          <osmand:speed>6.4</osmand:speed>
        </extensions>
      </trkpt>
      <trkpt lat="54.8857987" lon="25.5729783">
        <ele>175.3</ele>
        <time>2024-12-07T13:56:06Z</time>
        <hdop>3.8</hdop>
        <extensions>
          <osmand:speed>7.1</osmand:speed>
        </extensions>
      </trkpt>
      <trkpt lat="54.8853886" lon="25.572598">
        <ele>171.3</ele>
        <time>2024-12-07T13:56:12Z</time>
        <hdop>3.8</hdop>
        <extensions>
          <osmand:speed>6.4</osmand:speed>
        </extensions>
      </trkpt>
      <trkpt lat="54.8851258" lon="25.5722606">
        <ele>167.6</ele>
        <time>2024-12-07T13:56:18Z</time>
        <hdop>3.8</hdop>
        <extensions>
          <osmand:speed>7.5</osmand:speed>
        </extensions>
      </trkpt>
      <trkpt lat="54.8846966" lon="25.571781">
        <ele>162.9</ele>
        <time>2024-12-07T13:56:24Z</time>
        <hdop>3.8</hdop>
        <extensions>
          <osmand:speed>11</osmand:speed>
        </extensions>
      </trkpt>
      <trkpt lat="54.8843406" lon="25.5711">
        <ele>162.3</ele>
        <time>2024-12-07T13:56:30Z</time>
        <hdop>3.8</hdop>
        <extensions>
          <osmand:speed>11.1</osmand:speed>
        </extensions>
      </trkpt>
      <trkpt lat="54.8842268" lon="25.5700054">
        <ele>161.8</ele>
        <time>2024-12-07T13:56:36Z</time>
        <hdop>3.8</hdop>
        <extensions>
          <osmand:speed>11.3</osmand:speed>
        </extensions>
      </trkpt>
      <trkpt lat="54.8843437" lon="25.5689039">
        <ele>163.2</ele>
        <time>2024-12-07T13:56:42Z</time>
        <hdop>3.8</hdop>
        <extensions>
          <osmand:speed>10.9</osmand:speed>
        </extensions>
      </trkpt>
      <trkpt lat="54.8841474" lon="25.568112">
        <ele>165.3</ele>
        <time>2024-12-07T13:56:48Z</time>
        <hdop>3.8</hdop>
        <extensions>
          <osmand:speed>9.9</osmand:speed>
        </extensions>
      </trkpt>
      <trkpt lat="54.8835904" lon="25.5673984">
        <ele>162.9</ele>
        <time>2024-12-07T13:56:54Z</time>
        <hdop>3.8</hdop>
        <extensions>
          <osmand:speed>13.7</osmand:speed>
        </extensions>
      </trkpt>
      <trkpt lat="54.8830958" lon="25.5664378">
        <ele>159.6</ele>
        <time>2024-12-07T13:57:00Z</time>
        <hdop>3.8</hdop>
        <extensions>
          <osmand:speed>14.3</osmand:speed>
        </extensions>
      </trkpt>
      <trkpt lat="54.8824999" lon="25.56558">
        <ele>160.3</ele>
        <time>2024-12-07T13:57:06Z</time>
        <hdop>3.8</hdop>
        <extensions>
          <osmand:speed>14</osmand:speed>
        </extensions>
      </trkpt>
      <trkpt lat="54.881998" lon="25.5646846">
        <ele>163.9</ele>
        <time>2024-12-07T13:57:12Z</time>
        <hdop>3.8</hdop>
        <extensions>
          <osmand:speed>14.5</osmand:speed>
        </extensions>
      </trkpt>
      <trkpt lat="54.8815226" lon="25.5635654">
        <ele>165.4</ele>
        <time>2024-12-07T13:57:18Z</time>
        <hdop>3.8</hdop>
        <extensions>
          <osmand:speed>14.9</osmand:speed>
        </extensions>
      </trkpt>
      <trkpt lat="54.8810855" lon="25.5625151">
        <ele>163.4</ele>
        <time>2024-12-07T13:57:24Z</time>
        <hdop>3.8</hdop>
        <extensions>
          <osmand:speed>14.1</osmand:speed>
        </extensions>
      </trkpt>
      <trkpt lat="54.8806787" lon="25.5615289">
        <ele>161.5</ele>
        <time>2024-12-07T13:57:30Z</time>
        <hdop>3.8</hdop>
        <extensions>
          <osmand:speed>10.5</osmand:speed>
        </extensions>
      </trkpt>
      <trkpt lat="54.8804014" lon="25.5610305">
        <ele>161.3</ele>
        <time>2024-12-07T13:57:36Z</time>
        <hdop>3.8</hdop>
        <extensions>
          <osmand:speed>3.5</osmand:speed>
        </extensions>
      </trkpt>
      <trkpt lat="54.8801244" lon="25.5608953">
        <ele>158.8</ele>
        <time>2024-12-07T13:57:42Z</time>
        <hdop>3.8</hdop>
        <extensions>
          <osmand:speed>8.3</osmand:speed>
        </extensions>
      </trkpt>
      <trkpt lat="54.8796526" lon="25.5611636">
        <ele>157.9</ele>
        <time>2024-12-07T13:57:48Z</time>
        <hdop>3.8</hdop>
        <extensions>
          <osmand:speed>10.7</osmand:speed>
        </extensions>
      </trkpt>
      <trkpt lat="54.8790998" lon="25.561124">
        <ele>157.4</ele>
        <time>2024-12-07T13:57:54Z</time>
        <hdop>3.8</hdop>
        <extensions>
          <osmand:speed>9.6</osmand:speed>
        </extensions>
      </trkpt>
      <trkpt lat="54.8787222" lon="25.5611962">
        <ele>156.8</ele>
        <time>2024-12-07T13:58:00Z</time>
        <hdop>3.8</hdop>
        <extensions>
          <osmand:speed>6.3</osmand:speed>
        </extensions>
      </trkpt>
      <trkpt lat="54.8781934" lon="25.5610742">
        <ele>158.4</ele>
        <time>2024-12-07T13:58:06Z</time>
        <hdop>3.8</hdop>
        <extensions>
          <osmand:speed>12.7</osmand:speed>
        </extensions>
      </trkpt>
      <trkpt lat="54.8776814" lon="25.5603962">
        <ele>161.5</ele>
        <time>2024-12-07T13:58:12Z</time>
        <hdop>3.8</hdop>
        <extensions>
          <osmand:speed>12.2</osmand:speed>
        </extensions>
      </trkpt>
      <trkpt lat="54.8773366" lon="25.559536">
        <ele>161.2</ele>
        <time>2024-12-07T13:58:18Z</time>
        <hdop>3.8</hdop>
        <extensions>
          <osmand:speed>12.2</osmand:speed>
        </extensions>
      </trkpt>
      <trkpt lat="54.8771673" lon="25.5584219">
        <ele>162.6</ele>
        <time>2024-12-07T13:58:24Z</time>
        <hdop>3.8</hdop>
        <extensions>
          <osmand:speed>12.6</osmand:speed>
        </extensions>
      </trkpt>
      <trkpt lat="54.8769343" lon="25.5571823">
        <ele>162.1</ele>
        <time>2024-12-07T13:58:30Z</time>
        <hdop>3.8</hdop>
        <extensions>
          <osmand:speed>13.8</osmand:speed>
        </extensions>
      </trkpt>
      <trkpt lat="54.8767447" lon="25.5560722">
        <ele>166.9</ele>
        <time>2024-12-07T13:58:36Z</time>
        <hdop>3.8</hdop>
        <extensions>
          <osmand:speed>12</osmand:speed>
        </extensions>
      </trkpt>
      <trkpt lat="54.8764329" lon="25.5548994">
        <ele>163.4</ele>
        <time>2024-12-07T13:58:42Z</time>
        <hdop>3.8</hdop>
        <extensions>
          <osmand:speed>14.8</osmand:speed>
        </extensions>
      </trkpt>
      <trkpt lat="54.8760039" lon="25.5536576">
        <ele>160.9</ele>
        <time>2024-12-07T13:58:48Z</time>
        <hdop>3.8</hdop>
        <extensions>
          <osmand:speed>15.1</osmand:speed>
        </extensions>
      </trkpt>
      <trkpt lat="54.8755707" lon="25.552465">
        <ele>162.5</ele>
        <time>2024-12-07T13:58:54Z</time>
        <hdop>3.8</hdop>
        <extensions>
          <osmand:speed>15.7</osmand:speed>
        </extensions>
      </trkpt>
      <trkpt lat="54.8751362" lon="25.5513372">
        <ele>160.7</ele>
        <time>2024-12-07T13:59:00Z</time>
        <hdop>3.8</hdop>
        <extensions>
          <osmand:speed>13.2</osmand:speed>
        </extensions>
      </trkpt>
      <trkpt lat="54.8745137" lon="25.5507239">
        <ele>157.4</ele>
        <time>2024-12-07T13:59:06Z</time>
        <hdop>3.8</hdop>
        <extensions>
          <osmand:speed>13.4</osmand:speed>
        </extensions>
      </trkpt>
      <trkpt lat="54.8738605" lon="25.5502544">
        <ele>161</ele>
        <time>2024-12-07T13:59:12Z</time>
        <hdop>3.8</hdop>
        <extensions>
          <osmand:speed>13.7</osmand:speed>
        </extensions>
      </trkpt>
      <trkpt lat="54.8733802" lon="25.5497927">
        <ele>162.3</ele>
        <time>2024-12-07T13:59:18Z</time>
        <hdop>3.8</hdop>
        <extensions>
          <osmand:speed>4.9</osmand:speed>
        </extensions>
      </trkpt>
      <trkpt lat="54.8733917" lon="25.5494047">
        <ele>162.2</ele>
        <time>2024-12-07T13:59:24Z</time>
        <hdop>3.8</hdop>
        <extensions>
          <osmand:speed>6.2</osmand:speed>
        </extensions>
      </trkpt>
      <trkpt lat="54.8736074" lon="25.5486189">
        <ele>162.4</ele>
        <time>2024-12-07T13:59:30Z</time>
        <hdop>3.8</hdop>
        <extensions>
          <osmand:speed>12.7</osmand:speed>
        </extensions>
      </trkpt>
      <trkpt lat="54.8739673" lon="25.5473914">
        <ele>158</ele>
        <time>2024-12-07T13:59:36Z</time>
        <hdop>3.8</hdop>
        <extensions>
          <osmand:speed>15.6</osmand:speed>
        </extensions>
      </trkpt>
      <trkpt lat="54.8742855" lon="25.5461354">
        <ele>160.5</ele>
        <time>2024-12-07T13:59:42Z</time>
        <hdop>3.8</hdop>
        <extensions>
          <osmand:speed>14</osmand:speed>
        </extensions>
      </trkpt>
      <trkpt lat="54.8745332" lon="25.5448796">
        <ele>162</ele>
        <time>2024-12-07T13:59:48Z</time>
        <hdop>3.8</hdop>
        <extensions>
          <osmand:speed>14</osmand:speed>
        </extensions>
      </trkpt>
      <trkpt lat="54.8746958" lon="25.5436454">
        <ele>159.9</ele>
        <time>2024-12-07T13:59:54Z</time>
        <hdop>3.8</hdop>
        <extensions>
          <osmand:speed>13</osmand:speed>
        </extensions>
      </trkpt>
      <trkpt lat="54.8747994" lon="25.5428176">
        <ele>159.7</ele>
        <time>2024-12-07T14:00:00Z</time>
        <hdop>3.8</hdop>
        <extensions>
          <osmand:speed>6</osmand:speed>
        </extensions>
      </trkpt>
      <trkpt lat="54.8743662" lon="25.542503">
        <ele>160.5</ele>
        <time>2024-12-07T14:00:06Z</time>
        <hdop>3.8</hdop>
        <extensions>
          <osmand:speed>11.2</osmand:speed>
        </extensions>
      </trkpt>
      <trkpt lat="54.8737377" lon="25.5421135">
        <ele>159</ele>
        <time>2024-12-07T14:00:12Z</time>
        <hdop>3.8</hdop>
        <extensions>
          <osmand:speed>12.2</osmand:speed>
        </extensions>
      </trkpt>
      <trkpt lat="54.8734172" lon="25.5414895">
        <ele>157</ele>
        <time>2024-12-07T14:00:18Z</time>
        <hdop>3.8</hdop>
        <extensions>
          <osmand:speed>10.2</osmand:speed>
        </extensions>
      </trkpt>
      <trkpt lat="54.8733376" lon="25.5406624">
        <ele>156.2</ele>
        <time>2024-12-07T14:00:24Z</time>
        <hdop>3.8</hdop>
        <extensions>
          <osmand:speed>8.4</osmand:speed>
        </extensions>
      </trkpt>
      <trkpt lat="54.8728087" lon="25.5403094">
        <ele>153.9</ele>
        <time>2024-12-07T14:00:30Z</time>
        <hdop>3.8</hdop>
        <extensions>
          <osmand:speed>10.7</osmand:speed>
        </extensions>
      </trkpt>
      <trkpt lat="54.8723707" lon="25.5400791">
        <ele>154.3</ele>
        <time>2024-12-07T14:00:36Z</time>
        <hdop>3.8</hdop>
        <extensions>
          <osmand:speed>6.3</osmand:speed>
        </extensions>
      </trkpt>
      <trkpt lat="54.8721591" lon="25.5395328">
        <ele>153.6</ele>
        <time>2024-12-07T14:00:42Z</time>
        <hdop>3.8</hdop>
        <extensions>
          <osmand:speed>7.6</osmand:speed>
        </extensions>
      </trkpt>
      <trkpt lat="54.8719199" lon="25.5387769">
        <ele>156.5</ele>
        <time>2024-12-07T14:00:48Z</time>
        <hdop>3.8</hdop>
        <extensions>
          <osmand:speed>10.8</osmand:speed>
        </extensions>
      </trkpt>
      <trkpt lat="54.8715186" lon="25.5379329">
        <ele>159.6</ele>
        <time>2024-12-07T14:00:54Z</time>
        <hdop>3.8</hdop>
        <extensions>
          <osmand:speed>12.4</osmand:speed>
        </extensions>
      </trkpt>
      <trkpt lat="54.8711094" lon="25.5369104">
        <ele>160.9</ele>
        <time>2024-12-07T14:01:00Z</time>
        <hdop>3.8</hdop>
        <extensions>
          <osmand:speed>14</osmand:speed>
        </extensions>
      </trkpt>
      <trkpt lat="54.8706372" lon="25.5358173">
        <ele>160.3</ele>
        <time>2024-12-07T14:01:06Z</time>
        <hdop>3.8</hdop>
        <extensions>
          <osmand:speed>14.5</osmand:speed>
        </extensions>
      </trkpt>
      <trkpt lat="54.8702528" lon="25.5349269">
        <ele>162.1</ele>
        <time>2024-12-07T14:01:12Z</time>
        <hdop>3.8</hdop>
        <extensions>
          <osmand:speed>8.4</osmand:speed>
        </extensions>
      </trkpt>
      <trkpt lat="54.8700646" lon="25.53452">
        <ele>162.2</ele>
        <time>2024-12-07T14:01:18Z</time>
        <hdop>3.8</hdop>
        <extensions>
          <osmand:speed>5.3</osmand:speed>
        </extensions>
      </trkpt>
      <trkpt lat="54.8697533" lon="25.5337755">
        <ele>162</ele>
        <time>2024-12-07T14:01:24Z</time>
        <hdop>3.8</hdop>
        <extensions>
          <osmand:speed>12.1</osmand:speed>
        </extensions>
      </trkpt>
      <trkpt lat="54.8694372" lon="25.5327244">
        <ele>163.3</ele>
        <time>2024-12-07T14:01:30Z</time>
        <hdop>3.8</hdop>
        <extensions>
          <osmand:speed>13.3</osmand:speed>
        </extensions>
      </trkpt>
      <trkpt lat="54.8689906" lon="25.5317045">
        <ele>163.2</ele>
        <time>2024-12-07T14:01:36Z</time>
        <hdop>3.8</hdop>
        <extensions>
          <osmand:speed>13.9</osmand:speed>
        </extensions>
      </trkpt>
      <trkpt lat="54.8684986" lon="25.5306608">
        <ele>162.9</ele>
        <time>2024-12-07T14:01:42Z</time>
        <hdop>3.8</hdop>
        <extensions>
          <osmand:speed>14.1</osmand:speed>
        </extensions>
      </trkpt>
      <trkpt lat="54.8679898" lon="25.5295696">
        <ele>162.9</ele>
        <time>2024-12-07T14:01:48Z</time>
        <hdop>3.8</hdop>
        <extensions>
          <osmand:speed>15.9</osmand:speed>
        </extensions>
      </trkpt>
      <trkpt lat="54.8675034" lon="25.5284482">
        <ele>163.9</ele>
        <time>2024-12-07T14:01:54Z</time>
        <hdop>3.8</hdop>
        <extensions>
          <osmand:speed>14.8</osmand:speed>
        </extensions>
      </trkpt>
      <trkpt lat="54.8670336" lon="25.5274354">
        <ele>163</ele>
        <time>2024-12-07T14:02:00Z</time>
        <hdop>3.8</hdop>
        <extensions>
          <osmand:speed>13.8</osmand:speed>
        </extensions>
      </trkpt>
      <trkpt lat="54.8665456" lon="25.5262997">
        <ele>162.4</ele>
        <time>2024-12-07T14:02:06Z</time>
        <hdop>3.8</hdop>
        <extensions>
          <osmand:speed>15.9</osmand:speed>
        </extensions>
      </trkpt>
      <trkpt lat="54.8661006" lon="25.5250413">
        <ele>163.7</ele>
        <time>2024-12-07T14:02:12Z</time>
        <hdop>3.8</hdop>
        <extensions>
          <osmand:speed>15.7</osmand:speed>
        </extensions>
      </trkpt>
      <trkpt lat="54.8656898" lon="25.5237272">
        <ele>162.9</ele>
        <time>2024-12-07T14:02:18Z</time>
        <hdop>3.8</hdop>
        <extensions>
          <osmand:speed>16.2</osmand:speed>
        </extensions>
      </trkpt>
      <trkpt lat="54.865265" lon="25.5224276">
        <ele>163.8</ele>
        <time>2024-12-07T14:02:24Z</time>
        <hdop>3.8</hdop>
        <extensions>
          <osmand:speed>16.1</osmand:speed>
        </extensions>
      </trkpt>
      <trkpt lat="54.8648428" lon="25.521109">
        <ele>163.9</ele>
        <time>2024-12-07T14:02:30Z</time>
        <hdop>3.8</hdop>
        <extensions>
          <osmand:speed>16</osmand:speed>
        </extensions>
      </trkpt>
      <trkpt lat="54.86442" lon="25.5197893">
        <ele>162.3</ele>
        <time>2024-12-07T14:02:36Z</time>
        <hdop>3.8</hdop>
        <extensions>
          <osmand:speed>16.2</osmand:speed>
        </extensions>
      </trkpt>
      <trkpt lat="54.8639913" lon="25.5184532">
        <ele>159.5</ele>
        <time>2024-12-07T14:02:42Z</time>
        <hdop>3.8</hdop>
        <extensions>
          <osmand:speed>16.4</osmand:speed>
        </extensions>
      </trkpt>
      <trkpt lat="54.863569" lon="25.5171069">
        <ele>160.5</ele>
        <time>2024-12-07T14:02:48Z</time>
        <hdop>3.8</hdop>
        <extensions>
          <osmand:speed>16.7</osmand:speed>
        </extensions>
      </trkpt>
      <trkpt lat="54.863126" lon="25.5156937">
        <ele>161.9</ele>
        <time>2024-12-07T14:02:54Z</time>
        <hdop>3.8</hdop>
        <extensions>
          <osmand:speed>16.8</osmand:speed>
        </extensions>
      </trkpt>
      <trkpt lat="54.8627147" lon="25.5143603">
        <ele>161</ele>
        <time>2024-12-07T14:03:00Z</time>
        <hdop>3.8</hdop>
        <extensions>
          <osmand:speed>16</osmand:speed>
        </extensions>
      </trkpt>
      <trkpt lat="54.8622872" lon="25.5130811">
        <ele>162.2</ele>
        <time>2024-12-07T14:03:06Z</time>
        <hdop>3.8</hdop>
        <extensions>
          <osmand:speed>15.9</osmand:speed>
        </extensions>
      </trkpt>
      <trkpt lat="54.8619399" lon="25.5118604">
        <ele>164.7</ele>
        <time>2024-12-07T14:03:12Z</time>
        <hdop>3.8</hdop>
        <extensions>
          <osmand:speed>12.4</osmand:speed>
        </extensions>
      </trkpt>
      <trkpt lat="54.8614306" lon="25.5109091">
        <ele>167.5</ele>
        <time>2024-12-07T14:03:18Z</time>
        <hdop>3.8</hdop>
        <extensions>
          <osmand:speed>14.2</osmand:speed>
        </extensions>
      </trkpt>
      <trkpt lat="54.8608891" lon="25.5101983">
        <ele>161.2</ele>
        <time>2024-12-07T14:03:24Z</time>
        <hdop>3.8</hdop>
        <extensions>
          <osmand:speed>12.6</osmand:speed>
        </extensions>
      </trkpt>
      <trkpt lat="54.8604708" lon="25.5091077">
        <ele>161.1</ele>
        <time>2024-12-07T14:03:30Z</time>
        <hdop>3.8</hdop>
        <extensions>
          <osmand:speed>15</osmand:speed>
        </extensions>
      </trkpt>
      <trkpt lat="54.8600222" lon="25.5080215">
        <ele>161.3</ele>
        <time>2024-12-07T14:03:36Z</time>
        <hdop>3.8</hdop>
        <extensions>
          <osmand:speed>14.1</osmand:speed>
        </extensions>
      </trkpt>
      <trkpt lat="54.8596612" lon="25.5071802">
        <ele>159.3</ele>
        <time>2024-12-07T14:03:42Z</time>
        <hdop>3.8</hdop>
        <extensions>
          <osmand:speed>6.6</osmand:speed>
        </extensions>
      </trkpt>
      <trkpt lat="54.8592501" lon="25.5072353">
        <ele>158.9</ele>
        <time>2024-12-07T14:03:48Z</time>
        <hdop>3.8</hdop>
        <extensions>
          <osmand:speed>6.8</osmand:speed>
        </extensions>
      </trkpt>
      <trkpt lat="54.8586839" lon="25.5073486">
        <ele>156.5</ele>
        <time>2024-12-07T14:03:54Z</time>
        <hdop>3.8</hdop>
        <extensions>
          <osmand:speed>12.7</osmand:speed>
        </extensions>
      </trkpt>
      <trkpt lat="54.8579997" lon="25.5075144">
        <ele>155.1</ele>
        <time>2024-12-07T14:04:00Z</time>
        <hdop>3.8</hdop>
        <extensions>
          <osmand:speed>13.1</osmand:speed>
        </extensions>
      </trkpt>
      <trkpt lat="54.8573226" lon="25.5076631">
        <ele>155.3</ele>
        <time>2024-12-07T14:04:06Z</time>
        <hdop>4.1</hdop>
        <extensions>
          <osmand:speed>13.1</osmand:speed>
        </extensions>
      </trkpt>
      <trkpt lat="54.85659" lon="25.5078015">
        <ele>160</ele>
        <time>2024-12-07T14:04:12Z</time>
        <hdop>3.9</hdop>
        <extensions>
          <osmand:speed>14.4</osmand:speed>
        </extensions>
      </trkpt>
      <trkpt lat="54.8559376" lon="25.507941">
        <ele>162.3</ele>
        <time>2024-12-07T14:04:18Z</time>
        <hdop>3.8</hdop>
        <extensions>
          <osmand:speed>10.7</osmand:speed>
        </extensions>
      </trkpt>
      <trkpt lat="54.855348" lon="25.50804">
        <ele>162.1</ele>
        <time>2024-12-07T14:04:24Z</time>
        <hdop>3.8</hdop>
        <extensions>
          <osmand:speed>11.5</osmand:speed>
        </extensions>
      </trkpt>
      <trkpt lat="54.8547435" lon="25.5081652">
        <ele>161</ele>
        <time>2024-12-07T14:04:30Z</time>
        <hdop>3.8</hdop>
        <extensions>
          <osmand:speed>11.6</osmand:speed>
        </extensions>
      </trkpt>
      <trkpt lat="54.8542216" lon="25.5082545">
        <ele>162.2</ele>
        <time>2024-12-07T14:04:36Z</time>
        <hdop>3.8</hdop>
        <extensions>
          <osmand:speed>9.2</osmand:speed>
        </extensions>
      </trkpt>
      <trkpt lat="54.8536911" lon="25.5083794">
        <ele>161.5</ele>
        <time>2024-12-07T14:04:42Z</time>
        <hdop>4.2</hdop>
        <extensions>
          <osmand:speed>8.9</osmand:speed>
        </extensions>
      </trkpt>
      <trkpt lat="54.8531368" lon="25.5085488">
        <ele>165.3</ele>
        <time>2024-12-07T14:04:48Z</time>
        <hdop>3.8</hdop>
        <extensions>
          <osmand:speed>6.1</osmand:speed>
        </extensions>
      </trkpt>
      <trkpt lat="54.8528147" lon="25.5083146">
        <ele>163.5</ele>
        <time>2024-12-07T14:04:54Z</time>
        <hdop>3.8</hdop>
        <extensions>
          <osmand:speed>8.2</osmand:speed>
        </extensions>
      </trkpt>
      <trkpt lat="54.8524873" lon="25.5076904">
        <ele>163.8</ele>
        <time>2024-12-07T14:05:00Z</time>
        <hdop>3.8</hdop>
        <extensions>
          <osmand:speed>9.5</osmand:speed>
        </extensions>
      </trkpt>
      <trkpt lat="54.8523716" lon="25.506576">
        <ele>162.9</ele>
        <time>2024-12-07T14:05:06Z</time>
        <hdop>3.8</hdop>
        <extensions>
          <osmand:speed>13.8</osmand:speed>
        </extensions>
      </trkpt>
      <trkpt lat="54.8522259" lon="25.5052628">
        <ele>161.4</ele>
        <time>2024-12-07T14:05:12Z</time>
        <hdop>3.8</hdop>
        <extensions>
          <osmand:speed>13.9</osmand:speed>
        </extensions>
      </trkpt>
      <trkpt lat="54.8520985" lon="25.5038934">
        <ele>164.9</ele>
        <time>2024-12-07T14:05:18Z</time>
        <hdop>3.8</hdop>
        <extensions>
          <osmand:speed>15.5</osmand:speed>
        </extensions>
      </trkpt>
      <trkpt lat="54.85197" lon="25.5025416">
        <ele>164.1</ele>
        <time>2024-12-07T14:05:24Z</time>
        <hdop>3.8</hdop>
        <extensions>
          <osmand:speed>14.7</osmand:speed>
        </extensions>
      </trkpt>
      <trkpt lat="54.8517347" lon="25.5016076">
        <ele>159.5</ele>
        <time>2024-12-07T14:05:30Z</time>
        <hdop>3.8</hdop>
        <extensions>
          <osmand:speed>9.3</osmand:speed>
        </extensions>
      </trkpt>
      <trkpt lat="54.8517288" lon="25.5004816">
        <ele>161.5</ele>
        <time>2024-12-07T14:05:36Z</time>
        <hdop>3.8</hdop>
        <extensions>
          <osmand:speed>13.6</osmand:speed>
        </extensions>
      </trkpt>
      <trkpt lat="54.8516233" lon="25.4992351">
        <ele>158.1</ele>
        <time>2024-12-07T14:05:42Z</time>
        <hdop>3.8</hdop>
        <extensions>
          <osmand:speed>10.5</osmand:speed>
        </extensions>
      </trkpt>
      <trkpt lat="54.8515291" lon="25.4982392">
        <ele>157.4</ele>
        <time>2024-12-07T14:05:48Z</time>
        <hdop>3.8</hdop>
        <extensions>
          <osmand:speed>12.7</osmand:speed>
        </extensions>
      </trkpt>
      <trkpt lat="54.8514213" lon="25.4969376">
        <ele>161.3</ele>
        <time>2024-12-07T14:05:54Z</time>
        <hdop>3.8</hdop>
        <extensions>
          <osmand:speed>13.8</osmand:speed>
        </extensions>
      </trkpt>
      <trkpt lat="54.8512993" lon="25.4957384">
        <ele>162.5</ele>
        <time>2024-12-07T14:06:00Z</time>
        <hdop>3.8</hdop>
        <extensions>
          <osmand:speed>14</osmand:speed>
        </extensions>
      </trkpt>
      <trkpt lat="54.8511898" lon="25.4943743">
        <ele>163.5</ele>
        <time>2024-12-07T14:06:06Z</time>
        <hdop>3.8</hdop>
        <extensions>
          <osmand:speed>15.1</osmand:speed>
        </extensions>
      </trkpt>
      <trkpt lat="54.8510626" lon="25.4929544">
        <ele>164.1</ele>
        <time>2024-12-07T14:06:12Z</time>
        <hdop>3.8</hdop>
        <extensions>
          <osmand:speed>15.1</osmand:speed>
        </extensions>
      </trkpt>
      <trkpt lat="54.8509214" lon="25.4915872">
        <ele>164.1</ele>
        <time>2024-12-07T14:06:18Z</time>
        <hdop>3.8</hdop>
        <extensions>
          <osmand:speed>14.5</osmand:speed>
        </extensions>
      </trkpt>
      <trkpt lat="54.8507963" lon="25.490202">
        <ele>166</ele>
        <time>2024-12-07T14:06:24Z</time>
        <hdop>3.8</hdop>
        <extensions>
          <osmand:speed>15.2</osmand:speed>
        </extensions>
      </trkpt>
      <trkpt lat="54.8506621" lon="25.4887876">
        <ele>165.7</ele>
        <time>2024-12-07T14:06:30Z</time>
        <hdop>3.8</hdop>
        <extensions>
          <osmand:speed>15.7</osmand:speed>
        </extensions>
      </trkpt>
      <trkpt lat="54.8505144" lon="25.487333">
        <ele>165.7</ele>
        <time>2024-12-07T14:06:36Z</time>
        <hdop>3.8</hdop>
        <extensions>
          <osmand:speed>15.3</osmand:speed>
        </extensions>
      </trkpt>
      <trkpt lat="54.8503832" lon="25.4859179">
        <ele>162.9</ele>
        <time>2024-12-07T14:06:42Z</time>
        <hdop>3.8</hdop>
        <extensions>
          <osmand:speed>13.8</osmand:speed>
        </extensions>
      </trkpt>
      <trkpt lat="54.8502849" lon="25.4850834">
        <ele>158.3</ele>
        <time>2024-12-07T14:06:48Z</time>
        <hdop>3.8</hdop>
        <extensions>
          <osmand:speed>4.4</osmand:speed>
        </extensions>
      </trkpt>
      <trkpt lat="54.8502894" lon="25.4848469">
        <ele>158.5</ele>
        <time>2024-12-07T14:06:54Z</time>
        <hdop>3.8</hdop>
      </trkpt>
      <trkpt lat="54.8501033" lon="25.4845306">
        <ele>156.8</ele>
        <time>2024-12-07T14:07:00Z</time>
        <hdop>3.8</hdop>
        <extensions>
          <osmand:speed>9.8</osmand:speed>
        </extensions>
      </trkpt>
      <trkpt lat="54.849475" lon="25.4839672">
        <ele>155.2</ele>
        <time>2024-12-07T14:07:06Z</time>
        <hdop>3.8</hdop>
        <extensions>
          <osmand:speed>16.4</osmand:speed>
        </extensions>
      </trkpt>
      <trkpt lat="54.8486714" lon="25.483198">
        <ele>151.6</ele>
        <time>2024-12-07T14:07:12Z</time>
        <hdop>3.8</hdop>
        <extensions>
          <osmand:speed>17.3</osmand:speed>
        </extensions>
      </trkpt>
      <trkpt lat="54.8478796" lon="25.4823529">
        <ele>149.3</ele>
        <time>2024-12-07T14:07:18Z</time>
        <hdop>3.8</hdop>
        <extensions>
          <osmand:speed>17.3</osmand:speed>
        </extensions>
      </trkpt>
      <trkpt lat="54.8470824" lon="25.4814446">
        <ele>148.3</ele>
        <time>2024-12-07T14:07:24Z</time>
        <hdop>3.8</hdop>
        <extensions>
          <osmand:speed>17.8</osmand:speed>
        </extensions>
      </trkpt>
      <trkpt lat="54.8463238" lon="25.4804952">
        <ele>146.6</ele>
        <time>2024-12-07T14:07:30Z</time>
        <hdop>3.8</hdop>
        <extensions>
          <osmand:speed>16.8</osmand:speed>
        </extensions>
      </trkpt>
      <trkpt lat="54.8456644" lon="25.4796056">
        <ele>144.1</ele>
        <time>2024-12-07T14:07:36Z</time>
        <hdop>3.8</hdop>
        <extensions>
          <osmand:speed>14</osmand:speed>
        </extensions>
      </trkpt>
      <trkpt lat="54.8453343" lon="25.4789184">
        <ele>142</ele>
        <time>2024-12-07T14:07:42Z</time>
        <hdop>3.8</hdop>
        <extensions>
          <osmand:speed>7.9</osmand:speed>
        </extensions>
      </trkpt>
      <trkpt lat="54.8448959" lon="25.4784741">
        <ele>141</ele>
        <time>2024-12-07T14:07:48Z</time>
        <hdop>3.8</hdop>
        <extensions>
          <osmand:speed>12.8</osmand:speed>
        </extensions>
      </trkpt>
      <trkpt lat="54.8442351" lon="25.4774606">
        <ele>139.9</ele>
        <time>2024-12-07T14:07:54Z</time>
        <hdop>3.8</hdop>
        <extensions>
          <osmand:speed>18.5</osmand:speed>
        </extensions>
      </trkpt>
      <trkpt lat="54.8435171" lon="25.4762473">
        <ele>139.2</ele>
        <time>2024-12-07T14:08:00Z</time>
        <hdop>3.8</hdop>
        <extensions>
          <osmand:speed>18.9</osmand:speed>
        </extensions>
      </trkpt>
      <trkpt lat="54.842789" lon="25.4749282">
        <ele>139.6</ele>
        <time>2024-12-07T14:08:06Z</time>
        <hdop>3.8</hdop>
        <extensions>
          <osmand:speed>19</osmand:speed>
        </extensions>
      </trkpt>
      <trkpt lat="54.8421353" lon="25.4736285">
        <ele>139.8</ele>
        <time>2024-12-07T14:08:12Z</time>
        <hdop>3.8</hdop>
        <extensions>
          <osmand:speed>18.4</osmand:speed>
        </extensions>
      </trkpt>
      <trkpt lat="54.8414747" lon="25.4723254">
        <ele>140.5</ele>
        <time>2024-12-07T14:08:18Z</time>
        <hdop>3.8</hdop>
        <extensions>
          <osmand:speed>18.5</osmand:speed>
        </extensions>
      </trkpt>
      <trkpt lat="54.8408423" lon="25.4710623">
        <ele>141.8</ele>
        <time>2024-12-07T14:08:24Z</time>
        <hdop>3.8</hdop>
        <extensions>
          <osmand:speed>17.5</osmand:speed>
        </extensions>
      </trkpt>
      <trkpt lat="54.8402138" lon="25.4698259">
        <ele>142.1</ele>
        <time>2024-12-07T14:08:30Z</time>
        <hdop>3.8</hdop>
        <extensions>
          <osmand:speed>17.3</osmand:speed>
        </extensions>
      </trkpt>
      <trkpt lat="54.8396036" lon="25.4686233">
        <ele>142.6</ele>
        <time>2024-12-07T14:08:36Z</time>
        <hdop>3.8</hdop>
        <extensions>
          <osmand:speed>17.1</osmand:speed>
        </extensions>
      </trkpt>
      <trkpt lat="54.8389718" lon="25.4674118">
        <ele>142.6</ele>
        <time>2024-12-07T14:08:42Z</time>
        <hdop>3.8</hdop>
        <extensions>
          <osmand:speed>17.4</osmand:speed>
        </extensions>
      </trkpt>
      <trkpt lat="54.8383508" lon="25.4661677">
        <ele>142.6</ele>
        <time>2024-12-07T14:08:48Z</time>
        <hdop>3.8</hdop>
        <extensions>
          <osmand:speed>17.6</osmand:speed>
        </extensions>
      </trkpt>
      <trkpt lat="54.8377476" lon="25.4649422">
        <ele>143.7</ele>
        <time>2024-12-07T14:08:54Z</time>
        <hdop>3.8</hdop>
        <extensions>
          <osmand:speed>16.4</osmand:speed>
        </extensions>
      </trkpt>
      <trkpt lat="54.8372149" lon="25.4638986">
        <ele>146.1</ele>
        <time>2024-12-07T14:09:00Z</time>
        <hdop>3.8</hdop>
        <extensions>
          <osmand:speed>14.2</osmand:speed>
        </extensions>
      </trkpt>
      <trkpt lat="54.8367242" lon="25.4629232">
        <ele>148.7</ele>
        <time>2024-12-07T14:09:06Z</time>
        <hdop>3.8</hdop>
        <extensions>
          <osmand:speed>13.2</osmand:speed>
        </extensions>
      </trkpt>
      <trkpt lat="54.836225" lon="25.4618869">
        <ele>152.8</ele>
        <time>2024-12-07T14:09:12Z</time>
        <hdop>3.8</hdop>
        <extensions>
          <osmand:speed>14.5</osmand:speed>
        </extensions>
      </trkpt>
      <trkpt lat="54.8358209" lon="25.4610208">
        <ele>156.5</ele>
        <time>2024-12-07T14:09:18Z</time>
        <hdop>3.8</hdop>
        <extensions>
          <osmand:speed>9.1</osmand:speed>
        </extensions>
      </trkpt>
      <trkpt lat="54.835759" lon="25.4605195">
        <ele>158.2</ele>
        <time>2024-12-07T14:09:24Z</time>
        <hdop>3.8</hdop>
        <extensions>
          <osmand:speed>3.3</osmand:speed>
        </extensions>
      </trkpt>
      <trkpt lat="54.8356576" lon="25.4603442">
        <ele>157.7</ele>
        <time>2024-12-07T14:09:30Z</time>
        <hdop>3.8</hdop>
      </trkpt>
      <trkpt lat="54.835651" lon="25.460382">
        <ele>157.1</ele>
        <time>2024-12-07T14:09:36Z</time>
        <hdop>3.8</hdop>
      </trkpt>
      <trkpt lat="54.8356483" lon="25.4603827">
        <ele>156.1</ele>
        <time>2024-12-07T14:09:42Z</time>
        <hdop>4.4</hdop>
      </trkpt>
      <trkpt lat="54.8356489" lon="25.4603816">
        <ele>155.9</ele>
        <time>2024-12-07T14:09:48Z</time>
        <hdop>5.1</hdop>
      </trkpt>
      <trkpt lat="54.8356488" lon="25.4603816">
        <ele>155.9</ele>
        <time>2024-12-07T14:09:54Z</time>
        <hdop>5.3</hdop>
      </trkpt>
      <trkpt lat="54.8356486" lon="25.4603816">
        <ele>155.9</ele>
        <time>2024-12-07T14:10:00Z</time>
        <hdop>5.8</hdop>
      </trkpt>
      <trkpt lat="54.8356489" lon="25.4603813">
        <ele>155.8</ele>
        <time>2024-12-07T14:10:06Z</time>
        <hdop>4.3</hdop>
      </trkpt>
      <trkpt lat="54.8356486" lon="25.4603813">
        <ele>155.9</ele>
        <time>2024-12-07T14:10:12Z</time>
        <hdop>3.8</hdop>
      </trkpt>
      <trkpt lat="54.8356485" lon="25.4603814">
        <ele>155.9</ele>
        <time>2024-12-07T14:10:18Z</time>
        <hdop>3.8</hdop>
      </trkpt>
      <trkpt lat="54.8356483" lon="25.4603812">
        <ele>155.9</ele>
        <time>2024-12-07T14:10:24Z</time>
        <hdop>3.8</hdop>
      </trkpt>
      <trkpt lat="54.8356487" lon="25.460381">
        <ele>155.8</ele>
        <time>2024-12-07T14:10:30Z</time>
        <hdop>3.8</hdop>
      </trkpt>
      <trkpt lat="54.8356484" lon="25.4603813">
        <ele>155.9</ele>
        <time>2024-12-07T14:10:36Z</time>
        <hdop>3.8</hdop>
      </trkpt>
      <trkpt lat="54.835648" lon="25.4603816">
        <ele>155.9</ele>
        <time>2024-12-07T14:10:42Z</time>
        <hdop>3.8</hdop>
      </trkpt>
      <trkpt lat="54.8356484" lon="25.4603816">
        <ele>155.9</ele>
        <time>2024-12-07T14:10:48Z</time>
        <hdop>3.8</hdop>
      </trkpt>
      <trkpt lat="54.8356484" lon="25.4603812">
        <ele>155.9</ele>
        <time>2024-12-07T14:10:54Z</time>
        <hdop>3.8</hdop>
      </trkpt>
      <trkpt lat="54.8356487" lon="25.4603813">
        <ele>155.9</ele>
        <time>2024-12-07T14:11:00Z</time>
        <hdop>3.8</hdop>
      </trkpt>
      <trkpt lat="54.835649" lon="25.4603814">
        <ele>155.9</ele>
        <time>2024-12-07T14:11:06Z</time>
        <hdop>3.8</hdop>
      </trkpt>
      <trkpt lat="54.835649" lon="25.4603814">
        <ele>155.9</ele>
        <time>2024-12-07T14:11:12Z</time>
        <hdop>3.8</hdop>
      </trkpt>
      <trkpt lat="54.8356486" lon="25.4603814">
        <ele>155.9</ele>
        <time>2024-12-07T14:11:18Z</time>
        <hdop>3.8</hdop>
      </trkpt>
      <trkpt lat="54.8356485" lon="25.4603814">
        <ele>155.9</ele>
        <time>2024-12-07T14:11:24Z</time>
        <hdop>3.8</hdop>
      </trkpt>
      <trkpt lat="54.8356488" lon="25.4603816">
        <ele>155.9</ele>
        <time>2024-12-07T14:11:30Z</time>
        <hdop>3.8</hdop>
      </trkpt>
      <trkpt lat="54.8356485" lon="25.4603817">
        <ele>155.9</ele>
        <time>2024-12-07T14:11:36Z</time>
        <hdop>3.8</hdop>
      </trkpt>
      <trkpt lat="54.8356483" lon="25.4603818">
        <ele>155.9</ele>
        <time>2024-12-07T14:11:42Z</time>
        <hdop>3.8</hdop>
      </trkpt>
      <trkpt lat="54.8356482" lon="25.4603817">
        <ele>155.9</ele>
        <time>2024-12-07T14:11:48Z</time>
        <hdop>3.8</hdop>
      </trkpt>
      <trkpt lat="54.8356476" lon="25.4603826">
        <ele>155.9</ele>
        <time>2024-12-07T14:11:54Z</time>
        <hdop>3.8</hdop>
      </trkpt>
      <trkpt lat="54.8356472" lon="25.4603831">
        <ele>155.9</ele>
        <time>2024-12-07T14:12:00Z</time>
        <hdop>3.8</hdop>
      </trkpt>
      <trkpt lat="54.8356468" lon="25.4603833">
        <ele>155.9</ele>
        <time>2024-12-07T14:12:06Z</time>
        <hdop>3.8</hdop>
      </trkpt>
      <trkpt lat="54.8356466" lon="25.4603835">
        <ele>156</ele>
        <time>2024-12-07T14:12:12Z</time>
        <hdop>3.8</hdop>
      </trkpt>
      <trkpt lat="54.8356462" lon="25.4603836">
        <ele>156</ele>
        <time>2024-12-07T14:12:18Z</time>
        <hdop>3.8</hdop>
      </trkpt>
      <trkpt lat="54.8356459" lon="25.4603838">
        <ele>156</ele>
        <time>2024-12-07T14:12:24Z</time>
        <hdop>3.8</hdop>
      </trkpt>
      <trkpt lat="54.835646" lon="25.4603839">
        <ele>155.9</ele>
        <time>2024-12-07T14:12:30Z</time>
        <hdop>3.8</hdop>
      </trkpt>
      <trkpt lat="54.8356455" lon="25.460384">
        <ele>156</ele>
        <time>2024-12-07T14:12:36Z</time>
        <hdop>3.8</hdop>
      </trkpt>
      <trkpt lat="54.8356451" lon="25.4603841">
        <ele>156</ele>
        <time>2024-12-07T14:12:42Z</time>
        <hdop>3.8</hdop>
      </trkpt>
      <trkpt lat="54.8356453" lon="25.4603838">
        <ele>156</ele>
        <time>2024-12-07T14:12:48Z</time>
        <hdop>3.8</hdop>
      </trkpt>
      <trkpt lat="54.8356452" lon="25.4603838">
        <ele>156</ele>
        <time>2024-12-07T14:12:54Z</time>
        <hdop>3.8</hdop>
      </trkpt>
      <trkpt lat="54.8356452" lon="25.4603838">
        <ele>156</ele>
        <time>2024-12-07T14:13:00Z</time>
        <hdop>3.8</hdop>
      </trkpt>
      <trkpt lat="54.8356448" lon="25.4603837">
        <ele>156</ele>
        <time>2024-12-07T14:13:06Z</time>
        <hdop>3.8</hdop>
      </trkpt>
      <trkpt lat="54.835645" lon="25.4603835">
        <ele>156.1</ele>
        <time>2024-12-07T14:13:12Z</time>
        <hdop>3.8</hdop>
      </trkpt>
      <trkpt lat="54.8356449" lon="25.4603837">
        <ele>156.1</ele>
        <time>2024-12-07T14:13:18Z</time>
        <hdop>3.8</hdop>
      </trkpt>
      <trkpt lat="54.8356448" lon="25.4603837">
        <ele>156.1</ele>
        <time>2024-12-07T14:13:24Z</time>
        <hdop>3.8</hdop>
      </trkpt>
      <trkpt lat="54.835645" lon="25.4603832">
        <ele>156.1</ele>
        <time>2024-12-07T14:13:30Z</time>
        <hdop>3.8</hdop>
      </trkpt>
      <trkpt lat="54.8356448" lon="25.4603832">
        <ele>156.1</ele>
        <time>2024-12-07T14:13:36Z</time>
        <hdop>3.8</hdop>
      </trkpt>
      <trkpt lat="54.8356446" lon="25.4603832">
        <ele>156.1</ele>
        <time>2024-12-07T14:13:42Z</time>
        <hdop>3.8</hdop>
      </trkpt>
      <trkpt lat="54.8356447" lon="25.4603832">
        <ele>156.1</ele>
        <time>2024-12-07T14:13:48Z</time>
        <hdop>3.8</hdop>
      </trkpt>
      <trkpt lat="54.8356446" lon="25.4603833">
        <ele>156.1</ele>
        <time>2024-12-07T14:13:54Z</time>
        <hdop>3.8</hdop>
      </trkpt>
      <trkpt lat="54.8356444" lon="25.4603837">
        <ele>156.1</ele>
        <time>2024-12-07T14:14:00Z</time>
        <hdop>3.8</hdop>
      </trkpt>
      <trkpt lat="54.8356439" lon="25.4603842">
        <ele>156.1</ele>
        <time>2024-12-07T14:14:06Z</time>
        <hdop>3.8</hdop>
      </trkpt>
      <trkpt lat="54.835644" lon="25.4603842">
        <ele>156.1</ele>
        <time>2024-12-07T14:14:12Z</time>
        <hdop>3.8</hdop>
      </trkpt>
      <trkpt lat="54.8356439" lon="25.4603841">
        <ele>156.1</ele>
        <time>2024-12-07T14:14:18Z</time>
        <hdop>3.8</hdop>
      </trkpt>
      <trkpt lat="54.8356441" lon="25.4603841">
        <ele>156</ele>
        <time>2024-12-07T14:14:24Z</time>
        <hdop>3.8</hdop>
      </trkpt>
      <trkpt lat="54.8356445" lon="25.4603836">
        <ele>156</ele>
        <time>2024-12-07T14:14:30Z</time>
        <hdop>3.8</hdop>
      </trkpt>
      <trkpt lat="54.8356446" lon="25.4603834">
        <ele>156</ele>
        <time>2024-12-07T14:14:36Z</time>
        <hdop>3.8</hdop>
      </trkpt>
      <trkpt lat="54.8356443" lon="25.4603832">
        <ele>155.9</ele>
        <time>2024-12-07T14:14:42Z</time>
        <hdop>3.8</hdop>
      </trkpt>
      <trkpt lat="54.8356443" lon="25.4603827">
        <ele>155.8</ele>
        <time>2024-12-07T14:14:48Z</time>
        <hdop>3.8</hdop>
      </trkpt>
      <trkpt lat="54.8356441" lon="25.4603826">
        <ele>155.8</ele>
        <time>2024-12-07T14:14:54Z</time>
        <hdop>3.8</hdop>
      </trkpt>
      <trkpt lat="54.835644" lon="25.4603826">
        <ele>155.8</ele>
        <time>2024-12-07T14:15:00Z</time>
        <hdop>3.8</hdop>
      </trkpt>
      <trkpt lat="54.8356438" lon="25.4603827">
        <ele>155.8</ele>
        <time>2024-12-07T14:15:06Z</time>
        <hdop>3.8</hdop>
      </trkpt>
      <trkpt lat="54.8356438" lon="25.4603824">
        <ele>155.8</ele>
        <time>2024-12-07T14:15:12Z</time>
        <hdop>3.8</hdop>
      </trkpt>
      <trkpt lat="54.8356337" lon="25.4602296">
        <ele>158</ele>
        <time>2024-12-07T14:15:18Z</time>
        <hdop>3.8</hdop>
        <extensions>
          <osmand:speed>3.2</osmand:speed>
        </extensions>
      </trkpt>
      <trkpt lat="54.8356823" lon="25.4600808">
        <ele>159.5</ele>
        <time>2024-12-07T14:15:24Z</time>
        <hdop>3.8</hdop>
      </trkpt>
      <trkpt lat="54.8356928" lon="25.4600818">
        <ele>158.4</ele>
        <time>2024-12-07T14:15:30Z</time>
        <hdop>3.8</hdop>
      </trkpt>
      <trkpt lat="54.8356899" lon="25.4600837">
        <ele>160.4</ele>
        <time>2024-12-07T14:15:36Z</time>
        <hdop>3.8</hdop>
        <extensions>
          <osmand:speed>0.7</osmand:speed>
        </extensions>
      </trkpt>
      <trkpt lat="54.8357803" lon="25.4600618">
        <ele>150</ele>
        <time>2024-12-07T14:17:08Z</time>
        <hdop>12.5</hdop>
      </trkpt>
      <trkpt lat="54.8357893" lon="25.4602471">
        <ele>153.4</ele>
        <time>2024-12-07T14:17:14Z</time>
        <hdop>6</hdop>
      </trkpt>
      <trkpt lat="54.8357826" lon="25.4602646">
        <ele>158.5</ele>
        <time>2024-12-07T14:17:20Z</time>
        <hdop>5.7</hdop>
      </trkpt>
      <trkpt lat="54.8357881" lon="25.4602628">
        <ele>159.5</ele>
        <time>2024-12-07T14:17:26Z</time>
        <hdop>4.8</hdop>
      </trkpt>
    </trkseg>
  </trk>
</gpx>