<?xml version="1.0" encoding="UTF-8"?><gpx creator="Wikiloc - http://www.wikiloc.com" version="1.1" xmlns="http://www.topografix.com/GPX/1/1" xmlns:xsi="http://www.w3.org/2001/XMLSchema-instance" xsi:schemaLocation="http://www.topografix.com/GPX/1/1 http://www.topografix.com/GPX/1/1/gpx.xsd"><trk><name><![CDATA[Pbr kalnai]]></name><cmt><![CDATA[Labiau enduro,pabarades kalnai]]></cmt><desc><![CDATA[Labiau enduro,pabarades kalnai]]></desc><trkseg><trkpt lat="54.863417" lon="25.491271"><ele>142.044</ele><time>2024-09-15T09:52:05Z</time></trkpt><trkpt lat="54.863344" lon="25.491238"><ele>142.305</ele><time>2024-09-15T09:52:33Z</time></trkpt><trkpt lat="54.863289" lon="25.491191"><ele>142.315</ele><time>2024-09-15T09:52:34Z</time></trkpt><trkpt lat="54.863211" lon="25.491142"><ele>142.309</ele><time>2024-09-15T09:52:35Z</time></trkpt><trkpt lat="54.863151" lon="25.491136"><ele>142.385</ele><time>2024-09-15T09:52:36Z</time></trkpt><trkpt lat="54.863107" lon="25.491173"><ele>142.552</ele><time>2024-09-15T09:52:37Z</time></trkpt><trkpt lat="54.863067" lon="25.491236"><ele>142.698</ele><time>2024-09-15T09:52:38Z</time></trkpt><trkpt lat="54.862969" lon="25.491345"><ele>142.693</ele><time>2024-09-15T09:52:40Z</time></trkpt><trkpt lat="54.862911" lon="25.491369"><ele>142.672</ele><time>2024-09-15T09:52:41Z</time></trkpt><trkpt lat="54.862839" lon="25.491364"><ele>142.576</ele><time>2024-09-15T09:52:42Z</time></trkpt><trkpt lat="54.862729" lon="25.491319"><ele>142.444</ele><time>2024-09-15T09:52:43Z</time></trkpt><trkpt lat="54.862458" lon="25.49115"><ele>142.346</ele><time>2024-09-15T09:52:45Z</time></trkpt><trkpt lat="54.862321" lon="25.49106"><ele>142.381</ele><time>2024-09-15T09:52:46Z</time></trkpt><trkpt lat="54.862054" lon="25.490895"><ele>142.212</ele><time>2024-09-15T09:52:48Z</time></trkpt><trkpt lat="54.86194" lon="25.490826"><ele>142.232</ele><time>2024-09-15T09:52:49Z</time></trkpt><trkpt lat="54.861738" lon="25.490702"><ele>142.205</ele><time>2024-09-15T09:52:51Z</time></trkpt><trkpt lat="54.861652" lon="25.490657"><ele>142.209</ele><time>2024-09-15T09:52:52Z</time></trkpt><trkpt lat="54.861569" lon="25.490647"><ele>142.232</ele><time>2024-09-15T09:52:53Z</time></trkpt><trkpt lat="54.861496" lon="25.490674"><ele>142.169</ele><time>2024-09-15T09:52:54Z</time></trkpt><trkpt lat="54.861441" lon="25.490739"><ele>142.125</ele><time>2024-09-15T09:52:55Z</time></trkpt><trkpt lat="54.861407" lon="25.490998"><ele>142.090</ele><time>2024-09-15T09:52:57Z</time></trkpt><trkpt lat="54.861422" lon="25.491198"><ele>141.939</ele><time>2024-09-15T09:52:58Z</time></trkpt><trkpt lat="54.861432" lon="25.491444"><ele>141.833</ele><time>2024-09-15T09:52:59Z</time></trkpt><trkpt lat="54.861447" lon="25.491727"><ele>141.881</ele><time>2024-09-15T09:53:00Z</time></trkpt><trkpt lat="54.861482" lon="25.492368"><ele>142.053</ele><time>2024-09-15T09:53:02Z</time></trkpt><trkpt lat="54.861508" lon="25.49271"><ele>142.198</ele><time>2024-09-15T09:53:03Z</time></trkpt><trkpt lat="54.861531" lon="25.493056"><ele>142.249</ele><time>2024-09-15T09:53:04Z</time></trkpt><trkpt lat="54.861554" lon="25.493403"><ele>142.202</ele><time>2024-09-15T09:53:05Z</time></trkpt><trkpt lat="54.861573" lon="25.493753"><ele>142.322</ele><time>2024-09-15T09:53:06Z</time></trkpt><trkpt lat="54.861588" lon="25.494103"><ele>142.309</ele><time>2024-09-15T09:53:07Z</time></trkpt><trkpt lat="54.86159" lon="25.494771"><ele>142.075</ele><time>2024-09-15T09:53:09Z</time></trkpt><trkpt lat="54.861567" lon="25.495091"><ele>141.782</ele><time>2024-09-15T09:53:10Z</time></trkpt><trkpt lat="54.861439" lon="25.495699"><ele>141.868</ele><time>2024-09-15T09:53:12Z</time></trkpt><trkpt lat="54.861338" lon="25.495995"><ele>141.683</ele><time>2024-09-15T09:53:13Z</time></trkpt><trkpt lat="54.861241" lon="25.496283"><ele>141.642</ele><time>2024-09-15T09:53:14Z</time></trkpt><trkpt lat="54.86115" lon="25.496564"><ele>141.816</ele><time>2024-09-15T09:53:15Z</time></trkpt><trkpt lat="54.861052" lon="25.496843"><ele>141.734</ele><time>2024-09-15T09:53:16Z</time></trkpt><trkpt lat="54.86095" lon="25.497115"><ele>141.436</ele><time>2024-09-15T09:53:17Z</time></trkpt><trkpt lat="54.860851" lon="25.497378"><ele>141.141</ele><time>2024-09-15T09:53:18Z</time></trkpt><trkpt lat="54.860654" lon="25.4979"><ele>140.666</ele><time>2024-09-15T09:53:20Z</time></trkpt><trkpt lat="54.860542" lon="25.498183"><ele>140.229</ele><time>2024-09-15T09:53:21Z</time></trkpt><trkpt lat="54.860428" lon="25.49848"><ele>139.921</ele><time>2024-09-15T09:53:22Z</time></trkpt><trkpt lat="54.860205" lon="25.499089"><ele>139.609</ele><time>2024-09-15T09:53:24Z</time></trkpt><trkpt lat="54.860092" lon="25.4994"><ele>139.547</ele><time>2024-09-15T09:53:25Z</time></trkpt><trkpt lat="54.859881" lon="25.499969"><ele>139.384</ele><time>2024-09-15T09:53:27Z</time></trkpt><trkpt lat="54.859801" lon="25.500059"><ele>139.290</ele><time>2024-09-15T09:53:28Z</time></trkpt><trkpt lat="54.859602" lon="25.500392"><ele>139.435</ele><time>2024-09-15T09:53:30Z</time></trkpt><trkpt lat="54.85952" lon="25.500558"><ele>139.974</ele><time>2024-09-15T09:53:31Z</time></trkpt><trkpt lat="54.859503" lon="25.500665"><ele>139.948</ele><time>2024-09-15T09:53:32Z</time></trkpt><trkpt lat="54.859504" lon="25.500868"><ele>140.476</ele><time>2024-09-15T09:53:33Z</time></trkpt><trkpt lat="54.859436" lon="25.501126"><ele>140.538</ele><time>2024-09-15T09:53:35Z</time></trkpt><trkpt lat="54.859373" lon="25.50123"><ele>140.653</ele><time>2024-09-15T09:53:36Z</time></trkpt><trkpt lat="54.859206" lon="25.50135"><ele>141.315</ele><time>2024-09-15T09:53:38Z</time></trkpt><trkpt lat="54.859122" lon="25.501449"><ele>141.365</ele><time>2024-09-15T09:53:39Z</time></trkpt><trkpt lat="54.858686" lon="25.50141"><ele>141.611</ele><time>2024-09-15T09:53:41Z</time></trkpt><trkpt lat="54.858529" lon="25.501405"><ele>141.409</ele><time>2024-09-15T09:53:42Z</time></trkpt><trkpt lat="54.858395" lon="25.501419"><ele>141.392</ele><time>2024-09-15T09:53:43Z</time></trkpt><trkpt lat="54.858213" lon="25.501463"><ele>141.079</ele><time>2024-09-15T09:53:45Z</time></trkpt><trkpt lat="54.858146" lon="25.50156"><ele>140.725</ele><time>2024-09-15T09:53:46Z</time></trkpt><trkpt lat="54.858052" lon="25.501856"><ele>140.280</ele><time>2024-09-15T09:53:48Z</time></trkpt><trkpt lat="54.858013" lon="25.502085"><ele>139.889</ele><time>2024-09-15T09:53:49Z</time></trkpt><trkpt lat="54.858113" lon="25.502379"><ele>139.293</ele><time>2024-09-15T09:53:50Z</time></trkpt><trkpt lat="54.85815" lon="25.502941"><ele>138.691</ele><time>2024-09-15T09:53:52Z</time></trkpt><trkpt lat="54.858328" lon="25.503227"><ele>138.333</ele><time>2024-09-15T09:53:53Z</time></trkpt><trkpt lat="54.85841" lon="25.503534"><ele>138.118</ele><time>2024-09-15T09:53:54Z</time></trkpt><trkpt lat="54.858575" lon="25.504214"><ele>138.465</ele><time>2024-09-15T09:53:56Z</time></trkpt><trkpt lat="54.858672" lon="25.504548"><ele>139.168</ele><time>2024-09-15T09:53:57Z</time></trkpt><trkpt lat="54.858787" lon="25.504882"><ele>139.714</ele><time>2024-09-15T09:53:58Z</time></trkpt><trkpt lat="54.859037" lon="25.505562"><ele>138.509</ele><time>2024-09-15T09:54:00Z</time></trkpt><trkpt lat="54.859169" lon="25.505911"><ele>138.127</ele><time>2024-09-15T09:54:01Z</time></trkpt><trkpt lat="54.859304" lon="25.506259"><ele>137.614</ele><time>2024-09-15T09:54:02Z</time></trkpt><trkpt lat="54.859582" lon="25.506957"><ele>137.880</ele><time>2024-09-15T09:54:04Z</time></trkpt><trkpt lat="54.859726" lon="25.507309"><ele>137.855</ele><time>2024-09-15T09:54:05Z</time></trkpt><trkpt lat="54.859867" lon="25.507651"><ele>137.814</ele><time>2024-09-15T09:54:06Z</time></trkpt><trkpt lat="54.860003" lon="25.507974"><ele>137.318</ele><time>2024-09-15T09:54:07Z</time></trkpt><trkpt lat="54.860134" lon="25.508283"><ele>137.116</ele><time>2024-09-15T09:54:08Z</time></trkpt><trkpt lat="54.86026" lon="25.508576"><ele>137.128</ele><time>2024-09-15T09:54:09Z</time></trkpt><trkpt lat="54.860377" lon="25.50885"><ele>136.913</ele><time>2024-09-15T09:54:10Z</time></trkpt><trkpt lat="54.860578" lon="25.509364"><ele>137.547</ele><time>2024-09-15T09:54:12Z</time></trkpt><trkpt lat="54.860659" lon="25.509574"><ele>137.529</ele><time>2024-09-15T09:54:13Z</time></trkpt><trkpt lat="54.86073" lon="25.509757"><ele>137.221</ele><time>2024-09-15T09:54:14Z</time></trkpt><trkpt lat="54.860855" lon="25.510069"><ele>136.909</ele><time>2024-09-15T09:54:16Z</time></trkpt><trkpt lat="54.860928" lon="25.510186"><ele>136.685</ele><time>2024-09-15T09:54:17Z</time></trkpt><trkpt lat="54.860994" lon="25.510289"><ele>136.792</ele><time>2024-09-15T09:54:18Z</time></trkpt><trkpt lat="54.86107" lon="25.51038"><ele>136.788</ele><time>2024-09-15T09:54:19Z</time></trkpt><trkpt lat="54.861141" lon="25.510483"><ele>136.843</ele><time>2024-09-15T09:54:20Z</time></trkpt><trkpt lat="54.861318" lon="25.510755"><ele>136.962</ele><time>2024-09-15T09:54:22Z</time></trkpt><trkpt lat="54.861403" lon="25.510894"><ele>136.756</ele><time>2024-09-15T09:54:23Z</time></trkpt><trkpt lat="54.861485" lon="25.511045"><ele>136.714</ele><time>2024-09-15T09:54:24Z</time></trkpt><trkpt lat="54.861569" lon="25.511183"><ele>136.396</ele><time>2024-09-15T09:54:25Z</time></trkpt><trkpt lat="54.861638" lon="25.5113"><ele>136.271</ele><time>2024-09-15T09:54:26Z</time></trkpt><trkpt lat="54.861728" lon="25.511435"><ele>136.273</ele><time>2024-09-15T09:54:27Z</time></trkpt><trkpt lat="54.861814" lon="25.511628"><ele>135.985</ele><time>2024-09-15T09:54:28Z</time></trkpt><trkpt lat="54.861882" lon="25.511847"><ele>135.913</ele><time>2024-09-15T09:54:29Z</time></trkpt><trkpt lat="54.862029" lon="25.512293"><ele>137.809</ele><time>2024-09-15T09:54:31Z</time></trkpt><trkpt lat="54.862086" lon="25.512497"><ele>138.058</ele><time>2024-09-15T09:54:32Z</time></trkpt><trkpt lat="54.862196" lon="25.51283"><ele>137.975</ele><time>2024-09-15T09:54:34Z</time></trkpt><trkpt lat="54.862248" lon="25.512983"><ele>137.281</ele><time>2024-09-15T09:54:35Z</time></trkpt><trkpt lat="54.862347" lon="25.513287"><ele>137.116</ele><time>2024-09-15T09:54:37Z</time></trkpt><trkpt lat="54.862401" lon="25.513441"><ele>136.945</ele><time>2024-09-15T09:54:38Z</time></trkpt><trkpt lat="54.86245" lon="25.513599"><ele>136.999</ele><time>2024-09-15T09:54:39Z</time></trkpt><trkpt lat="54.862504" lon="25.513765"><ele>137.187</ele><time>2024-09-15T09:54:40Z</time></trkpt><trkpt lat="54.86257" lon="25.513938"><ele>137.729</ele><time>2024-09-15T09:54:41Z</time></trkpt><trkpt lat="54.862621" lon="25.514133"><ele>138.574</ele><time>2024-09-15T09:54:42Z</time></trkpt><trkpt lat="54.862691" lon="25.514359"><ele>139.469</ele><time>2024-09-15T09:54:43Z</time></trkpt><trkpt lat="54.862766" lon="25.514587"><ele>139.304</ele><time>2024-09-15T09:54:44Z</time></trkpt><trkpt lat="54.862851" lon="25.514836"><ele>139.624</ele><time>2024-09-15T09:54:45Z</time></trkpt><trkpt lat="54.862946" lon="25.515112"><ele>140.409</ele><time>2024-09-15T09:54:46Z</time></trkpt><trkpt lat="54.863141" lon="25.515712"><ele>140.317</ele><time>2024-09-15T09:54:48Z</time></trkpt><trkpt lat="54.863242" lon="25.516035"><ele>140.274</ele><time>2024-09-15T09:54:49Z</time></trkpt><trkpt lat="54.863456" lon="25.516699"><ele>140.080</ele><time>2024-09-15T09:54:51Z</time></trkpt><trkpt lat="54.863565" lon="25.517044"><ele>140.065</ele><time>2024-09-15T09:54:52Z</time></trkpt><trkpt lat="54.863669" lon="25.517391"><ele>140.244</ele><time>2024-09-15T09:54:53Z</time></trkpt><trkpt lat="54.863879" lon="25.518063"><ele>140.438</ele><time>2024-09-15T09:54:55Z</time></trkpt><trkpt lat="54.863994" lon="25.5184"><ele>140.776</ele><time>2024-09-15T09:54:56Z</time></trkpt><trkpt lat="54.864205" lon="25.519069"><ele>141.448</ele><time>2024-09-15T09:54:58Z</time></trkpt><trkpt lat="54.864301" lon="25.519383"><ele>142.053</ele><time>2024-09-15T09:54:59Z</time></trkpt><trkpt lat="54.8644" lon="25.519694"><ele>142.658</ele><time>2024-09-15T09:55:00Z</time></trkpt><trkpt lat="54.864586" lon="25.520304"><ele>143.352</ele><time>2024-09-15T09:55:02Z</time></trkpt><trkpt lat="54.864681" lon="25.520599"><ele>143.817</ele><time>2024-09-15T09:55:03Z</time></trkpt><trkpt lat="54.864882" lon="25.521198"><ele>144.609</ele><time>2024-09-15T09:55:05Z</time></trkpt><trkpt lat="54.865073" lon="25.521805"><ele>145.326</ele><time>2024-09-15T09:55:07Z</time></trkpt><trkpt lat="54.865171" lon="25.522104"><ele>145.673</ele><time>2024-09-15T09:55:08Z</time></trkpt><trkpt lat="54.865386" lon="25.522753"><ele>145.619</ele><time>2024-09-15T09:55:10Z</time></trkpt><trkpt lat="54.865494" lon="25.523081"><ele>145.594</ele><time>2024-09-15T09:55:11Z</time></trkpt><trkpt lat="54.865605" lon="25.523422"><ele>145.113</ele><time>2024-09-15T09:55:12Z</time></trkpt><trkpt lat="54.865715" lon="25.523745"><ele>144.757</ele><time>2024-09-15T09:55:13Z</time></trkpt><trkpt lat="54.865808" lon="25.524079"><ele>144.485</ele><time>2024-09-15T09:55:14Z</time></trkpt><trkpt lat="54.866011" lon="25.52474"><ele>144.087</ele><time>2024-09-15T09:55:16Z</time></trkpt><trkpt lat="54.866114" lon="25.525048"><ele>144.112</ele><time>2024-09-15T09:55:17Z</time></trkpt><trkpt lat="54.866216" lon="25.525339"><ele>144.062</ele><time>2024-09-15T09:55:18Z</time></trkpt><trkpt lat="54.866316" lon="25.525627"><ele>143.683</ele><time>2024-09-15T09:55:19Z</time></trkpt><trkpt lat="54.866412" lon="25.525904"><ele>143.311</ele><time>2024-09-15T09:55:20Z</time></trkpt><trkpt lat="54.86651" lon="25.52617"><ele>143.209</ele><time>2024-09-15T09:55:21Z</time></trkpt><trkpt lat="54.866721" lon="25.526701"><ele>142.477</ele><time>2024-09-15T09:55:23Z</time></trkpt><trkpt lat="54.866959" lon="25.527237"><ele>142.474</ele><time>2024-09-15T09:55:25Z</time></trkpt><trkpt lat="54.867081" lon="25.527541"><ele>142.420</ele><time>2024-09-15T09:55:26Z</time></trkpt><trkpt lat="54.867349" lon="25.528128"><ele>142.575</ele><time>2024-09-15T09:55:28Z</time></trkpt><trkpt lat="54.867491" lon="25.528422"><ele>142.774</ele><time>2024-09-15T09:55:29Z</time></trkpt><trkpt lat="54.867638" lon="25.528722"><ele>142.668</ele><time>2024-09-15T09:55:30Z</time></trkpt><trkpt lat="54.867923" lon="25.529376"><ele>142.246</ele><time>2024-09-15T09:55:32Z</time></trkpt><trkpt lat="54.868201" lon="25.530012"><ele>141.478</ele><time>2024-09-15T09:55:34Z</time></trkpt><trkpt lat="54.868468" lon="25.530576"><ele>142.273</ele><time>2024-09-15T09:55:36Z</time></trkpt><trkpt lat="54.868615" lon="25.530827"><ele>142.479</ele><time>2024-09-15T09:55:37Z</time></trkpt><trkpt lat="54.868754" lon="25.531098"><ele>142.005</ele><time>2024-09-15T09:55:38Z</time></trkpt><trkpt lat="54.868867" lon="25.531374"><ele>141.025</ele><time>2024-09-15T09:55:39Z</time></trkpt><trkpt lat="54.868987" lon="25.531652"><ele>140.709</ele><time>2024-09-15T09:55:40Z</time></trkpt><trkpt lat="54.869113" lon="25.531936"><ele>140.968</ele><time>2024-09-15T09:55:41Z</time></trkpt><trkpt lat="54.869235" lon="25.532207"><ele>141.145</ele><time>2024-09-15T09:55:42Z</time></trkpt><trkpt lat="54.869344" lon="25.532471"><ele>141.181</ele><time>2024-09-15T09:55:43Z</time></trkpt><trkpt lat="54.869442" lon="25.532718"><ele>141.516</ele><time>2024-09-15T09:55:44Z</time></trkpt><trkpt lat="54.86953" lon="25.532965"><ele>142.325</ele><time>2024-09-15T09:55:45Z</time></trkpt><trkpt lat="54.86961" lon="25.533216"><ele>142.419</ele><time>2024-09-15T09:55:46Z</time></trkpt><trkpt lat="54.869742" lon="25.533689"><ele>142.837</ele><time>2024-09-15T09:55:48Z</time></trkpt><trkpt lat="54.869806" lon="25.533898"><ele>142.559</ele><time>2024-09-15T09:55:49Z</time></trkpt><trkpt lat="54.869872" lon="25.534082"><ele>142.284</ele><time>2024-09-15T09:55:50Z</time></trkpt><trkpt lat="54.86999" lon="25.534332"><ele>141.887</ele><time>2024-09-15T09:55:52Z</time></trkpt><trkpt lat="54.870035" lon="25.534409"><ele>141.542</ele><time>2024-09-15T09:55:53Z</time></trkpt><trkpt lat="54.870054" lon="25.534488"><ele>141.426</ele><time>2024-09-15T09:55:54Z</time></trkpt><trkpt lat="54.870043" lon="25.534669"><ele>141.009</ele><time>2024-09-15T09:55:56Z</time></trkpt><trkpt lat="54.870008" lon="25.534847"><ele>141.099</ele><time>2024-09-15T09:55:57Z</time></trkpt><trkpt lat="54.869968" lon="25.535053"><ele>141.046</ele><time>2024-09-15T09:55:58Z</time></trkpt><trkpt lat="54.869925" lon="25.535257"><ele>141.062</ele><time>2024-09-15T09:55:59Z</time></trkpt><trkpt lat="54.869881" lon="25.535463"><ele>140.627</ele><time>2024-09-15T09:56:00Z</time></trkpt><trkpt lat="54.869785" lon="25.535895"><ele>139.186</ele><time>2024-09-15T09:56:02Z</time></trkpt><trkpt lat="54.869732" lon="25.53615"><ele>138.580</ele><time>2024-09-15T09:56:03Z</time></trkpt><trkpt lat="54.869672" lon="25.536435"><ele>136.248</ele><time>2024-09-15T09:56:04Z</time></trkpt><trkpt lat="54.869609" lon="25.536737"><ele>134.340</ele><time>2024-09-15T09:56:05Z</time></trkpt><trkpt lat="54.869543" lon="25.537052"><ele>133.375</ele><time>2024-09-15T09:56:06Z</time></trkpt><trkpt lat="54.869477" lon="25.537377"><ele>132.983</ele><time>2024-09-15T09:56:07Z</time></trkpt><trkpt lat="54.869414" lon="25.53769"><ele>132.725</ele><time>2024-09-15T09:56:08Z</time></trkpt><trkpt lat="54.869358" lon="25.537965"><ele>132.617</ele><time>2024-09-15T09:56:09Z</time></trkpt><trkpt lat="54.869301" lon="25.538239"><ele>133.109</ele><time>2024-09-15T09:56:10Z</time></trkpt><trkpt lat="54.869194" lon="25.538793"><ele>135.359</ele><time>2024-09-15T09:56:12Z</time></trkpt><trkpt lat="54.869141" lon="25.53906"><ele>136.236</ele><time>2024-09-15T09:56:13Z</time></trkpt><trkpt lat="54.869092" lon="25.539321"><ele>136.862</ele><time>2024-09-15T09:56:14Z</time></trkpt><trkpt lat="54.868988" lon="25.539834"><ele>137.837</ele><time>2024-09-15T09:56:16Z</time></trkpt><trkpt lat="54.868874" lon="25.540329"><ele>138.256</ele><time>2024-09-15T09:56:18Z</time></trkpt><trkpt lat="54.868814" lon="25.54058"><ele>138.580</ele><time>2024-09-15T09:56:19Z</time></trkpt><trkpt lat="54.868756" lon="25.540842"><ele>138.768</ele><time>2024-09-15T09:56:20Z</time></trkpt><trkpt lat="54.868701" lon="25.541124"><ele>139.020</ele><time>2024-09-15T09:56:21Z</time></trkpt><trkpt lat="54.868591" lon="25.541738"><ele>139.175</ele><time>2024-09-15T09:56:23Z</time></trkpt><trkpt lat="54.86847" lon="25.542311"><ele>138.071</ele><time>2024-09-15T09:56:25Z</time></trkpt><trkpt lat="54.868407" lon="25.542588"><ele>137.941</ele><time>2024-09-15T09:56:26Z</time></trkpt><trkpt lat="54.868352" lon="25.542842"><ele>137.915</ele><time>2024-09-15T09:56:27Z</time></trkpt><trkpt lat="54.868266" lon="25.543326"><ele>138.309</ele><time>2024-09-15T09:56:29Z</time></trkpt><trkpt lat="54.868244" lon="25.543569"><ele>138.658</ele><time>2024-09-15T09:56:30Z</time></trkpt><trkpt lat="54.868248" lon="25.54376"><ele>139.215</ele><time>2024-09-15T09:56:31Z</time></trkpt><trkpt lat="54.868338" lon="25.544148"><ele>139.691</ele><time>2024-09-15T09:56:33Z</time></trkpt><trkpt lat="54.868486" lon="25.544604"><ele>138.436</ele><time>2024-09-15T09:56:35Z</time></trkpt><trkpt lat="54.868566" lon="25.544847"><ele>138.635</ele><time>2024-09-15T09:56:36Z</time></trkpt><trkpt lat="54.868727" lon="25.545321"><ele>137.659</ele><time>2024-09-15T09:56:38Z</time></trkpt><trkpt lat="54.868798" lon="25.545541"><ele>138.267</ele><time>2024-09-15T09:56:39Z</time></trkpt><trkpt lat="54.868912" lon="25.545936"><ele>136.919</ele><time>2024-09-15T09:56:41Z</time></trkpt><trkpt lat="54.868947" lon="25.546117"><ele>136.474</ele><time>2024-09-15T09:56:42Z</time></trkpt><trkpt lat="54.868986" lon="25.546463"><ele>134.998</ele><time>2024-09-15T09:56:44Z</time></trkpt><trkpt lat="54.869008" lon="25.546605"><ele>134.015</ele><time>2024-09-15T09:56:45Z</time></trkpt><trkpt lat="54.869076" lon="25.546825"><ele>133.526</ele><time>2024-09-15T09:56:47Z</time></trkpt><trkpt lat="54.869128" lon="25.54689"><ele>132.509</ele><time>2024-09-15T09:56:48Z</time></trkpt><trkpt lat="54.869184" lon="25.546941"><ele>131.880</ele><time>2024-09-15T09:56:49Z</time></trkpt><trkpt lat="54.86924" lon="25.546972"><ele>131.477</ele><time>2024-09-15T09:56:50Z</time></trkpt><trkpt lat="54.869302" lon="25.547017"><ele>131.233</ele><time>2024-09-15T09:56:51Z</time></trkpt><trkpt lat="54.869359" lon="25.54706"><ele>130.768</ele><time>2024-09-15T09:56:52Z</time></trkpt><trkpt lat="54.869414" lon="25.547119"><ele>130.057</ele><time>2024-09-15T09:56:53Z</time></trkpt><trkpt lat="54.869469" lon="25.547184"><ele>129.681</ele><time>2024-09-15T09:56:54Z</time></trkpt><trkpt lat="54.869527" lon="25.547243"><ele>129.379</ele><time>2024-09-15T09:56:55Z</time></trkpt><trkpt lat="54.869587" lon="25.547307"><ele>129.211</ele><time>2024-09-15T09:56:56Z</time></trkpt><trkpt lat="54.869706" lon="25.547433"><ele>127.866</ele><time>2024-09-15T09:56:58Z</time></trkpt><trkpt lat="54.869755" lon="25.547501"><ele>127.633</ele><time>2024-09-15T09:56:59Z</time></trkpt><trkpt lat="54.869837" lon="25.5476"><ele>127.423</ele><time>2024-09-15T09:57:01Z</time></trkpt><trkpt lat="54.869874" lon="25.54765"><ele>127.415</ele><time>2024-09-15T09:57:02Z</time></trkpt><trkpt lat="54.869911" lon="25.547708"><ele>127.509</ele><time>2024-09-15T09:57:03Z</time></trkpt><trkpt lat="54.869962" lon="25.547813"><ele>127.594</ele><time>2024-09-15T09:57:05Z</time></trkpt><trkpt lat="54.870014" lon="25.547885"><ele>127.541</ele><time>2024-09-15T09:57:07Z</time></trkpt><trkpt lat="54.870063" lon="25.547926"><ele>126.767</ele><time>2024-09-15T09:57:09Z</time></trkpt><trkpt lat="54.870128" lon="25.547972"><ele>126.672</ele><time>2024-09-15T09:57:11Z</time></trkpt><trkpt lat="54.87018" lon="25.548051"><ele>126.671</ele><time>2024-09-15T09:57:13Z</time></trkpt><trkpt lat="54.87018" lon="25.54813"><ele>126.615</ele><time>2024-09-15T09:57:16Z</time></trkpt><trkpt lat="54.870156" lon="25.548213"><ele>126.533</ele><time>2024-09-15T09:57:20Z</time></trkpt><trkpt lat="54.870127" lon="25.548342"><ele>126.415</ele><time>2024-09-15T09:57:22Z</time></trkpt><trkpt lat="54.870064" lon="25.548514"><ele>126.520</ele><time>2024-09-15T09:57:24Z</time></trkpt><trkpt lat="54.870026" lon="25.548645"><ele>126.445</ele><time>2024-09-15T09:57:25Z</time></trkpt><trkpt lat="54.869982" lon="25.548802"><ele>126.347</ele><time>2024-09-15T09:57:26Z</time></trkpt><trkpt lat="54.869949" lon="25.548959"><ele>126.211</ele><time>2024-09-15T09:57:27Z</time></trkpt><trkpt lat="54.86987" lon="25.549242"><ele>126.309</ele><time>2024-09-15T09:57:29Z</time></trkpt><trkpt lat="54.869843" lon="25.549353"><ele>126.595</ele><time>2024-09-15T09:57:30Z</time></trkpt><trkpt lat="54.869833" lon="25.549456"><ele>126.682</ele><time>2024-09-15T09:57:31Z</time></trkpt><trkpt lat="54.869831" lon="25.549537"><ele>126.788</ele><time>2024-09-15T09:57:32Z</time></trkpt><trkpt lat="54.869904" lon="25.549556"><ele>126.993</ele><time>2024-09-15T09:57:34Z</time></trkpt><trkpt lat="54.870042" lon="25.54944"><ele>128.012</ele><time>2024-09-15T09:57:36Z</time></trkpt><trkpt lat="54.870131" lon="25.549399"><ele>128.826</ele><time>2024-09-15T09:57:37Z</time></trkpt><trkpt lat="54.870324" lon="25.549347"><ele>130.534</ele><time>2024-09-15T09:57:39Z</time></trkpt><trkpt lat="54.870422" lon="25.549375"><ele>130.886</ele><time>2024-09-15T09:57:40Z</time></trkpt><trkpt lat="54.870529" lon="25.549395"><ele>132.061</ele><time>2024-09-15T09:57:41Z</time></trkpt><trkpt lat="54.870636" lon="25.549383"><ele>133.463</ele><time>2024-09-15T09:57:42Z</time></trkpt><trkpt lat="54.870841" lon="25.549282"><ele>135.344</ele><time>2024-09-15T09:57:44Z</time></trkpt><trkpt lat="54.870926" lon="25.54922"><ele>137.318</ele><time>2024-09-15T09:57:45Z</time></trkpt><trkpt lat="54.871006" lon="25.549118"><ele>137.909</ele><time>2024-09-15T09:57:46Z</time></trkpt><trkpt lat="54.8712" lon="25.548954"><ele>138.667</ele><time>2024-09-15T09:57:48Z</time></trkpt><trkpt lat="54.871317" lon="25.548922"><ele>138.684</ele><time>2024-09-15T09:57:49Z</time></trkpt><trkpt lat="54.871568" lon="25.548926"><ele>137.460</ele><time>2024-09-15T09:57:51Z</time></trkpt><trkpt lat="54.871823" lon="25.548998"><ele>137.395</ele><time>2024-09-15T09:57:53Z</time></trkpt><trkpt lat="54.871948" lon="25.549047"><ele>137.714</ele><time>2024-09-15T09:57:54Z</time></trkpt><trkpt lat="54.87207" lon="25.549102"><ele>138.198</ele><time>2024-09-15T09:57:55Z</time></trkpt><trkpt lat="54.872318" lon="25.54924"><ele>139.196</ele><time>2024-09-15T09:57:57Z</time></trkpt><trkpt lat="54.872572" lon="25.549404"><ele>139.658</ele><time>2024-09-15T09:57:59Z</time></trkpt><trkpt lat="54.87272" lon="25.549478"><ele>139.463</ele><time>2024-09-15T09:58:00Z</time></trkpt><trkpt lat="54.872859" lon="25.549537"><ele>139.457</ele><time>2024-09-15T09:58:01Z</time></trkpt><trkpt lat="54.873074" lon="25.549647"><ele>139.500</ele><time>2024-09-15T09:58:03Z</time></trkpt><trkpt lat="54.873163" lon="25.549675"><ele>139.520</ele><time>2024-09-15T09:58:04Z</time></trkpt><trkpt lat="54.873261" lon="25.549691"><ele>140.009</ele><time>2024-09-15T09:58:06Z</time></trkpt><trkpt lat="54.873356" lon="25.549759"><ele>140.456</ele><time>2024-09-15T09:58:08Z</time></trkpt><trkpt lat="54.873521" lon="25.549968"><ele>140.413</ele><time>2024-09-15T09:58:10Z</time></trkpt><trkpt lat="54.873779" lon="25.550188"><ele>140.519</ele><time>2024-09-15T09:58:12Z</time></trkpt><trkpt lat="54.873917" lon="25.550309"><ele>140.274</ele><time>2024-09-15T09:58:13Z</time></trkpt><trkpt lat="54.874042" lon="25.55043"><ele>139.583</ele><time>2024-09-15T09:58:14Z</time></trkpt><trkpt lat="54.874282" lon="25.550648"><ele>137.927</ele><time>2024-09-15T09:58:16Z</time></trkpt><trkpt lat="54.87441" lon="25.550694"><ele>137.675</ele><time>2024-09-15T09:58:17Z</time></trkpt><trkpt lat="54.874575" lon="25.550711"><ele>137.627</ele><time>2024-09-15T09:58:18Z</time></trkpt><trkpt lat="54.874695" lon="25.55077"><ele>137.542</ele><time>2024-09-15T09:58:19Z</time></trkpt><trkpt lat="54.874818" lon="25.550903"><ele>137.591</ele><time>2024-09-15T09:58:20Z</time></trkpt><trkpt lat="54.874948" lon="25.551032"><ele>137.581</ele><time>2024-09-15T09:58:21Z</time></trkpt><trkpt lat="54.875162" lon="25.551374"><ele>138.719</ele><time>2024-09-15T09:58:23Z</time></trkpt><trkpt lat="54.875253" lon="25.551604"><ele>139.009</ele><time>2024-09-15T09:58:24Z</time></trkpt><trkpt lat="54.875344" lon="25.551844"><ele>139.520</ele><time>2024-09-15T09:58:25Z</time></trkpt><trkpt lat="54.875539" lon="25.552352"><ele>139.627</ele><time>2024-09-15T09:58:27Z</time></trkpt><trkpt lat="54.875636" lon="25.552601"><ele>138.933</ele><time>2024-09-15T09:58:28Z</time></trkpt><trkpt lat="54.875726" lon="25.552824"><ele>138.328</ele><time>2024-09-15T09:58:29Z</time></trkpt><trkpt lat="54.875815" lon="25.553055"><ele>138.427</ele><time>2024-09-15T09:58:30Z</time></trkpt><trkpt lat="54.875895" lon="25.553288"><ele>139.121</ele><time>2024-09-15T09:58:31Z</time></trkpt><trkpt lat="54.875977" lon="25.553528"><ele>139.629</ele><time>2024-09-15T09:58:32Z</time></trkpt><trkpt lat="54.876052" lon="25.553783"><ele>139.191</ele><time>2024-09-15T09:58:33Z</time></trkpt><trkpt lat="54.87613" lon="25.554042"><ele>138.616</ele><time>2024-09-15T09:58:34Z</time></trkpt><trkpt lat="54.876235" lon="25.554339"><ele>138.581</ele><time>2024-09-15T09:58:35Z</time></trkpt><trkpt lat="54.876419" lon="25.554891"><ele>138.561</ele><time>2024-09-15T09:58:37Z</time></trkpt><trkpt lat="54.876513" lon="25.555121"><ele>138.117</ele><time>2024-09-15T09:58:38Z</time></trkpt><trkpt lat="54.876589" lon="25.555349"><ele>138.009</ele><time>2024-09-15T09:58:39Z</time></trkpt><trkpt lat="54.876662" lon="25.555586"><ele>138.179</ele><time>2024-09-15T09:58:40Z</time></trkpt><trkpt lat="54.876718" lon="25.555831"><ele>137.866</ele><time>2024-09-15T09:58:41Z</time></trkpt><trkpt lat="54.876812" lon="25.55636"><ele>137.752</ele><time>2024-09-15T09:58:43Z</time></trkpt><trkpt lat="54.876864" lon="25.556647"><ele>138.197</ele><time>2024-09-15T09:58:44Z</time></trkpt><trkpt lat="54.876915" lon="25.55691"><ele>138.386</ele><time>2024-09-15T09:58:45Z</time></trkpt><trkpt lat="54.87697" lon="25.557172"><ele>138.670</ele><time>2024-09-15T09:58:46Z</time></trkpt><trkpt lat="54.877012" lon="25.557456"><ele>138.828</ele><time>2024-09-15T09:58:47Z</time></trkpt><trkpt lat="54.877054" lon="25.557769"><ele>139.090</ele><time>2024-09-15T09:58:48Z</time></trkpt><trkpt lat="54.877101" lon="25.558064"><ele>139.395</ele><time>2024-09-15T09:58:49Z</time></trkpt><trkpt lat="54.877209" lon="25.558534"><ele>140.474</ele><time>2024-09-15T09:58:51Z</time></trkpt><trkpt lat="54.87725" lon="25.558768"><ele>142.456</ele><time>2024-09-15T09:58:52Z</time></trkpt><trkpt lat="54.877286" lon="25.559019"><ele>143.221</ele><time>2024-09-15T09:58:53Z</time></trkpt><trkpt lat="54.877314" lon="25.559271"><ele>142.409</ele><time>2024-09-15T09:58:54Z</time></trkpt><trkpt lat="54.877395" lon="25.559702"><ele>141.968</ele><time>2024-09-15T09:58:56Z</time></trkpt><trkpt lat="54.877439" lon="25.559854"><ele>141.835</ele><time>2024-09-15T09:58:57Z</time></trkpt><trkpt lat="54.877482" lon="25.55998"><ele>140.911</ele><time>2024-09-15T09:58:58Z</time></trkpt><trkpt lat="54.877591" lon="25.560193"><ele>140.996</ele><time>2024-09-15T09:59:00Z</time></trkpt><trkpt lat="54.877649" lon="25.560293"><ele>140.925</ele><time>2024-09-15T09:59:01Z</time></trkpt><trkpt lat="54.877802" lon="25.560582"><ele>141.459</ele><time>2024-09-15T09:59:03Z</time></trkpt><trkpt lat="54.877898" lon="25.560748"><ele>141.487</ele><time>2024-09-15T09:59:04Z</time></trkpt><trkpt lat="54.878103" lon="25.560981"><ele>140.389</ele><time>2024-09-15T09:59:06Z</time></trkpt><trkpt lat="54.878202" lon="25.561075"><ele>139.744</ele><time>2024-09-15T09:59:07Z</time></trkpt><trkpt lat="54.878309" lon="25.561166"><ele>139.253</ele><time>2024-09-15T09:59:08Z</time></trkpt><trkpt lat="54.878414" lon="25.561261"><ele>137.804</ele><time>2024-09-15T09:59:09Z</time></trkpt><trkpt lat="54.878629" lon="25.561278"><ele>136.814</ele><time>2024-09-15T09:59:11Z</time></trkpt><trkpt lat="54.878742" lon="25.561215"><ele>136.709</ele><time>2024-09-15T09:59:12Z</time></trkpt><trkpt lat="54.878954" lon="25.561197"><ele>136.196</ele><time>2024-09-15T09:59:14Z</time></trkpt><trkpt lat="54.879036" lon="25.561143"><ele>135.673</ele><time>2024-09-15T09:59:15Z</time></trkpt><trkpt lat="54.879144" lon="25.561134"><ele>135.699</ele><time>2024-09-15T09:59:16Z</time></trkpt><trkpt lat="54.87936" lon="25.56114"><ele>135.124</ele><time>2024-09-15T09:59:18Z</time></trkpt><trkpt lat="54.879467" lon="25.561166"><ele>135.053</ele><time>2024-09-15T09:59:19Z</time></trkpt><trkpt lat="54.879555" lon="25.561176"><ele>135.097</ele><time>2024-09-15T09:59:20Z</time></trkpt><trkpt lat="54.879672" lon="25.561159"><ele>135.045</ele><time>2024-09-15T09:59:22Z</time></trkpt><trkpt lat="54.87975" lon="25.561152"><ele>135.277</ele><time>2024-09-15T09:59:23Z</time></trkpt><trkpt lat="54.879834" lon="25.561121"><ele>135.152</ele><time>2024-09-15T09:59:24Z</time></trkpt><trkpt lat="54.880002" lon="25.561017"><ele>135.279</ele><time>2024-09-15T09:59:26Z</time></trkpt><trkpt lat="54.880075" lon="25.560931"><ele>135.205</ele><time>2024-09-15T09:59:27Z</time></trkpt><trkpt lat="54.880138" lon="25.560912"><ele>135.225</ele><time>2024-09-15T09:59:28Z</time></trkpt><trkpt lat="54.880302" lon="25.560957"><ele>135.509</ele><time>2024-09-15T09:59:30Z</time></trkpt><trkpt lat="54.880388" lon="25.561002"><ele>136.138</ele><time>2024-09-15T09:59:31Z</time></trkpt><trkpt lat="54.880443" lon="25.561067"><ele>137.045</ele><time>2024-09-15T09:59:32Z</time></trkpt><trkpt lat="54.880557" lon="25.561297"><ele>138.171</ele><time>2024-09-15T09:59:34Z</time></trkpt><trkpt lat="54.880631" lon="25.561447"><ele>138.256</ele><time>2024-09-15T09:59:35Z</time></trkpt><trkpt lat="54.880793" lon="25.561763"><ele>138.875</ele><time>2024-09-15T09:59:37Z</time></trkpt><trkpt lat="54.880867" lon="25.561971"><ele>138.859</ele><time>2024-09-15T09:59:38Z</time></trkpt><trkpt lat="54.880947" lon="25.562198"><ele>139.117</ele><time>2024-09-15T09:59:39Z</time></trkpt><trkpt lat="54.881142" lon="25.562667"><ele>140.379</ele><time>2024-09-15T09:59:41Z</time></trkpt><trkpt lat="54.881231" lon="25.56289"><ele>141.394</ele><time>2024-09-15T09:59:42Z</time></trkpt><trkpt lat="54.88132" lon="25.563069"><ele>142.237</ele><time>2024-09-15T09:59:43Z</time></trkpt><trkpt lat="54.881484" lon="25.563431"><ele>143.249</ele><time>2024-09-15T09:59:45Z</time></trkpt><trkpt lat="54.881668" lon="25.563915"><ele>142.813</ele><time>2024-09-15T09:59:47Z</time></trkpt><trkpt lat="54.881889" lon="25.564463"><ele>142.709</ele><time>2024-09-15T09:59:49Z</time></trkpt><trkpt lat="54.882018" lon="25.564717"><ele>142.974</ele><time>2024-09-15T09:59:50Z</time></trkpt><trkpt lat="54.88214" lon="25.564965"><ele>143.271</ele><time>2024-09-15T09:59:51Z</time></trkpt><trkpt lat="54.882258" lon="25.565194"><ele>143.577</ele><time>2024-09-15T09:59:52Z</time></trkpt><trkpt lat="54.882543" lon="25.565606"><ele>143.372</ele><time>2024-09-15T09:59:54Z</time></trkpt><trkpt lat="54.882872" lon="25.566038"><ele>140.581</ele><time>2024-09-15T09:59:56Z</time></trkpt><trkpt lat="54.883014" lon="25.566251"><ele>139.995</ele><time>2024-09-15T09:59:57Z</time></trkpt><trkpt lat="54.883277" lon="25.566788"><ele>139.983</ele><time>2024-09-15T09:59:59Z</time></trkpt><trkpt lat="54.883559" lon="25.567322"><ele>140.235</ele><time>2024-09-15T10:00:01Z</time></trkpt><trkpt lat="54.883806" lon="25.567754"><ele>140.270</ele><time>2024-09-15T10:00:03Z</time></trkpt><trkpt lat="54.883937" lon="25.567931"><ele>140.969</ele><time>2024-09-15T10:00:04Z</time></trkpt><trkpt lat="54.884086" lon="25.568098"><ele>141.704</ele><time>2024-09-15T10:00:05Z</time></trkpt><trkpt lat="54.884303" lon="25.568396"><ele>141.724</ele><time>2024-09-15T10:00:07Z</time></trkpt><trkpt lat="54.884356" lon="25.568503"><ele>141.409</ele><time>2024-09-15T10:00:08Z</time></trkpt><trkpt lat="54.884396" lon="25.568541"><ele>141.477</ele><time>2024-09-15T10:00:09Z</time></trkpt><trkpt lat="54.884471" lon="25.568538"><ele>141.334</ele><time>2024-09-15T10:00:11Z</time></trkpt><trkpt lat="54.884518" lon="25.568467"><ele>141.380</ele><time>2024-09-15T10:00:12Z</time></trkpt><trkpt lat="54.884593" lon="25.568365"><ele>141.395</ele><time>2024-09-15T10:00:13Z</time></trkpt><trkpt lat="54.884685" lon="25.568244"><ele>141.334</ele><time>2024-09-15T10:00:14Z</time></trkpt><trkpt lat="54.884769" lon="25.568096"><ele>142.158</ele><time>2024-09-15T10:00:15Z</time></trkpt><trkpt lat="54.884946" lon="25.567797"><ele>143.326</ele><time>2024-09-15T10:00:17Z</time></trkpt><trkpt lat="54.885139" lon="25.567686"><ele>144.058</ele><time>2024-09-15T10:00:19Z</time></trkpt><trkpt lat="54.885318" lon="25.56757"><ele>144.753</ele><time>2024-09-15T10:00:21Z</time></trkpt><trkpt lat="54.885453" lon="25.567664"><ele>144.823</ele><time>2024-09-15T10:00:23Z</time></trkpt><trkpt lat="54.885526" lon="25.567654"><ele>145.083</ele><time>2024-09-15T10:00:24Z</time></trkpt><trkpt lat="54.885612" lon="25.567652"><ele>145.611</ele><time>2024-09-15T10:00:25Z</time></trkpt><trkpt lat="54.885699" lon="25.567682"><ele>146.209</ele><time>2024-09-15T10:00:26Z</time></trkpt><trkpt lat="54.88575" lon="25.567766"><ele>147.093</ele><time>2024-09-15T10:00:27Z</time></trkpt><trkpt lat="54.885819" lon="25.567835"><ele>147.540</ele><time>2024-09-15T10:00:28Z</time></trkpt><trkpt lat="54.885995" lon="25.568039"><ele>148.216</ele><time>2024-09-15T10:00:30Z</time></trkpt><trkpt lat="54.88608" lon="25.568123"><ele>148.871</ele><time>2024-09-15T10:00:31Z</time></trkpt><trkpt lat="54.886176" lon="25.568181"><ele>148.880</ele><time>2024-09-15T10:00:32Z</time></trkpt><trkpt lat="54.886246" lon="25.568232"><ele>148.854</ele><time>2024-09-15T10:00:33Z</time></trkpt><trkpt lat="54.886317" lon="25.568281"><ele>148.982</ele><time>2024-09-15T10:00:34Z</time></trkpt><trkpt lat="54.886358" lon="25.568246"><ele>149.184</ele><time>2024-09-15T10:00:35Z</time></trkpt><trkpt lat="54.886433" lon="25.568251"><ele>149.479</ele><time>2024-09-15T10:00:37Z</time></trkpt><trkpt lat="54.886503" lon="25.568286"><ele>149.962</ele><time>2024-09-15T10:00:38Z</time></trkpt><trkpt lat="54.886591" lon="25.568264"><ele>150.983</ele><time>2024-09-15T10:00:40Z</time></trkpt><trkpt lat="54.886694" lon="25.568276"><ele>152.211</ele><time>2024-09-15T10:00:42Z</time></trkpt><trkpt lat="54.886795" lon="25.568334"><ele>154.509</ele><time>2024-09-15T10:00:44Z</time></trkpt><trkpt lat="54.88683" lon="25.568387"><ele>155.757</ele><time>2024-09-15T10:00:45Z</time></trkpt><trkpt lat="54.88694" lon="25.5685"><ele>158.424</ele><time>2024-09-15T10:00:47Z</time></trkpt><trkpt lat="54.887007" lon="25.56852"><ele>158.820</ele><time>2024-09-15T10:00:48Z</time></trkpt><trkpt lat="54.887127" lon="25.568642"><ele>159.845</ele><time>2024-09-15T10:00:50Z</time></trkpt><trkpt lat="54.887201" lon="25.56881"><ele>160.934</ele><time>2024-09-15T10:00:52Z</time></trkpt><trkpt lat="54.887229" lon="25.568885"><ele>161.298</ele><time>2024-09-15T10:00:53Z</time></trkpt><trkpt lat="54.887273" lon="25.568959"><ele>161.736</ele><time>2024-09-15T10:00:54Z</time></trkpt><trkpt lat="54.887329" lon="25.569017"><ele>162.158</ele><time>2024-09-15T10:00:55Z</time></trkpt><trkpt lat="54.887372" lon="25.569084"><ele>163.243</ele><time>2024-09-15T10:00:56Z</time></trkpt><trkpt lat="54.887434" lon="25.569168"><ele>163.215</ele><time>2024-09-15T10:00:57Z</time></trkpt><trkpt lat="54.887566" lon="25.569294"><ele>164.165</ele><time>2024-09-15T10:00:59Z</time></trkpt><trkpt lat="54.887626" lon="25.569362"><ele>165.111</ele><time>2024-09-15T10:01:00Z</time></trkpt><trkpt lat="54.887688" lon="25.569416"><ele>165.909</ele><time>2024-09-15T10:01:01Z</time></trkpt><trkpt lat="54.887766" lon="25.569479"><ele>165.972</ele><time>2024-09-15T10:01:02Z</time></trkpt><trkpt lat="54.887837" lon="25.569527"><ele>165.939</ele><time>2024-09-15T10:01:03Z</time></trkpt><trkpt lat="54.887909" lon="25.569593"><ele>165.765</ele><time>2024-09-15T10:01:04Z</time></trkpt><trkpt lat="54.888044" lon="25.569718"><ele>165.810</ele><time>2024-09-15T10:01:06Z</time></trkpt><trkpt lat="54.888128" lon="25.569761"><ele>166.169</ele><time>2024-09-15T10:01:07Z</time></trkpt><trkpt lat="54.888201" lon="25.569816"><ele>166.563</ele><time>2024-09-15T10:01:08Z</time></trkpt><trkpt lat="54.888368" lon="25.569923"><ele>167.081</ele><time>2024-09-15T10:01:10Z</time></trkpt><trkpt lat="54.888451" lon="25.56998"><ele>167.233</ele><time>2024-09-15T10:01:11Z</time></trkpt><trkpt lat="54.888538" lon="25.57004"><ele>167.388</ele><time>2024-09-15T10:01:12Z</time></trkpt><trkpt lat="54.888616" lon="25.570105"><ele>167.555</ele><time>2024-09-15T10:01:13Z</time></trkpt><trkpt lat="54.888744" lon="25.570346"><ele>168.607</ele><time>2024-09-15T10:01:15Z</time></trkpt><trkpt lat="54.888818" lon="25.570494"><ele>169.317</ele><time>2024-09-15T10:01:16Z</time></trkpt><trkpt lat="54.888888" lon="25.57068"><ele>170.109</ele><time>2024-09-15T10:01:17Z</time></trkpt><trkpt lat="54.888951" lon="25.570846"><ele>171.876</ele><time>2024-09-15T10:01:18Z</time></trkpt><trkpt lat="54.889057" lon="25.571136"><ele>171.443</ele><time>2024-09-15T10:01:20Z</time></trkpt><trkpt lat="54.889096" lon="25.571291"><ele>171.439</ele><time>2024-09-15T10:01:21Z</time></trkpt><trkpt lat="54.889132" lon="25.571512"><ele>171.934</ele><time>2024-09-15T10:01:22Z</time></trkpt><trkpt lat="54.889188" lon="25.571908"><ele>172.773</ele><time>2024-09-15T10:01:24Z</time></trkpt><trkpt lat="54.889241" lon="25.572192"><ele>174.937</ele><time>2024-09-15T10:01:26Z</time></trkpt><trkpt lat="54.889268" lon="25.572314"><ele>175.415</ele><time>2024-09-15T10:01:27Z</time></trkpt><trkpt lat="54.889298" lon="25.57241"><ele>175.547</ele><time>2024-09-15T10:01:28Z</time></trkpt><trkpt lat="54.88936" lon="25.572587"><ele>175.812</ele><time>2024-09-15T10:01:30Z</time></trkpt><trkpt lat="54.889386" lon="25.572674"><ele>175.952</ele><time>2024-09-15T10:01:31Z</time></trkpt><trkpt lat="54.88943" lon="25.572765"><ele>176.253</ele><time>2024-09-15T10:01:32Z</time></trkpt><trkpt lat="54.889481" lon="25.572869"><ele>176.208</ele><time>2024-09-15T10:01:33Z</time></trkpt><trkpt lat="54.889479" lon="25.573004"><ele>176.609</ele><time>2024-09-15T10:01:34Z</time></trkpt><trkpt lat="54.889506" lon="25.573088"><ele>176.776</ele><time>2024-09-15T10:01:35Z</time></trkpt><trkpt lat="54.889534" lon="25.573258"><ele>175.983</ele><time>2024-09-15T10:01:36Z</time></trkpt><trkpt lat="54.88959" lon="25.573507"><ele>175.429</ele><time>2024-09-15T10:01:38Z</time></trkpt><trkpt lat="54.889615" lon="25.573607"><ele>175.254</ele><time>2024-09-15T10:01:39Z</time></trkpt><trkpt lat="54.889634" lon="25.573861"><ele>175.663</ele><time>2024-09-15T10:01:41Z</time></trkpt><trkpt lat="54.889671" lon="25.574198"><ele>176.257</ele><time>2024-09-15T10:01:43Z</time></trkpt><trkpt lat="54.889686" lon="25.574399"><ele>176.475</ele><time>2024-09-15T10:01:44Z</time></trkpt><trkpt lat="54.889705" lon="25.574707"><ele>177.427</ele><time>2024-09-15T10:01:46Z</time></trkpt><trkpt lat="54.889728" lon="25.574793"><ele>177.752</ele><time>2024-09-15T10:01:47Z</time></trkpt><trkpt lat="54.889743" lon="25.574972"><ele>178.193</ele><time>2024-09-15T10:01:49Z</time></trkpt><trkpt lat="54.889773" lon="25.57509"><ele>177.765</ele><time>2024-09-15T10:01:50Z</time></trkpt><trkpt lat="54.889873" lon="25.575358"><ele>177.721</ele><time>2024-09-15T10:01:52Z</time></trkpt><trkpt lat="54.889925" lon="25.575588"><ele>179.809</ele><time>2024-09-15T10:01:54Z</time></trkpt><trkpt lat="54.889928" lon="25.575731"><ele>180.650</ele><time>2024-09-15T10:01:55Z</time></trkpt><trkpt lat="54.889945" lon="25.575831"><ele>180.627</ele><time>2024-09-15T10:01:56Z</time></trkpt><trkpt lat="54.889993" lon="25.576087"><ele>177.713</ele><time>2024-09-15T10:01:58Z</time></trkpt><trkpt lat="54.890029" lon="25.576219"><ele>177.168</ele><time>2024-09-15T10:01:59Z</time></trkpt><trkpt lat="54.890079" lon="25.576439"><ele>176.367</ele><time>2024-09-15T10:02:01Z</time></trkpt><trkpt lat="54.890092" lon="25.576558"><ele>176.351</ele><time>2024-09-15T10:02:02Z</time></trkpt><trkpt lat="54.89011" lon="25.57666"><ele>176.599</ele><time>2024-09-15T10:02:03Z</time></trkpt><trkpt lat="54.890094" lon="25.576757"><ele>176.831</ele><time>2024-09-15T10:02:04Z</time></trkpt><trkpt lat="54.8901" lon="25.576954"><ele>176.946</ele><time>2024-09-15T10:02:06Z</time></trkpt><trkpt lat="54.890124" lon="25.577069"><ele>176.988</ele><time>2024-09-15T10:02:07Z</time></trkpt><trkpt lat="54.890184" lon="25.577364"><ele>178.024</ele><time>2024-09-15T10:02:09Z</time></trkpt><trkpt lat="54.890233" lon="25.577674"><ele>179.726</ele><time>2024-09-15T10:02:11Z</time></trkpt><trkpt lat="54.890291" lon="25.577897"><ele>181.109</ele><time>2024-09-15T10:02:13Z</time></trkpt><trkpt lat="54.890286" lon="25.578034"><ele>181.369</ele><time>2024-09-15T10:02:14Z</time></trkpt><trkpt lat="54.890332" lon="25.578243"><ele>181.646</ele><time>2024-09-15T10:02:16Z</time></trkpt><trkpt lat="54.89038" lon="25.578352"><ele>181.672</ele><time>2024-09-15T10:02:17Z</time></trkpt><trkpt lat="54.890458" lon="25.578558"><ele>181.377</ele><time>2024-09-15T10:02:19Z</time></trkpt><trkpt lat="54.89048" lon="25.578676"><ele>181.316</ele><time>2024-09-15T10:02:20Z</time></trkpt><trkpt lat="54.890519" lon="25.578922"><ele>181.480</ele><time>2024-09-15T10:02:22Z</time></trkpt><trkpt lat="54.890525" lon="25.579099"><ele>181.448</ele><time>2024-09-15T10:02:23Z</time></trkpt><trkpt lat="54.8905" lon="25.579422"><ele>181.140</ele><time>2024-09-15T10:02:25Z</time></trkpt><trkpt lat="54.890476" lon="25.579592"><ele>180.595</ele><time>2024-09-15T10:02:26Z</time></trkpt><trkpt lat="54.89045" lon="25.579762"><ele>180.534</ele><time>2024-09-15T10:02:27Z</time></trkpt><trkpt lat="54.890439" lon="25.580011"><ele>182.355</ele><time>2024-09-15T10:02:29Z</time></trkpt><trkpt lat="54.890522" lon="25.580086"><ele>182.510</ele><time>2024-09-15T10:02:30Z</time></trkpt><trkpt lat="54.890571" lon="25.580161"><ele>182.909</ele><time>2024-09-15T10:02:31Z</time></trkpt><trkpt lat="54.890723" lon="25.580248"><ele>183.874</ele><time>2024-09-15T10:02:32Z</time></trkpt><trkpt lat="54.890845" lon="25.580321"><ele>185.191</ele><time>2024-09-15T10:02:33Z</time></trkpt><trkpt lat="54.891145" lon="25.580517"><ele>184.817</ele><time>2024-09-15T10:02:35Z</time></trkpt><trkpt lat="54.891324" lon="25.580621"><ele>185.442</ele><time>2024-09-15T10:02:36Z</time></trkpt><trkpt lat="54.891475" lon="25.580711"><ele>186.691</ele><time>2024-09-15T10:02:37Z</time></trkpt><trkpt lat="54.891717" lon="25.580869"><ele>187.945</ele><time>2024-09-15T10:02:39Z</time></trkpt><trkpt lat="54.891859" lon="25.580949"><ele>188.023</ele><time>2024-09-15T10:02:40Z</time></trkpt><trkpt lat="54.892024" lon="25.581028"><ele>189.115</ele><time>2024-09-15T10:02:41Z</time></trkpt><trkpt lat="54.892199" lon="25.581121"><ele>188.730</ele><time>2024-09-15T10:02:42Z</time></trkpt><trkpt lat="54.892554" lon="25.581342"><ele>188.993</ele><time>2024-09-15T10:02:44Z</time></trkpt><trkpt lat="54.892714" lon="25.581463"><ele>188.665</ele><time>2024-09-15T10:02:45Z</time></trkpt><trkpt lat="54.892882" lon="25.581566"><ele>188.221</ele><time>2024-09-15T10:02:46Z</time></trkpt><trkpt lat="54.893049" lon="25.581659"><ele>188.009</ele><time>2024-09-15T10:02:47Z</time></trkpt><trkpt lat="54.89322" lon="25.581742"><ele>188.360</ele><time>2024-09-15T10:02:48Z</time></trkpt><trkpt lat="54.893368" lon="25.581874"><ele>188.787</ele><time>2024-09-15T10:02:49Z</time></trkpt><trkpt lat="54.893551" lon="25.581974"><ele>188.433</ele><time>2024-09-15T10:02:50Z</time></trkpt><trkpt lat="54.89392" lon="25.582192"><ele>188.428</ele><time>2024-09-15T10:02:52Z</time></trkpt><trkpt lat="54.894281" lon="25.582396"><ele>189.467</ele><time>2024-09-15T10:02:54Z</time></trkpt><trkpt lat="54.894457" lon="25.582492"><ele>189.431</ele><time>2024-09-15T10:02:55Z</time></trkpt><trkpt lat="54.894612" lon="25.58258"><ele>188.829</ele><time>2024-09-15T10:02:56Z</time></trkpt><trkpt lat="54.894758" lon="25.582647"><ele>188.441</ele><time>2024-09-15T10:02:57Z</time></trkpt><trkpt lat="54.894873" lon="25.582695"><ele>188.246</ele><time>2024-09-15T10:02:58Z</time></trkpt><trkpt lat="54.894957" lon="25.582765"><ele>188.028</ele><time>2024-09-15T10:02:59Z</time></trkpt><trkpt lat="54.895057" lon="25.582945"><ele>186.989</ele><time>2024-09-15T10:03:01Z</time></trkpt><trkpt lat="54.895097" lon="25.583044"><ele>186.517</ele><time>2024-09-15T10:03:03Z</time></trkpt><trkpt lat="54.895141" lon="25.583129"><ele>186.209</ele><time>2024-09-15T10:03:05Z</time></trkpt><trkpt lat="54.895191" lon="25.58325"><ele>185.883</ele><time>2024-09-15T10:03:07Z</time></trkpt><trkpt lat="54.895287" lon="25.583431"><ele>185.410</ele><time>2024-09-15T10:03:09Z</time></trkpt><trkpt lat="54.895365" lon="25.583582"><ele>185.486</ele><time>2024-09-15T10:03:10Z</time></trkpt><trkpt lat="54.895431" lon="25.583734"><ele>184.911</ele><time>2024-09-15T10:03:11Z</time></trkpt><trkpt lat="54.895513" lon="25.583913"><ele>184.510</ele><time>2024-09-15T10:03:12Z</time></trkpt><trkpt lat="54.895593" lon="25.584088"><ele>184.484</ele><time>2024-09-15T10:03:13Z</time></trkpt><trkpt lat="54.89566" lon="25.584272"><ele>184.272</ele><time>2024-09-15T10:03:14Z</time></trkpt><trkpt lat="54.895726" lon="25.584444"><ele>184.254</ele><time>2024-09-15T10:03:15Z</time></trkpt><trkpt lat="54.895782" lon="25.584622"><ele>183.779</ele><time>2024-09-15T10:03:16Z</time></trkpt><trkpt lat="54.895868" lon="25.58498"><ele>183.542</ele><time>2024-09-15T10:03:18Z</time></trkpt><trkpt lat="54.895905" lon="25.585163"><ele>183.222</ele><time>2024-09-15T10:03:19Z</time></trkpt><trkpt lat="54.895886" lon="25.585372"><ele>183.014</ele><time>2024-09-15T10:03:20Z</time></trkpt><trkpt lat="54.895885" lon="25.585589"><ele>183.009</ele><time>2024-09-15T10:03:21Z</time></trkpt><trkpt lat="54.895895" lon="25.585816"><ele>183.045</ele><time>2024-09-15T10:03:22Z</time></trkpt><trkpt lat="54.895903" lon="25.586058"><ele>183.232</ele><time>2024-09-15T10:03:23Z</time></trkpt><trkpt lat="54.895893" lon="25.586541"><ele>183.198</ele><time>2024-09-15T10:03:25Z</time></trkpt><trkpt lat="54.895884" lon="25.586771"><ele>182.513</ele><time>2024-09-15T10:03:26Z</time></trkpt><trkpt lat="54.895874" lon="25.587021"><ele>182.582</ele><time>2024-09-15T10:03:27Z</time></trkpt><trkpt lat="54.895868" lon="25.587267"><ele>182.936</ele><time>2024-09-15T10:03:28Z</time></trkpt><trkpt lat="54.895872" lon="25.587504"><ele>183.154</ele><time>2024-09-15T10:03:29Z</time></trkpt><trkpt lat="54.895868" lon="25.587704"><ele>183.016</ele><time>2024-09-15T10:03:30Z</time></trkpt><trkpt lat="54.895855" lon="25.58785"><ele>182.941</ele><time>2024-09-15T10:03:31Z</time></trkpt><trkpt lat="54.895846" lon="25.588065"><ele>182.655</ele><time>2024-09-15T10:03:33Z</time></trkpt><trkpt lat="54.895854" lon="25.588183"><ele>181.907</ele><time>2024-09-15T10:03:35Z</time></trkpt><trkpt lat="54.895841" lon="25.588291"><ele>181.717</ele><time>2024-09-15T10:03:37Z</time></trkpt><trkpt lat="54.895847" lon="25.588435"><ele>181.509</ele><time>2024-09-15T10:03:39Z</time></trkpt><trkpt lat="54.895844" lon="25.588518"><ele>180.556</ele><time>2024-09-15T10:03:40Z</time></trkpt><trkpt lat="54.895857" lon="25.588764"><ele>178.453</ele><time>2024-09-15T10:03:42Z</time></trkpt><trkpt lat="54.895855" lon="25.5889"><ele>176.969</ele><time>2024-09-15T10:03:43Z</time></trkpt><trkpt lat="54.895853" lon="25.589055"><ele>174.134</ele><time>2024-09-15T10:03:44Z</time></trkpt><trkpt lat="54.895848" lon="25.589218"><ele>171.423</ele><time>2024-09-15T10:03:45Z</time></trkpt><trkpt lat="54.895857" lon="25.589396"><ele>168.827</ele><time>2024-09-15T10:03:46Z</time></trkpt><trkpt lat="54.895852" lon="25.589565"><ele>164.635</ele><time>2024-09-15T10:03:47Z</time></trkpt><trkpt lat="54.895853" lon="25.589717"><ele>162.377</ele><time>2024-09-15T10:03:48Z</time></trkpt><trkpt lat="54.895861" lon="25.589868"><ele>160.972</ele><time>2024-09-15T10:03:49Z</time></trkpt><trkpt lat="54.895857" lon="25.589988"><ele>158.889</ele><time>2024-09-15T10:03:50Z</time></trkpt><trkpt lat="54.895859" lon="25.590233"><ele>157.006</ele><time>2024-09-15T10:03:52Z</time></trkpt><trkpt lat="54.895861" lon="25.590348"><ele>155.926</ele><time>2024-09-15T10:03:53Z</time></trkpt><trkpt lat="54.895867" lon="25.590483"><ele>155.209</ele><time>2024-09-15T10:03:54Z</time></trkpt><trkpt lat="54.895868" lon="25.590633"><ele>154.599</ele><time>2024-09-15T10:03:55Z</time></trkpt><trkpt lat="54.895851" lon="25.591023"><ele>152.926</ele><time>2024-09-15T10:03:57Z</time></trkpt><trkpt lat="54.895837" lon="25.591231"><ele>150.852</ele><time>2024-09-15T10:03:58Z</time></trkpt><trkpt lat="54.895822" lon="25.591453"><ele>150.317</ele><time>2024-09-15T10:03:59Z</time></trkpt><trkpt lat="54.895809" lon="25.5917"><ele>149.356</ele><time>2024-09-15T10:04:00Z</time></trkpt><trkpt lat="54.895766" lon="25.592222"><ele>148.360</ele><time>2024-09-15T10:04:02Z</time></trkpt><trkpt lat="54.89574" lon="25.592474"><ele>147.898</ele><time>2024-09-15T10:04:03Z</time></trkpt><trkpt lat="54.895707" lon="25.59273"><ele>147.190</ele><time>2024-09-15T10:04:04Z</time></trkpt><trkpt lat="54.895662" lon="25.592978"><ele>146.785</ele><time>2024-09-15T10:04:05Z</time></trkpt><trkpt lat="54.895619" lon="25.593182"><ele>146.383</ele><time>2024-09-15T10:04:06Z</time></trkpt><trkpt lat="54.895583" lon="25.593361"><ele>145.925</ele><time>2024-09-15T10:04:07Z</time></trkpt><trkpt lat="54.895547" lon="25.593549"><ele>145.817</ele><time>2024-09-15T10:04:08Z</time></trkpt><trkpt lat="54.895519" lon="25.593733"><ele>145.509</ele><time>2024-09-15T10:04:09Z</time></trkpt><trkpt lat="54.895485" lon="25.593919"><ele>145.329</ele><time>2024-09-15T10:04:10Z</time></trkpt><trkpt lat="54.895436" lon="25.5941"><ele>145.396</ele><time>2024-09-15T10:04:11Z</time></trkpt><trkpt lat="54.89534" lon="25.594507"><ele>145.422</ele><time>2024-09-15T10:04:13Z</time></trkpt><trkpt lat="54.89524" lon="25.594929"><ele>145.417</ele><time>2024-09-15T10:04:15Z</time></trkpt><trkpt lat="54.895191" lon="25.595164"><ele>145.126</ele><time>2024-09-15T10:04:16Z</time></trkpt><trkpt lat="54.895139" lon="25.595374"><ele>145.080</ele><time>2024-09-15T10:04:17Z</time></trkpt><trkpt lat="54.895088" lon="25.595577"><ele>144.868</ele><time>2024-09-15T10:04:18Z</time></trkpt><trkpt lat="54.895045" lon="25.595768"><ele>144.710</ele><time>2024-09-15T10:04:19Z</time></trkpt><trkpt lat="54.895022" lon="25.59594"><ele>144.175</ele><time>2024-09-15T10:04:20Z</time></trkpt><trkpt lat="54.894987" lon="25.596114"><ele>143.298</ele><time>2024-09-15T10:04:21Z</time></trkpt><trkpt lat="54.894957" lon="25.59627"><ele>143.215</ele><time>2024-09-15T10:04:22Z</time></trkpt><trkpt lat="54.894944" lon="25.596499"><ele>143.526</ele><time>2024-09-15T10:04:24Z</time></trkpt><trkpt lat="54.894973" lon="25.596573"><ele>143.409</ele><time>2024-09-15T10:04:25Z</time></trkpt><trkpt lat="54.895017" lon="25.59663"><ele>143.140</ele><time>2024-09-15T10:04:26Z</time></trkpt><trkpt lat="54.895181" lon="25.596657"><ele>142.947</ele><time>2024-09-15T10:04:28Z</time></trkpt><trkpt lat="54.895368" lon="25.596705"><ele>142.853</ele><time>2024-09-15T10:04:30Z</time></trkpt><trkpt lat="54.895447" lon="25.596725"><ele>142.898</ele><time>2024-09-15T10:04:31Z</time></trkpt><trkpt lat="54.895529" lon="25.596752"><ele>142.897</ele><time>2024-09-15T10:04:32Z</time></trkpt><trkpt lat="54.895612" lon="25.596788"><ele>142.811</ele><time>2024-09-15T10:04:33Z</time></trkpt><trkpt lat="54.895787" lon="25.596818"><ele>142.989</ele><time>2024-09-15T10:04:35Z</time></trkpt><trkpt lat="54.895951" lon="25.596836"><ele>143.581</ele><time>2024-09-15T10:04:37Z</time></trkpt><trkpt lat="54.896034" lon="25.596834"><ele>143.746</ele><time>2024-09-15T10:04:38Z</time></trkpt><trkpt lat="54.89611" lon="25.596847"><ele>143.984</ele><time>2024-09-15T10:04:39Z</time></trkpt><trkpt lat="54.89619" lon="25.596846"><ele>144.007</ele><time>2024-09-15T10:04:40Z</time></trkpt><trkpt lat="54.896266" lon="25.596839"><ele>144.117</ele><time>2024-09-15T10:04:41Z</time></trkpt><trkpt lat="54.896342" lon="25.596847"><ele>144.309</ele><time>2024-09-15T10:04:42Z</time></trkpt><trkpt lat="54.896489" lon="25.596861"><ele>144.929</ele><time>2024-09-15T10:04:44Z</time></trkpt><trkpt lat="54.896563" lon="25.596882"><ele>145.366</ele><time>2024-09-15T10:04:45Z</time></trkpt><trkpt lat="54.89663" lon="25.596919"><ele>145.742</ele><time>2024-09-15T10:04:46Z</time></trkpt><trkpt lat="54.896812" lon="25.597023"><ele>146.717</ele><time>2024-09-15T10:04:48Z</time></trkpt><trkpt lat="54.89707" lon="25.597239"><ele>146.716</ele><time>2024-09-15T10:04:50Z</time></trkpt><trkpt lat="54.897216" lon="25.597363"><ele>147.010</ele><time>2024-09-15T10:04:51Z</time></trkpt><trkpt lat="54.89735" lon="25.597481"><ele>147.178</ele><time>2024-09-15T10:04:52Z</time></trkpt><trkpt lat="54.897473" lon="25.597582"><ele>147.010</ele><time>2024-09-15T10:04:53Z</time></trkpt><trkpt lat="54.897619" lon="25.597796"><ele>147.095</ele><time>2024-09-15T10:04:55Z</time></trkpt><trkpt lat="54.897607" lon="25.59814"><ele>146.627</ele><time>2024-09-15T10:04:57Z</time></trkpt><trkpt lat="54.897503" lon="25.598562"><ele>146.668</ele><time>2024-09-15T10:04:59Z</time></trkpt><trkpt lat="54.897456" lon="25.598943"><ele>146.314</ele><time>2024-09-15T10:05:01Z</time></trkpt><trkpt lat="54.897558" lon="25.5993"><ele>145.909</ele><time>2024-09-15T10:05:03Z</time></trkpt><trkpt lat="54.897657" lon="25.59945"><ele>145.863</ele><time>2024-09-15T10:05:04Z</time></trkpt><trkpt lat="54.89778" lon="25.599603"><ele>145.870</ele><time>2024-09-15T10:05:05Z</time></trkpt><trkpt lat="54.898091" lon="25.59997"><ele>145.566</ele><time>2024-09-15T10:05:07Z</time></trkpt><trkpt lat="54.89827" lon="25.60012"><ele>145.051</ele><time>2024-09-15T10:05:08Z</time></trkpt><trkpt lat="54.898458" lon="25.600268"><ele>145.030</ele><time>2024-09-15T10:05:09Z</time></trkpt><trkpt lat="54.898652" lon="25.600396"><ele>145.254</ele><time>2024-09-15T10:05:10Z</time></trkpt><trkpt lat="54.899081" lon="25.600666"><ele>144.852</ele><time>2024-09-15T10:05:12Z</time></trkpt><trkpt lat="54.899299" lon="25.600805"><ele>145.084</ele><time>2024-09-15T10:05:13Z</time></trkpt><trkpt lat="54.899529" lon="25.600934"><ele>145.369</ele><time>2024-09-15T10:05:14Z</time></trkpt><trkpt lat="54.90001" lon="25.601202"><ele>144.852</ele><time>2024-09-15T10:05:16Z</time></trkpt><trkpt lat="54.900259" lon="25.601343"><ele>145.153</ele><time>2024-09-15T10:05:17Z</time></trkpt><trkpt lat="54.900744" lon="25.601634"><ele>144.908</ele><time>2024-09-15T10:05:19Z</time></trkpt><trkpt lat="54.900986" lon="25.601776"><ele>145.309</ele><time>2024-09-15T10:05:20Z</time></trkpt><trkpt lat="54.901235" lon="25.601909"><ele>145.746</ele><time>2024-09-15T10:05:21Z</time></trkpt><trkpt lat="54.901675" lon="25.60213"><ele>145.793</ele><time>2024-09-15T10:05:23Z</time></trkpt><trkpt lat="54.902037" lon="25.602301"><ele>146.089</ele><time>2024-09-15T10:05:25Z</time></trkpt><trkpt lat="54.902174" lon="25.60237"><ele>146.184</ele><time>2024-09-15T10:05:26Z</time></trkpt><trkpt lat="54.902369" lon="25.602474"><ele>146.313</ele><time>2024-09-15T10:05:28Z</time></trkpt><trkpt lat="54.902448" lon="25.602515"><ele>146.397</ele><time>2024-09-15T10:05:29Z</time></trkpt><trkpt lat="54.902517" lon="25.602559"><ele>146.735</ele><time>2024-09-15T10:05:30Z</time></trkpt><trkpt lat="54.902582" lon="25.602612"><ele>146.837</ele><time>2024-09-15T10:05:31Z</time></trkpt><trkpt lat="54.902646" lon="25.60268"><ele>146.842</ele><time>2024-09-15T10:05:32Z</time></trkpt><trkpt lat="54.902692" lon="25.602774"><ele>146.793</ele><time>2024-09-15T10:05:33Z</time></trkpt><trkpt lat="54.902811" lon="25.602919"><ele>146.565</ele><time>2024-09-15T10:05:35Z</time></trkpt><trkpt lat="54.902983" lon="25.603038"><ele>146.621</ele><time>2024-09-15T10:05:37Z</time></trkpt><trkpt lat="54.903102" lon="25.603103"><ele>146.809</ele><time>2024-09-15T10:05:38Z</time></trkpt><trkpt lat="54.903229" lon="25.603173"><ele>146.850</ele><time>2024-09-15T10:05:39Z</time></trkpt><trkpt lat="54.903519" lon="25.603343"><ele>146.317</ele><time>2024-09-15T10:05:41Z</time></trkpt><trkpt lat="54.903676" lon="25.603428"><ele>146.183</ele><time>2024-09-15T10:05:42Z</time></trkpt><trkpt lat="54.903971" lon="25.603592"><ele>145.768</ele><time>2024-09-15T10:05:44Z</time></trkpt><trkpt lat="54.904239" lon="25.603702"><ele>146.157</ele><time>2024-09-15T10:05:46Z</time></trkpt><trkpt lat="54.904357" lon="25.603743"><ele>146.031</ele><time>2024-09-15T10:05:47Z</time></trkpt><trkpt lat="54.90445" lon="25.603781"><ele>145.939</ele><time>2024-09-15T10:05:48Z</time></trkpt><trkpt lat="54.904557" lon="25.603837"><ele>145.041</ele><time>2024-09-15T10:05:50Z</time></trkpt><trkpt lat="54.904653" lon="25.603901"><ele>145.226</ele><time>2024-09-15T10:05:52Z</time></trkpt><trkpt lat="54.904708" lon="25.603946"><ele>145.254</ele><time>2024-09-15T10:05:53Z</time></trkpt><trkpt lat="54.904888" lon="25.604065"><ele>145.556</ele><time>2024-09-15T10:05:55Z</time></trkpt><trkpt lat="54.905031" lon="25.6041"><ele>145.511</ele><time>2024-09-15T10:05:56Z</time></trkpt><trkpt lat="54.905138" lon="25.604149"><ele>146.009</ele><time>2024-09-15T10:05:57Z</time></trkpt><trkpt lat="54.905256" lon="25.604185"><ele>146.086</ele><time>2024-09-15T10:05:58Z</time></trkpt><trkpt lat="54.905504" lon="25.604342"><ele>147.193</ele><time>2024-09-15T10:06:00Z</time></trkpt><trkpt lat="54.905546" lon="25.604399"><ele>146.899</ele><time>2024-09-15T10:06:01Z</time></trkpt><trkpt lat="54.905579" lon="25.604486"><ele>145.284</ele><time>2024-09-15T10:06:02Z</time></trkpt><trkpt lat="54.905606" lon="25.604601"><ele>145.113</ele><time>2024-09-15T10:06:03Z</time></trkpt><trkpt lat="54.905704" lon="25.604887"><ele>145.067</ele><time>2024-09-15T10:06:05Z</time></trkpt><trkpt lat="54.90573" lon="25.605066"><ele>144.865</ele><time>2024-09-15T10:06:06Z</time></trkpt><trkpt lat="54.90574" lon="25.605272"><ele>144.937</ele><time>2024-09-15T10:06:07Z</time></trkpt><trkpt lat="54.905752" lon="25.60568"><ele>143.262</ele><time>2024-09-15T10:06:09Z</time></trkpt><trkpt lat="54.905685" lon="25.606078"><ele>142.756</ele><time>2024-09-15T10:06:11Z</time></trkpt><trkpt lat="54.905649" lon="25.606268"><ele>142.559</ele><time>2024-09-15T10:06:12Z</time></trkpt><trkpt lat="54.905596" lon="25.606482"><ele>141.214</ele><time>2024-09-15T10:06:13Z</time></trkpt><trkpt lat="54.905531" lon="25.606673"><ele>141.209</ele><time>2024-09-15T10:06:14Z</time></trkpt><trkpt lat="54.905468" lon="25.606851"><ele>141.386</ele><time>2024-09-15T10:06:15Z</time></trkpt><trkpt lat="54.905416" lon="25.607034"><ele>142.073</ele><time>2024-09-15T10:06:16Z</time></trkpt><trkpt lat="54.905387" lon="25.607405"><ele>141.689</ele><time>2024-09-15T10:06:18Z</time></trkpt><trkpt lat="54.905376" lon="25.607608"><ele>141.674</ele><time>2024-09-15T10:06:19Z</time></trkpt><trkpt lat="54.905362" lon="25.607806"><ele>141.593</ele><time>2024-09-15T10:06:20Z</time></trkpt><trkpt lat="54.905315" lon="25.608172"><ele>141.597</ele><time>2024-09-15T10:06:22Z</time></trkpt><trkpt lat="54.905293" lon="25.60836"><ele>141.255</ele><time>2024-09-15T10:06:23Z</time></trkpt><trkpt lat="54.905245" lon="25.60878"><ele>138.997</ele><time>2024-09-15T10:06:25Z</time></trkpt><trkpt lat="54.905216" lon="25.608959"><ele>138.992</ele><time>2024-09-15T10:06:26Z</time></trkpt><trkpt lat="54.905183" lon="25.609096"><ele>140.218</ele><time>2024-09-15T10:06:27Z</time></trkpt><trkpt lat="54.905085" lon="25.60932"><ele>142.598</ele><time>2024-09-15T10:06:29Z</time></trkpt><trkpt lat="54.90502" lon="25.609449"><ele>142.617</ele><time>2024-09-15T10:06:30Z</time></trkpt><trkpt lat="54.904962" lon="25.60956"><ele>143.009</ele><time>2024-09-15T10:06:31Z</time></trkpt><trkpt lat="54.904918" lon="25.609677"><ele>143.632</ele><time>2024-09-15T10:06:32Z</time></trkpt><trkpt lat="54.904843" lon="25.609985"><ele>144.339</ele><time>2024-09-15T10:06:34Z</time></trkpt><trkpt lat="54.90486" lon="25.610181"><ele>145.675</ele><time>2024-09-15T10:06:35Z</time></trkpt><trkpt lat="54.904858" lon="25.610579"><ele>144.350</ele><time>2024-09-15T10:06:37Z</time></trkpt><trkpt lat="54.904816" lon="25.610955"><ele>144.389</ele><time>2024-09-15T10:06:39Z</time></trkpt><trkpt lat="54.904788" lon="25.611122"><ele>144.113</ele><time>2024-09-15T10:06:40Z</time></trkpt><trkpt lat="54.904773" lon="25.611279"><ele>143.651</ele><time>2024-09-15T10:06:41Z</time></trkpt><trkpt lat="54.904775" lon="25.611438"><ele>143.513</ele><time>2024-09-15T10:06:42Z</time></trkpt><trkpt lat="54.904763" lon="25.611604"><ele>143.688</ele><time>2024-09-15T10:06:43Z</time></trkpt><trkpt lat="54.90471" lon="25.612017"><ele>145.631</ele><time>2024-09-15T10:06:45Z</time></trkpt><trkpt lat="54.904677" lon="25.6122"><ele>144.861</ele><time>2024-09-15T10:06:46Z</time></trkpt><trkpt lat="54.904628" lon="25.612397"><ele>144.707</ele><time>2024-09-15T10:06:47Z</time></trkpt><trkpt lat="54.904613" lon="25.612558"><ele>144.709</ele><time>2024-09-15T10:06:48Z</time></trkpt><trkpt lat="54.904607" lon="25.612736"><ele>145.454</ele><time>2024-09-15T10:06:49Z</time></trkpt><trkpt lat="54.904592" lon="25.612878"><ele>145.541</ele><time>2024-09-15T10:06:50Z</time></trkpt><trkpt lat="54.904548" lon="25.613022"><ele>145.517</ele><time>2024-09-15T10:06:51Z</time></trkpt><trkpt lat="54.904526" lon="25.613157"><ele>144.612</ele><time>2024-09-15T10:06:52Z</time></trkpt><trkpt lat="54.904506" lon="25.613303"><ele>144.411</ele><time>2024-09-15T10:06:53Z</time></trkpt><trkpt lat="54.904497" lon="25.613472"><ele>143.725</ele><time>2024-09-15T10:06:54Z</time></trkpt><trkpt lat="54.904489" lon="25.613648"><ele>143.273</ele><time>2024-09-15T10:06:55Z</time></trkpt><trkpt lat="54.904483" lon="25.61401"><ele>143.175</ele><time>2024-09-15T10:06:57Z</time></trkpt><trkpt lat="54.904469" lon="25.614194"><ele>142.680</ele><time>2024-09-15T10:06:58Z</time></trkpt><trkpt lat="54.904415" lon="25.614399"><ele>142.352</ele><time>2024-09-15T10:06:59Z</time></trkpt><trkpt lat="54.904368" lon="25.614594"><ele>142.253</ele><time>2024-09-15T10:07:00Z</time></trkpt><trkpt lat="54.904312" lon="25.614784"><ele>142.008</ele><time>2024-09-15T10:07:01Z</time></trkpt><trkpt lat="54.904246" lon="25.614971"><ele>141.809</ele><time>2024-09-15T10:07:02Z</time></trkpt><trkpt lat="54.904125" lon="25.615349"><ele>141.986</ele><time>2024-09-15T10:07:04Z</time></trkpt><trkpt lat="54.904076" lon="25.615537"><ele>142.143</ele><time>2024-09-15T10:07:05Z</time></trkpt><trkpt lat="54.903996" lon="25.615909"><ele>141.259</ele><time>2024-09-15T10:07:07Z</time></trkpt><trkpt lat="54.903962" lon="25.616114"><ele>141.214</ele><time>2024-09-15T10:07:08Z</time></trkpt><trkpt lat="54.903856" lon="25.616529"><ele>141.023</ele><time>2024-09-15T10:07:10Z</time></trkpt><trkpt lat="54.903799" lon="25.616726"><ele>140.817</ele><time>2024-09-15T10:07:11Z</time></trkpt><trkpt lat="54.903745" lon="25.616937"><ele>140.635</ele><time>2024-09-15T10:07:12Z</time></trkpt><trkpt lat="54.903667" lon="25.617325"><ele>140.787</ele><time>2024-09-15T10:07:14Z</time></trkpt><trkpt lat="54.90361" lon="25.617505"><ele>140.722</ele><time>2024-09-15T10:07:15Z</time></trkpt><trkpt lat="54.9036" lon="25.617701"><ele>140.425</ele><time>2024-09-15T10:07:16Z</time></trkpt><trkpt lat="54.9035" lon="25.618043"><ele>140.826</ele><time>2024-09-15T10:07:18Z</time></trkpt><trkpt lat="54.903461" lon="25.618216"><ele>140.808</ele><time>2024-09-15T10:07:19Z</time></trkpt><trkpt lat="54.903438" lon="25.61834"><ele>140.809</ele><time>2024-09-15T10:07:20Z</time></trkpt><trkpt lat="54.90341" lon="25.618485"><ele>142.513</ele><time>2024-09-15T10:07:21Z</time></trkpt><trkpt lat="54.903358" lon="25.618713"><ele>142.520</ele><time>2024-09-15T10:07:23Z</time></trkpt><trkpt lat="54.903309" lon="25.618831"><ele>142.336</ele><time>2024-09-15T10:07:24Z</time></trkpt><trkpt lat="54.903288" lon="25.618977"><ele>142.391</ele><time>2024-09-15T10:07:25Z</time></trkpt><trkpt lat="54.903242" lon="25.619138"><ele>142.840</ele><time>2024-09-15T10:07:26Z</time></trkpt><trkpt lat="54.903215" lon="25.619438"><ele>145.244</ele><time>2024-09-15T10:07:28Z</time></trkpt><trkpt lat="54.903194" lon="25.619607"><ele>144.162</ele><time>2024-09-15T10:07:29Z</time></trkpt><trkpt lat="54.903143" lon="25.61993"><ele>143.864</ele><time>2024-09-15T10:07:31Z</time></trkpt><trkpt lat="54.903127" lon="25.620075"><ele>143.699</ele><time>2024-09-15T10:07:32Z</time></trkpt><trkpt lat="54.903117" lon="25.620277"><ele>143.659</ele><time>2024-09-15T10:07:33Z</time></trkpt><trkpt lat="54.903058" lon="25.620498"><ele>143.603</ele><time>2024-09-15T10:07:34Z</time></trkpt><trkpt lat="54.903004" lon="25.620698"><ele>143.623</ele><time>2024-09-15T10:07:35Z</time></trkpt><trkpt lat="54.902911" lon="25.621148"><ele>143.309</ele><time>2024-09-15T10:07:37Z</time></trkpt><trkpt lat="54.902852" lon="25.621386"><ele>143.346</ele><time>2024-09-15T10:07:38Z</time></trkpt><trkpt lat="54.902751" lon="25.621813"><ele>143.183</ele><time>2024-09-15T10:07:40Z</time></trkpt><trkpt lat="54.902701" lon="25.621975"><ele>143.179</ele><time>2024-09-15T10:07:41Z</time></trkpt><trkpt lat="54.902659" lon="25.622135"><ele>142.624</ele><time>2024-09-15T10:07:42Z</time></trkpt><trkpt lat="54.902624" lon="25.622311"><ele>142.653</ele><time>2024-09-15T10:07:43Z</time></trkpt><trkpt lat="54.902603" lon="25.622443"><ele>142.687</ele><time>2024-09-15T10:07:44Z</time></trkpt><trkpt lat="54.902593" lon="25.622531"><ele>141.425</ele><time>2024-09-15T10:07:45Z</time></trkpt><trkpt lat="54.90267" lon="25.62268"><ele>140.967</ele><time>2024-09-15T10:07:47Z</time></trkpt><trkpt lat="54.90275" lon="25.622804"><ele>140.652</ele><time>2024-09-15T10:07:48Z</time></trkpt><trkpt lat="54.902955" lon="25.623093"><ele>139.997</ele><time>2024-09-15T10:07:50Z</time></trkpt><trkpt lat="54.903038" lon="25.623198"><ele>139.923</ele><time>2024-09-15T10:07:51Z</time></trkpt><trkpt lat="54.903112" lon="25.623277"><ele>139.825</ele><time>2024-09-15T10:07:52Z</time></trkpt><trkpt lat="54.903317" lon="25.623403"><ele>139.009</ele><time>2024-09-15T10:07:54Z</time></trkpt><trkpt lat="54.903384" lon="25.623461"><ele>136.230</ele><time>2024-09-15T10:07:55Z</time></trkpt><trkpt lat="54.903457" lon="25.623533"><ele>136.057</ele><time>2024-09-15T10:07:56Z</time></trkpt><trkpt lat="54.903542" lon="25.623587"><ele>135.493</ele><time>2024-09-15T10:07:57Z</time></trkpt><trkpt lat="54.903742" lon="25.623697"><ele>135.028</ele><time>2024-09-15T10:07:59Z</time></trkpt><trkpt lat="54.903827" lon="25.623721"><ele>136.317</ele><time>2024-09-15T10:08:00Z</time></trkpt><trkpt lat="54.903875" lon="25.623733"><ele>136.491</ele><time>2024-09-15T10:08:01Z</time></trkpt><trkpt lat="54.903926" lon="25.623774"><ele>136.489</ele><time>2024-09-15T10:08:02Z</time></trkpt><trkpt lat="54.903978" lon="25.62383"><ele>136.341</ele><time>2024-09-15T10:08:03Z</time></trkpt><trkpt lat="54.904093" lon="25.623928"><ele>135.416</ele><time>2024-09-15T10:08:05Z</time></trkpt><trkpt lat="54.904142" lon="25.62398"><ele>135.374</ele><time>2024-09-15T10:08:06Z</time></trkpt><trkpt lat="54.904316" lon="25.62405"><ele>134.856</ele><time>2024-09-15T10:08:08Z</time></trkpt><trkpt lat="54.904356" lon="25.624118"><ele>133.221</ele><time>2024-09-15T10:08:10Z</time></trkpt><trkpt lat="54.90437" lon="25.624275"><ele>133.309</ele><time>2024-09-15T10:08:12Z</time></trkpt><trkpt lat="54.90439" lon="25.624381"><ele>133.628</ele><time>2024-09-15T10:08:13Z</time></trkpt><trkpt lat="54.90441" lon="25.624538"><ele>133.345</ele><time>2024-09-15T10:08:15Z</time></trkpt><trkpt lat="54.904403" lon="25.624742"><ele>131.621</ele><time>2024-09-15T10:08:17Z</time></trkpt><trkpt lat="54.904396" lon="25.624823"><ele>131.046</ele><time>2024-09-15T10:08:18Z</time></trkpt><trkpt lat="54.904392" lon="25.624913"><ele>131.335</ele><time>2024-09-15T10:08:19Z</time></trkpt><trkpt lat="54.904422" lon="25.625105"><ele>132.239</ele><time>2024-09-15T10:08:21Z</time></trkpt><trkpt lat="54.904423" lon="25.625266"><ele>132.877</ele><time>2024-09-15T10:08:23Z</time></trkpt><trkpt lat="54.90444" lon="25.62542"><ele>132.869</ele><time>2024-09-15T10:08:25Z</time></trkpt><trkpt lat="54.904506" lon="25.625545"><ele>132.474</ele><time>2024-09-15T10:08:27Z</time></trkpt><trkpt lat="54.904539" lon="25.625601"><ele>132.444</ele><time>2024-09-15T10:08:28Z</time></trkpt><trkpt lat="54.904606" lon="25.62567"><ele>132.305</ele><time>2024-09-15T10:08:30Z</time></trkpt><trkpt lat="54.904691" lon="25.625738"><ele>131.715</ele><time>2024-09-15T10:08:32Z</time></trkpt><trkpt lat="54.904746" lon="25.62578"><ele>131.409</ele><time>2024-09-15T10:08:34Z</time></trkpt><trkpt lat="54.904831" lon="25.625844"><ele>131.275</ele><time>2024-09-15T10:08:36Z</time></trkpt><trkpt lat="54.904923" lon="25.625937"><ele>131.182</ele><time>2024-09-15T10:08:38Z</time></trkpt><trkpt lat="54.90497" lon="25.625971"><ele>131.178</ele><time>2024-09-15T10:08:39Z</time></trkpt><trkpt lat="54.905052" lon="25.626001"><ele>131.243</ele><time>2024-09-15T10:08:40Z</time></trkpt><trkpt lat="54.905138" lon="25.626003"><ele>131.242</ele><time>2024-09-15T10:08:41Z</time></trkpt><trkpt lat="54.905323" lon="25.626007"><ele>131.726</ele><time>2024-09-15T10:08:43Z</time></trkpt><trkpt lat="54.905416" lon="25.626017"><ele>131.644</ele><time>2024-09-15T10:08:44Z</time></trkpt><trkpt lat="54.905463" lon="25.626052"><ele>131.486</ele><time>2024-09-15T10:08:45Z</time></trkpt><trkpt lat="54.905529" lon="25.626136"><ele>131.661</ele><time>2024-09-15T10:08:46Z</time></trkpt><trkpt lat="54.905595" lon="25.626312"><ele>131.071</ele><time>2024-09-15T10:08:48Z</time></trkpt><trkpt lat="54.905608" lon="25.626398"><ele>130.741</ele><time>2024-09-15T10:08:49Z</time></trkpt><trkpt lat="54.905602" lon="25.626558"><ele>130.315</ele><time>2024-09-15T10:08:50Z</time></trkpt><trkpt lat="54.905598" lon="25.626701"><ele>128.909</ele><time>2024-09-15T10:08:51Z</time></trkpt><trkpt lat="54.905603" lon="25.626829"><ele>128.428</ele><time>2024-09-15T10:08:52Z</time></trkpt><trkpt lat="54.905616" lon="25.627016"><ele>128.015</ele><time>2024-09-15T10:08:54Z</time></trkpt><trkpt lat="54.905617" lon="25.627097"><ele>128.291</ele><time>2024-09-15T10:08:55Z</time></trkpt><trkpt lat="54.905632" lon="25.627283"><ele>128.816</ele><time>2024-09-15T10:08:57Z</time></trkpt><trkpt lat="54.905663" lon="25.627387"><ele>128.745</ele><time>2024-09-15T10:08:58Z</time></trkpt><trkpt lat="54.905679" lon="25.627486"><ele>128.739</ele><time>2024-09-15T10:08:59Z</time></trkpt><trkpt lat="54.905691" lon="25.627687"><ele>128.517</ele><time>2024-09-15T10:09:01Z</time></trkpt><trkpt lat="54.905701" lon="25.627798"><ele>128.199</ele><time>2024-09-15T10:09:02Z</time></trkpt><trkpt lat="54.905678" lon="25.627899"><ele>127.534</ele><time>2024-09-15T10:09:03Z</time></trkpt><trkpt lat="54.905669" lon="25.62802"><ele>126.218</ele><time>2024-09-15T10:09:04Z</time></trkpt><trkpt lat="54.905679" lon="25.628146"><ele>126.298</ele><time>2024-09-15T10:09:05Z</time></trkpt><trkpt lat="54.905691" lon="25.628251"><ele>126.717</ele><time>2024-09-15T10:09:06Z</time></trkpt><trkpt lat="54.905725" lon="25.628485"><ele>128.909</ele><time>2024-09-15T10:09:08Z</time></trkpt><trkpt lat="54.905781" lon="25.628746"><ele>129.312</ele><time>2024-09-15T10:09:10Z</time></trkpt><trkpt lat="54.905854" lon="25.629009"><ele>127.159</ele><time>2024-09-15T10:09:12Z</time></trkpt><trkpt lat="54.905916" lon="25.629224"><ele>126.655</ele><time>2024-09-15T10:09:14Z</time></trkpt><trkpt lat="54.905974" lon="25.629458"><ele>127.050</ele><time>2024-09-15T10:09:16Z</time></trkpt><trkpt lat="54.90601" lon="25.629579"><ele>126.929</ele><time>2024-09-15T10:09:18Z</time></trkpt><trkpt lat="54.906053" lon="25.629646"><ele>127.193</ele><time>2024-09-15T10:09:20Z</time></trkpt><trkpt lat="54.906115" lon="25.629704"><ele>126.991</ele><time>2024-09-15T10:09:22Z</time></trkpt><trkpt lat="54.906158" lon="25.629746"><ele>127.173</ele><time>2024-09-15T10:09:24Z</time></trkpt><trkpt lat="54.906208" lon="25.629825"><ele>127.358</ele><time>2024-09-15T10:09:26Z</time></trkpt><trkpt lat="54.906257" lon="25.629824"><ele>127.342</ele><time>2024-09-15T10:09:28Z</time></trkpt><trkpt lat="54.906308" lon="25.629831"><ele>125.522</ele><time>2024-09-15T10:17:11Z</time></trkpt><trkpt lat="54.906362" lon="25.629849"><ele>125.514</ele><time>2024-09-15T10:17:16Z</time></trkpt><trkpt lat="54.906407" lon="25.629874"><ele>125.509</ele><time>2024-09-15T10:17:18Z</time></trkpt><trkpt lat="54.906465" lon="25.629891"><ele>125.475</ele><time>2024-09-15T10:17:21Z</time></trkpt><trkpt lat="54.906517" lon="25.629853"><ele>124.552</ele><time>2024-09-15T10:17:24Z</time></trkpt><trkpt lat="54.90657" lon="25.629831"><ele>123.648</ele><time>2024-09-15T10:17:27Z</time></trkpt><trkpt lat="54.906617" lon="25.629795"><ele>123.553</ele><time>2024-09-15T10:17:30Z</time></trkpt><trkpt lat="54.906668" lon="25.629764"><ele>123.672</ele><time>2024-09-15T10:17:33Z</time></trkpt><trkpt lat="54.906715" lon="25.629699"><ele>123.786</ele><time>2024-09-15T10:17:37Z</time></trkpt><trkpt lat="54.906751" lon="25.629651"><ele>124.014</ele><time>2024-09-15T10:17:50Z</time></trkpt><trkpt lat="54.906797" lon="25.629609"><ele>124.156</ele><time>2024-09-15T10:17:55Z</time></trkpt><trkpt lat="54.90684" lon="25.62958"><ele>124.681</ele><time>2024-09-15T10:17:59Z</time></trkpt><trkpt lat="54.906892" lon="25.629587"><ele>124.751</ele><time>2024-09-15T10:18:02Z</time></trkpt><trkpt lat="54.906944" lon="25.629588"><ele>125.201</ele><time>2024-09-15T10:18:10Z</time></trkpt><trkpt lat="54.906899" lon="25.629626"><ele>123.811</ele><time>2024-09-15T10:19:26Z</time></trkpt><trkpt lat="54.906853" lon="25.629652"><ele>123.609</ele><time>2024-09-15T10:19:31Z</time></trkpt><trkpt lat="54.906896" lon="25.629617"><ele>123.956</ele><time>2024-09-15T10:20:05Z</time></trkpt><trkpt lat="54.906942" lon="25.629609"><ele>124.463</ele><time>2024-09-15T10:20:09Z</time></trkpt><trkpt lat="54.90699" lon="25.629572"><ele>124.429</ele><time>2024-09-15T10:20:13Z</time></trkpt><trkpt lat="54.907055" lon="25.629544"><ele>126.274</ele><time>2024-09-15T10:20:49Z</time></trkpt><trkpt lat="54.907102" lon="25.629526"><ele>127.353</ele><time>2024-09-15T10:20:50Z</time></trkpt><trkpt lat="54.907161" lon="25.629516"><ele>127.517</ele><time>2024-09-15T10:20:51Z</time></trkpt><trkpt lat="54.907233" lon="25.629519"><ele>127.545</ele><time>2024-09-15T10:20:52Z</time></trkpt><trkpt lat="54.907394" lon="25.629558"><ele>128.267</ele><time>2024-09-15T10:20:54Z</time></trkpt><trkpt lat="54.907465" lon="25.629621"><ele>128.522</ele><time>2024-09-15T10:20:55Z</time></trkpt><trkpt lat="54.90753" lon="25.629711"><ele>128.577</ele><time>2024-09-15T10:20:56Z</time></trkpt><trkpt lat="54.907591" lon="25.629835"><ele>128.561</ele><time>2024-09-15T10:20:57Z</time></trkpt><trkpt lat="54.907736" lon="25.630056"><ele>128.327</ele><time>2024-09-15T10:20:59Z</time></trkpt><trkpt lat="54.907807" lon="25.630172"><ele>128.309</ele><time>2024-09-15T10:21:00Z</time></trkpt><trkpt lat="54.907929" lon="25.630439"><ele>128.568</ele><time>2024-09-15T10:21:02Z</time></trkpt><trkpt lat="54.907997" lon="25.630573"><ele>128.325</ele><time>2024-09-15T10:21:03Z</time></trkpt><trkpt lat="54.908116" lon="25.630832"><ele>127.871</ele><time>2024-09-15T10:21:05Z</time></trkpt><trkpt lat="54.908184" lon="25.630939"><ele>127.816</ele><time>2024-09-15T10:21:06Z</time></trkpt><trkpt lat="54.908257" lon="25.631059"><ele>127.795</ele><time>2024-09-15T10:21:07Z</time></trkpt><trkpt lat="54.90833" lon="25.631179"><ele>127.429</ele><time>2024-09-15T10:21:08Z</time></trkpt><trkpt lat="54.908478" lon="25.631312"><ele>126.697</ele><time>2024-09-15T10:21:10Z</time></trkpt><trkpt lat="54.908541" lon="25.631396"><ele>126.539</ele><time>2024-09-15T10:21:11Z</time></trkpt><trkpt lat="54.9086" lon="25.631498"><ele>126.274</ele><time>2024-09-15T10:21:12Z</time></trkpt><trkpt lat="54.908702" lon="25.631793"><ele>125.723</ele><time>2024-09-15T10:21:14Z</time></trkpt><trkpt lat="54.90877" lon="25.631949"><ele>125.983</ele><time>2024-09-15T10:21:16Z</time></trkpt><trkpt lat="54.908818" lon="25.631889"><ele>125.911</ele><time>2024-09-15T10:21:18Z</time></trkpt><trkpt lat="54.908843" lon="25.631783"><ele>126.009</ele><time>2024-09-15T10:21:20Z</time></trkpt><trkpt lat="54.90882" lon="25.631705"><ele>126.373</ele><time>2024-09-15T10:21:23Z</time></trkpt><trkpt lat="54.908798" lon="25.63162"><ele>127.080</ele><time>2024-09-15T10:21:30Z</time></trkpt><trkpt lat="54.908793" lon="25.631516"><ele>127.236</ele><time>2024-09-15T10:21:32Z</time></trkpt><trkpt lat="54.908797" lon="25.631424"><ele>127.381</ele><time>2024-09-15T10:21:33Z</time></trkpt><trkpt lat="54.90881" lon="25.631172"><ele>127.540</ele><time>2024-09-15T10:21:35Z</time></trkpt><trkpt lat="54.908825" lon="25.630896"><ele>127.794</ele><time>2024-09-15T10:21:37Z</time></trkpt><trkpt lat="54.90891" lon="25.630838"><ele>129.462</ele><time>2024-09-15T10:21:39Z</time></trkpt><trkpt lat="54.908957" lon="25.630845"><ele>129.464</ele><time>2024-09-15T10:21:40Z</time></trkpt><trkpt lat="54.909151" lon="25.630834"><ele>128.379</ele><time>2024-09-15T10:21:42Z</time></trkpt><trkpt lat="54.909223" lon="25.630817"><ele>128.317</ele><time>2024-09-15T10:21:43Z</time></trkpt><trkpt lat="54.909356" lon="25.630814"><ele>129.787</ele><time>2024-09-15T10:21:45Z</time></trkpt><trkpt lat="54.90942" lon="25.630815"><ele>129.715</ele><time>2024-09-15T10:21:46Z</time></trkpt><trkpt lat="54.909487" lon="25.630809"><ele>129.709</ele><time>2024-09-15T10:21:47Z</time></trkpt><trkpt lat="54.90955" lon="25.630789"><ele>129.512</ele><time>2024-09-15T10:21:49Z</time></trkpt><trkpt lat="54.909596" lon="25.630769"><ele>129.559</ele><time>2024-09-15T10:21:50Z</time></trkpt><trkpt lat="54.909671" lon="25.630769"><ele>129.575</ele><time>2024-09-15T10:21:52Z</time></trkpt><trkpt lat="54.909727" lon="25.630757"><ele>129.570</ele><time>2024-09-15T10:21:53Z</time></trkpt><trkpt lat="54.909912" lon="25.630814"><ele>129.559</ele><time>2024-09-15T10:21:55Z</time></trkpt><trkpt lat="54.910163" lon="25.630808"><ele>131.923</ele><time>2024-09-15T10:21:57Z</time></trkpt><trkpt lat="54.910275" lon="25.630827"><ele>133.981</ele><time>2024-09-15T10:21:58Z</time></trkpt><trkpt lat="54.910395" lon="25.630831"><ele>134.183</ele><time>2024-09-15T10:21:59Z</time></trkpt><trkpt lat="54.910515" lon="25.630818"><ele>134.898</ele><time>2024-09-15T10:22:00Z</time></trkpt><trkpt lat="54.91065" lon="25.630818"><ele>135.691</ele><time>2024-09-15T10:22:01Z</time></trkpt><trkpt lat="54.910937" lon="25.630826"><ele>133.781</ele><time>2024-09-15T10:22:03Z</time></trkpt><trkpt lat="54.911062" lon="25.630839"><ele>133.919</ele><time>2024-09-15T10:22:04Z</time></trkpt><trkpt lat="54.911265" lon="25.630859"><ele>136.409</ele><time>2024-09-15T10:22:06Z</time></trkpt><trkpt lat="54.911336" lon="25.630875"><ele>137.610</ele><time>2024-09-15T10:22:07Z</time></trkpt><trkpt lat="54.91142" lon="25.630883"><ele>139.147</ele><time>2024-09-15T10:22:09Z</time></trkpt><trkpt lat="54.911475" lon="25.630877"><ele>139.643</ele><time>2024-09-15T10:22:10Z</time></trkpt><trkpt lat="54.911545" lon="25.630886"><ele>139.868</ele><time>2024-09-15T10:22:11Z</time></trkpt><trkpt lat="54.911713" lon="25.630912"><ele>139.947</ele><time>2024-09-15T10:22:13Z</time></trkpt><trkpt lat="54.911798" lon="25.630908"><ele>139.981</ele><time>2024-09-15T10:22:14Z</time></trkpt><trkpt lat="54.91188" lon="25.630908"><ele>140.229</ele><time>2024-09-15T10:22:15Z</time></trkpt><trkpt lat="54.911977" lon="25.630908"><ele>140.831</ele><time>2024-09-15T10:22:16Z</time></trkpt><trkpt lat="54.912215" lon="25.630915"><ele>141.656</ele><time>2024-09-15T10:22:18Z</time></trkpt><trkpt lat="54.91235" lon="25.630917"><ele>141.657</ele><time>2024-09-15T10:22:19Z</time></trkpt><trkpt lat="54.912637" lon="25.630938"><ele>141.700</ele><time>2024-09-15T10:22:21Z</time></trkpt><trkpt lat="54.9128" lon="25.630956"><ele>141.620</ele><time>2024-09-15T10:22:22Z</time></trkpt><trkpt lat="54.912967" lon="25.630955"><ele>141.109</ele><time>2024-09-15T10:22:23Z</time></trkpt><trkpt lat="54.913282" lon="25.630969"><ele>141.766</ele><time>2024-09-15T10:22:25Z</time></trkpt><trkpt lat="54.913428" lon="25.630987"><ele>141.963</ele><time>2024-09-15T10:22:26Z</time></trkpt><trkpt lat="54.91355" lon="25.630993"><ele>141.589</ele><time>2024-09-15T10:22:27Z</time></trkpt><trkpt lat="54.913788" lon="25.630997"><ele>141.534</ele><time>2024-09-15T10:22:29Z</time></trkpt><trkpt lat="54.913901" lon="25.630997"><ele>142.983</ele><time>2024-09-15T10:22:30Z</time></trkpt><trkpt lat="54.914172" lon="25.631011"><ele>143.837</ele><time>2024-09-15T10:22:32Z</time></trkpt><trkpt lat="54.914314" lon="25.631015"><ele>144.535</ele><time>2024-09-15T10:22:33Z</time></trkpt><trkpt lat="54.914617" lon="25.631035"><ele>146.247</ele><time>2024-09-15T10:22:35Z</time></trkpt><trkpt lat="54.914725" lon="25.631028"><ele>147.512</ele><time>2024-09-15T10:22:36Z</time></trkpt><trkpt lat="54.914828" lon="25.631047"><ele>147.938</ele><time>2024-09-15T10:22:37Z</time></trkpt><trkpt lat="54.915035" lon="25.631046"><ele>148.270</ele><time>2024-09-15T10:22:39Z</time></trkpt><trkpt lat="54.915116" lon="25.631056"><ele>148.017</ele><time>2024-09-15T10:22:40Z</time></trkpt><trkpt lat="54.915264" lon="25.631044"><ele>147.409</ele><time>2024-09-15T10:22:42Z</time></trkpt><trkpt lat="54.915334" lon="25.631072"><ele>147.234</ele><time>2024-09-15T10:22:43Z</time></trkpt><trkpt lat="54.915407" lon="25.63108"><ele>147.231</ele><time>2024-09-15T10:22:44Z</time></trkpt><trkpt lat="54.915605" lon="25.631078"><ele>146.337</ele><time>2024-09-15T10:22:46Z</time></trkpt><trkpt lat="54.915714" lon="25.631077"><ele>146.432</ele><time>2024-09-15T10:22:47Z</time></trkpt><trkpt lat="54.916004" lon="25.63111"><ele>147.581</ele><time>2024-09-15T10:22:49Z</time></trkpt><trkpt lat="54.916333" lon="25.631121"><ele>147.895</ele><time>2024-09-15T10:22:51Z</time></trkpt><trkpt lat="54.916495" lon="25.63113"><ele>147.873</ele><time>2024-09-15T10:22:52Z</time></trkpt><trkpt lat="54.916653" lon="25.631147"><ele>147.525</ele><time>2024-09-15T10:22:53Z</time></trkpt><trkpt lat="54.916802" lon="25.63117"><ele>146.850</ele><time>2024-09-15T10:22:54Z</time></trkpt><trkpt lat="54.917071" lon="25.631189"><ele>144.254</ele><time>2024-09-15T10:22:56Z</time></trkpt><trkpt lat="54.917196" lon="25.63119"><ele>143.656</ele><time>2024-09-15T10:22:57Z</time></trkpt><trkpt lat="54.91732" lon="25.631199"><ele>142.611</ele><time>2024-09-15T10:22:58Z</time></trkpt><trkpt lat="54.91753" lon="25.631253"><ele>142.009</ele><time>2024-09-15T10:23:00Z</time></trkpt><trkpt lat="54.917599" lon="25.631259"><ele>142.296</ele><time>2024-09-15T10:23:01Z</time></trkpt><trkpt lat="54.917647" lon="25.631257"><ele>142.473</ele><time>2024-09-15T10:23:04Z</time></trkpt><trkpt lat="54.917739" lon="25.631241"><ele>142.379</ele><time>2024-09-15T10:23:06Z</time></trkpt><trkpt lat="54.917814" lon="25.631246"><ele>142.444</ele><time>2024-09-15T10:23:07Z</time></trkpt><trkpt lat="54.917897" lon="25.631252"><ele>142.423</ele><time>2024-09-15T10:23:08Z</time></trkpt><trkpt lat="54.9181" lon="25.631252"><ele>142.547</ele><time>2024-09-15T10:23:10Z</time></trkpt><trkpt lat="54.918338" lon="25.631267"><ele>143.615</ele><time>2024-09-15T10:23:12Z</time></trkpt><trkpt lat="54.918446" lon="25.631276"><ele>143.537</ele><time>2024-09-15T10:23:13Z</time></trkpt><trkpt lat="54.918592" lon="25.631253"><ele>143.582</ele><time>2024-09-15T10:23:15Z</time></trkpt><trkpt lat="54.918676" lon="25.631246"><ele>143.457</ele><time>2024-09-15T10:23:16Z</time></trkpt><trkpt lat="54.918845" lon="25.631219"><ele>142.500</ele><time>2024-09-15T10:23:18Z</time></trkpt><trkpt lat="54.918971" lon="25.631265"><ele>142.020</ele><time>2024-09-15T10:23:19Z</time></trkpt><trkpt lat="54.919264" lon="25.631273"><ele>140.209</ele><time>2024-09-15T10:23:21Z</time></trkpt><trkpt lat="54.919425" lon="25.631307"><ele>140.996</ele><time>2024-09-15T10:23:23Z</time></trkpt><trkpt lat="54.91949" lon="25.63131"><ele>141.733</ele><time>2024-09-15T10:23:24Z</time></trkpt><trkpt lat="54.919659" lon="25.631349"><ele>141.859</ele><time>2024-09-15T10:23:26Z</time></trkpt><trkpt lat="54.919872" lon="25.631364"><ele>141.724</ele><time>2024-09-15T10:23:28Z</time></trkpt><trkpt lat="54.919969" lon="25.631369"><ele>141.773</ele><time>2024-09-15T10:23:29Z</time></trkpt><trkpt lat="54.920167" lon="25.631383"><ele>142.717</ele><time>2024-09-15T10:23:31Z</time></trkpt><trkpt lat="54.920362" lon="25.631403"><ele>142.485</ele><time>2024-09-15T10:23:33Z</time></trkpt><trkpt lat="54.92059" lon="25.631419"><ele>141.687</ele><time>2024-09-15T10:23:35Z</time></trkpt><trkpt lat="54.920868" lon="25.631429"><ele>141.622</ele><time>2024-09-15T10:23:37Z</time></trkpt><trkpt lat="54.921206" lon="25.631447"><ele>140.735</ele><time>2024-09-15T10:23:39Z</time></trkpt><trkpt lat="54.921376" lon="25.631447"><ele>140.286</ele><time>2024-09-15T10:23:40Z</time></trkpt><trkpt lat="54.921673" lon="25.63148"><ele>140.014</ele><time>2024-09-15T10:23:42Z</time></trkpt><trkpt lat="54.921866" lon="25.63148"><ele>140.009</ele><time>2024-09-15T10:23:44Z</time></trkpt><trkpt lat="54.921936" lon="25.631503"><ele>140.554</ele><time>2024-09-15T10:23:45Z</time></trkpt><trkpt lat="54.922117" lon="25.631518"><ele>141.141</ele><time>2024-09-15T10:23:47Z</time></trkpt><trkpt lat="54.922348" lon="25.631537"><ele>142.527</ele><time>2024-09-15T10:23:49Z</time></trkpt><trkpt lat="54.922454" lon="25.631557"><ele>142.862</ele><time>2024-09-15T10:23:50Z</time></trkpt><trkpt lat="54.922635" lon="25.63157"><ele>143.721</ele><time>2024-09-15T10:23:52Z</time></trkpt><trkpt lat="54.922733" lon="25.631575"><ele>143.955</ele><time>2024-09-15T10:23:53Z</time></trkpt><trkpt lat="54.922817" lon="25.631578"><ele>144.243</ele><time>2024-09-15T10:23:54Z</time></trkpt><trkpt lat="54.922898" lon="25.63159"><ele>143.975</ele><time>2024-09-15T10:23:55Z</time></trkpt><trkpt lat="54.923059" lon="25.631594"><ele>143.350</ele><time>2024-09-15T10:23:57Z</time></trkpt><trkpt lat="54.923194" lon="25.63161"><ele>142.833</ele><time>2024-09-15T10:23:58Z</time></trkpt><trkpt lat="54.923416" lon="25.631617"><ele>142.823</ele><time>2024-09-15T10:24:00Z</time></trkpt><trkpt lat="54.923572" lon="25.631637"><ele>143.515</ele><time>2024-09-15T10:24:02Z</time></trkpt><trkpt lat="54.923728" lon="25.631646"><ele>143.209</ele><time>2024-09-15T10:24:04Z</time></trkpt><trkpt lat="54.92391" lon="25.631661"><ele>142.954</ele><time>2024-09-15T10:24:06Z</time></trkpt><trkpt lat="54.924032" lon="25.631659"><ele>142.641</ele><time>2024-09-15T10:24:07Z</time></trkpt><trkpt lat="54.924255" lon="25.631699"><ele>141.587</ele><time>2024-09-15T10:24:09Z</time></trkpt><trkpt lat="54.924352" lon="25.631702"><ele>141.522</ele><time>2024-09-15T10:24:10Z</time></trkpt><trkpt lat="54.924554" lon="25.631729"><ele>143.141</ele><time>2024-09-15T10:24:12Z</time></trkpt><trkpt lat="54.924745" lon="25.631743"><ele>143.195</ele><time>2024-09-15T10:24:14Z</time></trkpt><trkpt lat="54.924884" lon="25.631741"><ele>143.483</ele><time>2024-09-15T10:24:16Z</time></trkpt><trkpt lat="54.924955" lon="25.631731"><ele>145.135</ele><time>2024-09-15T10:24:17Z</time></trkpt><trkpt lat="54.925043" lon="25.63175"><ele>145.970</ele><time>2024-09-15T10:24:18Z</time></trkpt><trkpt lat="54.925231" lon="25.631756"><ele>144.964</ele><time>2024-09-15T10:24:20Z</time></trkpt><trkpt lat="54.925445" lon="25.631759"><ele>142.406</ele><time>2024-09-15T10:24:22Z</time></trkpt><trkpt lat="54.925555" lon="25.631778"><ele>141.616</ele><time>2024-09-15T10:24:23Z</time></trkpt><trkpt lat="54.925767" lon="25.631804"><ele>141.409</ele><time>2024-09-15T10:24:25Z</time></trkpt><trkpt lat="54.925978" lon="25.631825"><ele>141.787</ele><time>2024-09-15T10:24:27Z</time></trkpt><trkpt lat="54.926087" lon="25.631824"><ele>141.914</ele><time>2024-09-15T10:24:28Z</time></trkpt><trkpt lat="54.926246" lon="25.631836"><ele>141.970</ele><time>2024-09-15T10:24:30Z</time></trkpt><trkpt lat="54.926333" lon="25.63185"><ele>142.665</ele><time>2024-09-15T10:24:31Z</time></trkpt><trkpt lat="54.926506" lon="25.631836"><ele>143.374</ele><time>2024-09-15T10:24:33Z</time></trkpt><trkpt lat="54.926631" lon="25.631909"><ele>144.398</ele><time>2024-09-15T10:24:35Z</time></trkpt><trkpt lat="54.926731" lon="25.632103"><ele>145.326</ele><time>2024-09-15T10:24:37Z</time></trkpt><trkpt lat="54.926802" lon="25.632178"><ele>145.398</ele><time>2024-09-15T10:24:38Z</time></trkpt><trkpt lat="54.926858" lon="25.632263"><ele>145.443</ele><time>2024-09-15T10:24:39Z</time></trkpt><trkpt lat="54.926992" lon="25.632424"><ele>145.518</ele><time>2024-09-15T10:24:41Z</time></trkpt><trkpt lat="54.927057" lon="25.632513"><ele>145.998</ele><time>2024-09-15T10:24:42Z</time></trkpt><trkpt lat="54.927194" lon="25.632723"><ele>145.917</ele><time>2024-09-15T10:24:44Z</time></trkpt><trkpt lat="54.927349" lon="25.632916"><ele>146.609</ele><time>2024-09-15T10:24:46Z</time></trkpt><trkpt lat="54.927505" lon="25.633051"><ele>146.562</ele><time>2024-09-15T10:24:48Z</time></trkpt><trkpt lat="54.927571" lon="25.633105"><ele>146.519</ele><time>2024-09-15T10:24:49Z</time></trkpt><trkpt lat="54.927649" lon="25.633203"><ele>146.945</ele><time>2024-09-15T10:24:50Z</time></trkpt><trkpt lat="54.927717" lon="25.633274"><ele>147.110</ele><time>2024-09-15T10:24:51Z</time></trkpt><trkpt lat="54.927848" lon="25.63345"><ele>146.539</ele><time>2024-09-15T10:24:53Z</time></trkpt><trkpt lat="54.927911" lon="25.633537"><ele>146.353</ele><time>2024-09-15T10:24:54Z</time></trkpt><trkpt lat="54.928057" lon="25.633687"><ele>146.731</ele><time>2024-09-15T10:24:56Z</time></trkpt><trkpt lat="54.928134" lon="25.633743"><ele>147.053</ele><time>2024-09-15T10:24:57Z</time></trkpt><trkpt lat="54.92829" lon="25.633897"><ele>148.068</ele><time>2024-09-15T10:24:59Z</time></trkpt><trkpt lat="54.928438" lon="25.634044"><ele>147.565</ele><time>2024-09-15T10:25:01Z</time></trkpt><trkpt lat="54.928497" lon="25.634116"><ele>147.168</ele><time>2024-09-15T10:25:02Z</time></trkpt><trkpt lat="54.92856" lon="25.634179"><ele>146.914</ele><time>2024-09-15T10:25:03Z</time></trkpt><trkpt lat="54.928642" lon="25.634293"><ele>145.709</ele><time>2024-09-15T10:25:05Z</time></trkpt><trkpt lat="54.928735" lon="25.634379"><ele>145.427</ele><time>2024-09-15T10:25:07Z</time></trkpt><trkpt lat="54.928802" lon="25.634408"><ele>144.574</ele><time>2024-09-15T10:25:09Z</time></trkpt><trkpt lat="54.928885" lon="25.634474"><ele>143.230</ele><time>2024-09-15T10:25:11Z</time></trkpt><trkpt lat="54.928931" lon="25.634517"><ele>143.155</ele><time>2024-09-15T10:25:12Z</time></trkpt><trkpt lat="54.929021" lon="25.634577"><ele>142.294</ele><time>2024-09-15T10:25:14Z</time></trkpt><trkpt lat="54.929096" lon="25.634611"><ele>140.818</ele><time>2024-09-15T10:25:16Z</time></trkpt><trkpt lat="54.929171" lon="25.634667"><ele>139.176</ele><time>2024-09-15T10:25:18Z</time></trkpt><trkpt lat="54.929244" lon="25.634719"><ele>138.498</ele><time>2024-09-15T10:25:20Z</time></trkpt><trkpt lat="54.929312" lon="25.634743"><ele>137.353</ele><time>2024-09-15T10:25:22Z</time></trkpt><trkpt lat="54.929365" lon="25.634665"><ele>135.026</ele><time>2024-09-15T10:25:25Z</time></trkpt><trkpt lat="54.929414" lon="25.634638"><ele>134.647</ele><time>2024-09-15T10:25:27Z</time></trkpt><trkpt lat="54.929483" lon="25.634659"><ele>133.611</ele><time>2024-09-15T10:25:29Z</time></trkpt><trkpt lat="54.929534" lon="25.634665"><ele>133.109</ele><time>2024-09-15T10:25:31Z</time></trkpt><trkpt lat="54.929605" lon="25.634652"><ele>131.543</ele><time>2024-09-15T10:25:36Z</time></trkpt><trkpt lat="54.929757" lon="25.63476"><ele>130.360</ele><time>2024-09-15T10:25:38Z</time></trkpt><trkpt lat="54.929879" lon="25.634847"><ele>130.016</ele><time>2024-09-15T10:25:39Z</time></trkpt><trkpt lat="54.929983" lon="25.634921"><ele>129.211</ele><time>2024-09-15T10:25:40Z</time></trkpt><trkpt lat="54.930104" lon="25.634972"><ele>128.530</ele><time>2024-09-15T10:25:42Z</time></trkpt><trkpt lat="54.930147" lon="25.634918"><ele>128.524</ele><time>2024-09-15T10:25:44Z</time></trkpt><trkpt lat="54.930152" lon="25.634837"><ele>128.432</ele><time>2024-09-15T10:25:46Z</time></trkpt><trkpt lat="54.930167" lon="25.634721"><ele>128.374</ele><time>2024-09-15T10:25:48Z</time></trkpt><trkpt lat="54.930172" lon="25.634601"><ele>128.129</ele><time>2024-09-15T10:25:50Z</time></trkpt><trkpt lat="54.930133" lon="25.634474"><ele>126.876</ele><time>2024-09-15T10:25:54Z</time></trkpt><trkpt lat="54.93015" lon="25.634333"><ele>126.690</ele><time>2024-09-15T10:25:56Z</time></trkpt><trkpt lat="54.930124" lon="25.634229"><ele>126.319</ele><time>2024-09-15T10:25:58Z</time></trkpt><trkpt lat="54.930103" lon="25.634154"><ele>126.009</ele><time>2024-09-15T10:25:59Z</time></trkpt><trkpt lat="54.930052" lon="25.63401"><ele>124.888</ele><time>2024-09-15T10:26:01Z</time></trkpt><trkpt lat="54.930013" lon="25.633834"><ele>124.845</ele><time>2024-09-15T10:26:03Z</time></trkpt><trkpt lat="54.929994" lon="25.633751"><ele>124.891</ele><time>2024-09-15T10:26:04Z</time></trkpt><trkpt lat="54.929969" lon="25.633616"><ele>125.686</ele><time>2024-09-15T10:26:06Z</time></trkpt><trkpt lat="54.929972" lon="25.633524"><ele>126.175</ele><time>2024-09-15T10:26:07Z</time></trkpt><trkpt lat="54.929945" lon="25.633409"><ele>126.169</ele><time>2024-09-15T10:26:09Z</time></trkpt><trkpt lat="54.929969" lon="25.633479"><ele>128.217</ele><time>2024-09-15T10:26:39Z</time></trkpt><trkpt lat="54.929982" lon="25.633635"><ele>128.379</ele><time>2024-09-15T10:26:41Z</time></trkpt><trkpt lat="54.930001" lon="25.633723"><ele>128.624</ele><time>2024-09-15T10:26:42Z</time></trkpt><trkpt lat="54.930023" lon="25.633806"><ele>128.851</ele><time>2024-09-15T10:26:43Z</time></trkpt><trkpt lat="54.93005" lon="25.6339"><ele>128.601</ele><time>2024-09-15T10:26:44Z</time></trkpt><trkpt lat="54.93007" lon="25.633997"><ele>128.411</ele><time>2024-09-15T10:26:45Z</time></trkpt><trkpt lat="54.930096" lon="25.63407"><ele>127.809</ele><time>2024-09-15T10:26:46Z</time></trkpt><trkpt lat="54.930132" lon="25.634184"><ele>127.356</ele><time>2024-09-15T10:26:48Z</time></trkpt><trkpt lat="54.930155" lon="25.634274"><ele>127.243</ele><time>2024-09-15T10:26:49Z</time></trkpt><trkpt lat="54.930156" lon="25.634389"><ele>127.029</ele><time>2024-09-15T10:26:51Z</time></trkpt><trkpt lat="54.93015" lon="25.63451"><ele>127.054</ele><time>2024-09-15T10:26:53Z</time></trkpt><trkpt lat="54.930182" lon="25.634609"><ele>126.853</ele><time>2024-09-15T10:26:55Z</time></trkpt><trkpt lat="54.930238" lon="25.634638"><ele>127.087</ele><time>2024-09-15T10:26:58Z</time></trkpt><trkpt lat="54.930299" lon="25.634585"><ele>126.855</ele><time>2024-09-15T10:27:00Z</time></trkpt><trkpt lat="54.93033" lon="25.634521"><ele>126.757</ele><time>2024-09-15T10:27:01Z</time></trkpt><trkpt lat="54.930412" lon="25.63444"><ele>126.412</ele><time>2024-09-15T10:27:03Z</time></trkpt><trkpt lat="54.930504" lon="25.634393"><ele>125.777</ele><time>2024-09-15T10:27:05Z</time></trkpt><trkpt lat="54.930553" lon="25.634385"><ele>125.761</ele><time>2024-09-15T10:27:06Z</time></trkpt><trkpt lat="54.930594" lon="25.634324"><ele>125.327</ele><time>2024-09-15T10:27:08Z</time></trkpt><trkpt lat="54.930584" lon="25.634204"><ele>125.109</ele><time>2024-09-15T10:27:10Z</time></trkpt><trkpt lat="54.930546" lon="25.634123"><ele>124.518</ele><time>2024-09-15T10:27:11Z</time></trkpt><trkpt lat="54.930515" lon="25.634017"><ele>123.965</ele><time>2024-09-15T10:27:12Z</time></trkpt><trkpt lat="54.930483" lon="25.633915"><ele>123.911</ele><time>2024-09-15T10:27:13Z</time></trkpt><trkpt lat="54.930452" lon="25.633814"><ele>123.926</ele><time>2024-09-15T10:27:14Z</time></trkpt><trkpt lat="54.93042" lon="25.633721"><ele>124.385</ele><time>2024-09-15T10:27:15Z</time></trkpt><trkpt lat="54.930393" lon="25.633643"><ele>126.229</ele><time>2024-09-15T10:27:16Z</time></trkpt><trkpt lat="54.93046" lon="25.633534"><ele>126.427</ele><time>2024-09-15T10:27:17Z</time></trkpt><trkpt lat="54.930501" lon="25.633395"><ele>128.249</ele><time>2024-09-15T10:27:19Z</time></trkpt><trkpt lat="54.930506" lon="25.633297"><ele>129.734</ele><time>2024-09-15T10:27:20Z</time></trkpt><trkpt lat="54.930518" lon="25.633186"><ele>130.587</ele><time>2024-09-15T10:27:21Z</time></trkpt><trkpt lat="54.930539" lon="25.633054"><ele>130.542</ele><time>2024-09-15T10:27:22Z</time></trkpt><trkpt lat="54.930547" lon="25.632901"><ele>131.526</ele><time>2024-09-15T10:27:23Z</time></trkpt><trkpt lat="54.930533" lon="25.632742"><ele>131.909</ele><time>2024-09-15T10:27:24Z</time></trkpt><trkpt lat="54.93053" lon="25.632621"><ele>132.289</ele><time>2024-09-15T10:27:25Z</time></trkpt><trkpt lat="54.930543" lon="25.632479"><ele>132.786</ele><time>2024-09-15T10:27:26Z</time></trkpt><trkpt lat="54.930551" lon="25.632367"><ele>135.032</ele><time>2024-09-15T10:27:28Z</time></trkpt><trkpt lat="54.930559" lon="25.632285"><ele>135.177</ele><time>2024-09-15T10:27:29Z</time></trkpt><trkpt lat="54.930554" lon="25.632119"><ele>135.866</ele><time>2024-09-15T10:27:31Z</time></trkpt><trkpt lat="54.930548" lon="25.632017"><ele>136.460</ele><time>2024-09-15T10:27:32Z</time></trkpt><trkpt lat="54.930565" lon="25.631903"><ele>136.628</ele><time>2024-09-15T10:27:33Z</time></trkpt><trkpt lat="54.930576" lon="25.631803"><ele>138.230</ele><time>2024-09-15T10:27:34Z</time></trkpt><trkpt lat="54.930585" lon="25.63171"><ele>138.555</ele><time>2024-09-15T10:27:35Z</time></trkpt><trkpt lat="54.930583" lon="25.631587"><ele>139.311</ele><time>2024-09-15T10:27:37Z</time></trkpt><trkpt lat="54.930595" lon="25.631485"><ele>139.521</ele><time>2024-09-15T10:27:39Z</time></trkpt><trkpt lat="54.930601" lon="25.631355"><ele>139.503</ele><time>2024-09-15T10:27:41Z</time></trkpt><trkpt lat="54.930615" lon="25.631227"><ele>139.709</ele><time>2024-09-15T10:27:42Z</time></trkpt><trkpt lat="54.930625" lon="25.631114"><ele>140.122</ele><time>2024-09-15T10:27:43Z</time></trkpt><trkpt lat="54.93062" lon="25.630942"><ele>140.259</ele><time>2024-09-15T10:27:44Z</time></trkpt><trkpt lat="54.930622" lon="25.630762"><ele>140.895</ele><time>2024-09-15T10:27:45Z</time></trkpt><trkpt lat="54.93063" lon="25.630582"><ele>141.180</ele><time>2024-09-15T10:27:46Z</time></trkpt><trkpt lat="54.930636" lon="25.630387"><ele>141.179</ele><time>2024-09-15T10:27:47Z</time></trkpt><trkpt lat="54.93064" lon="25.630218"><ele>141.113</ele><time>2024-09-15T10:27:48Z</time></trkpt><trkpt lat="54.93065" lon="25.630027"><ele>140.771</ele><time>2024-09-15T10:27:49Z</time></trkpt><trkpt lat="54.930653" lon="25.629842"><ele>140.763</ele><time>2024-09-15T10:27:50Z</time></trkpt><trkpt lat="54.930656" lon="25.629668"><ele>140.998</ele><time>2024-09-15T10:27:51Z</time></trkpt><trkpt lat="54.930672" lon="25.629498"><ele>141.589</ele><time>2024-09-15T10:27:52Z</time></trkpt><trkpt lat="54.930682" lon="25.629325"><ele>142.506</ele><time>2024-09-15T10:27:53Z</time></trkpt><trkpt lat="54.930699" lon="25.62919"><ele>144.326</ele><time>2024-09-15T10:27:54Z</time></trkpt><trkpt lat="54.930708" lon="25.62901"><ele>144.609</ele><time>2024-09-15T10:27:55Z</time></trkpt><trkpt lat="54.930711" lon="25.628837"><ele>145.119</ele><time>2024-09-15T10:27:56Z</time></trkpt><trkpt lat="54.930716" lon="25.62868"><ele>145.196</ele><time>2024-09-15T10:27:57Z</time></trkpt><trkpt lat="54.930727" lon="25.628525"><ele>144.812</ele><time>2024-09-15T10:27:58Z</time></trkpt><trkpt lat="54.930735" lon="25.628365"><ele>144.847</ele><time>2024-09-15T10:27:59Z</time></trkpt><trkpt lat="54.930727" lon="25.628197"><ele>145.226</ele><time>2024-09-15T10:28:00Z</time></trkpt><trkpt lat="54.930752" lon="25.628059"><ele>145.780</ele><time>2024-09-15T10:28:01Z</time></trkpt><trkpt lat="54.930744" lon="25.62793"><ele>145.938</ele><time>2024-09-15T10:28:02Z</time></trkpt><trkpt lat="54.930754" lon="25.627812"><ele>146.290</ele><time>2024-09-15T10:28:03Z</time></trkpt><trkpt lat="54.930766" lon="25.627642"><ele>146.385</ele><time>2024-09-15T10:28:04Z</time></trkpt><trkpt lat="54.930761" lon="25.627519"><ele>147.119</ele><time>2024-09-15T10:28:05Z</time></trkpt><trkpt lat="54.930762" lon="25.627382"><ele>147.709</ele><time>2024-09-15T10:28:06Z</time></trkpt><trkpt lat="54.93077" lon="25.62723"><ele>148.219</ele><time>2024-09-15T10:28:07Z</time></trkpt><trkpt lat="54.930774" lon="25.627093"><ele>148.509</ele><time>2024-09-15T10:28:08Z</time></trkpt><trkpt lat="54.93078" lon="25.626956"><ele>148.992</ele><time>2024-09-15T10:28:09Z</time></trkpt><trkpt lat="54.93078" lon="25.626842"><ele>149.219</ele><time>2024-09-15T10:28:11Z</time></trkpt><trkpt lat="54.93078" lon="25.626756"><ele>149.575</ele><time>2024-09-15T10:28:12Z</time></trkpt><trkpt lat="54.930783" lon="25.626629"><ele>149.560</ele><time>2024-09-15T10:28:13Z</time></trkpt><trkpt lat="54.930779" lon="25.626493"><ele>149.599</ele><time>2024-09-15T10:28:14Z</time></trkpt><trkpt lat="54.930786" lon="25.626366"><ele>149.533</ele><time>2024-09-15T10:28:15Z</time></trkpt><trkpt lat="54.930787" lon="25.626208"><ele>149.591</ele><time>2024-09-15T10:28:16Z</time></trkpt><trkpt lat="54.930788" lon="25.626043"><ele>149.373</ele><time>2024-09-15T10:28:17Z</time></trkpt><trkpt lat="54.930798" lon="25.62591"><ele>149.058</ele><time>2024-09-15T10:28:18Z</time></trkpt><trkpt lat="54.930815" lon="25.625793"><ele>148.977</ele><time>2024-09-15T10:28:19Z</time></trkpt><trkpt lat="54.930826" lon="25.625681"><ele>149.061</ele><time>2024-09-15T10:28:20Z</time></trkpt><trkpt lat="54.930829" lon="25.625589"><ele>148.927</ele><time>2024-09-15T10:28:21Z</time></trkpt><trkpt lat="54.930794" lon="25.625471"><ele>148.609</ele><time>2024-09-15T10:28:23Z</time></trkpt><trkpt lat="54.93076" lon="25.62535"><ele>148.078</ele><time>2024-09-15T10:28:26Z</time></trkpt><trkpt lat="54.930768" lon="25.625237"><ele>148.165</ele><time>2024-09-15T10:28:28Z</time></trkpt><trkpt lat="54.93081" lon="25.625177"><ele>148.151</ele><time>2024-09-15T10:28:29Z</time></trkpt><trkpt lat="54.930834" lon="25.625098"><ele>148.336</ele><time>2024-09-15T10:28:30Z</time></trkpt><trkpt lat="54.930844" lon="25.625002"><ele>148.475</ele><time>2024-09-15T10:28:31Z</time></trkpt><trkpt lat="54.930845" lon="25.62489"><ele>148.899</ele><time>2024-09-15T10:28:32Z</time></trkpt><trkpt lat="54.930849" lon="25.624712"><ele>148.947</ele><time>2024-09-15T10:28:33Z</time></trkpt><trkpt lat="54.930857" lon="25.624569"><ele>148.979</ele><time>2024-09-15T10:28:34Z</time></trkpt><trkpt lat="54.930858" lon="25.624417"><ele>148.964</ele><time>2024-09-15T10:28:35Z</time></trkpt><trkpt lat="54.930865" lon="25.624293"><ele>148.461</ele><time>2024-09-15T10:28:36Z</time></trkpt><trkpt lat="54.930865" lon="25.624185"><ele>148.321</ele><time>2024-09-15T10:28:37Z</time></trkpt><trkpt lat="54.930863" lon="25.624097"><ele>148.113</ele><time>2024-09-15T10:28:38Z</time></trkpt><trkpt lat="54.930873" lon="25.623956"><ele>147.909</ele><time>2024-09-15T10:28:40Z</time></trkpt><trkpt lat="54.930932" lon="25.62388"><ele>147.497</ele><time>2024-09-15T10:28:42Z</time></trkpt><trkpt lat="54.930982" lon="25.623875"><ele>147.264</ele><time>2024-09-15T10:28:43Z</time></trkpt><trkpt lat="54.931036" lon="25.623886"><ele>147.150</ele><time>2024-09-15T10:28:44Z</time></trkpt><trkpt lat="54.9311" lon="25.623886"><ele>146.375</ele><time>2024-09-15T10:28:45Z</time></trkpt><trkpt lat="54.931157" lon="25.623909"><ele>146.124</ele><time>2024-09-15T10:28:46Z</time></trkpt><trkpt lat="54.931252" lon="25.623919"><ele>145.728</ele><time>2024-09-15T10:28:47Z</time></trkpt><trkpt lat="54.93133" lon="25.62391"><ele>144.486</ele><time>2024-09-15T10:28:48Z</time></trkpt><trkpt lat="54.931416" lon="25.623899"><ele>143.638</ele><time>2024-09-15T10:28:49Z</time></trkpt><trkpt lat="54.931516" lon="25.623888"><ele>143.543</ele><time>2024-09-15T10:28:50Z</time></trkpt><trkpt lat="54.931606" lon="25.623901"><ele>143.572</ele><time>2024-09-15T10:28:51Z</time></trkpt><trkpt lat="54.9317" lon="25.623903"><ele>143.813</ele><time>2024-09-15T10:28:52Z</time></trkpt><trkpt lat="54.93177" lon="25.623913"><ele>145.614</ele><time>2024-09-15T10:28:53Z</time></trkpt><trkpt lat="54.931858" lon="25.623923"><ele>146.009</ele><time>2024-09-15T10:28:54Z</time></trkpt><trkpt lat="54.931941" lon="25.623932"><ele>146.788</ele><time>2024-09-15T10:28:55Z</time></trkpt><trkpt lat="54.932001" lon="25.623924"><ele>147.565</ele><time>2024-09-15T10:28:56Z</time></trkpt><trkpt lat="54.932092" lon="25.623923"><ele>148.051</ele><time>2024-09-15T10:28:57Z</time></trkpt><trkpt lat="54.932182" lon="25.623944"><ele>148.086</ele><time>2024-09-15T10:28:58Z</time></trkpt><trkpt lat="54.932267" lon="25.623951"><ele>147.355</ele><time>2024-09-15T10:28:59Z</time></trkpt><trkpt lat="54.932374" lon="25.623962"><ele>145.549</ele><time>2024-09-15T10:29:00Z</time></trkpt><trkpt lat="54.932472" lon="25.623979"><ele>143.317</ele><time>2024-09-15T10:29:01Z</time></trkpt><trkpt lat="54.932572" lon="25.623978"><ele>140.059</ele><time>2024-09-15T10:29:02Z</time></trkpt><trkpt lat="54.932675" lon="25.623981"><ele>137.394</ele><time>2024-09-15T10:29:03Z</time></trkpt><trkpt lat="54.932793" lon="25.624001"><ele>135.432</ele><time>2024-09-15T10:29:04Z</time></trkpt><trkpt lat="54.932899" lon="25.624006"><ele>134.292</ele><time>2024-09-15T10:29:05Z</time></trkpt><trkpt lat="54.933003" lon="25.624019"><ele>133.311</ele><time>2024-09-15T10:29:06Z</time></trkpt><trkpt lat="54.933112" lon="25.624036"><ele>132.109</ele><time>2024-09-15T10:29:07Z</time></trkpt><trkpt lat="54.933218" lon="25.624045"><ele>132.084</ele><time>2024-09-15T10:29:08Z</time></trkpt><trkpt lat="54.933317" lon="25.624069"><ele>130.681</ele><time>2024-09-15T10:29:09Z</time></trkpt><trkpt lat="54.933417" lon="25.624058"><ele>130.487</ele><time>2024-09-15T10:29:10Z</time></trkpt><trkpt lat="54.933526" lon="25.624069"><ele>130.412</ele><time>2024-09-15T10:29:11Z</time></trkpt><trkpt lat="54.933618" lon="25.624066"><ele>129.111</ele><time>2024-09-15T10:29:12Z</time></trkpt><trkpt lat="54.933718" lon="25.624067"><ele>127.745</ele><time>2024-09-15T10:29:13Z</time></trkpt><trkpt lat="54.933794" lon="25.624033"><ele>126.183</ele><time>2024-09-15T10:29:14Z</time></trkpt><trkpt lat="54.933863" lon="25.62399"><ele>126.135</ele><time>2024-09-15T10:29:15Z</time></trkpt><trkpt lat="54.933947" lon="25.623956"><ele>126.160</ele><time>2024-09-15T10:29:16Z</time></trkpt><trkpt lat="54.934027" lon="25.623933"><ele>126.225</ele><time>2024-09-15T10:29:17Z</time></trkpt><trkpt lat="54.934101" lon="25.624061"><ele>126.326</ele><time>2024-09-15T10:29:18Z</time></trkpt><trkpt lat="54.934177" lon="25.624091"><ele>126.508</ele><time>2024-09-15T10:29:19Z</time></trkpt><trkpt lat="54.934254" lon="25.624101"><ele>126.809</ele><time>2024-09-15T10:29:20Z</time></trkpt><trkpt lat="54.93435" lon="25.624108"><ele>126.843</ele><time>2024-09-15T10:29:21Z</time></trkpt><trkpt lat="54.934433" lon="25.624125"><ele>127.080</ele><time>2024-09-15T10:29:22Z</time></trkpt><trkpt lat="54.934557" lon="25.624131"><ele>127.036</ele><time>2024-09-15T10:29:23Z</time></trkpt><trkpt lat="54.934654" lon="25.624151"><ele>127.761</ele><time>2024-09-15T10:29:24Z</time></trkpt><trkpt lat="54.934755" lon="25.624156"><ele>131.380</ele><time>2024-09-15T10:29:25Z</time></trkpt><trkpt lat="54.93485" lon="25.624182"><ele>133.444</ele><time>2024-09-15T10:29:26Z</time></trkpt><trkpt lat="54.93495" lon="25.624176"><ele>135.972</ele><time>2024-09-15T10:29:27Z</time></trkpt><trkpt lat="54.935046" lon="25.624193"><ele>138.164</ele><time>2024-09-15T10:29:28Z</time></trkpt><trkpt lat="54.935146" lon="25.624199"><ele>140.389</ele><time>2024-09-15T10:29:29Z</time></trkpt><trkpt lat="54.935249" lon="25.624219"><ele>142.777</ele><time>2024-09-15T10:29:30Z</time></trkpt><trkpt lat="54.935341" lon="25.624222"><ele>144.561</ele><time>2024-09-15T10:29:31Z</time></trkpt><trkpt lat="54.935431" lon="25.624241"><ele>146.327</ele><time>2024-09-15T10:29:32Z</time></trkpt><trkpt lat="54.935522" lon="25.62424"><ele>147.109</ele><time>2024-09-15T10:29:33Z</time></trkpt><trkpt lat="54.9356" lon="25.624245"><ele>147.478</ele><time>2024-09-15T10:29:34Z</time></trkpt><trkpt lat="54.935677" lon="25.624259"><ele>147.425</ele><time>2024-09-15T10:29:35Z</time></trkpt><trkpt lat="54.935747" lon="25.624262"><ele>147.461</ele><time>2024-09-15T10:29:36Z</time></trkpt><trkpt lat="54.935803" lon="25.624259"><ele>147.336</ele><time>2024-09-15T10:29:37Z</time></trkpt><trkpt lat="54.93588" lon="25.624266"><ele>147.245</ele><time>2024-09-15T10:29:39Z</time></trkpt><trkpt lat="54.935932" lon="25.624287"><ele>147.149</ele><time>2024-09-15T10:29:51Z</time></trkpt><trkpt lat="54.935996" lon="25.624274"><ele>147.037</ele><time>2024-09-15T10:29:52Z</time></trkpt><trkpt lat="54.936073" lon="25.624281"><ele>146.929</ele><time>2024-09-15T10:29:53Z</time></trkpt><trkpt lat="54.936165" lon="25.624289"><ele>146.664</ele><time>2024-09-15T10:29:54Z</time></trkpt><trkpt lat="54.936248" lon="25.624297"><ele>146.272</ele><time>2024-09-15T10:29:55Z</time></trkpt><trkpt lat="54.936325" lon="25.624298"><ele>145.413</ele><time>2024-09-15T10:29:56Z</time></trkpt><trkpt lat="54.936396" lon="25.624294"><ele>145.114</ele><time>2024-09-15T10:29:57Z</time></trkpt><trkpt lat="54.936454" lon="25.624282"><ele>144.809</ele><time>2024-09-15T10:29:58Z</time></trkpt><trkpt lat="54.936502" lon="25.624286"><ele>144.348</ele><time>2024-09-15T10:30:00Z</time></trkpt><trkpt lat="54.936547" lon="25.624269"><ele>144.925</ele><time>2024-09-15T10:43:49Z</time></trkpt><trkpt lat="54.93661" lon="25.624264"><ele>144.941</ele><time>2024-09-15T10:43:53Z</time></trkpt><trkpt lat="54.93669" lon="25.624263"><ele>144.966</ele><time>2024-09-15T10:43:54Z</time></trkpt><trkpt lat="54.936768" lon="25.624256"><ele>145.065</ele><time>2024-09-15T10:43:55Z</time></trkpt><trkpt lat="54.93687" lon="25.624238"><ele>145.079</ele><time>2024-09-15T10:43:56Z</time></trkpt><trkpt lat="54.93699" lon="25.624223"><ele>143.747</ele><time>2024-09-15T10:43:57Z</time></trkpt><trkpt lat="54.937125" lon="25.624219"><ele>143.769</ele><time>2024-09-15T10:43:58Z</time></trkpt><trkpt lat="54.937259" lon="25.624203"><ele>144.344</ele><time>2024-09-15T10:43:59Z</time></trkpt><trkpt lat="54.937405" lon="25.624181"><ele>144.623</ele><time>2024-09-15T10:44:00Z</time></trkpt><trkpt lat="54.937571" lon="25.624144"><ele>145.083</ele><time>2024-09-15T10:44:01Z</time></trkpt><trkpt lat="54.93774" lon="25.624117"><ele>145.011</ele><time>2024-09-15T10:44:02Z</time></trkpt><trkpt lat="54.937899" lon="25.624091"><ele>144.809</ele><time>2024-09-15T10:44:03Z</time></trkpt><trkpt lat="54.938051" lon="25.624064"><ele>144.483</ele><time>2024-09-15T10:44:04Z</time></trkpt><trkpt lat="54.93817" lon="25.624025"><ele>144.780</ele><time>2024-09-15T10:44:05Z</time></trkpt><trkpt lat="54.938313" lon="25.624001"><ele>145.216</ele><time>2024-09-15T10:44:06Z</time></trkpt><trkpt lat="54.93846" lon="25.623977"><ele>145.041</ele><time>2024-09-15T10:44:07Z</time></trkpt><trkpt lat="54.938616" lon="25.623949"><ele>145.340</ele><time>2024-09-15T10:44:08Z</time></trkpt><trkpt lat="54.938775" lon="25.623915"><ele>145.284</ele><time>2024-09-15T10:44:09Z</time></trkpt><trkpt lat="54.938945" lon="25.623889"><ele>144.122</ele><time>2024-09-15T10:44:10Z</time></trkpt><trkpt lat="54.939106" lon="25.623852"><ele>143.034</ele><time>2024-09-15T10:44:11Z</time></trkpt><trkpt lat="54.939274" lon="25.623823"><ele>142.619</ele><time>2024-09-15T10:44:12Z</time></trkpt><trkpt lat="54.939433" lon="25.623799"><ele>142.819</ele><time>2024-09-15T10:44:13Z</time></trkpt><trkpt lat="54.939603" lon="25.623768"><ele>143.409</ele><time>2024-09-15T10:44:14Z</time></trkpt><trkpt lat="54.939751" lon="25.62373"><ele>143.319</ele><time>2024-09-15T10:44:15Z</time></trkpt><trkpt lat="54.939907" lon="25.623707"><ele>142.109</ele><time>2024-09-15T10:44:16Z</time></trkpt><trkpt lat="54.940056" lon="25.623686"><ele>140.932</ele><time>2024-09-15T10:44:17Z</time></trkpt><trkpt lat="54.940211" lon="25.62366"><ele>140.289</ele><time>2024-09-15T10:44:18Z</time></trkpt><trkpt lat="54.940332" lon="25.623644"><ele>140.185</ele><time>2024-09-15T10:44:19Z</time></trkpt><trkpt lat="54.940426" lon="25.623634"><ele>140.310</ele><time>2024-09-15T10:44:20Z</time></trkpt><trkpt lat="54.940497" lon="25.623614"><ele>140.219</ele><time>2024-09-15T10:44:21Z</time></trkpt><trkpt lat="54.940558" lon="25.623607"><ele>139.943</ele><time>2024-09-15T10:44:22Z</time></trkpt><trkpt lat="54.94063" lon="25.623597"><ele>139.631</ele><time>2024-09-15T10:44:23Z</time></trkpt><trkpt lat="54.940702" lon="25.623583"><ele>139.073</ele><time>2024-09-15T10:44:24Z</time></trkpt><trkpt lat="54.940769" lon="25.623568"><ele>138.958</ele><time>2024-09-15T10:44:25Z</time></trkpt><trkpt lat="54.940822" lon="25.623539"><ele>138.794</ele><time>2024-09-15T10:44:26Z</time></trkpt><trkpt lat="54.940869" lon="25.62353"><ele>138.857</ele><time>2024-09-15T10:44:27Z</time></trkpt><trkpt lat="54.940924" lon="25.623519"><ele>138.822</ele><time>2024-09-15T10:44:28Z</time></trkpt><trkpt lat="54.940981" lon="25.623513"><ele>138.809</ele><time>2024-09-15T10:44:29Z</time></trkpt><trkpt lat="54.941042" lon="25.623498"><ele>138.580</ele><time>2024-09-15T10:44:30Z</time></trkpt><trkpt lat="54.941105" lon="25.623481"><ele>137.977</ele><time>2024-09-15T10:44:31Z</time></trkpt><trkpt lat="54.941158" lon="25.623465"><ele>137.643</ele><time>2024-09-15T10:44:32Z</time></trkpt><trkpt lat="54.941203" lon="25.623453"><ele>137.648</ele><time>2024-09-15T10:44:33Z</time></trkpt><trkpt lat="54.941269" lon="25.623437"><ele>137.137</ele><time>2024-09-15T10:44:35Z</time></trkpt><trkpt lat="54.941324" lon="25.623423"><ele>136.971</ele><time>2024-09-15T10:44:40Z</time></trkpt><trkpt lat="54.941384" lon="25.623415"><ele>136.929</ele><time>2024-09-15T10:44:42Z</time></trkpt><trkpt lat="54.941439" lon="25.623414"><ele>136.911</ele><time>2024-09-15T10:44:44Z</time></trkpt><trkpt lat="54.941498" lon="25.623405"><ele>136.986</ele><time>2024-09-15T10:44:46Z</time></trkpt><trkpt lat="54.941574" lon="25.623389"><ele>136.965</ele><time>2024-09-15T10:44:48Z</time></trkpt><trkpt lat="54.941623" lon="25.623376"><ele>137.068</ele><time>2024-09-15T10:44:49Z</time></trkpt><trkpt lat="54.94168" lon="25.623364"><ele>137.114</ele><time>2024-09-15T10:44:50Z</time></trkpt><trkpt lat="54.941752" lon="25.623355"><ele>137.009</ele><time>2024-09-15T10:44:51Z</time></trkpt><trkpt lat="54.941829" lon="25.623349"><ele>136.837</ele><time>2024-09-15T10:44:52Z</time></trkpt><trkpt lat="54.941956" lon="25.623328"><ele>137.064</ele><time>2024-09-15T10:44:53Z</time></trkpt><trkpt lat="54.942068" lon="25.6233"><ele>137.160</ele><time>2024-09-15T10:44:54Z</time></trkpt><trkpt lat="54.942198" lon="25.623278"><ele>136.965</ele><time>2024-09-15T10:44:55Z</time></trkpt><trkpt lat="54.942325" lon="25.623257"><ele>136.944</ele><time>2024-09-15T10:44:56Z</time></trkpt><trkpt lat="54.942459" lon="25.623233"><ele>137.368</ele><time>2024-09-15T10:44:57Z</time></trkpt><trkpt lat="54.942592" lon="25.623213"><ele>138.016</ele><time>2024-09-15T10:44:58Z</time></trkpt><trkpt lat="54.942721" lon="25.623205"><ele>138.368</ele><time>2024-09-15T10:44:59Z</time></trkpt><trkpt lat="54.942847" lon="25.6232"><ele>138.913</ele><time>2024-09-15T10:45:00Z</time></trkpt><trkpt lat="54.94295" lon="25.62318"><ele>139.462</ele><time>2024-09-15T10:45:01Z</time></trkpt><trkpt lat="54.943043" lon="25.623166"><ele>139.883</ele><time>2024-09-15T10:45:02Z</time></trkpt><trkpt lat="54.943117" lon="25.623148"><ele>139.811</ele><time>2024-09-15T10:45:03Z</time></trkpt><trkpt lat="54.943174" lon="25.623135"><ele>139.509</ele><time>2024-09-15T10:45:04Z</time></trkpt><trkpt lat="54.943254" lon="25.623159"><ele>139.447</ele><time>2024-09-15T10:45:06Z</time></trkpt><trkpt lat="54.943295" lon="25.623264"><ele>138.584</ele><time>2024-09-15T10:45:08Z</time></trkpt><trkpt lat="54.94331" lon="25.623345"><ele>138.180</ele><time>2024-09-15T10:45:10Z</time></trkpt><trkpt lat="54.943324" lon="25.623427"><ele>137.335</ele><time>2024-09-15T10:45:14Z</time></trkpt><trkpt lat="54.943346" lon="25.623539"><ele>136.854</ele><time>2024-09-15T10:45:17Z</time></trkpt><trkpt lat="54.943363" lon="25.623654"><ele>136.868</ele><time>2024-09-15T10:45:19Z</time></trkpt><trkpt lat="54.943384" lon="25.62378"><ele>136.636</ele><time>2024-09-15T10:45:20Z</time></trkpt><trkpt lat="54.943396" lon="25.623894"><ele>136.218</ele><time>2024-09-15T10:45:21Z</time></trkpt><trkpt lat="54.943393" lon="25.624047"><ele>135.743</ele><time>2024-09-15T10:45:22Z</time></trkpt><trkpt lat="54.943399" lon="25.624147"><ele>135.043</ele><time>2024-09-15T10:45:23Z</time></trkpt><trkpt lat="54.943402" lon="25.624244"><ele>134.264</ele><time>2024-09-15T10:45:24Z</time></trkpt><trkpt lat="54.943426" lon="25.62433"><ele>133.410</ele><time>2024-09-15T10:45:25Z</time></trkpt><trkpt lat="54.943453" lon="25.624407"><ele>133.409</ele><time>2024-09-15T10:45:26Z</time></trkpt><trkpt lat="54.943495" lon="25.624452"><ele>133.395</ele><time>2024-09-15T10:45:27Z</time></trkpt><trkpt lat="54.94354" lon="25.624529"><ele>133.132</ele><time>2024-09-15T10:45:28Z</time></trkpt><trkpt lat="54.943593" lon="25.624617"><ele>132.928</ele><time>2024-09-15T10:45:29Z</time></trkpt><trkpt lat="54.943642" lon="25.624731"><ele>132.923</ele><time>2024-09-15T10:45:30Z</time></trkpt><trkpt lat="54.943661" lon="25.624838"><ele>132.942</ele><time>2024-09-15T10:45:31Z</time></trkpt><trkpt lat="54.943642" lon="25.624939"><ele>133.156</ele><time>2024-09-15T10:45:32Z</time></trkpt><trkpt lat="54.943613" lon="25.625001"><ele>133.234</ele><time>2024-09-15T10:45:33Z</time></trkpt><trkpt lat="54.943578" lon="25.625053"><ele>133.896</ele><time>2024-09-15T10:45:35Z</time></trkpt><trkpt lat="54.943518" lon="25.625072"><ele>134.721</ele><time>2024-09-15T10:45:39Z</time></trkpt><trkpt lat="54.943472" lon="25.625066"><ele>134.982</ele><time>2024-09-15T10:45:40Z</time></trkpt><trkpt lat="54.943414" lon="25.625055"><ele>134.943</ele><time>2024-09-15T10:45:41Z</time></trkpt><trkpt lat="54.94335" lon="25.62504"><ele>135.017</ele><time>2024-09-15T10:45:42Z</time></trkpt><trkpt lat="54.943294" lon="25.625023"><ele>135.209</ele><time>2024-09-15T10:45:43Z</time></trkpt><trkpt lat="54.943249" lon="25.625007"><ele>135.999</ele><time>2024-09-15T10:45:44Z</time></trkpt><trkpt lat="54.943179" lon="25.625034"><ele>136.016</ele><time>2024-09-15T10:45:46Z</time></trkpt><trkpt lat="54.943124" lon="25.625072"><ele>136.092</ele><time>2024-09-15T10:45:48Z</time></trkpt><trkpt lat="54.943078" lon="25.624973"><ele>136.357</ele><time>2024-09-15T10:45:50Z</time></trkpt><trkpt lat="54.943028" lon="25.624985"><ele>136.246</ele><time>2024-09-15T10:45:51Z</time></trkpt><trkpt lat="54.942964" lon="25.62497"><ele>136.310</ele><time>2024-09-15T10:45:52Z</time></trkpt><trkpt lat="54.942872" lon="25.624958"><ele>136.458</ele><time>2024-09-15T10:45:53Z</time></trkpt><trkpt lat="54.942761" lon="25.624949"><ele>136.570</ele><time>2024-09-15T10:45:54Z</time></trkpt><trkpt lat="54.942628" lon="25.624932"><ele>136.545</ele><time>2024-09-15T10:45:55Z</time></trkpt><trkpt lat="54.942495" lon="25.624929"><ele>136.531</ele><time>2024-09-15T10:45:56Z</time></trkpt><trkpt lat="54.942362" lon="25.624914"><ele>136.461</ele><time>2024-09-15T10:45:57Z</time></trkpt><trkpt lat="54.942226" lon="25.624902"><ele>136.307</ele><time>2024-09-15T10:45:58Z</time></trkpt><trkpt lat="54.942103" lon="25.624889"><ele>136.309</ele><time>2024-09-15T10:45:59Z</time></trkpt><trkpt lat="54.941992" lon="25.624881"><ele>136.184</ele><time>2024-09-15T10:46:00Z</time></trkpt><trkpt lat="54.941885" lon="25.624863"><ele>135.161</ele><time>2024-09-15T10:46:01Z</time></trkpt><trkpt lat="54.941791" lon="25.624852"><ele>134.787</ele><time>2024-09-15T10:46:02Z</time></trkpt><trkpt lat="54.941702" lon="25.624832"><ele>134.292</ele><time>2024-09-15T10:46:03Z</time></trkpt><trkpt lat="54.94162" lon="25.624826"><ele>133.911</ele><time>2024-09-15T10:46:04Z</time></trkpt><trkpt lat="54.941552" lon="25.624824"><ele>133.485</ele><time>2024-09-15T10:46:05Z</time></trkpt><trkpt lat="54.941506" lon="25.624832"><ele>133.873</ele><time>2024-09-15T10:46:13Z</time></trkpt><trkpt lat="54.941485" lon="25.624732"><ele>134.295</ele><time>2024-09-15T10:46:16Z</time></trkpt><trkpt lat="54.941489" lon="25.624613"><ele>134.340</ele><time>2024-09-15T10:46:18Z</time></trkpt><trkpt lat="54.94149" lon="25.624529"><ele>134.411</ele><time>2024-09-15T10:46:19Z</time></trkpt><trkpt lat="54.941485" lon="25.624445"><ele>134.421</ele><time>2024-09-15T10:46:20Z</time></trkpt><trkpt lat="54.941481" lon="25.624326"><ele>134.503</ele><time>2024-09-15T10:46:21Z</time></trkpt><trkpt lat="54.941466" lon="25.624224"><ele>134.609</ele><time>2024-09-15T10:46:22Z</time></trkpt><trkpt lat="54.941443" lon="25.624125"><ele>135.132</ele><time>2024-09-15T10:46:23Z</time></trkpt><trkpt lat="54.941438" lon="25.624009"><ele>135.219</ele><time>2024-09-15T10:46:24Z</time></trkpt><trkpt lat="54.941454" lon="25.623879"><ele>135.225</ele><time>2024-09-15T10:46:25Z</time></trkpt><trkpt lat="54.941442" lon="25.623727"><ele>135.560</ele><time>2024-09-15T10:46:26Z</time></trkpt><trkpt lat="54.941428" lon="25.62355"><ele>135.969</ele><time>2024-09-15T10:46:27Z</time></trkpt><trkpt lat="54.941423" lon="25.623352"><ele>136.253</ele><time>2024-09-15T10:46:28Z</time></trkpt><trkpt lat="54.941396" lon="25.623151"><ele>136.611</ele><time>2024-09-15T10:46:29Z</time></trkpt><trkpt lat="54.941379" lon="25.622918"><ele>136.663</ele><time>2024-09-15T10:46:30Z</time></trkpt><trkpt lat="54.941366" lon="25.622666"><ele>135.158</ele><time>2024-09-15T10:46:31Z</time></trkpt><trkpt lat="54.94135" lon="25.622408"><ele>133.432</ele><time>2024-09-15T10:46:32Z</time></trkpt><trkpt lat="54.941339" lon="25.622148"><ele>132.692</ele><time>2024-09-15T10:46:33Z</time></trkpt><trkpt lat="54.941328" lon="25.621915"><ele>132.411</ele><time>2024-09-15T10:46:34Z</time></trkpt><trkpt lat="54.941311" lon="25.621675"><ele>132.409</ele><time>2024-09-15T10:46:35Z</time></trkpt><trkpt lat="54.941297" lon="25.621433"><ele>132.274</ele><time>2024-09-15T10:46:36Z</time></trkpt><trkpt lat="54.941284" lon="25.621205"><ele>131.921</ele><time>2024-09-15T10:46:37Z</time></trkpt><trkpt lat="54.941272" lon="25.620976"><ele>131.727</ele><time>2024-09-15T10:46:38Z</time></trkpt><trkpt lat="54.941257" lon="25.620748"><ele>131.622</ele><time>2024-09-15T10:46:39Z</time></trkpt><trkpt lat="54.941249" lon="25.620529"><ele>131.691</ele><time>2024-09-15T10:46:40Z</time></trkpt><trkpt lat="54.941243" lon="25.620311"><ele>131.595</ele><time>2024-09-15T10:46:41Z</time></trkpt><trkpt lat="54.941232" lon="25.620106"><ele>131.343</ele><time>2024-09-15T10:46:42Z</time></trkpt><trkpt lat="54.94123" lon="25.619928"><ele>131.345</ele><time>2024-09-15T10:46:43Z</time></trkpt><trkpt lat="54.941229" lon="25.619758"><ele>131.210</ele><time>2024-09-15T10:46:44Z</time></trkpt><trkpt lat="54.941239" lon="25.619643"><ele>131.266</ele><time>2024-09-15T10:46:45Z</time></trkpt><trkpt lat="54.941222" lon="25.61951"><ele>131.429</ele><time>2024-09-15T10:46:46Z</time></trkpt><trkpt lat="54.941194" lon="25.619431"><ele>131.921</ele><time>2024-09-15T10:46:47Z</time></trkpt><trkpt lat="54.941133" lon="25.619374"><ele>131.909</ele><time>2024-09-15T10:46:48Z</time></trkpt><trkpt lat="54.94107" lon="25.619292"><ele>132.277</ele><time>2024-09-15T10:46:49Z</time></trkpt><trkpt lat="54.940998" lon="25.619215"><ele>132.244</ele><time>2024-09-15T10:46:50Z</time></trkpt><trkpt lat="54.940925" lon="25.619126"><ele>132.340</ele><time>2024-09-15T10:46:51Z</time></trkpt><trkpt lat="54.940858" lon="25.619034"><ele>132.435</ele><time>2024-09-15T10:46:52Z</time></trkpt><trkpt lat="54.940801" lon="25.618954"><ele>132.474</ele><time>2024-09-15T10:46:53Z</time></trkpt><trkpt lat="54.940759" lon="25.618895"><ele>132.398</ele><time>2024-09-15T10:46:54Z</time></trkpt><trkpt lat="54.940717" lon="25.618852"><ele>132.576</ele><time>2024-09-15T10:46:56Z</time></trkpt><trkpt lat="54.940676" lon="25.618797"><ele>132.868</ele><time>2024-09-15T10:46:58Z</time></trkpt><trkpt lat="54.940617" lon="25.618696"><ele>133.193</ele><time>2024-09-15T10:47:00Z</time></trkpt><trkpt lat="54.940578" lon="25.61864"><ele>133.249</ele><time>2024-09-15T10:47:01Z</time></trkpt><trkpt lat="54.940537" lon="25.618577"><ele>133.302</ele><time>2024-09-15T10:47:02Z</time></trkpt><trkpt lat="54.940489" lon="25.618512"><ele>133.522</ele><time>2024-09-15T10:47:03Z</time></trkpt><trkpt lat="54.94044" lon="25.618454"><ele>134.909</ele><time>2024-09-15T10:47:04Z</time></trkpt><trkpt lat="54.94038" lon="25.618404"><ele>135.915</ele><time>2024-09-15T10:47:05Z</time></trkpt><trkpt lat="54.940319" lon="25.618359"><ele>135.962</ele><time>2024-09-15T10:47:06Z</time></trkpt><trkpt lat="54.940256" lon="25.618314"><ele>135.958</ele><time>2024-09-15T10:47:07Z</time></trkpt><trkpt lat="54.940197" lon="25.618266"><ele>135.033</ele><time>2024-09-15T10:47:08Z</time></trkpt><trkpt lat="54.940143" lon="25.618216"><ele>134.912</ele><time>2024-09-15T10:47:09Z</time></trkpt><trkpt lat="54.940088" lon="25.618183"><ele>134.916</ele><time>2024-09-15T10:47:10Z</time></trkpt><trkpt lat="54.940043" lon="25.618151"><ele>134.634</ele><time>2024-09-15T10:47:11Z</time></trkpt><trkpt lat="54.939983" lon="25.618086"><ele>133.836</ele><time>2024-09-15T10:47:13Z</time></trkpt><trkpt lat="54.939931" lon="25.618033"><ele>133.251</ele><time>2024-09-15T10:47:15Z</time></trkpt><trkpt lat="54.939885" lon="25.617981"><ele>132.744</ele><time>2024-09-15T10:47:17Z</time></trkpt><trkpt lat="54.939839" lon="25.61795"><ele>132.605</ele><time>2024-09-15T10:47:19Z</time></trkpt><trkpt lat="54.939785" lon="25.617918"><ele>132.615</ele><time>2024-09-15T10:47:22Z</time></trkpt><trkpt lat="54.939751" lon="25.617845"><ele>132.609</ele><time>2024-09-15T10:47:24Z</time></trkpt><trkpt lat="54.93973" lon="25.61769"><ele>132.985</ele><time>2024-09-15T10:47:26Z</time></trkpt><trkpt lat="54.93972" lon="25.617603"><ele>133.442</ele><time>2024-09-15T10:47:27Z</time></trkpt><trkpt lat="54.939714" lon="25.617502"><ele>133.918</ele><time>2024-09-15T10:47:28Z</time></trkpt><trkpt lat="54.939707" lon="25.617396"><ele>134.143</ele><time>2024-09-15T10:47:29Z</time></trkpt><trkpt lat="54.939699" lon="25.61728"><ele>134.162</ele><time>2024-09-15T10:47:30Z</time></trkpt><trkpt lat="54.939691" lon="25.617158"><ele>133.796</ele><time>2024-09-15T10:47:31Z</time></trkpt><trkpt lat="54.939684" lon="25.617037"><ele>133.664</ele><time>2024-09-15T10:47:32Z</time></trkpt><trkpt lat="54.93968" lon="25.616917"><ele>133.556</ele><time>2024-09-15T10:47:33Z</time></trkpt><trkpt lat="54.939672" lon="25.616808"><ele>133.451</ele><time>2024-09-15T10:47:34Z</time></trkpt><trkpt lat="54.939674" lon="25.616704"><ele>133.261</ele><time>2024-09-15T10:47:35Z</time></trkpt><trkpt lat="54.939681" lon="25.616621"><ele>133.121</ele><time>2024-09-15T10:47:36Z</time></trkpt><trkpt lat="54.939683" lon="25.616513"><ele>132.313</ele><time>2024-09-15T10:47:38Z</time></trkpt><trkpt lat="54.939694" lon="25.616418"><ele>132.309</ele><time>2024-09-15T10:47:40Z</time></trkpt><trkpt lat="54.939721" lon="25.616318"><ele>132.097</ele><time>2024-09-15T10:47:43Z</time></trkpt><trkpt lat="54.939738" lon="25.616233"><ele>132.044</ele><time>2024-09-15T10:47:46Z</time></trkpt><trkpt lat="54.939749" lon="25.616138"><ele>132.060</ele><time>2024-09-15T10:47:48Z</time></trkpt><trkpt lat="54.939764" lon="25.61604"><ele>131.995</ele><time>2024-09-15T10:47:50Z</time></trkpt><trkpt lat="54.93977" lon="25.615877"><ele>131.624</ele><time>2024-09-15T10:47:52Z</time></trkpt><trkpt lat="54.939762" lon="25.615679"><ele>131.228</ele><time>2024-09-15T10:47:54Z</time></trkpt><trkpt lat="54.939762" lon="25.615497"><ele>130.896</ele><time>2024-09-15T10:47:55Z</time></trkpt><trkpt lat="54.939754" lon="25.615352"><ele>130.128</ele><time>2024-09-15T10:47:56Z</time></trkpt><trkpt lat="54.93973" lon="25.61521"><ele>130.283</ele><time>2024-09-15T10:47:57Z</time></trkpt><trkpt lat="54.939711" lon="25.615105"><ele>130.712</ele><time>2024-09-15T10:47:58Z</time></trkpt><trkpt lat="54.939724" lon="25.615"><ele>130.732</ele><time>2024-09-15T10:47:59Z</time></trkpt><trkpt lat="54.939766" lon="25.614893"><ele>130.905</ele><time>2024-09-15T10:48:00Z</time></trkpt><trkpt lat="54.939803" lon="25.614787"><ele>131.109</ele><time>2024-09-15T10:48:01Z</time></trkpt><trkpt lat="54.939847" lon="25.614649"><ele>131.642</ele><time>2024-09-15T10:48:02Z</time></trkpt><trkpt lat="54.939888" lon="25.614527"><ele>132.039</ele><time>2024-09-15T10:48:03Z</time></trkpt><trkpt lat="54.939937" lon="25.614438"><ele>132.345</ele><time>2024-09-15T10:48:04Z</time></trkpt><trkpt lat="54.939993" lon="25.614385"><ele>132.610</ele><time>2024-09-15T10:48:05Z</time></trkpt><trkpt lat="54.940062" lon="25.614365"><ele>132.839</ele><time>2024-09-15T10:48:06Z</time></trkpt><trkpt lat="54.940154" lon="25.614392"><ele>133.083</ele><time>2024-09-15T10:48:07Z</time></trkpt><trkpt lat="54.940236" lon="25.614417"><ele>133.031</ele><time>2024-09-15T10:48:08Z</time></trkpt><trkpt lat="54.940332" lon="25.614474"><ele>132.883</ele><time>2024-09-15T10:48:09Z</time></trkpt><trkpt lat="54.940416" lon="25.614567"><ele>132.648</ele><time>2024-09-15T10:48:10Z</time></trkpt><trkpt lat="54.940506" lon="25.614648"><ele>132.628</ele><time>2024-09-15T10:48:11Z</time></trkpt><trkpt lat="54.940611" lon="25.614722"><ele>131.889</ele><time>2024-09-15T10:48:12Z</time></trkpt><trkpt lat="54.940704" lon="25.614789"><ele>131.217</ele><time>2024-09-15T10:48:13Z</time></trkpt><trkpt lat="54.940767" lon="25.614838"><ele>131.209</ele><time>2024-09-15T10:48:14Z</time></trkpt><trkpt lat="54.940847" lon="25.614874"><ele>131.593</ele><time>2024-09-15T10:48:15Z</time></trkpt><trkpt lat="54.940926" lon="25.614916"><ele>131.720</ele><time>2024-09-15T10:48:16Z</time></trkpt><trkpt lat="54.941007" lon="25.614987"><ele>131.786</ele><time>2024-09-15T10:48:17Z</time></trkpt><trkpt lat="54.941098" lon="25.615038"><ele>131.441</ele><time>2024-09-15T10:48:18Z</time></trkpt><trkpt lat="54.941193" lon="25.615095"><ele>131.320</ele><time>2024-09-15T10:48:19Z</time></trkpt><trkpt lat="54.941276" lon="25.615153"><ele>131.484</ele><time>2024-09-15T10:48:20Z</time></trkpt><trkpt lat="54.941342" lon="25.615209"><ele>131.642</ele><time>2024-09-15T10:48:21Z</time></trkpt><trkpt lat="54.941407" lon="25.61527"><ele>131.994</ele><time>2024-09-15T10:48:22Z</time></trkpt><trkpt lat="54.94148" lon="25.615303"><ele>132.539</ele><time>2024-09-15T10:48:23Z</time></trkpt><trkpt lat="54.94156" lon="25.615314"><ele>132.823</ele><time>2024-09-15T10:48:24Z</time></trkpt><trkpt lat="54.941629" lon="25.615348"><ele>133.083</ele><time>2024-09-15T10:48:25Z</time></trkpt><trkpt lat="54.941712" lon="25.615398"><ele>133.611</ele><time>2024-09-15T10:48:26Z</time></trkpt><trkpt lat="54.94181" lon="25.61546"><ele>134.309</ele><time>2024-09-15T10:48:27Z</time></trkpt><trkpt lat="54.941888" lon="25.615523"><ele>134.323</ele><time>2024-09-15T10:48:28Z</time></trkpt><trkpt lat="54.941965" lon="25.615562"><ele>134.480</ele><time>2024-09-15T10:48:29Z</time></trkpt><trkpt lat="54.942036" lon="25.615589"><ele>134.466</ele><time>2024-09-15T10:48:30Z</time></trkpt><trkpt lat="54.942131" lon="25.615692"><ele>135.291</ele><time>2024-09-15T10:48:32Z</time></trkpt><trkpt lat="54.94219" lon="25.615788"><ele>135.370</ele><time>2024-09-15T10:48:33Z</time></trkpt><trkpt lat="54.942232" lon="25.615907"><ele>135.334</ele><time>2024-09-15T10:48:34Z</time></trkpt><trkpt lat="54.942288" lon="25.616015"><ele>135.232</ele><time>2024-09-15T10:48:35Z</time></trkpt><trkpt lat="54.942332" lon="25.616124"><ele>134.724</ele><time>2024-09-15T10:48:36Z</time></trkpt><trkpt lat="54.94237" lon="25.616257"><ele>133.949</ele><time>2024-09-15T10:48:37Z</time></trkpt><trkpt lat="54.942411" lon="25.616394"><ele>133.527</ele><time>2024-09-15T10:48:38Z</time></trkpt><trkpt lat="54.942451" lon="25.616502"><ele>133.268</ele><time>2024-09-15T10:48:39Z</time></trkpt><trkpt lat="54.942495" lon="25.616631"><ele>132.914</ele><time>2024-09-15T10:48:40Z</time></trkpt><trkpt lat="54.942538" lon="25.616743"><ele>132.809</ele><time>2024-09-15T10:48:41Z</time></trkpt><trkpt lat="54.942582" lon="25.61689"><ele>132.813</ele><time>2024-09-15T10:48:42Z</time></trkpt><trkpt lat="54.942627" lon="25.617022"><ele>132.650</ele><time>2024-09-15T10:48:43Z</time></trkpt><trkpt lat="54.94268" lon="25.617161"><ele>132.566</ele><time>2024-09-15T10:48:44Z</time></trkpt><trkpt lat="54.942733" lon="25.617282"><ele>132.581</ele><time>2024-09-15T10:48:45Z</time></trkpt><trkpt lat="54.942787" lon="25.617393"><ele>132.540</ele><time>2024-09-15T10:48:46Z</time></trkpt><trkpt lat="54.942851" lon="25.617492"><ele>132.044</ele><time>2024-09-15T10:48:47Z</time></trkpt><trkpt lat="54.942904" lon="25.617598"><ele>131.542</ele><time>2024-09-15T10:48:48Z</time></trkpt><trkpt lat="54.94296" lon="25.617704"><ele>131.534</ele><time>2024-09-15T10:48:49Z</time></trkpt><trkpt lat="54.943021" lon="25.617807"><ele>131.739</ele><time>2024-09-15T10:48:50Z</time></trkpt><trkpt lat="54.943082" lon="25.617904"><ele>131.877</ele><time>2024-09-15T10:48:51Z</time></trkpt><trkpt lat="54.943157" lon="25.61796"><ele>131.961</ele><time>2024-09-15T10:48:52Z</time></trkpt><trkpt lat="54.943235" lon="25.618025"><ele>132.127</ele><time>2024-09-15T10:48:53Z</time></trkpt><trkpt lat="54.94331" lon="25.618089"><ele>131.909</ele><time>2024-09-15T10:48:54Z</time></trkpt><trkpt lat="54.943393" lon="25.618145"><ele>132.238</ele><time>2024-09-15T10:48:55Z</time></trkpt><trkpt lat="54.943475" lon="25.618197"><ele>132.435</ele><time>2024-09-15T10:48:56Z</time></trkpt><trkpt lat="54.943558" lon="25.618242"><ele>132.891</ele><time>2024-09-15T10:48:57Z</time></trkpt><trkpt lat="54.943626" lon="25.618265"><ele>133.196</ele><time>2024-09-15T10:48:58Z</time></trkpt><trkpt lat="54.943683" lon="25.618298"><ele>133.235</ele><time>2024-09-15T10:48:59Z</time></trkpt><trkpt lat="54.943762" lon="25.618322"><ele>133.939</ele><time>2024-09-15T10:49:00Z</time></trkpt><trkpt lat="54.943855" lon="25.618372"><ele>134.357</ele><time>2024-09-15T10:49:01Z</time></trkpt><trkpt lat="54.943942" lon="25.618414"><ele>134.329</ele><time>2024-09-15T10:49:02Z</time></trkpt><trkpt lat="54.944019" lon="25.618485"><ele>133.824</ele><time>2024-09-15T10:49:03Z</time></trkpt><trkpt lat="54.944096" lon="25.618492"><ele>133.568</ele><time>2024-09-15T10:49:04Z</time></trkpt><trkpt lat="54.94418" lon="25.618457"><ele>133.442</ele><time>2024-09-15T10:49:05Z</time></trkpt><trkpt lat="54.944233" lon="25.618459"><ele>133.326</ele><time>2024-09-15T10:49:06Z</time></trkpt><trkpt lat="54.944304" lon="25.61846"><ele>133.109</ele><time>2024-09-15T10:49:07Z</time></trkpt><trkpt lat="54.94438" lon="25.618466"><ele>133.187</ele><time>2024-09-15T10:49:08Z</time></trkpt><trkpt lat="54.944454" lon="25.618489"><ele>133.124</ele><time>2024-09-15T10:49:09Z</time></trkpt><trkpt lat="54.944544" lon="25.618512"><ele>133.240</ele><time>2024-09-15T10:49:10Z</time></trkpt><trkpt lat="54.944634" lon="25.618572"><ele>133.525</ele><time>2024-09-15T10:49:11Z</time></trkpt><trkpt lat="54.944721" lon="25.618595"><ele>133.514</ele><time>2024-09-15T10:49:12Z</time></trkpt><trkpt lat="54.944807" lon="25.618639"><ele>134.128</ele><time>2024-09-15T10:49:13Z</time></trkpt><trkpt lat="54.94491" lon="25.618716"><ele>134.136</ele><time>2024-09-15T10:49:14Z</time></trkpt><trkpt lat="54.945015" lon="25.618763"><ele>134.228</ele><time>2024-09-15T10:49:15Z</time></trkpt><trkpt lat="54.945125" lon="25.618806"><ele>134.083</ele><time>2024-09-15T10:49:16Z</time></trkpt><trkpt lat="54.945235" lon="25.618838"><ele>132.922</ele><time>2024-09-15T10:49:17Z</time></trkpt><trkpt lat="54.945333" lon="25.618887"><ele>132.962</ele><time>2024-09-15T10:49:18Z</time></trkpt><trkpt lat="54.945422" lon="25.618944"><ele>133.308</ele><time>2024-09-15T10:49:19Z</time></trkpt><trkpt lat="54.945487" lon="25.61902"><ele>133.509</ele><time>2024-09-15T10:49:20Z</time></trkpt><trkpt lat="54.945556" lon="25.619123"><ele>133.973</ele><time>2024-09-15T10:49:21Z</time></trkpt><trkpt lat="54.945629" lon="25.619248"><ele>133.790</ele><time>2024-09-15T10:49:22Z</time></trkpt><trkpt lat="54.945701" lon="25.619345"><ele>132.756</ele><time>2024-09-15T10:49:23Z</time></trkpt><trkpt lat="54.94578" lon="25.619477"><ele>132.781</ele><time>2024-09-15T10:49:24Z</time></trkpt><trkpt lat="54.945865" lon="25.619598"><ele>133.340</ele><time>2024-09-15T10:49:25Z</time></trkpt><trkpt lat="54.945949" lon="25.619731"><ele>133.414</ele><time>2024-09-15T10:49:26Z</time></trkpt><trkpt lat="54.946034" lon="25.619839"><ele>133.312</ele><time>2024-09-15T10:49:27Z</time></trkpt><trkpt lat="54.946113" lon="25.619948"><ele>132.584</ele><time>2024-09-15T10:49:28Z</time></trkpt><trkpt lat="54.946179" lon="25.620066"><ele>132.029</ele><time>2024-09-15T10:49:29Z</time></trkpt><trkpt lat="54.946232" lon="25.620174"><ele>132.023</ele><time>2024-09-15T10:49:30Z</time></trkpt><trkpt lat="54.946279" lon="25.620298"><ele>132.783</ele><time>2024-09-15T10:49:31Z</time></trkpt><trkpt lat="54.946272" lon="25.620428"><ele>132.711</ele><time>2024-09-15T10:49:32Z</time></trkpt><trkpt lat="54.946288" lon="25.620556"><ele>132.809</ele><time>2024-09-15T10:49:33Z</time></trkpt><trkpt lat="54.946254" lon="25.620717"><ele>133.133</ele><time>2024-09-15T10:49:34Z</time></trkpt><trkpt lat="54.946236" lon="25.620871"><ele>133.460</ele><time>2024-09-15T10:49:35Z</time></trkpt><trkpt lat="54.94626" lon="25.621049"><ele>133.416</ele><time>2024-09-15T10:49:36Z</time></trkpt><trkpt lat="54.946281" lon="25.62123"><ele>133.181</ele><time>2024-09-15T10:49:37Z</time></trkpt><trkpt lat="54.946346" lon="25.621393"><ele>133.170</ele><time>2024-09-15T10:49:38Z</time></trkpt><trkpt lat="54.946416" lon="25.621541"><ele>133.164</ele><time>2024-09-15T10:49:39Z</time></trkpt><trkpt lat="54.946474" lon="25.621659"><ele>133.142</ele><time>2024-09-15T10:49:40Z</time></trkpt><trkpt lat="54.946538" lon="25.621805"><ele>133.034</ele><time>2024-09-15T10:49:41Z</time></trkpt><trkpt lat="54.946599" lon="25.621914"><ele>132.299</ele><time>2024-09-15T10:49:42Z</time></trkpt><trkpt lat="54.946618" lon="25.622055"><ele>131.868</ele><time>2024-09-15T10:49:43Z</time></trkpt><trkpt lat="54.94662" lon="25.622201"><ele>131.842</ele><time>2024-09-15T10:49:44Z</time></trkpt><trkpt lat="54.946598" lon="25.622374"><ele>132.026</ele><time>2024-09-15T10:49:45Z</time></trkpt><trkpt lat="54.946576" lon="25.622565"><ele>132.109</ele><time>2024-09-15T10:49:46Z</time></trkpt><trkpt lat="54.946494" lon="25.622751"><ele>132.217</ele><time>2024-09-15T10:49:47Z</time></trkpt><trkpt lat="54.946441" lon="25.622957"><ele>132.274</ele><time>2024-09-15T10:49:48Z</time></trkpt><trkpt lat="54.946396" lon="25.623156"><ele>132.270</ele><time>2024-09-15T10:49:49Z</time></trkpt><trkpt lat="54.946354" lon="25.623357"><ele>133.165</ele><time>2024-09-15T10:49:50Z</time></trkpt><trkpt lat="54.946313" lon="25.623518"><ele>133.134</ele><time>2024-09-15T10:49:51Z</time></trkpt><trkpt lat="54.946302" lon="25.623679"><ele>133.148</ele><time>2024-09-15T10:49:52Z</time></trkpt><trkpt lat="54.946279" lon="25.623855"><ele>134.936</ele><time>2024-09-15T10:49:53Z</time></trkpt><trkpt lat="54.946243" lon="25.624046"><ele>135.158</ele><time>2024-09-15T10:49:54Z</time></trkpt><trkpt lat="54.946202" lon="25.62422"><ele>135.163</ele><time>2024-09-15T10:49:55Z</time></trkpt><trkpt lat="54.946149" lon="25.624381"><ele>135.067</ele><time>2024-09-15T10:49:56Z</time></trkpt><trkpt lat="54.946099" lon="25.624518"><ele>134.281</ele><time>2024-09-15T10:49:57Z</time></trkpt><trkpt lat="54.946095" lon="25.624688"><ele>133.119</ele><time>2024-09-15T10:49:58Z</time></trkpt><trkpt lat="54.946091" lon="25.624857"><ele>133.109</ele><time>2024-09-15T10:49:59Z</time></trkpt><trkpt lat="54.946096" lon="25.625042"><ele>134.027</ele><time>2024-09-15T10:50:00Z</time></trkpt><trkpt lat="54.946098" lon="25.625207"><ele>134.264</ele><time>2024-09-15T10:50:01Z</time></trkpt><trkpt lat="54.946086" lon="25.625401"><ele>134.320</ele><time>2024-09-15T10:50:02Z</time></trkpt><trkpt lat="54.946085" lon="25.625609"><ele>134.325</ele><time>2024-09-15T10:50:03Z</time></trkpt><trkpt lat="54.946114" lon="25.6258"><ele>134.334</ele><time>2024-09-15T10:50:04Z</time></trkpt><trkpt lat="54.946144" lon="25.625991"><ele>134.678</ele><time>2024-09-15T10:50:05Z</time></trkpt><trkpt lat="54.946193" lon="25.6262"><ele>135.066</ele><time>2024-09-15T10:50:06Z</time></trkpt><trkpt lat="54.94624" lon="25.626367"><ele>135.538</ele><time>2024-09-15T10:50:07Z</time></trkpt><trkpt lat="54.946313" lon="25.626507"><ele>136.353</ele><time>2024-09-15T10:50:08Z</time></trkpt><trkpt lat="54.94638" lon="25.626664"><ele>136.377</ele><time>2024-09-15T10:50:09Z</time></trkpt><trkpt lat="54.946445" lon="25.626798"><ele>135.961</ele><time>2024-09-15T10:50:10Z</time></trkpt><trkpt lat="54.946489" lon="25.626935"><ele>134.527</ele><time>2024-09-15T10:50:11Z</time></trkpt><trkpt lat="54.94651" lon="25.627091"><ele>134.509</ele><time>2024-09-15T10:50:12Z</time></trkpt><trkpt lat="54.946519" lon="25.627236"><ele>134.388</ele><time>2024-09-15T10:50:13Z</time></trkpt><trkpt lat="54.94651" lon="25.627354"><ele>133.645</ele><time>2024-09-15T10:50:14Z</time></trkpt><trkpt lat="54.946494" lon="25.627469"><ele>132.691</ele><time>2024-09-15T10:50:15Z</time></trkpt><trkpt lat="54.946479" lon="25.627579"><ele>132.286</ele><time>2024-09-15T10:50:16Z</time></trkpt><trkpt lat="54.946461" lon="25.627678"><ele>132.155</ele><time>2024-09-15T10:50:17Z</time></trkpt><trkpt lat="54.94643" lon="25.627815"><ele>132.199</ele><time>2024-09-15T10:50:18Z</time></trkpt><trkpt lat="54.946407" lon="25.627953"><ele>132.327</ele><time>2024-09-15T10:50:19Z</time></trkpt><trkpt lat="54.946391" lon="25.628079"><ele>132.329</ele><time>2024-09-15T10:50:20Z</time></trkpt><trkpt lat="54.94639" lon="25.628199"><ele>132.434</ele><time>2024-09-15T10:50:21Z</time></trkpt><trkpt lat="54.946396" lon="25.628372"><ele>132.163</ele><time>2024-09-15T10:50:22Z</time></trkpt><trkpt lat="54.946398" lon="25.628555"><ele>131.844</ele><time>2024-09-15T10:50:23Z</time></trkpt><trkpt lat="54.946411" lon="25.628754"><ele>131.618</ele><time>2024-09-15T10:50:24Z</time></trkpt><trkpt lat="54.94642" lon="25.628926"><ele>131.509</ele><time>2024-09-15T10:50:25Z</time></trkpt><trkpt lat="54.946431" lon="25.629108"><ele>131.547</ele><time>2024-09-15T10:50:26Z</time></trkpt><trkpt lat="54.946443" lon="25.629264"><ele>131.234</ele><time>2024-09-15T10:50:27Z</time></trkpt><trkpt lat="54.946461" lon="25.629371"><ele>131.150</ele><time>2024-09-15T10:50:28Z</time></trkpt><trkpt lat="54.946512" lon="25.629501"><ele>131.145</ele><time>2024-09-15T10:50:29Z</time></trkpt><trkpt lat="54.946595" lon="25.629629"><ele>131.194</ele><time>2024-09-15T10:50:30Z</time></trkpt><trkpt lat="54.946658" lon="25.629732"><ele>131.038</ele><time>2024-09-15T10:50:31Z</time></trkpt><trkpt lat="54.946715" lon="25.629837"><ele>130.446</ele><time>2024-09-15T10:50:32Z</time></trkpt><trkpt lat="54.946772" lon="25.62994"><ele>130.498</ele><time>2024-09-15T10:50:33Z</time></trkpt><trkpt lat="54.946785" lon="25.630061"><ele>130.493</ele><time>2024-09-15T10:50:34Z</time></trkpt><trkpt lat="54.946827" lon="25.630198"><ele>130.824</ele><time>2024-09-15T10:50:35Z</time></trkpt><trkpt lat="54.946847" lon="25.630357"><ele>131.504</ele><time>2024-09-15T10:50:36Z</time></trkpt><trkpt lat="54.946852" lon="25.630546"><ele>131.914</ele><time>2024-09-15T10:50:37Z</time></trkpt><trkpt lat="54.946879" lon="25.630736"><ele>131.909</ele><time>2024-09-15T10:50:38Z</time></trkpt><trkpt lat="54.946921" lon="25.630943"><ele>130.923</ele><time>2024-09-15T10:50:39Z</time></trkpt><trkpt lat="54.946972" lon="25.631136"><ele>130.940</ele><time>2024-09-15T10:50:40Z</time></trkpt><trkpt lat="54.947007" lon="25.631315"><ele>132.036</ele><time>2024-09-15T10:50:41Z</time></trkpt><trkpt lat="54.947018" lon="25.631442"><ele>132.261</ele><time>2024-09-15T10:50:42Z</time></trkpt><trkpt lat="54.947011" lon="25.631549"><ele>132.280</ele><time>2024-09-15T10:50:43Z</time></trkpt><trkpt lat="54.946999" lon="25.631671"><ele>131.934</ele><time>2024-09-15T10:50:44Z</time></trkpt><trkpt lat="54.946971" lon="25.631828"><ele>131.632</ele><time>2024-09-15T10:50:45Z</time></trkpt><trkpt lat="54.946946" lon="25.63198"><ele>131.544</ele><time>2024-09-15T10:50:46Z</time></trkpt><trkpt lat="54.946923" lon="25.632159"><ele>131.119</ele><time>2024-09-15T10:50:47Z</time></trkpt><trkpt lat="54.946878" lon="25.632353"><ele>130.883</ele><time>2024-09-15T10:50:48Z</time></trkpt><trkpt lat="54.946842" lon="25.632562"><ele>131.525</ele><time>2024-09-15T10:50:49Z</time></trkpt><trkpt lat="54.946811" lon="25.632788"><ele>131.517</ele><time>2024-09-15T10:50:50Z</time></trkpt><trkpt lat="54.946788" lon="25.632993"><ele>131.309</ele><time>2024-09-15T10:50:51Z</time></trkpt><trkpt lat="54.946801" lon="25.633194"><ele>130.869</ele><time>2024-09-15T10:50:52Z</time></trkpt><trkpt lat="54.946775" lon="25.633422"><ele>130.086</ele><time>2024-09-15T10:50:53Z</time></trkpt><trkpt lat="54.946756" lon="25.633645"><ele>130.092</ele><time>2024-09-15T10:50:54Z</time></trkpt><trkpt lat="54.946731" lon="25.633835"><ele>131.337</ele><time>2024-09-15T10:50:55Z</time></trkpt><trkpt lat="54.946728" lon="25.634013"><ele>132.086</ele><time>2024-09-15T10:50:56Z</time></trkpt><trkpt lat="54.946716" lon="25.634154"><ele>132.670</ele><time>2024-09-15T10:50:57Z</time></trkpt><trkpt lat="54.946667" lon="25.634311"><ele>132.658</ele><time>2024-09-15T10:50:58Z</time></trkpt><trkpt lat="54.946638" lon="25.63445"><ele>132.590</ele><time>2024-09-15T10:50:59Z</time></trkpt><trkpt lat="54.946588" lon="25.634577"><ele>132.315</ele><time>2024-09-15T10:51:00Z</time></trkpt><trkpt lat="54.946521" lon="25.63474"><ele>132.168</ele><time>2024-09-15T10:51:01Z</time></trkpt><trkpt lat="54.946454" lon="25.634909"><ele>133.642</ele><time>2024-09-15T10:51:02Z</time></trkpt><trkpt lat="54.946406" lon="25.635071"><ele>133.726</ele><time>2024-09-15T10:51:03Z</time></trkpt><trkpt lat="54.946345" lon="25.635242"><ele>133.709</ele><time>2024-09-15T10:51:04Z</time></trkpt><trkpt lat="54.946285" lon="25.635418"><ele>133.947</ele><time>2024-09-15T10:51:05Z</time></trkpt><trkpt lat="54.946226" lon="25.6356"><ele>133.964</ele><time>2024-09-15T10:51:06Z</time></trkpt><trkpt lat="54.946181" lon="25.635779"><ele>134.160</ele><time>2024-09-15T10:51:07Z</time></trkpt><trkpt lat="54.946158" lon="25.635957"><ele>134.895</ele><time>2024-09-15T10:51:08Z</time></trkpt><trkpt lat="54.946127" lon="25.636126"><ele>135.494</ele><time>2024-09-15T10:51:09Z</time></trkpt><trkpt lat="54.946105" lon="25.636329"><ele>135.088</ele><time>2024-09-15T10:51:10Z</time></trkpt><trkpt lat="54.946079" lon="25.63654"><ele>135.436</ele><time>2024-09-15T10:51:11Z</time></trkpt><trkpt lat="54.946053" lon="25.636754"><ele>135.098</ele><time>2024-09-15T10:51:12Z</time></trkpt><trkpt lat="54.946025" lon="25.63696"><ele>134.633</ele><time>2024-09-15T10:51:13Z</time></trkpt><trkpt lat="54.945994" lon="25.63717"><ele>134.692</ele><time>2024-09-15T10:51:14Z</time></trkpt><trkpt lat="54.945943" lon="25.63737"><ele>135.073</ele><time>2024-09-15T10:51:15Z</time></trkpt><trkpt lat="54.945894" lon="25.637548"><ele>135.020</ele><time>2024-09-15T10:51:16Z</time></trkpt><trkpt lat="54.945837" lon="25.637739"><ele>133.709</ele><time>2024-09-15T10:51:17Z</time></trkpt><trkpt lat="54.945788" lon="25.63793"><ele>132.740</ele><time>2024-09-15T10:51:18Z</time></trkpt><trkpt lat="54.945761" lon="25.638123"><ele>131.887</ele><time>2024-09-15T10:51:19Z</time></trkpt><trkpt lat="54.945729" lon="25.638319"><ele>131.693</ele><time>2024-09-15T10:51:20Z</time></trkpt><trkpt lat="54.945687" lon="25.638535"><ele>131.268</ele><time>2024-09-15T10:51:21Z</time></trkpt><trkpt lat="54.945652" lon="25.638753"><ele>130.647</ele><time>2024-09-15T10:51:22Z</time></trkpt><trkpt lat="54.945606" lon="25.638969"><ele>130.031</ele><time>2024-09-15T10:51:23Z</time></trkpt><trkpt lat="54.945573" lon="25.63917"><ele>129.389</ele><time>2024-09-15T10:51:24Z</time></trkpt><trkpt lat="54.94552" lon="25.639369"><ele>129.321</ele><time>2024-09-15T10:51:25Z</time></trkpt><trkpt lat="54.945461" lon="25.639574"><ele>129.556</ele><time>2024-09-15T10:51:26Z</time></trkpt><trkpt lat="54.945406" lon="25.639775"><ele>129.544</ele><time>2024-09-15T10:51:27Z</time></trkpt><trkpt lat="54.945347" lon="25.639983"><ele>128.605</ele><time>2024-09-15T10:51:28Z</time></trkpt><trkpt lat="54.945282" lon="25.640206"><ele>127.915</ele><time>2024-09-15T10:51:29Z</time></trkpt><trkpt lat="54.945229" lon="25.640427"><ele>126.509</ele><time>2024-09-15T10:51:30Z</time></trkpt><trkpt lat="54.945184" lon="25.64064"><ele>125.845</ele><time>2024-09-15T10:51:31Z</time></trkpt><trkpt lat="54.94514" lon="25.640853"><ele>125.932</ele><time>2024-09-15T10:51:32Z</time></trkpt><trkpt lat="54.94511" lon="25.641019"><ele>125.978</ele><time>2024-09-15T10:51:33Z</time></trkpt><trkpt lat="54.945087" lon="25.641184"><ele>125.913</ele><time>2024-09-15T10:51:34Z</time></trkpt><trkpt lat="54.945068" lon="25.641328"><ele>126.362</ele><time>2024-09-15T10:51:35Z</time></trkpt><trkpt lat="54.945053" lon="25.64148"><ele>126.326</ele><time>2024-09-15T10:51:36Z</time></trkpt><trkpt lat="54.945039" lon="25.64162"><ele>125.954</ele><time>2024-09-15T10:51:37Z</time></trkpt><trkpt lat="54.945032" lon="25.641768"><ele>125.866</ele><time>2024-09-15T10:51:38Z</time></trkpt><trkpt lat="54.945055" lon="25.641863"><ele>125.151</ele><time>2024-09-15T10:51:39Z</time></trkpt><trkpt lat="54.9451" lon="25.641924"><ele>124.288</ele><time>2024-09-15T10:51:40Z</time></trkpt><trkpt lat="54.945164" lon="25.641956"><ele>123.524</ele><time>2024-09-15T10:51:41Z</time></trkpt><trkpt lat="54.945246" lon="25.641957"><ele>123.126</ele><time>2024-09-15T10:51:42Z</time></trkpt><trkpt lat="54.945338" lon="25.641919"><ele>123.109</ele><time>2024-09-15T10:51:43Z</time></trkpt><trkpt lat="54.945443" lon="25.641843"><ele>123.139</ele><time>2024-09-15T10:51:44Z</time></trkpt><trkpt lat="54.945566" lon="25.641755"><ele>123.336</ele><time>2024-09-15T10:51:45Z</time></trkpt><trkpt lat="54.945706" lon="25.64166"><ele>123.422</ele><time>2024-09-15T10:51:46Z</time></trkpt><trkpt lat="54.945856" lon="25.641552"><ele>123.637</ele><time>2024-09-15T10:51:47Z</time></trkpt><trkpt lat="54.946011" lon="25.64144"><ele>123.716</ele><time>2024-09-15T10:51:48Z</time></trkpt><trkpt lat="54.946158" lon="25.641358"><ele>123.890</ele><time>2024-09-15T10:51:49Z</time></trkpt><trkpt lat="54.946311" lon="25.641311"><ele>123.518</ele><time>2024-09-15T10:51:50Z</time></trkpt><trkpt lat="54.946466" lon="25.641267"><ele>123.520</ele><time>2024-09-15T10:51:51Z</time></trkpt><trkpt lat="54.946625" lon="25.641229"><ele>124.085</ele><time>2024-09-15T10:51:52Z</time></trkpt><trkpt lat="54.946787" lon="25.641215"><ele>124.185</ele><time>2024-09-15T10:51:53Z</time></trkpt><trkpt lat="54.946951" lon="25.641211"><ele>124.489</ele><time>2024-09-15T10:51:54Z</time></trkpt><trkpt lat="54.947127" lon="25.641245"><ele>125.017</ele><time>2024-09-15T10:51:55Z</time></trkpt><trkpt lat="54.947301" lon="25.641286"><ele>125.609</ele><time>2024-09-15T10:51:56Z</time></trkpt><trkpt lat="54.947489" lon="25.641356"><ele>125.969</ele><time>2024-09-15T10:51:57Z</time></trkpt><trkpt lat="54.947671" lon="25.64143"><ele>126.036</ele><time>2024-09-15T10:51:58Z</time></trkpt><trkpt lat="54.947843" lon="25.64147"><ele>126.352</ele><time>2024-09-15T10:51:59Z</time></trkpt><trkpt lat="54.948007" lon="25.641509"><ele>126.777</ele><time>2024-09-15T10:52:00Z</time></trkpt><trkpt lat="54.948182" lon="25.641526"><ele>127.386</ele><time>2024-09-15T10:52:01Z</time></trkpt><trkpt lat="54.94835" lon="25.641492"><ele>127.660</ele><time>2024-09-15T10:52:02Z</time></trkpt><trkpt lat="54.948509" lon="25.641446"><ele>128.548</ele><time>2024-09-15T10:52:03Z</time></trkpt><trkpt lat="54.948678" lon="25.641353"><ele>129.570</ele><time>2024-09-15T10:52:04Z</time></trkpt><trkpt lat="54.948849" lon="25.641249"><ele>130.585</ele><time>2024-09-15T10:52:05Z</time></trkpt><trkpt lat="54.949" lon="25.64115"><ele>131.377</ele><time>2024-09-15T10:52:06Z</time></trkpt><trkpt lat="54.949161" lon="25.641037"><ele>131.761</ele><time>2024-09-15T10:52:07Z</time></trkpt><trkpt lat="54.949318" lon="25.640924"><ele>132.127</ele><time>2024-09-15T10:52:08Z</time></trkpt><trkpt lat="54.94948" lon="25.64081"><ele>132.309</ele><time>2024-09-15T10:52:09Z</time></trkpt><trkpt lat="54.94964" lon="25.640725"><ele>132.678</ele><time>2024-09-15T10:52:10Z</time></trkpt><trkpt lat="54.949808" lon="25.640656"><ele>132.875</ele><time>2024-09-15T10:52:11Z</time></trkpt><trkpt lat="54.949942" lon="25.640594"><ele>133.251</ele><time>2024-09-15T10:52:12Z</time></trkpt><trkpt lat="54.950096" lon="25.640504"><ele>133.226</ele><time>2024-09-15T10:52:13Z</time></trkpt><trkpt lat="54.950243" lon="25.640407"><ele>132.945</ele><time>2024-09-15T10:52:14Z</time></trkpt><trkpt lat="54.950388" lon="25.640289"><ele>133.299</ele><time>2024-09-15T10:52:15Z</time></trkpt><trkpt lat="54.950533" lon="25.640176"><ele>133.447</ele><time>2024-09-15T10:52:16Z</time></trkpt><trkpt lat="54.95069" lon="25.640082"><ele>133.559</ele><time>2024-09-15T10:52:17Z</time></trkpt><trkpt lat="54.950851" lon="25.639994"><ele>133.994</ele><time>2024-09-15T10:52:18Z</time></trkpt><trkpt lat="54.951017" lon="25.639953"><ele>134.556</ele><time>2024-09-15T10:52:19Z</time></trkpt><trkpt lat="54.951191" lon="25.63991"><ele>135.459</ele><time>2024-09-15T10:52:20Z</time></trkpt><trkpt lat="54.951369" lon="25.639873"><ele>136.014</ele><time>2024-09-15T10:52:21Z</time></trkpt><trkpt lat="54.951561" lon="25.639856"><ele>135.709</ele><time>2024-09-15T10:52:22Z</time></trkpt><trkpt lat="54.951749" lon="25.639845"><ele>135.096</ele><time>2024-09-15T10:52:23Z</time></trkpt><trkpt lat="54.951941" lon="25.639848"><ele>134.843</ele><time>2024-09-15T10:52:24Z</time></trkpt><trkpt lat="54.952126" lon="25.639839"><ele>135.099</ele><time>2024-09-15T10:52:25Z</time></trkpt><trkpt lat="54.952307" lon="25.639821"><ele>135.234</ele><time>2024-09-15T10:52:26Z</time></trkpt><trkpt lat="54.952469" lon="25.639818"><ele>135.863</ele><time>2024-09-15T10:52:27Z</time></trkpt><trkpt lat="54.952627" lon="25.639811"><ele>136.157</ele><time>2024-09-15T10:52:28Z</time></trkpt><trkpt lat="54.952783" lon="25.639807"><ele>137.045</ele><time>2024-09-15T10:52:29Z</time></trkpt><trkpt lat="54.952957" lon="25.639791"><ele>138.127</ele><time>2024-09-15T10:52:30Z</time></trkpt><trkpt lat="54.953108" lon="25.639759"><ele>138.512</ele><time>2024-09-15T10:52:31Z</time></trkpt><trkpt lat="54.95323" lon="25.639751"><ele>138.798</ele><time>2024-09-15T10:52:32Z</time></trkpt><trkpt lat="54.953367" lon="25.639778"><ele>139.415</ele><time>2024-09-15T10:52:33Z</time></trkpt><trkpt lat="54.953502" lon="25.639829"><ele>139.926</ele><time>2024-09-15T10:52:34Z</time></trkpt><trkpt lat="54.953643" lon="25.639861"><ele>140.109</ele><time>2024-09-15T10:52:35Z</time></trkpt><trkpt lat="54.953789" lon="25.639872"><ele>140.670</ele><time>2024-09-15T10:52:36Z</time></trkpt><trkpt lat="54.953926" lon="25.639824"><ele>141.567</ele><time>2024-09-15T10:52:37Z</time></trkpt><trkpt lat="54.954065" lon="25.639746"><ele>141.473</ele><time>2024-09-15T10:52:38Z</time></trkpt><trkpt lat="54.954199" lon="25.639673"><ele>141.218</ele><time>2024-09-15T10:52:39Z</time></trkpt><trkpt lat="54.954332" lon="25.63963"><ele>140.547</ele><time>2024-09-15T10:52:40Z</time></trkpt><trkpt lat="54.954464" lon="25.639623"><ele>140.051</ele><time>2024-09-15T10:52:41Z</time></trkpt><trkpt lat="54.954612" lon="25.639636"><ele>140.199</ele><time>2024-09-15T10:52:42Z</time></trkpt><trkpt lat="54.954767" lon="25.639675"><ele>140.271</ele><time>2024-09-15T10:52:43Z</time></trkpt><trkpt lat="54.954924" lon="25.63969"><ele>141.256</ele><time>2024-09-15T10:52:44Z</time></trkpt><trkpt lat="54.955083" lon="25.639683"><ele>142.862</ele><time>2024-09-15T10:52:45Z</time></trkpt><trkpt lat="54.955245" lon="25.639708"><ele>143.783</ele><time>2024-09-15T10:52:46Z</time></trkpt><trkpt lat="54.955418" lon="25.63972"><ele>143.911</ele><time>2024-09-15T10:52:47Z</time></trkpt><trkpt lat="54.95556" lon="25.63972"><ele>143.609</ele><time>2024-09-15T10:52:48Z</time></trkpt><trkpt lat="54.955706" lon="25.639727"><ele>143.237</ele><time>2024-09-15T10:52:49Z</time></trkpt><trkpt lat="54.955801" lon="25.639683"><ele>143.194</ele><time>2024-09-15T10:52:50Z</time></trkpt><trkpt lat="54.955938" lon="25.639654"><ele>143.210</ele><time>2024-09-15T10:52:51Z</time></trkpt><trkpt lat="54.956088" lon="25.639649"><ele>144.575</ele><time>2024-09-15T10:52:52Z</time></trkpt><trkpt lat="54.956233" lon="25.639646"><ele>144.984</ele><time>2024-09-15T10:52:53Z</time></trkpt><trkpt lat="54.956385" lon="25.639647"><ele>145.318</ele><time>2024-09-15T10:52:54Z</time></trkpt><trkpt lat="54.956569" lon="25.63968"><ele>145.346</ele><time>2024-09-15T10:52:55Z</time></trkpt><trkpt lat="54.95671" lon="25.639706"><ele>145.448</ele><time>2024-09-15T10:52:56Z</time></trkpt><trkpt lat="54.956853" lon="25.639698"><ele>145.593</ele><time>2024-09-15T10:52:57Z</time></trkpt><trkpt lat="54.957007" lon="25.639652"><ele>145.927</ele><time>2024-09-15T10:52:58Z</time></trkpt><trkpt lat="54.957156" lon="25.639628"><ele>146.268</ele><time>2024-09-15T10:52:59Z</time></trkpt><trkpt lat="54.957316" lon="25.639596"><ele>146.414</ele><time>2024-09-15T10:53:00Z</time></trkpt><trkpt lat="54.957466" lon="25.639588"><ele>147.009</ele><time>2024-09-15T10:53:01Z</time></trkpt><trkpt lat="54.957616" lon="25.639597"><ele>147.563</ele><time>2024-09-15T10:53:02Z</time></trkpt><trkpt lat="54.957765" lon="25.639614"><ele>147.420</ele><time>2024-09-15T10:53:03Z</time></trkpt><trkpt lat="54.957921" lon="25.639605"><ele>147.536</ele><time>2024-09-15T10:53:04Z</time></trkpt><trkpt lat="54.958074" lon="25.639552"><ele>147.851</ele><time>2024-09-15T10:53:05Z</time></trkpt><trkpt lat="54.958222" lon="25.639535"><ele>147.970</ele><time>2024-09-15T10:53:06Z</time></trkpt><trkpt lat="54.958363" lon="25.639505"><ele>147.524</ele><time>2024-09-15T10:53:07Z</time></trkpt><trkpt lat="54.958464" lon="25.639489"><ele>146.662</ele><time>2024-09-15T10:53:08Z</time></trkpt><trkpt lat="54.958584" lon="25.639485"><ele>146.434</ele><time>2024-09-15T10:53:09Z</time></trkpt><trkpt lat="54.958652" lon="25.639577"><ele>146.219</ele><time>2024-09-15T10:53:10Z</time></trkpt><trkpt lat="54.958759" lon="25.639653"><ele>146.235</ele><time>2024-09-15T10:53:11Z</time></trkpt><trkpt lat="54.958865" lon="25.639727"><ele>146.586</ele><time>2024-09-15T10:53:12Z</time></trkpt><trkpt lat="54.958979" lon="25.639758"><ele>147.114</ele><time>2024-09-15T10:53:13Z</time></trkpt><trkpt lat="54.959143" lon="25.639755"><ele>147.109</ele><time>2024-09-15T10:53:14Z</time></trkpt><trkpt lat="54.959258" lon="25.639769"><ele>148.684</ele><time>2024-09-15T10:53:15Z</time></trkpt><trkpt lat="54.959396" lon="25.639831"><ele>150.221</ele><time>2024-09-15T10:53:16Z</time></trkpt><trkpt lat="54.959534" lon="25.639903"><ele>150.517</ele><time>2024-09-15T10:53:17Z</time></trkpt><trkpt lat="54.959679" lon="25.639992"><ele>150.212</ele><time>2024-09-15T10:53:18Z</time></trkpt><trkpt lat="54.959823" lon="25.640086"><ele>150.221</ele><time>2024-09-15T10:53:19Z</time></trkpt><trkpt lat="54.95997" lon="25.640186"><ele>150.665</ele><time>2024-09-15T10:53:20Z</time></trkpt><trkpt lat="54.960123" lon="25.640298"><ele>151.013</ele><time>2024-09-15T10:53:21Z</time></trkpt><trkpt lat="54.960274" lon="25.640402"><ele>151.485</ele><time>2024-09-15T10:53:22Z</time></trkpt><trkpt lat="54.960434" lon="25.640514"><ele>151.950</ele><time>2024-09-15T10:53:23Z</time></trkpt><trkpt lat="54.960588" lon="25.640623"><ele>152.067</ele><time>2024-09-15T10:53:24Z</time></trkpt><trkpt lat="54.960736" lon="25.640712"><ele>151.781</ele><time>2024-09-15T10:53:25Z</time></trkpt><trkpt lat="54.960859" lon="25.640799"><ele>151.519</ele><time>2024-09-15T10:53:26Z</time></trkpt><trkpt lat="54.960953" lon="25.640897"><ele>151.109</ele><time>2024-09-15T10:53:27Z</time></trkpt><trkpt lat="54.961031" lon="25.641031"><ele>150.997</ele><time>2024-09-15T10:53:28Z</time></trkpt><trkpt lat="54.961114" lon="25.641175"><ele>150.774</ele><time>2024-09-15T10:53:29Z</time></trkpt><trkpt lat="54.961206" lon="25.641319"><ele>150.530</ele><time>2024-09-15T10:53:30Z</time></trkpt><trkpt lat="54.9613" lon="25.641462"><ele>149.875</ele><time>2024-09-15T10:53:31Z</time></trkpt><trkpt lat="54.961391" lon="25.641589"><ele>149.174</ele><time>2024-09-15T10:53:32Z</time></trkpt><trkpt lat="54.961502" lon="25.641662"><ele>148.988</ele><time>2024-09-15T10:53:33Z</time></trkpt><trkpt lat="54.961617" lon="25.641752"><ele>148.626</ele><time>2024-09-15T10:53:34Z</time></trkpt><trkpt lat="54.961742" lon="25.64185"><ele>148.188</ele><time>2024-09-15T10:53:35Z</time></trkpt><trkpt lat="54.961868" lon="25.641954"><ele>148.133</ele><time>2024-09-15T10:53:36Z</time></trkpt><trkpt lat="54.961997" lon="25.642058"><ele>148.437</ele><time>2024-09-15T10:53:37Z</time></trkpt><trkpt lat="54.962127" lon="25.642157"><ele>148.849</ele><time>2024-09-15T10:53:38Z</time></trkpt><trkpt lat="54.962235" lon="25.642242"><ele>149.513</ele><time>2024-09-15T10:53:39Z</time></trkpt><trkpt lat="54.962315" lon="25.642329"><ele>149.909</ele><time>2024-09-15T10:53:40Z</time></trkpt><trkpt lat="54.962368" lon="25.642422"><ele>150.224</ele><time>2024-09-15T10:53:41Z</time></trkpt><trkpt lat="54.962412" lon="25.642526"><ele>150.591</ele><time>2024-09-15T10:53:42Z</time></trkpt><trkpt lat="54.962416" lon="25.642659"><ele>150.657</ele><time>2024-09-15T10:53:43Z</time></trkpt><trkpt lat="54.962415" lon="25.64282"><ele>150.852</ele><time>2024-09-15T10:53:44Z</time></trkpt><trkpt lat="54.962421" lon="25.643006"><ele>151.191</ele><time>2024-09-15T10:53:45Z</time></trkpt><trkpt lat="54.962433" lon="25.643213"><ele>151.325</ele><time>2024-09-15T10:53:46Z</time></trkpt><trkpt lat="54.962445" lon="25.643427"><ele>151.533</ele><time>2024-09-15T10:53:47Z</time></trkpt><trkpt lat="54.962466" lon="25.643642"><ele>152.185</ele><time>2024-09-15T10:53:48Z</time></trkpt><trkpt lat="54.96248" lon="25.643835"><ele>152.120</ele><time>2024-09-15T10:53:49Z</time></trkpt><trkpt lat="54.962485" lon="25.644005"><ele>152.439</ele><time>2024-09-15T10:53:50Z</time></trkpt><trkpt lat="54.962501" lon="25.644132"><ele>152.401</ele><time>2024-09-15T10:53:51Z</time></trkpt><trkpt lat="54.962513" lon="25.644276"><ele>152.621</ele><time>2024-09-15T10:53:53Z</time></trkpt><trkpt lat="54.962501" lon="25.644409"><ele>155.009</ele><time>2024-09-15T10:54:36Z</time></trkpt><trkpt lat="54.962485" lon="25.644524"><ele>155.154</ele><time>2024-09-15T10:54:37Z</time></trkpt><trkpt lat="54.962488" lon="25.644649"><ele>155.161</ele><time>2024-09-15T10:54:38Z</time></trkpt><trkpt lat="54.962507" lon="25.644751"><ele>155.127</ele><time>2024-09-15T10:54:39Z</time></trkpt><trkpt lat="54.962527" lon="25.644857"><ele>155.062</ele><time>2024-09-15T10:54:40Z</time></trkpt><trkpt lat="54.96254" lon="25.644997"><ele>155.121</ele><time>2024-09-15T10:54:41Z</time></trkpt><trkpt lat="54.962555" lon="25.645112"><ele>155.145</ele><time>2024-09-15T10:54:42Z</time></trkpt><trkpt lat="54.96256" lon="25.645231"><ele>155.073</ele><time>2024-09-15T10:54:43Z</time></trkpt><trkpt lat="54.962587" lon="25.645405"><ele>154.845</ele><time>2024-09-15T10:54:44Z</time></trkpt><trkpt lat="54.962598" lon="25.645553"><ele>154.810</ele><time>2024-09-15T10:54:45Z</time></trkpt><trkpt lat="54.962597" lon="25.645749"><ele>154.897</ele><time>2024-09-15T10:54:46Z</time></trkpt><trkpt lat="54.962612" lon="25.645954"><ele>154.723</ele><time>2024-09-15T10:54:47Z</time></trkpt><trkpt lat="54.962631" lon="25.646173"><ele>154.125</ele><time>2024-09-15T10:54:48Z</time></trkpt><trkpt lat="54.962642" lon="25.646378"><ele>153.709</ele><time>2024-09-15T10:54:49Z</time></trkpt><trkpt lat="54.962655" lon="25.646571"><ele>153.320</ele><time>2024-09-15T10:54:50Z</time></trkpt><trkpt lat="54.962659" lon="25.646738"><ele>152.787</ele><time>2024-09-15T10:54:51Z</time></trkpt><trkpt lat="54.962666" lon="25.646897"><ele>152.773</ele><time>2024-09-15T10:54:52Z</time></trkpt><trkpt lat="54.962675" lon="25.647032"><ele>154.028</ele><time>2024-09-15T10:54:53Z</time></trkpt><trkpt lat="54.962699" lon="25.64721"><ele>153.767</ele><time>2024-09-15T10:54:54Z</time></trkpt><trkpt lat="54.96271" lon="25.647375"><ele>154.131</ele><time>2024-09-15T10:54:55Z</time></trkpt><trkpt lat="54.962721" lon="25.647535"><ele>155.059</ele><time>2024-09-15T10:54:56Z</time></trkpt><trkpt lat="54.962733" lon="25.647725"><ele>155.341</ele><time>2024-09-15T10:54:57Z</time></trkpt><trkpt lat="54.962742" lon="25.647907"><ele>155.956</ele><time>2024-09-15T10:54:58Z</time></trkpt><trkpt lat="54.962766" lon="25.64807"><ele>156.111</ele><time>2024-09-15T10:54:59Z</time></trkpt><trkpt lat="54.962766" lon="25.648208"><ele>156.121</ele><time>2024-09-15T10:55:00Z</time></trkpt><trkpt lat="54.962769" lon="25.648345"><ele>156.003</ele><time>2024-09-15T10:55:01Z</time></trkpt><trkpt lat="54.962785" lon="25.648502"><ele>155.809</ele><time>2024-09-15T10:55:02Z</time></trkpt><trkpt lat="54.962805" lon="25.648693"><ele>155.522</ele><time>2024-09-15T10:55:03Z</time></trkpt><trkpt lat="54.962815" lon="25.648834"><ele>154.839</ele><time>2024-09-15T10:55:04Z</time></trkpt><trkpt lat="54.962821" lon="25.649013"><ele>153.455</ele><time>2024-09-15T10:55:05Z</time></trkpt><trkpt lat="54.962812" lon="25.649142"><ele>152.320</ele><time>2024-09-15T10:55:06Z</time></trkpt><trkpt lat="54.962822" lon="25.649244"><ele>152.149</ele><time>2024-09-15T10:55:07Z</time></trkpt><trkpt lat="54.962824" lon="25.649338"><ele>151.673</ele><time>2024-09-15T10:55:08Z</time></trkpt><trkpt lat="54.962816" lon="25.64949"><ele>149.961</ele><time>2024-09-15T10:55:10Z</time></trkpt><trkpt lat="54.962829" lon="25.649674"><ele>149.453</ele><time>2024-09-15T10:55:12Z</time></trkpt><trkpt lat="54.962846" lon="25.649775"><ele>149.488</ele><time>2024-09-15T10:55:13Z</time></trkpt><trkpt lat="54.962854" lon="25.649905"><ele>149.464</ele><time>2024-09-15T10:55:14Z</time></trkpt><trkpt lat="54.96287" lon="25.650011"><ele>149.506</ele><time>2024-09-15T10:55:15Z</time></trkpt><trkpt lat="54.96289" lon="25.650152"><ele>149.516</ele><time>2024-09-15T10:55:16Z</time></trkpt><trkpt lat="54.962912" lon="25.650271"><ele>149.409</ele><time>2024-09-15T10:55:17Z</time></trkpt><trkpt lat="54.962923" lon="25.650415"><ele>149.497</ele><time>2024-09-15T10:55:18Z</time></trkpt><trkpt lat="54.962934" lon="25.650547"><ele>149.734</ele><time>2024-09-15T10:55:19Z</time></trkpt><trkpt lat="54.962944" lon="25.650715"><ele>149.720</ele><time>2024-09-15T10:55:20Z</time></trkpt><trkpt lat="54.962963" lon="25.6509"><ele>149.725</ele><time>2024-09-15T10:55:21Z</time></trkpt><trkpt lat="54.962966" lon="25.651075"><ele>149.314</ele><time>2024-09-15T10:55:22Z</time></trkpt><trkpt lat="54.962969" lon="25.651255"><ele>149.318</ele><time>2024-09-15T10:55:23Z</time></trkpt><trkpt lat="54.962977" lon="25.651427"><ele>148.816</ele><time>2024-09-15T10:55:24Z</time></trkpt><trkpt lat="54.962996" lon="25.651573"><ele>148.848</ele><time>2024-09-15T10:55:25Z</time></trkpt><trkpt lat="54.963002" lon="25.651721"><ele>149.183</ele><time>2024-09-15T10:55:26Z</time></trkpt><trkpt lat="54.96301" lon="25.651887"><ele>149.841</ele><time>2024-09-15T10:55:27Z</time></trkpt><trkpt lat="54.963023" lon="25.652041"><ele>149.681</ele><time>2024-09-15T10:55:28Z</time></trkpt><trkpt lat="54.963037" lon="25.652189"><ele>149.809</ele><time>2024-09-15T10:55:29Z</time></trkpt><trkpt lat="54.963038" lon="25.652325"><ele>149.409</ele><time>2024-09-15T10:55:30Z</time></trkpt><trkpt lat="54.963047" lon="25.652493"><ele>149.095</ele><time>2024-09-15T10:55:31Z</time></trkpt><trkpt lat="54.963066" lon="25.65264"><ele>148.382</ele><time>2024-09-15T10:55:32Z</time></trkpt><trkpt lat="54.963061" lon="25.652842"><ele>148.398</ele><time>2024-09-15T10:55:33Z</time></trkpt><trkpt lat="54.963076" lon="25.653025"><ele>148.873</ele><time>2024-09-15T10:55:34Z</time></trkpt><trkpt lat="54.96309" lon="25.653171"><ele>148.822</ele><time>2024-09-15T10:55:35Z</time></trkpt><trkpt lat="54.963102" lon="25.653318"><ele>148.896</ele><time>2024-09-15T10:55:36Z</time></trkpt><trkpt lat="54.963118" lon="25.65344"><ele>149.314</ele><time>2024-09-15T10:55:37Z</time></trkpt><trkpt lat="54.963131" lon="25.653571"><ele>148.846</ele><time>2024-09-15T10:55:38Z</time></trkpt><trkpt lat="54.963143" lon="25.653739"><ele>148.631</ele><time>2024-09-15T10:55:39Z</time></trkpt><trkpt lat="54.963148" lon="25.653906"><ele>147.994</ele><time>2024-09-15T10:55:40Z</time></trkpt><trkpt lat="54.963152" lon="25.654082"><ele>147.557</ele><time>2024-09-15T10:55:41Z</time></trkpt><trkpt lat="54.963165" lon="25.654247"><ele>146.622</ele><time>2024-09-15T10:55:42Z</time></trkpt><trkpt lat="54.96318" lon="25.654418"><ele>146.609</ele><time>2024-09-15T10:55:43Z</time></trkpt><trkpt lat="54.963181" lon="25.654578"><ele>146.730</ele><time>2024-09-15T10:55:44Z</time></trkpt><trkpt lat="54.963188" lon="25.654734"><ele>147.917</ele><time>2024-09-15T10:55:45Z</time></trkpt><trkpt lat="54.963197" lon="25.654875"><ele>148.173</ele><time>2024-09-15T10:55:46Z</time></trkpt><trkpt lat="54.963221" lon="25.655024"><ele>148.468</ele><time>2024-09-15T10:55:47Z</time></trkpt><trkpt lat="54.963228" lon="25.655181"><ele>148.497</ele><time>2024-09-15T10:55:48Z</time></trkpt><trkpt lat="54.963234" lon="25.655325"><ele>149.241</ele><time>2024-09-15T10:55:49Z</time></trkpt><trkpt lat="54.96324" lon="25.655476"><ele>149.739</ele><time>2024-09-15T10:55:50Z</time></trkpt><trkpt lat="54.96325" lon="25.65564"><ele>149.781</ele><time>2024-09-15T10:55:51Z</time></trkpt><trkpt lat="54.96325" lon="25.655826"><ele>149.776</ele><time>2024-09-15T10:55:52Z</time></trkpt><trkpt lat="54.963265" lon="25.655978"><ele>149.445</ele><time>2024-09-15T10:55:53Z</time></trkpt><trkpt lat="54.963276" lon="25.656148"><ele>148.447</ele><time>2024-09-15T10:55:54Z</time></trkpt><trkpt lat="54.963283" lon="25.6563"><ele>148.311</ele><time>2024-09-15T10:55:55Z</time></trkpt><trkpt lat="54.963295" lon="25.656436"><ele>148.409</ele><time>2024-09-15T10:55:56Z</time></trkpt><trkpt lat="54.963306" lon="25.656556"><ele>149.285</ele><time>2024-09-15T10:55:57Z</time></trkpt><trkpt lat="54.963314" lon="25.656633"><ele>150.392</ele><time>2024-09-15T10:55:58Z</time></trkpt><trkpt lat="54.963373" lon="25.656693"><ele>151.298</ele><time>2024-09-15T10:56:00Z</time></trkpt><trkpt lat="54.963403" lon="25.65676"><ele>152.893</ele><time>2024-09-15T10:56:02Z</time></trkpt><trkpt lat="54.963356" lon="25.656906"><ele>152.912</ele><time>2024-09-15T10:56:04Z</time></trkpt><trkpt lat="54.96332" lon="25.656971"><ele>153.066</ele><time>2024-09-15T10:56:09Z</time></trkpt><trkpt lat="54.963318" lon="25.657125"><ele>154.054</ele><time>2024-09-15T10:56:11Z</time></trkpt><trkpt lat="54.963326" lon="25.657222"><ele>154.596</ele><time>2024-09-15T10:56:12Z</time></trkpt><trkpt lat="54.963334" lon="25.657336"><ele>154.711</ele><time>2024-09-15T10:56:13Z</time></trkpt><trkpt lat="54.963329" lon="25.657474"><ele>154.989</ele><time>2024-09-15T10:56:14Z</time></trkpt><trkpt lat="54.963349" lon="25.65763"><ele>155.706</ele><time>2024-09-15T10:56:15Z</time></trkpt><trkpt lat="54.963375" lon="25.657801"><ele>155.526</ele><time>2024-09-15T10:56:16Z</time></trkpt><trkpt lat="54.963387" lon="25.657946"><ele>155.309</ele><time>2024-09-15T10:56:17Z</time></trkpt><trkpt lat="54.963403" lon="25.6581"><ele>157.579</ele><time>2024-09-15T10:56:18Z</time></trkpt><trkpt lat="54.963413" lon="25.658262"><ele>158.046</ele><time>2024-09-15T10:56:19Z</time></trkpt><trkpt lat="54.963428" lon="25.658431"><ele>158.022</ele><time>2024-09-15T10:56:20Z</time></trkpt><trkpt lat="54.963433" lon="25.658642"><ele>158.127</ele><time>2024-09-15T10:56:21Z</time></trkpt><trkpt lat="54.963443" lon="25.65882"><ele>158.196</ele><time>2024-09-15T10:56:22Z</time></trkpt><trkpt lat="54.963445" lon="25.65902"><ele>158.110</ele><time>2024-09-15T10:56:23Z</time></trkpt><trkpt lat="54.963451" lon="25.659193"><ele>158.088</ele><time>2024-09-15T10:56:24Z</time></trkpt><trkpt lat="54.963458" lon="25.659348"><ele>157.850</ele><time>2024-09-15T10:56:25Z</time></trkpt><trkpt lat="54.963463" lon="25.659488"><ele>157.375</ele><time>2024-09-15T10:56:26Z</time></trkpt><trkpt lat="54.963477" lon="25.659656"><ele>157.125</ele><time>2024-09-15T10:56:27Z</time></trkpt><trkpt lat="54.963481" lon="25.659837"><ele>156.826</ele><time>2024-09-15T10:56:28Z</time></trkpt><trkpt lat="54.963491" lon="25.660033"><ele>154.308</ele><time>2024-09-15T10:56:29Z</time></trkpt><trkpt lat="54.963508" lon="25.6602"><ele>152.309</ele><time>2024-09-15T10:56:30Z</time></trkpt><trkpt lat="54.963529" lon="25.660352"><ele>152.143</ele><time>2024-09-15T10:56:31Z</time></trkpt><trkpt lat="54.963549" lon="25.660519"><ele>151.610</ele><time>2024-09-15T10:56:32Z</time></trkpt><trkpt lat="54.963556" lon="25.660682"><ele>149.756</ele><time>2024-09-15T10:56:33Z</time></trkpt><trkpt lat="54.963567" lon="25.660842"><ele>149.011</ele><time>2024-09-15T10:56:34Z</time></trkpt><trkpt lat="54.963579" lon="25.660959"><ele>148.980</ele><time>2024-09-15T10:56:35Z</time></trkpt><trkpt lat="54.9636" lon="25.661059"><ele>149.094</ele><time>2024-09-15T10:56:36Z</time></trkpt><trkpt lat="54.96364" lon="25.661132"><ele>149.142</ele><time>2024-09-15T10:56:37Z</time></trkpt><trkpt lat="54.963738" lon="25.661122"><ele>149.024</ele><time>2024-09-15T10:56:38Z</time></trkpt><trkpt lat="54.963834" lon="25.661099"><ele>149.079</ele><time>2024-09-15T10:56:39Z</time></trkpt><trkpt lat="54.963962" lon="25.661064"><ele>148.433</ele><time>2024-09-15T10:56:40Z</time></trkpt><trkpt lat="54.964086" lon="25.661043"><ele>146.423</ele><time>2024-09-15T10:56:41Z</time></trkpt><trkpt lat="54.964191" lon="25.661042"><ele>146.015</ele><time>2024-09-15T10:56:42Z</time></trkpt><trkpt lat="54.964273" lon="25.661006"><ele>146.309</ele><time>2024-09-15T10:56:43Z</time></trkpt><trkpt lat="54.964357" lon="25.660996"><ele>146.344</ele><time>2024-09-15T10:56:44Z</time></trkpt><trkpt lat="54.964436" lon="25.660984"><ele>146.861</ele><time>2024-09-15T10:56:45Z</time></trkpt><trkpt lat="54.964519" lon="25.66097"><ele>147.187</ele><time>2024-09-15T10:56:46Z</time></trkpt><trkpt lat="54.96461" lon="25.660947"><ele>147.182</ele><time>2024-09-15T10:56:47Z</time></trkpt><trkpt lat="54.964693" lon="25.660935"><ele>147.091</ele><time>2024-09-15T10:56:48Z</time></trkpt><trkpt lat="54.964785" lon="25.660913"><ele>146.795</ele><time>2024-09-15T10:56:49Z</time></trkpt><trkpt lat="54.964879" lon="25.660888"><ele>145.963</ele><time>2024-09-15T10:56:50Z</time></trkpt><trkpt lat="54.96498" lon="25.660877"><ele>144.845</ele><time>2024-09-15T10:56:51Z</time></trkpt><trkpt lat="54.965087" lon="25.660867"><ele>144.820</ele><time>2024-09-15T10:56:52Z</time></trkpt><trkpt lat="54.965203" lon="25.660841"><ele>144.753</ele><time>2024-09-15T10:56:53Z</time></trkpt><trkpt lat="54.965319" lon="25.660814"><ele>144.504</ele><time>2024-09-15T10:56:54Z</time></trkpt><trkpt lat="54.965451" lon="25.660785"><ele>144.514</ele><time>2024-09-15T10:56:55Z</time></trkpt><trkpt lat="54.965621" lon="25.660761"><ele>144.509</ele><time>2024-09-15T10:56:56Z</time></trkpt><trkpt lat="54.965768" lon="25.660736"><ele>144.416</ele><time>2024-09-15T10:56:57Z</time></trkpt><trkpt lat="54.965914" lon="25.660713"><ele>144.213</ele><time>2024-09-15T10:56:58Z</time></trkpt><trkpt lat="54.966058" lon="25.66068"><ele>144.329</ele><time>2024-09-15T10:56:59Z</time></trkpt><trkpt lat="54.966196" lon="25.660655"><ele>144.414</ele><time>2024-09-15T10:57:00Z</time></trkpt><trkpt lat="54.966311" lon="25.660659"><ele>144.473</ele><time>2024-09-15T10:57:01Z</time></trkpt><trkpt lat="54.966447" lon="25.660632"><ele>144.697</ele><time>2024-09-15T10:57:02Z</time></trkpt><trkpt lat="54.966588" lon="25.660597"><ele>145.325</ele><time>2024-09-15T10:57:03Z</time></trkpt><trkpt lat="54.966686" lon="25.660563"><ele>146.577</ele><time>2024-09-15T10:57:04Z</time></trkpt><trkpt lat="54.966792" lon="25.660538"><ele>146.582</ele><time>2024-09-15T10:57:05Z</time></trkpt><trkpt lat="54.966929" lon="25.660509"><ele>146.551</ele><time>2024-09-15T10:57:06Z</time></trkpt><trkpt lat="54.967055" lon="25.660473"><ele>146.501</ele><time>2024-09-15T10:57:07Z</time></trkpt><trkpt lat="54.967171" lon="25.660454"><ele>147.611</ele><time>2024-09-15T10:57:08Z</time></trkpt><trkpt lat="54.9673" lon="25.660427"><ele>147.809</ele><time>2024-09-15T10:57:09Z</time></trkpt><trkpt lat="54.967425" lon="25.660401"><ele>148.316</ele><time>2024-09-15T10:57:10Z</time></trkpt><trkpt lat="54.967553" lon="25.660382"><ele>149.743</ele><time>2024-09-15T10:57:11Z</time></trkpt><trkpt lat="54.967672" lon="25.660371"><ele>151.659</ele><time>2024-09-15T10:57:12Z</time></trkpt><trkpt lat="54.967791" lon="25.66035"><ele>151.814</ele><time>2024-09-15T10:57:13Z</time></trkpt><trkpt lat="54.967916" lon="25.660329"><ele>154.033</ele><time>2024-09-15T10:57:14Z</time></trkpt><trkpt lat="54.968032" lon="25.660321"><ele>154.127</ele><time>2024-09-15T10:57:15Z</time></trkpt><trkpt lat="54.968117" lon="25.660297"><ele>154.815</ele><time>2024-09-15T10:57:16Z</time></trkpt><trkpt lat="54.968183" lon="25.660279"><ele>155.257</ele><time>2024-09-15T10:57:17Z</time></trkpt><trkpt lat="54.968228" lon="25.660304"><ele>155.312</ele><time>2024-09-15T10:57:18Z</time></trkpt><trkpt lat="54.968271" lon="25.660341"><ele>155.349</ele><time>2024-09-15T10:57:19Z</time></trkpt><trkpt lat="54.96829" lon="25.660436"><ele>155.202</ele><time>2024-09-15T10:57:20Z</time></trkpt><trkpt lat="54.968321" lon="25.660565"><ele>154.822</ele><time>2024-09-15T10:57:21Z</time></trkpt><trkpt lat="54.968327" lon="25.660724"><ele>154.709</ele><time>2024-09-15T10:57:22Z</time></trkpt><trkpt lat="54.968321" lon="25.660978"><ele>154.445</ele><time>2024-09-15T10:57:23Z</time></trkpt><trkpt lat="54.968356" lon="25.661159"><ele>154.782</ele><time>2024-09-15T10:57:24Z</time></trkpt><trkpt lat="54.968368" lon="25.661272"><ele>154.228</ele><time>2024-09-15T10:57:25Z</time></trkpt><trkpt lat="54.968378" lon="25.661366"><ele>150.593</ele><time>2024-09-15T10:57:26Z</time></trkpt><trkpt lat="54.968379" lon="25.661446"><ele>151.152</ele><time>2024-09-15T10:57:27Z</time></trkpt><trkpt lat="54.968375" lon="25.661578"><ele>151.046</ele><time>2024-09-15T10:57:28Z</time></trkpt><trkpt lat="54.968356" lon="25.661742"><ele>151.024</ele><time>2024-09-15T10:57:29Z</time></trkpt><trkpt lat="54.96835" lon="25.661934"><ele>151.276</ele><time>2024-09-15T10:57:30Z</time></trkpt><trkpt lat="54.968335" lon="25.662128"><ele>150.021</ele><time>2024-09-15T10:57:31Z</time></trkpt><trkpt lat="54.96832" lon="25.662325"><ele>150.032</ele><time>2024-09-15T10:57:32Z</time></trkpt><trkpt lat="54.968318" lon="25.662486"><ele>149.392</ele><time>2024-09-15T10:57:33Z</time></trkpt><trkpt lat="54.968301" lon="25.662635"><ele>148.811</ele><time>2024-09-15T10:57:34Z</time></trkpt><trkpt lat="54.968294" lon="25.662772"><ele>148.209</ele><time>2024-09-15T10:57:35Z</time></trkpt><trkpt lat="54.968278" lon="25.662891"><ele>148.024</ele><time>2024-09-15T10:57:36Z</time></trkpt><trkpt lat="54.968274" lon="25.662978"><ele>147.341</ele><time>2024-09-15T10:57:37Z</time></trkpt><trkpt lat="54.968283" lon="25.663064"><ele>146.617</ele><time>2024-09-15T10:57:38Z</time></trkpt><trkpt lat="54.968289" lon="25.663155"><ele>146.392</ele><time>2024-09-15T10:57:39Z</time></trkpt><trkpt lat="54.968289" lon="25.663267"><ele>145.131</ele><time>2024-09-15T10:57:40Z</time></trkpt><trkpt lat="54.968289" lon="25.663424"><ele>143.585</ele><time>2024-09-15T10:57:41Z</time></trkpt><trkpt lat="54.968286" lon="25.663582"><ele>143.443</ele><time>2024-09-15T10:57:42Z</time></trkpt><trkpt lat="54.968285" lon="25.663756"><ele>142.225</ele><time>2024-09-15T10:57:43Z</time></trkpt><trkpt lat="54.96829" lon="25.663918"><ele>141.350</ele><time>2024-09-15T10:57:44Z</time></trkpt><trkpt lat="54.968301" lon="25.664062"><ele>141.071</ele><time>2024-09-15T10:57:45Z</time></trkpt><trkpt lat="54.968305" lon="25.664195"><ele>141.041</ele><time>2024-09-15T10:57:46Z</time></trkpt><trkpt lat="54.968299" lon="25.664343"><ele>141.115</ele><time>2024-09-15T10:57:47Z</time></trkpt><trkpt lat="54.968323" lon="25.664502"><ele>141.409</ele><time>2024-09-15T10:57:48Z</time></trkpt><trkpt lat="54.968331" lon="25.664605"><ele>141.918</ele><time>2024-09-15T10:57:49Z</time></trkpt><trkpt lat="54.968325" lon="25.664708"><ele>141.845</ele><time>2024-09-15T10:57:50Z</time></trkpt><trkpt lat="54.968366" lon="25.664821"><ele>141.931</ele><time>2024-09-15T10:57:51Z</time></trkpt><trkpt lat="54.968391" lon="25.664936"><ele>141.536</ele><time>2024-09-15T10:57:52Z</time></trkpt><trkpt lat="54.968419" lon="25.665077"><ele>141.615</ele><time>2024-09-15T10:57:53Z</time></trkpt><trkpt lat="54.968416" lon="25.665209"><ele>142.729</ele><time>2024-09-15T10:57:54Z</time></trkpt><trkpt lat="54.968416" lon="25.665345"><ele>143.977</ele><time>2024-09-15T10:57:55Z</time></trkpt><trkpt lat="54.96841" lon="25.66549"><ele>144.679</ele><time>2024-09-15T10:57:56Z</time></trkpt><trkpt lat="54.9684" lon="25.665596"><ele>145.784</ele><time>2024-09-15T10:57:57Z</time></trkpt><trkpt lat="54.968409" lon="25.665683"><ele>147.248</ele><time>2024-09-15T10:57:58Z</time></trkpt><trkpt lat="54.968439" lon="25.665811"><ele>148.961</ele><time>2024-09-15T10:58:16Z</time></trkpt><trkpt lat="54.968456" lon="25.665935"><ele>148.917</ele><time>2024-09-15T10:58:18Z</time></trkpt><trkpt lat="54.968475" lon="25.66605"><ele>149.009</ele><time>2024-09-15T10:58:19Z</time></trkpt><trkpt lat="54.968508" lon="25.666144"><ele>149.095</ele><time>2024-09-15T10:58:20Z</time></trkpt><trkpt lat="54.968546" lon="25.666234"><ele>149.172</ele><time>2024-09-15T10:58:21Z</time></trkpt><trkpt lat="54.9686" lon="25.666327"><ele>150.588</ele><time>2024-09-15T10:58:22Z</time></trkpt><trkpt lat="54.968644" lon="25.666438"><ele>151.233</ele><time>2024-09-15T10:58:23Z</time></trkpt><trkpt lat="54.968685" lon="25.666542"><ele>151.522</ele><time>2024-09-15T10:58:24Z</time></trkpt><trkpt lat="54.968728" lon="25.666659"><ele>151.886</ele><time>2024-09-15T10:58:25Z</time></trkpt><trkpt lat="54.968755" lon="25.666762"><ele>151.584</ele><time>2024-09-15T10:58:26Z</time></trkpt><trkpt lat="54.968752" lon="25.666872"><ele>151.776</ele><time>2024-09-15T10:58:27Z</time></trkpt><trkpt lat="54.968739" lon="25.667034"><ele>151.581</ele><time>2024-09-15T10:58:28Z</time></trkpt><trkpt lat="54.968751" lon="25.667182"><ele>151.381</ele><time>2024-09-15T10:58:29Z</time></trkpt><trkpt lat="54.96878" lon="25.667321"><ele>151.561</ele><time>2024-09-15T10:58:30Z</time></trkpt><trkpt lat="54.968814" lon="25.667476"><ele>151.217</ele><time>2024-09-15T10:58:31Z</time></trkpt><trkpt lat="54.968827" lon="25.667618"><ele>150.709</ele><time>2024-09-15T10:58:32Z</time></trkpt><trkpt lat="54.968857" lon="25.667769"><ele>149.719</ele><time>2024-09-15T10:58:33Z</time></trkpt><trkpt lat="54.96887" lon="25.667942"><ele>149.226</ele><time>2024-09-15T10:58:34Z</time></trkpt><trkpt lat="54.968868" lon="25.668141"><ele>149.292</ele><time>2024-09-15T10:58:35Z</time></trkpt><trkpt lat="54.968877" lon="25.668329"><ele>149.237</ele><time>2024-09-15T10:58:36Z</time></trkpt><trkpt lat="54.968913" lon="25.668519"><ele>149.266</ele><time>2024-09-15T10:58:37Z</time></trkpt><trkpt lat="54.968963" lon="25.668726"><ele>148.990</ele><time>2024-09-15T10:58:38Z</time></trkpt><trkpt lat="54.968994" lon="25.668928"><ele>148.658</ele><time>2024-09-15T10:58:39Z</time></trkpt><trkpt lat="54.969026" lon="25.669119"><ele>147.450</ele><time>2024-09-15T10:58:40Z</time></trkpt><trkpt lat="54.969024" lon="25.669331"><ele>147.195</ele><time>2024-09-15T10:58:41Z</time></trkpt><trkpt lat="54.96903" lon="25.669544"><ele>146.995</ele><time>2024-09-15T10:58:42Z</time></trkpt><trkpt lat="54.969044" lon="25.669759"><ele>145.749</ele><time>2024-09-15T10:58:43Z</time></trkpt><trkpt lat="54.969047" lon="25.669904"><ele>145.023</ele><time>2024-09-15T10:58:44Z</time></trkpt><trkpt lat="54.969061" lon="25.67002"><ele>144.909</ele><time>2024-09-15T10:58:45Z</time></trkpt><trkpt lat="54.96908" lon="25.670139"><ele>144.210</ele><time>2024-09-15T10:58:46Z</time></trkpt><trkpt lat="54.969092" lon="25.670233"><ele>143.987</ele><time>2024-09-15T10:58:47Z</time></trkpt><trkpt lat="54.969134" lon="25.670327"><ele>143.373</ele><time>2024-09-15T10:58:48Z</time></trkpt><trkpt lat="54.96916" lon="25.670423"><ele>143.018</ele><time>2024-09-15T10:58:49Z</time></trkpt><trkpt lat="54.969183" lon="25.670523"><ele>140.067</ele><time>2024-09-15T10:58:51Z</time></trkpt><trkpt lat="54.969232" lon="25.670534"><ele>141.411</ele><time>2024-09-15T10:59:17Z</time></trkpt><trkpt lat="54.969254" lon="25.670605"><ele>140.179</ele><time>2024-09-15T11:00:24Z</time></trkpt><trkpt lat="54.969277" lon="25.670703"><ele>140.111</ele><time>2024-09-15T11:00:26Z</time></trkpt><trkpt lat="54.969312" lon="25.670765"><ele>140.156</ele><time>2024-09-15T11:00:27Z</time></trkpt><trkpt lat="54.969344" lon="25.670825"><ele>140.111</ele><time>2024-09-15T11:00:28Z</time></trkpt><trkpt lat="54.969359" lon="25.670932"><ele>140.021</ele><time>2024-09-15T11:00:30Z</time></trkpt><trkpt lat="54.969376" lon="25.671019"><ele>141.503</ele><time>2024-09-15T11:00:32Z</time></trkpt><trkpt lat="54.969345" lon="25.671138"><ele>146.309</ele><time>2024-09-15T11:01:11Z</time></trkpt><trkpt lat="54.969343" lon="25.671264"><ele>146.392</ele><time>2024-09-15T11:01:50Z</time></trkpt><trkpt lat="54.969354" lon="25.671399"><ele>146.379</ele><time>2024-09-15T11:01:52Z</time></trkpt><trkpt lat="54.969351" lon="25.671542"><ele>146.325</ele><time>2024-09-15T11:01:53Z</time></trkpt><trkpt lat="54.969358" lon="25.671681"><ele>146.370</ele><time>2024-09-15T11:01:54Z</time></trkpt><trkpt lat="54.969365" lon="25.67182"><ele>146.959</ele><time>2024-09-15T11:01:55Z</time></trkpt><trkpt lat="54.969373" lon="25.671985"><ele>147.593</ele><time>2024-09-15T11:01:56Z</time></trkpt><trkpt lat="54.969374" lon="25.672154"><ele>148.021</ele><time>2024-09-15T11:01:57Z</time></trkpt><trkpt lat="54.969363" lon="25.672293"><ele>148.463</ele><time>2024-09-15T11:01:58Z</time></trkpt><trkpt lat="54.969362" lon="25.67244"><ele>148.828</ele><time>2024-09-15T11:01:59Z</time></trkpt><trkpt lat="54.969339" lon="25.672586"><ele>148.853</ele><time>2024-09-15T11:02:00Z</time></trkpt><trkpt lat="54.969316" lon="25.672744"><ele>148.904</ele><time>2024-09-15T11:02:01Z</time></trkpt><trkpt lat="54.969342" lon="25.672924"><ele>149.014</ele><time>2024-09-15T11:02:02Z</time></trkpt><trkpt lat="54.969342" lon="25.673063"><ele>149.809</ele><time>2024-09-15T11:02:03Z</time></trkpt><trkpt lat="54.969341" lon="25.673202"><ele>150.146</ele><time>2024-09-15T11:02:04Z</time></trkpt><trkpt lat="54.969352" lon="25.67337"><ele>150.683</ele><time>2024-09-15T11:02:05Z</time></trkpt><trkpt lat="54.969343" lon="25.673541"><ele>151.599</ele><time>2024-09-15T11:02:06Z</time></trkpt><trkpt lat="54.969318" lon="25.673703"><ele>153.074</ele><time>2024-09-15T11:02:07Z</time></trkpt><trkpt lat="54.969314" lon="25.673858"><ele>153.023</ele><time>2024-09-15T11:02:08Z</time></trkpt><trkpt lat="54.969318" lon="25.673989"><ele>152.037</ele><time>2024-09-15T11:02:09Z</time></trkpt><trkpt lat="54.969339" lon="25.674122"><ele>152.255</ele><time>2024-09-15T11:02:10Z</time></trkpt><trkpt lat="54.969399" lon="25.674273"><ele>152.247</ele><time>2024-09-15T11:02:11Z</time></trkpt><trkpt lat="54.969446" lon="25.674425"><ele>152.662</ele><time>2024-09-15T11:02:12Z</time></trkpt><trkpt lat="54.96949" lon="25.674536"><ele>153.068</ele><time>2024-09-15T11:02:13Z</time></trkpt><trkpt lat="54.969564" lon="25.674617"><ele>153.042</ele><time>2024-09-15T11:02:14Z</time></trkpt><trkpt lat="54.969656" lon="25.674627"><ele>153.126</ele><time>2024-09-15T11:02:15Z</time></trkpt><trkpt lat="54.969746" lon="25.674632"><ele>153.309</ele><time>2024-09-15T11:02:16Z</time></trkpt><trkpt lat="54.969854" lon="25.674597"><ele>154.037</ele><time>2024-09-15T11:02:17Z</time></trkpt><trkpt lat="54.969963" lon="25.674545"><ele>154.364</ele><time>2024-09-15T11:02:18Z</time></trkpt><trkpt lat="54.970071" lon="25.674502"><ele>154.470</ele><time>2024-09-15T11:02:19Z</time></trkpt><trkpt lat="54.970219" lon="25.674469"><ele>154.455</ele><time>2024-09-15T11:02:20Z</time></trkpt><trkpt lat="54.970342" lon="25.674427"><ele>154.674</ele><time>2024-09-15T11:02:21Z</time></trkpt><trkpt lat="54.970465" lon="25.674399"><ele>155.028</ele><time>2024-09-15T11:02:22Z</time></trkpt><trkpt lat="54.970559" lon="25.674348"><ele>155.326</ele><time>2024-09-15T11:02:23Z</time></trkpt><trkpt lat="54.970653" lon="25.674308"><ele>156.678</ele><time>2024-09-15T11:02:24Z</time></trkpt><trkpt lat="54.970752" lon="25.674291"><ele>156.663</ele><time>2024-09-15T11:02:25Z</time></trkpt><trkpt lat="54.970847" lon="25.674311"><ele>155.924</ele><time>2024-09-15T11:02:26Z</time></trkpt><trkpt lat="54.970958" lon="25.67435"><ele>155.304</ele><time>2024-09-15T11:02:27Z</time></trkpt><trkpt lat="54.971075" lon="25.674398"><ele>155.914</ele><time>2024-09-15T11:02:28Z</time></trkpt><trkpt lat="54.97118" lon="25.674419"><ele>155.409</ele><time>2024-09-15T11:02:29Z</time></trkpt><trkpt lat="54.971295" lon="25.674432"><ele>155.473</ele><time>2024-09-15T11:02:30Z</time></trkpt><trkpt lat="54.971391" lon="25.674459"><ele>155.350</ele><time>2024-09-15T11:02:31Z</time></trkpt><trkpt lat="54.971486" lon="25.674494"><ele>155.366</ele><time>2024-09-15T11:02:32Z</time></trkpt><trkpt lat="54.971587" lon="25.674548"><ele>155.681</ele><time>2024-09-15T11:02:33Z</time></trkpt><trkpt lat="54.9717" lon="25.674648"><ele>155.670</ele><time>2024-09-15T11:02:34Z</time></trkpt><trkpt lat="54.971818" lon="25.67475"><ele>154.444</ele><time>2024-09-15T11:02:35Z</time></trkpt><trkpt lat="54.971954" lon="25.674874"><ele>153.982</ele><time>2024-09-15T11:02:36Z</time></trkpt><trkpt lat="54.972064" lon="25.674987"><ele>154.374</ele><time>2024-09-15T11:02:37Z</time></trkpt><trkpt lat="54.972152" lon="25.675095"><ele>154.399</ele><time>2024-09-15T11:02:38Z</time></trkpt><trkpt lat="54.972244" lon="25.675182"><ele>154.788</ele><time>2024-09-15T11:02:39Z</time></trkpt><trkpt lat="54.972326" lon="25.675229"><ele>155.124</ele><time>2024-09-15T11:02:40Z</time></trkpt><trkpt lat="54.972405" lon="25.675257"><ele>155.226</ele><time>2024-09-15T11:02:41Z</time></trkpt><trkpt lat="54.972496" lon="25.675238"><ele>155.609</ele><time>2024-09-15T11:02:42Z</time></trkpt><trkpt lat="54.972588" lon="25.675208"><ele>155.679</ele><time>2024-09-15T11:02:43Z</time></trkpt><trkpt lat="54.972726" lon="25.675156"><ele>156.196</ele><time>2024-09-15T11:02:44Z</time></trkpt><trkpt lat="54.972846" lon="25.675104"><ele>156.792</ele><time>2024-09-15T11:02:45Z</time></trkpt><trkpt lat="54.97293" lon="25.675044"><ele>156.837</ele><time>2024-09-15T11:02:46Z</time></trkpt><trkpt lat="54.973028" lon="25.674969"><ele>156.916</ele><time>2024-09-15T11:02:47Z</time></trkpt><trkpt lat="54.973106" lon="25.674922"><ele>158.430</ele><time>2024-09-15T11:02:48Z</time></trkpt><trkpt lat="54.973191" lon="25.67486"><ele>158.818</ele><time>2024-09-15T11:02:49Z</time></trkpt><trkpt lat="54.973267" lon="25.674828"><ele>158.890</ele><time>2024-09-15T11:02:50Z</time></trkpt><trkpt lat="54.973349" lon="25.674796"><ele>158.985</ele><time>2024-09-15T11:02:51Z</time></trkpt><trkpt lat="54.973418" lon="25.674747"><ele>158.722</ele><time>2024-09-15T11:02:52Z</time></trkpt><trkpt lat="54.973476" lon="25.674711"><ele>158.462</ele><time>2024-09-15T11:02:53Z</time></trkpt><trkpt lat="54.973536" lon="25.674688"><ele>157.708</ele><time>2024-09-15T11:02:54Z</time></trkpt><trkpt lat="54.973621" lon="25.674694"><ele>157.209</ele><time>2024-09-15T11:02:55Z</time></trkpt><trkpt lat="54.973703" lon="25.674703"><ele>157.083</ele><time>2024-09-15T11:02:56Z</time></trkpt><trkpt lat="54.973801" lon="25.674673"><ele>155.850</ele><time>2024-09-15T11:02:57Z</time></trkpt><trkpt lat="54.973865" lon="25.674677"><ele>154.696</ele><time>2024-09-15T11:02:58Z</time></trkpt><trkpt lat="54.973934" lon="25.674683"><ele>154.251</ele><time>2024-09-15T11:02:59Z</time></trkpt><trkpt lat="54.974" lon="25.674721"><ele>153.110</ele><time>2024-09-15T11:03:00Z</time></trkpt><trkpt lat="54.974054" lon="25.674747"><ele>152.534</ele><time>2024-09-15T11:03:01Z</time></trkpt><trkpt lat="54.974112" lon="25.674811"><ele>152.782</ele><time>2024-09-15T11:03:02Z</time></trkpt><trkpt lat="54.974159" lon="25.674889"><ele>152.784</ele><time>2024-09-15T11:03:03Z</time></trkpt><trkpt lat="54.974186" lon="25.674999"><ele>154.149</ele><time>2024-09-15T11:03:04Z</time></trkpt><trkpt lat="54.974235" lon="25.675164"><ele>154.448</ele><time>2024-09-15T11:03:05Z</time></trkpt><trkpt lat="54.974278" lon="25.675317"><ele>154.761</ele><time>2024-09-15T11:03:06Z</time></trkpt><trkpt lat="54.974305" lon="25.675474"><ele>154.117</ele><time>2024-09-15T11:03:07Z</time></trkpt><trkpt lat="54.974347" lon="25.675618"><ele>153.909</ele><time>2024-09-15T11:03:08Z</time></trkpt><trkpt lat="54.974357" lon="25.675742"><ele>153.915</ele><time>2024-09-15T11:03:09Z</time></trkpt><trkpt lat="54.974383" lon="25.675852"><ele>153.522</ele><time>2024-09-15T11:03:10Z</time></trkpt><trkpt lat="54.974403" lon="25.675965"><ele>153.168</ele><time>2024-09-15T11:03:11Z</time></trkpt><trkpt lat="54.974432" lon="25.676037"><ele>152.073</ele><time>2024-09-15T11:03:12Z</time></trkpt><trkpt lat="54.974479" lon="25.676031"><ele>150.912</ele><time>2024-09-15T11:03:13Z</time></trkpt><trkpt lat="54.974537" lon="25.676014"><ele>149.796</ele><time>2024-09-15T11:03:14Z</time></trkpt><trkpt lat="54.974618" lon="25.676001"><ele>149.354</ele><time>2024-09-15T11:03:15Z</time></trkpt><trkpt lat="54.974706" lon="25.675975"><ele>148.836</ele><time>2024-09-15T11:03:16Z</time></trkpt><trkpt lat="54.974793" lon="25.675946"><ele>148.581</ele><time>2024-09-15T11:03:17Z</time></trkpt><trkpt lat="54.974869" lon="25.675918"><ele>148.046</ele><time>2024-09-15T11:03:18Z</time></trkpt><trkpt lat="54.974933" lon="25.675901"><ele>147.688</ele><time>2024-09-15T11:03:19Z</time></trkpt><trkpt lat="54.975012" lon="25.675879"><ele>147.616</ele><time>2024-09-15T11:03:20Z</time></trkpt><trkpt lat="54.975088" lon="25.67588"><ele>148.209</ele><time>2024-09-15T11:03:21Z</time></trkpt><trkpt lat="54.975155" lon="25.675843"><ele>149.395</ele><time>2024-09-15T11:03:22Z</time></trkpt><trkpt lat="54.975228" lon="25.675832"><ele>150.392</ele><time>2024-09-15T11:03:23Z</time></trkpt><trkpt lat="54.975306" lon="25.675836"><ele>151.348</ele><time>2024-09-15T11:03:24Z</time></trkpt><trkpt lat="54.97539" lon="25.675825"><ele>152.163</ele><time>2024-09-15T11:03:25Z</time></trkpt><trkpt lat="54.975481" lon="25.675801"><ele>152.392</ele><time>2024-09-15T11:03:26Z</time></trkpt><trkpt lat="54.975575" lon="25.675791"><ele>152.316</ele><time>2024-09-15T11:03:27Z</time></trkpt><trkpt lat="54.975691" lon="25.675774"><ele>151.254</ele><time>2024-09-15T11:03:28Z</time></trkpt><trkpt lat="54.975814" lon="25.675773"><ele>151.296</ele><time>2024-09-15T11:03:29Z</time></trkpt><trkpt lat="54.975921" lon="25.675752"><ele>152.161</ele><time>2024-09-15T11:03:30Z</time></trkpt><trkpt lat="54.976033" lon="25.675717"><ele>152.985</ele><time>2024-09-15T11:03:31Z</time></trkpt><trkpt lat="54.976127" lon="25.675687"><ele>152.989</ele><time>2024-09-15T11:03:32Z</time></trkpt><trkpt lat="54.976212" lon="25.675668"><ele>152.617</ele><time>2024-09-15T11:03:33Z</time></trkpt><trkpt lat="54.976289" lon="25.675644"><ele>151.409</ele><time>2024-09-15T11:03:34Z</time></trkpt><trkpt lat="54.976365" lon="25.675628"><ele>151.259</ele><time>2024-09-15T11:03:35Z</time></trkpt><trkpt lat="54.976471" lon="25.675615"><ele>150.636</ele><time>2024-09-15T11:03:36Z</time></trkpt><trkpt lat="54.976574" lon="25.675581"><ele>150.682</ele><time>2024-09-15T11:03:37Z</time></trkpt><trkpt lat="54.976678" lon="25.675552"><ele>151.067</ele><time>2024-09-15T11:03:38Z</time></trkpt><trkpt lat="54.976794" lon="25.675531"><ele>151.076</ele><time>2024-09-15T11:03:39Z</time></trkpt><trkpt lat="54.97691" lon="25.675516"><ele>151.080</ele><time>2024-09-15T11:03:40Z</time></trkpt><trkpt lat="54.977009" lon="25.675496"><ele>151.288</ele><time>2024-09-15T11:03:41Z</time></trkpt><trkpt lat="54.977105" lon="25.675481"><ele>151.140</ele><time>2024-09-15T11:03:42Z</time></trkpt><trkpt lat="54.977209" lon="25.675462"><ele>151.475</ele><time>2024-09-15T11:03:43Z</time></trkpt><trkpt lat="54.977304" lon="25.675456"><ele>152.296</ele><time>2024-09-15T11:03:44Z</time></trkpt><trkpt lat="54.977411" lon="25.675435"><ele>152.231</ele><time>2024-09-15T11:03:45Z</time></trkpt><trkpt lat="54.977508" lon="25.67542"><ele>151.624</ele><time>2024-09-15T11:03:46Z</time></trkpt><trkpt lat="54.977615" lon="25.675412"><ele>151.609</ele><time>2024-09-15T11:03:47Z</time></trkpt><trkpt lat="54.977705" lon="25.675402"><ele>151.670</ele><time>2024-09-15T11:03:48Z</time></trkpt><trkpt lat="54.977787" lon="25.675385"><ele>151.677</ele><time>2024-09-15T11:03:49Z</time></trkpt><trkpt lat="54.977871" lon="25.675379"><ele>151.553</ele><time>2024-09-15T11:03:50Z</time></trkpt><trkpt lat="54.97796" lon="25.675365"><ele>151.778</ele><time>2024-09-15T11:03:51Z</time></trkpt><trkpt lat="54.978041" lon="25.675335"><ele>152.177</ele><time>2024-09-15T11:03:52Z</time></trkpt><trkpt lat="54.978129" lon="25.675321"><ele>152.591</ele><time>2024-09-15T11:03:53Z</time></trkpt><trkpt lat="54.978229" lon="25.675308"><ele>152.519</ele><time>2024-09-15T11:03:54Z</time></trkpt><trkpt lat="54.978329" lon="25.675292"><ele>152.261</ele><time>2024-09-15T11:03:55Z</time></trkpt><trkpt lat="54.978436" lon="25.67527"><ele>152.276</ele><time>2024-09-15T11:03:56Z</time></trkpt><trkpt lat="54.978555" lon="25.675237"><ele>152.511</ele><time>2024-09-15T11:03:57Z</time></trkpt><trkpt lat="54.978667" lon="25.675231"><ele>153.121</ele><time>2024-09-15T11:03:58Z</time></trkpt><trkpt lat="54.97883" lon="25.675229"><ele>154.203</ele><time>2024-09-15T11:03:59Z</time></trkpt><trkpt lat="54.978961" lon="25.67521"><ele>154.809</ele><time>2024-09-15T11:04:00Z</time></trkpt><trkpt lat="54.979056" lon="25.675184"><ele>155.012</ele><time>2024-09-15T11:04:01Z</time></trkpt><trkpt lat="54.979126" lon="25.675188"><ele>155.069</ele><time>2024-09-15T11:04:02Z</time></trkpt><trkpt lat="54.979201" lon="25.675197"><ele>155.085</ele><time>2024-09-15T11:04:03Z</time></trkpt><trkpt lat="54.979264" lon="25.675145"><ele>155.050</ele><time>2024-09-15T11:04:04Z</time></trkpt><trkpt lat="54.979326" lon="25.675111"><ele>155.029</ele><time>2024-09-15T11:04:05Z</time></trkpt><trkpt lat="54.979408" lon="25.675093"><ele>155.263</ele><time>2024-09-15T11:04:06Z</time></trkpt><trkpt lat="54.979523" lon="25.675094"><ele>155.811</ele><time>2024-09-15T11:04:07Z</time></trkpt><trkpt lat="54.979656" lon="25.675071"><ele>156.413</ele><time>2024-09-15T11:04:08Z</time></trkpt><trkpt lat="54.979793" lon="25.675026"><ele>158.128</ele><time>2024-09-15T11:04:09Z</time></trkpt><trkpt lat="54.979929" lon="25.675006"><ele>159.087</ele><time>2024-09-15T11:04:10Z</time></trkpt><trkpt lat="54.980054" lon="25.67499"><ele>158.542</ele><time>2024-09-15T11:04:11Z</time></trkpt><trkpt lat="54.980157" lon="25.674977"><ele>158.526</ele><time>2024-09-15T11:04:12Z</time></trkpt><trkpt lat="54.980229" lon="25.674973"><ele>158.509</ele><time>2024-09-15T11:04:13Z</time></trkpt><trkpt lat="54.980283" lon="25.674952"><ele>158.429</ele><time>2024-09-15T11:04:14Z</time></trkpt><trkpt lat="54.980315" lon="25.674895"><ele>158.666</ele><time>2024-09-15T11:04:15Z</time></trkpt><trkpt lat="54.98033" lon="25.674805"><ele>158.662</ele><time>2024-09-15T11:04:16Z</time></trkpt><trkpt lat="54.980315" lon="25.674664"><ele>158.467</ele><time>2024-09-15T11:04:17Z</time></trkpt><trkpt lat="54.980296" lon="25.674489"><ele>158.486</ele><time>2024-09-15T11:04:18Z</time></trkpt><trkpt lat="54.980278" lon="25.674302"><ele>158.490</ele><time>2024-09-15T11:04:19Z</time></trkpt><trkpt lat="54.980248" lon="25.67409"><ele>158.688</ele><time>2024-09-15T11:04:20Z</time></trkpt><trkpt lat="54.980235" lon="25.673894"><ele>158.570</ele><time>2024-09-15T11:04:21Z</time></trkpt><trkpt lat="54.980215" lon="25.673692"><ele>158.585</ele><time>2024-09-15T11:04:22Z</time></trkpt><trkpt lat="54.9802" lon="25.673485"><ele>158.565</ele><time>2024-09-15T11:04:23Z</time></trkpt><trkpt lat="54.980178" lon="25.67326"><ele>158.168</ele><time>2024-09-15T11:04:24Z</time></trkpt><trkpt lat="54.980162" lon="25.673037"><ele>157.814</ele><time>2024-09-15T11:04:25Z</time></trkpt><trkpt lat="54.980138" lon="25.672797"><ele>157.409</ele><time>2024-09-15T11:04:26Z</time></trkpt><trkpt lat="54.980114" lon="25.672592"><ele>156.877</ele><time>2024-09-15T11:04:27Z</time></trkpt><trkpt lat="54.980087" lon="25.672389"><ele>156.844</ele><time>2024-09-15T11:04:28Z</time></trkpt><trkpt lat="54.980058" lon="25.67221"><ele>157.260</ele><time>2024-09-15T11:04:29Z</time></trkpt><trkpt lat="54.980025" lon="25.67202"><ele>157.285</ele><time>2024-09-15T11:04:30Z</time></trkpt><trkpt lat="54.980001" lon="25.671829"><ele>157.464</ele><time>2024-09-15T11:04:31Z</time></trkpt><trkpt lat="54.979983" lon="25.671635"><ele>158.168</ele><time>2024-09-15T11:04:32Z</time></trkpt><trkpt lat="54.979976" lon="25.671454"><ele>158.446</ele><time>2024-09-15T11:04:33Z</time></trkpt><trkpt lat="54.979961" lon="25.671253"><ele>158.558</ele><time>2024-09-15T11:04:34Z</time></trkpt><trkpt lat="54.979943" lon="25.671068"><ele>158.583</ele><time>2024-09-15T11:04:35Z</time></trkpt><trkpt lat="54.979927" lon="25.670864"><ele>156.981</ele><time>2024-09-15T11:04:36Z</time></trkpt><trkpt lat="54.979905" lon="25.670691"><ele>154.961</ele><time>2024-09-15T11:04:37Z</time></trkpt><trkpt lat="54.979869" lon="25.670503"><ele>154.017</ele><time>2024-09-15T11:04:38Z</time></trkpt><trkpt lat="54.979835" lon="25.67033"><ele>153.709</ele><time>2024-09-15T11:04:39Z</time></trkpt><trkpt lat="54.979777" lon="25.670177"><ele>152.939</ele><time>2024-09-15T11:04:40Z</time></trkpt><trkpt lat="54.979742" lon="25.67001"><ele>152.796</ele><time>2024-09-15T11:04:41Z</time></trkpt><trkpt lat="54.979712" lon="25.669816"><ele>149.982</ele><time>2024-09-15T11:04:42Z</time></trkpt><trkpt lat="54.979685" lon="25.669611"><ele>148.937</ele><time>2024-09-15T11:04:43Z</time></trkpt><trkpt lat="54.979657" lon="25.669392"><ele>148.276</ele><time>2024-09-15T11:04:44Z</time></trkpt><trkpt lat="54.979626" lon="25.669173"><ele>148.270</ele><time>2024-09-15T11:04:45Z</time></trkpt><trkpt lat="54.979597" lon="25.668939"><ele>148.888</ele><time>2024-09-15T11:04:46Z</time></trkpt><trkpt lat="54.97957" lon="25.668722"><ele>150.350</ele><time>2024-09-15T11:04:47Z</time></trkpt><trkpt lat="54.979542" lon="25.668525"><ele>150.395</ele><time>2024-09-15T11:04:48Z</time></trkpt><trkpt lat="54.979517" lon="25.668343"><ele>150.317</ele><time>2024-09-15T11:04:49Z</time></trkpt><trkpt lat="54.979497" lon="25.668184"><ele>150.387</ele><time>2024-09-15T11:04:50Z</time></trkpt><trkpt lat="54.979482" lon="25.668044"><ele>150.015</ele><time>2024-09-15T11:04:51Z</time></trkpt><trkpt lat="54.979472" lon="25.667916"><ele>149.209</ele><time>2024-09-15T11:04:52Z</time></trkpt><trkpt lat="54.979466" lon="25.667809"><ele>149.022</ele><time>2024-09-15T11:04:53Z</time></trkpt><trkpt lat="54.979454" lon="25.667706"><ele>148.499</ele><time>2024-09-15T11:04:54Z</time></trkpt><trkpt lat="54.979441" lon="25.667593"><ele>147.985</ele><time>2024-09-15T11:04:55Z</time></trkpt><trkpt lat="54.979424" lon="25.667504"><ele>147.890</ele><time>2024-09-15T11:04:56Z</time></trkpt><trkpt lat="54.979412" lon="25.667418"><ele>146.979</ele><time>2024-09-15T11:04:57Z</time></trkpt><trkpt lat="54.979392" lon="25.667329"><ele>146.073</ele><time>2024-09-15T11:04:58Z</time></trkpt><trkpt lat="54.979357" lon="25.667213"><ele>146.091</ele><time>2024-09-15T11:04:59Z</time></trkpt><trkpt lat="54.979334" lon="25.667088"><ele>146.053</ele><time>2024-09-15T11:05:00Z</time></trkpt><trkpt lat="54.979315" lon="25.666916"><ele>146.078</ele><time>2024-09-15T11:05:01Z</time></trkpt><trkpt lat="54.979303" lon="25.666716"><ele>146.226</ele><time>2024-09-15T11:05:02Z</time></trkpt><trkpt lat="54.979301" lon="25.666546"><ele>146.547</ele><time>2024-09-15T11:05:03Z</time></trkpt><trkpt lat="54.979322" lon="25.666407"><ele>148.011</ele><time>2024-09-15T11:05:04Z</time></trkpt><trkpt lat="54.979343" lon="25.66627"><ele>148.709</ele><time>2024-09-15T11:05:05Z</time></trkpt><trkpt lat="54.979363" lon="25.666137"><ele>149.433</ele><time>2024-09-15T11:05:06Z</time></trkpt><trkpt lat="54.979367" lon="25.665994"><ele>150.410</ele><time>2024-09-15T11:05:07Z</time></trkpt><trkpt lat="54.979346" lon="25.665875"><ele>151.126</ele><time>2024-09-15T11:05:08Z</time></trkpt><trkpt lat="54.979302" lon="25.66575"><ele>151.721</ele><time>2024-09-15T11:05:09Z</time></trkpt><trkpt lat="54.979255" lon="25.665649"><ele>152.150</ele><time>2024-09-15T11:05:10Z</time></trkpt><trkpt lat="54.979221" lon="25.665539"><ele>152.954</ele><time>2024-09-15T11:05:11Z</time></trkpt><trkpt lat="54.979204" lon="25.665391"><ele>153.832</ele><time>2024-09-15T11:05:12Z</time></trkpt><trkpt lat="54.979231" lon="25.665209"><ele>154.434</ele><time>2024-09-15T11:05:13Z</time></trkpt><trkpt lat="54.979227" lon="25.665064"><ele>154.639</ele><time>2024-09-15T11:05:14Z</time></trkpt><trkpt lat="54.979217" lon="25.664911"><ele>156.061</ele><time>2024-09-15T11:05:15Z</time></trkpt><trkpt lat="54.979195" lon="25.664759"><ele>156.021</ele><time>2024-09-15T11:05:16Z</time></trkpt><trkpt lat="54.979167" lon="25.664627"><ele>155.613</ele><time>2024-09-15T11:05:17Z</time></trkpt><trkpt lat="54.979144" lon="25.664488"><ele>155.109</ele><time>2024-09-15T11:05:18Z</time></trkpt><trkpt lat="54.979165" lon="25.664344"><ele>154.357</ele><time>2024-09-15T11:05:19Z</time></trkpt><trkpt lat="54.979182" lon="25.664177"><ele>153.214</ele><time>2024-09-15T11:05:20Z</time></trkpt><trkpt lat="54.979179" lon="25.664002"><ele>152.730</ele><time>2024-09-15T11:05:21Z</time></trkpt><trkpt lat="54.979179" lon="25.66383"><ele>152.095</ele><time>2024-09-15T11:05:22Z</time></trkpt><trkpt lat="54.979176" lon="25.663655"><ele>150.694</ele><time>2024-09-15T11:05:23Z</time></trkpt><trkpt lat="54.979152" lon="25.663494"><ele>149.068</ele><time>2024-09-15T11:05:24Z</time></trkpt><trkpt lat="54.979127" lon="25.663303"><ele>149.026</ele><time>2024-09-15T11:05:25Z</time></trkpt><trkpt lat="54.979113" lon="25.663145"><ele>149.198</ele><time>2024-09-15T11:05:26Z</time></trkpt><trkpt lat="54.979102" lon="25.663028"><ele>151.153</ele><time>2024-09-15T11:05:27Z</time></trkpt><trkpt lat="54.979079" lon="25.662911"><ele>151.984</ele><time>2024-09-15T11:05:28Z</time></trkpt><trkpt lat="54.979065" lon="25.662814"><ele>152.807</ele><time>2024-09-15T11:05:29Z</time></trkpt><trkpt lat="54.979041" lon="25.662701"><ele>153.717</ele><time>2024-09-15T11:05:30Z</time></trkpt><trkpt lat="54.978999" lon="25.662612"><ele>153.709</ele><time>2024-09-15T11:05:31Z</time></trkpt><trkpt lat="54.978948" lon="25.662513"><ele>154.439</ele><time>2024-09-15T11:05:32Z</time></trkpt><trkpt lat="54.978927" lon="25.662391"><ele>154.576</ele><time>2024-09-15T11:05:33Z</time></trkpt><trkpt lat="54.97895" lon="25.662284"><ele>156.052</ele><time>2024-09-15T11:05:34Z</time></trkpt><trkpt lat="54.978978" lon="25.662175"><ele>157.377</ele><time>2024-09-15T11:05:35Z</time></trkpt><trkpt lat="54.97899" lon="25.662036"><ele>157.996</ele><time>2024-09-15T11:05:36Z</time></trkpt><trkpt lat="54.978996" lon="25.661906"><ele>158.470</ele><time>2024-09-15T11:05:37Z</time></trkpt><trkpt lat="54.978953" lon="25.661783"><ele>158.778</ele><time>2024-09-15T11:05:38Z</time></trkpt><trkpt lat="54.978936" lon="25.661656"><ele>158.850</ele><time>2024-09-15T11:05:39Z</time></trkpt><trkpt lat="54.978917" lon="25.661525"><ele>159.425</ele><time>2024-09-15T11:05:40Z</time></trkpt><trkpt lat="54.978896" lon="25.661381"><ele>160.128</ele><time>2024-09-15T11:05:41Z</time></trkpt><trkpt lat="54.978878" lon="25.661258"><ele>160.189</ele><time>2024-09-15T11:05:42Z</time></trkpt><trkpt lat="54.978859" lon="25.661152"><ele>159.917</ele><time>2024-09-15T11:05:43Z</time></trkpt><trkpt lat="54.978834" lon="25.661023"><ele>159.709</ele><time>2024-09-15T11:05:44Z</time></trkpt><trkpt lat="54.978825" lon="25.66089"><ele>159.723</ele><time>2024-09-15T11:05:45Z</time></trkpt><trkpt lat="54.978809" lon="25.660779"><ele>159.810</ele><time>2024-09-15T11:05:46Z</time></trkpt><trkpt lat="54.978804" lon="25.660667"><ele>159.916</ele><time>2024-09-15T11:05:47Z</time></trkpt><trkpt lat="54.978791" lon="25.660547"><ele>159.921</ele><time>2024-09-15T11:05:48Z</time></trkpt><trkpt lat="54.978762" lon="25.660401"><ele>159.760</ele><time>2024-09-15T11:05:49Z</time></trkpt><trkpt lat="54.978733" lon="25.660257"><ele>158.894</ele><time>2024-09-15T11:05:50Z</time></trkpt><trkpt lat="54.978713" lon="25.660102"><ele>157.322</ele><time>2024-09-15T11:05:51Z</time></trkpt><trkpt lat="54.978685" lon="25.659934"><ele>155.574</ele><time>2024-09-15T11:05:52Z</time></trkpt><trkpt lat="54.978671" lon="25.659786"><ele>154.579</ele><time>2024-09-15T11:05:53Z</time></trkpt><trkpt lat="54.978669" lon="25.659647"><ele>153.457</ele><time>2024-09-15T11:05:54Z</time></trkpt><trkpt lat="54.978667" lon="25.659554"><ele>153.200</ele><time>2024-09-15T11:05:55Z</time></trkpt><trkpt lat="54.978653" lon="25.659429"><ele>152.920</ele><time>2024-09-15T11:05:57Z</time></trkpt><trkpt lat="54.978645" lon="25.65935"><ele>152.709</ele><time>2024-09-15T11:05:58Z</time></trkpt><trkpt lat="54.978597" lon="25.659157"><ele>152.636</ele><time>2024-09-15T11:05:59Z</time></trkpt><trkpt lat="54.978576" lon="25.659012"><ele>152.393</ele><time>2024-09-15T11:06:00Z</time></trkpt><trkpt lat="54.978565" lon="25.658862"><ele>151.989</ele><time>2024-09-15T11:06:01Z</time></trkpt><trkpt lat="54.978549" lon="25.658696"><ele>152.214</ele><time>2024-09-15T11:06:02Z</time></trkpt><trkpt lat="54.978528" lon="25.658545"><ele>152.663</ele><time>2024-09-15T11:06:03Z</time></trkpt><trkpt lat="54.978502" lon="25.658426"><ele>156.297</ele><time>2024-09-15T11:06:04Z</time></trkpt><trkpt lat="54.978487" lon="25.658332"><ele>157.495</ele><time>2024-09-15T11:06:05Z</time></trkpt><trkpt lat="54.978433" lon="25.658234"><ele>160.337</ele><time>2024-09-15T11:06:07Z</time></trkpt><trkpt lat="54.978396" lon="25.658105"><ele>161.252</ele><time>2024-09-15T11:06:09Z</time></trkpt><trkpt lat="54.978447" lon="25.658002"><ele>162.124</ele><time>2024-09-15T11:06:11Z</time></trkpt><trkpt lat="54.978511" lon="25.658052"><ele>162.604</ele><time>2024-09-15T11:06:13Z</time></trkpt><trkpt lat="54.978521" lon="25.658146"><ele>163.214</ele><time>2024-09-15T11:06:44Z</time></trkpt><trkpt lat="54.978565" lon="25.658227"><ele>163.909</ele><time>2024-09-15T11:23:28Z</time></trkpt><trkpt lat="54.97863" lon="25.658232"><ele>163.833</ele><time>2024-09-15T11:23:30Z</time></trkpt><trkpt lat="54.978678" lon="25.658248"><ele>163.790</ele><time>2024-09-15T11:23:31Z</time></trkpt><trkpt lat="54.978768" lon="25.658239"><ele>163.656</ele><time>2024-09-15T11:23:33Z</time></trkpt><trkpt lat="54.978814" lon="25.658223"><ele>163.011</ele><time>2024-09-15T11:23:34Z</time></trkpt><trkpt lat="54.978877" lon="25.658208"><ele>162.720</ele><time>2024-09-15T11:23:35Z</time></trkpt><trkpt lat="54.978938" lon="25.6582"><ele>161.874</ele><time>2024-09-15T11:23:36Z</time></trkpt><trkpt lat="54.979013" lon="25.65819"><ele>161.242</ele><time>2024-09-15T11:23:37Z</time></trkpt><trkpt lat="54.979115" lon="25.658204"><ele>160.814</ele><time>2024-09-15T11:23:38Z</time></trkpt><trkpt lat="54.979217" lon="25.658216"><ele>159.459</ele><time>2024-09-15T11:23:39Z</time></trkpt><trkpt lat="54.979296" lon="25.658207"><ele>157.411</ele><time>2024-09-15T11:23:40Z</time></trkpt><trkpt lat="54.979374" lon="25.658158"><ele>157.421</ele><time>2024-09-15T11:23:41Z</time></trkpt><trkpt lat="54.979462" lon="25.658158"><ele>157.303</ele><time>2024-09-15T11:23:42Z</time></trkpt><trkpt lat="54.979543" lon="25.658123"><ele>157.409</ele><time>2024-09-15T11:23:43Z</time></trkpt><trkpt lat="54.97964" lon="25.658112"><ele>158.752</ele><time>2024-09-15T11:23:45Z</time></trkpt><trkpt lat="54.979725" lon="25.658133"><ele>160.919</ele><time>2024-09-15T11:23:47Z</time></trkpt><trkpt lat="54.979826" lon="25.658111"><ele>161.355</ele><time>2024-09-15T11:23:49Z</time></trkpt><trkpt lat="54.979871" lon="25.658104"><ele>161.430</ele><time>2024-09-15T11:23:50Z</time></trkpt><trkpt lat="54.979944" lon="25.658103"><ele>161.939</ele><time>2024-09-15T11:23:51Z</time></trkpt><trkpt lat="54.980008" lon="25.658095"><ele>163.513</ele><time>2024-09-15T11:23:52Z</time></trkpt><trkpt lat="54.980065" lon="25.658083"><ele>164.711</ele><time>2024-09-15T11:23:53Z</time></trkpt><trkpt lat="54.980118" lon="25.658059"><ele>166.073</ele><time>2024-09-15T11:23:54Z</time></trkpt><trkpt lat="54.980219" lon="25.658046"><ele>166.678</ele><time>2024-09-15T11:23:56Z</time></trkpt><trkpt lat="54.980285" lon="25.658039"><ele>166.624</ele><time>2024-09-15T11:23:57Z</time></trkpt><trkpt lat="54.980355" lon="25.658032"><ele>166.604</ele><time>2024-09-15T11:23:58Z</time></trkpt><trkpt lat="54.980435" lon="25.658013"><ele>166.814</ele><time>2024-09-15T11:23:59Z</time></trkpt><trkpt lat="54.980509" lon="25.658005"><ele>166.509</ele><time>2024-09-15T11:24:00Z</time></trkpt><trkpt lat="54.980599" lon="25.65799"><ele>166.553</ele><time>2024-09-15T11:24:01Z</time></trkpt><trkpt lat="54.980694" lon="25.657955"><ele>166.270</ele><time>2024-09-15T11:24:02Z</time></trkpt><trkpt lat="54.980754" lon="25.657967"><ele>166.036</ele><time>2024-09-15T11:24:03Z</time></trkpt><trkpt lat="54.9808" lon="25.657956"><ele>165.461</ele><time>2024-09-15T11:24:04Z</time></trkpt><trkpt lat="54.980849" lon="25.657931"><ele>164.850</ele><time>2024-09-15T11:24:05Z</time></trkpt><trkpt lat="54.980892" lon="25.657859"><ele>164.724</ele><time>2024-09-15T11:24:07Z</time></trkpt><trkpt lat="54.980936" lon="25.657784"><ele>164.682</ele><time>2024-09-15T11:24:10Z</time></trkpt><trkpt lat="54.980973" lon="25.657719"><ele>164.354</ele><time>2024-09-15T11:24:13Z</time></trkpt><trkpt lat="54.981021" lon="25.657675"><ele>164.379</ele><time>2024-09-15T11:24:16Z</time></trkpt><trkpt lat="54.981065" lon="25.657655"><ele>164.352</ele><time>2024-09-15T11:24:25Z</time></trkpt><trkpt lat="54.98111" lon="25.657711"><ele>162.353</ele><time>2024-09-15T11:24:38Z</time></trkpt><trkpt lat="54.981145" lon="25.657765"><ele>161.508</ele><time>2024-09-15T11:24:41Z</time></trkpt><trkpt lat="54.981181" lon="25.657818"><ele>161.409</ele><time>2024-09-15T11:24:43Z</time></trkpt><trkpt lat="54.981227" lon="25.657868"><ele>161.376</ele><time>2024-09-15T11:24:45Z</time></trkpt><trkpt lat="54.981283" lon="25.657891"><ele>159.843</ele><time>2024-09-15T11:24:47Z</time></trkpt><trkpt lat="54.981341" lon="25.65789"><ele>158.669</ele><time>2024-09-15T11:24:49Z</time></trkpt><trkpt lat="54.981406" lon="25.657862"><ele>157.574</ele><time>2024-09-15T11:24:51Z</time></trkpt><trkpt lat="54.981528" lon="25.657813"><ele>157.283</ele><time>2024-09-15T11:24:52Z</time></trkpt><trkpt lat="54.981586" lon="25.657804"><ele>157.257</ele><time>2024-09-15T11:24:53Z</time></trkpt><trkpt lat="54.981653" lon="25.657801"><ele>157.275</ele><time>2024-09-15T11:24:54Z</time></trkpt><trkpt lat="54.981707" lon="25.657776"><ele>156.777</ele><time>2024-09-15T11:24:56Z</time></trkpt><trkpt lat="54.981775" lon="25.657752"><ele>156.782</ele><time>2024-09-15T11:24:58Z</time></trkpt><trkpt lat="54.981827" lon="25.657744"><ele>156.882</ele><time>2024-09-15T11:25:01Z</time></trkpt><trkpt lat="54.981888" lon="25.65773"><ele>156.843</ele><time>2024-09-15T11:25:04Z</time></trkpt><trkpt lat="54.981958" lon="25.657716"><ele>156.717</ele><time>2024-09-15T11:25:06Z</time></trkpt><trkpt lat="54.982038" lon="25.657723"><ele>156.909</ele><time>2024-09-15T11:25:08Z</time></trkpt><trkpt lat="54.982085" lon="25.657724"><ele>156.999</ele><time>2024-09-15T11:25:09Z</time></trkpt><trkpt lat="54.982177" lon="25.657719"><ele>157.256</ele><time>2024-09-15T11:25:11Z</time></trkpt><trkpt lat="54.982226" lon="25.65772"><ele>157.362</ele><time>2024-09-15T11:25:12Z</time></trkpt><trkpt lat="54.982315" lon="25.657697"><ele>158.017</ele><time>2024-09-15T11:25:13Z</time></trkpt><trkpt lat="54.982413" lon="25.657684"><ele>158.716</ele><time>2024-09-15T11:25:15Z</time></trkpt><trkpt lat="54.98248" lon="25.65767"><ele>158.820</ele><time>2024-09-15T11:25:16Z</time></trkpt><trkpt lat="54.982554" lon="25.657659"><ele>159.448</ele><time>2024-09-15T11:25:17Z</time></trkpt><trkpt lat="54.982627" lon="25.657635"><ele>160.680</ele><time>2024-09-15T11:25:19Z</time></trkpt><trkpt lat="54.982686" lon="25.657618"><ele>161.095</ele><time>2024-09-15T11:25:21Z</time></trkpt><trkpt lat="54.982738" lon="25.657607"><ele>165.646</ele><time>2024-09-15T11:25:32Z</time></trkpt><trkpt lat="54.982814" lon="25.657601"><ele>165.688</ele><time>2024-09-15T11:25:34Z</time></trkpt><trkpt lat="54.98286" lon="25.657599"><ele>165.716</ele><time>2024-09-15T11:25:35Z</time></trkpt><trkpt lat="54.982938" lon="25.657581"><ele>165.709</ele><time>2024-09-15T11:25:36Z</time></trkpt><trkpt lat="54.982999" lon="25.657578"><ele>165.845</ele><time>2024-09-15T11:25:37Z</time></trkpt><trkpt lat="54.983077" lon="25.65755"><ele>165.732</ele><time>2024-09-15T11:25:38Z</time></trkpt><trkpt lat="54.983161" lon="25.657517"><ele>166.038</ele><time>2024-09-15T11:25:39Z</time></trkpt><trkpt lat="54.983235" lon="25.657498"><ele>166.313</ele><time>2024-09-15T11:25:40Z</time></trkpt><trkpt lat="54.983315" lon="25.657491"><ele>166.842</ele><time>2024-09-15T11:25:41Z</time></trkpt><trkpt lat="54.983415" lon="25.657504"><ele>167.176</ele><time>2024-09-15T11:25:42Z</time></trkpt><trkpt lat="54.983514" lon="25.6575"><ele>167.264</ele><time>2024-09-15T11:25:43Z</time></trkpt><trkpt lat="54.983615" lon="25.657494"><ele>167.726</ele><time>2024-09-15T11:25:44Z</time></trkpt><trkpt lat="54.983705" lon="25.657474"><ele>168.491</ele><time>2024-09-15T11:25:45Z</time></trkpt><trkpt lat="54.983785" lon="25.657456"><ele>168.855</ele><time>2024-09-15T11:25:46Z</time></trkpt><trkpt lat="54.983834" lon="25.657433"><ele>170.307</ele><time>2024-09-15T11:25:53Z</time></trkpt><trkpt lat="54.983896" lon="25.657443"><ele>171.517</ele><time>2024-09-15T11:25:56Z</time></trkpt><trkpt lat="54.983953" lon="25.657449"><ele>172.109</ele><time>2024-09-15T11:26:00Z</time></trkpt><trkpt lat="54.983978" lon="25.657523"><ele>172.896</ele><time>2024-09-15T11:26:03Z</time></trkpt><trkpt lat="54.984034" lon="25.657571"><ele>173.233</ele><time>2024-09-15T11:26:08Z</time></trkpt><trkpt lat="54.984087" lon="25.657599"><ele>174.129</ele><time>2024-09-15T11:26:10Z</time></trkpt><trkpt lat="54.984132" lon="25.657659"><ele>174.514</ele><time>2024-09-15T11:26:12Z</time></trkpt><trkpt lat="54.984189" lon="25.657629"><ele>174.793</ele><time>2024-09-15T11:26:14Z</time></trkpt><trkpt lat="54.984244" lon="25.657645"><ele>175.187</ele><time>2024-09-15T11:26:17Z</time></trkpt><trkpt lat="54.984286" lon="25.657679"><ele>177.265</ele><time>2024-09-15T11:26:22Z</time></trkpt><trkpt lat="54.984336" lon="25.657686"><ele>177.957</ele><time>2024-09-15T11:26:25Z</time></trkpt><trkpt lat="54.984376" lon="25.657623"><ele>179.032</ele><time>2024-09-15T11:26:28Z</time></trkpt><trkpt lat="54.984422" lon="25.657623"><ele>179.817</ele><time>2024-09-15T11:26:31Z</time></trkpt><trkpt lat="54.984468" lon="25.657622"><ele>181.887</ele><time>2024-09-15T11:26:43Z</time></trkpt><trkpt lat="54.984518" lon="25.657568"><ele>182.115</ele><time>2024-09-15T11:26:47Z</time></trkpt><trkpt lat="54.984556" lon="25.657524"><ele>182.209</ele><time>2024-09-15T11:26:49Z</time></trkpt><trkpt lat="54.984581" lon="25.657447"><ele>182.322</ele><time>2024-09-15T11:26:52Z</time></trkpt><trkpt lat="54.984585" lon="25.657355"><ele>182.429</ele><time>2024-09-15T11:26:56Z</time></trkpt><trkpt lat="54.984635" lon="25.65732"><ele>182.555</ele><time>2024-09-15T11:27:00Z</time></trkpt><trkpt lat="54.984701" lon="25.657325"><ele>182.840</ele><time>2024-09-15T11:27:01Z</time></trkpt><trkpt lat="54.984767" lon="25.657292"><ele>182.659</ele><time>2024-09-15T11:27:02Z</time></trkpt><trkpt lat="54.984823" lon="25.657271"><ele>182.053</ele><time>2024-09-15T11:27:03Z</time></trkpt><trkpt lat="54.984889" lon="25.657247"><ele>181.631</ele><time>2024-09-15T11:27:04Z</time></trkpt><trkpt lat="54.984962" lon="25.65724"><ele>181.833</ele><time>2024-09-15T11:27:05Z</time></trkpt><trkpt lat="54.985056" lon="25.657212"><ele>182.318</ele><time>2024-09-15T11:27:06Z</time></trkpt><trkpt lat="54.985124" lon="25.657207"><ele>183.665</ele><time>2024-09-15T11:27:07Z</time></trkpt><trkpt lat="54.985195" lon="25.657194"><ele>183.668</ele><time>2024-09-15T11:27:08Z</time></trkpt><trkpt lat="54.985264" lon="25.657166"><ele>183.614</ele><time>2024-09-15T11:27:09Z</time></trkpt><trkpt lat="54.985358" lon="25.657162"><ele>183.609</ele><time>2024-09-15T11:27:10Z</time></trkpt><trkpt lat="54.985443" lon="25.657137"><ele>183.647</ele><time>2024-09-15T11:27:11Z</time></trkpt><trkpt lat="54.985535" lon="25.657101"><ele>183.264</ele><time>2024-09-15T11:27:12Z</time></trkpt><trkpt lat="54.985619" lon="25.657075"><ele>182.510</ele><time>2024-09-15T11:27:13Z</time></trkpt><trkpt lat="54.985701" lon="25.657045"><ele>182.475</ele><time>2024-09-15T11:27:14Z</time></trkpt><trkpt lat="54.985796" lon="25.657021"><ele>182.194</ele><time>2024-09-15T11:27:15Z</time></trkpt><trkpt lat="54.985909" lon="25.657034"><ele>181.878</ele><time>2024-09-15T11:27:16Z</time></trkpt><trkpt lat="54.985967" lon="25.657055"><ele>181.736</ele><time>2024-09-15T11:27:17Z</time></trkpt><trkpt lat="54.986063" lon="25.657068"><ele>182.138</ele><time>2024-09-15T11:27:18Z</time></trkpt><trkpt lat="54.98615" lon="25.657025"><ele>182.753</ele><time>2024-09-15T11:27:19Z</time></trkpt><trkpt lat="54.986253" lon="25.65702"><ele>182.837</ele><time>2024-09-15T11:27:21Z</time></trkpt><trkpt lat="54.986264" lon="25.657096"><ele>182.749</ele><time>2024-09-15T11:27:22Z</time></trkpt><trkpt lat="54.9863" lon="25.657183"><ele>182.613</ele><time>2024-09-15T11:27:23Z</time></trkpt><trkpt lat="54.986351" lon="25.657305"><ele>182.609</ele><time>2024-09-15T11:27:25Z</time></trkpt><trkpt lat="54.986392" lon="25.657344"><ele>182.594</ele><time>2024-09-15T11:27:26Z</time></trkpt><trkpt lat="54.986478" lon="25.657283"><ele>182.081</ele><time>2024-09-15T11:27:27Z</time></trkpt><trkpt lat="54.986535" lon="25.657243"><ele>181.137</ele><time>2024-09-15T11:27:28Z</time></trkpt><trkpt lat="54.986569" lon="25.657117"><ele>180.732</ele><time>2024-09-15T11:27:29Z</time></trkpt><trkpt lat="54.986587" lon="25.657016"><ele>178.991</ele><time>2024-09-15T11:27:30Z</time></trkpt><trkpt lat="54.986611" lon="25.656943"><ele>178.235</ele><time>2024-09-15T11:27:31Z</time></trkpt><trkpt lat="54.986654" lon="25.656897"><ele>178.023</ele><time>2024-09-15T11:27:32Z</time></trkpt><trkpt lat="54.986701" lon="25.65689"><ele>177.615</ele><time>2024-09-15T11:27:33Z</time></trkpt><trkpt lat="54.986749" lon="25.656873"><ele>177.690</ele><time>2024-09-15T11:27:34Z</time></trkpt><trkpt lat="54.986818" lon="25.656861"><ele>177.576</ele><time>2024-09-15T11:27:35Z</time></trkpt><trkpt lat="54.986907" lon="25.656849"><ele>177.590</ele><time>2024-09-15T11:27:36Z</time></trkpt><trkpt lat="54.986985" lon="25.656825"><ele>177.619</ele><time>2024-09-15T11:27:37Z</time></trkpt><trkpt lat="54.987044" lon="25.656815"><ele>178.209</ele><time>2024-09-15T11:27:38Z</time></trkpt><trkpt lat="54.987143" lon="25.656814"><ele>178.428</ele><time>2024-09-15T11:27:40Z</time></trkpt><trkpt lat="54.987193" lon="25.656796"><ele>178.415</ele><time>2024-09-15T11:27:41Z</time></trkpt><trkpt lat="54.987267" lon="25.656801"><ele>178.491</ele><time>2024-09-15T11:27:42Z</time></trkpt><trkpt lat="54.98734" lon="25.656808"><ele>178.096</ele><time>2024-09-15T11:27:43Z</time></trkpt><trkpt lat="54.987413" lon="25.65681"><ele>177.825</ele><time>2024-09-15T11:27:44Z</time></trkpt><trkpt lat="54.987485" lon="25.656817"><ele>177.549</ele><time>2024-09-15T11:27:45Z</time></trkpt><trkpt lat="54.98755" lon="25.656793"><ele>177.527</ele><time>2024-09-15T11:27:46Z</time></trkpt><trkpt lat="54.987624" lon="25.656759"><ele>177.959</ele><time>2024-09-15T11:27:47Z</time></trkpt><trkpt lat="54.987695" lon="25.656741"><ele>178.344</ele><time>2024-09-15T11:27:48Z</time></trkpt><trkpt lat="54.987766" lon="25.656719"><ele>179.244</ele><time>2024-09-15T11:27:49Z</time></trkpt><trkpt lat="54.98791" lon="25.656679"><ele>180.105</ele><time>2024-09-15T11:27:50Z</time></trkpt><trkpt lat="54.988036" lon="25.656669"><ele>180.215</ele><time>2024-09-15T11:27:51Z</time></trkpt><trkpt lat="54.988135" lon="25.656657"><ele>178.009</ele><time>2024-09-15T11:27:52Z</time></trkpt><trkpt lat="54.988203" lon="25.656642"><ele>178.235</ele><time>2024-09-15T11:27:53Z</time></trkpt><trkpt lat="54.988259" lon="25.656633"><ele>178.352</ele><time>2024-09-15T11:27:54Z</time></trkpt><trkpt lat="54.988349" lon="25.656628"><ele>178.388</ele><time>2024-09-15T11:27:56Z</time></trkpt><trkpt lat="54.988411" lon="25.656591"><ele>178.573</ele><time>2024-09-15T11:27:58Z</time></trkpt><trkpt lat="54.988474" lon="25.656583"><ele>178.582</ele><time>2024-09-15T11:28:01Z</time></trkpt><trkpt lat="54.988533" lon="25.656573"><ele>173.436</ele><time>2024-09-15T11:28:46Z</time></trkpt><trkpt lat="54.988579" lon="25.656573"><ele>173.324</ele><time>2024-09-15T11:28:50Z</time></trkpt><trkpt lat="54.988625" lon="25.656555"><ele>173.276</ele><time>2024-09-15T11:28:57Z</time></trkpt><trkpt lat="54.98868" lon="25.656537"><ele>173.291</ele><time>2024-09-15T11:28:59Z</time></trkpt><trkpt lat="54.98874" lon="25.656524"><ele>173.134</ele><time>2024-09-15T11:29:02Z</time></trkpt><trkpt lat="54.98879" lon="25.656499"><ele>168.355</ele><time>2024-09-15T11:29:30Z</time></trkpt><trkpt lat="54.988839" lon="25.656506"><ele>168.210</ele><time>2024-09-15T11:29:33Z</time></trkpt><trkpt lat="54.988898" lon="25.65651"><ele>168.009</ele><time>2024-09-15T11:29:35Z</time></trkpt><trkpt lat="54.988985" lon="25.656494"><ele>167.934</ele><time>2024-09-15T11:29:37Z</time></trkpt><trkpt lat="54.989034" lon="25.656485"><ele>167.911</ele><time>2024-09-15T11:29:38Z</time></trkpt><trkpt lat="54.989094" lon="25.656471"><ele>165.537</ele><time>2024-09-15T11:29:40Z</time></trkpt><trkpt lat="54.989144" lon="25.65646"><ele>164.962</ele><time>2024-09-15T11:29:43Z</time></trkpt><trkpt lat="54.989204" lon="25.656437"><ele>164.261</ele><time>2024-09-15T11:29:46Z</time></trkpt><trkpt lat="54.989262" lon="25.656427"><ele>163.775</ele><time>2024-09-15T11:29:48Z</time></trkpt><trkpt lat="54.989318" lon="25.656418"><ele>163.463</ele><time>2024-09-15T11:29:50Z</time></trkpt><trkpt lat="54.989375" lon="25.656414"><ele>162.155</ele><time>2024-09-15T11:29:54Z</time></trkpt><trkpt lat="54.989451" lon="25.656422"><ele>158.690</ele><time>2024-09-15T11:29:56Z</time></trkpt><trkpt lat="54.989497" lon="25.656421"><ele>158.025</ele><time>2024-09-15T11:29:57Z</time></trkpt><trkpt lat="54.989543" lon="25.656413"><ele>158.026</ele><time>2024-09-15T11:29:58Z</time></trkpt><trkpt lat="54.989622" lon="25.656397"><ele>158.008</ele><time>2024-09-15T11:30:00Z</time></trkpt><trkpt lat="54.989672" lon="25.656394"><ele>157.709</ele><time>2024-09-15T11:30:02Z</time></trkpt><trkpt lat="54.989722" lon="25.656387"><ele>159.053</ele><time>2024-09-15T11:30:05Z</time></trkpt><trkpt lat="54.989769" lon="25.656347"><ele>159.680</ele><time>2024-09-15T11:30:10Z</time></trkpt><trkpt lat="54.989812" lon="25.656282"><ele>159.976</ele><time>2024-09-15T11:30:13Z</time></trkpt><trkpt lat="54.989857" lon="25.656303"><ele>161.121</ele><time>2024-09-15T11:30:15Z</time></trkpt><trkpt lat="54.989915" lon="25.656386"><ele>161.150</ele><time>2024-09-15T11:30:17Z</time></trkpt><trkpt lat="54.989996" lon="25.656349"><ele>162.484</ele><time>2024-09-15T11:30:19Z</time></trkpt><trkpt lat="54.990071" lon="25.656334"><ele>160.232</ele><time>2024-09-15T11:30:21Z</time></trkpt><trkpt lat="54.990189" lon="25.656275"><ele>160.364</ele><time>2024-09-15T11:30:23Z</time></trkpt><trkpt lat="54.990245" lon="25.656262"><ele>161.479</ele><time>2024-09-15T11:30:24Z</time></trkpt><trkpt lat="54.990307" lon="25.656247"><ele>162.118</ele><time>2024-09-15T11:30:25Z</time></trkpt><trkpt lat="54.990357" lon="25.656237"><ele>162.398</ele><time>2024-09-15T11:30:26Z</time></trkpt><trkpt lat="54.990419" lon="25.656223"><ele>162.917</ele><time>2024-09-15T11:30:27Z</time></trkpt><trkpt lat="54.990485" lon="25.656202"><ele>163.809</ele><time>2024-09-15T11:30:28Z</time></trkpt><trkpt lat="54.990547" lon="25.65619"><ele>164.042</ele><time>2024-09-15T11:30:29Z</time></trkpt><trkpt lat="54.990604" lon="25.656177"><ele>165.129</ele><time>2024-09-15T11:30:30Z</time></trkpt><trkpt lat="54.990667" lon="25.656172"><ele>165.135</ele><time>2024-09-15T11:30:31Z</time></trkpt><trkpt lat="54.990745" lon="25.656168"><ele>165.140</ele><time>2024-09-15T11:30:32Z</time></trkpt><trkpt lat="54.990814" lon="25.656146"><ele>164.179</ele><time>2024-09-15T11:30:33Z</time></trkpt><trkpt lat="54.990875" lon="25.656138"><ele>163.023</ele><time>2024-09-15T11:30:34Z</time></trkpt><trkpt lat="54.990939" lon="25.65612"><ele>162.721</ele><time>2024-09-15T11:30:35Z</time></trkpt><trkpt lat="54.991009" lon="25.656103"><ele>162.733</ele><time>2024-09-15T11:30:36Z</time></trkpt><trkpt lat="54.991064" lon="25.656094"><ele>162.618</ele><time>2024-09-15T11:30:37Z</time></trkpt><trkpt lat="54.991131" lon="25.656089"><ele>162.617</ele><time>2024-09-15T11:30:38Z</time></trkpt><trkpt lat="54.991186" lon="25.656072"><ele>162.687</ele><time>2024-09-15T11:30:39Z</time></trkpt><trkpt lat="54.991251" lon="25.656063"><ele>161.915</ele><time>2024-09-15T11:30:40Z</time></trkpt><trkpt lat="54.991306" lon="25.656053"><ele>161.209</ele><time>2024-09-15T11:30:41Z</time></trkpt><trkpt lat="54.991351" lon="25.656029"><ele>160.642</ele><time>2024-09-15T11:30:42Z</time></trkpt><trkpt lat="54.991442" lon="25.656016"><ele>160.279</ele><time>2024-09-15T11:30:44Z</time></trkpt><trkpt lat="54.991487" lon="25.656002"><ele>160.285</ele><time>2024-09-15T11:30:45Z</time></trkpt><trkpt lat="54.991547" lon="25.655992"><ele>160.260</ele><time>2024-09-15T11:30:46Z</time></trkpt><trkpt lat="54.99161" lon="25.655991"><ele>160.319</ele><time>2024-09-15T11:30:47Z</time></trkpt><trkpt lat="54.991667" lon="25.655971"><ele>160.863</ele><time>2024-09-15T11:30:48Z</time></trkpt><trkpt lat="54.991712" lon="25.655958"><ele>161.351</ele><time>2024-09-15T11:30:49Z</time></trkpt><trkpt lat="54.991794" lon="25.655951"><ele>161.523</ele><time>2024-09-15T11:30:51Z</time></trkpt><trkpt lat="54.991861" lon="25.655931"><ele>162.068</ele><time>2024-09-15T11:30:53Z</time></trkpt><trkpt lat="54.991921" lon="25.65594"><ele>162.198</ele><time>2024-09-15T11:30:54Z</time></trkpt><trkpt lat="54.991966" lon="25.655908"><ele>162.715</ele><time>2024-09-15T11:30:56Z</time></trkpt><trkpt lat="54.99202" lon="25.655847"><ele>162.326</ele><time>2024-09-15T11:30:59Z</time></trkpt><trkpt lat="54.992047" lon="25.65578"><ele>162.109</ele><time>2024-09-15T11:31:02Z</time></trkpt><trkpt lat="54.992095" lon="25.655727"><ele>161.620</ele><time>2024-09-15T11:31:06Z</time></trkpt><trkpt lat="54.992138" lon="25.655661"><ele>161.747</ele><time>2024-09-15T11:31:09Z</time></trkpt><trkpt lat="54.992192" lon="25.655665"><ele>161.793</ele><time>2024-09-15T11:31:12Z</time></trkpt><trkpt lat="54.992226" lon="25.655729"><ele>161.578</ele><time>2024-09-15T11:31:17Z</time></trkpt><trkpt lat="54.992251" lon="25.655798"><ele>161.147</ele><time>2024-09-15T11:31:19Z</time></trkpt><trkpt lat="54.992308" lon="25.655856"><ele>161.211</ele><time>2024-09-15T11:31:22Z</time></trkpt><trkpt lat="54.992376" lon="25.655881"><ele>160.769</ele><time>2024-09-15T11:31:24Z</time></trkpt><trkpt lat="54.992431" lon="25.655885"><ele>160.731</ele><time>2024-09-15T11:31:26Z</time></trkpt><trkpt lat="54.992468" lon="25.655833"><ele>160.716</ele><time>2024-09-15T11:31:29Z</time></trkpt><trkpt lat="54.99252" lon="25.655796"><ele>162.759</ele><time>2024-09-15T11:31:34Z</time></trkpt><trkpt lat="54.992589" lon="25.655831"><ele>163.503</ele><time>2024-09-15T11:31:36Z</time></trkpt><trkpt lat="54.992634" lon="25.655851"><ele>163.523</ele><time>2024-09-15T11:31:37Z</time></trkpt><trkpt lat="54.992757" lon="25.655817"><ele>163.709</ele><time>2024-09-15T11:31:39Z</time></trkpt><trkpt lat="54.992834" lon="25.655796"><ele>163.976</ele><time>2024-09-15T11:31:40Z</time></trkpt><trkpt lat="54.992931" lon="25.65579"><ele>167.053</ele><time>2024-09-15T11:31:41Z</time></trkpt><trkpt lat="54.993003" lon="25.655782"><ele>167.559</ele><time>2024-09-15T11:31:42Z</time></trkpt><trkpt lat="54.993048" lon="25.655785"><ele>167.834</ele><time>2024-09-15T11:31:43Z</time></trkpt><trkpt lat="54.993088" lon="25.655733"><ele>168.083</ele><time>2024-09-15T11:31:44Z</time></trkpt><trkpt lat="54.993148" lon="25.655687"><ele>168.067</ele><time>2024-09-15T11:31:46Z</time></trkpt><trkpt lat="54.993201" lon="25.655657"><ele>170.355</ele><time>2024-09-15T11:31:49Z</time></trkpt><trkpt lat="54.993244" lon="25.655575"><ele>172.427</ele><time>2024-09-15T11:31:58Z</time></trkpt><trkpt lat="54.99331" lon="25.655536"><ele>172.472</ele><time>2024-09-15T11:32:00Z</time></trkpt><trkpt lat="54.993361" lon="25.655594"><ele>172.452</ele><time>2024-09-15T11:32:02Z</time></trkpt><trkpt lat="54.993431" lon="25.655638"><ele>172.453</ele><time>2024-09-15T11:32:04Z</time></trkpt><trkpt lat="54.993509" lon="25.655604"><ele>171.008</ele><time>2024-09-15T11:32:06Z</time></trkpt><trkpt lat="54.993596" lon="25.655592"><ele>170.409</ele><time>2024-09-15T11:32:08Z</time></trkpt><trkpt lat="54.993672" lon="25.655579"><ele>170.296</ele><time>2024-09-15T11:32:11Z</time></trkpt><trkpt lat="54.993739" lon="25.655557"><ele>170.063</ele><time>2024-09-15T11:32:13Z</time></trkpt><trkpt lat="54.993853" lon="25.655506"><ele>169.839</ele><time>2024-09-15T11:32:15Z</time></trkpt><trkpt lat="54.993906" lon="25.655484"><ele>169.654</ele><time>2024-09-15T11:32:16Z</time></trkpt><trkpt lat="54.993958" lon="25.655475"><ele>169.353</ele><time>2024-09-15T11:32:17Z</time></trkpt><trkpt lat="54.994003" lon="25.655467"><ele>169.197</ele><time>2024-09-15T11:32:18Z</time></trkpt><trkpt lat="54.994093" lon="25.655428"><ele>169.035</ele><time>2024-09-15T11:32:20Z</time></trkpt><trkpt lat="54.99419" lon="25.655398"><ele>169.097</ele><time>2024-09-15T11:32:22Z</time></trkpt><trkpt lat="54.994254" lon="25.655396"><ele>169.032</ele><time>2024-09-15T11:32:23Z</time></trkpt><trkpt lat="54.994319" lon="25.655396"><ele>168.911</ele><time>2024-09-15T11:32:24Z</time></trkpt><trkpt lat="54.994386" lon="25.655377"><ele>168.421</ele><time>2024-09-15T11:32:25Z</time></trkpt><trkpt lat="54.99445" lon="25.65537"><ele>168.303</ele><time>2024-09-15T11:32:26Z</time></trkpt><trkpt lat="54.994516" lon="25.655369"><ele>167.409</ele><time>2024-09-15T11:32:27Z</time></trkpt><trkpt lat="54.994573" lon="25.655322"><ele>166.572</ele><time>2024-09-15T11:32:28Z</time></trkpt><trkpt lat="54.994621" lon="25.655281"><ele>165.879</ele><time>2024-09-15T11:32:29Z</time></trkpt><trkpt lat="54.994684" lon="25.655244"><ele>163.795</ele><time>2024-09-15T11:32:32Z</time></trkpt><trkpt lat="54.99474" lon="25.655235"><ele>162.370</ele><time>2024-09-15T11:32:37Z</time></trkpt><trkpt lat="54.99479" lon="25.655214"><ele>162.239</ele><time>2024-09-15T11:32:38Z</time></trkpt><trkpt lat="54.994841" lon="25.655194"><ele>162.083</ele><time>2024-09-15T11:32:39Z</time></trkpt><trkpt lat="54.994922" lon="25.655195"><ele>161.851</ele><time>2024-09-15T11:32:41Z</time></trkpt><trkpt lat="54.994968" lon="25.6552"><ele>161.363</ele><time>2024-09-15T11:32:43Z</time></trkpt><trkpt lat="54.995025" lon="25.655214"><ele>159.858</ele><time>2024-09-15T11:32:46Z</time></trkpt><trkpt lat="54.995087" lon="25.65517"><ele>159.657</ele><time>2024-09-15T11:32:51Z</time></trkpt><trkpt lat="54.995148" lon="25.655115"><ele>159.100</ele><time>2024-09-15T11:32:53Z</time></trkpt><trkpt lat="54.995204" lon="25.6551"><ele>158.920</ele><time>2024-09-15T11:32:54Z</time></trkpt><trkpt lat="54.995284" lon="25.655047"><ele>158.409</ele><time>2024-09-15T11:32:56Z</time></trkpt><trkpt lat="54.995362" lon="25.655036"><ele>157.936</ele><time>2024-09-15T11:32:58Z</time></trkpt><trkpt lat="54.995411" lon="25.65503"><ele>157.843</ele><time>2024-09-15T11:32:59Z</time></trkpt><trkpt lat="54.995496" lon="25.655007"><ele>157.759</ele><time>2024-09-15T11:33:01Z</time></trkpt><trkpt lat="54.995577" lon="25.654978"><ele>157.254</ele><time>2024-09-15T11:33:03Z</time></trkpt><trkpt lat="54.995626" lon="25.654953"><ele>157.253</ele><time>2024-09-15T11:33:04Z</time></trkpt><trkpt lat="54.995675" lon="25.654931"><ele>157.267</ele><time>2024-09-15T11:33:05Z</time></trkpt><trkpt lat="54.995724" lon="25.654925"><ele>156.865</ele><time>2024-09-15T11:33:06Z</time></trkpt><trkpt lat="54.995772" lon="25.654968"><ele>155.657</ele><time>2024-09-15T11:33:07Z</time></trkpt><trkpt lat="54.995802" lon="25.655036"><ele>154.862</ele><time>2024-09-15T11:33:08Z</time></trkpt><trkpt lat="54.995837" lon="25.655121"><ele>154.751</ele><time>2024-09-15T11:33:09Z</time></trkpt><trkpt lat="54.995893" lon="25.655287"><ele>154.501</ele><time>2024-09-15T11:33:10Z</time></trkpt><trkpt lat="54.995928" lon="25.655417"><ele>153.511</ele><time>2024-09-15T11:33:11Z</time></trkpt><trkpt lat="54.995942" lon="25.655553"><ele>153.509</ele><time>2024-09-15T11:33:12Z</time></trkpt><trkpt lat="54.995949" lon="25.655677"><ele>153.826</ele><time>2024-09-15T11:33:13Z</time></trkpt><trkpt lat="54.995949" lon="25.655799"><ele>153.863</ele><time>2024-09-15T11:33:14Z</time></trkpt><trkpt lat="54.995929" lon="25.65592"><ele>153.929</ele><time>2024-09-15T11:33:15Z</time></trkpt><trkpt lat="54.995917" lon="25.656027"><ele>153.844</ele><time>2024-09-15T11:33:16Z</time></trkpt><trkpt lat="54.99591" lon="25.656134"><ele>153.843</ele><time>2024-09-15T11:33:17Z</time></trkpt><trkpt lat="54.995905" lon="25.656216"><ele>153.787</ele><time>2024-09-15T11:33:18Z</time></trkpt><trkpt lat="54.995889" lon="25.656339"><ele>152.435</ele><time>2024-09-15T11:33:20Z</time></trkpt><trkpt lat="54.99588" lon="25.65646"><ele>152.517</ele><time>2024-09-15T11:33:22Z</time></trkpt><trkpt lat="54.995884" lon="25.65654"><ele>152.642</ele><time>2024-09-15T11:33:24Z</time></trkpt><trkpt lat="54.995895" lon="25.656631"><ele>152.779</ele><time>2024-09-15T11:33:26Z</time></trkpt><trkpt lat="54.99594" lon="25.656723"><ele>152.905</ele><time>2024-09-15T11:33:29Z</time></trkpt><trkpt lat="54.995998" lon="25.656815"><ele>153.025</ele><time>2024-09-15T11:33:31Z</time></trkpt><trkpt lat="54.996023" lon="25.656938"><ele>153.009</ele><time>2024-09-15T11:33:33Z</time></trkpt><trkpt lat="54.99601" lon="25.657054"><ele>153.498</ele><time>2024-09-15T11:33:35Z</time></trkpt><trkpt lat="54.995976" lon="25.657223"><ele>153.545</ele><time>2024-09-15T11:33:37Z</time></trkpt><trkpt lat="54.995967" lon="25.657331"><ele>153.561</ele><time>2024-09-15T11:33:38Z</time></trkpt><trkpt lat="54.995963" lon="25.657417"><ele>153.576</ele><time>2024-09-15T11:33:39Z</time></trkpt><trkpt lat="54.99595" lon="25.65757"><ele>153.135</ele><time>2024-09-15T11:33:41Z</time></trkpt><trkpt lat="54.995936" lon="25.657701"><ele>153.019</ele><time>2024-09-15T11:33:43Z</time></trkpt><trkpt lat="54.995941" lon="25.6578"><ele>152.687</ele><time>2024-09-15T11:33:45Z</time></trkpt><trkpt lat="54.995943" lon="25.657887"><ele>152.799</ele><time>2024-09-15T11:33:47Z</time></trkpt><trkpt lat="54.995932" lon="25.657991"><ele>152.054</ele><time>2024-09-15T11:33:51Z</time></trkpt><trkpt lat="54.995891" lon="25.658025"><ele>151.248</ele><time>2024-09-15T11:33:53Z</time></trkpt><trkpt lat="54.995856" lon="25.658102"><ele>150.961</ele><time>2024-09-15T11:33:56Z</time></trkpt><trkpt lat="54.995858" lon="25.658187"><ele>150.417</ele><time>2024-09-15T11:34:02Z</time></trkpt><trkpt lat="54.995856" lon="25.658285"><ele>150.609</ele><time>2024-09-15T11:34:06Z</time></trkpt><trkpt lat="54.995879" lon="25.65838"><ele>150.865</ele><time>2024-09-15T11:34:09Z</time></trkpt><trkpt lat="54.995888" lon="25.658475"><ele>150.742</ele><time>2024-09-15T11:34:12Z</time></trkpt><trkpt lat="54.995906" lon="25.658572"><ele>151.288</ele><time>2024-09-15T11:34:23Z</time></trkpt><trkpt lat="54.995935" lon="25.658655"><ele>151.353</ele><time>2024-09-15T11:34:24Z</time></trkpt><trkpt lat="54.995977" lon="25.658739"><ele>152.122</ele><time>2024-09-15T11:34:25Z</time></trkpt><trkpt lat="54.99604" lon="25.658821"><ele>153.326</ele><time>2024-09-15T11:34:26Z</time></trkpt><trkpt lat="54.9961" lon="25.658885"><ele>153.594</ele><time>2024-09-15T11:34:27Z</time></trkpt><trkpt lat="54.996138" lon="25.659005"><ele>153.846</ele><time>2024-09-15T11:34:29Z</time></trkpt><trkpt lat="54.996156" lon="25.659196"><ele>154.471</ele><time>2024-09-15T11:34:31Z</time></trkpt><trkpt lat="54.996164" lon="25.659332"><ele>154.386</ele><time>2024-09-15T11:34:32Z</time></trkpt><trkpt lat="54.996194" lon="25.659505"><ele>154.360</ele><time>2024-09-15T11:34:33Z</time></trkpt><trkpt lat="54.9962" lon="25.659664"><ele>154.026</ele><time>2024-09-15T11:34:34Z</time></trkpt><trkpt lat="54.996221" lon="25.659752"><ele>153.709</ele><time>2024-09-15T11:34:35Z</time></trkpt><trkpt lat="54.996225" lon="25.659932"><ele>153.499</ele><time>2024-09-15T11:34:37Z</time></trkpt><trkpt lat="54.996244" lon="25.660062"><ele>153.126</ele><time>2024-09-15T11:34:38Z</time></trkpt><trkpt lat="54.996253" lon="25.660186"><ele>153.052</ele><time>2024-09-15T11:34:39Z</time></trkpt><trkpt lat="54.996242" lon="25.660299"><ele>152.747</ele><time>2024-09-15T11:34:41Z</time></trkpt><trkpt lat="54.996211" lon="25.660384"><ele>152.876</ele><time>2024-09-15T11:34:43Z</time></trkpt><trkpt lat="54.99616" lon="25.660423"><ele>152.830</ele><time>2024-09-15T11:34:44Z</time></trkpt><trkpt lat="54.996142" lon="25.660517"><ele>156.078</ele><time>2024-09-15T11:34:48Z</time></trkpt><trkpt lat="54.996143" lon="25.660625"><ele>160.180</ele><time>2024-09-15T11:34:51Z</time></trkpt><trkpt lat="54.996177" lon="25.660696"><ele>160.945</ele><time>2024-09-15T11:34:53Z</time></trkpt><trkpt lat="54.996224" lon="25.660758"><ele>162.268</ele><time>2024-09-15T11:34:57Z</time></trkpt><trkpt lat="54.996232" lon="25.660971"><ele>162.242</ele><time>2024-09-15T11:34:59Z</time></trkpt><trkpt lat="54.996235" lon="25.661065"><ele>162.326</ele><time>2024-09-15T11:35:00Z</time></trkpt><trkpt lat="54.996257" lon="25.661229"><ele>162.209</ele><time>2024-09-15T11:35:01Z</time></trkpt><trkpt lat="54.996275" lon="25.661355"><ele>160.697</ele><time>2024-09-15T11:35:02Z</time></trkpt><trkpt lat="54.996289" lon="25.661453"><ele>161.194</ele><time>2024-09-15T11:35:03Z</time></trkpt><trkpt lat="54.99631" lon="25.661546"><ele>161.880</ele><time>2024-09-15T11:35:04Z</time></trkpt><trkpt lat="54.996318" lon="25.661629"><ele>162.575</ele><time>2024-09-15T11:35:05Z</time></trkpt><trkpt lat="54.996328" lon="25.661734"><ele>163.114</ele><time>2024-09-15T11:35:06Z</time></trkpt><trkpt lat="54.996318" lon="25.66187"><ele>164.188</ele><time>2024-09-15T11:35:08Z</time></trkpt><trkpt lat="54.996322" lon="25.661948"><ele>164.116</ele><time>2024-09-15T11:35:10Z</time></trkpt><trkpt lat="54.996379" lon="25.661996"><ele>164.188</ele><time>2024-09-15T11:35:12Z</time></trkpt><trkpt lat="54.996406" lon="25.66209"><ele>164.193</ele><time>2024-09-15T11:35:16Z</time></trkpt><trkpt lat="54.996398" lon="25.662177"><ele>164.125</ele><time>2024-09-15T11:35:18Z</time></trkpt><trkpt lat="54.996368" lon="25.662244"><ele>164.126</ele><time>2024-09-15T11:35:19Z</time></trkpt><trkpt lat="54.996335" lon="25.662317"><ele>164.108</ele><time>2024-09-15T11:35:21Z</time></trkpt><trkpt lat="54.996315" lon="25.662418"><ele>164.109</ele><time>2024-09-15T11:35:23Z</time></trkpt><trkpt lat="54.996315" lon="25.662505"><ele>164.493</ele><time>2024-09-15T11:35:24Z</time></trkpt><trkpt lat="54.996315" lon="25.662615"><ele>164.460</ele><time>2024-09-15T11:35:25Z</time></trkpt><trkpt lat="54.996322" lon="25.662742"><ele>164.096</ele><time>2024-09-15T11:35:26Z</time></trkpt><trkpt lat="54.996323" lon="25.662899"><ele>164.521</ele><time>2024-09-15T11:35:27Z</time></trkpt><trkpt lat="54.996326" lon="25.663015"><ele>164.960</ele><time>2024-09-15T11:35:28Z</time></trkpt><trkpt lat="54.996331" lon="25.66314"><ele>165.174</ele><time>2024-09-15T11:35:29Z</time></trkpt><trkpt lat="54.99633" lon="25.663249"><ele>165.352</ele><time>2024-09-15T11:35:30Z</time></trkpt><trkpt lat="54.996331" lon="25.663371"><ele>165.514</ele><time>2024-09-15T11:35:31Z</time></trkpt><trkpt lat="54.996351" lon="25.663463"><ele>165.499</ele><time>2024-09-15T11:35:32Z</time></trkpt><trkpt lat="54.99637" lon="25.663545"><ele>165.426</ele><time>2024-09-15T11:35:33Z</time></trkpt><trkpt lat="54.996385" lon="25.663673"><ele>165.947</ele><time>2024-09-15T11:35:34Z</time></trkpt><trkpt lat="54.996399" lon="25.663807"><ele>166.311</ele><time>2024-09-15T11:35:35Z</time></trkpt><trkpt lat="54.996414" lon="25.663946"><ele>166.309</ele><time>2024-09-15T11:35:36Z</time></trkpt><trkpt lat="54.996423" lon="25.664062"><ele>166.613</ele><time>2024-09-15T11:35:37Z</time></trkpt><trkpt lat="54.996419" lon="25.664173"><ele>167.030</ele><time>2024-09-15T11:35:38Z</time></trkpt><trkpt lat="54.996414" lon="25.664265"><ele>167.016</ele><time>2024-09-15T11:35:39Z</time></trkpt><trkpt lat="54.996416" lon="25.664358"><ele>166.741</ele><time>2024-09-15T11:35:40Z</time></trkpt><trkpt lat="54.99642" lon="25.664468"><ele>166.710</ele><time>2024-09-15T11:35:41Z</time></trkpt><trkpt lat="54.996426" lon="25.664594"><ele>166.614</ele><time>2024-09-15T11:35:42Z</time></trkpt><trkpt lat="54.996436" lon="25.664714"><ele>165.962</ele><time>2024-09-15T11:35:43Z</time></trkpt><trkpt lat="54.996443" lon="25.664849"><ele>165.954</ele><time>2024-09-15T11:35:44Z</time></trkpt><trkpt lat="54.996453" lon="25.664957"><ele>166.069</ele><time>2024-09-15T11:35:45Z</time></trkpt><trkpt lat="54.996461" lon="25.66504"><ele>166.771</ele><time>2024-09-15T11:35:46Z</time></trkpt><trkpt lat="54.996474" lon="25.665159"><ele>168.641</ele><time>2024-09-15T11:35:48Z</time></trkpt><trkpt lat="54.99647" lon="25.665336"><ele>170.715</ele><time>2024-09-15T11:35:50Z</time></trkpt><trkpt lat="54.996465" lon="25.665449"><ele>171.809</ele><time>2024-09-15T11:35:51Z</time></trkpt><trkpt lat="54.996467" lon="25.665556"><ele>172.328</ele><time>2024-09-15T11:35:52Z</time></trkpt><trkpt lat="54.99647" lon="25.665671"><ele>173.515</ele><time>2024-09-15T11:35:54Z</time></trkpt><trkpt lat="54.996485" lon="25.665765"><ele>174.871</ele><time>2024-09-15T11:35:56Z</time></trkpt><trkpt lat="54.996498" lon="25.665849"><ele>175.356</ele><time>2024-09-15T11:35:58Z</time></trkpt><trkpt lat="54.996509" lon="25.665966"><ele>175.385</ele><time>2024-09-15T11:36:00Z</time></trkpt><trkpt lat="54.996527" lon="25.666084"><ele>175.629</ele><time>2024-09-15T11:36:03Z</time></trkpt><trkpt lat="54.996538" lon="25.66618"><ele>176.957</ele><time>2024-09-15T11:36:05Z</time></trkpt><trkpt lat="54.996558" lon="25.666379"><ele>177.449</ele><time>2024-09-15T11:36:07Z</time></trkpt><trkpt lat="54.996584" lon="25.666498"><ele>177.614</ele><time>2024-09-15T11:36:08Z</time></trkpt><trkpt lat="54.996605" lon="25.666624"><ele>177.738</ele><time>2024-09-15T11:36:09Z</time></trkpt><trkpt lat="54.996619" lon="25.66674"><ele>176.970</ele><time>2024-09-15T11:36:10Z</time></trkpt><trkpt lat="54.9966" lon="25.666858"><ele>176.117</ele><time>2024-09-15T11:36:11Z</time></trkpt><trkpt lat="54.996608" lon="25.666988"><ele>176.009</ele><time>2024-09-15T11:36:12Z</time></trkpt><trkpt lat="54.99662" lon="25.667134"><ele>175.674</ele><time>2024-09-15T11:36:13Z</time></trkpt><trkpt lat="54.996648" lon="25.66726"><ele>175.461</ele><time>2024-09-15T11:36:14Z</time></trkpt><trkpt lat="54.996686" lon="25.667315"><ele>174.667</ele><time>2024-09-15T11:36:15Z</time></trkpt><trkpt lat="54.996718" lon="25.667454"><ele>172.962</ele><time>2024-09-15T11:36:16Z</time></trkpt><trkpt lat="54.996738" lon="25.667633"><ele>172.171</ele><time>2024-09-15T11:36:17Z</time></trkpt><trkpt lat="54.99672" lon="25.667833"><ele>171.885</ele><time>2024-09-15T11:36:18Z</time></trkpt><trkpt lat="54.996719" lon="25.667997"><ele>172.113</ele><time>2024-09-15T11:36:19Z</time></trkpt><trkpt lat="54.996733" lon="25.668161"><ele>172.925</ele><time>2024-09-15T11:36:20Z</time></trkpt><trkpt lat="54.996732" lon="25.668304"><ele>172.920</ele><time>2024-09-15T11:36:21Z</time></trkpt><trkpt lat="54.996736" lon="25.668408"><ele>172.559</ele><time>2024-09-15T11:36:22Z</time></trkpt><trkpt lat="54.996737" lon="25.668516"><ele>172.403</ele><time>2024-09-15T11:36:23Z</time></trkpt><trkpt lat="54.996744" lon="25.668646"><ele>171.923</ele><time>2024-09-15T11:36:24Z</time></trkpt><trkpt lat="54.996744" lon="25.668765"><ele>171.309</ele><time>2024-09-15T11:36:25Z</time></trkpt><trkpt lat="54.996742" lon="25.668881"><ele>171.256</ele><time>2024-09-15T11:36:26Z</time></trkpt><trkpt lat="54.996748" lon="25.669009"><ele>170.373</ele><time>2024-09-15T11:36:27Z</time></trkpt><trkpt lat="54.996758" lon="25.669161"><ele>169.569</ele><time>2024-09-15T11:36:28Z</time></trkpt><trkpt lat="54.996768" lon="25.669293"><ele>169.554</ele><time>2024-09-15T11:36:29Z</time></trkpt><trkpt lat="54.996774" lon="25.669378"><ele>169.443</ele><time>2024-09-15T11:36:31Z</time></trkpt><trkpt lat="54.996791" lon="25.669478"><ele>169.377</ele><time>2024-09-15T11:36:33Z</time></trkpt><trkpt lat="54.996787" lon="25.669568"><ele>169.955</ele><time>2024-09-15T11:36:35Z</time></trkpt><trkpt lat="54.996791" lon="25.669733"><ele>170.187</ele><time>2024-09-15T11:36:37Z</time></trkpt><trkpt lat="54.996802" lon="25.66981"><ele>170.312</ele><time>2024-09-15T11:36:38Z</time></trkpt><trkpt lat="54.996793" lon="25.669891"><ele>170.855</ele><time>2024-09-15T11:36:39Z</time></trkpt><trkpt lat="54.99679" lon="25.670029"><ele>172.307</ele><time>2024-09-15T11:36:41Z</time></trkpt><trkpt lat="54.996792" lon="25.67012"><ele>172.517</ele><time>2024-09-15T11:36:42Z</time></trkpt><trkpt lat="54.996811" lon="25.670243"><ele>174.709</ele><time>2024-09-15T11:36:45Z</time></trkpt><trkpt lat="54.996824" lon="25.670369"><ele>175.286</ele><time>2024-09-15T11:36:47Z</time></trkpt><trkpt lat="54.996823" lon="25.670575"><ele>175.213</ele><time>2024-09-15T11:36:49Z</time></trkpt><trkpt lat="54.99683" lon="25.670677"><ele>174.549</ele><time>2024-09-15T11:36:50Z</time></trkpt><trkpt lat="54.996841" lon="25.670802"><ele>172.934</ele><time>2024-09-15T11:36:51Z</time></trkpt><trkpt lat="54.996853" lon="25.670923"><ele>172.133</ele><time>2024-09-15T11:36:52Z</time></trkpt><trkpt lat="54.996856" lon="25.671021"><ele>170.797</ele><time>2024-09-15T11:36:53Z</time></trkpt><trkpt lat="54.996875" lon="25.671165"><ele>170.635</ele><time>2024-09-15T11:36:54Z</time></trkpt><trkpt lat="54.996883" lon="25.671327"><ele>169.977</ele><time>2024-09-15T11:36:55Z</time></trkpt><trkpt lat="54.996892" lon="25.671465"><ele>168.612</ele><time>2024-09-15T11:36:56Z</time></trkpt><trkpt lat="54.996889" lon="25.671572"><ele>167.582</ele><time>2024-09-15T11:36:57Z</time></trkpt><trkpt lat="54.996908" lon="25.671725"><ele>167.643</ele><time>2024-09-15T11:36:59Z</time></trkpt><trkpt lat="54.996918" lon="25.671818"><ele>167.917</ele><time>2024-09-15T11:37:00Z</time></trkpt><trkpt lat="54.996918" lon="25.67194"><ele>168.909</ele><time>2024-09-15T11:37:01Z</time></trkpt><trkpt lat="54.996933" lon="25.672078"><ele>169.239</ele><time>2024-09-15T11:37:02Z</time></trkpt><trkpt lat="54.996949" lon="25.672236"><ele>169.286</ele><time>2024-09-15T11:37:03Z</time></trkpt><trkpt lat="54.996955" lon="25.672385"><ele>168.692</ele><time>2024-09-15T11:37:04Z</time></trkpt><trkpt lat="54.996966" lon="25.672495"><ele>167.857</ele><time>2024-09-15T11:37:05Z</time></trkpt><trkpt lat="54.996973" lon="25.672614"><ele>167.866</ele><time>2024-09-15T11:37:06Z</time></trkpt><trkpt lat="54.996975" lon="25.672756"><ele>167.740</ele><time>2024-09-15T11:37:07Z</time></trkpt><trkpt lat="54.996978" lon="25.672887"><ele>167.858</ele><time>2024-09-15T11:37:08Z</time></trkpt><trkpt lat="54.996988" lon="25.673004"><ele>168.430</ele><time>2024-09-15T11:37:09Z</time></trkpt><trkpt lat="54.996989" lon="25.673089"><ele>168.765</ele><time>2024-09-15T11:37:10Z</time></trkpt><trkpt lat="54.996998" lon="25.673204"><ele>168.749</ele><time>2024-09-15T11:37:11Z</time></trkpt><trkpt lat="54.997001" lon="25.673316"><ele>168.402</ele><time>2024-09-15T11:37:12Z</time></trkpt><trkpt lat="54.997016" lon="25.673424"><ele>167.622</ele><time>2024-09-15T11:37:13Z</time></trkpt><trkpt lat="54.997018" lon="25.673521"><ele>166.709</ele><time>2024-09-15T11:37:14Z</time></trkpt><trkpt lat="54.997028" lon="25.673616"><ele>165.945</ele><time>2024-09-15T11:37:15Z</time></trkpt><trkpt lat="54.997045" lon="25.673745"><ele>164.652</ele><time>2024-09-15T11:37:17Z</time></trkpt><trkpt lat="54.997059" lon="25.673842"><ele>164.418</ele><time>2024-09-15T11:37:19Z</time></trkpt><trkpt lat="54.997057" lon="25.67396"><ele>163.733</ele><time>2024-09-15T11:37:21Z</time></trkpt><trkpt lat="54.997049" lon="25.67405"><ele>163.062</ele><time>2024-09-15T11:37:22Z</time></trkpt><trkpt lat="54.997054" lon="25.674157"><ele>162.196</ele><time>2024-09-15T11:37:23Z</time></trkpt><trkpt lat="54.997076" lon="25.674289"><ele>161.894</ele><time>2024-09-15T11:37:24Z</time></trkpt><trkpt lat="54.997089" lon="25.674441"><ele>161.046</ele><time>2024-09-15T11:37:25Z</time></trkpt><trkpt lat="54.997116" lon="25.674569"><ele>160.741</ele><time>2024-09-15T11:37:26Z</time></trkpt><trkpt lat="54.99712" lon="25.674697"><ele>161.193</ele><time>2024-09-15T11:37:27Z</time></trkpt><trkpt lat="54.997143" lon="25.674801"><ele>161.465</ele><time>2024-09-15T11:37:28Z</time></trkpt><trkpt lat="54.997155" lon="25.674896"><ele>162.021</ele><time>2024-09-15T11:37:29Z</time></trkpt><trkpt lat="54.99717" lon="25.675019"><ele>162.609</ele><time>2024-09-15T11:37:30Z</time></trkpt><trkpt lat="54.997177" lon="25.675155"><ele>162.810</ele><time>2024-09-15T11:37:31Z</time></trkpt><trkpt lat="54.997182" lon="25.67528"><ele>163.037</ele><time>2024-09-15T11:37:32Z</time></trkpt><trkpt lat="54.997181" lon="25.675408"><ele>164.383</ele><time>2024-09-15T11:37:33Z</time></trkpt><trkpt lat="54.997204" lon="25.675511"><ele>165.598</ele><time>2024-09-15T11:37:34Z</time></trkpt><trkpt lat="54.997218" lon="25.675641"><ele>166.257</ele><time>2024-09-15T11:37:35Z</time></trkpt><trkpt lat="54.997229" lon="25.675761"><ele>166.241</ele><time>2024-09-15T11:37:36Z</time></trkpt><trkpt lat="54.997232" lon="25.675853"><ele>166.239</ele><time>2024-09-15T11:37:37Z</time></trkpt><trkpt lat="54.997239" lon="25.675955"><ele>165.851</ele><time>2024-09-15T11:37:38Z</time></trkpt><trkpt lat="54.997259" lon="25.676096"><ele>165.886</ele><time>2024-09-15T11:37:39Z</time></trkpt><trkpt lat="54.99726" lon="25.676232"><ele>165.749</ele><time>2024-09-15T11:37:40Z</time></trkpt><trkpt lat="54.997276" lon="25.67637"><ele>165.702</ele><time>2024-09-15T11:37:41Z</time></trkpt><trkpt lat="54.997294" lon="25.676527"><ele>165.222</ele><time>2024-09-15T11:37:42Z</time></trkpt><trkpt lat="54.997304" lon="25.676715"><ele>164.509</ele><time>2024-09-15T11:37:43Z</time></trkpt><trkpt lat="54.997317" lon="25.676877"><ele>164.085</ele><time>2024-09-15T11:37:44Z</time></trkpt><trkpt lat="54.997302" lon="25.67704"><ele>163.352</ele><time>2024-09-15T11:37:45Z</time></trkpt><trkpt lat="54.997304" lon="25.677177"><ele>163.338</ele><time>2024-09-15T11:37:46Z</time></trkpt><trkpt lat="54.997319" lon="25.67728"><ele>164.523</ele><time>2024-09-15T11:37:47Z</time></trkpt><trkpt lat="54.997334" lon="25.677397"><ele>165.632</ele><time>2024-09-15T11:37:48Z</time></trkpt><trkpt lat="54.997348" lon="25.677521"><ele>165.636</ele><time>2024-09-15T11:37:49Z</time></trkpt><trkpt lat="54.997357" lon="25.67762"><ele>165.574</ele><time>2024-09-15T11:37:50Z</time></trkpt><trkpt lat="54.997363" lon="25.677724"><ele>165.576</ele><time>2024-09-15T11:37:51Z</time></trkpt><trkpt lat="54.997351" lon="25.677863"><ele>164.731</ele><time>2024-09-15T11:37:52Z</time></trkpt><trkpt lat="54.997364" lon="25.677951"><ele>164.684</ele><time>2024-09-15T11:37:53Z</time></trkpt><trkpt lat="54.99737" lon="25.678053"><ele>164.607</ele><time>2024-09-15T11:37:54Z</time></trkpt><trkpt lat="54.997374" lon="25.678155"><ele>164.617</ele><time>2024-09-15T11:37:55Z</time></trkpt><trkpt lat="54.997383" lon="25.678251"><ele>164.309</ele><time>2024-09-15T11:37:56Z</time></trkpt><trkpt lat="54.997397" lon="25.67835"><ele>163.919</ele><time>2024-09-15T11:37:57Z</time></trkpt><trkpt lat="54.997408" lon="25.678448"><ele>162.916</ele><time>2024-09-15T11:37:59Z</time></trkpt><trkpt lat="54.997414" lon="25.67856"><ele>161.452</ele><time>2024-09-15T11:38:02Z</time></trkpt><trkpt lat="54.997416" lon="25.678681"><ele>160.287</ele><time>2024-09-15T11:38:05Z</time></trkpt><trkpt lat="54.997426" lon="25.678777"><ele>159.996</ele><time>2024-09-15T11:38:07Z</time></trkpt><trkpt lat="54.997437" lon="25.678886"><ele>159.880</ele><time>2024-09-15T11:38:09Z</time></trkpt><trkpt lat="54.997461" lon="25.679008"><ele>158.788</ele><time>2024-09-15T11:38:10Z</time></trkpt><trkpt lat="54.997474" lon="25.67917"><ele>157.920</ele><time>2024-09-15T11:38:11Z</time></trkpt><trkpt lat="54.997487" lon="25.679335"><ele>156.415</ele><time>2024-09-15T11:38:12Z</time></trkpt><trkpt lat="54.997499" lon="25.679502"><ele>154.575</ele><time>2024-09-15T11:38:13Z</time></trkpt><trkpt lat="54.997507" lon="25.679627"><ele>154.628</ele><time>2024-09-15T11:38:14Z</time></trkpt><trkpt lat="54.997513" lon="25.679726"><ele>154.920</ele><time>2024-09-15T11:38:15Z</time></trkpt><trkpt lat="54.997511" lon="25.679932"><ele>156.909</ele><time>2024-09-15T11:38:17Z</time></trkpt><trkpt lat="54.997513" lon="25.680067"><ele>156.958</ele><time>2024-09-15T11:38:18Z</time></trkpt><trkpt lat="54.99752" lon="25.680197"><ele>157.125</ele><time>2024-09-15T11:38:19Z</time></trkpt><trkpt lat="54.997559" lon="25.680402"><ele>157.861</ele><time>2024-09-15T11:38:20Z</time></trkpt><trkpt lat="54.997578" lon="25.680598"><ele>158.376</ele><time>2024-09-15T11:38:21Z</time></trkpt><trkpt lat="54.997588" lon="25.680768"><ele>157.035</ele><time>2024-09-15T11:38:22Z</time></trkpt><trkpt lat="54.997596" lon="25.680919"><ele>156.599</ele><time>2024-09-15T11:38:23Z</time></trkpt><trkpt lat="54.9976" lon="25.681068"><ele>156.477</ele><time>2024-09-15T11:38:24Z</time></trkpt><trkpt lat="54.997615" lon="25.681229"><ele>156.159</ele><time>2024-09-15T11:38:25Z</time></trkpt><trkpt lat="54.997622" lon="25.681378"><ele>156.294</ele><time>2024-09-15T11:38:26Z</time></trkpt><trkpt lat="54.997639" lon="25.681576"><ele>156.041</ele><time>2024-09-15T11:38:27Z</time></trkpt><trkpt lat="54.997653" lon="25.681766"><ele>155.481</ele><time>2024-09-15T11:38:28Z</time></trkpt><trkpt lat="54.997659" lon="25.681952"><ele>155.409</ele><time>2024-09-15T11:38:29Z</time></trkpt><trkpt lat="54.997655" lon="25.682134"><ele>155.809</ele><time>2024-09-15T11:38:30Z</time></trkpt><trkpt lat="54.99766" lon="25.682312"><ele>155.815</ele><time>2024-09-15T11:38:31Z</time></trkpt><trkpt lat="54.997676" lon="25.682452"><ele>154.592</ele><time>2024-09-15T11:38:32Z</time></trkpt><trkpt lat="54.997696" lon="25.68256"><ele>154.578</ele><time>2024-09-15T11:38:33Z</time></trkpt><trkpt lat="54.997723" lon="25.682659"><ele>154.213</ele><time>2024-09-15T11:38:38Z</time></trkpt><trkpt lat="54.997729" lon="25.682744"><ele>154.112</ele><time>2024-09-15T11:38:55Z</time></trkpt><trkpt lat="54.997776" lon="25.682795"><ele>154.156</ele><time>2024-09-15T11:38:58Z</time></trkpt><trkpt lat="54.997824" lon="25.68282"><ele>154.184</ele><time>2024-09-15T11:38:59Z</time></trkpt><trkpt lat="54.997884" lon="25.682836"><ele>154.116</ele><time>2024-09-15T11:39:00Z</time></trkpt><trkpt lat="54.997944" lon="25.682865"><ele>154.121</ele><time>2024-09-15T11:39:01Z</time></trkpt><trkpt lat="54.998001" lon="25.682893"><ele>154.171</ele><time>2024-09-15T11:39:02Z</time></trkpt><trkpt lat="54.998094" lon="25.682965"><ele>152.741</ele><time>2024-09-15T11:39:03Z</time></trkpt><trkpt lat="54.998166" lon="25.68304"><ele>152.515</ele><time>2024-09-15T11:39:04Z</time></trkpt><trkpt lat="54.998214" lon="25.683137"><ele>152.309</ele><time>2024-09-15T11:39:05Z</time></trkpt><trkpt lat="54.998252" lon="25.683297"><ele>152.288</ele><time>2024-09-15T11:39:06Z</time></trkpt><trkpt lat="54.998286" lon="25.683473"><ele>152.335</ele><time>2024-09-15T11:39:07Z</time></trkpt><trkpt lat="54.998317" lon="25.683631"><ele>152.841</ele><time>2024-09-15T11:39:08Z</time></trkpt><trkpt lat="54.998377" lon="25.68375"><ele>152.856</ele><time>2024-09-15T11:39:09Z</time></trkpt><trkpt lat="54.99843" lon="25.683838"><ele>152.525</ele><time>2024-09-15T11:39:10Z</time></trkpt><trkpt lat="54.998492" lon="25.683929"><ele>152.649</ele><time>2024-09-15T11:39:11Z</time></trkpt><trkpt lat="54.998547" lon="25.684021"><ele>152.647</ele><time>2024-09-15T11:39:12Z</time></trkpt><trkpt lat="54.998596" lon="25.684131"><ele>153.249</ele><time>2024-09-15T11:39:13Z</time></trkpt><trkpt lat="54.998634" lon="25.684246"><ele>153.244</ele><time>2024-09-15T11:39:14Z</time></trkpt><trkpt lat="54.998667" lon="25.684372"><ele>153.268</ele><time>2024-09-15T11:39:15Z</time></trkpt><trkpt lat="54.998713" lon="25.684512"><ele>152.642</ele><time>2024-09-15T11:39:16Z</time></trkpt><trkpt lat="54.998753" lon="25.684604"><ele>152.426</ele><time>2024-09-15T11:39:17Z</time></trkpt><trkpt lat="54.998792" lon="25.684695"><ele>151.809</ele><time>2024-09-15T11:39:18Z</time></trkpt><trkpt lat="54.998816" lon="25.684811"><ele>150.897</ele><time>2024-09-15T11:39:19Z</time></trkpt><trkpt lat="54.998773" lon="25.684992"><ele>150.154</ele><time>2024-09-15T11:39:21Z</time></trkpt><trkpt lat="54.998747" lon="25.685066"><ele>150.150</ele><time>2024-09-15T11:39:22Z</time></trkpt><trkpt lat="54.998724" lon="25.685161"><ele>150.515</ele><time>2024-09-15T11:39:25Z</time></trkpt><trkpt lat="54.998698" lon="25.685238"><ele>150.114</ele><time>2024-09-15T11:39:27Z</time></trkpt><trkpt lat="54.998655" lon="25.685317"><ele>150.228</ele><time>2024-09-15T11:39:34Z</time></trkpt><trkpt lat="54.998677" lon="25.685408"><ele>149.656</ele><time>2024-09-15T11:39:37Z</time></trkpt><trkpt lat="54.998723" lon="25.685368"><ele>148.318</ele><time>2024-09-15T11:39:40Z</time></trkpt><trkpt lat="54.998731" lon="25.685268"><ele>148.243</ele><time>2024-09-15T11:39:44Z</time></trkpt><trkpt lat="54.998739" lon="25.685176"><ele>148.339</ele><time>2024-09-15T11:39:45Z</time></trkpt><trkpt lat="54.998764" lon="25.685068"><ele>148.201</ele><time>2024-09-15T11:39:46Z</time></trkpt><trkpt lat="54.998783" lon="25.684946"><ele>148.521</ele><time>2024-09-15T11:39:47Z</time></trkpt><trkpt lat="54.998799" lon="25.684848"><ele>148.609</ele><time>2024-09-15T11:39:48Z</time></trkpt><trkpt lat="54.998797" lon="25.684752"><ele>148.614</ele><time>2024-09-15T11:39:49Z</time></trkpt><trkpt lat="54.998729" lon="25.684621"><ele>148.681</ele><time>2024-09-15T11:39:50Z</time></trkpt><trkpt lat="54.998679" lon="25.684451"><ele>149.177</ele><time>2024-09-15T11:39:51Z</time></trkpt><trkpt lat="54.998641" lon="25.684258"><ele>149.152</ele><time>2024-09-15T11:39:52Z</time></trkpt><trkpt lat="54.998584" lon="25.684142"><ele>149.771</ele><time>2024-09-15T11:39:53Z</time></trkpt><trkpt lat="54.998526" lon="25.684016"><ele>150.385</ele><time>2024-09-15T11:39:54Z</time></trkpt><trkpt lat="54.998452" lon="25.683917"><ele>152.693</ele><time>2024-09-15T11:39:55Z</time></trkpt><trkpt lat="54.998394" lon="25.683817"><ele>153.285</ele><time>2024-09-15T11:39:56Z</time></trkpt><trkpt lat="54.998342" lon="25.683712"><ele>153.140</ele><time>2024-09-15T11:39:57Z</time></trkpt><trkpt lat="54.998296" lon="25.683557"><ele>153.199</ele><time>2024-09-15T11:39:58Z</time></trkpt><trkpt lat="54.998282" lon="25.683385"><ele>153.207</ele><time>2024-09-15T11:39:59Z</time></trkpt><trkpt lat="54.998233" lon="25.683233"><ele>152.927</ele><time>2024-09-15T11:40:00Z</time></trkpt><trkpt lat="54.998177" lon="25.683093"><ele>152.409</ele><time>2024-09-15T11:40:01Z</time></trkpt><trkpt lat="54.998111" lon="25.682987"><ele>152.240</ele><time>2024-09-15T11:40:02Z</time></trkpt><trkpt lat="54.998044" lon="25.682916"><ele>152.237</ele><time>2024-09-15T11:40:03Z</time></trkpt><trkpt lat="54.997947" lon="25.682873"><ele>152.363</ele><time>2024-09-15T11:40:04Z</time></trkpt><trkpt lat="54.997884" lon="25.682829"><ele>152.878</ele><time>2024-09-15T11:40:05Z</time></trkpt><trkpt lat="54.997833" lon="25.682783"><ele>153.287</ele><time>2024-09-15T11:40:06Z</time></trkpt><trkpt lat="54.997783" lon="25.682784"><ele>153.261</ele><time>2024-09-15T11:40:07Z</time></trkpt><trkpt lat="54.99774" lon="25.682813"><ele>153.339</ele><time>2024-09-15T11:40:08Z</time></trkpt><trkpt lat="54.997744" lon="25.682986"><ele>153.621</ele><time>2024-09-15T11:40:10Z</time></trkpt><trkpt lat="54.997759" lon="25.683086"><ele>153.936</ele><time>2024-09-15T11:40:11Z</time></trkpt><trkpt lat="54.997781" lon="25.683194"><ele>154.227</ele><time>2024-09-15T11:40:12Z</time></trkpt><trkpt lat="54.997769" lon="25.683296"><ele>154.468</ele><time>2024-09-15T11:40:13Z</time></trkpt><trkpt lat="54.997754" lon="25.683414"><ele>155.614</ele><time>2024-09-15T11:40:14Z</time></trkpt><trkpt lat="54.997766" lon="25.683556"><ele>156.809</ele><time>2024-09-15T11:40:15Z</time></trkpt><trkpt lat="54.997775" lon="25.683696"><ele>157.093</ele><time>2024-09-15T11:40:16Z</time></trkpt><trkpt lat="54.997801" lon="25.683792"><ele>157.290</ele><time>2024-09-15T11:40:17Z</time></trkpt><trkpt lat="54.997823" lon="25.683896"><ele>157.796</ele><time>2024-09-15T11:40:18Z</time></trkpt><trkpt lat="54.997825" lon="25.684012"><ele>158.431</ele><time>2024-09-15T11:40:19Z</time></trkpt><trkpt lat="54.99783" lon="25.684139"><ele>159.730</ele><time>2024-09-15T11:40:20Z</time></trkpt><trkpt lat="54.99783" lon="25.684234"><ele>159.764</ele><time>2024-09-15T11:40:21Z</time></trkpt><trkpt lat="54.99784" lon="25.684323"><ele>159.752</ele><time>2024-09-15T11:40:22Z</time></trkpt><trkpt lat="54.997852" lon="25.684468"><ele>159.054</ele><time>2024-09-15T11:40:24Z</time></trkpt><trkpt lat="54.997865" lon="25.684616"><ele>158.639</ele><time>2024-09-15T11:40:26Z</time></trkpt><trkpt lat="54.997869" lon="25.684759"><ele>158.638</ele><time>2024-09-15T11:40:28Z</time></trkpt><trkpt lat="54.997875" lon="25.684899"><ele>158.670</ele><time>2024-09-15T11:40:30Z</time></trkpt><trkpt lat="54.997888" lon="25.685054"><ele>160.217</ele><time>2024-09-15T11:40:32Z</time></trkpt><trkpt lat="54.997892" lon="25.685154"><ele>161.409</ele><time>2024-09-15T11:40:33Z</time></trkpt><trkpt lat="54.997908" lon="25.685267"><ele>161.434</ele><time>2024-09-15T11:40:35Z</time></trkpt><trkpt lat="54.997913" lon="25.685363"><ele>161.451</ele><time>2024-09-15T11:40:37Z</time></trkpt><trkpt lat="54.997936" lon="25.68552"><ele>161.327</ele><time>2024-09-15T11:40:39Z</time></trkpt><trkpt lat="54.997951" lon="25.6856"><ele>161.262</ele><time>2024-09-15T11:40:40Z</time></trkpt><trkpt lat="54.997948" lon="25.685719"><ele>161.231</ele><time>2024-09-15T11:40:41Z</time></trkpt><trkpt lat="54.997949" lon="25.685861"><ele>161.245</ele><time>2024-09-15T11:40:42Z</time></trkpt><trkpt lat="54.997958" lon="25.685965"><ele>160.923</ele><time>2024-09-15T11:40:43Z</time></trkpt><trkpt lat="54.997959" lon="25.686064"><ele>159.815</ele><time>2024-09-15T11:40:44Z</time></trkpt><trkpt lat="54.997934" lon="25.686175"><ele>159.890</ele><time>2024-09-15T11:40:46Z</time></trkpt><trkpt lat="54.997885" lon="25.686188"><ele>160.635</ele><time>2024-09-15T11:40:47Z</time></trkpt><trkpt lat="54.997808" lon="25.686196"><ele>161.786</ele><time>2024-09-15T11:40:48Z</time></trkpt><trkpt lat="54.997749" lon="25.686229"><ele>162.014</ele><time>2024-09-15T11:40:49Z</time></trkpt><trkpt lat="54.997667" lon="25.686256"><ele>164.109</ele><time>2024-09-15T11:40:50Z</time></trkpt><trkpt lat="54.997595" lon="25.686309"><ele>167.574</ele><time>2024-09-15T11:40:51Z</time></trkpt><trkpt lat="54.997515" lon="25.686317"><ele>167.591</ele><time>2024-09-15T11:40:52Z</time></trkpt><trkpt lat="54.997463" lon="25.686329"><ele>167.397</ele><time>2024-09-15T11:40:53Z</time></trkpt><trkpt lat="54.997415" lon="25.686344"><ele>166.252</ele><time>2024-09-15T11:40:54Z</time></trkpt><trkpt lat="54.997354" lon="25.686356"><ele>166.961</ele><time>2024-09-15T11:41:11Z</time></trkpt><trkpt lat="54.997303" lon="25.686371"><ele>168.075</ele><time>2024-09-15T11:41:15Z</time></trkpt><trkpt lat="54.997244" lon="25.686414"><ele>168.013</ele><time>2024-09-15T11:41:17Z</time></trkpt><trkpt lat="54.997109" lon="25.686447"><ele>168.045</ele><time>2024-09-15T11:41:19Z</time></trkpt><trkpt lat="54.997012" lon="25.686481"><ele>168.690</ele><time>2024-09-15T11:41:20Z</time></trkpt><trkpt lat="54.996933" lon="25.686526"><ele>165.047</ele><time>2024-09-15T11:41:21Z</time></trkpt><trkpt lat="54.99686" lon="25.686552"><ele>163.829</ele><time>2024-09-15T11:41:22Z</time></trkpt><trkpt lat="54.996782" lon="25.686569"><ele>163.621</ele><time>2024-09-15T11:41:23Z</time></trkpt><trkpt lat="54.996701" lon="25.686605"><ele>163.409</ele><time>2024-09-15T11:41:24Z</time></trkpt><trkpt lat="54.996601" lon="25.686641"><ele>163.085</ele><time>2024-09-15T11:41:25Z</time></trkpt><trkpt lat="54.996511" lon="25.686667"><ele>162.992</ele><time>2024-09-15T11:41:26Z</time></trkpt><trkpt lat="54.996433" lon="25.686701"><ele>163.158</ele><time>2024-09-15T11:41:27Z</time></trkpt><trkpt lat="54.996364" lon="25.686712"><ele>164.873</ele><time>2024-09-15T11:41:28Z</time></trkpt><trkpt lat="54.996307" lon="25.686724"><ele>166.062</ele><time>2024-09-15T11:41:29Z</time></trkpt><trkpt lat="54.996258" lon="25.686749"><ele>168.296</ele><time>2024-09-15T11:41:30Z</time></trkpt><trkpt lat="54.996204" lon="25.686766"><ele>169.154</ele><time>2024-09-15T11:41:31Z</time></trkpt><trkpt lat="54.996141" lon="25.686787"><ele>169.146</ele><time>2024-09-15T11:41:32Z</time></trkpt><trkpt lat="54.996082" lon="25.686812"><ele>169.141</ele><time>2024-09-15T11:41:33Z</time></trkpt><trkpt lat="54.995996" lon="25.686842"><ele>168.914</ele><time>2024-09-15T11:41:34Z</time></trkpt><trkpt lat="54.995938" lon="25.686866"><ele>168.954</ele><time>2024-09-15T11:41:35Z</time></trkpt><trkpt lat="54.995861" lon="25.686869"><ele>169.209</ele><time>2024-09-15T11:41:37Z</time></trkpt><trkpt lat="54.995816" lon="25.686896"><ele>170.209</ele><time>2024-09-15T11:41:39Z</time></trkpt><trkpt lat="54.995746" lon="25.686916"><ele>170.632</ele><time>2024-09-15T11:41:41Z</time></trkpt><trkpt lat="54.995691" lon="25.686933"><ele>170.589</ele><time>2024-09-15T11:41:43Z</time></trkpt><trkpt lat="54.995605" lon="25.686951"><ele>170.335</ele><time>2024-09-15T11:41:48Z</time></trkpt><trkpt lat="54.995528" lon="25.687013"><ele>170.010</ele><time>2024-09-15T11:41:49Z</time></trkpt><trkpt lat="54.995446" lon="25.687039"><ele>169.569</ele><time>2024-09-15T11:41:50Z</time></trkpt><trkpt lat="54.995371" lon="25.687073"><ele>168.243</ele><time>2024-09-15T11:41:51Z</time></trkpt><trkpt lat="54.995291" lon="25.687108"><ele>167.941</ele><time>2024-09-15T11:41:52Z</time></trkpt><trkpt lat="54.99522" lon="25.687122"><ele>168.563</ele><time>2024-09-15T11:41:53Z</time></trkpt><trkpt lat="54.995156" lon="25.687147"><ele>169.438</ele><time>2024-09-15T11:41:54Z</time></trkpt><trkpt lat="54.995098" lon="25.687184"><ele>170.765</ele><time>2024-09-15T11:41:55Z</time></trkpt><trkpt lat="54.995029" lon="25.687193"><ele>171.768</ele><time>2024-09-15T11:41:56Z</time></trkpt><trkpt lat="54.994961" lon="25.687207"><ele>171.914</ele><time>2024-09-15T11:41:57Z</time></trkpt><trkpt lat="54.994895" lon="25.687234"><ele>173.209</ele><time>2024-09-15T11:41:58Z</time></trkpt><trkpt lat="54.994829" lon="25.687247"><ele>174.147</ele><time>2024-09-15T11:41:59Z</time></trkpt><trkpt lat="54.994759" lon="25.687266"><ele>177.094</ele><time>2024-09-15T11:42:01Z</time></trkpt><trkpt lat="54.9947" lon="25.687285"><ele>177.530</ele><time>2024-09-15T11:42:03Z</time></trkpt><trkpt lat="54.994644" lon="25.687326"><ele>177.765</ele><time>2024-09-15T11:42:26Z</time></trkpt><trkpt lat="54.994597" lon="25.687354"><ele>177.724</ele><time>2024-09-15T11:42:29Z</time></trkpt><trkpt lat="54.994548" lon="25.687383"><ele>177.788</ele><time>2024-09-15T11:42:36Z</time></trkpt><trkpt lat="54.994489" lon="25.68737"><ele>177.776</ele><time>2024-09-15T11:42:38Z</time></trkpt><trkpt lat="54.994401" lon="25.687422"><ele>177.738</ele><time>2024-09-15T11:42:39Z</time></trkpt><trkpt lat="54.994337" lon="25.687452"><ele>177.823</ele><time>2024-09-15T11:42:40Z</time></trkpt><trkpt lat="54.994256" lon="25.687486"><ele>178.584</ele><time>2024-09-15T11:42:41Z</time></trkpt><trkpt lat="54.99417" lon="25.687509"><ele>180.107</ele><time>2024-09-15T11:42:42Z</time></trkpt><trkpt lat="54.994101" lon="25.687525"><ele>180.317</ele><time>2024-09-15T11:42:43Z</time></trkpt><trkpt lat="54.994043" lon="25.687542"><ele>181.309</ele><time>2024-09-15T11:42:44Z</time></trkpt><trkpt lat="54.993976" lon="25.687549"><ele>182.659</ele><time>2024-09-15T11:42:45Z</time></trkpt><trkpt lat="54.993898" lon="25.687585"><ele>183.356</ele><time>2024-09-15T11:42:46Z</time></trkpt><trkpt lat="54.993797" lon="25.687602"><ele>183.912</ele><time>2024-09-15T11:42:47Z</time></trkpt><trkpt lat="54.993694" lon="25.687638"><ele>184.277</ele><time>2024-09-15T11:42:48Z</time></trkpt><trkpt lat="54.993617" lon="25.687666"><ele>184.326</ele><time>2024-09-15T11:42:49Z</time></trkpt><trkpt lat="54.993541" lon="25.687681"><ele>184.620</ele><time>2024-09-15T11:42:50Z</time></trkpt><trkpt lat="54.993471" lon="25.687708"><ele>184.748</ele><time>2024-09-15T11:42:51Z</time></trkpt><trkpt lat="54.993408" lon="25.687728"><ele>184.980</ele><time>2024-09-15T11:42:52Z</time></trkpt><trkpt lat="54.99336" lon="25.68776"><ele>185.215</ele><time>2024-09-15T11:42:53Z</time></trkpt><trkpt lat="54.993321" lon="25.687798"><ele>185.114</ele><time>2024-09-15T11:42:54Z</time></trkpt><trkpt lat="54.993262" lon="25.687815"><ele>185.054</ele><time>2024-09-15T11:42:56Z</time></trkpt><trkpt lat="54.993211" lon="25.687822"><ele>183.209</ele><time>2024-09-15T11:44:08Z</time></trkpt><trkpt lat="54.993195" lon="25.687701"><ele>183.809</ele><time>2024-09-15T11:59:38Z</time></trkpt><trkpt lat="54.993193" lon="25.687612"><ele>184.642</ele><time>2024-09-15T11:59:39Z</time></trkpt><trkpt lat="54.993183" lon="25.687512"><ele>185.549</ele><time>2024-09-15T11:59:40Z</time></trkpt><trkpt lat="54.993172" lon="25.687405"><ele>185.745</ele><time>2024-09-15T11:59:41Z</time></trkpt><trkpt lat="54.993161" lon="25.687294"><ele>185.990</ele><time>2024-09-15T11:59:42Z</time></trkpt><trkpt lat="54.993152" lon="25.687172"><ele>186.929</ele><time>2024-09-15T11:59:43Z</time></trkpt><trkpt lat="54.993143" lon="25.687042"><ele>187.483</ele><time>2024-09-15T11:59:44Z</time></trkpt><trkpt lat="54.993128" lon="25.686906"><ele>187.541</ele><time>2024-09-15T11:59:45Z</time></trkpt><trkpt lat="54.993084" lon="25.686766"><ele>187.773</ele><time>2024-09-15T11:59:46Z</time></trkpt><trkpt lat="54.99307" lon="25.686633"><ele>187.768</ele><time>2024-09-15T11:59:47Z</time></trkpt><trkpt lat="54.993062" lon="25.686535"><ele>186.097</ele><time>2024-09-15T11:59:48Z</time></trkpt><trkpt lat="54.993051" lon="25.686423"><ele>184.823</ele><time>2024-09-15T11:59:49Z</time></trkpt><trkpt lat="54.993034" lon="25.686297"><ele>184.825</ele><time>2024-09-15T11:59:50Z</time></trkpt><trkpt lat="54.993022" lon="25.68615"><ele>185.309</ele><time>2024-09-15T11:59:51Z</time></trkpt><trkpt lat="54.993009" lon="25.685997"><ele>185.590</ele><time>2024-09-15T11:59:52Z</time></trkpt><trkpt lat="54.993004" lon="25.685835"><ele>185.657</ele><time>2024-09-15T11:59:53Z</time></trkpt><trkpt lat="54.992998" lon="25.685633"><ele>185.723</ele><time>2024-09-15T11:59:54Z</time></trkpt><trkpt lat="54.99299" lon="25.685442"><ele>185.818</ele><time>2024-09-15T11:59:55Z</time></trkpt><trkpt lat="54.992974" lon="25.685262"><ele>185.897</ele><time>2024-09-15T11:59:56Z</time></trkpt><trkpt lat="54.992953" lon="25.685083"><ele>186.711</ele><time>2024-09-15T11:59:57Z</time></trkpt><trkpt lat="54.992938" lon="25.684931"><ele>186.999</ele><time>2024-09-15T11:59:58Z</time></trkpt><trkpt lat="54.992921" lon="25.684776"><ele>187.321</ele><time>2024-09-15T11:59:59Z</time></trkpt><trkpt lat="54.992907" lon="25.684611"><ele>187.366</ele><time>2024-09-15T12:00:00Z</time></trkpt><trkpt lat="54.992896" lon="25.684443"><ele>187.578</ele><time>2024-09-15T12:00:01Z</time></trkpt><trkpt lat="54.992881" lon="25.684299"><ele>187.633</ele><time>2024-09-15T12:00:02Z</time></trkpt><trkpt lat="54.99287" lon="25.684158"><ele>187.826</ele><time>2024-09-15T12:00:03Z</time></trkpt><trkpt lat="54.992862" lon="25.683996"><ele>187.709</ele><time>2024-09-15T12:00:04Z</time></trkpt><trkpt lat="54.992858" lon="25.683801"><ele>187.488</ele><time>2024-09-15T12:00:05Z</time></trkpt><trkpt lat="54.992845" lon="25.683598"><ele>186.175</ele><time>2024-09-15T12:00:06Z</time></trkpt><trkpt lat="54.992827" lon="25.68344"><ele>186.151</ele><time>2024-09-15T12:00:07Z</time></trkpt><trkpt lat="54.992815" lon="25.683299"><ele>186.776</ele><time>2024-09-15T12:00:08Z</time></trkpt><trkpt lat="54.992803" lon="25.683165"><ele>188.095</ele><time>2024-09-15T12:00:09Z</time></trkpt><trkpt lat="54.992789" lon="25.683028"><ele>188.069</ele><time>2024-09-15T12:00:10Z</time></trkpt><trkpt lat="54.992773" lon="25.682878"><ele>188.057</ele><time>2024-09-15T12:00:11Z</time></trkpt><trkpt lat="54.992761" lon="25.68272"><ele>188.079</ele><time>2024-09-15T12:00:12Z</time></trkpt><trkpt lat="54.992752" lon="25.682558"><ele>187.814</ele><time>2024-09-15T12:00:13Z</time></trkpt><trkpt lat="54.992735" lon="25.682404"><ele>187.371</ele><time>2024-09-15T12:00:14Z</time></trkpt><trkpt lat="54.992723" lon="25.682255"><ele>187.041</ele><time>2024-09-15T12:00:15Z</time></trkpt><trkpt lat="54.992712" lon="25.68209"><ele>186.915</ele><time>2024-09-15T12:00:16Z</time></trkpt><trkpt lat="54.99269" lon="25.68192"><ele>185.509</ele><time>2024-09-15T12:00:17Z</time></trkpt><trkpt lat="54.992664" lon="25.681755"><ele>184.848</ele><time>2024-09-15T12:00:18Z</time></trkpt><trkpt lat="54.992649" lon="25.681594"><ele>184.895</ele><time>2024-09-15T12:00:19Z</time></trkpt><trkpt lat="54.992643" lon="25.681444"><ele>185.431</ele><time>2024-09-15T12:00:20Z</time></trkpt><trkpt lat="54.992631" lon="25.681305"><ele>187.066</ele><time>2024-09-15T12:00:21Z</time></trkpt><trkpt lat="54.992623" lon="25.681165"><ele>187.475</ele><time>2024-09-15T12:00:22Z</time></trkpt><trkpt lat="54.992602" lon="25.681055"><ele>187.719</ele><time>2024-09-15T12:00:23Z</time></trkpt><trkpt lat="54.992564" lon="25.680992"><ele>187.747</ele><time>2024-09-15T12:00:24Z</time></trkpt><trkpt lat="54.992511" lon="25.680958"><ele>187.499</ele><time>2024-09-15T12:00:25Z</time></trkpt><trkpt lat="54.99244" lon="25.680967"><ele>187.274</ele><time>2024-09-15T12:00:26Z</time></trkpt><trkpt lat="54.992362" lon="25.681"><ele>186.515</ele><time>2024-09-15T12:00:27Z</time></trkpt><trkpt lat="54.992266" lon="25.681017"><ele>185.765</ele><time>2024-09-15T12:00:28Z</time></trkpt><trkpt lat="54.992162" lon="25.68103"><ele>185.411</ele><time>2024-09-15T12:00:29Z</time></trkpt><trkpt lat="54.992047" lon="25.681061"><ele>184.509</ele><time>2024-09-15T12:00:30Z</time></trkpt><trkpt lat="54.991952" lon="25.681084"><ele>184.382</ele><time>2024-09-15T12:00:31Z</time></trkpt><trkpt lat="54.991875" lon="25.681097"><ele>183.889</ele><time>2024-09-15T12:00:32Z</time></trkpt><trkpt lat="54.991809" lon="25.681116"><ele>183.435</ele><time>2024-09-15T12:00:33Z</time></trkpt><trkpt lat="54.991761" lon="25.681137"><ele>183.630</ele><time>2024-09-15T12:00:34Z</time></trkpt><trkpt lat="54.991714" lon="25.681146"><ele>183.179</ele><time>2024-09-15T12:00:35Z</time></trkpt><trkpt lat="54.991669" lon="25.681154"><ele>183.173</ele><time>2024-09-15T12:00:36Z</time></trkpt><trkpt lat="54.991612" lon="25.681155"><ele>183.161</ele><time>2024-09-15T12:00:37Z</time></trkpt><trkpt lat="54.991553" lon="25.681157"><ele>183.073</ele><time>2024-09-15T12:00:38Z</time></trkpt><trkpt lat="54.99149" lon="25.681176"><ele>182.398</ele><time>2024-09-15T12:00:40Z</time></trkpt><trkpt lat="54.9914" lon="25.681196"><ele>181.865</ele><time>2024-09-15T12:00:42Z</time></trkpt><trkpt lat="54.991303" lon="25.681204"><ele>181.168</ele><time>2024-09-15T12:00:44Z</time></trkpt><trkpt lat="54.991249" lon="25.681216"><ele>180.314</ele><time>2024-09-15T12:00:45Z</time></trkpt><trkpt lat="54.991194" lon="25.681226"><ele>178.509</ele><time>2024-09-15T12:00:46Z</time></trkpt><trkpt lat="54.991116" lon="25.681248"><ele>177.337</ele><time>2024-09-15T12:00:47Z</time></trkpt><trkpt lat="54.991044" lon="25.681255"><ele>175.524</ele><time>2024-09-15T12:00:48Z</time></trkpt><trkpt lat="54.990979" lon="25.681274"><ele>174.060</ele><time>2024-09-15T12:00:49Z</time></trkpt><trkpt lat="54.990909" lon="25.681293"><ele>172.735</ele><time>2024-09-15T12:00:50Z</time></trkpt><trkpt lat="54.990845" lon="25.681311"><ele>171.834</ele><time>2024-09-15T12:00:51Z</time></trkpt><trkpt lat="54.990777" lon="25.681331"><ele>170.858</ele><time>2024-09-15T12:00:52Z</time></trkpt><trkpt lat="54.990707" lon="25.681355"><ele>170.296</ele><time>2024-09-15T12:00:53Z</time></trkpt><trkpt lat="54.99064" lon="25.681373"><ele>169.118</ele><time>2024-09-15T12:00:54Z</time></trkpt><trkpt lat="54.990577" lon="25.681388"><ele>167.863</ele><time>2024-09-15T12:00:55Z</time></trkpt><trkpt lat="54.990521" lon="25.681416"><ele>166.638</ele><time>2024-09-15T12:00:56Z</time></trkpt><trkpt lat="54.990476" lon="25.681429"><ele>165.970</ele><time>2024-09-15T12:00:57Z</time></trkpt><trkpt lat="54.99041" lon="25.681428"><ele>163.717</ele><time>2024-09-15T12:00:59Z</time></trkpt><trkpt lat="54.990355" lon="25.681437"><ele>162.709</ele><time>2024-09-15T12:01:04Z</time></trkpt><trkpt lat="54.990307" lon="25.681437"><ele>163.544</ele><time>2024-09-15T12:01:35Z</time></trkpt><trkpt lat="54.990261" lon="25.68142"><ele>163.621</ele><time>2024-09-15T12:01:56Z</time></trkpt><trkpt lat="54.990205" lon="25.68141"><ele>163.637</ele><time>2024-09-15T12:02:03Z</time></trkpt><trkpt lat="54.990163" lon="25.681437"><ele>163.632</ele><time>2024-09-15T12:02:04Z</time></trkpt><trkpt lat="54.990113" lon="25.681455"><ele>163.671</ele><time>2024-09-15T12:02:05Z</time></trkpt><trkpt lat="54.990046" lon="25.681487"><ele>163.645</ele><time>2024-09-15T12:02:07Z</time></trkpt><trkpt lat="54.989987" lon="25.681543"><ele>167.663</ele><time>2024-09-15T12:02:35Z</time></trkpt><trkpt lat="54.989939" lon="25.681564"><ele>167.975</ele><time>2024-09-15T12:02:37Z</time></trkpt><trkpt lat="54.989989" lon="25.681564"><ele>170.320</ele><time>2024-09-15T12:03:22Z</time></trkpt><trkpt lat="54.989934" lon="25.681554"><ele>170.665</ele><time>2024-09-15T12:03:24Z</time></trkpt><trkpt lat="54.989866" lon="25.681556"><ele>170.868</ele><time>2024-09-15T12:03:26Z</time></trkpt><trkpt lat="54.989813" lon="25.681558"><ele>170.914</ele><time>2024-09-15T12:03:28Z</time></trkpt><trkpt lat="54.989764" lon="25.681574"><ele>170.609</ele><time>2024-09-15T12:03:32Z</time></trkpt><trkpt lat="54.989706" lon="25.681586"><ele>173.617</ele><time>2024-09-15T12:03:36Z</time></trkpt><trkpt lat="54.98965" lon="25.6816"><ele>174.394</ele><time>2024-09-15T12:03:39Z</time></trkpt><trkpt lat="54.989595" lon="25.681593"><ele>174.620</ele><time>2024-09-15T12:03:45Z</time></trkpt><trkpt lat="54.989546" lon="25.681623"><ele>175.495</ele><time>2024-09-15T12:03:48Z</time></trkpt><trkpt lat="54.989487" lon="25.681634"><ele>175.774</ele><time>2024-09-15T12:03:50Z</time></trkpt><trkpt lat="54.989431" lon="25.681634"><ele>176.538</ele><time>2024-09-15T12:03:52Z</time></trkpt><trkpt lat="54.989369" lon="25.681695"><ele>178.826</ele><time>2024-09-15T12:04:03Z</time></trkpt><trkpt lat="54.989319" lon="25.681742"><ele>179.958</ele><time>2024-09-15T12:04:05Z</time></trkpt><trkpt lat="54.989264" lon="25.681719"><ele>180.173</ele><time>2024-09-15T12:04:08Z</time></trkpt><trkpt lat="54.989223" lon="25.681673"><ele>180.252</ele><time>2024-09-15T12:04:10Z</time></trkpt><trkpt lat="54.989158" lon="25.681651"><ele>180.353</ele><time>2024-09-15T12:04:12Z</time></trkpt><trkpt lat="54.989018" lon="25.681644"><ele>180.908</ele><time>2024-09-15T12:04:14Z</time></trkpt><trkpt lat="54.988893" lon="25.6817"><ele>181.709</ele><time>2024-09-15T12:04:15Z</time></trkpt><trkpt lat="54.988793" lon="25.681699"><ele>181.696</ele><time>2024-09-15T12:04:16Z</time></trkpt><trkpt lat="54.988691" lon="25.681707"><ele>180.993</ele><time>2024-09-15T12:04:17Z</time></trkpt><trkpt lat="54.988615" lon="25.68171"><ele>179.499</ele><time>2024-09-15T12:04:18Z</time></trkpt><trkpt lat="54.988545" lon="25.681712"><ele>179.324</ele><time>2024-09-15T12:04:19Z</time></trkpt><trkpt lat="54.98846" lon="25.681727"><ele>179.193</ele><time>2024-09-15T12:04:20Z</time></trkpt><trkpt lat="54.988361" lon="25.681784"><ele>177.967</ele><time>2024-09-15T12:04:21Z</time></trkpt><trkpt lat="54.98826" lon="25.681821"><ele>176.515</ele><time>2024-09-15T12:04:22Z</time></trkpt><trkpt lat="54.988191" lon="25.681817"><ele>175.497</ele><time>2024-09-15T12:04:23Z</time></trkpt><trkpt lat="54.988117" lon="25.681837"><ele>175.282</ele><time>2024-09-15T12:04:24Z</time></trkpt><trkpt lat="54.988014" lon="25.681847"><ele>175.195</ele><time>2024-09-15T12:04:25Z</time></trkpt><trkpt lat="54.987917" lon="25.681869"><ele>175.149</ele><time>2024-09-15T12:04:26Z</time></trkpt><trkpt lat="54.987823" lon="25.681878"><ele>175.923</ele><time>2024-09-15T12:04:27Z</time></trkpt><trkpt lat="54.987725" lon="25.681892"><ele>177.109</ele><time>2024-09-15T12:04:28Z</time></trkpt><trkpt lat="54.987625" lon="25.68191"><ele>177.230</ele><time>2024-09-15T12:04:29Z</time></trkpt><trkpt lat="54.987526" lon="25.681925"><ele>177.247</ele><time>2024-09-15T12:04:30Z</time></trkpt><trkpt lat="54.987428" lon="25.681933"><ele>177.173</ele><time>2024-09-15T12:04:31Z</time></trkpt><trkpt lat="54.987327" lon="25.681947"><ele>177.138</ele><time>2024-09-15T12:04:32Z</time></trkpt><trkpt lat="54.987237" lon="25.681963"><ele>178.227</ele><time>2024-09-15T12:04:33Z</time></trkpt><trkpt lat="54.987167" lon="25.68197"><ele>178.971</ele><time>2024-09-15T12:04:34Z</time></trkpt><trkpt lat="54.987094" lon="25.681983"><ele>178.969</ele><time>2024-09-15T12:04:35Z</time></trkpt><trkpt lat="54.987024" lon="25.681991"><ele>179.311</ele><time>2024-09-15T12:04:36Z</time></trkpt><trkpt lat="54.986944" lon="25.682011"><ele>180.076</ele><time>2024-09-15T12:04:37Z</time></trkpt><trkpt lat="54.986867" lon="25.682025"><ele>180.125</ele><time>2024-09-15T12:04:38Z</time></trkpt><trkpt lat="54.98675" lon="25.682066"><ele>180.126</ele><time>2024-09-15T12:04:39Z</time></trkpt><trkpt lat="54.986623" lon="25.682098"><ele>179.708</ele><time>2024-09-15T12:04:40Z</time></trkpt><trkpt lat="54.986488" lon="25.682123"><ele>179.609</ele><time>2024-09-15T12:04:41Z</time></trkpt><trkpt lat="54.986364" lon="25.682144"><ele>179.163</ele><time>2024-09-15T12:04:42Z</time></trkpt><trkpt lat="54.986242" lon="25.682175"><ele>179.140</ele><time>2024-09-15T12:04:43Z</time></trkpt><trkpt lat="54.986121" lon="25.682204"><ele>179.186</ele><time>2024-09-15T12:04:44Z</time></trkpt><trkpt lat="54.986007" lon="25.682225"><ele>179.521</ele><time>2024-09-15T12:04:45Z</time></trkpt><trkpt lat="54.98586" lon="25.682275"><ele>179.580</ele><time>2024-09-15T12:04:46Z</time></trkpt><trkpt lat="54.985702" lon="25.682312"><ele>178.044</ele><time>2024-09-15T12:04:47Z</time></trkpt><trkpt lat="54.985549" lon="25.682345"><ele>175.832</ele><time>2024-09-15T12:04:48Z</time></trkpt><trkpt lat="54.985426" lon="25.682382"><ele>175.534</ele><time>2024-09-15T12:04:49Z</time></trkpt><trkpt lat="54.985297" lon="25.682409"><ele>174.859</ele><time>2024-09-15T12:04:50Z</time></trkpt><trkpt lat="54.98521" lon="25.682433"><ele>174.392</ele><time>2024-09-15T12:04:51Z</time></trkpt><trkpt lat="54.985106" lon="25.68245"><ele>174.373</ele><time>2024-09-15T12:04:52Z</time></trkpt><trkpt lat="54.985018" lon="25.682452"><ele>174.420</ele><time>2024-09-15T12:04:53Z</time></trkpt><trkpt lat="54.98495" lon="25.682458"><ele>174.409</ele><time>2024-09-15T12:04:54Z</time></trkpt><trkpt lat="54.984866" lon="25.682453"><ele>174.220</ele><time>2024-09-15T12:04:55Z</time></trkpt><trkpt lat="54.984792" lon="25.682475"><ele>172.697</ele><time>2024-09-15T12:04:56Z</time></trkpt><trkpt lat="54.984714" lon="25.682484"><ele>170.963</ele><time>2024-09-15T12:04:57Z</time></trkpt><trkpt lat="54.984662" lon="25.682501"><ele>170.698</ele><time>2024-09-15T12:04:58Z</time></trkpt><trkpt lat="54.984594" lon="25.682529"><ele>170.637</ele><time>2024-09-15T12:04:59Z</time></trkpt><trkpt lat="54.984535" lon="25.682524"><ele>170.611</ele><time>2024-09-15T12:05:00Z</time></trkpt><trkpt lat="54.98447" lon="25.682531"><ele>170.699</ele><time>2024-09-15T12:05:01Z</time></trkpt><trkpt lat="54.9844" lon="25.682555"><ele>170.171</ele><time>2024-09-15T12:05:02Z</time></trkpt><trkpt lat="54.984338" lon="25.682553"><ele>168.936</ele><time>2024-09-15T12:05:03Z</time></trkpt><trkpt lat="54.984285" lon="25.682501"><ele>168.887</ele><time>2024-09-15T12:05:04Z</time></trkpt><trkpt lat="54.984251" lon="25.682372"><ele>167.642</ele><time>2024-09-15T12:05:06Z</time></trkpt><trkpt lat="54.984232" lon="25.682296"><ele>165.326</ele><time>2024-09-15T12:05:12Z</time></trkpt><trkpt lat="54.984239" lon="25.682161"><ele>165.309</ele><time>2024-09-15T12:05:14Z</time></trkpt><trkpt lat="54.984209" lon="25.682032"><ele>165.389</ele><time>2024-09-15T12:05:15Z</time></trkpt><trkpt lat="54.984205" lon="25.681912"><ele>165.366</ele><time>2024-09-15T12:05:16Z</time></trkpt><trkpt lat="54.984195" lon="25.681761"><ele>165.482</ele><time>2024-09-15T12:05:17Z</time></trkpt><trkpt lat="54.984173" lon="25.681603"><ele>165.677</ele><time>2024-09-15T12:05:18Z</time></trkpt><trkpt lat="54.98418" lon="25.681462"><ele>165.476</ele><time>2024-09-15T12:05:19Z</time></trkpt><trkpt lat="54.984179" lon="25.681306"><ele>165.550</ele><time>2024-09-15T12:05:20Z</time></trkpt><trkpt lat="54.984169" lon="25.681202"><ele>165.998</ele><time>2024-09-15T12:05:21Z</time></trkpt><trkpt lat="54.984175" lon="25.68107"><ele>166.240</ele><time>2024-09-15T12:05:22Z</time></trkpt><trkpt lat="54.984168" lon="25.680946"><ele>166.695</ele><time>2024-09-15T12:05:23Z</time></trkpt><trkpt lat="54.984157" lon="25.680825"><ele>166.665</ele><time>2024-09-15T12:05:24Z</time></trkpt><trkpt lat="54.98416" lon="25.680736"><ele>166.368</ele><time>2024-09-15T12:05:25Z</time></trkpt><trkpt lat="54.98414" lon="25.680625"><ele>165.714</ele><time>2024-09-15T12:05:26Z</time></trkpt><trkpt lat="54.984135" lon="25.680485"><ele>165.309</ele><time>2024-09-15T12:05:27Z</time></trkpt><trkpt lat="54.98414" lon="25.680323"><ele>164.827</ele><time>2024-09-15T12:05:28Z</time></trkpt><trkpt lat="54.984134" lon="25.680172"><ele>163.294</ele><time>2024-09-15T12:05:29Z</time></trkpt><trkpt lat="54.984117" lon="25.680092"><ele>163.090</ele><time>2024-09-15T12:05:30Z</time></trkpt><trkpt lat="54.984101" lon="25.679911"><ele>164.935</ele><time>2024-09-15T12:05:32Z</time></trkpt><trkpt lat="54.984099" lon="25.679745"><ele>166.644</ele><time>2024-09-15T12:05:33Z</time></trkpt><trkpt lat="54.984101" lon="25.67955"><ele>166.698</ele><time>2024-09-15T12:05:34Z</time></trkpt><trkpt lat="54.984091" lon="25.679386"><ele>166.526</ele><time>2024-09-15T12:05:35Z</time></trkpt><trkpt lat="54.984083" lon="25.679221"><ele>166.548</ele><time>2024-09-15T12:05:36Z</time></trkpt><trkpt lat="54.984075" lon="25.679053"><ele>166.653</ele><time>2024-09-15T12:05:37Z</time></trkpt><trkpt lat="54.984059" lon="25.678889"><ele>166.829</ele><time>2024-09-15T12:05:38Z</time></trkpt><trkpt lat="54.984046" lon="25.678728"><ele>167.400</ele><time>2024-09-15T12:05:39Z</time></trkpt><trkpt lat="54.984028" lon="25.678582"><ele>167.820</ele><time>2024-09-15T12:05:40Z</time></trkpt><trkpt lat="54.984017" lon="25.678415"><ele>167.809</ele><time>2024-09-15T12:05:41Z</time></trkpt><trkpt lat="54.983999" lon="25.67825"><ele>167.793</ele><time>2024-09-15T12:05:42Z</time></trkpt><trkpt lat="54.983985" lon="25.678086"><ele>167.450</ele><time>2024-09-15T12:05:43Z</time></trkpt><trkpt lat="54.983973" lon="25.677937"><ele>167.476</ele><time>2024-09-15T12:05:44Z</time></trkpt><trkpt lat="54.983962" lon="25.677794"><ele>168.091</ele><time>2024-09-15T12:05:45Z</time></trkpt><trkpt lat="54.983954" lon="25.67769"><ele>168.680</ele><time>2024-09-15T12:05:46Z</time></trkpt><trkpt lat="54.983943" lon="25.677575"><ele>170.174</ele><time>2024-09-15T12:05:48Z</time></trkpt><trkpt lat="54.983939" lon="25.677492"><ele>170.932</ele><time>2024-09-15T12:05:50Z</time></trkpt><trkpt lat="54.983925" lon="25.67734"><ele>170.964</ele><time>2024-09-15T12:05:52Z</time></trkpt><trkpt lat="54.983917" lon="25.67721"><ele>170.749</ele><time>2024-09-15T12:05:53Z</time></trkpt><trkpt lat="54.983913" lon="25.677048"><ele>170.987</ele><time>2024-09-15T12:05:54Z</time></trkpt><trkpt lat="54.983916" lon="25.67688"><ele>167.242</ele><time>2024-09-15T12:05:55Z</time></trkpt><trkpt lat="54.983909" lon="25.676728"><ele>162.826</ele><time>2024-09-15T12:05:56Z</time></trkpt><trkpt lat="54.98391" lon="25.676573"><ele>161.809</ele><time>2024-09-15T12:05:57Z</time></trkpt><trkpt lat="54.983904" lon="25.676431"><ele>162.279</ele><time>2024-09-15T12:05:58Z</time></trkpt><trkpt lat="54.9839" lon="25.676281"><ele>162.486</ele><time>2024-09-15T12:05:59Z</time></trkpt><trkpt lat="54.983895" lon="25.676136"><ele>162.982</ele><time>2024-09-15T12:06:00Z</time></trkpt><trkpt lat="54.983905" lon="25.675985"><ele>165.237</ele><time>2024-09-15T12:06:02Z</time></trkpt><trkpt lat="54.983892" lon="25.675871"><ele>165.596</ele><time>2024-09-15T12:06:03Z</time></trkpt><trkpt lat="54.983872" lon="25.675714"><ele>167.940</ele><time>2024-09-15T12:06:04Z</time></trkpt><trkpt lat="54.983857" lon="25.675578"><ele>168.128</ele><time>2024-09-15T12:06:05Z</time></trkpt><trkpt lat="54.983837" lon="25.675414"><ele>168.890</ele><time>2024-09-15T12:06:06Z</time></trkpt><trkpt lat="54.983831" lon="25.675248"><ele>169.425</ele><time>2024-09-15T12:06:07Z</time></trkpt><trkpt lat="54.983827" lon="25.675089"><ele>170.396</ele><time>2024-09-15T12:06:08Z</time></trkpt><trkpt lat="54.983829" lon="25.674961"><ele>171.131</ele><time>2024-09-15T12:06:09Z</time></trkpt><trkpt lat="54.983824" lon="25.674854"><ele>171.424</ele><time>2024-09-15T12:06:10Z</time></trkpt><trkpt lat="54.983815" lon="25.674736"><ele>171.709</ele><time>2024-09-15T12:06:12Z</time></trkpt><trkpt lat="54.983808" lon="25.674628"><ele>171.640</ele><time>2024-09-15T12:06:15Z</time></trkpt><trkpt lat="54.983799" lon="25.67455"><ele>171.237</ele><time>2024-09-15T12:06:18Z</time></trkpt><trkpt lat="54.98379" lon="25.67447"><ele>170.893</ele><time>2024-09-15T12:06:42Z</time></trkpt><trkpt lat="54.983821" lon="25.67441"><ele>170.888</ele><time>2024-09-15T12:06:44Z</time></trkpt><trkpt lat="54.98388" lon="25.674413"><ele>170.857</ele><time>2024-09-15T12:06:45Z</time></trkpt><trkpt lat="54.983952" lon="25.67441"><ele>170.831</ele><time>2024-09-15T12:06:46Z</time></trkpt><trkpt lat="54.984007" lon="25.674387"><ele>170.869</ele><time>2024-09-15T12:06:47Z</time></trkpt><trkpt lat="54.984076" lon="25.674366"><ele>170.831</ele><time>2024-09-15T12:06:48Z</time></trkpt><trkpt lat="54.98417" lon="25.67435"><ele>171.926</ele><time>2024-09-15T12:06:49Z</time></trkpt><trkpt lat="54.984278" lon="25.674349"><ele>173.575</ele><time>2024-09-15T12:06:50Z</time></trkpt><trkpt lat="54.984392" lon="25.674342"><ele>174.528</ele><time>2024-09-15T12:06:51Z</time></trkpt><trkpt lat="54.984489" lon="25.674308"><ele>175.320</ele><time>2024-09-15T12:06:52Z</time></trkpt><trkpt lat="54.984582" lon="25.674286"><ele>175.609</ele><time>2024-09-15T12:06:53Z</time></trkpt><trkpt lat="54.98466" lon="25.674267"><ele>175.778</ele><time>2024-09-15T12:06:54Z</time></trkpt><trkpt lat="54.98474" lon="25.674244"><ele>175.735</ele><time>2024-09-15T12:06:55Z</time></trkpt><trkpt lat="54.984809" lon="25.674225"><ele>175.911</ele><time>2024-09-15T12:06:56Z</time></trkpt><trkpt lat="54.984874" lon="25.674222"><ele>175.916</ele><time>2024-09-15T12:06:57Z</time></trkpt><trkpt lat="54.984947" lon="25.674205"><ele>175.955</ele><time>2024-09-15T12:06:58Z</time></trkpt><trkpt lat="54.985011" lon="25.674183"><ele>175.319</ele><time>2024-09-15T12:06:59Z</time></trkpt><trkpt lat="54.985101" lon="25.674158"><ele>175.217</ele><time>2024-09-15T12:07:00Z</time></trkpt><trkpt lat="54.985199" lon="25.67414"><ele>175.219</ele><time>2024-09-15T12:07:01Z</time></trkpt><trkpt lat="54.985293" lon="25.674124"><ele>175.734</ele><time>2024-09-15T12:07:02Z</time></trkpt><trkpt lat="54.985371" lon="25.674104"><ele>175.877</ele><time>2024-09-15T12:07:03Z</time></trkpt><trkpt lat="54.985418" lon="25.674094"><ele>175.661</ele><time>2024-09-15T12:07:04Z</time></trkpt><trkpt lat="54.985472" lon="25.674072"><ele>175.327</ele><time>2024-09-15T12:07:07Z</time></trkpt><trkpt lat="54.985518" lon="25.67406"><ele>174.809</ele><time>2024-09-15T12:07:11Z</time></trkpt><trkpt lat="54.985568" lon="25.674053"><ele>174.258</ele><time>2024-09-15T12:07:18Z</time></trkpt><trkpt lat="54.98563" lon="25.674042"><ele>174.155</ele><time>2024-09-15T12:07:20Z</time></trkpt><trkpt lat="54.985695" lon="25.674036"><ele>174.181</ele><time>2024-09-15T12:07:22Z</time></trkpt><trkpt lat="54.985767" lon="25.674022"><ele>174.086</ele><time>2024-09-15T12:07:24Z</time></trkpt><trkpt lat="54.985824" lon="25.674012"><ele>174.075</ele><time>2024-09-15T12:07:25Z</time></trkpt><trkpt lat="54.985899" lon="25.674005"><ele>174.159</ele><time>2024-09-15T12:07:26Z</time></trkpt><trkpt lat="54.985975" lon="25.67399"><ele>174.297</ele><time>2024-09-15T12:07:27Z</time></trkpt><trkpt lat="54.986063" lon="25.673977"><ele>174.649</ele><time>2024-09-15T12:07:28Z</time></trkpt><trkpt lat="54.986158" lon="25.673965"><ele>175.964</ele><time>2024-09-15T12:07:29Z</time></trkpt><trkpt lat="54.986246" lon="25.67395"><ele>177.115</ele><time>2024-09-15T12:07:30Z</time></trkpt><trkpt lat="54.98632" lon="25.67394"><ele>178.565</ele><time>2024-09-15T12:07:31Z</time></trkpt><trkpt lat="54.986389" lon="25.673943"><ele>179.011</ele><time>2024-09-15T12:07:32Z</time></trkpt><trkpt lat="54.986461" lon="25.673925"><ele>179.809</ele><time>2024-09-15T12:07:33Z</time></trkpt><trkpt lat="54.986533" lon="25.673915"><ele>180.392</ele><time>2024-09-15T12:07:34Z</time></trkpt><trkpt lat="54.98659" lon="25.673918"><ele>180.389</ele><time>2024-09-15T12:07:35Z</time></trkpt><trkpt lat="54.986644" lon="25.673912"><ele>180.335</ele><time>2024-09-15T12:07:36Z</time></trkpt><trkpt lat="54.986722" lon="25.673892"><ele>180.060</ele><time>2024-09-15T12:07:37Z</time></trkpt><trkpt lat="54.986804" lon="25.673875"><ele>179.659</ele><time>2024-09-15T12:07:38Z</time></trkpt><trkpt lat="54.986897" lon="25.673867"><ele>179.493</ele><time>2024-09-15T12:07:39Z</time></trkpt><trkpt lat="54.987001" lon="25.673842"><ele>179.841</ele><time>2024-09-15T12:07:40Z</time></trkpt><trkpt lat="54.987112" lon="25.673835"><ele>180.413</ele><time>2024-09-15T12:07:41Z</time></trkpt><trkpt lat="54.987225" lon="25.673817"><ele>180.428</ele><time>2024-09-15T12:07:42Z</time></trkpt><trkpt lat="54.987328" lon="25.673808"><ele>180.441</ele><time>2024-09-15T12:07:43Z</time></trkpt><trkpt lat="54.987421" lon="25.673798"><ele>180.481</ele><time>2024-09-15T12:07:44Z</time></trkpt><trkpt lat="54.987504" lon="25.673778"><ele>180.409</ele><time>2024-09-15T12:07:45Z</time></trkpt><trkpt lat="54.987602" lon="25.673758"><ele>181.109</ele><time>2024-09-15T12:07:46Z</time></trkpt><trkpt lat="54.987697" lon="25.673743"><ele>181.455</ele><time>2024-09-15T12:07:47Z</time></trkpt><trkpt lat="54.987792" lon="25.673729"><ele>181.422</ele><time>2024-09-15T12:07:48Z</time></trkpt><trkpt lat="54.987902" lon="25.673727"><ele>182.158</ele><time>2024-09-15T12:07:49Z</time></trkpt><trkpt lat="54.988002" lon="25.67372"><ele>182.253</ele><time>2024-09-15T12:07:50Z</time></trkpt><trkpt lat="54.988124" lon="25.673708"><ele>183.262</ele><time>2024-09-15T12:07:51Z</time></trkpt><trkpt lat="54.988243" lon="25.673685"><ele>183.446</ele><time>2024-09-15T12:07:52Z</time></trkpt><trkpt lat="54.988362" lon="25.673661"><ele>183.894</ele><time>2024-09-15T12:07:53Z</time></trkpt><trkpt lat="54.988474" lon="25.67363"><ele>183.976</ele><time>2024-09-15T12:07:54Z</time></trkpt><trkpt lat="54.988595" lon="25.673611"><ele>185.051</ele><time>2024-09-15T12:07:55Z</time></trkpt><trkpt lat="54.988713" lon="25.673591"><ele>186.691</ele><time>2024-09-15T12:07:56Z</time></trkpt><trkpt lat="54.988829" lon="25.673557"><ele>187.881</ele><time>2024-09-15T12:07:57Z</time></trkpt><trkpt lat="54.988961" lon="25.673547"><ele>188.119</ele><time>2024-09-15T12:07:58Z</time></trkpt><trkpt lat="54.989084" lon="25.673529"><ele>188.109</ele><time>2024-09-15T12:07:59Z</time></trkpt><trkpt lat="54.989156" lon="25.673524"><ele>188.340</ele><time>2024-09-15T12:08:00Z</time></trkpt><trkpt lat="54.989244" lon="25.67347"><ele>188.977</ele><time>2024-09-15T12:08:02Z</time></trkpt><trkpt lat="54.989307" lon="25.673457"><ele>189.033</ele><time>2024-09-15T12:08:03Z</time></trkpt><trkpt lat="54.989354" lon="25.673459"><ele>188.938</ele><time>2024-09-15T12:08:04Z</time></trkpt><trkpt lat="54.989412" lon="25.673366"><ele>188.767</ele><time>2024-09-15T12:08:06Z</time></trkpt><trkpt lat="54.98942" lon="25.673282"><ele>188.531</ele><time>2024-09-15T12:08:07Z</time></trkpt><trkpt lat="54.989401" lon="25.673132"><ele>188.119</ele><time>2024-09-15T12:08:08Z</time></trkpt><trkpt lat="54.989384" lon="25.672964"><ele>187.841</ele><time>2024-09-15T12:08:09Z</time></trkpt><trkpt lat="54.989377" lon="25.67275"><ele>187.826</ele><time>2024-09-15T12:08:10Z</time></trkpt><trkpt lat="54.989372" lon="25.672578"><ele>188.154</ele><time>2024-09-15T12:08:11Z</time></trkpt><trkpt lat="54.989358" lon="25.672411"><ele>188.956</ele><time>2024-09-15T12:08:12Z</time></trkpt><trkpt lat="54.989343" lon="25.672233"><ele>190.411</ele><time>2024-09-15T12:08:13Z</time></trkpt><trkpt lat="54.989337" lon="25.67207"><ele>190.409</ele><time>2024-09-15T12:08:14Z</time></trkpt><trkpt lat="54.989329" lon="25.671916"><ele>189.766</ele><time>2024-09-15T12:08:15Z</time></trkpt><trkpt lat="54.989335" lon="25.671801"><ele>189.443</ele><time>2024-09-15T12:08:16Z</time></trkpt><trkpt lat="54.989317" lon="25.671706"><ele>189.259</ele><time>2024-09-15T12:08:17Z</time></trkpt><trkpt lat="54.98932" lon="25.671578"><ele>188.814</ele><time>2024-09-15T12:08:18Z</time></trkpt><trkpt lat="54.989307" lon="25.671439"><ele>188.123</ele><time>2024-09-15T12:08:19Z</time></trkpt><trkpt lat="54.989291" lon="25.671276"><ele>187.227</ele><time>2024-09-15T12:08:20Z</time></trkpt><trkpt lat="54.989272" lon="25.671066"><ele>185.375</ele><time>2024-09-15T12:08:21Z</time></trkpt><trkpt lat="54.989256" lon="25.670853"><ele>182.967</ele><time>2024-09-15T12:08:22Z</time></trkpt><trkpt lat="54.989245" lon="25.670639"><ele>182.772</ele><time>2024-09-15T12:08:23Z</time></trkpt><trkpt lat="54.989234" lon="25.670449"><ele>182.994</ele><time>2024-09-15T12:08:24Z</time></trkpt><trkpt lat="54.989223" lon="25.670268"><ele>182.157</ele><time>2024-09-15T12:08:25Z</time></trkpt><trkpt lat="54.98921" lon="25.670068"><ele>182.122</ele><time>2024-09-15T12:08:26Z</time></trkpt><trkpt lat="54.989188" lon="25.669866"><ele>182.109</ele><time>2024-09-15T12:08:27Z</time></trkpt><trkpt lat="54.989169" lon="25.669652"><ele>182.460</ele><time>2024-09-15T12:08:28Z</time></trkpt><trkpt lat="54.989157" lon="25.669426"><ele>182.527</ele><time>2024-09-15T12:08:29Z</time></trkpt><trkpt lat="54.989145" lon="25.669193"><ele>183.423</ele><time>2024-09-15T12:08:30Z</time></trkpt><trkpt lat="54.989127" lon="25.668966"><ele>183.478</ele><time>2024-09-15T12:08:31Z</time></trkpt><trkpt lat="54.989106" lon="25.668792"><ele>183.617</ele><time>2024-09-15T12:08:32Z</time></trkpt><trkpt lat="54.989105" lon="25.668613"><ele>183.981</ele><time>2024-09-15T12:08:33Z</time></trkpt><trkpt lat="54.989098" lon="25.668415"><ele>183.919</ele><time>2024-09-15T12:08:34Z</time></trkpt><trkpt lat="54.989086" lon="25.668226"><ele>183.411</ele><time>2024-09-15T12:08:35Z</time></trkpt><trkpt lat="54.989075" lon="25.668016"><ele>183.436</ele><time>2024-09-15T12:08:36Z</time></trkpt><trkpt lat="54.989057" lon="25.667823"><ele>183.318</ele><time>2024-09-15T12:08:37Z</time></trkpt><trkpt lat="54.989039" lon="25.667627"><ele>183.798</ele><time>2024-09-15T12:08:38Z</time></trkpt><trkpt lat="54.989033" lon="25.667433"><ele>183.017</ele><time>2024-09-15T12:08:39Z</time></trkpt><trkpt lat="54.989007" lon="25.667248"><ele>180.609</ele><time>2024-09-15T12:08:40Z</time></trkpt><trkpt lat="54.988987" lon="25.667068"><ele>179.832</ele><time>2024-09-15T12:08:41Z</time></trkpt><trkpt lat="54.98897" lon="25.666896"><ele>179.899</ele><time>2024-09-15T12:08:42Z</time></trkpt><trkpt lat="54.988952" lon="25.666729"><ele>182.765</ele><time>2024-09-15T12:08:43Z</time></trkpt><trkpt lat="54.988952" lon="25.66659"><ele>182.790</ele><time>2024-09-15T12:08:44Z</time></trkpt><trkpt lat="54.988949" lon="25.666413"><ele>183.659</ele><time>2024-09-15T12:08:45Z</time></trkpt><trkpt lat="54.988938" lon="25.666224"><ele>183.683</ele><time>2024-09-15T12:08:46Z</time></trkpt><trkpt lat="54.9889" lon="25.665988"><ele>182.791</ele><time>2024-09-15T12:08:47Z</time></trkpt><trkpt lat="54.988887" lon="25.6658"><ele>182.473</ele><time>2024-09-15T12:08:48Z</time></trkpt><trkpt lat="54.988868" lon="25.665604"><ele>182.758</ele><time>2024-09-15T12:08:49Z</time></trkpt><trkpt lat="54.988862" lon="25.665457"><ele>183.753</ele><time>2024-09-15T12:08:50Z</time></trkpt><trkpt lat="54.988835" lon="25.665267"><ele>183.904</ele><time>2024-09-15T12:08:51Z</time></trkpt><trkpt lat="54.988824" lon="25.66508"><ele>184.414</ele><time>2024-09-15T12:08:52Z</time></trkpt><trkpt lat="54.988807" lon="25.664895"><ele>184.409</ele><time>2024-09-15T12:08:53Z</time></trkpt><trkpt lat="54.988778" lon="25.66472"><ele>184.426</ele><time>2024-09-15T12:08:54Z</time></trkpt><trkpt lat="54.988757" lon="25.664555"><ele>184.083</ele><time>2024-09-15T12:08:55Z</time></trkpt><trkpt lat="54.988748" lon="25.664366"><ele>184.049</ele><time>2024-09-15T12:08:56Z</time></trkpt><trkpt lat="54.988744" lon="25.664159"><ele>184.284</ele><time>2024-09-15T12:08:57Z</time></trkpt><trkpt lat="54.988725" lon="25.663963"><ele>184.223</ele><time>2024-09-15T12:08:58Z</time></trkpt><trkpt lat="54.988701" lon="25.663768"><ele>184.077</ele><time>2024-09-15T12:08:59Z</time></trkpt><trkpt lat="54.988697" lon="25.663556"><ele>183.585</ele><time>2024-09-15T12:09:00Z</time></trkpt><trkpt lat="54.988672" lon="25.663337"><ele>183.017</ele><time>2024-09-15T12:09:01Z</time></trkpt><trkpt lat="54.988655" lon="25.663105"><ele>182.962</ele><time>2024-09-15T12:09:02Z</time></trkpt><trkpt lat="54.988641" lon="25.662875"><ele>182.616</ele><time>2024-09-15T12:09:03Z</time></trkpt><trkpt lat="54.98863" lon="25.662644"><ele>182.676</ele><time>2024-09-15T12:09:04Z</time></trkpt><trkpt lat="54.988605" lon="25.662424"><ele>182.713</ele><time>2024-09-15T12:09:05Z</time></trkpt><trkpt lat="54.988579" lon="25.662201"><ele>183.409</ele><time>2024-09-15T12:09:06Z</time></trkpt><trkpt lat="54.988561" lon="25.661996"><ele>184.032</ele><time>2024-09-15T12:09:07Z</time></trkpt><trkpt lat="54.988555" lon="25.66181"><ele>184.039</ele><time>2024-09-15T12:09:08Z</time></trkpt><trkpt lat="54.988543" lon="25.661628"><ele>183.875</ele><time>2024-09-15T12:09:09Z</time></trkpt><trkpt lat="54.988531" lon="25.661423"><ele>181.910</ele><time>2024-09-15T12:09:10Z</time></trkpt><trkpt lat="54.988508" lon="25.661203"><ele>180.289</ele><time>2024-09-15T12:09:11Z</time></trkpt><trkpt lat="54.988493" lon="25.660983"><ele>178.863</ele><time>2024-09-15T12:09:12Z</time></trkpt><trkpt lat="54.988479" lon="25.660781"><ele>178.861</ele><time>2024-09-15T12:09:13Z</time></trkpt><trkpt lat="54.988464" lon="25.660602"><ele>179.713</ele><time>2024-09-15T12:09:14Z</time></trkpt><trkpt lat="54.988446" lon="25.660429"><ele>181.468</ele><time>2024-09-15T12:09:15Z</time></trkpt><trkpt lat="54.988428" lon="25.660245"><ele>184.217</ele><time>2024-09-15T12:09:16Z</time></trkpt><trkpt lat="54.988403" lon="25.660043"><ele>184.287</ele><time>2024-09-15T12:09:17Z</time></trkpt><trkpt lat="54.988377" lon="25.659823"><ele>184.015</ele><time>2024-09-15T12:09:18Z</time></trkpt><trkpt lat="54.988351" lon="25.659595"><ele>183.209</ele><time>2024-09-15T12:09:19Z</time></trkpt><trkpt lat="54.988333" lon="25.659386"><ele>183.112</ele><time>2024-09-15T12:09:20Z</time></trkpt><trkpt lat="54.988313" lon="25.65917"><ele>182.289</ele><time>2024-09-15T12:09:21Z</time></trkpt><trkpt lat="54.988297" lon="25.658945"><ele>179.775</ele><time>2024-09-15T12:09:22Z</time></trkpt><trkpt lat="54.98828" lon="25.658716"><ele>178.150</ele><time>2024-09-15T12:09:23Z</time></trkpt><trkpt lat="54.988257" lon="25.658494"><ele>177.279</ele><time>2024-09-15T12:09:24Z</time></trkpt><trkpt lat="54.988248" lon="25.658274"><ele>177.263</ele><time>2024-09-15T12:09:25Z</time></trkpt><trkpt lat="54.988234" lon="25.658058"><ele>177.221</ele><time>2024-09-15T12:09:26Z</time></trkpt><trkpt lat="54.988217" lon="25.657835"><ele>176.933</ele><time>2024-09-15T12:09:27Z</time></trkpt><trkpt lat="54.988206" lon="25.657605"><ele>176.538</ele><time>2024-09-15T12:09:28Z</time></trkpt><trkpt lat="54.988195" lon="25.657398"><ele>176.364</ele><time>2024-09-15T12:09:29Z</time></trkpt><trkpt lat="54.988185" lon="25.6572"><ele>175.006</ele><time>2024-09-15T12:09:30Z</time></trkpt><trkpt lat="54.988157" lon="25.657017"><ele>174.016</ele><time>2024-09-15T12:09:31Z</time></trkpt><trkpt lat="54.988137" lon="25.656862"><ele>173.509</ele><time>2024-09-15T12:09:32Z</time></trkpt><trkpt lat="54.988124" lon="25.656755"><ele>173.147</ele><time>2024-09-15T12:09:34Z</time></trkpt><trkpt lat="54.988087" lon="25.656705"><ele>172.844</ele><time>2024-09-15T12:09:37Z</time></trkpt><trkpt lat="54.988129" lon="25.656668"><ele>172.890</ele><time>2024-09-15T12:09:51Z</time></trkpt><trkpt lat="54.988121" lon="25.656834"><ele>173.185</ele><time>2024-09-15T12:10:17Z</time></trkpt><trkpt lat="54.988146" lon="25.656964"><ele>173.284</ele><time>2024-09-15T12:10:18Z</time></trkpt><trkpt lat="54.988167" lon="25.657145"><ele>173.858</ele><time>2024-09-15T12:10:19Z</time></trkpt><trkpt lat="54.98818" lon="25.657365"><ele>174.426</ele><time>2024-09-15T12:10:20Z</time></trkpt><trkpt lat="54.988197" lon="25.657608"><ele>174.558</ele><time>2024-09-15T12:10:21Z</time></trkpt><trkpt lat="54.988211" lon="25.657832"><ele>174.843</ele><time>2024-09-15T12:10:22Z</time></trkpt><trkpt lat="54.988233" lon="25.658069"><ele>176.031</ele><time>2024-09-15T12:10:23Z</time></trkpt><trkpt lat="54.988258" lon="25.658281"><ele>177.061</ele><time>2024-09-15T12:10:24Z</time></trkpt><trkpt lat="54.988263" lon="25.658495"><ele>177.007</ele><time>2024-09-15T12:10:25Z</time></trkpt><trkpt lat="54.988285" lon="25.658726"><ele>177.509</ele><time>2024-09-15T12:10:26Z</time></trkpt><trkpt lat="54.988307" lon="25.65897"><ele>177.564</ele><time>2024-09-15T12:10:27Z</time></trkpt><trkpt lat="54.988328" lon="25.659205"><ele>176.961</ele><time>2024-09-15T12:10:28Z</time></trkpt><trkpt lat="54.988351" lon="25.659421"><ele>177.967</ele><time>2024-09-15T12:10:29Z</time></trkpt><trkpt lat="54.988371" lon="25.65962"><ele>178.472</ele><time>2024-09-15T12:10:30Z</time></trkpt><trkpt lat="54.988386" lon="25.659819"><ele>180.611</ele><time>2024-09-15T12:10:31Z</time></trkpt><trkpt lat="54.988405" lon="25.660034"><ele>182.925</ele><time>2024-09-15T12:10:32Z</time></trkpt><trkpt lat="54.988433" lon="25.66025"><ele>182.983</ele><time>2024-09-15T12:10:33Z</time></trkpt><trkpt lat="54.988453" lon="25.660443"><ele>182.965</ele><time>2024-09-15T12:10:34Z</time></trkpt><trkpt lat="54.988463" lon="25.660629"><ele>184.130</ele><time>2024-09-15T12:10:35Z</time></trkpt><trkpt lat="54.988483" lon="25.66081"><ele>184.196</ele><time>2024-09-15T12:10:36Z</time></trkpt><trkpt lat="54.988505" lon="25.661033"><ele>183.631</ele><time>2024-09-15T12:10:37Z</time></trkpt><trkpt lat="54.988527" lon="25.661271"><ele>179.924</ele><time>2024-09-15T12:10:38Z</time></trkpt><trkpt lat="54.988542" lon="25.661503"><ele>178.609</ele><time>2024-09-15T12:10:39Z</time></trkpt><trkpt lat="54.988563" lon="25.661719"><ele>178.460</ele><time>2024-09-15T12:10:40Z</time></trkpt><trkpt lat="54.988576" lon="25.661926"><ele>178.677</ele><time>2024-09-15T12:10:41Z</time></trkpt><trkpt lat="54.988599" lon="25.662105"><ele>180.653</ele><time>2024-09-15T12:10:42Z</time></trkpt><trkpt lat="54.988617" lon="25.66231"><ele>183.548</ele><time>2024-09-15T12:10:43Z</time></trkpt><trkpt lat="54.988639" lon="25.662527"><ele>183.897</ele><time>2024-09-15T12:10:44Z</time></trkpt><trkpt lat="54.988659" lon="25.662755"><ele>183.841</ele><time>2024-09-15T12:10:45Z</time></trkpt><trkpt lat="54.988663" lon="25.663003"><ele>183.829</ele><time>2024-09-15T12:10:46Z</time></trkpt><trkpt lat="54.988678" lon="25.663262"><ele>182.411</ele><time>2024-09-15T12:10:47Z</time></trkpt><trkpt lat="54.98871" lon="25.663529"><ele>182.136</ele><time>2024-09-15T12:10:48Z</time></trkpt><trkpt lat="54.98873" lon="25.663787"><ele>182.229</ele><time>2024-09-15T12:10:49Z</time></trkpt><trkpt lat="54.988745" lon="25.664002"><ele>182.400</ele><time>2024-09-15T12:10:50Z</time></trkpt><trkpt lat="54.988756" lon="25.6642"><ele>182.820</ele><time>2024-09-15T12:10:51Z</time></trkpt><trkpt lat="54.988774" lon="25.664391"><ele>183.109</ele><time>2024-09-15T12:10:52Z</time></trkpt><trkpt lat="54.988782" lon="25.664572"><ele>183.683</ele><time>2024-09-15T12:10:53Z</time></trkpt><trkpt lat="54.988803" lon="25.664754"><ele>183.650</ele><time>2024-09-15T12:10:54Z</time></trkpt><trkpt lat="54.988845" lon="25.664923"><ele>183.376</ele><time>2024-09-15T12:10:55Z</time></trkpt><trkpt lat="54.98887" lon="25.665107"><ele>183.361</ele><time>2024-09-15T12:10:56Z</time></trkpt><trkpt lat="54.988892" lon="25.665309"><ele>184.050</ele><time>2024-09-15T12:10:57Z</time></trkpt><trkpt lat="54.988908" lon="25.665512"><ele>184.314</ele><time>2024-09-15T12:10:58Z</time></trkpt><trkpt lat="54.988927" lon="25.665694"><ele>184.612</ele><time>2024-09-15T12:10:59Z</time></trkpt><trkpt lat="54.988947" lon="25.665915"><ele>184.684</ele><time>2024-09-15T12:11:00Z</time></trkpt><trkpt lat="54.988955" lon="25.666135"><ele>184.299</ele><time>2024-09-15T12:11:01Z</time></trkpt><trkpt lat="54.988964" lon="25.666341"><ele>183.229</ele><time>2024-09-15T12:11:02Z</time></trkpt><trkpt lat="54.988973" lon="25.666522"><ele>183.000</ele><time>2024-09-15T12:11:03Z</time></trkpt><trkpt lat="54.988989" lon="25.6667"><ele>183.020</ele><time>2024-09-15T12:11:04Z</time></trkpt><trkpt lat="54.988985" lon="25.666883"><ele>183.609</ele><time>2024-09-15T12:11:05Z</time></trkpt><trkpt lat="54.988999" lon="25.667061"><ele>183.693</ele><time>2024-09-15T12:11:06Z</time></trkpt><trkpt lat="54.989025" lon="25.667247"><ele>184.190</ele><time>2024-09-15T12:11:07Z</time></trkpt><trkpt lat="54.989042" lon="25.667433"><ele>183.066</ele><time>2024-09-15T12:11:08Z</time></trkpt><trkpt lat="54.989063" lon="25.667613"><ele>182.751</ele><time>2024-09-15T12:11:09Z</time></trkpt><trkpt lat="54.989072" lon="25.667781"><ele>182.730</ele><time>2024-09-15T12:11:10Z</time></trkpt><trkpt lat="54.989064" lon="25.667959"><ele>183.694</ele><time>2024-09-15T12:11:11Z</time></trkpt><trkpt lat="54.989077" lon="25.668115"><ele>186.712</ele><time>2024-09-15T12:11:12Z</time></trkpt><trkpt lat="54.989087" lon="25.668309"><ele>186.984</ele><time>2024-09-15T12:11:13Z</time></trkpt><trkpt lat="54.989116" lon="25.668506"><ele>187.619</ele><time>2024-09-15T12:11:14Z</time></trkpt><trkpt lat="54.989128" lon="25.668715"><ele>187.624</ele><time>2024-09-15T12:11:15Z</time></trkpt><trkpt lat="54.989145" lon="25.668921"><ele>187.904</ele><time>2024-09-15T12:11:16Z</time></trkpt><trkpt lat="54.989153" lon="25.669142"><ele>187.614</ele><time>2024-09-15T12:11:17Z</time></trkpt><trkpt lat="54.989159" lon="25.669433"><ele>185.409</ele><time>2024-09-15T12:11:18Z</time></trkpt><trkpt lat="54.989183" lon="25.669725"><ele>184.873</ele><time>2024-09-15T12:11:19Z</time></trkpt><trkpt lat="54.989206" lon="25.669964"><ele>184.110</ele><time>2024-09-15T12:11:20Z</time></trkpt><trkpt lat="54.989224" lon="25.67019"><ele>183.136</ele><time>2024-09-15T12:11:21Z</time></trkpt><trkpt lat="54.989238" lon="25.670392"><ele>182.461</ele><time>2024-09-15T12:11:22Z</time></trkpt><trkpt lat="54.989251" lon="25.670578"><ele>182.260</ele><time>2024-09-15T12:11:23Z</time></trkpt><trkpt lat="54.989261" lon="25.670766"><ele>182.264</ele><time>2024-09-15T12:11:24Z</time></trkpt><trkpt lat="54.989274" lon="25.67096"><ele>182.492</ele><time>2024-09-15T12:11:25Z</time></trkpt><trkpt lat="54.989293" lon="25.671169"><ele>182.424</ele><time>2024-09-15T12:11:26Z</time></trkpt><trkpt lat="54.989302" lon="25.67139"><ele>182.439</ele><time>2024-09-15T12:11:27Z</time></trkpt><trkpt lat="54.989315" lon="25.671598"><ele>183.248</ele><time>2024-09-15T12:11:28Z</time></trkpt><trkpt lat="54.989337" lon="25.671797"><ele>183.561</ele><time>2024-09-15T12:11:29Z</time></trkpt><trkpt lat="54.989344" lon="25.671955"><ele>185.517</ele><time>2024-09-15T12:11:30Z</time></trkpt><trkpt lat="54.989348" lon="25.672109"><ele>185.809</ele><time>2024-09-15T12:11:31Z</time></trkpt><trkpt lat="54.98937" lon="25.672277"><ele>185.985</ele><time>2024-09-15T12:11:32Z</time></trkpt><trkpt lat="54.989396" lon="25.672476"><ele>187.362</ele><time>2024-09-15T12:11:33Z</time></trkpt><trkpt lat="54.989391" lon="25.672642"><ele>187.458</ele><time>2024-09-15T12:11:34Z</time></trkpt><trkpt lat="54.98942" lon="25.672797"><ele>187.433</ele><time>2024-09-15T12:11:35Z</time></trkpt><trkpt lat="54.989437" lon="25.672962"><ele>187.372</ele><time>2024-09-15T12:11:36Z</time></trkpt><trkpt lat="54.98945" lon="25.673164"><ele>186.366</ele><time>2024-09-15T12:11:37Z</time></trkpt><trkpt lat="54.989472" lon="25.673297"><ele>186.224</ele><time>2024-09-15T12:11:38Z</time></trkpt><trkpt lat="54.989462" lon="25.673387"><ele>184.936</ele><time>2024-09-15T12:11:39Z</time></trkpt><trkpt lat="54.989428" lon="25.67349"><ele>185.051</ele><time>2024-09-15T12:11:41Z</time></trkpt><trkpt lat="54.989371" lon="25.673524"><ele>185.497</ele><time>2024-09-15T12:11:43Z</time></trkpt><trkpt lat="54.989289" lon="25.673525"><ele>185.723</ele><time>2024-09-15T12:11:44Z</time></trkpt><trkpt lat="54.989239" lon="25.673534"><ele>185.925</ele><time>2024-09-15T12:11:45Z</time></trkpt><trkpt lat="54.989294" lon="25.673512"><ele>190.309</ele><time>2024-09-15T12:11:55Z</time></trkpt><trkpt lat="54.989232" lon="25.673513"><ele>190.960</ele><time>2024-09-15T12:12:02Z</time></trkpt><trkpt lat="54.989164" lon="25.673524"><ele>191.127</ele><time>2024-09-15T12:12:03Z</time></trkpt><trkpt lat="54.989043" lon="25.673558"><ele>191.113</ele><time>2024-09-15T12:12:04Z</time></trkpt><trkpt lat="54.988924" lon="25.673576"><ele>191.718</ele><time>2024-09-15T12:12:05Z</time></trkpt><trkpt lat="54.988798" lon="25.673594"><ele>191.017</ele><time>2024-09-15T12:12:06Z</time></trkpt><trkpt lat="54.988676" lon="25.67362"><ele>190.141</ele><time>2024-09-15T12:12:07Z</time></trkpt><trkpt lat="54.988549" lon="25.673636"><ele>189.499</ele><time>2024-09-15T12:12:08Z</time></trkpt><trkpt lat="54.988413" lon="25.673667"><ele>189.441</ele><time>2024-09-15T12:12:09Z</time></trkpt><trkpt lat="54.988285" lon="25.673705"><ele>189.226</ele><time>2024-09-15T12:12:10Z</time></trkpt><trkpt lat="54.988144" lon="25.673725"><ele>188.562</ele><time>2024-09-15T12:12:11Z</time></trkpt><trkpt lat="54.987994" lon="25.673739"><ele>187.183</ele><time>2024-09-15T12:12:12Z</time></trkpt><trkpt lat="54.987846" lon="25.673762"><ele>187.311</ele><time>2024-09-15T12:12:13Z</time></trkpt><trkpt lat="54.98771" lon="25.673793"><ele>187.209</ele><time>2024-09-15T12:12:14Z</time></trkpt><trkpt lat="54.987567" lon="25.673814"><ele>186.657</ele><time>2024-09-15T12:12:15Z</time></trkpt><trkpt lat="54.987457" lon="25.673825"><ele>186.364</ele><time>2024-09-15T12:12:16Z</time></trkpt><trkpt lat="54.987338" lon="25.673838"><ele>186.290</ele><time>2024-09-15T12:12:17Z</time></trkpt><trkpt lat="54.987204" lon="25.673865"><ele>185.985</ele><time>2024-09-15T12:12:18Z</time></trkpt><trkpt lat="54.98708" lon="25.673877"><ele>185.974</ele><time>2024-09-15T12:12:19Z</time></trkpt><trkpt lat="54.986954" lon="25.673885"><ele>185.798</ele><time>2024-09-15T12:12:20Z</time></trkpt><trkpt lat="54.98683" lon="25.673901"><ele>185.756</ele><time>2024-09-15T12:12:21Z</time></trkpt><trkpt lat="54.986719" lon="25.67393"><ele>185.528</ele><time>2024-09-15T12:12:22Z</time></trkpt><trkpt lat="54.986597" lon="25.67394"><ele>185.023</ele><time>2024-09-15T12:12:23Z</time></trkpt><trkpt lat="54.986471" lon="25.673948"><ele>183.657</ele><time>2024-09-15T12:12:24Z</time></trkpt><trkpt lat="54.986372" lon="25.673958"><ele>183.600</ele><time>2024-09-15T12:12:25Z</time></trkpt><trkpt lat="54.986279" lon="25.67397"><ele>184.820</ele><time>2024-09-15T12:12:26Z</time></trkpt><trkpt lat="54.986194" lon="25.673977"><ele>184.809</ele><time>2024-09-15T12:12:27Z</time></trkpt><trkpt lat="54.986115" lon="25.673985"><ele>184.176</ele><time>2024-09-15T12:12:28Z</time></trkpt><trkpt lat="54.986036" lon="25.674001"><ele>183.813</ele><time>2024-09-15T12:12:29Z</time></trkpt><trkpt lat="54.985963" lon="25.674006"><ele>182.869</ele><time>2024-09-15T12:12:30Z</time></trkpt><trkpt lat="54.985898" lon="25.674018"><ele>181.844</ele><time>2024-09-15T12:12:31Z</time></trkpt><trkpt lat="54.985833" lon="25.674028"><ele>180.953</ele><time>2024-09-15T12:12:32Z</time></trkpt><trkpt lat="54.985783" lon="25.674027"><ele>179.837</ele><time>2024-09-15T12:12:33Z</time></trkpt><trkpt lat="54.98573" lon="25.674036"><ele>179.325</ele><time>2024-09-15T12:12:34Z</time></trkpt><trkpt lat="54.985647" lon="25.674042"><ele>178.427</ele><time>2024-09-15T12:12:36Z</time></trkpt><trkpt lat="54.985592" lon="25.674047"><ele>178.072</ele><time>2024-09-15T12:12:37Z</time></trkpt><trkpt lat="54.985544" lon="25.674071"><ele>177.535</ele><time>2024-09-15T12:12:38Z</time></trkpt><trkpt lat="54.985448" lon="25.674102"><ele>177.286</ele><time>2024-09-15T12:12:40Z</time></trkpt><trkpt lat="54.98537" lon="25.674096"><ele>177.214</ele><time>2024-09-15T12:12:41Z</time></trkpt><trkpt lat="54.985292" lon="25.674106"><ele>177.109</ele><time>2024-09-15T12:12:42Z</time></trkpt><trkpt lat="54.985189" lon="25.674142"><ele>177.374</ele><time>2024-09-15T12:12:43Z</time></trkpt><trkpt lat="54.98509" lon="25.674161"><ele>177.751</ele><time>2024-09-15T12:12:44Z</time></trkpt><trkpt lat="54.984996" lon="25.674161"><ele>178.247</ele><time>2024-09-15T12:12:45Z</time></trkpt><trkpt lat="54.984899" lon="25.674185"><ele>178.262</ele><time>2024-09-15T12:12:46Z</time></trkpt><trkpt lat="54.984804" lon="25.674204"><ele>176.421</ele><time>2024-09-15T12:12:47Z</time></trkpt><trkpt lat="54.984706" lon="25.674231"><ele>176.235</ele><time>2024-09-15T12:12:48Z</time></trkpt><trkpt lat="54.984596" lon="25.67425"><ele>176.233</ele><time>2024-09-15T12:12:49Z</time></trkpt><trkpt lat="54.984495" lon="25.674272"><ele>176.285</ele><time>2024-09-15T12:12:50Z</time></trkpt><trkpt lat="54.984388" lon="25.674293"><ele>176.430</ele><time>2024-09-15T12:12:51Z</time></trkpt><trkpt lat="54.984276" lon="25.6743"><ele>177.042</ele><time>2024-09-15T12:12:52Z</time></trkpt><trkpt lat="54.984177" lon="25.67432"><ele>177.022</ele><time>2024-09-15T12:12:53Z</time></trkpt><trkpt lat="54.984078" lon="25.674337"><ele>177.014</ele><time>2024-09-15T12:12:54Z</time></trkpt><trkpt lat="54.984002" lon="25.674357"><ele>176.809</ele><time>2024-09-15T12:12:55Z</time></trkpt><trkpt lat="54.98392" lon="25.67437"><ele>175.995</ele><time>2024-09-15T12:12:56Z</time></trkpt><trkpt lat="54.983835" lon="25.674378"><ele>175.972</ele><time>2024-09-15T12:12:57Z</time></trkpt><trkpt lat="54.983752" lon="25.674384"><ele>174.868</ele><time>2024-09-15T12:12:58Z</time></trkpt><trkpt lat="54.983668" lon="25.674401"><ele>173.223</ele><time>2024-09-15T12:12:59Z</time></trkpt><trkpt lat="54.983561" lon="25.674448"><ele>172.552</ele><time>2024-09-15T12:13:00Z</time></trkpt><trkpt lat="54.983439" lon="25.67445"><ele>171.796</ele><time>2024-09-15T12:13:01Z</time></trkpt><trkpt lat="54.983331" lon="25.674463"><ele>170.984</ele><time>2024-09-15T12:13:02Z</time></trkpt><trkpt lat="54.983243" lon="25.674489"><ele>170.856</ele><time>2024-09-15T12:13:03Z</time></trkpt><trkpt lat="54.983156" lon="25.674491"><ele>170.771</ele><time>2024-09-15T12:13:04Z</time></trkpt><trkpt lat="54.983075" lon="25.674498"><ele>169.434</ele><time>2024-09-15T12:13:05Z</time></trkpt><trkpt lat="54.983012" lon="25.674496"><ele>169.255</ele><time>2024-09-15T12:13:06Z</time></trkpt><trkpt lat="54.982953" lon="25.674505"><ele>169.210</ele><time>2024-09-15T12:13:07Z</time></trkpt><trkpt lat="54.982901" lon="25.67451"><ele>169.609</ele><time>2024-09-15T12:13:08Z</time></trkpt><trkpt lat="54.98285" lon="25.674511"><ele>169.984</ele><time>2024-09-15T12:13:09Z</time></trkpt><trkpt lat="54.982792" lon="25.674528"><ele>170.151</ele><time>2024-09-15T12:13:10Z</time></trkpt><trkpt lat="54.982721" lon="25.674575"><ele>170.117</ele><time>2024-09-15T12:13:11Z</time></trkpt><trkpt lat="54.982636" lon="25.67465"><ele>169.992</ele><time>2024-09-15T12:13:12Z</time></trkpt><trkpt lat="54.982544" lon="25.674751"><ele>169.421</ele><time>2024-09-15T12:13:13Z</time></trkpt><trkpt lat="54.982426" lon="25.674834"><ele>168.395</ele><time>2024-09-15T12:13:14Z</time></trkpt><trkpt lat="54.982311" lon="25.67492"><ele>166.363</ele><time>2024-09-15T12:13:15Z</time></trkpt><trkpt lat="54.982224" lon="25.675047"><ele>165.575</ele><time>2024-09-15T12:13:16Z</time></trkpt><trkpt lat="54.98214" lon="25.67521"><ele>164.250</ele><time>2024-09-15T12:13:17Z</time></trkpt><trkpt lat="54.982053" lon="25.675393"><ele>163.934</ele><time>2024-09-15T12:13:18Z</time></trkpt><trkpt lat="54.981987" lon="25.67561"><ele>162.455</ele><time>2024-09-15T12:13:19Z</time></trkpt><trkpt lat="54.981908" lon="25.675828"><ele>162.010</ele><time>2024-09-15T12:13:20Z</time></trkpt><trkpt lat="54.981841" lon="25.676061"><ele>161.509</ele><time>2024-09-15T12:13:21Z</time></trkpt><trkpt lat="54.981773" lon="25.676307"><ele>161.024</ele><time>2024-09-15T12:13:22Z</time></trkpt><trkpt lat="54.981715" lon="25.676539"><ele>160.591</ele><time>2024-09-15T12:13:23Z</time></trkpt><trkpt lat="54.98166" lon="25.676779"><ele>159.537</ele><time>2024-09-15T12:13:24Z</time></trkpt><trkpt lat="54.981599" lon="25.677013"><ele>159.152</ele><time>2024-09-15T12:13:25Z</time></trkpt><trkpt lat="54.981566" lon="25.677247"><ele>158.711</ele><time>2024-09-15T12:13:26Z</time></trkpt><trkpt lat="54.98154" lon="25.677432"><ele>158.185</ele><time>2024-09-15T12:13:27Z</time></trkpt><trkpt lat="54.98152" lon="25.677622"><ele>158.013</ele><time>2024-09-15T12:13:28Z</time></trkpt><trkpt lat="54.981481" lon="25.677783"><ele>158.035</ele><time>2024-09-15T12:13:29Z</time></trkpt><trkpt lat="54.98146" lon="25.677955"><ele>158.020</ele><time>2024-09-15T12:13:30Z</time></trkpt><trkpt lat="54.981424" lon="25.678134"><ele>158.345</ele><time>2024-09-15T12:13:31Z</time></trkpt><trkpt lat="54.981401" lon="25.678327"><ele>158.047</ele><time>2024-09-15T12:13:32Z</time></trkpt><trkpt lat="54.981392" lon="25.678523"><ele>157.811</ele><time>2024-09-15T12:13:33Z</time></trkpt><trkpt lat="54.981388" lon="25.678724"><ele>156.409</ele><time>2024-09-15T12:13:34Z</time></trkpt><trkpt lat="54.981379" lon="25.678924"><ele>155.055</ele><time>2024-09-15T12:13:35Z</time></trkpt><trkpt lat="54.981376" lon="25.679136"><ele>154.552</ele><time>2024-09-15T12:13:36Z</time></trkpt><trkpt lat="54.981367" lon="25.679345"><ele>153.968</ele><time>2024-09-15T12:13:37Z</time></trkpt><trkpt lat="54.981343" lon="25.679527"><ele>153.753</ele><time>2024-09-15T12:13:38Z</time></trkpt><trkpt lat="54.981326" lon="25.679684"><ele>153.442</ele><time>2024-09-15T12:13:39Z</time></trkpt><trkpt lat="54.981302" lon="25.679753"><ele>153.416</ele><time>2024-09-15T12:13:40Z</time></trkpt><trkpt lat="54.981273" lon="25.679887"><ele>156.524</ele><time>2024-09-15T12:13:57Z</time></trkpt><trkpt lat="54.98124" lon="25.680003"><ele>156.626</ele><time>2024-09-15T12:13:58Z</time></trkpt><trkpt lat="54.981207" lon="25.680146"><ele>156.891</ele><time>2024-09-15T12:13:59Z</time></trkpt><trkpt lat="54.981163" lon="25.680322"><ele>156.816</ele><time>2024-09-15T12:14:00Z</time></trkpt><trkpt lat="54.981098" lon="25.680587"><ele>156.476</ele><time>2024-09-15T12:14:01Z</time></trkpt><trkpt lat="54.981036" lon="25.680843"><ele>155.613</ele><time>2024-09-15T12:14:02Z</time></trkpt><trkpt lat="54.980979" lon="25.681115"><ele>154.209</ele><time>2024-09-15T12:14:03Z</time></trkpt><trkpt lat="54.980917" lon="25.681391"><ele>152.912</ele><time>2024-09-15T12:14:04Z</time></trkpt><trkpt lat="54.980864" lon="25.681657"><ele>152.139</ele><time>2024-09-15T12:14:05Z</time></trkpt><trkpt lat="54.980811" lon="25.681903"><ele>152.125</ele><time>2024-09-15T12:14:06Z</time></trkpt><trkpt lat="54.980781" lon="25.682117"><ele>151.950</ele><time>2024-09-15T12:14:07Z</time></trkpt><trkpt lat="54.980772" lon="25.682327"><ele>151.539</ele><time>2024-09-15T12:14:08Z</time></trkpt><trkpt lat="54.980771" lon="25.682546"><ele>151.423</ele><time>2024-09-15T12:14:09Z</time></trkpt><trkpt lat="54.980856" lon="25.682779"><ele>151.361</ele><time>2024-09-15T12:14:10Z</time></trkpt><trkpt lat="54.980927" lon="25.683034"><ele>150.513</ele><time>2024-09-15T12:14:11Z</time></trkpt><trkpt lat="54.981011" lon="25.683307"><ele>150.098</ele><time>2024-09-15T12:14:12Z</time></trkpt><trkpt lat="54.981102" lon="25.683589"><ele>149.714</ele><time>2024-09-15T12:14:13Z</time></trkpt><trkpt lat="54.981211" lon="25.683887"><ele>149.354</ele><time>2024-09-15T12:14:14Z</time></trkpt><trkpt lat="54.981296" lon="25.684216"><ele>149.109</ele><time>2024-09-15T12:14:15Z</time></trkpt><trkpt lat="54.981379" lon="25.68455"><ele>149.009</ele><time>2024-09-15T12:14:16Z</time></trkpt><trkpt lat="54.981441" lon="25.684907"><ele>148.792</ele><time>2024-09-15T12:14:17Z</time></trkpt><trkpt lat="54.981496" lon="25.685285"><ele>148.539</ele><time>2024-09-15T12:14:18Z</time></trkpt><trkpt lat="54.981539" lon="25.68568"><ele>148.325</ele><time>2024-09-15T12:14:19Z</time></trkpt><trkpt lat="54.981584" lon="25.686071"><ele>148.170</ele><time>2024-09-15T12:14:20Z</time></trkpt><trkpt lat="54.98163" lon="25.68646"><ele>148.269</ele><time>2024-09-15T12:14:21Z</time></trkpt><trkpt lat="54.981677" lon="25.686857"><ele>148.843</ele><time>2024-09-15T12:14:22Z</time></trkpt><trkpt lat="54.981725" lon="25.687261"><ele>149.211</ele><time>2024-09-15T12:14:23Z</time></trkpt><trkpt lat="54.981773" lon="25.687671"><ele>149.223</ele><time>2024-09-15T12:14:24Z</time></trkpt><trkpt lat="54.981819" lon="25.688087"><ele>148.818</ele><time>2024-09-15T12:14:25Z</time></trkpt><trkpt lat="54.981854" lon="25.688458"><ele>148.081</ele><time>2024-09-15T12:14:26Z</time></trkpt><trkpt lat="54.981887" lon="25.688823"><ele>147.561</ele><time>2024-09-15T12:14:27Z</time></trkpt><trkpt lat="54.981901" lon="25.689182"><ele>147.017</ele><time>2024-09-15T12:14:28Z</time></trkpt><trkpt lat="54.98191" lon="25.689534"><ele>146.809</ele><time>2024-09-15T12:14:29Z</time></trkpt><trkpt lat="54.98188" lon="25.689872"><ele>146.889</ele><time>2024-09-15T12:14:30Z</time></trkpt><trkpt lat="54.981855" lon="25.690191"><ele>145.796</ele><time>2024-09-15T12:14:31Z</time></trkpt><trkpt lat="54.981819" lon="25.690501"><ele>144.542</ele><time>2024-09-15T12:14:32Z</time></trkpt><trkpt lat="54.98179" lon="25.690812"><ele>144.387</ele><time>2024-09-15T12:14:33Z</time></trkpt><trkpt lat="54.981756" lon="25.691109"><ele>144.496</ele><time>2024-09-15T12:14:34Z</time></trkpt><trkpt lat="54.981737" lon="25.691416"><ele>144.770</ele><time>2024-09-15T12:14:35Z</time></trkpt><trkpt lat="54.981716" lon="25.691725"><ele>145.198</ele><time>2024-09-15T12:14:36Z</time></trkpt><trkpt lat="54.981689" lon="25.692043"><ele>145.680</ele><time>2024-09-15T12:14:37Z</time></trkpt><trkpt lat="54.981656" lon="25.692361"><ele>145.955</ele><time>2024-09-15T12:14:38Z</time></trkpt><trkpt lat="54.981618" lon="25.692689"><ele>146.245</ele><time>2024-09-15T12:14:39Z</time></trkpt><trkpt lat="54.981558" lon="25.693019"><ele>146.547</ele><time>2024-09-15T12:14:40Z</time></trkpt><trkpt lat="54.981492" lon="25.693343"><ele>146.511</ele><time>2024-09-15T12:14:41Z</time></trkpt><trkpt lat="54.981431" lon="25.693662"><ele>146.309</ele><time>2024-09-15T12:14:42Z</time></trkpt><trkpt lat="54.98137" lon="25.693977"><ele>146.125</ele><time>2024-09-15T12:14:43Z</time></trkpt><trkpt lat="54.981308" lon="25.694284"><ele>145.792</ele><time>2024-09-15T12:14:44Z</time></trkpt><trkpt lat="54.981252" lon="25.694611"><ele>145.218</ele><time>2024-09-15T12:14:45Z</time></trkpt><trkpt lat="54.981192" lon="25.694944"><ele>145.293</ele><time>2024-09-15T12:14:46Z</time></trkpt><trkpt lat="54.981126" lon="25.695272"><ele>145.392</ele><time>2024-09-15T12:14:47Z</time></trkpt><trkpt lat="54.981059" lon="25.695605"><ele>145.016</ele><time>2024-09-15T12:14:48Z</time></trkpt><trkpt lat="54.980991" lon="25.695938"><ele>144.874</ele><time>2024-09-15T12:14:49Z</time></trkpt><trkpt lat="54.980927" lon="25.696266"><ele>144.436</ele><time>2024-09-15T12:14:50Z</time></trkpt><trkpt lat="54.980867" lon="25.696594"><ele>144.351</ele><time>2024-09-15T12:14:51Z</time></trkpt><trkpt lat="54.980806" lon="25.696914"><ele>144.424</ele><time>2024-09-15T12:14:52Z</time></trkpt><trkpt lat="54.980746" lon="25.697229"><ele>143.904</ele><time>2024-09-15T12:14:53Z</time></trkpt><trkpt lat="54.980681" lon="25.697547"><ele>143.214</ele><time>2024-09-15T12:14:54Z</time></trkpt><trkpt lat="54.98062" lon="25.697864"><ele>142.609</ele><time>2024-09-15T12:14:55Z</time></trkpt><trkpt lat="54.980556" lon="25.698175"><ele>142.313</ele><time>2024-09-15T12:14:56Z</time></trkpt><trkpt lat="54.980492" lon="25.698486"><ele>142.310</ele><time>2024-09-15T12:14:57Z</time></trkpt><trkpt lat="54.980437" lon="25.698794"><ele>142.556</ele><time>2024-09-15T12:14:58Z</time></trkpt><trkpt lat="54.9804" lon="25.699094"><ele>142.731</ele><time>2024-09-15T12:14:59Z</time></trkpt><trkpt lat="54.980391" lon="25.699401"><ele>142.850</ele><time>2024-09-15T12:15:00Z</time></trkpt><trkpt lat="54.980369" lon="25.699716"><ele>143.184</ele><time>2024-09-15T12:15:01Z</time></trkpt><trkpt lat="54.980332" lon="25.700052"><ele>143.462</ele><time>2024-09-15T12:15:02Z</time></trkpt><trkpt lat="54.980289" lon="25.700389"><ele>143.494</ele><time>2024-09-15T12:15:03Z</time></trkpt><trkpt lat="54.980223" lon="25.700741"><ele>143.529</ele><time>2024-09-15T12:15:04Z</time></trkpt><trkpt lat="54.980161" lon="25.701103"><ele>144.222</ele><time>2024-09-15T12:15:05Z</time></trkpt><trkpt lat="54.980082" lon="25.701466"><ele>144.962</ele><time>2024-09-15T12:15:06Z</time></trkpt><trkpt lat="54.98001" lon="25.701822"><ele>144.808</ele><time>2024-09-15T12:15:07Z</time></trkpt><trkpt lat="54.979944" lon="25.702186"><ele>144.709</ele><time>2024-09-15T12:15:08Z</time></trkpt><trkpt lat="54.979883" lon="25.702538"><ele>145.163</ele><time>2024-09-15T12:15:09Z</time></trkpt><trkpt lat="54.97982" lon="25.70286"><ele>144.940</ele><time>2024-09-15T12:15:10Z</time></trkpt><trkpt lat="54.979768" lon="25.70316"><ele>144.166</ele><time>2024-09-15T12:15:11Z</time></trkpt><trkpt lat="54.979712" lon="25.703454"><ele>144.261</ele><time>2024-09-15T12:15:12Z</time></trkpt><trkpt lat="54.979658" lon="25.703692"><ele>144.750</ele><time>2024-09-15T12:15:13Z</time></trkpt><trkpt lat="54.979609" lon="25.703936"><ele>145.094</ele><time>2024-09-15T12:15:14Z</time></trkpt><trkpt lat="54.979556" lon="25.704175"><ele>144.932</ele><time>2024-09-15T12:15:15Z</time></trkpt><trkpt lat="54.979512" lon="25.704429"><ele>144.064</ele><time>2024-09-15T12:15:16Z</time></trkpt><trkpt lat="54.979467" lon="25.70469"><ele>143.089</ele><time>2024-09-15T12:15:17Z</time></trkpt><trkpt lat="54.979419" lon="25.704954"><ele>142.961</ele><time>2024-09-15T12:15:18Z</time></trkpt><trkpt lat="54.979376" lon="25.705241"><ele>143.121</ele><time>2024-09-15T12:15:19Z</time></trkpt><trkpt lat="54.979331" lon="25.705538"><ele>142.913</ele><time>2024-09-15T12:15:20Z</time></trkpt><trkpt lat="54.979283" lon="25.705836"><ele>142.809</ele><time>2024-09-15T12:15:21Z</time></trkpt><trkpt lat="54.979232" lon="25.706123"><ele>142.317</ele><time>2024-09-15T12:15:22Z</time></trkpt><trkpt lat="54.979171" lon="25.706384"><ele>141.774</ele><time>2024-09-15T12:15:23Z</time></trkpt><trkpt lat="54.979088" lon="25.706604"><ele>141.290</ele><time>2024-09-15T12:15:24Z</time></trkpt><trkpt lat="54.978992" lon="25.706819"><ele>140.855</ele><time>2024-09-15T12:15:25Z</time></trkpt><trkpt lat="54.978903" lon="25.707046"><ele>140.774</ele><time>2024-09-15T12:15:26Z</time></trkpt><trkpt lat="54.978828" lon="25.707291"><ele>140.488</ele><time>2024-09-15T12:15:27Z</time></trkpt><trkpt lat="54.978766" lon="25.707547"><ele>139.726</ele><time>2024-09-15T12:15:28Z</time></trkpt><trkpt lat="54.978718" lon="25.707817"><ele>139.098</ele><time>2024-09-15T12:15:29Z</time></trkpt><trkpt lat="54.978683" lon="25.708101"><ele>138.773</ele><time>2024-09-15T12:15:30Z</time></trkpt><trkpt lat="54.978656" lon="25.708397"><ele>138.614</ele><time>2024-09-15T12:15:31Z</time></trkpt><trkpt lat="54.978642" lon="25.708705"><ele>138.754</ele><time>2024-09-15T12:15:32Z</time></trkpt><trkpt lat="54.978629" lon="25.709019"><ele>138.609</ele><time>2024-09-15T12:15:33Z</time></trkpt><trkpt lat="54.978597" lon="25.709345"><ele>138.409</ele><time>2024-09-15T12:15:34Z</time></trkpt><trkpt lat="54.97856" lon="25.709671"><ele>138.692</ele><time>2024-09-15T12:15:35Z</time></trkpt><trkpt lat="54.978513" lon="25.710011"><ele>139.049</ele><time>2024-09-15T12:15:36Z</time></trkpt><trkpt lat="54.978455" lon="25.71036"><ele>139.595</ele><time>2024-09-15T12:15:37Z</time></trkpt><trkpt lat="54.978399" lon="25.710704"><ele>140.120</ele><time>2024-09-15T12:15:38Z</time></trkpt><trkpt lat="54.978342" lon="25.711027"><ele>140.919</ele><time>2024-09-15T12:15:39Z</time></trkpt><trkpt lat="54.978298" lon="25.711333"><ele>141.483</ele><time>2024-09-15T12:15:40Z</time></trkpt><trkpt lat="54.97825" lon="25.711639"><ele>140.881</ele><time>2024-09-15T12:15:41Z</time></trkpt><trkpt lat="54.978208" lon="25.711936"><ele>140.063</ele><time>2024-09-15T12:15:42Z</time></trkpt><trkpt lat="54.978184" lon="25.712223"><ele>139.978</ele><time>2024-09-15T12:15:43Z</time></trkpt><trkpt lat="54.978183" lon="25.712499"><ele>139.575</ele><time>2024-09-15T12:15:44Z</time></trkpt><trkpt lat="54.978192" lon="25.712786"><ele>139.228</ele><time>2024-09-15T12:15:45Z</time></trkpt><trkpt lat="54.978214" lon="25.713082"><ele>139.120</ele><time>2024-09-15T12:15:46Z</time></trkpt><trkpt lat="54.978265" lon="25.713388"><ele>138.609</ele><time>2024-09-15T12:15:47Z</time></trkpt><trkpt lat="54.978342" lon="25.713694"><ele>138.348</ele><time>2024-09-15T12:15:48Z</time></trkpt><trkpt lat="54.978445" lon="25.713988"><ele>138.685</ele><time>2024-09-15T12:15:49Z</time></trkpt><trkpt lat="54.978546" lon="25.714297"><ele>139.331</ele><time>2024-09-15T12:15:50Z</time></trkpt><trkpt lat="54.978627" lon="25.714631"><ele>139.556</ele><time>2024-09-15T12:15:51Z</time></trkpt><trkpt lat="54.978695" lon="25.714978"><ele>139.645</ele><time>2024-09-15T12:15:52Z</time></trkpt><trkpt lat="54.978748" lon="25.715334"><ele>139.929</ele><time>2024-09-15T12:15:53Z</time></trkpt><trkpt lat="54.978806" lon="25.71568"><ele>139.967</ele><time>2024-09-15T12:15:54Z</time></trkpt><trkpt lat="54.978858" lon="25.716036"><ele>139.749</ele><time>2024-09-15T12:15:55Z</time></trkpt><trkpt lat="54.978911" lon="25.716387"><ele>139.214</ele><time>2024-09-15T12:15:56Z</time></trkpt><trkpt lat="54.978962" lon="25.716744"><ele>139.025</ele><time>2024-09-15T12:15:57Z</time></trkpt><trkpt lat="54.979006" lon="25.717102"><ele>138.926</ele><time>2024-09-15T12:15:58Z</time></trkpt><trkpt lat="54.979045" lon="25.717445"><ele>138.808</ele><time>2024-09-15T12:15:59Z</time></trkpt><trkpt lat="54.979081" lon="25.717774"><ele>139.109</ele><time>2024-09-15T12:16:00Z</time></trkpt><trkpt lat="54.97912" lon="25.718113"><ele>139.723</ele><time>2024-09-15T12:16:01Z</time></trkpt><trkpt lat="54.979166" lon="25.718447"><ele>140.330</ele><time>2024-09-15T12:16:02Z</time></trkpt><trkpt lat="54.979233" lon="25.718776"><ele>140.596</ele><time>2024-09-15T12:16:03Z</time></trkpt><trkpt lat="54.979297" lon="25.719104"><ele>140.741</ele><time>2024-09-15T12:16:04Z</time></trkpt><trkpt lat="54.979352" lon="25.719433"><ele>141.150</ele><time>2024-09-15T12:16:05Z</time></trkpt><trkpt lat="54.979396" lon="25.719763"><ele>141.754</ele><time>2024-09-15T12:16:06Z</time></trkpt><trkpt lat="54.979448" lon="25.720088"><ele>142.482</ele><time>2024-09-15T12:16:07Z</time></trkpt><trkpt lat="54.979494" lon="25.720414"><ele>143.174</ele><time>2024-09-15T12:16:08Z</time></trkpt><trkpt lat="54.979546" lon="25.720735"><ele>143.459</ele><time>2024-09-15T12:16:09Z</time></trkpt><trkpt lat="54.979606" lon="25.721043"><ele>143.446</ele><time>2024-09-15T12:16:10Z</time></trkpt><trkpt lat="54.979662" lon="25.721352"><ele>143.488</ele><time>2024-09-15T12:16:11Z</time></trkpt><trkpt lat="54.979714" lon="25.721658"><ele>143.216</ele><time>2024-09-15T12:16:12Z</time></trkpt><trkpt lat="54.979766" lon="25.721966"><ele>143.109</ele><time>2024-09-15T12:16:13Z</time></trkpt><trkpt lat="54.979822" lon="25.722272"><ele>143.255</ele><time>2024-09-15T12:16:14Z</time></trkpt><trkpt lat="54.979874" lon="25.722594"><ele>143.152</ele><time>2024-09-15T12:16:15Z</time></trkpt><trkpt lat="54.979924" lon="25.722921"><ele>143.198</ele><time>2024-09-15T12:16:16Z</time></trkpt><trkpt lat="54.97997" lon="25.723244"><ele>143.673</ele><time>2024-09-15T12:16:17Z</time></trkpt><trkpt lat="54.980015" lon="25.723548"><ele>144.362</ele><time>2024-09-15T12:16:18Z</time></trkpt><trkpt lat="54.980052" lon="25.723831"><ele>144.626</ele><time>2024-09-15T12:16:19Z</time></trkpt><trkpt lat="54.980091" lon="25.724089"><ele>144.344</ele><time>2024-09-15T12:16:20Z</time></trkpt><trkpt lat="54.980119" lon="25.724329"><ele>143.936</ele><time>2024-09-15T12:16:21Z</time></trkpt><trkpt lat="54.980145" lon="25.724546"><ele>143.321</ele><time>2024-09-15T12:16:22Z</time></trkpt><trkpt lat="54.980167" lon="25.724741"><ele>142.847</ele><time>2024-09-15T12:16:23Z</time></trkpt><trkpt lat="54.980195" lon="25.724921"><ele>142.429</ele><time>2024-09-15T12:16:24Z</time></trkpt><trkpt lat="54.980223" lon="25.725104"><ele>141.821</ele><time>2024-09-15T12:16:25Z</time></trkpt><trkpt lat="54.980255" lon="25.725278"><ele>141.809</ele><time>2024-09-15T12:16:26Z</time></trkpt><trkpt lat="54.980282" lon="25.725466"><ele>142.095</ele><time>2024-09-15T12:16:27Z</time></trkpt><trkpt lat="54.980309" lon="25.725656"><ele>142.022</ele><time>2024-09-15T12:16:28Z</time></trkpt><trkpt lat="54.980345" lon="25.725868"><ele>142.048</ele><time>2024-09-15T12:16:29Z</time></trkpt><trkpt lat="54.980378" lon="25.726121"><ele>142.073</ele><time>2024-09-15T12:16:30Z</time></trkpt><trkpt lat="54.980404" lon="25.726411"><ele>142.022</ele><time>2024-09-15T12:16:31Z</time></trkpt><trkpt lat="54.980432" lon="25.726719"><ele>141.936</ele><time>2024-09-15T12:16:32Z</time></trkpt><trkpt lat="54.980462" lon="25.727046"><ele>141.824</ele><time>2024-09-15T12:16:33Z</time></trkpt><trkpt lat="54.980492" lon="25.727391"><ele>141.936</ele><time>2024-09-15T12:16:34Z</time></trkpt><trkpt lat="54.980523" lon="25.72774"><ele>142.411</ele><time>2024-09-15T12:16:35Z</time></trkpt><trkpt lat="54.980558" lon="25.728098"><ele>142.673</ele><time>2024-09-15T12:16:36Z</time></trkpt><trkpt lat="54.980595" lon="25.728466"><ele>142.985</ele><time>2024-09-15T12:16:37Z</time></trkpt><trkpt lat="54.980632" lon="25.728834"><ele>143.513</ele><time>2024-09-15T12:16:38Z</time></trkpt><trkpt lat="54.98067" lon="25.729203"><ele>144.109</ele><time>2024-09-15T12:16:39Z</time></trkpt><trkpt lat="54.980712" lon="25.729579"><ele>144.958</ele><time>2024-09-15T12:16:40Z</time></trkpt><trkpt lat="54.980747" lon="25.729969"><ele>145.345</ele><time>2024-09-15T12:16:41Z</time></trkpt><trkpt lat="54.980784" lon="25.730369"><ele>145.521</ele><time>2024-09-15T12:16:42Z</time></trkpt><trkpt lat="54.98082" lon="25.730783"><ele>145.536</ele><time>2024-09-15T12:16:43Z</time></trkpt><trkpt lat="54.980859" lon="25.731199"><ele>145.325</ele><time>2024-09-15T12:16:44Z</time></trkpt><trkpt lat="54.980898" lon="25.731626"><ele>145.279</ele><time>2024-09-15T12:16:45Z</time></trkpt><trkpt lat="54.980929" lon="25.732015"><ele>145.477</ele><time>2024-09-15T12:16:46Z</time></trkpt><trkpt lat="54.980963" lon="25.73238"><ele>145.549</ele><time>2024-09-15T12:16:47Z</time></trkpt><trkpt lat="54.980995" lon="25.73269"><ele>145.594</ele><time>2024-09-15T12:16:48Z</time></trkpt><trkpt lat="54.981023" lon="25.732986"><ele>145.658</ele><time>2024-09-15T12:16:49Z</time></trkpt><trkpt lat="54.981052" lon="25.733257"><ele>145.452</ele><time>2024-09-15T12:16:50Z</time></trkpt><trkpt lat="54.981071" lon="25.733491"><ele>145.017</ele><time>2024-09-15T12:16:51Z</time></trkpt><trkpt lat="54.981097" lon="25.733701"><ele>144.909</ele><time>2024-09-15T12:16:52Z</time></trkpt><trkpt lat="54.98112" lon="25.733882"><ele>144.826</ele><time>2024-09-15T12:16:53Z</time></trkpt><trkpt lat="54.981132" lon="25.734028"><ele>144.713</ele><time>2024-09-15T12:16:54Z</time></trkpt><trkpt lat="54.981119" lon="25.734135"><ele>144.739</ele><time>2024-09-15T12:16:55Z</time></trkpt><trkpt lat="54.981067" lon="25.734203"><ele>144.844</ele><time>2024-09-15T12:16:56Z</time></trkpt><trkpt lat="54.980988" lon="25.734243"><ele>144.933</ele><time>2024-09-15T12:16:57Z</time></trkpt><trkpt lat="54.980881" lon="25.734275"><ele>145.067</ele><time>2024-09-15T12:16:58Z</time></trkpt><trkpt lat="54.980753" lon="25.734301"><ele>145.125</ele><time>2024-09-15T12:16:59Z</time></trkpt><trkpt lat="54.98062" lon="25.734327"><ele>145.267</ele><time>2024-09-15T12:17:00Z</time></trkpt><trkpt lat="54.980457" lon="25.734349"><ele>145.872</ele><time>2024-09-15T12:17:01Z</time></trkpt><trkpt lat="54.980263" lon="25.734389"><ele>146.146</ele><time>2024-09-15T12:17:02Z</time></trkpt><trkpt lat="54.980074" lon="25.734438"><ele>145.988</ele><time>2024-09-15T12:17:03Z</time></trkpt><trkpt lat="54.97987" lon="25.734484"><ele>145.516</ele><time>2024-09-15T12:17:04Z</time></trkpt><trkpt lat="54.97966" lon="25.734531"><ele>145.709</ele><time>2024-09-15T12:17:05Z</time></trkpt><trkpt lat="54.97946" lon="25.734572"><ele>146.055</ele><time>2024-09-15T12:17:06Z</time></trkpt><trkpt lat="54.979276" lon="25.734605"><ele>145.962</ele><time>2024-09-15T12:17:07Z</time></trkpt><trkpt lat="54.9791" lon="25.734652"><ele>145.828</ele><time>2024-09-15T12:17:08Z</time></trkpt><trkpt lat="54.978949" lon="25.734687"><ele>145.613</ele><time>2024-09-15T12:17:09Z</time></trkpt><trkpt lat="54.978809" lon="25.734723"><ele>145.542</ele><time>2024-09-15T12:17:10Z</time></trkpt><trkpt lat="54.978669" lon="25.734757"><ele>145.446</ele><time>2024-09-15T12:17:11Z</time></trkpt><trkpt lat="54.978522" lon="25.73479"><ele>145.034</ele><time>2024-09-15T12:17:12Z</time></trkpt><trkpt lat="54.978389" lon="25.734826"><ele>144.756</ele><time>2024-09-15T12:17:13Z</time></trkpt><trkpt lat="54.978264" lon="25.734855"><ele>144.481</ele><time>2024-09-15T12:17:14Z</time></trkpt><trkpt lat="54.978179" lon="25.734868"><ele>144.466</ele><time>2024-09-15T12:17:15Z</time></trkpt><trkpt lat="54.978087" lon="25.734888"><ele>144.429</ele><time>2024-09-15T12:17:16Z</time></trkpt><trkpt lat="54.978025" lon="25.734888"><ele>144.621</ele><time>2024-09-15T12:17:17Z</time></trkpt><trkpt lat="54.977956" lon="25.734925"><ele>144.809</ele><time>2024-09-15T12:17:18Z</time></trkpt><trkpt lat="54.977911" lon="25.73501"><ele>144.997</ele><time>2024-09-15T12:17:19Z</time></trkpt><trkpt lat="54.977896" lon="25.735138"><ele>144.924</ele><time>2024-09-15T12:17:20Z</time></trkpt><trkpt lat="54.97792" lon="25.735269"><ele>144.390</ele><time>2024-09-15T12:17:21Z</time></trkpt><trkpt lat="54.97798" lon="25.735417"><ele>143.815</ele><time>2024-09-15T12:17:22Z</time></trkpt><trkpt lat="54.978056" lon="25.735577"><ele>143.144</ele><time>2024-09-15T12:17:23Z</time></trkpt><trkpt lat="54.978134" lon="25.735742"><ele>141.278</ele><time>2024-09-15T12:17:24Z</time></trkpt><trkpt lat="54.978191" lon="25.735902"><ele>141.266</ele><time>2024-09-15T12:17:25Z</time></trkpt><trkpt lat="54.978253" lon="25.736037"><ele>141.078</ele><time>2024-09-15T12:17:26Z</time></trkpt><trkpt lat="54.978305" lon="25.73615"><ele>141.073</ele><time>2024-09-15T12:17:27Z</time></trkpt><trkpt lat="54.978377" lon="25.736316"><ele>141.515</ele><time>2024-09-15T12:17:29Z</time></trkpt><trkpt lat="54.978472" lon="25.736533"><ele>141.265</ele><time>2024-09-15T12:17:31Z</time></trkpt><trkpt lat="54.978533" lon="25.736667"><ele>140.411</ele><time>2024-09-15T12:17:32Z</time></trkpt><trkpt lat="54.978601" lon="25.736803"><ele>139.709</ele><time>2024-09-15T12:17:33Z</time></trkpt><trkpt lat="54.978655" lon="25.736964"><ele>138.862</ele><time>2024-09-15T12:17:34Z</time></trkpt><trkpt lat="54.978712" lon="25.737116"><ele>138.499</ele><time>2024-09-15T12:17:35Z</time></trkpt><trkpt lat="54.978778" lon="25.737264"><ele>138.415</ele><time>2024-09-15T12:17:36Z</time></trkpt><trkpt lat="54.978843" lon="25.737408"><ele>138.410</ele><time>2024-09-15T12:17:37Z</time></trkpt><trkpt lat="54.978912" lon="25.737542"><ele>138.729</ele><time>2024-09-15T12:17:38Z</time></trkpt><trkpt lat="54.978962" lon="25.737664"><ele>138.963</ele><time>2024-09-15T12:17:39Z</time></trkpt><trkpt lat="54.978981" lon="25.737798"><ele>140.141</ele><time>2024-09-15T12:17:40Z</time></trkpt><trkpt lat="54.978989" lon="25.737947"><ele>140.073</ele><time>2024-09-15T12:17:41Z</time></trkpt><trkpt lat="54.978987" lon="25.738097"><ele>140.218</ele><time>2024-09-15T12:17:42Z</time></trkpt><trkpt lat="54.978979" lon="25.738263"><ele>140.265</ele><time>2024-09-15T12:17:43Z</time></trkpt><trkpt lat="54.978969" lon="25.738434"><ele>140.268</ele><time>2024-09-15T12:17:44Z</time></trkpt><trkpt lat="54.978968" lon="25.738557"><ele>140.114</ele><time>2024-09-15T12:17:45Z</time></trkpt><trkpt lat="54.978959" lon="25.738696"><ele>140.109</ele><time>2024-09-15T12:17:46Z</time></trkpt><trkpt lat="54.978943" lon="25.738814"><ele>140.047</ele><time>2024-09-15T12:17:47Z</time></trkpt><trkpt lat="54.978913" lon="25.738946"><ele>139.534</ele><time>2024-09-15T12:17:48Z</time></trkpt><trkpt lat="54.978868" lon="25.739056"><ele>139.240</ele><time>2024-09-15T12:17:49Z</time></trkpt><trkpt lat="54.978832" lon="25.739179"><ele>139.115</ele><time>2024-09-15T12:17:50Z</time></trkpt><trkpt lat="54.978824" lon="25.739284"><ele>139.344</ele><time>2024-09-15T12:17:51Z</time></trkpt><trkpt lat="54.978799" lon="25.739382"><ele>139.438</ele><time>2024-09-15T12:17:52Z</time></trkpt><trkpt lat="54.978776" lon="25.739524"><ele>139.436</ele><time>2024-09-15T12:17:54Z</time></trkpt><trkpt lat="54.978747" lon="25.739639"><ele>139.668</ele><time>2024-09-15T12:17:55Z</time></trkpt><trkpt lat="54.978726" lon="25.73974"><ele>139.643</ele><time>2024-09-15T12:17:56Z</time></trkpt><trkpt lat="54.978668" lon="25.739838"><ele>139.678</ele><time>2024-09-15T12:17:57Z</time></trkpt><trkpt lat="54.978645" lon="25.739964"><ele>139.633</ele><time>2024-09-15T12:17:58Z</time></trkpt><trkpt lat="54.978627" lon="25.740087"><ele>139.426</ele><time>2024-09-15T12:17:59Z</time></trkpt><trkpt lat="54.978604" lon="25.740181"><ele>139.309</ele><time>2024-09-15T12:18:00Z</time></trkpt><trkpt lat="54.978518" lon="25.740235"><ele>139.378</ele><time>2024-09-15T12:18:01Z</time></trkpt><trkpt lat="54.97844" lon="25.74026"><ele>139.355</ele><time>2024-09-15T12:18:02Z</time></trkpt><trkpt lat="54.978386" lon="25.740314"><ele>138.661</ele><time>2024-09-15T12:18:03Z</time></trkpt><trkpt lat="54.978348" lon="25.740395"><ele>137.746</ele><time>2024-09-15T12:18:04Z</time></trkpt><trkpt lat="54.978321" lon="25.740461"><ele>137.485</ele><time>2024-09-15T12:18:05Z</time></trkpt><trkpt lat="54.978312" lon="25.740554"><ele>137.249</ele><time>2024-09-15T12:18:06Z</time></trkpt><trkpt lat="54.978307" lon="25.740635"><ele>137.217</ele><time>2024-09-15T12:18:07Z</time></trkpt><trkpt lat="54.978315" lon="25.740716"><ele>137.429</ele><time>2024-09-15T12:18:08Z</time></trkpt><trkpt lat="54.978335" lon="25.740806"><ele>137.444</ele><time>2024-09-15T12:18:09Z</time></trkpt><trkpt lat="54.978388" lon="25.74092"><ele>137.659</ele><time>2024-09-15T12:18:10Z</time></trkpt><trkpt lat="54.978438" lon="25.741043"><ele>137.703</ele><time>2024-09-15T12:18:11Z</time></trkpt><trkpt lat="54.978477" lon="25.741177"><ele>139.123</ele><time>2024-09-15T12:18:12Z</time></trkpt><trkpt lat="54.978513" lon="25.741296"><ele>139.309</ele><time>2024-09-15T12:18:13Z</time></trkpt><trkpt lat="54.978526" lon="25.741418"><ele>139.456</ele><time>2024-09-15T12:18:14Z</time></trkpt><trkpt lat="54.978519" lon="25.74154"><ele>139.233</ele><time>2024-09-15T12:18:15Z</time></trkpt><trkpt lat="54.978507" lon="25.74164"><ele>139.289</ele><time>2024-09-15T12:18:16Z</time></trkpt><trkpt lat="54.978468" lon="25.741738"><ele>138.964</ele><time>2024-09-15T12:18:17Z</time></trkpt><trkpt lat="54.978413" lon="25.741857"><ele>138.993</ele><time>2024-09-15T12:18:18Z</time></trkpt><trkpt lat="54.978384" lon="25.741995"><ele>137.487</ele><time>2024-09-15T12:18:19Z</time></trkpt><trkpt lat="54.978348" lon="25.742101"><ele>137.055</ele><time>2024-09-15T12:18:20Z</time></trkpt><trkpt lat="54.978304" lon="25.742167"><ele>136.537</ele><time>2024-09-15T12:18:21Z</time></trkpt><trkpt lat="54.978246" lon="25.742169"><ele>136.242</ele><time>2024-09-15T12:18:22Z</time></trkpt><trkpt lat="54.978173" lon="25.742158"><ele>136.294</ele><time>2024-09-15T12:18:23Z</time></trkpt><trkpt lat="54.978106" lon="25.742187"><ele>136.157</ele><time>2024-09-15T12:18:24Z</time></trkpt><trkpt lat="54.978027" lon="25.742272"><ele>135.922</ele><time>2024-09-15T12:18:25Z</time></trkpt><trkpt lat="54.977947" lon="25.742365"><ele>136.009</ele><time>2024-09-15T12:18:26Z</time></trkpt><trkpt lat="54.97784" lon="25.74244"><ele>136.030</ele><time>2024-09-15T12:18:27Z</time></trkpt><trkpt lat="54.977728" lon="25.742534"><ele>136.827</ele><time>2024-09-15T12:18:28Z</time></trkpt><trkpt lat="54.977622" lon="25.742622"><ele>136.843</ele><time>2024-09-15T12:18:29Z</time></trkpt><trkpt lat="54.977528" lon="25.742705"><ele>136.788</ele><time>2024-09-15T12:18:30Z</time></trkpt><trkpt lat="54.977442" lon="25.742764"><ele>135.787</ele><time>2024-09-15T12:18:31Z</time></trkpt><trkpt lat="54.977364" lon="25.742809"><ele>135.331</ele><time>2024-09-15T12:18:32Z</time></trkpt><trkpt lat="54.977296" lon="25.742863"><ele>135.369</ele><time>2024-09-15T12:18:33Z</time></trkpt><trkpt lat="54.977216" lon="25.742917"><ele>135.321</ele><time>2024-09-15T12:18:34Z</time></trkpt><trkpt lat="54.977144" lon="25.742964"><ele>135.396</ele><time>2024-09-15T12:18:35Z</time></trkpt><trkpt lat="54.977076" lon="25.743012"><ele>135.141</ele><time>2024-09-15T12:18:36Z</time></trkpt><trkpt lat="54.977019" lon="25.743069"><ele>134.881</ele><time>2024-09-15T12:18:37Z</time></trkpt><trkpt lat="54.976945" lon="25.743154"><ele>134.709</ele><time>2024-09-15T12:18:38Z</time></trkpt><trkpt lat="54.976874" lon="25.743217"><ele>134.609</ele><time>2024-09-15T12:18:39Z</time></trkpt><trkpt lat="54.976798" lon="25.743268"><ele>134.415</ele><time>2024-09-15T12:18:40Z</time></trkpt><trkpt lat="54.976726" lon="25.74331"><ele>134.242</ele><time>2024-09-15T12:18:41Z</time></trkpt><trkpt lat="54.976668" lon="25.743337"><ele>133.988</ele><time>2024-09-15T12:18:42Z</time></trkpt><trkpt lat="54.976622" lon="25.743374"><ele>133.693</ele><time>2024-09-15T12:18:43Z</time></trkpt><trkpt lat="54.976582" lon="25.743433"><ele>133.312</ele><time>2024-09-15T12:18:44Z</time></trkpt><trkpt lat="54.976525" lon="25.743502"><ele>133.036</ele><time>2024-09-15T12:18:45Z</time></trkpt><trkpt lat="54.976414" lon="25.743588"><ele>133.014</ele><time>2024-09-15T12:18:46Z</time></trkpt><trkpt lat="54.976294" lon="25.743674"><ele>132.786</ele><time>2024-09-15T12:18:47Z</time></trkpt><trkpt lat="54.976189" lon="25.74377"><ele>132.891</ele><time>2024-09-15T12:18:48Z</time></trkpt><trkpt lat="54.976105" lon="25.74391"><ele>131.879</ele><time>2024-09-15T12:18:49Z</time></trkpt><trkpt lat="54.976025" lon="25.74406"><ele>131.805</ele><time>2024-09-15T12:18:50Z</time></trkpt><trkpt lat="54.975974" lon="25.744227"><ele>133.125</ele><time>2024-09-15T12:18:51Z</time></trkpt><trkpt lat="54.975924" lon="25.744389"><ele>133.609</ele><time>2024-09-15T12:18:52Z</time></trkpt><trkpt lat="54.975879" lon="25.744526"><ele>134.198</ele><time>2024-09-15T12:18:53Z</time></trkpt><trkpt lat="54.975867" lon="25.744659"><ele>134.325</ele><time>2024-09-15T12:18:54Z</time></trkpt><trkpt lat="54.975859" lon="25.744786"><ele>134.371</ele><time>2024-09-15T12:18:55Z</time></trkpt><trkpt lat="54.975843" lon="25.744889"><ele>134.416</ele><time>2024-09-15T12:18:56Z</time></trkpt><trkpt lat="54.975824" lon="25.744982"><ele>134.515</ele><time>2024-09-15T12:18:58Z</time></trkpt><trkpt lat="54.975773" lon="25.745048"><ele>135.879</ele><time>2024-09-15T12:19:02Z</time></trkpt><trkpt lat="54.975733" lon="25.745113"><ele>135.937</ele><time>2024-09-15T12:19:04Z</time></trkpt><trkpt lat="54.975678" lon="25.745197"><ele>136.299</ele><time>2024-09-15T12:19:05Z</time></trkpt><trkpt lat="54.975626" lon="25.745273"><ele>136.554</ele><time>2024-09-15T12:19:06Z</time></trkpt><trkpt lat="54.975562" lon="25.745342"><ele>136.596</ele><time>2024-09-15T12:19:07Z</time></trkpt><trkpt lat="54.975499" lon="25.745388"><ele>137.431</ele><time>2024-09-15T12:19:08Z</time></trkpt><trkpt lat="54.97544" lon="25.745391"><ele>137.724</ele><time>2024-09-15T12:19:09Z</time></trkpt><trkpt lat="54.975385" lon="25.745358"><ele>138.109</ele><time>2024-09-15T12:19:10Z</time></trkpt><trkpt lat="54.975333" lon="25.745263"><ele>138.950</ele><time>2024-09-15T12:19:12Z</time></trkpt><trkpt lat="54.975291" lon="25.745181"><ele>139.667</ele><time>2024-09-15T12:19:15Z</time></trkpt><trkpt lat="54.975259" lon="25.745117"><ele>139.763</ele><time>2024-09-15T12:19:16Z</time></trkpt><trkpt lat="54.975207" lon="25.744996"><ele>140.068</ele><time>2024-09-15T12:19:18Z</time></trkpt><trkpt lat="54.975157" lon="25.744896"><ele>140.887</ele><time>2024-09-15T12:19:20Z</time></trkpt><trkpt lat="54.975114" lon="25.744854"><ele>138.791</ele><time>2024-09-15T12:22:26Z</time></trkpt><trkpt lat="54.975138" lon="25.744935"><ele>138.779</ele><time>2024-09-15T12:22:32Z</time></trkpt><trkpt lat="54.975168" lon="25.745048"><ele>145.831</ele><time>2024-09-15T12:27:22Z</time></trkpt><trkpt lat="54.97512" lon="25.745056"><ele>144.426</ele><time>2024-09-15T12:36:23Z</time></trkpt><trkpt lat="54.97516" lon="25.745116"><ele>143.899</ele><time>2024-09-15T12:36:36Z</time></trkpt><trkpt lat="54.97519" lon="25.745183"><ele>143.807</ele><time>2024-09-15T12:36:41Z</time></trkpt><trkpt lat="54.975214" lon="25.745105"><ele>143.827</ele><time>2024-09-15T12:36:45Z</time></trkpt><trkpt lat="54.97519" lon="25.745029"><ele>143.809</ele><time>2024-09-15T12:36:50Z</time></trkpt><trkpt lat="54.975156" lon="25.74509"><ele>144.290</ele><time>2024-09-15T13:01:57Z</time></trkpt><trkpt lat="54.975214" lon="25.745063"><ele>144.257</ele><time>2024-09-15T13:02:04Z</time></trkpt><trkpt lat="54.975269" lon="25.745155"><ele>144.523</ele><time>2024-09-15T13:02:07Z</time></trkpt><trkpt lat="54.975336" lon="25.745268"><ele>144.948</ele><time>2024-09-15T13:02:08Z</time></trkpt><trkpt lat="54.975397" lon="25.745368"><ele>144.217</ele><time>2024-09-15T13:02:09Z</time></trkpt><trkpt lat="54.975456" lon="25.745427"><ele>144.061</ele><time>2024-09-15T13:02:10Z</time></trkpt><trkpt lat="54.975517" lon="25.745433"><ele>143.339</ele><time>2024-09-15T13:02:11Z</time></trkpt><trkpt lat="54.975573" lon="25.745404"><ele>143.181</ele><time>2024-09-15T13:02:12Z</time></trkpt><trkpt lat="54.975621" lon="25.745367"><ele>142.826</ele><time>2024-09-15T13:02:13Z</time></trkpt><trkpt lat="54.975675" lon="25.745287"><ele>142.366</ele><time>2024-09-15T13:02:15Z</time></trkpt><trkpt lat="54.975709" lon="25.745207"><ele>142.229</ele><time>2024-09-15T13:02:16Z</time></trkpt><trkpt lat="54.975755" lon="25.745103"><ele>142.021</ele><time>2024-09-15T13:02:17Z</time></trkpt><trkpt lat="54.975798" lon="25.744993"><ele>141.909</ele><time>2024-09-15T13:02:18Z</time></trkpt><trkpt lat="54.975835" lon="25.744868"><ele>141.797</ele><time>2024-09-15T13:02:19Z</time></trkpt><trkpt lat="54.975871" lon="25.744712"><ele>141.324</ele><time>2024-09-15T13:02:20Z</time></trkpt><trkpt lat="54.975918" lon="25.744501"><ele>140.670</ele><time>2024-09-15T13:02:21Z</time></trkpt><trkpt lat="54.975986" lon="25.744251"><ele>139.035</ele><time>2024-09-15T13:02:22Z</time></trkpt><trkpt lat="54.976065" lon="25.744066"><ele>136.424</ele><time>2024-09-15T13:02:23Z</time></trkpt><trkpt lat="54.976148" lon="25.743889"><ele>134.518</ele><time>2024-09-15T13:02:24Z</time></trkpt><trkpt lat="54.976259" lon="25.743744"><ele>134.246</ele><time>2024-09-15T13:02:25Z</time></trkpt><trkpt lat="54.976364" lon="25.743659"><ele>132.498</ele><time>2024-09-15T13:02:26Z</time></trkpt><trkpt lat="54.976455" lon="25.7436"><ele>131.713</ele><time>2024-09-15T13:02:27Z</time></trkpt><trkpt lat="54.976533" lon="25.743532"><ele>131.237</ele><time>2024-09-15T13:02:28Z</time></trkpt><trkpt lat="54.976609" lon="25.743453"><ele>131.149</ele><time>2024-09-15T13:02:29Z</time></trkpt><trkpt lat="54.976679" lon="25.743376"><ele>131.013</ele><time>2024-09-15T13:02:30Z</time></trkpt><trkpt lat="54.976743" lon="25.74333"><ele>130.809</ele><time>2024-09-15T13:02:31Z</time></trkpt><trkpt lat="54.976816" lon="25.743286"><ele>130.134</ele><time>2024-09-15T13:02:33Z</time></trkpt><trkpt lat="54.976867" lon="25.74325"><ele>129.991</ele><time>2024-09-15T13:02:34Z</time></trkpt><trkpt lat="54.976941" lon="25.7432"><ele>129.977</ele><time>2024-09-15T13:02:35Z</time></trkpt><trkpt lat="54.977016" lon="25.743099"><ele>129.992</ele><time>2024-09-15T13:02:36Z</time></trkpt><trkpt lat="54.977059" lon="25.743027"><ele>129.981</ele><time>2024-09-15T13:02:37Z</time></trkpt><trkpt lat="54.977117" lon="25.742977"><ele>130.025</ele><time>2024-09-15T13:02:38Z</time></trkpt><trkpt lat="54.977191" lon="25.74294"><ele>130.253</ele><time>2024-09-15T13:02:39Z</time></trkpt><trkpt lat="54.977263" lon="25.742885"><ele>130.465</ele><time>2024-09-15T13:02:40Z</time></trkpt><trkpt lat="54.977324" lon="25.742826"><ele>130.610</ele><time>2024-09-15T13:02:41Z</time></trkpt><trkpt lat="54.977405" lon="25.742795"><ele>130.626</ele><time>2024-09-15T13:02:42Z</time></trkpt><trkpt lat="54.977478" lon="25.742745"><ele>130.847</ele><time>2024-09-15T13:02:43Z</time></trkpt><trkpt lat="54.977562" lon="25.742671"><ele>131.411</ele><time>2024-09-15T13:02:44Z</time></trkpt><trkpt lat="54.977648" lon="25.742598"><ele>131.809</ele><time>2024-09-15T13:02:45Z</time></trkpt><trkpt lat="54.977735" lon="25.742516"><ele>132.093</ele><time>2024-09-15T13:02:46Z</time></trkpt><trkpt lat="54.977832" lon="25.742436"><ele>132.190</ele><time>2024-09-15T13:02:47Z</time></trkpt><trkpt lat="54.977927" lon="25.742372"><ele>132.256</ele><time>2024-09-15T13:02:48Z</time></trkpt><trkpt lat="54.977991" lon="25.742309"><ele>132.271</ele><time>2024-09-15T13:02:49Z</time></trkpt><trkpt lat="54.978054" lon="25.742212"><ele>132.320</ele><time>2024-09-15T13:02:50Z</time></trkpt><trkpt lat="54.978122" lon="25.742155"><ele>132.374</ele><time>2024-09-15T13:02:51Z</time></trkpt><trkpt lat="54.978208" lon="25.742214"><ele>132.632</ele><time>2024-09-15T13:02:52Z</time></trkpt><trkpt lat="54.978276" lon="25.742242"><ele>132.974</ele><time>2024-09-15T13:02:53Z</time></trkpt><trkpt lat="54.978345" lon="25.742241"><ele>133.039</ele><time>2024-09-15T13:02:54Z</time></trkpt><trkpt lat="54.978407" lon="25.742149"><ele>133.432</ele><time>2024-09-15T13:02:55Z</time></trkpt><trkpt lat="54.978471" lon="25.742014"><ele>133.992</ele><time>2024-09-15T13:02:56Z</time></trkpt><trkpt lat="54.978507" lon="25.741826"><ele>134.411</ele><time>2024-09-15T13:02:57Z</time></trkpt><trkpt lat="54.978532" lon="25.741676"><ele>135.209</ele><time>2024-09-15T13:02:58Z</time></trkpt><trkpt lat="54.978532" lon="25.741561"><ele>136.534</ele><time>2024-09-15T13:02:59Z</time></trkpt><trkpt lat="54.978518" lon="25.741436"><ele>136.781</ele><time>2024-09-15T13:03:00Z</time></trkpt><trkpt lat="54.978497" lon="25.741285"><ele>137.017</ele><time>2024-09-15T13:03:01Z</time></trkpt><trkpt lat="54.978449" lon="25.74114"><ele>137.092</ele><time>2024-09-15T13:03:02Z</time></trkpt><trkpt lat="54.978404" lon="25.740988"><ele>136.941</ele><time>2024-09-15T13:03:03Z</time></trkpt><trkpt lat="54.978357" lon="25.740852"><ele>136.915</ele><time>2024-09-15T13:03:04Z</time></trkpt><trkpt lat="54.978307" lon="25.740743"><ele>136.983</ele><time>2024-09-15T13:03:05Z</time></trkpt><trkpt lat="54.978307" lon="25.740635"><ele>136.935</ele><time>2024-09-15T13:03:06Z</time></trkpt><trkpt lat="54.978306" lon="25.740506"><ele>137.120</ele><time>2024-09-15T13:03:07Z</time></trkpt><trkpt lat="54.978327" lon="25.740399"><ele>137.258</ele><time>2024-09-15T13:03:08Z</time></trkpt><trkpt lat="54.978354" lon="25.740277"><ele>137.652</ele><time>2024-09-15T13:03:09Z</time></trkpt><trkpt lat="54.978378" lon="25.740206"><ele>137.617</ele><time>2024-09-15T13:03:10Z</time></trkpt><trkpt lat="54.978528" lon="25.74025"><ele>137.509</ele><time>2024-09-15T13:03:11Z</time></trkpt><trkpt lat="54.978604" lon="25.740207"><ele>137.236</ele><time>2024-09-15T13:03:12Z</time></trkpt><trkpt lat="54.978625" lon="25.740065"><ele>138.543</ele><time>2024-09-15T13:03:13Z</time></trkpt><trkpt lat="54.978654" lon="25.739929"><ele>139.159</ele><time>2024-09-15T13:03:14Z</time></trkpt><trkpt lat="54.978681" lon="25.739807"><ele>139.374</ele><time>2024-09-15T13:03:15Z</time></trkpt><trkpt lat="54.978721" lon="25.73966"><ele>139.513</ele><time>2024-09-15T13:03:16Z</time></trkpt><trkpt lat="54.978754" lon="25.739552"><ele>139.747</ele><time>2024-09-15T13:03:17Z</time></trkpt><trkpt lat="54.978773" lon="25.739433"><ele>139.975</ele><time>2024-09-15T13:03:18Z</time></trkpt><trkpt lat="54.978785" lon="25.739299"><ele>140.197</ele><time>2024-09-15T13:03:19Z</time></trkpt><trkpt lat="54.978828" lon="25.739206"><ele>140.282</ele><time>2024-09-15T13:03:20Z</time></trkpt><trkpt lat="54.978836" lon="25.739096"><ele>140.295</ele><time>2024-09-15T13:03:21Z</time></trkpt><trkpt lat="54.978874" lon="25.738996"><ele>140.349</ele><time>2024-09-15T13:03:22Z</time></trkpt><trkpt lat="54.978944" lon="25.738817"><ele>141.723</ele><time>2024-09-15T13:03:23Z</time></trkpt><trkpt lat="54.978958" lon="25.738667"><ele>143.209</ele><time>2024-09-15T13:03:24Z</time></trkpt><trkpt lat="54.978968" lon="25.738506"><ele>144.440</ele><time>2024-09-15T13:03:25Z</time></trkpt><trkpt lat="54.978965" lon="25.738326"><ele>144.657</ele><time>2024-09-15T13:03:26Z</time></trkpt><trkpt lat="54.978973" lon="25.738169"><ele>144.693</ele><time>2024-09-15T13:03:27Z</time></trkpt><trkpt lat="54.978981" lon="25.738019"><ele>144.648</ele><time>2024-09-15T13:03:28Z</time></trkpt><trkpt lat="54.978982" lon="25.737852"><ele>144.537</ele><time>2024-09-15T13:03:29Z</time></trkpt><trkpt lat="54.978962" lon="25.737696"><ele>144.441</ele><time>2024-09-15T13:03:30Z</time></trkpt><trkpt lat="54.978915" lon="25.737557"><ele>144.349</ele><time>2024-09-15T13:03:31Z</time></trkpt><trkpt lat="54.978851" lon="25.737445"><ele>144.171</ele><time>2024-09-15T13:03:32Z</time></trkpt><trkpt lat="54.978784" lon="25.737342"><ele>144.166</ele><time>2024-09-15T13:03:33Z</time></trkpt><trkpt lat="54.978729" lon="25.737194"><ele>143.661</ele><time>2024-09-15T13:03:34Z</time></trkpt><trkpt lat="54.978669" lon="25.737039"><ele>142.821</ele><time>2024-09-15T13:03:35Z</time></trkpt><trkpt lat="54.978614" lon="25.736888"><ele>142.413</ele><time>2024-09-15T13:03:36Z</time></trkpt><trkpt lat="54.97856" lon="25.736724"><ele>142.309</ele><time>2024-09-15T13:03:37Z</time></trkpt><trkpt lat="54.978496" lon="25.736594"><ele>142.357</ele><time>2024-09-15T13:03:38Z</time></trkpt><trkpt lat="54.978424" lon="25.736487"><ele>142.854</ele><time>2024-09-15T13:03:39Z</time></trkpt><trkpt lat="54.978362" lon="25.736385"><ele>143.460</ele><time>2024-09-15T13:03:40Z</time></trkpt><trkpt lat="54.978312" lon="25.736257"><ele>143.555</ele><time>2024-09-15T13:03:41Z</time></trkpt><trkpt lat="54.978254" lon="25.736117"><ele>143.514</ele><time>2024-09-15T13:03:42Z</time></trkpt><trkpt lat="54.97821" lon="25.735983"><ele>143.998</ele><time>2024-09-15T13:03:43Z</time></trkpt><trkpt lat="54.978162" lon="25.735829"><ele>143.926</ele><time>2024-09-15T13:03:44Z</time></trkpt><trkpt lat="54.978108" lon="25.735679"><ele>143.948</ele><time>2024-09-15T13:03:45Z</time></trkpt><trkpt lat="54.978053" lon="25.735555"><ele>143.893</ele><time>2024-09-15T13:03:46Z</time></trkpt><trkpt lat="54.977988" lon="25.735451"><ele>143.549</ele><time>2024-09-15T13:03:47Z</time></trkpt><trkpt lat="54.977927" lon="25.735333"><ele>143.502</ele><time>2024-09-15T13:03:48Z</time></trkpt><trkpt lat="54.977902" lon="25.735198"><ele>143.622</ele><time>2024-09-15T13:03:49Z</time></trkpt><trkpt lat="54.977885" lon="25.735061"><ele>143.809</ele><time>2024-09-15T13:03:50Z</time></trkpt><trkpt lat="54.977917" lon="25.734953"><ele>144.115</ele><time>2024-09-15T13:03:51Z</time></trkpt><trkpt lat="54.977972" lon="25.734883"><ele>144.672</ele><time>2024-09-15T13:03:52Z</time></trkpt><trkpt lat="54.978039" lon="25.734839"><ele>144.988</ele><time>2024-09-15T13:03:53Z</time></trkpt><trkpt lat="54.978153" lon="25.734829"><ele>144.963</ele><time>2024-09-15T13:03:54Z</time></trkpt><trkpt lat="54.978269" lon="25.734824"><ele>145.122</ele><time>2024-09-15T13:03:55Z</time></trkpt><trkpt lat="54.978429" lon="25.7348"><ele>145.416</ele><time>2024-09-15T13:03:56Z</time></trkpt><trkpt lat="54.978586" lon="25.73476"><ele>146.264</ele><time>2024-09-15T13:03:57Z</time></trkpt><trkpt lat="54.97875" lon="25.734714"><ele>146.976</ele><time>2024-09-15T13:03:58Z</time></trkpt><trkpt lat="54.978933" lon="25.734671"><ele>147.731</ele><time>2024-09-15T13:03:59Z</time></trkpt><trkpt lat="54.979121" lon="25.734626"><ele>148.016</ele><time>2024-09-15T13:04:00Z</time></trkpt><trkpt lat="54.97931" lon="25.734584"><ele>148.176</ele><time>2024-09-15T13:04:01Z</time></trkpt><trkpt lat="54.979516" lon="25.734537"><ele>147.913</ele><time>2024-09-15T13:04:02Z</time></trkpt><trkpt lat="54.979729" lon="25.734496"><ele>147.109</ele><time>2024-09-15T13:04:03Z</time></trkpt><trkpt lat="54.979948" lon="25.73444"><ele>146.482</ele><time>2024-09-15T13:04:04Z</time></trkpt><trkpt lat="54.98016" lon="25.734391"><ele>146.149</ele><time>2024-09-15T13:04:05Z</time></trkpt><trkpt lat="54.980371" lon="25.734353"><ele>145.835</ele><time>2024-09-15T13:04:06Z</time></trkpt><trkpt lat="54.980556" lon="25.734322"><ele>146.050</ele><time>2024-09-15T13:04:07Z</time></trkpt><trkpt lat="54.980711" lon="25.734301"><ele>146.369</ele><time>2024-09-15T13:04:08Z</time></trkpt><trkpt lat="54.980856" lon="25.734286"><ele>146.023</ele><time>2024-09-15T13:04:09Z</time></trkpt><trkpt lat="54.980947" lon="25.734264"><ele>145.981</ele><time>2024-09-15T13:04:10Z</time></trkpt><trkpt lat="54.981018" lon="25.734229"><ele>145.923</ele><time>2024-09-15T13:04:11Z</time></trkpt><trkpt lat="54.981083" lon="25.734177"><ele>145.918</ele><time>2024-09-15T13:04:12Z</time></trkpt><trkpt lat="54.981132" lon="25.734064"><ele>146.091</ele><time>2024-09-15T13:04:13Z</time></trkpt><trkpt lat="54.981155" lon="25.733948"><ele>145.881</ele><time>2024-09-15T13:04:14Z</time></trkpt><trkpt lat="54.981145" lon="25.733792"><ele>145.519</ele><time>2024-09-15T13:04:15Z</time></trkpt><trkpt lat="54.981098" lon="25.733579"><ele>145.309</ele><time>2024-09-15T13:04:16Z</time></trkpt><trkpt lat="54.981067" lon="25.733344"><ele>145.020</ele><time>2024-09-15T13:04:17Z</time></trkpt><trkpt lat="54.981037" lon="25.733078"><ele>144.717</ele><time>2024-09-15T13:04:18Z</time></trkpt><trkpt lat="54.98101" lon="25.732784"><ele>144.633</ele><time>2024-09-15T13:04:19Z</time></trkpt><trkpt lat="54.980979" lon="25.732477"><ele>144.818</ele><time>2024-09-15T13:04:20Z</time></trkpt><trkpt lat="54.980945" lon="25.732159"><ele>145.297</ele><time>2024-09-15T13:04:21Z</time></trkpt><trkpt lat="54.98091" lon="25.731827"><ele>145.581</ele><time>2024-09-15T13:04:22Z</time></trkpt><trkpt lat="54.980881" lon="25.731495"><ele>145.389</ele><time>2024-09-15T13:04:23Z</time></trkpt><trkpt lat="54.980848" lon="25.731166"><ele>145.231</ele><time>2024-09-15T13:04:24Z</time></trkpt><trkpt lat="54.980816" lon="25.730829"><ele>145.266</ele><time>2024-09-15T13:04:25Z</time></trkpt><trkpt lat="54.980786" lon="25.730491"><ele>144.926</ele><time>2024-09-15T13:04:26Z</time></trkpt><trkpt lat="54.980757" lon="25.730158"><ele>144.847</ele><time>2024-09-15T13:04:27Z</time></trkpt><trkpt lat="54.980729" lon="25.729833"><ele>144.611</ele><time>2024-09-15T13:04:28Z</time></trkpt><trkpt lat="54.980703" lon="25.729515"><ele>144.209</ele><time>2024-09-15T13:04:29Z</time></trkpt><trkpt lat="54.980675" lon="25.729213"><ele>144.083</ele><time>2024-09-15T13:04:30Z</time></trkpt><trkpt lat="54.980645" lon="25.728935"><ele>143.930</ele><time>2024-09-15T13:04:31Z</time></trkpt><trkpt lat="54.980615" lon="25.728656"><ele>143.746</ele><time>2024-09-15T13:04:32Z</time></trkpt><trkpt lat="54.980593" lon="25.728366"><ele>143.481</ele><time>2024-09-15T13:04:33Z</time></trkpt><trkpt lat="54.980566" lon="25.728076"><ele>143.210</ele><time>2024-09-15T13:04:34Z</time></trkpt><trkpt lat="54.98054" lon="25.727795"><ele>143.074</ele><time>2024-09-15T13:04:35Z</time></trkpt><trkpt lat="54.980514" lon="25.727525"><ele>142.792</ele><time>2024-09-15T13:04:36Z</time></trkpt><trkpt lat="54.980489" lon="25.727264"><ele>142.464</ele><time>2024-09-15T13:04:37Z</time></trkpt><trkpt lat="54.980461" lon="25.727003"><ele>142.259</ele><time>2024-09-15T13:04:38Z</time></trkpt><trkpt lat="54.980436" lon="25.726743"><ele>142.062</ele><time>2024-09-15T13:04:39Z</time></trkpt><trkpt lat="54.980407" lon="25.726496"><ele>141.783</ele><time>2024-09-15T13:04:40Z</time></trkpt><trkpt lat="54.980375" lon="25.726244"><ele>141.611</ele><time>2024-09-15T13:04:41Z</time></trkpt><trkpt lat="54.980342" lon="25.725986"><ele>141.609</ele><time>2024-09-15T13:04:42Z</time></trkpt><trkpt lat="54.980303" lon="25.725713"><ele>141.797</ele><time>2024-09-15T13:04:43Z</time></trkpt><trkpt lat="54.980263" lon="25.725435"><ele>141.794</ele><time>2024-09-15T13:04:44Z</time></trkpt><trkpt lat="54.980224" lon="25.725154"><ele>141.530</ele><time>2024-09-15T13:04:45Z</time></trkpt><trkpt lat="54.980186" lon="25.724863"><ele>141.475</ele><time>2024-09-15T13:04:46Z</time></trkpt><trkpt lat="54.980149" lon="25.724564"><ele>141.314</ele><time>2024-09-15T13:04:47Z</time></trkpt><trkpt lat="54.98011" lon="25.724261"><ele>141.258</ele><time>2024-09-15T13:04:48Z</time></trkpt><trkpt lat="54.980069" lon="25.723942"><ele>141.566</ele><time>2024-09-15T13:04:49Z</time></trkpt><trkpt lat="54.98003" lon="25.723619"><ele>142.228</ele><time>2024-09-15T13:04:50Z</time></trkpt><trkpt lat="54.979988" lon="25.723301"><ele>142.773</ele><time>2024-09-15T13:04:51Z</time></trkpt><trkpt lat="54.979936" lon="25.72298"><ele>142.862</ele><time>2024-09-15T13:04:52Z</time></trkpt><trkpt lat="54.979885" lon="25.722652"><ele>142.683</ele><time>2024-09-15T13:04:53Z</time></trkpt><trkpt lat="54.979823" lon="25.722317"><ele>142.211</ele><time>2024-09-15T13:04:54Z</time></trkpt><trkpt lat="54.979764" lon="25.721982"><ele>141.809</ele><time>2024-09-15T13:04:55Z</time></trkpt><trkpt lat="54.979703" lon="25.721634"><ele>141.457</ele><time>2024-09-15T13:04:56Z</time></trkpt><trkpt lat="54.979646" lon="25.721299"><ele>141.314</ele><time>2024-09-15T13:04:57Z</time></trkpt><trkpt lat="54.979587" lon="25.720959"><ele>141.330</ele><time>2024-09-15T13:04:58Z</time></trkpt><trkpt lat="54.979535" lon="25.720611"><ele>141.395</ele><time>2024-09-15T13:04:59Z</time></trkpt><trkpt lat="54.97948" lon="25.720275"><ele>141.174</ele><time>2024-09-15T13:05:00Z</time></trkpt><trkpt lat="54.979432" lon="25.719956"><ele>140.958</ele><time>2024-09-15T13:05:01Z</time></trkpt><trkpt lat="54.979377" lon="25.719633"><ele>140.986</ele><time>2024-09-15T13:05:02Z</time></trkpt><trkpt lat="54.979323" lon="25.719305"><ele>140.768</ele><time>2024-09-15T13:05:03Z</time></trkpt><trkpt lat="54.979261" lon="25.718978"><ele>140.383</ele><time>2024-09-15T13:05:04Z</time></trkpt><trkpt lat="54.979198" lon="25.718668"><ele>139.991</ele><time>2024-09-15T13:05:05Z</time></trkpt><trkpt lat="54.979154" lon="25.718345"><ele>139.081</ele><time>2024-09-15T13:05:06Z</time></trkpt><trkpt lat="54.979115" lon="25.718022"><ele>138.219</ele><time>2024-09-15T13:05:07Z</time></trkpt><trkpt lat="54.979082" lon="25.717696"><ele>138.409</ele><time>2024-09-15T13:05:08Z</time></trkpt><trkpt lat="54.979049" lon="25.717375"><ele>138.670</ele><time>2024-09-15T13:05:09Z</time></trkpt><trkpt lat="54.979008" lon="25.717046"><ele>138.847</ele><time>2024-09-15T13:05:10Z</time></trkpt><trkpt lat="54.978962" lon="25.716723"><ele>139.113</ele><time>2024-09-15T13:05:11Z</time></trkpt><trkpt lat="54.978912" lon="25.7164"><ele>138.968</ele><time>2024-09-15T13:05:12Z</time></trkpt><trkpt lat="54.978857" lon="25.716087"><ele>138.797</ele><time>2024-09-15T13:05:13Z</time></trkpt><trkpt lat="54.978805" lon="25.715778"><ele>138.741</ele><time>2024-09-15T13:05:14Z</time></trkpt><trkpt lat="54.978748" lon="25.715473"><ele>138.869</ele><time>2024-09-15T13:05:15Z</time></trkpt><trkpt lat="54.9787" lon="25.715168"><ele>138.891</ele><time>2024-09-15T13:05:16Z</time></trkpt><trkpt lat="54.978656" lon="25.714869"><ele>138.646</ele><time>2024-09-15T13:05:17Z</time></trkpt><trkpt lat="54.9786" lon="25.714573"><ele>138.828</ele><time>2024-09-15T13:05:18Z</time></trkpt><trkpt lat="54.978518" lon="25.714308"><ele>138.989</ele><time>2024-09-15T13:05:19Z</time></trkpt><trkpt lat="54.978431" lon="25.714059"><ele>138.617</ele><time>2024-09-15T13:05:20Z</time></trkpt><trkpt lat="54.978353" lon="25.713798"><ele>138.709</ele><time>2024-09-15T13:05:21Z</time></trkpt><trkpt lat="54.978283" lon="25.713524"><ele>138.793</ele><time>2024-09-15T13:05:22Z</time></trkpt><trkpt lat="54.978224" lon="25.713241"><ele>138.340</ele><time>2024-09-15T13:05:23Z</time></trkpt><trkpt lat="54.978188" lon="25.712944"><ele>137.886</ele><time>2024-09-15T13:05:24Z</time></trkpt><trkpt lat="54.978162" lon="25.712639"><ele>137.861</ele><time>2024-09-15T13:05:25Z</time></trkpt><trkpt lat="54.978161" lon="25.712329"><ele>138.110</ele><time>2024-09-15T13:05:26Z</time></trkpt><trkpt lat="54.97819" lon="25.71201"><ele>137.764</ele><time>2024-09-15T13:05:27Z</time></trkpt><trkpt lat="54.978233" lon="25.711701"><ele>137.182</ele><time>2024-09-15T13:05:28Z</time></trkpt><trkpt lat="54.978285" lon="25.711388"><ele>137.224</ele><time>2024-09-15T13:05:29Z</time></trkpt><trkpt lat="54.978336" lon="25.711056"><ele>137.819</ele><time>2024-09-15T13:05:30Z</time></trkpt><trkpt lat="54.978383" lon="25.71073"><ele>138.716</ele><time>2024-09-15T13:05:31Z</time></trkpt><trkpt lat="54.978433" lon="25.710399"><ele>139.576</ele><time>2024-09-15T13:05:32Z</time></trkpt><trkpt lat="54.978487" lon="25.710054"><ele>139.713</ele><time>2024-09-15T13:05:33Z</time></trkpt><trkpt lat="54.978542" lon="25.709717"><ele>139.209</ele><time>2024-09-15T13:05:34Z</time></trkpt><trkpt lat="54.978585" lon="25.709386"><ele>138.642</ele><time>2024-09-15T13:05:35Z</time></trkpt><trkpt lat="54.978618" lon="25.70906"><ele>137.729</ele><time>2024-09-15T13:05:36Z</time></trkpt><trkpt lat="54.978632" lon="25.708735"><ele>136.975</ele><time>2024-09-15T13:05:37Z</time></trkpt><trkpt lat="54.978652" lon="25.708419"><ele>136.630</ele><time>2024-09-15T13:05:38Z</time></trkpt><trkpt lat="54.978677" lon="25.70811"><ele>136.649</ele><time>2024-09-15T13:05:39Z</time></trkpt><trkpt lat="54.97872" lon="25.707803"><ele>136.693</ele><time>2024-09-15T13:05:40Z</time></trkpt><trkpt lat="54.978772" lon="25.7075"><ele>136.451</ele><time>2024-09-15T13:05:41Z</time></trkpt><trkpt lat="54.978847" lon="25.707216"><ele>136.523</ele><time>2024-09-15T13:05:42Z</time></trkpt><trkpt lat="54.97894" lon="25.706954"><ele>136.828</ele><time>2024-09-15T13:05:43Z</time></trkpt><trkpt lat="54.979046" lon="25.706715"><ele>137.464</ele><time>2024-09-15T13:05:44Z</time></trkpt><trkpt lat="54.979143" lon="25.706462"><ele>137.806</ele><time>2024-09-15T13:05:45Z</time></trkpt><trkpt lat="54.979217" lon="25.706191"><ele>138.116</ele><time>2024-09-15T13:05:46Z</time></trkpt><trkpt lat="54.979281" lon="25.705897"><ele>138.509</ele><time>2024-09-15T13:05:47Z</time></trkpt><trkpt lat="54.979337" lon="25.705587"><ele>139.027</ele><time>2024-09-15T13:05:48Z</time></trkpt><trkpt lat="54.979393" lon="25.705259"><ele>139.674</ele><time>2024-09-15T13:05:49Z</time></trkpt><trkpt lat="54.979454" lon="25.70492"><ele>140.260</ele><time>2024-09-15T13:05:50Z</time></trkpt><trkpt lat="54.979515" lon="25.704578"><ele>140.655</ele><time>2024-09-15T13:05:51Z</time></trkpt><trkpt lat="54.979576" lon="25.70423"><ele>141.294</ele><time>2024-09-15T13:05:52Z</time></trkpt><trkpt lat="54.979634" lon="25.70388"><ele>141.898</ele><time>2024-09-15T13:05:53Z</time></trkpt><trkpt lat="54.979703" lon="25.703531"><ele>142.256</ele><time>2024-09-15T13:05:54Z</time></trkpt><trkpt lat="54.979775" lon="25.703178"><ele>142.478</ele><time>2024-09-15T13:05:55Z</time></trkpt><trkpt lat="54.979846" lon="25.702819"><ele>142.173</ele><time>2024-09-15T13:05:56Z</time></trkpt><trkpt lat="54.979918" lon="25.702462"><ele>141.881</ele><time>2024-09-15T13:05:57Z</time></trkpt><trkpt lat="54.979984" lon="25.702109"><ele>142.261</ele><time>2024-09-15T13:05:58Z</time></trkpt><trkpt lat="54.980045" lon="25.701768"><ele>142.817</ele><time>2024-09-15T13:05:59Z</time></trkpt><trkpt lat="54.980109" lon="25.701437"><ele>143.209</ele><time>2024-09-15T13:06:00Z</time></trkpt><trkpt lat="54.980168" lon="25.701108"><ele>143.789</ele><time>2024-09-15T13:06:01Z</time></trkpt><trkpt lat="54.980228" lon="25.70078"><ele>144.186</ele><time>2024-09-15T13:06:02Z</time></trkpt><trkpt lat="54.980284" lon="25.700456"><ele>143.792</ele><time>2024-09-15T13:06:03Z</time></trkpt><trkpt lat="54.980331" lon="25.700128"><ele>143.067</ele><time>2024-09-15T13:06:04Z</time></trkpt><trkpt lat="54.980361" lon="25.699798"><ele>142.616</ele><time>2024-09-15T13:06:05Z</time></trkpt><trkpt lat="54.980373" lon="25.699469"><ele>142.610</ele><time>2024-09-15T13:06:06Z</time></trkpt><trkpt lat="54.980383" lon="25.699144"><ele>142.988</ele><time>2024-09-15T13:06:07Z</time></trkpt><trkpt lat="54.980421" lon="25.698821"><ele>142.980</ele><time>2024-09-15T13:06:08Z</time></trkpt><trkpt lat="54.980474" lon="25.698499"><ele>142.585</ele><time>2024-09-15T13:06:09Z</time></trkpt><trkpt lat="54.980539" lon="25.698169"><ele>142.066</ele><time>2024-09-15T13:06:10Z</time></trkpt><trkpt lat="54.980609" lon="25.697837"><ele>141.829</ele><time>2024-09-15T13:06:11Z</time></trkpt><trkpt lat="54.980675" lon="25.697508"><ele>142.321</ele><time>2024-09-15T13:06:12Z</time></trkpt><trkpt lat="54.980739" lon="25.697185"><ele>142.909</ele><time>2024-09-15T13:06:13Z</time></trkpt><trkpt lat="54.980798" lon="25.696866"><ele>143.347</ele><time>2024-09-15T13:06:14Z</time></trkpt><trkpt lat="54.980856" lon="25.69655"><ele>143.554</ele><time>2024-09-15T13:06:15Z</time></trkpt><trkpt lat="54.980916" lon="25.696228"><ele>143.910</ele><time>2024-09-15T13:06:16Z</time></trkpt><trkpt lat="54.980977" lon="25.695903"><ele>144.485</ele><time>2024-09-15T13:06:17Z</time></trkpt><trkpt lat="54.981044" lon="25.695565"><ele>144.554</ele><time>2024-09-15T13:06:18Z</time></trkpt><trkpt lat="54.981112" lon="25.695223"><ele>144.828</ele><time>2024-09-15T13:06:19Z</time></trkpt><trkpt lat="54.981178" lon="25.694881"><ele>144.956</ele><time>2024-09-15T13:06:20Z</time></trkpt><trkpt lat="54.981245" lon="25.694534"><ele>144.798</ele><time>2024-09-15T13:06:21Z</time></trkpt><trkpt lat="54.981307" lon="25.694191"><ele>144.433</ele><time>2024-09-15T13:06:22Z</time></trkpt><trkpt lat="54.981366" lon="25.693849"><ele>144.344</ele><time>2024-09-15T13:06:23Z</time></trkpt><trkpt lat="54.98143" lon="25.69353"><ele>144.605</ele><time>2024-09-15T13:06:24Z</time></trkpt><trkpt lat="54.981493" lon="25.693209"><ele>145.015</ele><time>2024-09-15T13:06:25Z</time></trkpt><trkpt lat="54.981561" lon="25.692894"><ele>145.409</ele><time>2024-09-15T13:06:26Z</time></trkpt><trkpt lat="54.981608" lon="25.69257"><ele>145.635</ele><time>2024-09-15T13:06:27Z</time></trkpt><trkpt lat="54.981655" lon="25.692246"><ele>145.452</ele><time>2024-09-15T13:06:28Z</time></trkpt><trkpt lat="54.981691" lon="25.69192"><ele>145.198</ele><time>2024-09-15T13:06:29Z</time></trkpt><trkpt lat="54.981722" lon="25.691585"><ele>144.943</ele><time>2024-09-15T13:06:30Z</time></trkpt><trkpt lat="54.981758" lon="25.691249"><ele>144.862</ele><time>2024-09-15T13:06:31Z</time></trkpt><trkpt lat="54.981782" lon="25.690912"><ele>144.756</ele><time>2024-09-15T13:06:32Z</time></trkpt><trkpt lat="54.981808" lon="25.690578"><ele>144.424</ele><time>2024-09-15T13:06:33Z</time></trkpt><trkpt lat="54.981838" lon="25.690251"><ele>143.946</ele><time>2024-09-15T13:06:34Z</time></trkpt><trkpt lat="54.981867" lon="25.689917"><ele>143.811</ele><time>2024-09-15T13:06:35Z</time></trkpt><trkpt lat="54.981891" lon="25.689584"><ele>143.857</ele><time>2024-09-15T13:06:36Z</time></trkpt><trkpt lat="54.981893" lon="25.689256"><ele>144.000</ele><time>2024-09-15T13:06:37Z</time></trkpt><trkpt lat="54.981881" lon="25.688929"><ele>144.920</ele><time>2024-09-15T13:06:38Z</time></trkpt><trkpt lat="54.98186" lon="25.688588"><ele>145.609</ele><time>2024-09-15T13:06:39Z</time></trkpt><trkpt lat="54.981828" lon="25.688248"><ele>145.936</ele><time>2024-09-15T13:06:40Z</time></trkpt><trkpt lat="54.981788" lon="25.687906"><ele>146.033</ele><time>2024-09-15T13:06:41Z</time></trkpt><trkpt lat="54.981746" lon="25.68756"><ele>146.019</ele><time>2024-09-15T13:06:42Z</time></trkpt><trkpt lat="54.981711" lon="25.687218"><ele>146.484</ele><time>2024-09-15T13:06:43Z</time></trkpt><trkpt lat="54.981678" lon="25.686896"><ele>147.183</ele><time>2024-09-15T13:06:44Z</time></trkpt><trkpt lat="54.981645" lon="25.686604"><ele>147.377</ele><time>2024-09-15T13:06:45Z</time></trkpt><trkpt lat="54.981616" lon="25.686318"><ele>147.345</ele><time>2024-09-15T13:06:46Z</time></trkpt><trkpt lat="54.981578" lon="25.686042"><ele>147.317</ele><time>2024-09-15T13:06:47Z</time></trkpt><trkpt lat="54.981547" lon="25.685763"><ele>147.122</ele><time>2024-09-15T13:06:48Z</time></trkpt><trkpt lat="54.981514" lon="25.685477"><ele>146.415</ele><time>2024-09-15T13:06:49Z</time></trkpt><trkpt lat="54.981479" lon="25.685187"><ele>145.765</ele><time>2024-09-15T13:06:50Z</time></trkpt><trkpt lat="54.98144" lon="25.684916"><ele>145.911</ele><time>2024-09-15T13:06:51Z</time></trkpt><trkpt lat="54.981403" lon="25.684668"><ele>146.409</ele><time>2024-09-15T13:06:52Z</time></trkpt><trkpt lat="54.981367" lon="25.684442"><ele>146.422</ele><time>2024-09-15T13:06:53Z</time></trkpt><trkpt lat="54.981346" lon="25.684285"><ele>146.399</ele><time>2024-09-15T13:06:54Z</time></trkpt><trkpt lat="54.981336" lon="25.684189"><ele>146.315</ele><time>2024-09-15T13:06:55Z</time></trkpt><trkpt lat="54.981337" lon="25.68409"><ele>146.020</ele><time>2024-09-15T13:06:59Z</time></trkpt><trkpt lat="54.981337" lon="25.68394"><ele>146.239</ele><time>2024-09-15T13:07:00Z</time></trkpt><trkpt lat="54.981331" lon="25.683798"><ele>146.253</ele><time>2024-09-15T13:07:01Z</time></trkpt><trkpt lat="54.981307" lon="25.683621"><ele>146.311</ele><time>2024-09-15T13:07:02Z</time></trkpt><trkpt lat="54.981277" lon="25.683433"><ele>147.243</ele><time>2024-09-15T13:07:03Z</time></trkpt><trkpt lat="54.981257" lon="25.683226"><ele>147.758</ele><time>2024-09-15T13:07:04Z</time></trkpt><trkpt lat="54.981239" lon="25.68302"><ele>147.717</ele><time>2024-09-15T13:07:05Z</time></trkpt><trkpt lat="54.981222" lon="25.682823"><ele>146.987</ele><time>2024-09-15T13:07:06Z</time></trkpt><trkpt lat="54.981218" lon="25.682701"><ele>146.915</ele><time>2024-09-15T13:07:07Z</time></trkpt><trkpt lat="54.981208" lon="25.682552"><ele>147.009</ele><time>2024-09-15T13:07:08Z</time></trkpt><trkpt lat="54.981193" lon="25.682386"><ele>147.522</ele><time>2024-09-15T13:07:09Z</time></trkpt><trkpt lat="54.981177" lon="25.682211"><ele>147.569</ele><time>2024-09-15T13:07:10Z</time></trkpt><trkpt lat="54.981155" lon="25.682027"><ele>147.555</ele><time>2024-09-15T13:07:11Z</time></trkpt><trkpt lat="54.981132" lon="25.681839"><ele>148.070</ele><time>2024-09-15T13:07:12Z</time></trkpt><trkpt lat="54.981103" lon="25.681635"><ele>148.029</ele><time>2024-09-15T13:07:13Z</time></trkpt><trkpt lat="54.981072" lon="25.681451"><ele>148.043</ele><time>2024-09-15T13:07:14Z</time></trkpt><trkpt lat="54.981061" lon="25.681262"><ele>148.021</ele><time>2024-09-15T13:07:15Z</time></trkpt><trkpt lat="54.981033" lon="25.681089"><ele>147.863</ele><time>2024-09-15T13:07:16Z</time></trkpt><trkpt lat="54.981001" lon="25.680935"><ele>147.828</ele><time>2024-09-15T13:07:17Z</time></trkpt><trkpt lat="54.980967" lon="25.680785"><ele>147.694</ele><time>2024-09-15T13:07:18Z</time></trkpt><trkpt lat="54.980942" lon="25.680634"><ele>147.657</ele><time>2024-09-15T13:07:19Z</time></trkpt><trkpt lat="54.980917" lon="25.680462"><ele>147.622</ele><time>2024-09-15T13:07:20Z</time></trkpt><trkpt lat="54.980909" lon="25.680308"><ele>148.609</ele><time>2024-09-15T13:07:21Z</time></trkpt><trkpt lat="54.980914" lon="25.680144"><ele>148.680</ele><time>2024-09-15T13:07:22Z</time></trkpt><trkpt lat="54.980917" lon="25.679982"><ele>147.967</ele><time>2024-09-15T13:07:23Z</time></trkpt><trkpt lat="54.980897" lon="25.679814"><ele>147.923</ele><time>2024-09-15T13:07:24Z</time></trkpt><trkpt lat="54.980865" lon="25.679655"><ele>148.968</ele><time>2024-09-15T13:07:25Z</time></trkpt><trkpt lat="54.980832" lon="25.679464"><ele>149.387</ele><time>2024-09-15T13:07:26Z</time></trkpt><trkpt lat="54.980802" lon="25.679273"><ele>150.161</ele><time>2024-09-15T13:07:27Z</time></trkpt><trkpt lat="54.980786" lon="25.679045"><ele>150.799</ele><time>2024-09-15T13:07:28Z</time></trkpt><trkpt lat="54.980759" lon="25.678804"><ele>150.721</ele><time>2024-09-15T13:07:29Z</time></trkpt><trkpt lat="54.980733" lon="25.678555"><ele>151.596</ele><time>2024-09-15T13:07:30Z</time></trkpt><trkpt lat="54.980705" lon="25.678303"><ele>152.576</ele><time>2024-09-15T13:07:31Z</time></trkpt><trkpt lat="54.980688" lon="25.678078"><ele>152.890</ele><time>2024-09-15T13:07:32Z</time></trkpt><trkpt lat="54.980667" lon="25.677861"><ele>153.119</ele><time>2024-09-15T13:07:33Z</time></trkpt><trkpt lat="54.980658" lon="25.677646"><ele>153.209</ele><time>2024-09-15T13:07:34Z</time></trkpt><trkpt lat="54.980644" lon="25.677428"><ele>154.268</ele><time>2024-09-15T13:07:35Z</time></trkpt><trkpt lat="54.980625" lon="25.677204"><ele>154.265</ele><time>2024-09-15T13:07:36Z</time></trkpt><trkpt lat="54.980593" lon="25.67696"><ele>154.291</ele><time>2024-09-15T13:07:37Z</time></trkpt><trkpt lat="54.980562" lon="25.676722"><ele>155.386</ele><time>2024-09-15T13:07:38Z</time></trkpt><trkpt lat="54.980549" lon="25.676517"><ele>155.675</ele><time>2024-09-15T13:07:39Z</time></trkpt><trkpt lat="54.980535" lon="25.676345"><ele>155.619</ele><time>2024-09-15T13:07:40Z</time></trkpt><trkpt lat="54.980528" lon="25.676201"><ele>155.677</ele><time>2024-09-15T13:07:41Z</time></trkpt><trkpt lat="54.980499" lon="25.676055"><ele>156.419</ele><time>2024-09-15T13:07:42Z</time></trkpt><trkpt lat="54.980475" lon="25.675888"><ele>156.774</ele><time>2024-09-15T13:07:43Z</time></trkpt><trkpt lat="54.980451" lon="25.675687"><ele>157.278</ele><time>2024-09-15T13:07:44Z</time></trkpt><trkpt lat="54.980437" lon="25.675471"><ele>157.233</ele><time>2024-09-15T13:07:45Z</time></trkpt><trkpt lat="54.98042" lon="25.675278"><ele>157.326</ele><time>2024-09-15T13:07:46Z</time></trkpt><trkpt lat="54.980406" lon="25.675096"><ele>157.309</ele><time>2024-09-15T13:07:47Z</time></trkpt><trkpt lat="54.980382" lon="25.6749"><ele>157.398</ele><time>2024-09-15T13:07:48Z</time></trkpt><trkpt lat="54.980356" lon="25.67471"><ele>157.485</ele><time>2024-09-15T13:07:49Z</time></trkpt><trkpt lat="54.980331" lon="25.674511"><ele>157.481</ele><time>2024-09-15T13:07:50Z</time></trkpt><trkpt lat="54.980316" lon="25.674298"><ele>156.536</ele><time>2024-09-15T13:07:51Z</time></trkpt><trkpt lat="54.980283" lon="25.674087"><ele>156.295</ele><time>2024-09-15T13:07:52Z</time></trkpt><trkpt lat="54.980256" lon="25.67386"><ele>155.589</ele><time>2024-09-15T13:07:53Z</time></trkpt><trkpt lat="54.980222" lon="25.673628"><ele>155.227</ele><time>2024-09-15T13:07:54Z</time></trkpt><trkpt lat="54.980199" lon="25.673396"><ele>154.499</ele><time>2024-09-15T13:07:55Z</time></trkpt><trkpt lat="54.98018" lon="25.673159"><ele>154.394</ele><time>2024-09-15T13:07:56Z</time></trkpt><trkpt lat="54.980163" lon="25.672917"><ele>153.943</ele><time>2024-09-15T13:07:57Z</time></trkpt><trkpt lat="54.980141" lon="25.672679"><ele>153.864</ele><time>2024-09-15T13:07:58Z</time></trkpt><trkpt lat="54.980115" lon="25.672446"><ele>154.310</ele><time>2024-09-15T13:07:59Z</time></trkpt><trkpt lat="54.980075" lon="25.672225"><ele>154.909</ele><time>2024-09-15T13:08:00Z</time></trkpt><trkpt lat="54.980032" lon="25.67201"><ele>155.335</ele><time>2024-09-15T13:08:01Z</time></trkpt><trkpt lat="54.979999" lon="25.671785"><ele>156.322</ele><time>2024-09-15T13:08:02Z</time></trkpt><trkpt lat="54.979994" lon="25.671587"><ele>156.848</ele><time>2024-09-15T13:08:03Z</time></trkpt><trkpt lat="54.979983" lon="25.671399"><ele>156.943</ele><time>2024-09-15T13:08:04Z</time></trkpt><trkpt lat="54.979967" lon="25.671201"><ele>156.962</ele><time>2024-09-15T13:08:05Z</time></trkpt><trkpt lat="54.979937" lon="25.671016"><ele>156.716</ele><time>2024-09-15T13:08:06Z</time></trkpt><trkpt lat="54.979921" lon="25.670833"><ele>156.074</ele><time>2024-09-15T13:08:07Z</time></trkpt><trkpt lat="54.979898" lon="25.670647"><ele>156.036</ele><time>2024-09-15T13:08:08Z</time></trkpt><trkpt lat="54.979858" lon="25.670465"><ele>155.481</ele><time>2024-09-15T13:08:09Z</time></trkpt><trkpt lat="54.979814" lon="25.670287"><ele>153.336</ele><time>2024-09-15T13:08:10Z</time></trkpt><trkpt lat="54.979773" lon="25.670119"><ele>151.917</ele><time>2024-09-15T13:08:11Z</time></trkpt><trkpt lat="54.979733" lon="25.669944"><ele>150.318</ele><time>2024-09-15T13:08:12Z</time></trkpt><trkpt lat="54.979695" lon="25.669754"><ele>149.909</ele><time>2024-09-15T13:08:13Z</time></trkpt><trkpt lat="54.97967" lon="25.669545"><ele>149.994</ele><time>2024-09-15T13:08:14Z</time></trkpt><trkpt lat="54.979637" lon="25.669328"><ele>149.871</ele><time>2024-09-15T13:08:15Z</time></trkpt><trkpt lat="54.979607" lon="25.669114"><ele>149.787</ele><time>2024-09-15T13:08:16Z</time></trkpt><trkpt lat="54.979581" lon="25.668893"><ele>149.822</ele><time>2024-09-15T13:08:17Z</time></trkpt><trkpt lat="54.979546" lon="25.668666"><ele>150.471</ele><time>2024-09-15T13:08:18Z</time></trkpt><trkpt lat="54.979511" lon="25.668438"><ele>150.755</ele><time>2024-09-15T13:08:19Z</time></trkpt><trkpt lat="54.979479" lon="25.668235"><ele>151.093</ele><time>2024-09-15T13:08:20Z</time></trkpt><trkpt lat="54.979464" lon="25.668056"><ele>150.695</ele><time>2024-09-15T13:08:21Z</time></trkpt><trkpt lat="54.979431" lon="25.667775"><ele>148.930</ele><time>2024-09-15T13:08:23Z</time></trkpt><trkpt lat="54.979416" lon="25.667639"><ele>148.763</ele><time>2024-09-15T13:08:24Z</time></trkpt><trkpt lat="54.979401" lon="25.667535"><ele>147.844</ele><time>2024-09-15T13:08:25Z</time></trkpt><trkpt lat="54.979388" lon="25.667451"><ele>146.818</ele><time>2024-09-15T13:08:26Z</time></trkpt><trkpt lat="54.979356" lon="25.667293"><ele>146.509</ele><time>2024-09-15T13:08:28Z</time></trkpt><trkpt lat="54.979329" lon="25.667144"><ele>146.547</ele><time>2024-09-15T13:08:29Z</time></trkpt><trkpt lat="54.979309" lon="25.666995"><ele>146.524</ele><time>2024-09-15T13:08:30Z</time></trkpt><trkpt lat="54.979296" lon="25.666813"><ele>146.970</ele><time>2024-09-15T13:08:31Z</time></trkpt><trkpt lat="54.979289" lon="25.666637"><ele>147.485</ele><time>2024-09-15T13:08:32Z</time></trkpt><trkpt lat="54.979337" lon="25.666465"><ele>147.614</ele><time>2024-09-15T13:08:33Z</time></trkpt><trkpt lat="54.979368" lon="25.66632"><ele>147.818</ele><time>2024-09-15T13:08:34Z</time></trkpt><trkpt lat="54.979382" lon="25.666179"><ele>149.786</ele><time>2024-09-15T13:08:35Z</time></trkpt><trkpt lat="54.979394" lon="25.666042"><ele>151.778</ele><time>2024-09-15T13:08:36Z</time></trkpt><trkpt lat="54.979367" lon="25.6659"><ele>152.313</ele><time>2024-09-15T13:08:37Z</time></trkpt><trkpt lat="54.979316" lon="25.665783"><ele>153.116</ele><time>2024-09-15T13:08:38Z</time></trkpt><trkpt lat="54.979273" lon="25.665667"><ele>153.476</ele><time>2024-09-15T13:08:39Z</time></trkpt><trkpt lat="54.97925" lon="25.665581"><ele>153.413</ele><time>2024-09-15T13:08:40Z</time></trkpt><trkpt lat="54.979223" lon="25.665449"><ele>153.409</ele><time>2024-09-15T13:08:41Z</time></trkpt><trkpt lat="54.979221" lon="25.665278"><ele>153.382</ele><time>2024-09-15T13:08:42Z</time></trkpt><trkpt lat="54.979223" lon="25.665114"><ele>153.389</ele><time>2024-09-15T13:08:43Z</time></trkpt><trkpt lat="54.979209" lon="25.664965"><ele>154.485</ele><time>2024-09-15T13:08:44Z</time></trkpt><trkpt lat="54.979188" lon="25.664823"><ele>154.410</ele><time>2024-09-15T13:08:45Z</time></trkpt><trkpt lat="54.97916" lon="25.664701"><ele>153.889</ele><time>2024-09-15T13:08:46Z</time></trkpt><trkpt lat="54.97914" lon="25.664578"><ele>152.743</ele><time>2024-09-15T13:08:47Z</time></trkpt><trkpt lat="54.979137" lon="25.66444"><ele>152.171</ele><time>2024-09-15T13:08:48Z</time></trkpt><trkpt lat="54.979151" lon="25.664298"><ele>151.653</ele><time>2024-09-15T13:08:49Z</time></trkpt><trkpt lat="54.979166" lon="25.664141"><ele>150.938</ele><time>2024-09-15T13:08:50Z</time></trkpt><trkpt lat="54.979162" lon="25.66399"><ele>150.292</ele><time>2024-09-15T13:08:51Z</time></trkpt><trkpt lat="54.979161" lon="25.663808"><ele>149.273</ele><time>2024-09-15T13:08:52Z</time></trkpt><trkpt lat="54.979156" lon="25.663631"><ele>147.920</ele><time>2024-09-15T13:08:53Z</time></trkpt><trkpt lat="54.979123" lon="25.663452"><ele>146.909</ele><time>2024-09-15T13:08:54Z</time></trkpt><trkpt lat="54.979105" lon="25.663287"><ele>146.680</ele><time>2024-09-15T13:08:55Z</time></trkpt><trkpt lat="54.979102" lon="25.66318"><ele>145.657</ele><time>2024-09-15T13:08:56Z</time></trkpt><trkpt lat="54.979101" lon="25.663062"><ele>145.883</ele><time>2024-09-15T13:08:57Z</time></trkpt><trkpt lat="54.979078" lon="25.662988"><ele>145.858</ele><time>2024-09-15T13:08:58Z</time></trkpt><trkpt lat="54.979063" lon="25.662888"><ele>146.477</ele><time>2024-09-15T13:08:59Z</time></trkpt><trkpt lat="54.97904" lon="25.662789"><ele>146.791</ele><time>2024-09-15T13:09:00Z</time></trkpt><trkpt lat="54.979004" lon="25.662687"><ele>147.599</ele><time>2024-09-15T13:09:01Z</time></trkpt><trkpt lat="54.978941" lon="25.662596"><ele>148.341</ele><time>2024-09-15T13:09:02Z</time></trkpt><trkpt lat="54.978925" lon="25.662483"><ele>148.666</ele><time>2024-09-15T13:09:03Z</time></trkpt><trkpt lat="54.978912" lon="25.662353"><ele>149.177</ele><time>2024-09-15T13:09:04Z</time></trkpt><trkpt lat="54.978934" lon="25.662213"><ele>149.961</ele><time>2024-09-15T13:09:05Z</time></trkpt><trkpt lat="54.97894" lon="25.662073"><ele>150.627</ele><time>2024-09-15T13:09:06Z</time></trkpt><trkpt lat="54.978951" lon="25.661912"><ele>150.909</ele><time>2024-09-15T13:09:07Z</time></trkpt><trkpt lat="54.978925" lon="25.661779"><ele>151.348</ele><time>2024-09-15T13:09:08Z</time></trkpt><trkpt lat="54.97891" lon="25.661663"><ele>151.775</ele><time>2024-09-15T13:09:09Z</time></trkpt><trkpt lat="54.978889" lon="25.661554"><ele>152.291</ele><time>2024-09-15T13:09:10Z</time></trkpt><trkpt lat="54.978875" lon="25.661447"><ele>153.116</ele><time>2024-09-15T13:09:11Z</time></trkpt><trkpt lat="54.978852" lon="25.66131"><ele>154.415</ele><time>2024-09-15T13:09:12Z</time></trkpt><trkpt lat="54.978828" lon="25.66117"><ele>155.249</ele><time>2024-09-15T13:09:13Z</time></trkpt><trkpt lat="54.978816" lon="25.66103"><ele>155.337</ele><time>2024-09-15T13:09:14Z</time></trkpt><trkpt lat="54.978807" lon="25.660914"><ele>155.419</ele><time>2024-09-15T13:09:15Z</time></trkpt><trkpt lat="54.978795" lon="25.660782"><ele>155.794</ele><time>2024-09-15T13:09:16Z</time></trkpt><trkpt lat="54.978785" lon="25.660645"><ele>156.179</ele><time>2024-09-15T13:09:17Z</time></trkpt><trkpt lat="54.978758" lon="25.660504"><ele>156.105</ele><time>2024-09-15T13:09:18Z</time></trkpt><trkpt lat="54.978736" lon="25.660353"><ele>155.425</ele><time>2024-09-15T13:09:19Z</time></trkpt><trkpt lat="54.978718" lon="25.660219"><ele>154.209</ele><time>2024-09-15T13:09:20Z</time></trkpt><trkpt lat="54.978698" lon="25.660065"><ele>153.678</ele><time>2024-09-15T13:09:21Z</time></trkpt><trkpt lat="54.978683" lon="25.659901"><ele>152.615</ele><time>2024-09-15T13:09:22Z</time></trkpt><trkpt lat="54.97867" lon="25.65975"><ele>150.811</ele><time>2024-09-15T13:09:23Z</time></trkpt><trkpt lat="54.97867" lon="25.65961"><ele>149.046</ele><time>2024-09-15T13:09:24Z</time></trkpt><trkpt lat="54.978654" lon="25.659471"><ele>149.045</ele><time>2024-09-15T13:09:25Z</time></trkpt><trkpt lat="54.978621" lon="25.659338"><ele>148.869</ele><time>2024-09-15T13:09:26Z</time></trkpt><trkpt lat="54.978587" lon="25.65917"><ele>148.587</ele><time>2024-09-15T13:09:27Z</time></trkpt><trkpt lat="54.978565" lon="25.659002"><ele>147.679</ele><time>2024-09-15T13:09:28Z</time></trkpt><trkpt lat="54.978557" lon="25.658838"><ele>146.364</ele><time>2024-09-15T13:09:29Z</time></trkpt><trkpt lat="54.978534" lon="25.658716"><ele>146.372</ele><time>2024-09-15T13:09:30Z</time></trkpt><trkpt lat="54.978506" lon="25.658584"><ele>147.713</ele><time>2024-09-15T13:09:31Z</time></trkpt><trkpt lat="54.978481" lon="25.658472"><ele>150.414</ele><time>2024-09-15T13:09:32Z</time></trkpt><trkpt lat="54.978455" lon="25.658382"><ele>153.009</ele><time>2024-09-15T13:09:33Z</time></trkpt><trkpt lat="54.978427" lon="25.658318"><ele>155.488</ele><time>2024-09-15T13:09:34Z</time></trkpt><trkpt lat="54.978397" lon="25.658253"><ele>156.485</ele><time>2024-09-15T13:09:35Z</time></trkpt><trkpt lat="54.978371" lon="25.658175"><ele>157.991</ele><time>2024-09-15T13:09:36Z</time></trkpt><trkpt lat="54.978379" lon="25.65809"><ele>159.386</ele><time>2024-09-15T13:09:37Z</time></trkpt><trkpt lat="54.978376" lon="25.657953"><ele>160.175</ele><time>2024-09-15T13:09:39Z</time></trkpt><trkpt lat="54.978313" lon="25.657841"><ele>160.119</ele><time>2024-09-15T13:09:41Z</time></trkpt><trkpt lat="54.978276" lon="25.657788"><ele>160.137</ele><time>2024-09-15T13:09:42Z</time></trkpt><trkpt lat="54.978221" lon="25.657682"><ele>159.889</ele><time>2024-09-15T13:09:44Z</time></trkpt><trkpt lat="54.978204" lon="25.657605"><ele>159.554</ele><time>2024-09-15T13:09:45Z</time></trkpt><trkpt lat="54.97821" lon="25.657478"><ele>158.098</ele><time>2024-09-15T13:09:47Z</time></trkpt><trkpt lat="54.978248" lon="25.657371"><ele>156.015</ele><time>2024-09-15T13:09:49Z</time></trkpt><trkpt lat="54.978223" lon="25.657296"><ele>155.326</ele><time>2024-09-15T13:09:51Z</time></trkpt><trkpt lat="54.978182" lon="25.657218"><ele>154.709</ele><time>2024-09-15T13:09:53Z</time></trkpt><trkpt lat="54.978133" lon="25.657129"><ele>154.380</ele><time>2024-09-15T13:09:55Z</time></trkpt><trkpt lat="54.978073" lon="25.657029"><ele>152.287</ele><time>2024-09-15T13:09:57Z</time></trkpt><trkpt lat="54.978041" lon="25.656963"><ele>150.943</ele><time>2024-09-15T13:09:58Z</time></trkpt><trkpt lat="54.978008" lon="25.656886"><ele>148.838</ele><time>2024-09-15T13:09:59Z</time></trkpt><trkpt lat="54.977975" lon="25.656807"><ele>146.687</ele><time>2024-09-15T13:10:00Z</time></trkpt><trkpt lat="54.977949" lon="25.656741"><ele>143.871</ele><time>2024-09-15T13:10:01Z</time></trkpt><trkpt lat="54.977905" lon="25.656592"><ele>139.999</ele><time>2024-09-15T13:10:03Z</time></trkpt><trkpt lat="54.97788" lon="25.656493"><ele>138.841</ele><time>2024-09-15T13:10:04Z</time></trkpt><trkpt lat="54.977848" lon="25.656372"><ele>138.116</ele><time>2024-09-15T13:10:05Z</time></trkpt><trkpt lat="54.977794" lon="25.656275"><ele>137.962</ele><time>2024-09-15T13:10:06Z</time></trkpt><trkpt lat="54.977739" lon="25.656182"><ele>137.983</ele><time>2024-09-15T13:10:07Z</time></trkpt><trkpt lat="54.977694" lon="25.656103"><ele>138.711</ele><time>2024-09-15T13:10:08Z</time></trkpt><trkpt lat="54.977648" lon="25.656023"><ele>139.609</ele><time>2024-09-15T13:10:09Z</time></trkpt><trkpt lat="54.9776" lon="25.655927"><ele>141.197</ele><time>2024-09-15T13:10:10Z</time></trkpt><trkpt lat="54.977544" lon="25.655799"><ele>142.714</ele><time>2024-09-15T13:10:11Z</time></trkpt><trkpt lat="54.977481" lon="25.655673"><ele>143.560</ele><time>2024-09-15T13:10:12Z</time></trkpt><trkpt lat="54.977419" lon="25.655544"><ele>144.175</ele><time>2024-09-15T13:10:13Z</time></trkpt><trkpt lat="54.977361" lon="25.65543"><ele>145.554</ele><time>2024-09-15T13:10:14Z</time></trkpt><trkpt lat="54.9773" lon="25.655316"><ele>146.018</ele><time>2024-09-15T13:10:15Z</time></trkpt><trkpt lat="54.977248" lon="25.655206"><ele>146.036</ele><time>2024-09-15T13:10:16Z</time></trkpt><trkpt lat="54.977195" lon="25.655106"><ele>145.998</ele><time>2024-09-15T13:10:17Z</time></trkpt><trkpt lat="54.977155" lon="25.654988"><ele>145.963</ele><time>2024-09-15T13:10:18Z</time></trkpt><trkpt lat="54.977134" lon="25.654888"><ele>145.975</ele><time>2024-09-15T13:10:19Z</time></trkpt><trkpt lat="54.977123" lon="25.654794"><ele>146.628</ele><time>2024-09-15T13:10:21Z</time></trkpt><trkpt lat="54.977098" lon="25.654613"><ele>146.620</ele><time>2024-09-15T13:10:24Z</time></trkpt><trkpt lat="54.97708" lon="25.654516"><ele>146.709</ele><time>2024-09-15T13:10:25Z</time></trkpt><trkpt lat="54.97707" lon="25.654397"><ele>146.858</ele><time>2024-09-15T13:10:26Z</time></trkpt><trkpt lat="54.97706" lon="25.654227"><ele>147.425</ele><time>2024-09-15T13:10:27Z</time></trkpt><trkpt lat="54.977074" lon="25.654022"><ele>148.221</ele><time>2024-09-15T13:10:28Z</time></trkpt><trkpt lat="54.977084" lon="25.653789"><ele>148.796</ele><time>2024-09-15T13:10:29Z</time></trkpt><trkpt lat="54.977083" lon="25.653539"><ele>148.825</ele><time>2024-09-15T13:10:30Z</time></trkpt><trkpt lat="54.977088" lon="25.65326"><ele>149.319</ele><time>2024-09-15T13:10:31Z</time></trkpt><trkpt lat="54.977089" lon="25.652972"><ele>149.877</ele><time>2024-09-15T13:10:32Z</time></trkpt><trkpt lat="54.977088" lon="25.652732"><ele>150.079</ele><time>2024-09-15T13:10:33Z</time></trkpt><trkpt lat="54.977092" lon="25.652464"><ele>150.444</ele><time>2024-09-15T13:10:34Z</time></trkpt><trkpt lat="54.977082" lon="25.652163"><ele>150.794</ele><time>2024-09-15T13:10:35Z</time></trkpt><trkpt lat="54.977064" lon="25.651862"><ele>150.357</ele><time>2024-09-15T13:10:36Z</time></trkpt><trkpt lat="54.977057" lon="25.651554"><ele>149.822</ele><time>2024-09-15T13:10:37Z</time></trkpt><trkpt lat="54.977051" lon="25.65126"><ele>149.809</ele><time>2024-09-15T13:10:38Z</time></trkpt><trkpt lat="54.977053" lon="25.651059"><ele>150.010</ele><time>2024-09-15T13:10:39Z</time></trkpt><trkpt lat="54.977066" lon="25.650866"><ele>150.687</ele><time>2024-09-15T13:10:40Z</time></trkpt><trkpt lat="54.97709" lon="25.650655"><ele>151.263</ele><time>2024-09-15T13:10:41Z</time></trkpt><trkpt lat="54.977129" lon="25.650438"><ele>151.698</ele><time>2024-09-15T13:10:42Z</time></trkpt><trkpt lat="54.97715" lon="25.650187"><ele>151.627</ele><time>2024-09-15T13:10:43Z</time></trkpt><trkpt lat="54.977191" lon="25.649892"><ele>152.061</ele><time>2024-09-15T13:10:44Z</time></trkpt><trkpt lat="54.977231" lon="25.649563"><ele>152.639</ele><time>2024-09-15T13:10:45Z</time></trkpt><trkpt lat="54.977271" lon="25.649263"><ele>153.521</ele><time>2024-09-15T13:10:46Z</time></trkpt><trkpt lat="54.977319" lon="25.648957"><ele>155.086</ele><time>2024-09-15T13:10:47Z</time></trkpt><trkpt lat="54.977389" lon="25.648644"><ele>155.115</ele><time>2024-09-15T13:10:48Z</time></trkpt><trkpt lat="54.977458" lon="25.648349"><ele>154.465</ele><time>2024-09-15T13:10:49Z</time></trkpt><trkpt lat="54.977528" lon="25.648101"><ele>154.011</ele><time>2024-09-15T13:10:50Z</time></trkpt><trkpt lat="54.97758" lon="25.647855"><ele>153.809</ele><time>2024-09-15T13:10:51Z</time></trkpt><trkpt lat="54.977609" lon="25.647569"><ele>153.762</ele><time>2024-09-15T13:10:52Z</time></trkpt><trkpt lat="54.977629" lon="25.647269"><ele>153.539</ele><time>2024-09-15T13:10:53Z</time></trkpt><trkpt lat="54.977639" lon="25.646947"><ele>153.715</ele><time>2024-09-15T13:10:54Z</time></trkpt><trkpt lat="54.977645" lon="25.64662"><ele>153.920</ele><time>2024-09-15T13:10:55Z</time></trkpt><trkpt lat="54.977651" lon="25.646287"><ele>153.899</ele><time>2024-09-15T13:10:56Z</time></trkpt><trkpt lat="54.977672" lon="25.645973"><ele>154.173</ele><time>2024-09-15T13:10:57Z</time></trkpt><trkpt lat="54.977687" lon="25.645678"><ele>154.391</ele><time>2024-09-15T13:10:58Z</time></trkpt><trkpt lat="54.977708" lon="25.645388"><ele>154.233</ele><time>2024-09-15T13:10:59Z</time></trkpt><trkpt lat="54.97773" lon="25.645101"><ele>154.248</ele><time>2024-09-15T13:11:00Z</time></trkpt><trkpt lat="54.977739" lon="25.644801"><ele>154.017</ele><time>2024-09-15T13:11:01Z</time></trkpt><trkpt lat="54.977753" lon="25.644491"><ele>153.987</ele><time>2024-09-15T13:11:02Z</time></trkpt><trkpt lat="54.977763" lon="25.644165"><ele>154.115</ele><time>2024-09-15T13:11:03Z</time></trkpt><trkpt lat="54.977768" lon="25.643824"><ele>154.109</ele><time>2024-09-15T13:11:04Z</time></trkpt><trkpt lat="54.97778" lon="25.643469"><ele>153.682</ele><time>2024-09-15T13:11:05Z</time></trkpt><trkpt lat="54.977794" lon="25.643108"><ele>153.029</ele><time>2024-09-15T13:11:06Z</time></trkpt><trkpt lat="54.977809" lon="25.642741"><ele>152.915</ele><time>2024-09-15T13:11:07Z</time></trkpt><trkpt lat="54.977825" lon="25.642378"><ele>153.020</ele><time>2024-09-15T13:11:08Z</time></trkpt><trkpt lat="54.977837" lon="25.642042"><ele>153.479</ele><time>2024-09-15T13:11:09Z</time></trkpt><trkpt lat="54.977852" lon="25.641733"><ele>154.263</ele><time>2024-09-15T13:11:10Z</time></trkpt><trkpt lat="54.977865" lon="25.641463"><ele>155.141</ele><time>2024-09-15T13:11:11Z</time></trkpt><trkpt lat="54.977868" lon="25.641218"><ele>155.743</ele><time>2024-09-15T13:11:12Z</time></trkpt><trkpt lat="54.977842" lon="25.641007"><ele>156.128</ele><time>2024-09-15T13:11:13Z</time></trkpt><trkpt lat="54.977785" lon="25.640792"><ele>156.293</ele><time>2024-09-15T13:11:14Z</time></trkpt><trkpt lat="54.977696" lon="25.640576"><ele>156.365</ele><time>2024-09-15T13:11:15Z</time></trkpt><trkpt lat="54.977599" lon="25.640324"><ele>156.421</ele><time>2024-09-15T13:11:16Z</time></trkpt><trkpt lat="54.9775" lon="25.64006"><ele>156.409</ele><time>2024-09-15T13:11:17Z</time></trkpt><trkpt lat="54.9774" lon="25.639796"><ele>156.520</ele><time>2024-09-15T13:11:18Z</time></trkpt><trkpt lat="54.977312" lon="25.639556"><ele>156.697</ele><time>2024-09-15T13:11:19Z</time></trkpt><trkpt lat="54.977249" lon="25.639318"><ele>156.453</ele><time>2024-09-15T13:11:20Z</time></trkpt><trkpt lat="54.977225" lon="25.639093"><ele>156.018</ele><time>2024-09-15T13:11:21Z</time></trkpt><trkpt lat="54.977205" lon="25.638847"><ele>155.747</ele><time>2024-09-15T13:11:22Z</time></trkpt><trkpt lat="54.977193" lon="25.638585"><ele>155.561</ele><time>2024-09-15T13:11:23Z</time></trkpt><trkpt lat="54.977178" lon="25.638328"><ele>155.569</ele><time>2024-09-15T13:11:24Z</time></trkpt><trkpt lat="54.977171" lon="25.638093"><ele>155.811</ele><time>2024-09-15T13:11:25Z</time></trkpt><trkpt lat="54.977181" lon="25.637863"><ele>156.256</ele><time>2024-09-15T13:11:26Z</time></trkpt><trkpt lat="54.977212" lon="25.637627"><ele>156.249</ele><time>2024-09-15T13:11:27Z</time></trkpt><trkpt lat="54.977256" lon="25.637372"><ele>155.902</ele><time>2024-09-15T13:11:28Z</time></trkpt><trkpt lat="54.977281" lon="25.63709"><ele>155.022</ele><time>2024-09-15T13:11:29Z</time></trkpt><trkpt lat="54.977296" lon="25.636786"><ele>154.209</ele><time>2024-09-15T13:11:30Z</time></trkpt><trkpt lat="54.977319" lon="25.636473"><ele>153.815</ele><time>2024-09-15T13:11:31Z</time></trkpt><trkpt lat="54.977359" lon="25.636152"><ele>153.412</ele><time>2024-09-15T13:11:32Z</time></trkpt><trkpt lat="54.977407" lon="25.635832"><ele>153.248</ele><time>2024-09-15T13:11:33Z</time></trkpt><trkpt lat="54.977463" lon="25.635509"><ele>153.463</ele><time>2024-09-15T13:11:34Z</time></trkpt><trkpt lat="54.977519" lon="25.63519"><ele>153.642</ele><time>2024-09-15T13:11:35Z</time></trkpt><trkpt lat="54.977574" lon="25.634874"><ele>153.676</ele><time>2024-09-15T13:11:36Z</time></trkpt><trkpt lat="54.977626" lon="25.634565"><ele>153.344</ele><time>2024-09-15T13:11:37Z</time></trkpt><trkpt lat="54.977674" lon="25.634268"><ele>152.996</ele><time>2024-09-15T13:11:38Z</time></trkpt><trkpt lat="54.977718" lon="25.633987"><ele>152.771</ele><time>2024-09-15T13:11:39Z</time></trkpt><trkpt lat="54.977764" lon="25.633702"><ele>152.576</ele><time>2024-09-15T13:11:40Z</time></trkpt><trkpt lat="54.977811" lon="25.633416"><ele>152.390</ele><time>2024-09-15T13:11:41Z</time></trkpt><trkpt lat="54.977861" lon="25.633133"><ele>152.219</ele><time>2024-09-15T13:11:42Z</time></trkpt><trkpt lat="54.977911" lon="25.632851"><ele>152.309</ele><time>2024-09-15T13:11:43Z</time></trkpt><trkpt lat="54.977959" lon="25.632568"><ele>152.648</ele><time>2024-09-15T13:11:44Z</time></trkpt><trkpt lat="54.978006" lon="25.632275"><ele>152.825</ele><time>2024-09-15T13:11:45Z</time></trkpt><trkpt lat="54.978054" lon="25.631975"><ele>152.871</ele><time>2024-09-15T13:11:46Z</time></trkpt><trkpt lat="54.978102" lon="25.63167"><ele>152.716</ele><time>2024-09-15T13:11:47Z</time></trkpt><trkpt lat="54.978147" lon="25.631362"><ele>152.625</ele><time>2024-09-15T13:11:48Z</time></trkpt><trkpt lat="54.978168" lon="25.631051"><ele>152.799</ele><time>2024-09-15T13:11:49Z</time></trkpt><trkpt lat="54.978156" lon="25.63074"><ele>152.917</ele><time>2024-09-15T13:11:50Z</time></trkpt><trkpt lat="54.978124" lon="25.630422"><ele>153.069</ele><time>2024-09-15T13:11:51Z</time></trkpt><trkpt lat="54.978072" lon="25.630102"><ele>153.284</ele><time>2024-09-15T13:11:52Z</time></trkpt><trkpt lat="54.978023" lon="25.629769"><ele>153.433</ele><time>2024-09-15T13:11:53Z</time></trkpt><trkpt lat="54.977969" lon="25.629433"><ele>153.523</ele><time>2024-09-15T13:11:54Z</time></trkpt><trkpt lat="54.977918" lon="25.629087"><ele>153.715</ele><time>2024-09-15T13:11:55Z</time></trkpt><trkpt lat="54.977867" lon="25.628741"><ele>153.909</ele><time>2024-09-15T13:11:56Z</time></trkpt><trkpt lat="54.977815" lon="25.628398"><ele>154.194</ele><time>2024-09-15T13:11:57Z</time></trkpt><trkpt lat="54.977762" lon="25.628058"><ele>154.751</ele><time>2024-09-15T13:11:58Z</time></trkpt><trkpt lat="54.977707" lon="25.627721"><ele>155.347</ele><time>2024-09-15T13:11:59Z</time></trkpt><trkpt lat="54.977657" lon="25.62738"><ele>155.562</ele><time>2024-09-15T13:12:00Z</time></trkpt><trkpt lat="54.977605" lon="25.627036"><ele>155.861</ele><time>2024-09-15T13:12:01Z</time></trkpt><trkpt lat="54.977554" lon="25.626687"><ele>156.095</ele><time>2024-09-15T13:12:02Z</time></trkpt><trkpt lat="54.977505" lon="25.626341"><ele>156.123</ele><time>2024-09-15T13:12:03Z</time></trkpt><trkpt lat="54.977456" lon="25.626004"><ele>156.515</ele><time>2024-09-15T13:12:04Z</time></trkpt><trkpt lat="54.977408" lon="25.62568"><ele>156.820</ele><time>2024-09-15T13:12:05Z</time></trkpt><trkpt lat="54.977362" lon="25.625365"><ele>157.231</ele><time>2024-09-15T13:12:06Z</time></trkpt><trkpt lat="54.977313" lon="25.625061"><ele>157.761</ele><time>2024-09-15T13:12:07Z</time></trkpt><trkpt lat="54.977268" lon="25.624764"><ele>158.207</ele><time>2024-09-15T13:12:08Z</time></trkpt><trkpt lat="54.977223" lon="25.624474"><ele>158.909</ele><time>2024-09-15T13:12:09Z</time></trkpt><trkpt lat="54.977176" lon="25.624191"><ele>159.744</ele><time>2024-09-15T13:12:10Z</time></trkpt><trkpt lat="54.977134" lon="25.62392"><ele>160.481</ele><time>2024-09-15T13:12:11Z</time></trkpt><trkpt lat="54.977102" lon="25.623687"><ele>161.067</ele><time>2024-09-15T13:12:12Z</time></trkpt><trkpt lat="54.977075" lon="25.623489"><ele>161.472</ele><time>2024-09-15T13:12:13Z</time></trkpt><trkpt lat="54.977053" lon="25.623332"><ele>161.621</ele><time>2024-09-15T13:12:14Z</time></trkpt><trkpt lat="54.977038" lon="25.62323"><ele>161.755</ele><time>2024-09-15T13:12:15Z</time></trkpt><trkpt lat="54.977022" lon="25.623143"><ele>161.763</ele><time>2024-09-15T13:12:18Z</time></trkpt><trkpt lat="54.977034" lon="25.623224"><ele>161.755</ele><time>2024-09-15T13:12:28Z</time></trkpt><trkpt lat="54.977041" lon="25.623313"><ele>161.720</ele><time>2024-09-15T13:12:30Z</time></trkpt><trkpt lat="54.97704" lon="25.623393"><ele>161.742</ele><time>2024-09-15T13:12:32Z</time></trkpt><trkpt lat="54.977074" lon="25.623338"><ele>162.022</ele><time>2024-09-15T13:12:44Z</time></trkpt><trkpt lat="54.977149" lon="25.62334"><ele>162.014</ele><time>2024-09-15T13:12:45Z</time></trkpt><trkpt lat="54.977245" lon="25.623366"><ele>162.009</ele><time>2024-09-15T13:12:46Z</time></trkpt><trkpt lat="54.977361" lon="25.623353"><ele>162.035</ele><time>2024-09-15T13:12:47Z</time></trkpt><trkpt lat="54.977494" lon="25.623337"><ele>162.532</ele><time>2024-09-15T13:12:48Z</time></trkpt><trkpt lat="54.977642" lon="25.623321"><ele>163.068</ele><time>2024-09-15T13:12:49Z</time></trkpt><trkpt lat="54.977802" lon="25.623316"><ele>163.183</ele><time>2024-09-15T13:12:50Z</time></trkpt><trkpt lat="54.977966" lon="25.623373"><ele>162.792</ele><time>2024-09-15T13:12:51Z</time></trkpt><trkpt lat="54.97813" lon="25.623493"><ele>161.926</ele><time>2024-09-15T13:12:52Z</time></trkpt><trkpt lat="54.978294" lon="25.623637"><ele>161.264</ele><time>2024-09-15T13:12:53Z</time></trkpt><trkpt lat="54.978451" lon="25.623768"><ele>160.746</ele><time>2024-09-15T13:12:54Z</time></trkpt><trkpt lat="54.978596" lon="25.623895"><ele>160.051</ele><time>2024-09-15T13:12:55Z</time></trkpt><trkpt lat="54.978733" lon="25.624018"><ele>159.263</ele><time>2024-09-15T13:12:56Z</time></trkpt><trkpt lat="54.978862" lon="25.624139"><ele>158.244</ele><time>2024-09-15T13:12:57Z</time></trkpt><trkpt lat="54.978973" lon="25.624245"><ele>157.218</ele><time>2024-09-15T13:12:58Z</time></trkpt><trkpt lat="54.979071" lon="25.62434"><ele>156.309</ele><time>2024-09-15T13:12:59Z</time></trkpt><trkpt lat="54.979159" lon="25.624419"><ele>155.967</ele><time>2024-09-15T13:13:00Z</time></trkpt><trkpt lat="54.979237" lon="25.624445"><ele>155.314</ele><time>2024-09-15T13:13:01Z</time></trkpt><trkpt lat="54.979306" lon="25.624425"><ele>154.820</ele><time>2024-09-15T13:13:02Z</time></trkpt><trkpt lat="54.979364" lon="25.62436"><ele>154.735</ele><time>2024-09-15T13:13:03Z</time></trkpt><trkpt lat="54.979418" lon="25.624275"><ele>154.634</ele><time>2024-09-15T13:13:04Z</time></trkpt><trkpt lat="54.979468" lon="25.624173"><ele>154.678</ele><time>2024-09-15T13:13:05Z</time></trkpt><trkpt lat="54.979515" lon="25.624067"><ele>154.786</ele><time>2024-09-15T13:13:06Z</time></trkpt><trkpt lat="54.979561" lon="25.623952"><ele>154.918</ele><time>2024-09-15T13:13:07Z</time></trkpt><trkpt lat="54.979606" lon="25.623832"><ele>155.113</ele><time>2024-09-15T13:13:08Z</time></trkpt><trkpt lat="54.979651" lon="25.623708"><ele>155.369</ele><time>2024-09-15T13:13:09Z</time></trkpt><trkpt lat="54.9797" lon="25.623582"><ele>155.404</ele><time>2024-09-15T13:13:10Z</time></trkpt><trkpt lat="54.979748" lon="25.623452"><ele>155.524</ele><time>2024-09-15T13:13:11Z</time></trkpt><trkpt lat="54.979793" lon="25.623315"><ele>155.609</ele><time>2024-09-15T13:13:12Z</time></trkpt><trkpt lat="54.979835" lon="25.623174"><ele>155.727</ele><time>2024-09-15T13:13:13Z</time></trkpt><trkpt lat="54.979875" lon="25.623029"><ele>156.094</ele><time>2024-09-15T13:13:14Z</time></trkpt><trkpt lat="54.979916" lon="25.622884"><ele>156.080</ele><time>2024-09-15T13:13:15Z</time></trkpt><trkpt lat="54.979962" lon="25.622737"><ele>156.165</ele><time>2024-09-15T13:13:16Z</time></trkpt><trkpt lat="54.980012" lon="25.622585"><ele>156.194</ele><time>2024-09-15T13:13:17Z</time></trkpt><trkpt lat="54.980063" lon="25.622428"><ele>156.188</ele><time>2024-09-15T13:13:18Z</time></trkpt><trkpt lat="54.980114" lon="25.622265"><ele>156.036</ele><time>2024-09-15T13:13:19Z</time></trkpt><trkpt lat="54.980161" lon="25.622095"><ele>155.848</ele><time>2024-09-15T13:13:20Z</time></trkpt><trkpt lat="54.980202" lon="25.621931"><ele>155.783</ele><time>2024-09-15T13:13:21Z</time></trkpt><trkpt lat="54.980239" lon="25.621772"><ele>155.716</ele><time>2024-09-15T13:13:22Z</time></trkpt><trkpt lat="54.980277" lon="25.621619"><ele>155.776</ele><time>2024-09-15T13:13:23Z</time></trkpt><trkpt lat="54.980315" lon="25.621473"><ele>155.513</ele><time>2024-09-15T13:13:24Z</time></trkpt><trkpt lat="54.980347" lon="25.62133"><ele>155.109</ele><time>2024-09-15T13:13:25Z</time></trkpt><trkpt lat="54.980377" lon="25.621187"><ele>154.762</ele><time>2024-09-15T13:13:26Z</time></trkpt><trkpt lat="54.980406" lon="25.621043"><ele>154.569</ele><time>2024-09-15T13:13:27Z</time></trkpt><trkpt lat="54.980419" lon="25.62089"><ele>154.225</ele><time>2024-09-15T13:13:28Z</time></trkpt><trkpt lat="54.980436" lon="25.620715"><ele>154.230</ele><time>2024-09-15T13:13:29Z</time></trkpt><trkpt lat="54.980463" lon="25.620511"><ele>154.269</ele><time>2024-09-15T13:13:30Z</time></trkpt><trkpt lat="54.980497" lon="25.620262"><ele>154.293</ele><time>2024-09-15T13:13:31Z</time></trkpt><trkpt lat="54.980531" lon="25.61998"><ele>154.161</ele><time>2024-09-15T13:13:32Z</time></trkpt><trkpt lat="54.980572" lon="25.61968"><ele>153.833</ele><time>2024-09-15T13:13:33Z</time></trkpt><trkpt lat="54.980602" lon="25.619361"><ele>153.548</ele><time>2024-09-15T13:13:34Z</time></trkpt><trkpt lat="54.980637" lon="25.619038"><ele>153.134</ele><time>2024-09-15T13:13:35Z</time></trkpt><trkpt lat="54.980689" lon="25.618735"><ele>152.955</ele><time>2024-09-15T13:13:36Z</time></trkpt><trkpt lat="54.980757" lon="25.618441"><ele>152.810</ele><time>2024-09-15T13:13:37Z</time></trkpt><trkpt lat="54.98083" lon="25.618148"><ele>152.909</ele><time>2024-09-15T13:13:38Z</time></trkpt><trkpt lat="54.980906" lon="25.617869"><ele>153.094</ele><time>2024-09-15T13:13:39Z</time></trkpt><trkpt lat="54.98098" lon="25.6176"><ele>153.171</ele><time>2024-09-15T13:13:40Z</time></trkpt><trkpt lat="54.98106" lon="25.617341"><ele>153.467</ele><time>2024-09-15T13:13:41Z</time></trkpt><trkpt lat="54.981136" lon="25.617089"><ele>153.542</ele><time>2024-09-15T13:13:42Z</time></trkpt><trkpt lat="54.981205" lon="25.616831"><ele>153.431</ele><time>2024-09-15T13:13:43Z</time></trkpt><trkpt lat="54.981275" lon="25.616577"><ele>153.745</ele><time>2024-09-15T13:13:44Z</time></trkpt><trkpt lat="54.981315" lon="25.616334"><ele>154.343</ele><time>2024-09-15T13:13:45Z</time></trkpt><trkpt lat="54.981329" lon="25.616083"><ele>154.595</ele><time>2024-09-15T13:13:46Z</time></trkpt><trkpt lat="54.981332" lon="25.615831"><ele>154.370</ele><time>2024-09-15T13:13:47Z</time></trkpt><trkpt lat="54.981344" lon="25.61559"><ele>154.297</ele><time>2024-09-15T13:13:48Z</time></trkpt><trkpt lat="54.981361" lon="25.615385"><ele>154.323</ele><time>2024-09-15T13:13:49Z</time></trkpt><trkpt lat="54.981412" lon="25.61521"><ele>154.525</ele><time>2024-09-15T13:13:50Z</time></trkpt><trkpt lat="54.981442" lon="25.615029"><ele>154.709</ele><time>2024-09-15T13:13:51Z</time></trkpt><trkpt lat="54.981439" lon="25.614841"><ele>155.060</ele><time>2024-09-15T13:13:52Z</time></trkpt><trkpt lat="54.981415" lon="25.61463"><ele>155.417</ele><time>2024-09-15T13:13:53Z</time></trkpt><trkpt lat="54.981398" lon="25.614391"><ele>155.513</ele><time>2024-09-15T13:13:54Z</time></trkpt><trkpt lat="54.981381" lon="25.614149"><ele>156.018</ele><time>2024-09-15T13:13:55Z</time></trkpt><trkpt lat="54.98136" lon="25.613925"><ele>155.947</ele><time>2024-09-15T13:13:56Z</time></trkpt><trkpt lat="54.981361" lon="25.613684"><ele>155.811</ele><time>2024-09-15T13:13:57Z</time></trkpt><trkpt lat="54.981378" lon="25.613431"><ele>155.859</ele><time>2024-09-15T13:13:58Z</time></trkpt><trkpt lat="54.981398" lon="25.613173"><ele>156.511</ele><time>2024-09-15T13:13:59Z</time></trkpt><trkpt lat="54.981419" lon="25.61291"><ele>156.836</ele><time>2024-09-15T13:14:00Z</time></trkpt><trkpt lat="54.981429" lon="25.612642"><ele>157.492</ele><time>2024-09-15T13:14:01Z</time></trkpt><trkpt lat="54.981426" lon="25.612379"><ele>157.773</ele><time>2024-09-15T13:14:02Z</time></trkpt><trkpt lat="54.981408" lon="25.61211"><ele>157.720</ele><time>2024-09-15T13:14:03Z</time></trkpt><trkpt lat="54.981378" lon="25.611841"><ele>157.609</ele><time>2024-09-15T13:14:04Z</time></trkpt><trkpt lat="54.981347" lon="25.611568"><ele>157.750</ele><time>2024-09-15T13:14:05Z</time></trkpt><trkpt lat="54.981306" lon="25.61131"><ele>158.467</ele><time>2024-09-15T13:14:06Z</time></trkpt><trkpt lat="54.981262" lon="25.611062"><ele>158.863</ele><time>2024-09-15T13:14:07Z</time></trkpt><trkpt lat="54.981225" lon="25.610813"><ele>158.838</ele><time>2024-09-15T13:14:08Z</time></trkpt><trkpt lat="54.98119" lon="25.610595"><ele>158.657</ele><time>2024-09-15T13:14:09Z</time></trkpt><trkpt lat="54.981159" lon="25.610397"><ele>158.541</ele><time>2024-09-15T13:14:10Z</time></trkpt><trkpt lat="54.981146" lon="25.610207"><ele>158.449</ele><time>2024-09-15T13:14:11Z</time></trkpt><trkpt lat="54.981151" lon="25.610017"><ele>158.521</ele><time>2024-09-15T13:14:12Z</time></trkpt><trkpt lat="54.981169" lon="25.609829"><ele>158.516</ele><time>2024-09-15T13:14:13Z</time></trkpt><trkpt lat="54.981207" lon="25.60963"><ele>158.562</ele><time>2024-09-15T13:14:14Z</time></trkpt><trkpt lat="54.981249" lon="25.609418"><ele>158.583</ele><time>2024-09-15T13:14:15Z</time></trkpt><trkpt lat="54.9813" lon="25.6092"><ele>159.111</ele><time>2024-09-15T13:14:16Z</time></trkpt><trkpt lat="54.981354" lon="25.608974"><ele>159.509</ele><time>2024-09-15T13:14:17Z</time></trkpt><trkpt lat="54.981402" lon="25.608747"><ele>159.777</ele><time>2024-09-15T13:14:18Z</time></trkpt><trkpt lat="54.981452" lon="25.608535"><ele>159.994</ele><time>2024-09-15T13:14:19Z</time></trkpt><trkpt lat="54.981502" lon="25.608334"><ele>159.990</ele><time>2024-09-15T13:14:20Z</time></trkpt><trkpt lat="54.981551" lon="25.608141"><ele>159.945</ele><time>2024-09-15T13:14:21Z</time></trkpt><trkpt lat="54.981594" lon="25.607948"><ele>160.564</ele><time>2024-09-15T13:14:22Z</time></trkpt><trkpt lat="54.981631" lon="25.607757"><ele>160.588</ele><time>2024-09-15T13:14:23Z</time></trkpt><trkpt lat="54.981668" lon="25.607564"><ele>160.846</ele><time>2024-09-15T13:14:24Z</time></trkpt><trkpt lat="54.981712" lon="25.607375"><ele>160.988</ele><time>2024-09-15T13:14:25Z</time></trkpt><trkpt lat="54.981753" lon="25.607181"><ele>160.953</ele><time>2024-09-15T13:14:26Z</time></trkpt><trkpt lat="54.981794" lon="25.606995"><ele>160.494</ele><time>2024-09-15T13:14:27Z</time></trkpt><trkpt lat="54.981831" lon="25.606808"><ele>160.457</ele><time>2024-09-15T13:14:28Z</time></trkpt><trkpt lat="54.981881" lon="25.606624"><ele>160.422</ele><time>2024-09-15T13:14:29Z</time></trkpt><trkpt lat="54.981907" lon="25.606441"><ele>160.509</ele><time>2024-09-15T13:14:30Z</time></trkpt><trkpt lat="54.981946" lon="25.606265"><ele>160.670</ele><time>2024-09-15T13:14:31Z</time></trkpt><trkpt lat="54.981979" lon="25.606075"><ele>160.637</ele><time>2024-09-15T13:14:32Z</time></trkpt><trkpt lat="54.982009" lon="25.605893"><ele>160.653</ele><time>2024-09-15T13:14:33Z</time></trkpt><trkpt lat="54.982031" lon="25.605709"><ele>160.618</ele><time>2024-09-15T13:14:34Z</time></trkpt><trkpt lat="54.982042" lon="25.605521"><ele>160.937</ele><time>2024-09-15T13:14:35Z</time></trkpt><trkpt lat="54.982052" lon="25.605328"><ele>161.261</ele><time>2024-09-15T13:14:36Z</time></trkpt><trkpt lat="54.982064" lon="25.605142"><ele>161.259</ele><time>2024-09-15T13:14:37Z</time></trkpt><trkpt lat="54.982074" lon="25.604971"><ele>161.241</ele><time>2024-09-15T13:14:38Z</time></trkpt><trkpt lat="54.982083" lon="25.604785"><ele>161.246</ele><time>2024-09-15T13:14:39Z</time></trkpt><trkpt lat="54.982098" lon="25.604615"><ele>160.843</ele><time>2024-09-15T13:14:40Z</time></trkpt><trkpt lat="54.982128" lon="25.604448"><ele>160.664</ele><time>2024-09-15T13:14:41Z</time></trkpt><trkpt lat="54.98215" lon="25.604281"><ele>160.610</ele><time>2024-09-15T13:14:42Z</time></trkpt><trkpt lat="54.98217" lon="25.604122"><ele>160.609</ele><time>2024-09-15T13:14:43Z</time></trkpt><trkpt lat="54.982186" lon="25.603964"><ele>160.765</ele><time>2024-09-15T13:14:44Z</time></trkpt><trkpt lat="54.982208" lon="25.6038"><ele>161.332</ele><time>2024-09-15T13:14:45Z</time></trkpt><trkpt lat="54.982241" lon="25.603625"><ele>161.628</ele><time>2024-09-15T13:14:46Z</time></trkpt><trkpt lat="54.982272" lon="25.603452"><ele>161.863</ele><time>2024-09-15T13:14:47Z</time></trkpt><trkpt lat="54.9823" lon="25.603277"><ele>162.042</ele><time>2024-09-15T13:14:48Z</time></trkpt><trkpt lat="54.98233" lon="25.603109"><ele>163.176</ele><time>2024-09-15T13:14:49Z</time></trkpt><trkpt lat="54.982362" lon="25.602928"><ele>163.114</ele><time>2024-09-15T13:14:50Z</time></trkpt><trkpt lat="54.982381" lon="25.602748"><ele>162.986</ele><time>2024-09-15T13:14:51Z</time></trkpt><trkpt lat="54.982376" lon="25.602597"><ele>162.151</ele><time>2024-09-15T13:14:52Z</time></trkpt><trkpt lat="54.982364" lon="25.602456"><ele>162.167</ele><time>2024-09-15T13:14:53Z</time></trkpt><trkpt lat="54.982353" lon="25.602323"><ele>162.281</ele><time>2024-09-15T13:14:54Z</time></trkpt><trkpt lat="54.982369" lon="25.602207"><ele>162.219</ele><time>2024-09-15T13:14:55Z</time></trkpt><trkpt lat="54.982385" lon="25.602087"><ele>162.309</ele><time>2024-09-15T13:14:56Z</time></trkpt><trkpt lat="54.982405" lon="25.601958"><ele>162.587</ele><time>2024-09-15T13:14:57Z</time></trkpt><trkpt lat="54.98242" lon="25.601821"><ele>162.734</ele><time>2024-09-15T13:14:58Z</time></trkpt><trkpt lat="54.982406" lon="25.601691"><ele>162.970</ele><time>2024-09-15T13:14:59Z</time></trkpt><trkpt lat="54.9824" lon="25.601541"><ele>162.995</ele><time>2024-09-15T13:15:00Z</time></trkpt><trkpt lat="54.982402" lon="25.60138"><ele>163.174</ele><time>2024-09-15T13:15:01Z</time></trkpt><trkpt lat="54.98241" lon="25.601234"><ele>163.128</ele><time>2024-09-15T13:15:02Z</time></trkpt><trkpt lat="54.982441" lon="25.601096"><ele>163.316</ele><time>2024-09-15T13:15:03Z</time></trkpt><trkpt lat="54.982469" lon="25.60095"><ele>163.548</ele><time>2024-09-15T13:15:04Z</time></trkpt><trkpt lat="54.982501" lon="25.600813"><ele>163.513</ele><time>2024-09-15T13:15:05Z</time></trkpt><trkpt lat="54.982514" lon="25.600681"><ele>163.578</ele><time>2024-09-15T13:15:06Z</time></trkpt><trkpt lat="54.982538" lon="25.600584"><ele>163.533</ele><time>2024-09-15T13:15:07Z</time></trkpt><trkpt lat="54.98257" lon="25.600491"><ele>163.526</ele><time>2024-09-15T13:15:08Z</time></trkpt><trkpt lat="54.982606" lon="25.600404"><ele>163.409</ele><time>2024-09-15T13:15:09Z</time></trkpt><trkpt lat="54.982628" lon="25.600304"><ele>163.438</ele><time>2024-09-15T13:15:10Z</time></trkpt><trkpt lat="54.982633" lon="25.600175"><ele>163.445</ele><time>2024-09-15T13:15:11Z</time></trkpt><trkpt lat="54.98265" lon="25.600021"><ele>163.441</ele><time>2024-09-15T13:15:12Z</time></trkpt><trkpt lat="54.982669" lon="25.599853"><ele>163.436</ele><time>2024-09-15T13:15:13Z</time></trkpt><trkpt lat="54.982692" lon="25.599692"><ele>163.535</ele><time>2024-09-15T13:15:14Z</time></trkpt><trkpt lat="54.982702" lon="25.599529"><ele>163.659</ele><time>2024-09-15T13:15:15Z</time></trkpt><trkpt lat="54.982706" lon="25.599359"><ele>164.157</ele><time>2024-09-15T13:15:16Z</time></trkpt><trkpt lat="54.98271" lon="25.599164"><ele>164.129</ele><time>2024-09-15T13:15:17Z</time></trkpt><trkpt lat="54.982713" lon="25.598962"><ele>164.074</ele><time>2024-09-15T13:15:18Z</time></trkpt><trkpt lat="54.982714" lon="25.598748"><ele>164.075</ele><time>2024-09-15T13:15:19Z</time></trkpt><trkpt lat="54.98273" lon="25.598535"><ele>164.628</ele><time>2024-09-15T13:15:20Z</time></trkpt><trkpt lat="54.982741" lon="25.598319"><ele>165.020</ele><time>2024-09-15T13:15:21Z</time></trkpt><trkpt lat="54.982752" lon="25.598096"><ele>165.309</ele><time>2024-09-15T13:15:22Z</time></trkpt><trkpt lat="54.982728" lon="25.597823"><ele>166.088</ele><time>2024-09-15T13:15:23Z</time></trkpt><trkpt lat="54.982711" lon="25.597548"><ele>165.755</ele><time>2024-09-15T13:15:24Z</time></trkpt><trkpt lat="54.982664" lon="25.597259"><ele>165.241</ele><time>2024-09-15T13:15:25Z</time></trkpt><trkpt lat="54.982612" lon="25.597011"><ele>165.166</ele><time>2024-09-15T13:15:26Z</time></trkpt><trkpt lat="54.98255" lon="25.596798"><ele>165.125</ele><time>2024-09-15T13:15:27Z</time></trkpt><trkpt lat="54.982494" lon="25.59663"><ele>165.319</ele><time>2024-09-15T13:15:28Z</time></trkpt><trkpt lat="54.982451" lon="25.596541"><ele>165.277</ele><time>2024-09-15T13:15:29Z</time></trkpt><trkpt lat="54.982424" lon="25.596458"><ele>165.529</ele><time>2024-09-15T13:15:30Z</time></trkpt><trkpt lat="54.982417" lon="25.596345"><ele>165.894</ele><time>2024-09-15T13:15:31Z</time></trkpt><trkpt lat="54.982448" lon="25.5962"><ele>165.984</ele><time>2024-09-15T13:15:32Z</time></trkpt><trkpt lat="54.982506" lon="25.596006"><ele>165.907</ele><time>2024-09-15T13:15:33Z</time></trkpt><trkpt lat="54.982585" lon="25.595767"><ele>164.817</ele><time>2024-09-15T13:15:34Z</time></trkpt><trkpt lat="54.98268" lon="25.595481"><ele>163.209</ele><time>2024-09-15T13:15:35Z</time></trkpt><trkpt lat="54.982785" lon="25.595172"><ele>162.189</ele><time>2024-09-15T13:15:36Z</time></trkpt><trkpt lat="54.98289" lon="25.594832"><ele>160.796</ele><time>2024-09-15T13:15:37Z</time></trkpt><trkpt lat="54.983006" lon="25.594486"><ele>159.432</ele><time>2024-09-15T13:15:38Z</time></trkpt><trkpt lat="54.983123" lon="25.594123"><ele>158.777</ele><time>2024-09-15T13:15:39Z</time></trkpt><trkpt lat="54.98323" lon="25.593773"><ele>158.746</ele><time>2024-09-15T13:15:40Z</time></trkpt><trkpt lat="54.983317" lon="25.593481"><ele>159.560</ele><time>2024-09-15T13:15:41Z</time></trkpt><trkpt lat="54.9834" lon="25.593214"><ele>160.768</ele><time>2024-09-15T13:15:42Z</time></trkpt><trkpt lat="54.983483" lon="25.592942"><ele>161.820</ele><time>2024-09-15T13:15:43Z</time></trkpt><trkpt lat="54.983565" lon="25.592678"><ele>163.155</ele><time>2024-09-15T13:15:44Z</time></trkpt><trkpt lat="54.983654" lon="25.592394"><ele>164.141</ele><time>2024-09-15T13:15:45Z</time></trkpt><trkpt lat="54.983747" lon="25.592085"><ele>164.281</ele><time>2024-09-15T13:15:46Z</time></trkpt><trkpt lat="54.983848" lon="25.591758"><ele>164.209</ele><time>2024-09-15T13:15:47Z</time></trkpt><trkpt lat="54.983953" lon="25.591413"><ele>164.409</ele><time>2024-09-15T13:15:48Z</time></trkpt><trkpt lat="54.984058" lon="25.591067"><ele>164.445</ele><time>2024-09-15T13:15:49Z</time></trkpt><trkpt lat="54.984159" lon="25.590734"><ele>164.352</ele><time>2024-09-15T13:15:50Z</time></trkpt><trkpt lat="54.984257" lon="25.59042"><ele>164.468</ele><time>2024-09-15T13:15:51Z</time></trkpt><trkpt lat="54.984349" lon="25.590128"><ele>164.633</ele><time>2024-09-15T13:15:52Z</time></trkpt><trkpt lat="54.984442" lon="25.58985"><ele>164.872</ele><time>2024-09-15T13:15:53Z</time></trkpt><trkpt lat="54.984523" lon="25.589598"><ele>164.986</ele><time>2024-09-15T13:15:54Z</time></trkpt><trkpt lat="54.9846" lon="25.589349"><ele>164.714</ele><time>2024-09-15T13:15:55Z</time></trkpt><trkpt lat="54.984681" lon="25.58909"><ele>164.396</ele><time>2024-09-15T13:15:56Z</time></trkpt><trkpt lat="54.98476" lon="25.588836"><ele>164.231</ele><time>2024-09-15T13:15:57Z</time></trkpt><trkpt lat="54.984843" lon="25.588573"><ele>163.967</ele><time>2024-09-15T13:15:58Z</time></trkpt><trkpt lat="54.98493" lon="25.588293"><ele>163.581</ele><time>2024-09-15T13:15:59Z</time></trkpt><trkpt lat="54.985021" lon="25.588012"><ele>163.519</ele><time>2024-09-15T13:16:00Z</time></trkpt><trkpt lat="54.985114" lon="25.587721"><ele>163.609</ele><time>2024-09-15T13:16:01Z</time></trkpt><trkpt lat="54.985207" lon="25.587422"><ele>163.497</ele><time>2024-09-15T13:16:02Z</time></trkpt><trkpt lat="54.985303" lon="25.587119"><ele>163.364</ele><time>2024-09-15T13:16:03Z</time></trkpt><trkpt lat="54.985403" lon="25.58681"><ele>163.490</ele><time>2024-09-15T13:16:04Z</time></trkpt><trkpt lat="54.985499" lon="25.5865"><ele>163.675</ele><time>2024-09-15T13:16:05Z</time></trkpt><trkpt lat="54.985594" lon="25.586198"><ele>163.744</ele><time>2024-09-15T13:16:06Z</time></trkpt><trkpt lat="54.985689" lon="25.585905"><ele>163.568</ele><time>2024-09-15T13:16:07Z</time></trkpt><trkpt lat="54.985783" lon="25.585612"><ele>163.336</ele><time>2024-09-15T13:16:08Z</time></trkpt><trkpt lat="54.985872" lon="25.585324"><ele>163.148</ele><time>2024-09-15T13:16:09Z</time></trkpt><trkpt lat="54.98596" lon="25.585049"><ele>162.993</ele><time>2024-09-15T13:16:10Z</time></trkpt><trkpt lat="54.986048" lon="25.584777"><ele>162.888</ele><time>2024-09-15T13:16:11Z</time></trkpt><trkpt lat="54.986133" lon="25.584509"><ele>162.624</ele><time>2024-09-15T13:16:12Z</time></trkpt><trkpt lat="54.98622" lon="25.58424"><ele>162.526</ele><time>2024-09-15T13:16:13Z</time></trkpt><trkpt lat="54.986306" lon="25.583967"><ele>162.509</ele><time>2024-09-15T13:16:14Z</time></trkpt><trkpt lat="54.986393" lon="25.583694"><ele>162.749</ele><time>2024-09-15T13:16:15Z</time></trkpt><trkpt lat="54.986479" lon="25.583416"><ele>162.756</ele><time>2024-09-15T13:16:16Z</time></trkpt><trkpt lat="54.986566" lon="25.583135"><ele>162.482</ele><time>2024-09-15T13:16:17Z</time></trkpt><trkpt lat="54.98666" lon="25.582852"><ele>162.347</ele><time>2024-09-15T13:16:18Z</time></trkpt><trkpt lat="54.986754" lon="25.582568"><ele>162.496</ele><time>2024-09-15T13:16:19Z</time></trkpt><trkpt lat="54.986846" lon="25.58228"><ele>162.480</ele><time>2024-09-15T13:16:20Z</time></trkpt><trkpt lat="54.986938" lon="25.581989"><ele>162.328</ele><time>2024-09-15T13:16:21Z</time></trkpt><trkpt lat="54.987029" lon="25.581695"><ele>162.210</ele><time>2024-09-15T13:16:22Z</time></trkpt><trkpt lat="54.987124" lon="25.581405"><ele>162.075</ele><time>2024-09-15T13:16:23Z</time></trkpt><trkpt lat="54.987215" lon="25.581106"><ele>161.922</ele><time>2024-09-15T13:16:24Z</time></trkpt><trkpt lat="54.987308" lon="25.580801"><ele>161.962</ele><time>2024-09-15T13:16:25Z</time></trkpt><trkpt lat="54.987404" lon="25.580499"><ele>161.808</ele><time>2024-09-15T13:16:26Z</time></trkpt><trkpt lat="54.987501" lon="25.580191"><ele>161.709</ele><time>2024-09-15T13:16:27Z</time></trkpt><trkpt lat="54.987598" lon="25.579888"><ele>161.553</ele><time>2024-09-15T13:16:28Z</time></trkpt><trkpt lat="54.987696" lon="25.579583"><ele>161.310</ele><time>2024-09-15T13:16:29Z</time></trkpt><trkpt lat="54.987792" lon="25.579271"><ele>160.936</ele><time>2024-09-15T13:16:30Z</time></trkpt><trkpt lat="54.987893" lon="25.578964"><ele>160.451</ele><time>2024-09-15T13:16:31Z</time></trkpt><trkpt lat="54.987992" lon="25.578652"><ele>160.170</ele><time>2024-09-15T13:16:32Z</time></trkpt><trkpt lat="54.988093" lon="25.578337"><ele>159.534</ele><time>2024-09-15T13:16:33Z</time></trkpt><trkpt lat="54.988191" lon="25.578026"><ele>158.872</ele><time>2024-09-15T13:16:34Z</time></trkpt><trkpt lat="54.988285" lon="25.577715"><ele>158.334</ele><time>2024-09-15T13:16:35Z</time></trkpt><trkpt lat="54.988378" lon="25.577409"><ele>157.589</ele><time>2024-09-15T13:16:36Z</time></trkpt><trkpt lat="54.988473" lon="25.577116"><ele>156.939</ele><time>2024-09-15T13:16:37Z</time></trkpt><trkpt lat="54.988563" lon="25.57684"><ele>156.601</ele><time>2024-09-15T13:16:38Z</time></trkpt><trkpt lat="54.988658" lon="25.576553"><ele>156.521</ele><time>2024-09-15T13:16:39Z</time></trkpt><trkpt lat="54.988756" lon="25.57625"><ele>156.509</ele><time>2024-09-15T13:16:40Z</time></trkpt><trkpt lat="54.988854" lon="25.575948"><ele>156.594</ele><time>2024-09-15T13:16:41Z</time></trkpt><trkpt lat="54.988948" lon="25.575648"><ele>156.421</ele><time>2024-09-15T13:16:42Z</time></trkpt><trkpt lat="54.989042" lon="25.575346"><ele>156.537</ele><time>2024-09-15T13:16:43Z</time></trkpt><trkpt lat="54.989137" lon="25.575049"><ele>156.832</ele><time>2024-09-15T13:16:44Z</time></trkpt><trkpt lat="54.98923" lon="25.574752"><ele>156.981</ele><time>2024-09-15T13:16:45Z</time></trkpt><trkpt lat="54.98932" lon="25.574461"><ele>157.155</ele><time>2024-09-15T13:16:46Z</time></trkpt><trkpt lat="54.989411" lon="25.57417"><ele>157.393</ele><time>2024-09-15T13:16:47Z</time></trkpt><trkpt lat="54.9895" lon="25.573872"><ele>157.225</ele><time>2024-09-15T13:16:48Z</time></trkpt><trkpt lat="54.989591" lon="25.573584"><ele>157.110</ele><time>2024-09-15T13:16:49Z</time></trkpt><trkpt lat="54.989679" lon="25.573295"><ele>156.913</ele><time>2024-09-15T13:16:50Z</time></trkpt><trkpt lat="54.98976" lon="25.572998"><ele>156.743</ele><time>2024-09-15T13:16:51Z</time></trkpt><trkpt lat="54.989836" lon="25.572701"><ele>156.707</ele><time>2024-09-15T13:16:52Z</time></trkpt><trkpt lat="54.989909" lon="25.572402"><ele>156.809</ele><time>2024-09-15T13:16:53Z</time></trkpt><trkpt lat="54.989968" lon="25.572092"><ele>156.862</ele><time>2024-09-15T13:16:54Z</time></trkpt><trkpt lat="54.990026" lon="25.571789"><ele>156.919</ele><time>2024-09-15T13:16:55Z</time></trkpt><trkpt lat="54.990087" lon="25.571492"><ele>156.985</ele><time>2024-09-15T13:16:56Z</time></trkpt><trkpt lat="54.990136" lon="25.571194"><ele>156.680</ele><time>2024-09-15T13:16:57Z</time></trkpt><trkpt lat="54.990185" lon="25.570895"><ele>156.459</ele><time>2024-09-15T13:16:58Z</time></trkpt><trkpt lat="54.990234" lon="25.5706"><ele>156.393</ele><time>2024-09-15T13:16:59Z</time></trkpt><trkpt lat="54.990284" lon="25.5703"><ele>156.141</ele><time>2024-09-15T13:17:00Z</time></trkpt><trkpt lat="54.990331" lon="25.570008"><ele>155.953</ele><time>2024-09-15T13:17:01Z</time></trkpt><trkpt lat="54.990378" lon="25.569703"><ele>156.028</ele><time>2024-09-15T13:17:02Z</time></trkpt><trkpt lat="54.990429" lon="25.569407"><ele>156.228</ele><time>2024-09-15T13:17:03Z</time></trkpt><trkpt lat="54.990476" lon="25.569106"><ele>156.389</ele><time>2024-09-15T13:17:04Z</time></trkpt><trkpt lat="54.990521" lon="25.56881"><ele>156.217</ele><time>2024-09-15T13:17:05Z</time></trkpt><trkpt lat="54.990567" lon="25.568505"><ele>155.709</ele><time>2024-09-15T13:17:06Z</time></trkpt><trkpt lat="54.990605" lon="25.568196"><ele>155.493</ele><time>2024-09-15T13:17:07Z</time></trkpt><trkpt lat="54.990647" lon="25.5679"><ele>155.420</ele><time>2024-09-15T13:17:08Z</time></trkpt><trkpt lat="54.990695" lon="25.567604"><ele>155.426</ele><time>2024-09-15T13:17:09Z</time></trkpt><trkpt lat="54.990746" lon="25.567304"><ele>155.571</ele><time>2024-09-15T13:17:10Z</time></trkpt><trkpt lat="54.990796" lon="25.567008"><ele>155.360</ele><time>2024-09-15T13:17:11Z</time></trkpt><trkpt lat="54.990843" lon="25.566713"><ele>154.924</ele><time>2024-09-15T13:17:12Z</time></trkpt><trkpt lat="54.990885" lon="25.566414"><ele>154.742</ele><time>2024-09-15T13:17:13Z</time></trkpt><trkpt lat="54.990925" lon="25.566117"><ele>154.744</ele><time>2024-09-15T13:17:14Z</time></trkpt><trkpt lat="54.990952" lon="25.565809"><ele>154.649</ele><time>2024-09-15T13:17:15Z</time></trkpt><trkpt lat="54.990953" lon="25.565501"><ele>154.437</ele><time>2024-09-15T13:17:16Z</time></trkpt><trkpt lat="54.990928" lon="25.565204"><ele>154.349</ele><time>2024-09-15T13:17:17Z</time></trkpt><trkpt lat="54.990878" lon="25.564947"><ele>154.213</ele><time>2024-09-15T13:17:18Z</time></trkpt><trkpt lat="54.990804" lon="25.564742"><ele>154.309</ele><time>2024-09-15T13:17:19Z</time></trkpt><trkpt lat="54.99074" lon="25.56456"><ele>154.224</ele><time>2024-09-15T13:17:20Z</time></trkpt><trkpt lat="54.990694" lon="25.564389"><ele>154.041</ele><time>2024-09-15T13:17:21Z</time></trkpt><trkpt lat="54.990685" lon="25.564216"><ele>153.987</ele><time>2024-09-15T13:17:22Z</time></trkpt><trkpt lat="54.990707" lon="25.564021"><ele>153.942</ele><time>2024-09-15T13:17:23Z</time></trkpt><trkpt lat="54.990755" lon="25.563804"><ele>153.851</ele><time>2024-09-15T13:17:24Z</time></trkpt><trkpt lat="54.990816" lon="25.563565"><ele>153.555</ele><time>2024-09-15T13:17:25Z</time></trkpt><trkpt lat="54.990881" lon="25.563304"><ele>153.523</ele><time>2024-09-15T13:17:26Z</time></trkpt><trkpt lat="54.990945" lon="25.563035"><ele>153.745</ele><time>2024-09-15T13:17:27Z</time></trkpt><trkpt lat="54.990999" lon="25.562758"><ele>153.830</ele><time>2024-09-15T13:17:28Z</time></trkpt><trkpt lat="54.991058" lon="25.562487"><ele>153.925</ele><time>2024-09-15T13:17:29Z</time></trkpt><trkpt lat="54.991115" lon="25.562211"><ele>154.126</ele><time>2024-09-15T13:17:30Z</time></trkpt><trkpt lat="54.99117" lon="25.561951"><ele>154.408</ele><time>2024-09-15T13:17:31Z</time></trkpt><trkpt lat="54.991228" lon="25.561683"><ele>155.109</ele><time>2024-09-15T13:17:32Z</time></trkpt><trkpt lat="54.991277" lon="25.561416"><ele>155.843</ele><time>2024-09-15T13:17:33Z</time></trkpt><trkpt lat="54.991332" lon="25.561149"><ele>155.840</ele><time>2024-09-15T13:17:34Z</time></trkpt><trkpt lat="54.991389" lon="25.560877"><ele>155.896</ele><time>2024-09-15T13:17:35Z</time></trkpt><trkpt lat="54.991455" lon="25.560609"><ele>155.751</ele><time>2024-09-15T13:17:36Z</time></trkpt><trkpt lat="54.991515" lon="25.560334"><ele>155.460</ele><time>2024-09-15T13:17:37Z</time></trkpt><trkpt lat="54.991569" lon="25.560062"><ele>155.114</ele><time>2024-09-15T13:17:38Z</time></trkpt><trkpt lat="54.991631" lon="25.559797"><ele>154.792</ele><time>2024-09-15T13:17:39Z</time></trkpt><trkpt lat="54.991692" lon="25.55954"><ele>154.314</ele><time>2024-09-15T13:17:40Z</time></trkpt><trkpt lat="54.991756" lon="25.559312"><ele>153.919</ele><time>2024-09-15T13:17:41Z</time></trkpt><trkpt lat="54.991834" lon="25.559112"><ele>153.989</ele><time>2024-09-15T13:17:42Z</time></trkpt><trkpt lat="54.991924" lon="25.558945"><ele>154.006</ele><time>2024-09-15T13:17:43Z</time></trkpt><trkpt lat="54.992014" lon="25.558798"><ele>154.126</ele><time>2024-09-15T13:17:44Z</time></trkpt><trkpt lat="54.992099" lon="25.558654"><ele>153.909</ele><time>2024-09-15T13:17:45Z</time></trkpt><trkpt lat="54.992126" lon="25.558481"><ele>154.059</ele><time>2024-09-15T13:17:46Z</time></trkpt><trkpt lat="54.992145" lon="25.558314"><ele>153.946</ele><time>2024-09-15T13:17:47Z</time></trkpt><trkpt lat="54.992155" lon="25.558136"><ele>154.082</ele><time>2024-09-15T13:17:48Z</time></trkpt><trkpt lat="54.992172" lon="25.557944"><ele>154.047</ele><time>2024-09-15T13:17:49Z</time></trkpt><trkpt lat="54.992166" lon="25.557783"><ele>154.266</ele><time>2024-09-15T13:17:50Z</time></trkpt><trkpt lat="54.992178" lon="25.557588"><ele>154.440</ele><time>2024-09-15T13:17:51Z</time></trkpt><trkpt lat="54.992195" lon="25.557385"><ele>154.958</ele><time>2024-09-15T13:17:52Z</time></trkpt><trkpt lat="54.992219" lon="25.557171"><ele>155.350</ele><time>2024-09-15T13:17:53Z</time></trkpt><trkpt lat="54.992277" lon="25.556961"><ele>155.485</ele><time>2024-09-15T13:17:54Z</time></trkpt><trkpt lat="54.992357" lon="25.556736"><ele>155.751</ele><time>2024-09-15T13:17:55Z</time></trkpt><trkpt lat="54.99245" lon="25.556485"><ele>156.101</ele><time>2024-09-15T13:17:56Z</time></trkpt><trkpt lat="54.992548" lon="25.556216"><ele>156.111</ele><time>2024-09-15T13:17:57Z</time></trkpt><trkpt lat="54.992633" lon="25.555959"><ele>156.109</ele><time>2024-09-15T13:17:58Z</time></trkpt><trkpt lat="54.9927" lon="25.555705"><ele>156.386</ele><time>2024-09-15T13:17:59Z</time></trkpt><trkpt lat="54.992736" lon="25.555457"><ele>156.663</ele><time>2024-09-15T13:18:00Z</time></trkpt><trkpt lat="54.992755" lon="25.555248"><ele>156.569</ele><time>2024-09-15T13:18:01Z</time></trkpt><trkpt lat="54.992757" lon="25.555057"><ele>156.364</ele><time>2024-09-15T13:18:02Z</time></trkpt><trkpt lat="54.992753" lon="25.554858"><ele>156.273</ele><time>2024-09-15T13:18:03Z</time></trkpt><trkpt lat="54.992724" lon="25.554682"><ele>156.157</ele><time>2024-09-15T13:18:04Z</time></trkpt><trkpt lat="54.992685" lon="25.554503"><ele>156.185</ele><time>2024-09-15T13:18:05Z</time></trkpt><trkpt lat="54.992638" lon="25.554333"><ele>156.247</ele><time>2024-09-15T13:18:06Z</time></trkpt><trkpt lat="54.99263" lon="25.554167"><ele>156.282</ele><time>2024-09-15T13:18:07Z</time></trkpt><trkpt lat="54.992636" lon="25.553984"><ele>156.213</ele><time>2024-09-15T13:18:08Z</time></trkpt><trkpt lat="54.992664" lon="25.553796"><ele>156.243</ele><time>2024-09-15T13:18:09Z</time></trkpt><trkpt lat="54.992692" lon="25.553587"><ele>156.807</ele><time>2024-09-15T13:18:10Z</time></trkpt><trkpt lat="54.992715" lon="25.553338"><ele>157.009</ele><time>2024-09-15T13:18:11Z</time></trkpt><trkpt lat="54.992748" lon="25.553079"><ele>157.342</ele><time>2024-09-15T13:18:12Z</time></trkpt><trkpt lat="54.992782" lon="25.552815"><ele>158.799</ele><time>2024-09-15T13:18:13Z</time></trkpt><trkpt lat="54.992811" lon="25.552569"><ele>158.785</ele><time>2024-09-15T13:18:14Z</time></trkpt><trkpt lat="54.992852" lon="25.552338"><ele>158.350</ele><time>2024-09-15T13:18:15Z</time></trkpt><trkpt lat="54.992912" lon="25.552127"><ele>158.059</ele><time>2024-09-15T13:18:16Z</time></trkpt><trkpt lat="54.992989" lon="25.55193"><ele>158.163</ele><time>2024-09-15T13:18:17Z</time></trkpt><trkpt lat="54.993083" lon="25.55177"><ele>158.311</ele><time>2024-09-15T13:18:18Z</time></trkpt><trkpt lat="54.993191" lon="25.551635"><ele>158.373</ele><time>2024-09-15T13:18:19Z</time></trkpt><trkpt lat="54.993297" lon="25.551484"><ele>158.438</ele><time>2024-09-15T13:18:20Z</time></trkpt><trkpt lat="54.993408" lon="25.551321"><ele>158.686</ele><time>2024-09-15T13:18:21Z</time></trkpt><trkpt lat="54.993507" lon="25.551129"><ele>158.760</ele><time>2024-09-15T13:18:22Z</time></trkpt><trkpt lat="54.993613" lon="25.550951"><ele>158.626</ele><time>2024-09-15T13:18:23Z</time></trkpt><trkpt lat="54.993723" lon="25.550821"><ele>158.509</ele><time>2024-09-15T13:18:24Z</time></trkpt><trkpt lat="54.993849" lon="25.550708"><ele>158.619</ele><time>2024-09-15T13:18:25Z</time></trkpt><trkpt lat="54.993986" lon="25.550611"><ele>158.686</ele><time>2024-09-15T13:18:26Z</time></trkpt><trkpt lat="54.994116" lon="25.550518"><ele>158.752</ele><time>2024-09-15T13:18:27Z</time></trkpt><trkpt lat="54.994238" lon="25.550404"><ele>159.017</ele><time>2024-09-15T13:18:28Z</time></trkpt><trkpt lat="54.994351" lon="25.550277"><ele>159.366</ele><time>2024-09-15T13:18:29Z</time></trkpt><trkpt lat="54.994443" lon="25.550133"><ele>159.470</ele><time>2024-09-15T13:18:30Z</time></trkpt><trkpt lat="54.994518" lon="25.550002"><ele>159.478</ele><time>2024-09-15T13:18:31Z</time></trkpt><trkpt lat="54.994566" lon="25.549834"><ele>159.960</ele><time>2024-09-15T13:18:32Z</time></trkpt><trkpt lat="54.994567" lon="25.549636"><ele>160.045</ele><time>2024-09-15T13:18:33Z</time></trkpt><trkpt lat="54.994615" lon="25.549456"><ele>160.484</ele><time>2024-09-15T13:18:34Z</time></trkpt><trkpt lat="54.994656" lon="25.549267"><ele>160.407</ele><time>2024-09-15T13:18:35Z</time></trkpt><trkpt lat="54.994712" lon="25.549064"><ele>160.317</ele><time>2024-09-15T13:18:36Z</time></trkpt><trkpt lat="54.994766" lon="25.548846"><ele>160.109</ele><time>2024-09-15T13:18:37Z</time></trkpt><trkpt lat="54.994829" lon="25.54862"><ele>160.079</ele><time>2024-09-15T13:18:38Z</time></trkpt><trkpt lat="54.994897" lon="25.548382"><ele>159.816</ele><time>2024-09-15T13:18:39Z</time></trkpt><trkpt lat="54.994971" lon="25.548143"><ele>159.392</ele><time>2024-09-15T13:18:40Z</time></trkpt><trkpt lat="54.995032" lon="25.547931"><ele>158.837</ele><time>2024-09-15T13:18:41Z</time></trkpt><trkpt lat="54.995101" lon="25.547737"><ele>158.336</ele><time>2024-09-15T13:18:42Z</time></trkpt><trkpt lat="54.995183" lon="25.547548"><ele>158.060</ele><time>2024-09-15T13:18:43Z</time></trkpt><trkpt lat="54.995262" lon="25.547351"><ele>158.028</ele><time>2024-09-15T13:18:44Z</time></trkpt><trkpt lat="54.995346" lon="25.547155"><ele>158.370</ele><time>2024-09-15T13:18:45Z</time></trkpt><trkpt lat="54.995427" lon="25.546949"><ele>158.825</ele><time>2024-09-15T13:18:46Z</time></trkpt><trkpt lat="54.995505" lon="25.546732"><ele>159.479</ele><time>2024-09-15T13:18:47Z</time></trkpt><trkpt lat="54.995583" lon="25.546523"><ele>159.405</ele><time>2024-09-15T13:18:48Z</time></trkpt><trkpt lat="54.995646" lon="25.546325"><ele>159.025</ele><time>2024-09-15T13:18:49Z</time></trkpt><trkpt lat="54.99568" lon="25.546126"><ele>158.509</ele><time>2024-09-15T13:18:50Z</time></trkpt><trkpt lat="54.995696" lon="25.54591"><ele>158.598</ele><time>2024-09-15T13:18:51Z</time></trkpt><trkpt lat="54.995715" lon="25.545668"><ele>158.515</ele><time>2024-09-15T13:18:52Z</time></trkpt><trkpt lat="54.995741" lon="25.545387"><ele>158.621</ele><time>2024-09-15T13:18:53Z</time></trkpt><trkpt lat="54.995769" lon="25.545135"><ele>159.086</ele><time>2024-09-15T13:18:54Z</time></trkpt><trkpt lat="54.995802" lon="25.544886"><ele>159.425</ele><time>2024-09-15T13:18:55Z</time></trkpt><trkpt lat="54.995825" lon="25.544637"><ele>159.519</ele><time>2024-09-15T13:18:56Z</time></trkpt><trkpt lat="54.995838" lon="25.544386"><ele>159.677</ele><time>2024-09-15T13:18:57Z</time></trkpt><trkpt lat="54.995847" lon="25.544123"><ele>159.789</ele><time>2024-09-15T13:18:58Z</time></trkpt><trkpt lat="54.995866" lon="25.543869"><ele>159.944</ele><time>2024-09-15T13:18:59Z</time></trkpt><trkpt lat="54.995901" lon="25.543613"><ele>160.464</ele><time>2024-09-15T13:19:00Z</time></trkpt><trkpt lat="54.995953" lon="25.543361"><ele>160.906</ele><time>2024-09-15T13:19:01Z</time></trkpt><trkpt lat="54.995997" lon="25.543135"><ele>161.316</ele><time>2024-09-15T13:19:02Z</time></trkpt><trkpt lat="54.996025" lon="25.542903"><ele>161.809</ele><time>2024-09-15T13:19:03Z</time></trkpt><trkpt lat="54.996047" lon="25.542678"><ele>162.087</ele><time>2024-09-15T13:19:04Z</time></trkpt><trkpt lat="54.996071" lon="25.542459"><ele>161.944</ele><time>2024-09-15T13:19:05Z</time></trkpt><trkpt lat="54.996114" lon="25.542262"><ele>161.370</ele><time>2024-09-15T13:19:06Z</time></trkpt><trkpt lat="54.996134" lon="25.54206"><ele>161.225</ele><time>2024-09-15T13:19:07Z</time></trkpt><trkpt lat="54.996124" lon="25.541857"><ele>161.254</ele><time>2024-09-15T13:19:08Z</time></trkpt><trkpt lat="54.996123" lon="25.541629"><ele>161.268</ele><time>2024-09-15T13:19:09Z</time></trkpt><trkpt lat="54.996141" lon="25.541372"><ele>161.736</ele><time>2024-09-15T13:19:10Z</time></trkpt><trkpt lat="54.996152" lon="25.541139"><ele>162.028</ele><time>2024-09-15T13:19:11Z</time></trkpt><trkpt lat="54.996165" lon="25.540916"><ele>162.413</ele><time>2024-09-15T13:19:12Z</time></trkpt><trkpt lat="54.996162" lon="25.540726"><ele>162.378</ele><time>2024-09-15T13:19:13Z</time></trkpt><trkpt lat="54.996162" lon="25.540562"><ele>162.233</ele><time>2024-09-15T13:19:14Z</time></trkpt><trkpt lat="54.996175" lon="25.540423"><ele>162.126</ele><time>2024-09-15T13:19:15Z</time></trkpt><trkpt lat="54.996206" lon="25.540281"><ele>161.909</ele><time>2024-09-15T13:19:16Z</time></trkpt><trkpt lat="54.996246" lon="25.540126"><ele>161.828</ele><time>2024-09-15T13:19:17Z</time></trkpt><trkpt lat="54.996304" lon="25.539943"><ele>161.865</ele><time>2024-09-15T13:19:18Z</time></trkpt><trkpt lat="54.996354" lon="25.539812"><ele>161.911</ele><time>2024-09-15T13:19:19Z</time></trkpt><trkpt lat="54.996401" lon="25.539748"><ele>162.296</ele><time>2024-09-15T13:19:20Z</time></trkpt><trkpt lat="54.996442" lon="25.539711"><ele>162.275</ele><time>2024-09-15T13:19:21Z</time></trkpt><trkpt lat="54.996486" lon="25.53965"><ele>162.169</ele><time>2024-09-15T13:19:23Z</time></trkpt><trkpt lat="54.996533" lon="25.539591"><ele>161.897</ele><time>2024-09-15T13:19:25Z</time></trkpt><trkpt lat="54.996579" lon="25.539527"><ele>161.619</ele><time>2024-09-15T13:19:26Z</time></trkpt><trkpt lat="54.996629" lon="25.539451"><ele>161.624</ele><time>2024-09-15T13:19:27Z</time></trkpt><trkpt lat="54.99669" lon="25.539355"><ele>161.576</ele><time>2024-09-15T13:19:28Z</time></trkpt><trkpt lat="54.996758" lon="25.539268"><ele>161.590</ele><time>2024-09-15T13:19:29Z</time></trkpt><trkpt lat="54.996825" lon="25.539188"><ele>161.519</ele><time>2024-09-15T13:19:30Z</time></trkpt><trkpt lat="54.996888" lon="25.539091"><ele>161.409</ele><time>2024-09-15T13:19:31Z</time></trkpt><trkpt lat="54.99693" lon="25.538957"><ele>161.358</ele><time>2024-09-15T13:19:32Z</time></trkpt><trkpt lat="54.996971" lon="25.53881"><ele>161.245</ele><time>2024-09-15T13:19:33Z</time></trkpt><trkpt lat="54.997011" lon="25.538656"><ele>161.231</ele><time>2024-09-15T13:19:34Z</time></trkpt><trkpt lat="54.997046" lon="25.538534"><ele>161.136</ele><time>2024-09-15T13:19:35Z</time></trkpt><trkpt lat="54.997089" lon="25.538433"><ele>160.835</ele><time>2024-09-15T13:19:36Z</time></trkpt><trkpt lat="54.99717" lon="25.538384"><ele>160.669</ele><time>2024-09-15T13:19:37Z</time></trkpt><trkpt lat="54.997253" lon="25.538339"><ele>160.667</ele><time>2024-09-15T13:19:38Z</time></trkpt><trkpt lat="54.99734" lon="25.538279"><ele>160.769</ele><time>2024-09-15T13:19:39Z</time></trkpt><trkpt lat="54.997432" lon="25.538216"><ele>160.784</ele><time>2024-09-15T13:19:40Z</time></trkpt><trkpt lat="54.997509" lon="25.538128"><ele>160.549</ele><time>2024-09-15T13:19:41Z</time></trkpt><trkpt lat="54.997574" lon="25.538022"><ele>160.502</ele><time>2024-09-15T13:19:42Z</time></trkpt><trkpt lat="54.997628" lon="25.537863"><ele>160.522</ele><time>2024-09-15T13:19:43Z</time></trkpt><trkpt lat="54.99767" lon="25.537668"><ele>160.509</ele><time>2024-09-15T13:19:44Z</time></trkpt><trkpt lat="54.99772" lon="25.537466"><ele>160.515</ele><time>2024-09-15T13:19:45Z</time></trkpt><trkpt lat="54.997765" lon="25.537252"><ele>160.832</ele><time>2024-09-15T13:19:46Z</time></trkpt><trkpt lat="54.997807" lon="25.537048"><ele>160.948</ele><time>2024-09-15T13:19:47Z</time></trkpt><trkpt lat="54.997841" lon="25.536828"><ele>161.283</ele><time>2024-09-15T13:19:48Z</time></trkpt><trkpt lat="54.997864" lon="25.536595"><ele>162.152</ele><time>2024-09-15T13:19:49Z</time></trkpt><trkpt lat="54.997894" lon="25.536393"><ele>162.146</ele><time>2024-09-15T13:19:50Z</time></trkpt><trkpt lat="54.997919" lon="25.53619"><ele>162.174</ele><time>2024-09-15T13:19:51Z</time></trkpt><trkpt lat="54.997939" lon="25.535991"><ele>162.136</ele><time>2024-09-15T13:19:52Z</time></trkpt><trkpt lat="54.99796" lon="25.535797"><ele>162.291</ele><time>2024-09-15T13:19:53Z</time></trkpt><trkpt lat="54.997989" lon="25.535609"><ele>162.794</ele><time>2024-09-15T13:19:54Z</time></trkpt><trkpt lat="54.998042" lon="25.535452"><ele>162.957</ele><time>2024-09-15T13:19:55Z</time></trkpt><trkpt lat="54.998117" lon="25.535311"><ele>163.122</ele><time>2024-09-15T13:19:56Z</time></trkpt><trkpt lat="54.998198" lon="25.535155"><ele>163.309</ele><time>2024-09-15T13:19:57Z</time></trkpt><trkpt lat="54.998281" lon="25.534994"><ele>163.820</ele><time>2024-09-15T13:19:58Z</time></trkpt><trkpt lat="54.998348" lon="25.534836"><ele>164.057</ele><time>2024-09-15T13:19:59Z</time></trkpt><trkpt lat="54.998444" lon="25.534751"><ele>164.143</ele><time>2024-09-15T13:20:00Z</time></trkpt><trkpt lat="54.998547" lon="25.534659"><ele>164.258</ele><time>2024-09-15T13:20:01Z</time></trkpt><trkpt lat="54.99862" lon="25.534562"><ele>164.287</ele><time>2024-09-15T13:20:02Z</time></trkpt><trkpt lat="54.998684" lon="25.534458"><ele>164.361</ele><time>2024-09-15T13:20:03Z</time></trkpt><trkpt lat="54.998702" lon="25.534275"><ele>164.029</ele><time>2024-09-15T13:20:04Z</time></trkpt><trkpt lat="54.998702" lon="25.534046"><ele>164.331</ele><time>2024-09-15T13:20:05Z</time></trkpt><trkpt lat="54.998704" lon="25.533833"><ele>164.136</ele><time>2024-09-15T13:20:06Z</time></trkpt><trkpt lat="54.998713" lon="25.533688"><ele>164.196</ele><time>2024-09-15T13:20:07Z</time></trkpt><trkpt lat="54.998744" lon="25.533574"><ele>163.931</ele><time>2024-09-15T13:20:08Z</time></trkpt><trkpt lat="54.998812" lon="25.53351"><ele>163.924</ele><time>2024-09-15T13:20:09Z</time></trkpt><trkpt lat="54.998902" lon="25.53345"><ele>164.009</ele><time>2024-09-15T13:20:10Z</time></trkpt><trkpt lat="54.998973" lon="25.533369"><ele>164.150</ele><time>2024-09-15T13:20:11Z</time></trkpt><trkpt lat="54.999027" lon="25.533252"><ele>164.167</ele><time>2024-09-15T13:20:12Z</time></trkpt><trkpt lat="54.999067" lon="25.533105"><ele>163.873</ele><time>2024-09-15T13:20:13Z</time></trkpt><trkpt lat="54.999065" lon="25.532877"><ele>163.438</ele><time>2024-09-15T13:20:14Z</time></trkpt><trkpt lat="54.999076" lon="25.53267"><ele>163.227</ele><time>2024-09-15T13:20:15Z</time></trkpt><trkpt lat="54.999057" lon="25.532456"><ele>163.141</ele><time>2024-09-15T13:20:16Z</time></trkpt><trkpt lat="54.999049" lon="25.532243"><ele>162.579</ele><time>2024-09-15T13:20:17Z</time></trkpt><trkpt lat="54.998968" lon="25.531994"><ele>161.931</ele><time>2024-09-15T13:20:18Z</time></trkpt><trkpt lat="54.99892" lon="25.531771"><ele>161.186</ele><time>2024-09-15T13:20:19Z</time></trkpt><trkpt lat="54.998902" lon="25.531556"><ele>161.334</ele><time>2024-09-15T13:20:20Z</time></trkpt><trkpt lat="54.998907" lon="25.531316"><ele>161.555</ele><time>2024-09-15T13:20:21Z</time></trkpt><trkpt lat="54.998917" lon="25.531084"><ele>161.710</ele><time>2024-09-15T13:20:22Z</time></trkpt><trkpt lat="54.998915" lon="25.530849"><ele>161.609</ele><time>2024-09-15T13:20:23Z</time></trkpt><trkpt lat="54.998836" lon="25.530596"><ele>161.454</ele><time>2024-09-15T13:20:24Z</time></trkpt><trkpt lat="54.998769" lon="25.530332"><ele>161.021</ele><time>2024-09-15T13:20:25Z</time></trkpt><trkpt lat="54.998683" lon="25.530042"><ele>161.317</ele><time>2024-09-15T13:20:26Z</time></trkpt><trkpt lat="54.998588" lon="25.529736"><ele>161.552</ele><time>2024-09-15T13:20:27Z</time></trkpt><trkpt lat="54.998489" lon="25.529419"><ele>162.031</ele><time>2024-09-15T13:20:28Z</time></trkpt><trkpt lat="54.998377" lon="25.529086"><ele>162.375</ele><time>2024-09-15T13:20:29Z</time></trkpt><trkpt lat="54.998249" lon="25.528743"><ele>162.133</ele><time>2024-09-15T13:20:30Z</time></trkpt><trkpt lat="54.998128" lon="25.528388"><ele>161.755</ele><time>2024-09-15T13:20:31Z</time></trkpt><trkpt lat="54.998007" lon="25.528064"><ele>161.360</ele><time>2024-09-15T13:20:32Z</time></trkpt><trkpt lat="54.997878" lon="25.527721"><ele>161.475</ele><time>2024-09-15T13:20:33Z</time></trkpt><trkpt lat="54.997772" lon="25.527359"><ele>162.028</ele><time>2024-09-15T13:20:34Z</time></trkpt><trkpt lat="54.997683" lon="25.526984"><ele>162.620</ele><time>2024-09-15T13:20:35Z</time></trkpt><trkpt lat="54.997594" lon="25.526635"><ele>163.409</ele><time>2024-09-15T13:20:36Z</time></trkpt><trkpt lat="54.997496" lon="25.526332"><ele>164.118</ele><time>2024-09-15T13:20:37Z</time></trkpt><trkpt lat="54.997373" lon="25.52604"><ele>165.055</ele><time>2024-09-15T13:20:38Z</time></trkpt><trkpt lat="54.997245" lon="25.525782"><ele>165.591</ele><time>2024-09-15T13:20:39Z</time></trkpt><trkpt lat="54.997107" lon="25.525549"><ele>165.496</ele><time>2024-09-15T13:20:40Z</time></trkpt><trkpt lat="54.996977" lon="25.525323"><ele>165.215</ele><time>2024-09-15T13:20:41Z</time></trkpt><trkpt lat="54.99686" lon="25.525092"><ele>165.329</ele><time>2024-09-15T13:20:42Z</time></trkpt><trkpt lat="54.996765" lon="25.524871"><ele>165.567</ele><time>2024-09-15T13:20:43Z</time></trkpt><trkpt lat="54.996695" lon="25.52464"><ele>165.279</ele><time>2024-09-15T13:20:44Z</time></trkpt><trkpt lat="54.996646" lon="25.524382"><ele>165.374</ele><time>2024-09-15T13:20:45Z</time></trkpt><trkpt lat="54.996612" lon="25.524123"><ele>165.281</ele><time>2024-09-15T13:20:46Z</time></trkpt><trkpt lat="54.996562" lon="25.523888"><ele>164.961</ele><time>2024-09-15T13:20:47Z</time></trkpt><trkpt lat="54.996489" lon="25.523664"><ele>164.817</ele><time>2024-09-15T13:20:48Z</time></trkpt><trkpt lat="54.99641" lon="25.523435"><ele>164.909</ele><time>2024-09-15T13:20:49Z</time></trkpt><trkpt lat="54.996273" lon="25.523226"><ele>164.939</ele><time>2024-09-15T13:20:50Z</time></trkpt><trkpt lat="54.996134" lon="25.522986"><ele>164.646</ele><time>2024-09-15T13:20:51Z</time></trkpt><trkpt lat="54.996005" lon="25.522705"><ele>164.292</ele><time>2024-09-15T13:20:52Z</time></trkpt><trkpt lat="54.995875" lon="25.522406"><ele>163.767</ele><time>2024-09-15T13:20:53Z</time></trkpt><trkpt lat="54.995752" lon="25.522068"><ele>163.346</ele><time>2024-09-15T13:20:54Z</time></trkpt><trkpt lat="54.995626" lon="25.521748"><ele>163.440</ele><time>2024-09-15T13:20:55Z</time></trkpt><trkpt lat="54.995485" lon="25.521424"><ele>164.188</ele><time>2024-09-15T13:20:56Z</time></trkpt><trkpt lat="54.995328" lon="25.5211"><ele>164.390</ele><time>2024-09-15T13:20:57Z</time></trkpt><trkpt lat="54.995189" lon="25.520796"><ele>164.235</ele><time>2024-09-15T13:20:58Z</time></trkpt><trkpt lat="54.995073" lon="25.520504"><ele>164.458</ele><time>2024-09-15T13:20:59Z</time></trkpt><trkpt lat="54.994963" lon="25.520206"><ele>164.652</ele><time>2024-09-15T13:21:00Z</time></trkpt><trkpt lat="54.994893" lon="25.51995"><ele>164.817</ele><time>2024-09-15T13:21:01Z</time></trkpt><trkpt lat="54.994795" lon="25.519716"><ele>164.109</ele><time>2024-09-15T13:21:02Z</time></trkpt><trkpt lat="54.994679" lon="25.519506"><ele>163.276</ele><time>2024-09-15T13:21:03Z</time></trkpt><trkpt lat="54.994531" lon="25.519287"><ele>162.923</ele><time>2024-09-15T13:21:04Z</time></trkpt><trkpt lat="54.994391" lon="25.519099"><ele>162.459</ele><time>2024-09-15T13:21:05Z</time></trkpt><trkpt lat="54.994251" lon="25.518926"><ele>162.244</ele><time>2024-09-15T13:21:06Z</time></trkpt><trkpt lat="54.99411" lon="25.518789"><ele>162.573</ele><time>2024-09-15T13:21:07Z</time></trkpt><trkpt lat="54.993968" lon="25.518681"><ele>162.677</ele><time>2024-09-15T13:21:08Z</time></trkpt><trkpt lat="54.993822" lon="25.518572"><ele>163.045</ele><time>2024-09-15T13:21:09Z</time></trkpt><trkpt lat="54.993678" lon="25.518464"><ele>164.027</ele><time>2024-09-15T13:21:10Z</time></trkpt><trkpt lat="54.993535" lon="25.518354"><ele>164.722</ele><time>2024-09-15T13:21:11Z</time></trkpt><trkpt lat="54.993392" lon="25.518247"><ele>165.174</ele><time>2024-09-15T13:21:12Z</time></trkpt><trkpt lat="54.993253" lon="25.518145"><ele>165.356</ele><time>2024-09-15T13:21:13Z</time></trkpt><trkpt lat="54.993118" lon="25.518043"><ele>165.521</ele><time>2024-09-15T13:21:14Z</time></trkpt><trkpt lat="54.992981" lon="25.517929"><ele>165.609</ele><time>2024-09-15T13:21:15Z</time></trkpt><trkpt lat="54.992841" lon="25.517813"><ele>165.568</ele><time>2024-09-15T13:21:16Z</time></trkpt><trkpt lat="54.992698" lon="25.51769"><ele>165.125</ele><time>2024-09-15T13:21:17Z</time></trkpt><trkpt lat="54.992548" lon="25.517558"><ele>164.861</ele><time>2024-09-15T13:21:18Z</time></trkpt><trkpt lat="54.992394" lon="25.517437"><ele>164.726</ele><time>2024-09-15T13:21:19Z</time></trkpt><trkpt lat="54.992238" lon="25.517314"><ele>164.515</ele><time>2024-09-15T13:21:20Z</time></trkpt><trkpt lat="54.992077" lon="25.517193"><ele>164.219</ele><time>2024-09-15T13:21:21Z</time></trkpt><trkpt lat="54.99191" lon="25.517075"><ele>163.997</ele><time>2024-09-15T13:21:22Z</time></trkpt><trkpt lat="54.991745" lon="25.516953"><ele>163.639</ele><time>2024-09-15T13:21:23Z</time></trkpt><trkpt lat="54.991585" lon="25.516833"><ele>163.044</ele><time>2024-09-15T13:21:24Z</time></trkpt><trkpt lat="54.99143" lon="25.516715"><ele>162.339</ele><time>2024-09-15T13:21:25Z</time></trkpt><trkpt lat="54.991264" lon="25.516591"><ele>162.001</ele><time>2024-09-15T13:21:26Z</time></trkpt><trkpt lat="54.991094" lon="25.516495"><ele>161.721</ele><time>2024-09-15T13:21:27Z</time></trkpt><trkpt lat="54.99093" lon="25.516427"><ele>161.309</ele><time>2024-09-15T13:21:28Z</time></trkpt><trkpt lat="54.990772" lon="25.516372"><ele>161.174</ele><time>2024-09-15T13:21:29Z</time></trkpt><trkpt lat="54.990626" lon="25.516276"><ele>161.261</ele><time>2024-09-15T13:21:30Z</time></trkpt><trkpt lat="54.99048" lon="25.516135"><ele>161.297</ele><time>2024-09-15T13:21:31Z</time></trkpt><trkpt lat="54.990343" lon="25.51593"><ele>161.412</ele><time>2024-09-15T13:21:32Z</time></trkpt><trkpt lat="54.990205" lon="25.515694"><ele>161.941</ele><time>2024-09-15T13:21:33Z</time></trkpt><trkpt lat="54.990064" lon="25.515449"><ele>162.665</ele><time>2024-09-15T13:21:34Z</time></trkpt><trkpt lat="54.98992" lon="25.515199"><ele>163.493</ele><time>2024-09-15T13:21:35Z</time></trkpt><trkpt lat="54.989769" lon="25.514942"><ele>164.455</ele><time>2024-09-15T13:21:36Z</time></trkpt><trkpt lat="54.989611" lon="25.514677"><ele>165.540</ele><time>2024-09-15T13:21:37Z</time></trkpt><trkpt lat="54.989453" lon="25.514409"><ele>166.795</ele><time>2024-09-15T13:21:38Z</time></trkpt><trkpt lat="54.989294" lon="25.514137"><ele>168.249</ele><time>2024-09-15T13:21:39Z</time></trkpt><trkpt lat="54.989135" lon="25.513882"><ele>169.323</ele><time>2024-09-15T13:21:40Z</time></trkpt><trkpt lat="54.988979" lon="25.513658"><ele>170.009</ele><time>2024-09-15T13:21:41Z</time></trkpt><trkpt lat="54.988831" lon="25.51347"><ele>170.750</ele><time>2024-09-15T13:21:42Z</time></trkpt><trkpt lat="54.988691" lon="25.513308"><ele>171.417</ele><time>2024-09-15T13:21:43Z</time></trkpt><trkpt lat="54.988564" lon="25.513179"><ele>171.993</ele><time>2024-09-15T13:21:44Z</time></trkpt><trkpt lat="54.988447" lon="25.513063"><ele>172.688</ele><time>2024-09-15T13:21:45Z</time></trkpt><trkpt lat="54.988336" lon="25.512961"><ele>173.277</ele><time>2024-09-15T13:21:46Z</time></trkpt><trkpt lat="54.988232" lon="25.512868"><ele>173.381</ele><time>2024-09-15T13:21:47Z</time></trkpt><trkpt lat="54.98814" lon="25.512797"><ele>174.139</ele><time>2024-09-15T13:21:48Z</time></trkpt><trkpt lat="54.98806" lon="25.512741"><ele>174.661</ele><time>2024-09-15T13:21:49Z</time></trkpt><trkpt lat="54.988007" lon="25.512679"><ele>174.926</ele><time>2024-09-15T13:21:50Z</time></trkpt><trkpt lat="54.987976" lon="25.512601"><ele>174.968</ele><time>2024-09-15T13:21:51Z</time></trkpt><trkpt lat="54.987976" lon="25.512495"><ele>175.042</ele><time>2024-09-15T13:21:52Z</time></trkpt><trkpt lat="54.987994" lon="25.512344"><ele>175.126</ele><time>2024-09-15T13:21:53Z</time></trkpt><trkpt lat="54.988024" lon="25.51215"><ele>175.309</ele><time>2024-09-15T13:21:54Z</time></trkpt><trkpt lat="54.988075" lon="25.511907"><ele>175.457</ele><time>2024-09-15T13:21:55Z</time></trkpt><trkpt lat="54.98813" lon="25.511636"><ele>175.474</ele><time>2024-09-15T13:21:56Z</time></trkpt><trkpt lat="54.988194" lon="25.511364"><ele>175.650</ele><time>2024-09-15T13:21:57Z</time></trkpt><trkpt lat="54.988262" lon="25.51111"><ele>175.585</ele><time>2024-09-15T13:21:58Z</time></trkpt><trkpt lat="54.98834" lon="25.510873"><ele>175.524</ele><time>2024-09-15T13:21:59Z</time></trkpt><trkpt lat="54.988424" lon="25.510633"><ele>175.598</ele><time>2024-09-15T13:22:00Z</time></trkpt><trkpt lat="54.988518" lon="25.510397"><ele>175.646</ele><time>2024-09-15T13:22:01Z</time></trkpt><trkpt lat="54.988617" lon="25.510164"><ele>175.788</ele><time>2024-09-15T13:22:02Z</time></trkpt><trkpt lat="54.988729" lon="25.509936"><ele>175.933</ele><time>2024-09-15T13:22:03Z</time></trkpt><trkpt lat="54.98885" lon="25.509698"><ele>176.241</ele><time>2024-09-15T13:22:04Z</time></trkpt><trkpt lat="54.988981" lon="25.509461"><ele>176.381</ele><time>2024-09-15T13:22:05Z</time></trkpt><trkpt lat="54.989111" lon="25.509225"><ele>176.209</ele><time>2024-09-15T13:22:06Z</time></trkpt><trkpt lat="54.989239" lon="25.508995"><ele>176.009</ele><time>2024-09-15T13:22:07Z</time></trkpt><trkpt lat="54.989357" lon="25.508784"><ele>176.025</ele><time>2024-09-15T13:22:08Z</time></trkpt><trkpt lat="54.98946" lon="25.508584"><ele>176.292</ele><time>2024-09-15T13:22:09Z</time></trkpt><trkpt lat="54.989564" lon="25.508384"><ele>176.438</ele><time>2024-09-15T13:22:10Z</time></trkpt><trkpt lat="54.98967" lon="25.508196"><ele>176.423</ele><time>2024-09-15T13:22:11Z</time></trkpt><trkpt lat="54.989769" lon="25.508034"><ele>176.652</ele><time>2024-09-15T13:22:12Z</time></trkpt><trkpt lat="54.989862" lon="25.507897"><ele>177.276</ele><time>2024-09-15T13:22:13Z</time></trkpt><trkpt lat="54.989946" lon="25.507786"><ele>177.684</ele><time>2024-09-15T13:22:14Z</time></trkpt><trkpt lat="54.99002" lon="25.507679"><ele>177.816</ele><time>2024-09-15T13:22:15Z</time></trkpt><trkpt lat="54.990033" lon="25.507557"><ele>177.951</ele><time>2024-09-15T13:22:16Z</time></trkpt><trkpt lat="54.990033" lon="25.507451"><ele>178.047</ele><time>2024-09-15T13:22:17Z</time></trkpt><trkpt lat="54.990027" lon="25.507364"><ele>177.929</ele><time>2024-09-15T13:22:18Z</time></trkpt><trkpt lat="54.989982" lon="25.50721"><ele>177.921</ele><time>2024-09-15T13:22:20Z</time></trkpt><trkpt lat="54.989916" lon="25.507112"><ele>177.909</ele><time>2024-09-15T13:22:21Z</time></trkpt><trkpt lat="54.989819" lon="25.50703"><ele>177.945</ele><time>2024-09-15T13:22:22Z</time></trkpt><trkpt lat="54.989704" lon="25.506952"><ele>178.542</ele><time>2024-09-15T13:22:23Z</time></trkpt><trkpt lat="54.989574" lon="25.506851"><ele>178.878</ele><time>2024-09-15T13:22:24Z</time></trkpt><trkpt lat="54.989424" lon="25.506748"><ele>179.133</ele><time>2024-09-15T13:22:25Z</time></trkpt><trkpt lat="54.989266" lon="25.50663"><ele>178.972</ele><time>2024-09-15T13:22:26Z</time></trkpt><trkpt lat="54.989094" lon="25.506505"><ele>178.136</ele><time>2024-09-15T13:22:27Z</time></trkpt><trkpt lat="54.98892" lon="25.506372"><ele>176.894</ele><time>2024-09-15T13:22:28Z</time></trkpt><trkpt lat="54.988744" lon="25.506235"><ele>175.726</ele><time>2024-09-15T13:22:29Z</time></trkpt><trkpt lat="54.988572" lon="25.5061"><ele>175.371</ele><time>2024-09-15T13:22:30Z</time></trkpt><trkpt lat="54.988403" lon="25.505965"><ele>175.454</ele><time>2024-09-15T13:22:31Z</time></trkpt><trkpt lat="54.988238" lon="25.505828"><ele>175.656</ele><time>2024-09-15T13:22:32Z</time></trkpt><trkpt lat="54.988072" lon="25.50569"><ele>176.111</ele><time>2024-09-15T13:22:33Z</time></trkpt><trkpt lat="54.987911" lon="25.50556"><ele>176.909</ele><time>2024-09-15T13:22:34Z</time></trkpt><trkpt lat="54.98776" lon="25.505448"><ele>177.676</ele><time>2024-09-15T13:22:35Z</time></trkpt><trkpt lat="54.98762" lon="25.50534"><ele>177.833</ele><time>2024-09-15T13:22:36Z</time></trkpt><trkpt lat="54.987478" lon="25.505224"><ele>177.679</ele><time>2024-09-15T13:22:37Z</time></trkpt><trkpt lat="54.98734" lon="25.505119"><ele>177.324</ele><time>2024-09-15T13:22:38Z</time></trkpt><trkpt lat="54.987201" lon="25.505"><ele>177.443</ele><time>2024-09-15T13:22:39Z</time></trkpt><trkpt lat="54.98707" lon="25.504883"><ele>177.787</ele><time>2024-09-15T13:22:40Z</time></trkpt><trkpt lat="54.986931" lon="25.504768"><ele>177.955</ele><time>2024-09-15T13:22:41Z</time></trkpt><trkpt lat="54.986786" lon="25.504662"><ele>178.247</ele><time>2024-09-15T13:22:42Z</time></trkpt><trkpt lat="54.986635" lon="25.504545"><ele>179.192</ele><time>2024-09-15T13:22:43Z</time></trkpt><trkpt lat="54.986482" lon="25.504422"><ele>179.711</ele><time>2024-09-15T13:22:44Z</time></trkpt><trkpt lat="54.986326" lon="25.504292"><ele>179.921</ele><time>2024-09-15T13:22:45Z</time></trkpt><trkpt lat="54.986164" lon="25.504163"><ele>180.103</ele><time>2024-09-15T13:22:46Z</time></trkpt><trkpt lat="54.986013" lon="25.504038"><ele>180.309</ele><time>2024-09-15T13:22:47Z</time></trkpt><trkpt lat="54.985859" lon="25.503918"><ele>181.132</ele><time>2024-09-15T13:22:48Z</time></trkpt><trkpt lat="54.985705" lon="25.503795"><ele>182.219</ele><time>2024-09-15T13:22:49Z</time></trkpt><trkpt lat="54.985547" lon="25.503668"><ele>182.595</ele><time>2024-09-15T13:22:50Z</time></trkpt><trkpt lat="54.985381" lon="25.503542"><ele>182.350</ele><time>2024-09-15T13:22:51Z</time></trkpt><trkpt lat="54.985221" lon="25.503413"><ele>182.329</ele><time>2024-09-15T13:22:52Z</time></trkpt><trkpt lat="54.985059" lon="25.503279"><ele>182.293</ele><time>2024-09-15T13:22:53Z</time></trkpt><trkpt lat="54.984891" lon="25.503146"><ele>182.281</ele><time>2024-09-15T13:22:54Z</time></trkpt><trkpt lat="54.984727" lon="25.503017"><ele>182.363</ele><time>2024-09-15T13:22:55Z</time></trkpt><trkpt lat="54.98456" lon="25.502886"><ele>182.218</ele><time>2024-09-15T13:22:56Z</time></trkpt><trkpt lat="54.984392" lon="25.502747"><ele>182.132</ele><time>2024-09-15T13:22:57Z</time></trkpt><trkpt lat="54.984225" lon="25.502612"><ele>181.892</ele><time>2024-09-15T13:22:58Z</time></trkpt><trkpt lat="54.984059" lon="25.502478"><ele>181.811</ele><time>2024-09-15T13:22:59Z</time></trkpt><trkpt lat="54.983896" lon="25.502346"><ele>182.409</ele><time>2024-09-15T13:23:00Z</time></trkpt><trkpt lat="54.983733" lon="25.502216"><ele>182.914</ele><time>2024-09-15T13:23:01Z</time></trkpt><trkpt lat="54.983568" lon="25.502082"><ele>183.291</ele><time>2024-09-15T13:23:02Z</time></trkpt><trkpt lat="54.983398" lon="25.501951"><ele>183.557</ele><time>2024-09-15T13:23:03Z</time></trkpt><trkpt lat="54.983232" lon="25.501816"><ele>183.832</ele><time>2024-09-15T13:23:04Z</time></trkpt><trkpt lat="54.983066" lon="25.501692"><ele>184.071</ele><time>2024-09-15T13:23:05Z</time></trkpt><trkpt lat="54.98289" lon="25.501552"><ele>184.445</ele><time>2024-09-15T13:23:06Z</time></trkpt><trkpt lat="54.982703" lon="25.50141"><ele>184.833</ele><time>2024-09-15T13:23:07Z</time></trkpt><trkpt lat="54.982514" lon="25.501253"><ele>184.925</ele><time>2024-09-15T13:23:08Z</time></trkpt><trkpt lat="54.98232" lon="25.501098"><ele>184.920</ele><time>2024-09-15T13:23:09Z</time></trkpt><trkpt lat="54.982146" lon="25.500959"><ele>184.743</ele><time>2024-09-15T13:23:10Z</time></trkpt><trkpt lat="54.981973" lon="25.500835"><ele>184.264</ele><time>2024-09-15T13:23:11Z</time></trkpt><trkpt lat="54.981819" lon="25.500739"><ele>184.010</ele><time>2024-09-15T13:23:12Z</time></trkpt><trkpt lat="54.981674" lon="25.500658"><ele>183.609</ele><time>2024-09-15T13:23:13Z</time></trkpt><trkpt lat="54.981541" lon="25.500583"><ele>183.415</ele><time>2024-09-15T13:23:14Z</time></trkpt><trkpt lat="54.981439" lon="25.500545"><ele>183.452</ele><time>2024-09-15T13:23:15Z</time></trkpt><trkpt lat="54.981374" lon="25.500416"><ele>183.378</ele><time>2024-09-15T13:23:17Z</time></trkpt><trkpt lat="54.981347" lon="25.500251"><ele>183.283</ele><time>2024-09-15T13:23:18Z</time></trkpt><trkpt lat="54.981307" lon="25.500077"><ele>183.042</ele><time>2024-09-15T13:23:19Z</time></trkpt><trkpt lat="54.981259" lon="25.499875"><ele>182.356</ele><time>2024-09-15T13:23:20Z</time></trkpt><trkpt lat="54.981218" lon="25.499634"><ele>181.634</ele><time>2024-09-15T13:23:21Z</time></trkpt><trkpt lat="54.981169" lon="25.499401"><ele>181.656</ele><time>2024-09-15T13:23:22Z</time></trkpt><trkpt lat="54.981111" lon="25.499207"><ele>181.851</ele><time>2024-09-15T13:23:23Z</time></trkpt><trkpt lat="54.981068" lon="25.499026"><ele>181.762</ele><time>2024-09-15T13:23:24Z</time></trkpt><trkpt lat="54.981018" lon="25.498859"><ele>181.783</ele><time>2024-09-15T13:23:25Z</time></trkpt><trkpt lat="54.980967" lon="25.498688"><ele>182.111</ele><time>2024-09-15T13:23:26Z</time></trkpt><trkpt lat="54.980918" lon="25.498525"><ele>182.109</ele><time>2024-09-15T13:23:27Z</time></trkpt><trkpt lat="54.980863" lon="25.498317"><ele>182.157</ele><time>2024-09-15T13:23:28Z</time></trkpt><trkpt lat="54.98081" lon="25.498125"><ele>182.124</ele><time>2024-09-15T13:23:29Z</time></trkpt><trkpt lat="54.980752" lon="25.49788"><ele>182.420</ele><time>2024-09-15T13:23:30Z</time></trkpt><trkpt lat="54.980701" lon="25.497644"><ele>182.455</ele><time>2024-09-15T13:23:31Z</time></trkpt><trkpt lat="54.980642" lon="25.497411"><ele>182.854</ele><time>2024-09-15T13:23:32Z</time></trkpt><trkpt lat="54.980584" lon="25.497189"><ele>183.868</ele><time>2024-09-15T13:23:33Z</time></trkpt><trkpt lat="54.980542" lon="25.49696"><ele>184.126</ele><time>2024-09-15T13:23:34Z</time></trkpt><trkpt lat="54.980487" lon="25.49672"><ele>183.848</ele><time>2024-09-15T13:23:35Z</time></trkpt><trkpt lat="54.980446" lon="25.496465"><ele>183.663</ele><time>2024-09-15T13:23:36Z</time></trkpt><trkpt lat="54.980402" lon="25.496232"><ele>183.887</ele><time>2024-09-15T13:23:37Z</time></trkpt><trkpt lat="54.980347" lon="25.49601"><ele>183.942</ele><time>2024-09-15T13:23:38Z</time></trkpt><trkpt lat="54.980288" lon="25.495807"><ele>183.926</ele><time>2024-09-15T13:23:39Z</time></trkpt><trkpt lat="54.980212" lon="25.495591"><ele>184.109</ele><time>2024-09-15T13:23:40Z</time></trkpt><trkpt lat="54.980145" lon="25.495362"><ele>184.159</ele><time>2024-09-15T13:23:41Z</time></trkpt><trkpt lat="54.980066" lon="25.495138"><ele>184.056</ele><time>2024-09-15T13:23:42Z</time></trkpt><trkpt lat="54.979989" lon="25.494926"><ele>184.212</ele><time>2024-09-15T13:23:43Z</time></trkpt><trkpt lat="54.97991" lon="25.494698"><ele>184.547</ele><time>2024-09-15T13:23:44Z</time></trkpt><trkpt lat="54.979825" lon="25.494447"><ele>184.516</ele><time>2024-09-15T13:23:45Z</time></trkpt><trkpt lat="54.979747" lon="25.494191"><ele>183.880</ele><time>2024-09-15T13:23:46Z</time></trkpt><trkpt lat="54.97967" lon="25.493941"><ele>182.968</ele><time>2024-09-15T13:23:47Z</time></trkpt><trkpt lat="54.97959" lon="25.493711"><ele>182.630</ele><time>2024-09-15T13:23:48Z</time></trkpt><trkpt lat="54.979525" lon="25.493453"><ele>182.375</ele><time>2024-09-15T13:23:49Z</time></trkpt><trkpt lat="54.979457" lon="25.493208"><ele>182.276</ele><time>2024-09-15T13:23:50Z</time></trkpt><trkpt lat="54.979382" lon="25.492975"><ele>182.790</ele><time>2024-09-15T13:23:51Z</time></trkpt><trkpt lat="54.979311" lon="25.492757"><ele>182.319</ele><time>2024-09-15T13:23:52Z</time></trkpt><trkpt lat="54.97923" lon="25.492592"><ele>181.409</ele><time>2024-09-15T13:23:53Z</time></trkpt><trkpt lat="54.979136" lon="25.492454"><ele>181.178</ele><time>2024-09-15T13:23:54Z</time></trkpt><trkpt lat="54.979033" lon="25.492313"><ele>180.885</ele><time>2024-09-15T13:23:55Z</time></trkpt><trkpt lat="54.978932" lon="25.492147"><ele>180.881</ele><time>2024-09-15T13:23:56Z</time></trkpt><trkpt lat="54.978836" lon="25.49196"><ele>181.996</ele><time>2024-09-15T13:23:57Z</time></trkpt><trkpt lat="54.97874" lon="25.491761"><ele>182.225</ele><time>2024-09-15T13:23:58Z</time></trkpt><trkpt lat="54.978639" lon="25.491567"><ele>182.249</ele><time>2024-09-15T13:23:59Z</time></trkpt><trkpt lat="54.978524" lon="25.491381"><ele>182.127</ele><time>2024-09-15T13:24:00Z</time></trkpt><trkpt lat="54.978408" lon="25.491192"><ele>182.329</ele><time>2024-09-15T13:24:01Z</time></trkpt><trkpt lat="54.978293" lon="25.49102"><ele>182.424</ele><time>2024-09-15T13:24:02Z</time></trkpt><trkpt lat="54.978218" lon="25.490796"><ele>182.432</ele><time>2024-09-15T13:24:03Z</time></trkpt><trkpt lat="54.978135" lon="25.490593"><ele>182.792</ele><time>2024-09-15T13:24:04Z</time></trkpt><trkpt lat="54.978029" lon="25.490346"><ele>182.911</ele><time>2024-09-15T13:24:05Z</time></trkpt><trkpt lat="54.977936" lon="25.490119"><ele>182.709</ele><time>2024-09-15T13:24:06Z</time></trkpt><trkpt lat="54.977849" lon="25.489867"><ele>182.954</ele><time>2024-09-15T13:24:07Z</time></trkpt><trkpt lat="54.977755" lon="25.489605"><ele>184.211</ele><time>2024-09-15T13:24:08Z</time></trkpt><trkpt lat="54.977644" lon="25.489326"><ele>185.497</ele><time>2024-09-15T13:24:09Z</time></trkpt><trkpt lat="54.977557" lon="25.489068"><ele>186.512</ele><time>2024-09-15T13:24:10Z</time></trkpt><trkpt lat="54.977478" lon="25.48881"><ele>186.841</ele><time>2024-09-15T13:24:11Z</time></trkpt><trkpt lat="54.977388" lon="25.488576"><ele>186.765</ele><time>2024-09-15T13:24:12Z</time></trkpt><trkpt lat="54.977297" lon="25.488353"><ele>186.823</ele><time>2024-09-15T13:24:13Z</time></trkpt><trkpt lat="54.977197" lon="25.488147"><ele>186.615</ele><time>2024-09-15T13:24:14Z</time></trkpt><trkpt lat="54.977068" lon="25.487917"><ele>186.190</ele><time>2024-09-15T13:24:15Z</time></trkpt><trkpt lat="54.976952" lon="25.487679"><ele>185.874</ele><time>2024-09-15T13:24:16Z</time></trkpt><trkpt lat="54.976844" lon="25.487408"><ele>185.956</ele><time>2024-09-15T13:24:17Z</time></trkpt><trkpt lat="54.976749" lon="25.487168"><ele>185.921</ele><time>2024-09-15T13:24:18Z</time></trkpt><trkpt lat="54.976657" lon="25.486952"><ele>186.309</ele><time>2024-09-15T13:24:19Z</time></trkpt><trkpt lat="54.97657" lon="25.486766"><ele>186.848</ele><time>2024-09-15T13:24:20Z</time></trkpt><trkpt lat="54.976486" lon="25.486606"><ele>186.965</ele><time>2024-09-15T13:24:21Z</time></trkpt><trkpt lat="54.976395" lon="25.486457"><ele>186.991</ele><time>2024-09-15T13:24:22Z</time></trkpt><trkpt lat="54.976287" lon="25.486326"><ele>186.876</ele><time>2024-09-15T13:24:23Z</time></trkpt><trkpt lat="54.976174" lon="25.486201"><ele>186.645</ele><time>2024-09-15T13:24:24Z</time></trkpt><trkpt lat="54.976036" lon="25.486088"><ele>186.619</ele><time>2024-09-15T13:24:25Z</time></trkpt><trkpt lat="54.975879" lon="25.485985"><ele>185.277</ele><time>2024-09-15T13:24:26Z</time></trkpt><trkpt lat="54.975722" lon="25.485863"><ele>184.419</ele><time>2024-09-15T13:24:27Z</time></trkpt><trkpt lat="54.975572" lon="25.485749"><ele>183.664</ele><time>2024-09-15T13:24:28Z</time></trkpt><trkpt lat="54.975418" lon="25.485637"><ele>183.087</ele><time>2024-09-15T13:24:29Z</time></trkpt><trkpt lat="54.975267" lon="25.485522"><ele>182.942</ele><time>2024-09-15T13:24:30Z</time></trkpt><trkpt lat="54.975122" lon="25.485411"><ele>183.026</ele><time>2024-09-15T13:24:31Z</time></trkpt><trkpt lat="54.97499" lon="25.485316"><ele>183.209</ele><time>2024-09-15T13:24:32Z</time></trkpt><trkpt lat="54.974878" lon="25.48521"><ele>183.389</ele><time>2024-09-15T13:24:33Z</time></trkpt><trkpt lat="54.974776" lon="25.485067"><ele>182.856</ele><time>2024-09-15T13:24:34Z</time></trkpt><trkpt lat="54.974678" lon="25.484902"><ele>182.212</ele><time>2024-09-15T13:24:35Z</time></trkpt><trkpt lat="54.974586" lon="25.484758"><ele>181.317</ele><time>2024-09-15T13:24:36Z</time></trkpt><trkpt lat="54.974498" lon="25.484626"><ele>180.836</ele><time>2024-09-15T13:24:37Z</time></trkpt><trkpt lat="54.974418" lon="25.484519"><ele>179.640</ele><time>2024-09-15T13:24:38Z</time></trkpt><trkpt lat="54.974351" lon="25.484454"><ele>178.738</ele><time>2024-09-15T13:24:39Z</time></trkpt><trkpt lat="54.974263" lon="25.484544"><ele>178.390</ele><time>2024-09-15T13:24:41Z</time></trkpt><trkpt lat="54.974196" lon="25.484605"><ele>177.645</ele><time>2024-09-15T13:24:42Z</time></trkpt><trkpt lat="54.97413" lon="25.484623"><ele>177.221</ele><time>2024-09-15T13:24:43Z</time></trkpt><trkpt lat="54.97407" lon="25.484597"><ele>176.141</ele><time>2024-09-15T13:24:44Z</time></trkpt><trkpt lat="54.97401" lon="25.484512"><ele>175.805</ele><time>2024-09-15T13:24:45Z</time></trkpt><trkpt lat="54.973939" lon="25.484414"><ele>175.809</ele><time>2024-09-15T13:24:46Z</time></trkpt><trkpt lat="54.973864" lon="25.484331"><ele>175.933</ele><time>2024-09-15T13:24:47Z</time></trkpt><trkpt lat="54.973792" lon="25.48418"><ele>176.240</ele><time>2024-09-15T13:24:48Z</time></trkpt><trkpt lat="54.973724" lon="25.484027"><ele>176.956</ele><time>2024-09-15T13:24:49Z</time></trkpt><trkpt lat="54.973656" lon="25.48391"><ele>177.051</ele><time>2024-09-15T13:24:50Z</time></trkpt><trkpt lat="54.9736" lon="25.48378"><ele>176.950</ele><time>2024-09-15T13:24:51Z</time></trkpt><trkpt lat="54.973544" lon="25.483658"><ele>176.834</ele><time>2024-09-15T13:24:52Z</time></trkpt><trkpt lat="54.973491" lon="25.483547"><ele>176.622</ele><time>2024-09-15T13:24:53Z</time></trkpt><trkpt lat="54.973425" lon="25.483447"><ele>176.614</ele><time>2024-09-15T13:24:54Z</time></trkpt><trkpt lat="54.97335" lon="25.483313"><ele>176.659</ele><time>2024-09-15T13:24:55Z</time></trkpt><trkpt lat="54.97326" lon="25.483176"><ele>176.566</ele><time>2024-09-15T13:24:56Z</time></trkpt><trkpt lat="54.973188" lon="25.483037"><ele>176.329</ele><time>2024-09-15T13:24:57Z</time></trkpt><trkpt lat="54.973102" lon="25.482923"><ele>176.121</ele><time>2024-09-15T13:24:58Z</time></trkpt><trkpt lat="54.973018" lon="25.482823"><ele>176.109</ele><time>2024-09-15T13:24:59Z</time></trkpt><trkpt lat="54.972941" lon="25.482725"><ele>176.527</ele><time>2024-09-15T13:25:00Z</time></trkpt><trkpt lat="54.972882" lon="25.482615"><ele>177.084</ele><time>2024-09-15T13:25:01Z</time></trkpt><trkpt lat="54.972843" lon="25.482517"><ele>177.310</ele><time>2024-09-15T13:25:02Z</time></trkpt><trkpt lat="54.972823" lon="25.482421"><ele>177.315</ele><time>2024-09-15T13:25:03Z</time></trkpt><trkpt lat="54.97279" lon="25.482319"><ele>177.374</ele><time>2024-09-15T13:25:05Z</time></trkpt><trkpt lat="54.972759" lon="25.482217"><ele>177.358</ele><time>2024-09-15T13:25:07Z</time></trkpt><trkpt lat="54.972694" lon="25.482118"><ele>177.276</ele><time>2024-09-15T13:25:09Z</time></trkpt><trkpt lat="54.97265" lon="25.482041"><ele>177.288</ele><time>2024-09-15T13:25:10Z</time></trkpt><trkpt lat="54.972611" lon="25.481968"><ele>177.283</ele><time>2024-09-15T13:25:11Z</time></trkpt><trkpt lat="54.972571" lon="25.481912"><ele>178.032</ele><time>2024-09-15T13:25:12Z</time></trkpt><trkpt lat="54.972547" lon="25.481844"><ele>178.392</ele><time>2024-09-15T13:25:13Z</time></trkpt><trkpt lat="54.972503" lon="25.481753"><ele>178.411</ele><time>2024-09-15T13:25:14Z</time></trkpt><trkpt lat="54.972471" lon="25.481689"><ele>178.509</ele><time>2024-09-15T13:25:15Z</time></trkpt><trkpt lat="54.97244" lon="25.481626"><ele>178.554</ele><time>2024-09-15T13:25:16Z</time></trkpt><trkpt lat="54.97241" lon="25.481554"><ele>178.591</ele><time>2024-09-15T13:25:17Z</time></trkpt><trkpt lat="54.972386" lon="25.481482"><ele>178.587</ele><time>2024-09-15T13:25:18Z</time></trkpt><trkpt lat="54.972365" lon="25.481404"><ele>178.442</ele><time>2024-09-15T13:25:19Z</time></trkpt><trkpt lat="54.972346" lon="25.481324"><ele>178.341</ele><time>2024-09-15T13:25:20Z</time></trkpt><trkpt lat="54.97233" lon="25.481241"><ele>178.235</ele><time>2024-09-15T13:25:21Z</time></trkpt><trkpt lat="54.97231" lon="25.481151"><ele>177.943</ele><time>2024-09-15T13:25:22Z</time></trkpt><trkpt lat="54.9723" lon="25.481052"><ele>177.645</ele><time>2024-09-15T13:25:23Z</time></trkpt><trkpt lat="54.972305" lon="25.480945"><ele>177.580</ele><time>2024-09-15T13:25:24Z</time></trkpt><trkpt lat="54.972302" lon="25.480846"><ele>177.553</ele><time>2024-09-15T13:25:25Z</time></trkpt><trkpt lat="54.972291" lon="25.480759"><ele>177.504</ele><time>2024-09-15T13:25:26Z</time></trkpt><trkpt lat="54.972269" lon="25.480676"><ele>177.514</ele><time>2024-09-15T13:25:27Z</time></trkpt><trkpt lat="54.972237" lon="25.480592"><ele>177.509</ele><time>2024-09-15T13:25:28Z</time></trkpt><trkpt lat="54.972191" lon="25.480496"><ele>177.566</ele><time>2024-09-15T13:25:29Z</time></trkpt><trkpt lat="54.972131" lon="25.480364"><ele>177.883</ele><time>2024-09-15T13:25:30Z</time></trkpt><trkpt lat="54.972068" lon="25.480209"><ele>178.189</ele><time>2024-09-15T13:25:31Z</time></trkpt><trkpt lat="54.971996" lon="25.480042"><ele>178.974</ele><time>2024-09-15T13:25:32Z</time></trkpt><trkpt lat="54.971936" lon="25.479907"><ele>180.033</ele><time>2024-09-15T13:25:33Z</time></trkpt><trkpt lat="54.971869" lon="25.479765"><ele>181.577</ele><time>2024-09-15T13:25:34Z</time></trkpt><trkpt lat="54.9718" lon="25.479621"><ele>182.065</ele><time>2024-09-15T13:25:35Z</time></trkpt><trkpt lat="54.971717" lon="25.479479"><ele>182.087</ele><time>2024-09-15T13:25:36Z</time></trkpt><trkpt lat="54.971652" lon="25.479341"><ele>182.252</ele><time>2024-09-15T13:25:37Z</time></trkpt><trkpt lat="54.971579" lon="25.479216"><ele>182.447</ele><time>2024-09-15T13:25:38Z</time></trkpt><trkpt lat="54.971508" lon="25.479085"><ele>182.629</ele><time>2024-09-15T13:25:39Z</time></trkpt><trkpt lat="54.971436" lon="25.47898"><ele>183.121</ele><time>2024-09-15T13:25:40Z</time></trkpt><trkpt lat="54.971368" lon="25.478865"><ele>183.509</ele><time>2024-09-15T13:25:41Z</time></trkpt><trkpt lat="54.971305" lon="25.478773"><ele>184.025</ele><time>2024-09-15T13:25:42Z</time></trkpt><trkpt lat="54.971242" lon="25.478682"><ele>184.592</ele><time>2024-09-15T13:25:43Z</time></trkpt><trkpt lat="54.971182" lon="25.478573"><ele>184.648</ele><time>2024-09-15T13:25:44Z</time></trkpt><trkpt lat="54.971117" lon="25.47846"><ele>184.623</ele><time>2024-09-15T13:25:45Z</time></trkpt><trkpt lat="54.971053" lon="25.478332"><ele>184.492</ele><time>2024-09-15T13:25:46Z</time></trkpt><trkpt lat="54.970991" lon="25.478206"><ele>183.816</ele><time>2024-09-15T13:25:47Z</time></trkpt><trkpt lat="54.970933" lon="25.478076"><ele>183.074</ele><time>2024-09-15T13:25:48Z</time></trkpt><trkpt lat="54.970877" lon="25.477936"><ele>182.536</ele><time>2024-09-15T13:25:49Z</time></trkpt><trkpt lat="54.970817" lon="25.4778"><ele>182.271</ele><time>2024-09-15T13:25:50Z</time></trkpt><trkpt lat="54.970758" lon="25.477671"><ele>182.271</ele><time>2024-09-15T13:25:51Z</time></trkpt><trkpt lat="54.970709" lon="25.477538"><ele>182.241</ele><time>2024-09-15T13:25:52Z</time></trkpt><trkpt lat="54.970665" lon="25.4774"><ele>182.615</ele><time>2024-09-15T13:25:53Z</time></trkpt><trkpt lat="54.970618" lon="25.477266"><ele>182.909</ele><time>2024-09-15T13:25:54Z</time></trkpt><trkpt lat="54.970568" lon="25.477141"><ele>183.578</ele><time>2024-09-15T13:25:55Z</time></trkpt><trkpt lat="54.970502" lon="25.477043"><ele>183.835</ele><time>2024-09-15T13:25:56Z</time></trkpt><trkpt lat="54.970437" lon="25.476948"><ele>184.421</ele><time>2024-09-15T13:25:57Z</time></trkpt><trkpt lat="54.970371" lon="25.476865"><ele>184.736</ele><time>2024-09-15T13:25:58Z</time></trkpt><trkpt lat="54.970315" lon="25.476757"><ele>184.715</ele><time>2024-09-15T13:25:59Z</time></trkpt><trkpt lat="54.970267" lon="25.476632"><ele>184.739</ele><time>2024-09-15T13:26:00Z</time></trkpt><trkpt lat="54.970225" lon="25.476509"><ele>184.537</ele><time>2024-09-15T13:26:01Z</time></trkpt><trkpt lat="54.97019" lon="25.476408"><ele>184.329</ele><time>2024-09-15T13:26:02Z</time></trkpt><trkpt lat="54.970163" lon="25.476299"><ele>184.344</ele><time>2024-09-15T13:26:03Z</time></trkpt><trkpt lat="54.970132" lon="25.476188"><ele>184.389</ele><time>2024-09-15T13:26:04Z</time></trkpt><trkpt lat="54.970093" lon="25.476082"><ele>184.506</ele><time>2024-09-15T13:26:05Z</time></trkpt><trkpt lat="54.97005" lon="25.475968"><ele>184.826</ele><time>2024-09-15T13:26:06Z</time></trkpt><trkpt lat="54.970009" lon="25.475841"><ele>184.809</ele><time>2024-09-15T13:26:07Z</time></trkpt><trkpt lat="54.969964" lon="25.475725"><ele>184.839</ele><time>2024-09-15T13:26:08Z</time></trkpt><trkpt lat="54.969931" lon="25.475626"><ele>184.546</ele><time>2024-09-15T13:26:09Z</time></trkpt><trkpt lat="54.969871" lon="25.475553"><ele>184.452</ele><time>2024-09-15T13:26:11Z</time></trkpt><trkpt lat="54.969819" lon="25.475568"><ele>184.547</ele><time>2024-09-15T13:26:12Z</time></trkpt><trkpt lat="54.969751" lon="25.475602"><ele>184.786</ele><time>2024-09-15T13:26:13Z</time></trkpt><trkpt lat="54.969671" lon="25.475636"><ele>184.860</ele><time>2024-09-15T13:26:14Z</time></trkpt><trkpt lat="54.969577" lon="25.475673"><ele>185.018</ele><time>2024-09-15T13:26:15Z</time></trkpt><trkpt lat="54.969488" lon="25.475728"><ele>185.280</ele><time>2024-09-15T13:26:16Z</time></trkpt><trkpt lat="54.969398" lon="25.47578"><ele>185.335</ele><time>2024-09-15T13:26:17Z</time></trkpt><trkpt lat="54.969306" lon="25.47584"><ele>184.994</ele><time>2024-09-15T13:26:18Z</time></trkpt><trkpt lat="54.969218" lon="25.475909"><ele>184.657</ele><time>2024-09-15T13:26:19Z</time></trkpt><trkpt lat="54.969127" lon="25.475983"><ele>184.422</ele><time>2024-09-15T13:26:20Z</time></trkpt><trkpt lat="54.969037" lon="25.476047"><ele>184.409</ele><time>2024-09-15T13:26:21Z</time></trkpt><trkpt lat="54.968948" lon="25.47611"><ele>184.690</ele><time>2024-09-15T13:26:22Z</time></trkpt><trkpt lat="54.968854" lon="25.476182"><ele>185.117</ele><time>2024-09-15T13:26:23Z</time></trkpt><trkpt lat="54.968751" lon="25.476265"><ele>185.683</ele><time>2024-09-15T13:26:24Z</time></trkpt><trkpt lat="54.968649" lon="25.476354"><ele>186.018</ele><time>2024-09-15T13:26:25Z</time></trkpt><trkpt lat="54.968539" lon="25.476438"><ele>186.377</ele><time>2024-09-15T13:26:26Z</time></trkpt><trkpt lat="54.968431" lon="25.476518"><ele>186.431</ele><time>2024-09-15T13:26:27Z</time></trkpt><trkpt lat="54.968323" lon="25.476611"><ele>186.449</ele><time>2024-09-15T13:26:28Z</time></trkpt><trkpt lat="54.968223" lon="25.476721"><ele>186.471</ele><time>2024-09-15T13:26:29Z</time></trkpt><trkpt lat="54.968129" lon="25.47682"><ele>186.446</ele><time>2024-09-15T13:26:30Z</time></trkpt><trkpt lat="54.968033" lon="25.476897"><ele>186.893</ele><time>2024-09-15T13:26:31Z</time></trkpt><trkpt lat="54.96794" lon="25.476985"><ele>187.665</ele><time>2024-09-15T13:26:32Z</time></trkpt><trkpt lat="54.967845" lon="25.477059"><ele>187.821</ele><time>2024-09-15T13:26:33Z</time></trkpt><trkpt lat="54.967742" lon="25.477127"><ele>188.109</ele><time>2024-09-15T13:26:34Z</time></trkpt><trkpt lat="54.967662" lon="25.477194"><ele>188.720</ele><time>2024-09-15T13:26:35Z</time></trkpt><trkpt lat="54.967589" lon="25.477256"><ele>189.477</ele><time>2024-09-15T13:26:36Z</time></trkpt><trkpt lat="54.967538" lon="25.477306"><ele>189.453</ele><time>2024-09-15T13:26:37Z</time></trkpt><trkpt lat="54.967465" lon="25.477364"><ele>189.548</ele><time>2024-09-15T13:26:39Z</time></trkpt><trkpt lat="54.967413" lon="25.4774"><ele>189.567</ele><time>2024-09-15T13:26:42Z</time></trkpt><trkpt lat="54.967358" lon="25.477444"><ele>189.961</ele><time>2024-09-15T13:26:45Z</time></trkpt><trkpt lat="54.967308" lon="25.477464"><ele>189.999</ele><time>2024-09-15T13:26:49Z</time></trkpt><trkpt lat="54.967262" lon="25.47748"><ele>189.921</ele><time>2024-09-15T13:26:52Z</time></trkpt><trkpt lat="54.967202" lon="25.477525"><ele>189.946</ele><time>2024-09-15T13:26:59Z</time></trkpt><trkpt lat="54.967152" lon="25.477553"><ele>190.077</ele><time>2024-09-15T13:27:17Z</time></trkpt><trkpt lat="54.967092" lon="25.477617"><ele>190.061</ele><time>2024-09-15T13:27:19Z</time></trkpt><trkpt lat="54.967032" lon="25.477649"><ele>190.027</ele><time>2024-09-15T13:27:21Z</time></trkpt><trkpt lat="54.966965" lon="25.477683"><ele>190.109</ele><time>2024-09-15T13:27:23Z</time></trkpt><trkpt lat="54.966916" lon="25.477712"><ele>190.138</ele><time>2024-09-15T13:27:24Z</time></trkpt><trkpt lat="54.966834" lon="25.477784"><ele>189.595</ele><time>2024-09-15T13:27:25Z</time></trkpt><trkpt lat="54.966734" lon="25.477861"><ele>189.591</ele><time>2024-09-15T13:27:26Z</time></trkpt><trkpt lat="54.966658" lon="25.477932"><ele>189.626</ele><time>2024-09-15T13:27:27Z</time></trkpt><trkpt lat="54.966601" lon="25.478007"><ele>189.135</ele><time>2024-09-15T13:27:28Z</time></trkpt><trkpt lat="54.966556" lon="25.478082"><ele>189.079</ele><time>2024-09-15T13:27:29Z</time></trkpt><trkpt lat="54.966513" lon="25.478183"><ele>188.677</ele><time>2024-09-15T13:27:30Z</time></trkpt><trkpt lat="54.966475" lon="25.478292"><ele>188.529</ele><time>2024-09-15T13:27:31Z</time></trkpt><trkpt lat="54.966452" lon="25.478411"><ele>188.414</ele><time>2024-09-15T13:27:32Z</time></trkpt><trkpt lat="54.966415" lon="25.478545"><ele>188.694</ele><time>2024-09-15T13:27:33Z</time></trkpt><trkpt lat="54.96638" lon="25.478659"><ele>188.757</ele><time>2024-09-15T13:27:34Z</time></trkpt><trkpt lat="54.966342" lon="25.478768"><ele>188.622</ele><time>2024-09-15T13:27:35Z</time></trkpt><trkpt lat="54.966296" lon="25.478877"><ele>188.609</ele><time>2024-09-15T13:27:36Z</time></trkpt><trkpt lat="54.966253" lon="25.478977"><ele>188.330</ele><time>2024-09-15T13:27:37Z</time></trkpt><trkpt lat="54.966222" lon="25.479065"><ele>187.697</ele><time>2024-09-15T13:27:38Z</time></trkpt><trkpt lat="54.966188" lon="25.47912"><ele>186.973</ele><time>2024-09-15T13:27:40Z</time></trkpt><trkpt lat="54.966145" lon="25.479156"><ele>185.768</ele><time>2024-09-15T13:27:42Z</time></trkpt><trkpt lat="54.966094" lon="25.479229"><ele>185.427</ele><time>2024-09-15T13:27:44Z</time></trkpt><trkpt lat="54.966036" lon="25.479298"><ele>185.291</ele><time>2024-09-15T13:27:46Z</time></trkpt><trkpt lat="54.965964" lon="25.479363"><ele>184.749</ele><time>2024-09-15T13:27:48Z</time></trkpt><trkpt lat="54.965911" lon="25.479434"><ele>184.311</ele><time>2024-09-15T13:27:50Z</time></trkpt><trkpt lat="54.965876" lon="25.479492"><ele>184.776</ele><time>2024-09-15T13:28:03Z</time></trkpt><trkpt lat="54.965826" lon="25.479564"><ele>184.587</ele><time>2024-09-15T13:28:05Z</time></trkpt><trkpt lat="54.965761" lon="25.479615"><ele>184.542</ele><time>2024-09-15T13:28:07Z</time></trkpt><trkpt lat="54.965685" lon="25.479634"><ele>184.526</ele><time>2024-09-15T13:28:09Z</time></trkpt><trkpt lat="54.965637" lon="25.479571"><ele>184.309</ele><time>2024-09-15T13:28:10Z</time></trkpt><trkpt lat="54.965616" lon="25.479493"><ele>183.729</ele><time>2024-09-15T13:28:11Z</time></trkpt><trkpt lat="54.965559" lon="25.479353"><ele>183.776</ele><time>2024-09-15T13:28:13Z</time></trkpt><trkpt lat="54.965527" lon="25.47923"><ele>183.712</ele><time>2024-09-15T13:28:14Z</time></trkpt><trkpt lat="54.965473" lon="25.479095"><ele>183.757</ele><time>2024-09-15T13:28:15Z</time></trkpt><trkpt lat="54.96541" lon="25.478942"><ele>184.046</ele><time>2024-09-15T13:28:16Z</time></trkpt><trkpt lat="54.965368" lon="25.47881"><ele>185.790</ele><time>2024-09-15T13:28:17Z</time></trkpt><trkpt lat="54.965324" lon="25.478706"><ele>187.458</ele><time>2024-09-15T13:28:18Z</time></trkpt><trkpt lat="54.96528" lon="25.478615"><ele>188.290</ele><time>2024-09-15T13:28:19Z</time></trkpt><trkpt lat="54.965243" lon="25.478519"><ele>189.345</ele><time>2024-09-15T13:28:20Z</time></trkpt><trkpt lat="54.965211" lon="25.478411"><ele>189.698</ele><time>2024-09-15T13:28:21Z</time></trkpt><trkpt lat="54.965178" lon="25.478285"><ele>189.615</ele><time>2024-09-15T13:28:22Z</time></trkpt><trkpt lat="54.965136" lon="25.478159"><ele>189.326</ele><time>2024-09-15T13:28:23Z</time></trkpt><trkpt lat="54.965116" lon="25.478053"><ele>189.009</ele><time>2024-09-15T13:28:24Z</time></trkpt><trkpt lat="54.965097" lon="25.477955"><ele>189.090</ele><time>2024-09-15T13:28:25Z</time></trkpt><trkpt lat="54.965066" lon="25.47785"><ele>189.157</ele><time>2024-09-15T13:28:26Z</time></trkpt><trkpt lat="54.965039" lon="25.477734"><ele>189.213</ele><time>2024-09-15T13:28:27Z</time></trkpt><trkpt lat="54.965021" lon="25.477626"><ele>189.348</ele><time>2024-09-15T13:28:28Z</time></trkpt><trkpt lat="54.965" lon="25.477522"><ele>189.367</ele><time>2024-09-15T13:28:29Z</time></trkpt><trkpt lat="54.964979" lon="25.47741"><ele>189.281</ele><time>2024-09-15T13:28:30Z</time></trkpt><trkpt lat="54.964962" lon="25.477314"><ele>189.299</ele><time>2024-09-15T13:28:31Z</time></trkpt><trkpt lat="54.964939" lon="25.477231"><ele>189.231</ele><time>2024-09-15T13:28:32Z</time></trkpt><trkpt lat="54.964916" lon="25.477136"><ele>189.286</ele><time>2024-09-15T13:28:33Z</time></trkpt><trkpt lat="54.964895" lon="25.477055"><ele>189.319</ele><time>2024-09-15T13:28:34Z</time></trkpt><trkpt lat="54.964879" lon="25.476945"><ele>189.509</ele><time>2024-09-15T13:28:35Z</time></trkpt><trkpt lat="54.96486" lon="25.476843"><ele>190.219</ele><time>2024-09-15T13:28:36Z</time></trkpt><trkpt lat="54.964825" lon="25.476752"><ele>190.209</ele><time>2024-09-15T13:28:37Z</time></trkpt><trkpt lat="54.964792" lon="25.476637"><ele>189.792</ele><time>2024-09-15T13:28:38Z</time></trkpt><trkpt lat="54.96477" lon="25.476525"><ele>190.169</ele><time>2024-09-15T13:28:39Z</time></trkpt><trkpt lat="54.964735" lon="25.476421"><ele>190.175</ele><time>2024-09-15T13:28:40Z</time></trkpt><trkpt lat="54.964705" lon="25.47632"><ele>190.570</ele><time>2024-09-15T13:28:41Z</time></trkpt><trkpt lat="54.964681" lon="25.476243"><ele>190.989</ele><time>2024-09-15T13:28:42Z</time></trkpt><trkpt lat="54.964659" lon="25.476166"><ele>190.973</ele><time>2024-09-15T13:28:43Z</time></trkpt><trkpt lat="54.964641" lon="25.476089"><ele>191.011</ele><time>2024-09-15T13:28:44Z</time></trkpt><trkpt lat="54.964621" lon="25.476019"><ele>191.063</ele><time>2024-09-15T13:28:45Z</time></trkpt><trkpt lat="54.964556" lon="25.475961"><ele>190.738</ele><time>2024-09-15T13:28:47Z</time></trkpt><trkpt lat="54.964447" lon="25.476041"><ele>190.489</ele><time>2024-09-15T13:28:49Z</time></trkpt><trkpt lat="54.964386" lon="25.476141"><ele>190.406</ele><time>2024-09-15T13:28:50Z</time></trkpt><trkpt lat="54.964302" lon="25.476261"><ele>190.726</ele><time>2024-09-15T13:28:51Z</time></trkpt><trkpt lat="54.964235" lon="25.476372"><ele>191.209</ele><time>2024-09-15T13:28:52Z</time></trkpt><trkpt lat="54.964185" lon="25.476435"><ele>191.779</ele><time>2024-09-15T13:28:53Z</time></trkpt><trkpt lat="54.96412" lon="25.476469"><ele>191.756</ele><time>2024-09-15T13:28:54Z</time></trkpt><trkpt lat="54.964046" lon="25.476485"><ele>191.922</ele><time>2024-09-15T13:28:55Z</time></trkpt><trkpt lat="54.963971" lon="25.47652"><ele>191.947</ele><time>2024-09-15T13:28:56Z</time></trkpt><trkpt lat="54.963898" lon="25.47656"><ele>192.046</ele><time>2024-09-15T13:28:57Z</time></trkpt><trkpt lat="54.96383" lon="25.47662"><ele>191.880</ele><time>2024-09-15T13:28:58Z</time></trkpt><trkpt lat="54.963775" lon="25.476693"><ele>191.648</ele><time>2024-09-15T13:28:59Z</time></trkpt><trkpt lat="54.963725" lon="25.47681"><ele>191.290</ele><time>2024-09-15T13:29:00Z</time></trkpt><trkpt lat="54.963679" lon="25.476949"><ele>190.975</ele><time>2024-09-15T13:29:01Z</time></trkpt><trkpt lat="54.963628" lon="25.477083"><ele>190.872</ele><time>2024-09-15T13:29:02Z</time></trkpt><trkpt lat="54.963562" lon="25.477197"><ele>190.813</ele><time>2024-09-15T13:29:03Z</time></trkpt><trkpt lat="54.963488" lon="25.477294"><ele>191.014</ele><time>2024-09-15T13:29:04Z</time></trkpt><trkpt lat="54.963383" lon="25.477382"><ele>191.509</ele><time>2024-09-15T13:29:05Z</time></trkpt><trkpt lat="54.963261" lon="25.47745"><ele>191.768</ele><time>2024-09-15T13:29:06Z</time></trkpt><trkpt lat="54.963146" lon="25.477516"><ele>191.775</ele><time>2024-09-15T13:29:07Z</time></trkpt><trkpt lat="54.963019" lon="25.477587"><ele>191.161</ele><time>2024-09-15T13:29:08Z</time></trkpt><trkpt lat="54.962899" lon="25.477693"><ele>190.556</ele><time>2024-09-15T13:29:09Z</time></trkpt><trkpt lat="54.962777" lon="25.477833"><ele>190.545</ele><time>2024-09-15T13:29:10Z</time></trkpt><trkpt lat="54.962659" lon="25.477944"><ele>191.589</ele><time>2024-09-15T13:29:11Z</time></trkpt><trkpt lat="54.962518" lon="25.478065"><ele>191.947</ele><time>2024-09-15T13:29:12Z</time></trkpt><trkpt lat="54.962358" lon="25.478206"><ele>191.939</ele><time>2024-09-15T13:29:13Z</time></trkpt><trkpt lat="54.962185" lon="25.47836"><ele>191.214</ele><time>2024-09-15T13:29:14Z</time></trkpt><trkpt lat="54.962007" lon="25.478537"><ele>190.682</ele><time>2024-09-15T13:29:15Z</time></trkpt><trkpt lat="54.961835" lon="25.478705"><ele>190.443</ele><time>2024-09-15T13:29:16Z</time></trkpt><trkpt lat="54.961661" lon="25.478879"><ele>189.917</ele><time>2024-09-15T13:29:17Z</time></trkpt><trkpt lat="54.961554" lon="25.479086"><ele>189.309</ele><time>2024-09-15T13:29:18Z</time></trkpt><trkpt lat="54.961446" lon="25.47934"><ele>189.259</ele><time>2024-09-15T13:29:19Z</time></trkpt><trkpt lat="54.961338" lon="25.479597"><ele>189.036</ele><time>2024-09-15T13:29:20Z</time></trkpt><trkpt lat="54.961231" lon="25.479878"><ele>188.522</ele><time>2024-09-15T13:29:21Z</time></trkpt><trkpt lat="54.961126" lon="25.480131"><ele>188.247</ele><time>2024-09-15T13:29:22Z</time></trkpt><trkpt lat="54.960998" lon="25.480391"><ele>188.036</ele><time>2024-09-15T13:29:23Z</time></trkpt><trkpt lat="54.960859" lon="25.480639"><ele>187.910</ele><time>2024-09-15T13:29:24Z</time></trkpt><trkpt lat="54.960727" lon="25.480862"><ele>187.968</ele><time>2024-09-15T13:29:25Z</time></trkpt><trkpt lat="54.960601" lon="25.481064"><ele>188.120</ele><time>2024-09-15T13:29:26Z</time></trkpt><trkpt lat="54.960465" lon="25.481254"><ele>188.245</ele><time>2024-09-15T13:29:27Z</time></trkpt><trkpt lat="54.960306" lon="25.481426"><ele>187.892</ele><time>2024-09-15T13:29:28Z</time></trkpt><trkpt lat="54.960126" lon="25.481556"><ele>187.273</ele><time>2024-09-15T13:29:29Z</time></trkpt><trkpt lat="54.959941" lon="25.481699"><ele>186.620</ele><time>2024-09-15T13:29:30Z</time></trkpt><trkpt lat="54.959754" lon="25.481812"><ele>185.909</ele><time>2024-09-15T13:29:31Z</time></trkpt><trkpt lat="54.959583" lon="25.481906"><ele>185.540</ele><time>2024-09-15T13:29:32Z</time></trkpt><trkpt lat="54.959405" lon="25.482012"><ele>185.357</ele><time>2024-09-15T13:29:33Z</time></trkpt><trkpt lat="54.959221" lon="25.482129"><ele>184.983</ele><time>2024-09-15T13:29:34Z</time></trkpt><trkpt lat="54.959039" lon="25.482273"><ele>184.588</ele><time>2024-09-15T13:29:35Z</time></trkpt><trkpt lat="54.958852" lon="25.482436"><ele>184.147</ele><time>2024-09-15T13:29:36Z</time></trkpt><trkpt lat="54.958672" lon="25.482621"><ele>183.471</ele><time>2024-09-15T13:29:37Z</time></trkpt><trkpt lat="54.958522" lon="25.482817"><ele>182.649</ele><time>2024-09-15T13:29:38Z</time></trkpt><trkpt lat="54.958378" lon="25.483019"><ele>181.811</ele><time>2024-09-15T13:29:39Z</time></trkpt><trkpt lat="54.958231" lon="25.483215"><ele>180.736</ele><time>2024-09-15T13:29:40Z</time></trkpt><trkpt lat="54.958076" lon="25.483379"><ele>179.987</ele><time>2024-09-15T13:29:41Z</time></trkpt><trkpt lat="54.957906" lon="25.483487"><ele>179.542</ele><time>2024-09-15T13:29:42Z</time></trkpt><trkpt lat="54.957727" lon="25.483527"><ele>179.326</ele><time>2024-09-15T13:29:43Z</time></trkpt><trkpt lat="54.957539" lon="25.483552"><ele>179.409</ele><time>2024-09-15T13:29:44Z</time></trkpt><trkpt lat="54.957344" lon="25.48356"><ele>179.839</ele><time>2024-09-15T13:29:45Z</time></trkpt><trkpt lat="54.957136" lon="25.483578"><ele>179.526</ele><time>2024-09-15T13:29:46Z</time></trkpt><trkpt lat="54.956921" lon="25.483594"><ele>178.462</ele><time>2024-09-15T13:29:47Z</time></trkpt><trkpt lat="54.956709" lon="25.483616"><ele>177.547</ele><time>2024-09-15T13:29:48Z</time></trkpt><trkpt lat="54.956505" lon="25.483641"><ele>177.046</ele><time>2024-09-15T13:29:49Z</time></trkpt><trkpt lat="54.956303" lon="25.483663"><ele>176.720</ele><time>2024-09-15T13:29:50Z</time></trkpt><trkpt lat="54.956106" lon="25.483675"><ele>176.458</ele><time>2024-09-15T13:29:51Z</time></trkpt><trkpt lat="54.955912" lon="25.483685"><ele>176.420</ele><time>2024-09-15T13:29:52Z</time></trkpt><trkpt lat="54.955728" lon="25.483692"><ele>176.395</ele><time>2024-09-15T13:29:53Z</time></trkpt><trkpt lat="54.955558" lon="25.483712"><ele>175.762</ele><time>2024-09-15T13:29:54Z</time></trkpt><trkpt lat="54.955383" lon="25.483774"><ele>175.083</ele><time>2024-09-15T13:29:55Z</time></trkpt><trkpt lat="54.955199" lon="25.48387"><ele>174.311</ele><time>2024-09-15T13:29:56Z</time></trkpt><trkpt lat="54.955011" lon="25.483977"><ele>173.709</ele><time>2024-09-15T13:29:57Z</time></trkpt><trkpt lat="54.954807" lon="25.484104"><ele>173.387</ele><time>2024-09-15T13:29:58Z</time></trkpt><trkpt lat="54.954601" lon="25.484224"><ele>173.594</ele><time>2024-09-15T13:29:59Z</time></trkpt><trkpt lat="54.954396" lon="25.484359"><ele>173.720</ele><time>2024-09-15T13:30:00Z</time></trkpt><trkpt lat="54.954195" lon="25.484475"><ele>173.235</ele><time>2024-09-15T13:30:01Z</time></trkpt><trkpt lat="54.954001" lon="25.484589"><ele>172.624</ele><time>2024-09-15T13:30:02Z</time></trkpt><trkpt lat="54.953819" lon="25.484708"><ele>171.858</ele><time>2024-09-15T13:30:03Z</time></trkpt><trkpt lat="54.953636" lon="25.484828"><ele>171.346</ele><time>2024-09-15T13:30:04Z</time></trkpt><trkpt lat="54.953454" lon="25.484935"><ele>171.298</ele><time>2024-09-15T13:30:05Z</time></trkpt><trkpt lat="54.953269" lon="25.48502"><ele>170.583</ele><time>2024-09-15T13:30:06Z</time></trkpt><trkpt lat="54.953088" lon="25.485095"><ele>169.825</ele><time>2024-09-15T13:30:07Z</time></trkpt><trkpt lat="54.952928" lon="25.485074"><ele>169.626</ele><time>2024-09-15T13:30:08Z</time></trkpt><trkpt lat="54.952794" lon="25.485023"><ele>169.608</ele><time>2024-09-15T13:30:09Z</time></trkpt><trkpt lat="54.952668" lon="25.484957"><ele>169.509</ele><time>2024-09-15T13:30:10Z</time></trkpt><trkpt lat="54.952549" lon="25.484872"><ele>169.433</ele><time>2024-09-15T13:30:11Z</time></trkpt><trkpt lat="54.952438" lon="25.484754"><ele>168.840</ele><time>2024-09-15T13:30:12Z</time></trkpt><trkpt lat="54.952331" lon="25.48461"><ele>168.616</ele><time>2024-09-15T13:30:13Z</time></trkpt><trkpt lat="54.952248" lon="25.484413"><ele>168.611</ele><time>2024-09-15T13:30:14Z</time></trkpt><trkpt lat="54.95218" lon="25.484177"><ele>168.630</ele><time>2024-09-15T13:30:15Z</time></trkpt><trkpt lat="54.952109" lon="25.483973"><ele>168.644</ele><time>2024-09-15T13:30:16Z</time></trkpt><trkpt lat="54.952026" lon="25.483844"><ele>169.192</ele><time>2024-09-15T13:30:17Z</time></trkpt><trkpt lat="54.951914" lon="25.483771"><ele>169.514</ele><time>2024-09-15T13:30:18Z</time></trkpt><trkpt lat="54.951786" lon="25.483702"><ele>170.599</ele><time>2024-09-15T13:30:19Z</time></trkpt><trkpt lat="54.95168" lon="25.483618"><ele>171.552</ele><time>2024-09-15T13:30:20Z</time></trkpt><trkpt lat="54.95159" lon="25.483506"><ele>172.053</ele><time>2024-09-15T13:30:21Z</time></trkpt><trkpt lat="54.951517" lon="25.483365"><ele>172.208</ele><time>2024-09-15T13:30:22Z</time></trkpt><trkpt lat="54.951474" lon="25.48321"><ele>172.309</ele><time>2024-09-15T13:30:23Z</time></trkpt><trkpt lat="54.951445" lon="25.483023"><ele>173.056</ele><time>2024-09-15T13:30:24Z</time></trkpt><trkpt lat="54.95142" lon="25.482814"><ele>173.563</ele><time>2024-09-15T13:30:25Z</time></trkpt><trkpt lat="54.951375" lon="25.482603"><ele>174.239</ele><time>2024-09-15T13:30:26Z</time></trkpt><trkpt lat="54.951322" lon="25.482455"><ele>174.884</ele><time>2024-09-15T13:30:27Z</time></trkpt><trkpt lat="54.951253" lon="25.482343"><ele>175.423</ele><time>2024-09-15T13:30:28Z</time></trkpt><trkpt lat="54.951132" lon="25.482299"><ele>175.647</ele><time>2024-09-15T13:30:29Z</time></trkpt><trkpt lat="54.951001" lon="25.482298"><ele>175.675</ele><time>2024-09-15T13:30:30Z</time></trkpt><trkpt lat="54.950852" lon="25.482287"><ele>175.087</ele><time>2024-09-15T13:30:31Z</time></trkpt><trkpt lat="54.950721" lon="25.482265"><ele>174.182</ele><time>2024-09-15T13:30:32Z</time></trkpt><trkpt lat="54.950627" lon="25.482234"><ele>173.675</ele><time>2024-09-15T13:30:33Z</time></trkpt><trkpt lat="54.950568" lon="25.482178"><ele>173.528</ele><time>2024-09-15T13:30:34Z</time></trkpt><trkpt lat="54.95052" lon="25.482081"><ele>173.420</ele><time>2024-09-15T13:30:35Z</time></trkpt><trkpt lat="54.950493" lon="25.48195"><ele>173.309</ele><time>2024-09-15T13:30:36Z</time></trkpt><trkpt lat="54.950472" lon="25.481772"><ele>173.288</ele><time>2024-09-15T13:30:37Z</time></trkpt><trkpt lat="54.950461" lon="25.481571"><ele>173.245</ele><time>2024-09-15T13:30:38Z</time></trkpt><trkpt lat="54.950427" lon="25.481398"><ele>173.211</ele><time>2024-09-15T13:30:39Z</time></trkpt><trkpt lat="54.950366" lon="25.481278"><ele>172.936</ele><time>2024-09-15T13:30:40Z</time></trkpt><trkpt lat="54.950281" lon="25.481209"><ele>172.635</ele><time>2024-09-15T13:30:41Z</time></trkpt><trkpt lat="54.950176" lon="25.481194"><ele>172.589</ele><time>2024-09-15T13:30:42Z</time></trkpt><trkpt lat="54.950044" lon="25.481157"><ele>172.587</ele><time>2024-09-15T13:30:43Z</time></trkpt><trkpt lat="54.949906" lon="25.481099"><ele>172.219</ele><time>2024-09-15T13:30:44Z</time></trkpt><trkpt lat="54.94978" lon="25.481002"><ele>172.034</ele><time>2024-09-15T13:30:45Z</time></trkpt><trkpt lat="54.949664" lon="25.480885"><ele>171.787</ele><time>2024-09-15T13:30:46Z</time></trkpt><trkpt lat="54.949537" lon="25.480807"><ele>171.342</ele><time>2024-09-15T13:30:47Z</time></trkpt><trkpt lat="54.949392" lon="25.480776"><ele>171.126</ele><time>2024-09-15T13:30:48Z</time></trkpt><trkpt lat="54.949228" lon="25.4808"><ele>170.809</ele><time>2024-09-15T13:30:49Z</time></trkpt><trkpt lat="54.949043" lon="25.480796"><ele>170.089</ele><time>2024-09-15T13:30:50Z</time></trkpt><trkpt lat="54.948851" lon="25.480789"><ele>168.956</ele><time>2024-09-15T13:30:51Z</time></trkpt><trkpt lat="54.948672" lon="25.480781"><ele>168.032</ele><time>2024-09-15T13:30:52Z</time></trkpt><trkpt lat="54.948506" lon="25.480783"><ele>167.637</ele><time>2024-09-15T13:30:53Z</time></trkpt><trkpt lat="54.948353" lon="25.480796"><ele>167.446</ele><time>2024-09-15T13:30:54Z</time></trkpt><trkpt lat="54.948216" lon="25.480812"><ele>167.210</ele><time>2024-09-15T13:30:55Z</time></trkpt><trkpt lat="54.948095" lon="25.480825"><ele>167.338</ele><time>2024-09-15T13:30:56Z</time></trkpt><trkpt lat="54.947998" lon="25.480836"><ele>167.590</ele><time>2024-09-15T13:30:57Z</time></trkpt><trkpt lat="54.947922" lon="25.48085"><ele>167.925</ele><time>2024-09-15T13:30:58Z</time></trkpt><trkpt lat="54.947868" lon="25.480867"><ele>168.028</ele><time>2024-09-15T13:30:59Z</time></trkpt></trkseg></trk></gpx>