<?xml version="1.0" encoding="UTF-8"?>
<gpx version="1.1" creator="OS Maps" xmlns="http://www.topografix.com/GPX/1/1" xmlns:xsi="http://www.w3.org/2001/XMLSchema-instance" xsi:schemaLocation="http://www.topografix.com/GPX/1/1 http://www.topografix.com/GPX/1/1/gpx.xsd" xmlns:os="https://ordnancesurvey.co.uk/public/schema/route/0.1"><metadata><name>MCAdventure_B Motofox 2025 2 Etapas</name><desc></desc><bounds minlat="54.209831" minlon="24.557084" maxlat="54.529195" maxlon="25.272148"/><extensions><os:activity>OTHER</os:activity><os:elevation_ascent>963.0349511478234</os:elevation_ascent><os:difficulty>NOTSET</os:difficulty><os:visibility>PRIVATE</os:visibility></extensions></metadata><wpt lat="54.507979" lon="25.182660"/><wpt lat="54.507102" lon="25.181301"/><trk><trkseg><trkpt lat="54.507979" lon="25.182660"/><trkpt lat="54.508048" lon="25.183008"/><trkpt lat="54.508133" lon="25.184514"/><trkpt lat="54.508483" lon="25.185045"/><trkpt lat="54.508577" lon="25.185318"/><trkpt lat="54.508576" lon="25.185620"/><trkpt lat="54.507987" lon="25.186648"/><trkpt lat="54.507826" lon="25.186855"/><trkpt lat="54.507671" lon="25.187135"/><trkpt lat="54.507927" lon="25.187514"/><trkpt lat="54.508144" lon="25.187784"/><trkpt lat="54.509439" lon="25.189550"/><trkpt lat="54.509957" lon="25.190231"/><trkpt lat="54.510403" lon="25.190856"/><trkpt lat="54.510507" lon="25.191071"/><trkpt lat="54.510661" lon="25.191207"/><trkpt lat="54.510820" lon="25.191435"/><trkpt lat="54.511383" lon="25.192146"/><trkpt lat="54.511584" lon="25.192434"/><trkpt lat="54.512674" lon="25.193852"/><trkpt lat="54.512831" lon="25.194144"/><trkpt lat="54.512956" lon="25.194308"/><trkpt lat="54.513078" lon="25.194336"/><trkpt lat="54.513114" lon="25.194198"/><trkpt lat="54.513108" lon="25.193935"/><trkpt lat="54.513078" lon="25.193586"/><trkpt lat="54.513045" lon="25.192600"/><trkpt lat="54.513037" lon="25.191450"/><trkpt lat="54.513013" lon="25.190370"/><trkpt lat="54.512932" lon="25.187660"/><trkpt lat="54.512982" lon="25.185418"/><trkpt lat="54.512982" lon="25.184308"/><trkpt lat="54.512943" lon="25.183751"/><trkpt lat="54.512777" lon="25.182694"/><trkpt lat="54.512799" lon="25.181570"/><trkpt lat="54.512769" lon="25.180990"/><trkpt lat="54.512743" lon="25.179838"/><trkpt lat="54.512710" lon="25.179256"/><trkpt lat="54.512657" lon="25.178679"/><trkpt lat="54.512657" lon="25.178102"/><trkpt lat="54.512714" lon="25.176921"/><trkpt lat="54.512710" lon="25.176029"/><trkpt lat="54.512644" lon="25.175454"/><trkpt lat="54.512604" lon="25.174950"/><trkpt lat="54.512448" lon="25.174414"/><trkpt lat="54.512267" lon="25.173873"/><trkpt lat="54.512158" lon="25.173353"/><trkpt lat="54.512157" lon="25.172828"/><trkpt lat="54.512196" lon="25.172333"/><trkpt lat="54.512231" lon="25.171983"/><trkpt lat="54.512309" lon="25.171795"/><trkpt lat="54.512476" lon="25.171836"/><trkpt lat="54.513303" lon="25.172707"/><trkpt lat="54.515356" lon="25.174740"/><trkpt lat="54.516818" lon="25.176166"/><trkpt lat="54.517121" lon="25.176445"/><trkpt lat="54.517439" lon="25.176693"/><trkpt lat="54.517766" lon="25.176902"/><trkpt lat="54.518105" lon="25.177073"/><trkpt lat="54.518454" lon="25.177176"/><trkpt lat="54.518812" lon="25.177215"/><trkpt lat="54.519175" lon="25.177208"/><trkpt lat="54.519524" lon="25.177164"/><trkpt lat="54.524838" lon="25.176057"/><trkpt lat="54.524821" lon="25.175571"/><trkpt lat="54.524757" lon="25.175107"/><trkpt lat="54.524581" lon="25.174177"/><trkpt lat="54.524496" lon="25.173788"/><trkpt lat="54.524365" lon="25.173402"/><trkpt lat="54.524163" lon="25.172709"/><trkpt lat="54.524064" lon="25.172300"/><trkpt lat="54.523946" lon="25.171922"/><trkpt lat="54.523868" lon="25.171543"/><trkpt lat="54.523722" lon="25.170455"/><trkpt lat="54.523565" lon="25.169727"/><trkpt lat="54.523623" lon="25.169371"/><trkpt lat="54.523805" lon="25.169099"/><trkpt lat="54.524048" lon="25.169071"/><trkpt lat="54.524172" lon="25.169109"/><trkpt lat="54.524357" lon="25.169034"/><trkpt lat="54.524461" lon="25.168690"/><trkpt lat="54.524578" lon="25.167431"/><trkpt lat="54.524591" lon="25.167067"/><trkpt lat="54.524627" lon="25.166750"/><trkpt lat="54.524635" lon="25.166282"/><trkpt lat="54.524874" lon="25.166176"/><trkpt lat="54.524548" lon="25.166244"/><trkpt lat="54.524433" lon="25.166250"/><trkpt lat="54.524410" lon="25.166257"/><trkpt lat="54.524406" lon="25.166280"/><trkpt lat="54.524230" lon="25.166270"/><trkpt lat="54.523744" lon="25.166309"/><trkpt lat="54.523580" lon="25.166269"/><trkpt lat="54.523382" lon="25.166167"/><trkpt lat="54.523203" lon="25.166150"/><trkpt lat="54.523090" lon="25.165997"/><trkpt lat="54.522964" lon="25.165605"/><trkpt lat="54.522814" lon="25.165351"/><trkpt lat="54.522894" lon="25.165151"/><trkpt lat="54.523004" lon="25.164939"/><trkpt lat="54.523038" lon="25.164558"/><trkpt lat="54.523081" lon="25.164273"/><trkpt lat="54.523043" lon="25.163988"/><trkpt lat="54.523028" lon="25.163493"/><trkpt lat="54.522872" lon="25.162635"/><trkpt lat="54.522692" lon="25.161779"/><trkpt lat="54.522573" lon="25.161498"/><trkpt lat="54.522431" lon="25.161206"/><trkpt lat="54.522256" lon="25.160919"/><trkpt lat="54.522177" lon="25.160627"/><trkpt lat="54.522141" lon="25.160151"/><trkpt lat="54.522079" lon="25.159754"/><trkpt lat="54.522043" lon="25.159373"/><trkpt lat="54.521975" lon="25.158963"/><trkpt lat="54.521927" lon="25.158539"/><trkpt lat="54.521866" lon="25.157661"/><trkpt lat="54.521810" lon="25.157336"/><trkpt lat="54.521811" lon="25.157016"/><trkpt lat="54.521769" lon="25.156683"/><trkpt lat="54.521704" lon="25.155577"/><trkpt lat="54.521630" lon="25.154940"/><trkpt lat="54.521586" lon="25.154380"/><trkpt lat="54.521465" lon="25.153574"/><trkpt lat="54.521360" lon="25.152555"/><trkpt lat="54.521316" lon="25.152478"/><trkpt lat="54.521312" lon="25.152499"/><trkpt lat="54.521087" lon="25.152497"/><trkpt lat="54.520419" lon="25.152681"/><trkpt lat="54.520470" lon="25.152334"/><trkpt lat="54.520679" lon="25.151997"/><trkpt lat="54.520879" lon="25.151566"/><trkpt lat="54.521052" lon="25.151267"/><trkpt lat="54.521789" lon="25.150223"/><trkpt lat="54.521998" lon="25.149799"/><trkpt lat="54.522233" lon="25.149467"/><trkpt lat="54.522456" lon="25.149110"/><trkpt lat="54.522940" lon="25.148618"/><trkpt lat="54.523128" lon="25.148367"/><trkpt lat="54.523581" lon="25.147259"/><trkpt lat="54.523771" lon="25.146913"/><trkpt lat="54.523963" lon="25.146505"/><trkpt lat="54.524167" lon="25.146156"/><trkpt lat="54.524357" lon="25.145769"/><trkpt lat="54.524828" lon="25.144651"/><trkpt lat="54.525075" lon="25.143909"/><trkpt lat="54.525169" lon="25.143677"/><trkpt lat="54.525185" lon="25.143600"/><trkpt lat="54.525168" lon="25.143636"/><trkpt lat="54.525168" lon="25.143577"/><trkpt lat="54.525126" lon="25.143331"/><trkpt lat="54.525029" lon="25.143132"/><trkpt lat="54.524918" lon="25.143096"/><trkpt lat="54.524686" lon="25.143207"/><trkpt lat="54.524041" lon="25.143357"/><trkpt lat="54.523421" lon="25.143473"/><trkpt lat="54.523120" lon="25.143596"/><trkpt lat="54.522805" lon="25.143691"/><trkpt lat="54.520812" lon="25.144192"/><trkpt lat="54.520731" lon="25.144094"/><trkpt lat="54.520717" lon="25.143734"/><trkpt lat="54.520645" lon="25.143227"/><trkpt lat="54.520548" lon="25.142157"/><trkpt lat="54.520365" lon="25.140616"/><trkpt lat="54.520304" lon="25.139893"/><trkpt lat="54.520192" lon="25.138973"/><trkpt lat="54.520197" lon="25.138869"/><trkpt lat="54.520221" lon="25.138795"/><trkpt lat="54.520195" lon="25.138755"/><trkpt lat="54.520117" lon="25.138477"/><trkpt lat="54.520108" lon="25.138277"/><trkpt lat="54.520074" lon="25.138089"/><trkpt lat="54.519944" lon="25.136823"/><trkpt lat="54.519979" lon="25.136692"/><trkpt lat="54.520177" lon="25.136585"/><trkpt lat="54.520436" lon="25.136572"/><trkpt lat="54.520671" lon="25.136523"/><trkpt lat="54.521083" lon="25.136293"/><trkpt lat="54.521140" lon="25.136309"/><trkpt lat="54.521146" lon="25.136291"/><trkpt lat="54.521088" lon="25.136306"/><trkpt lat="54.521345" lon="25.136200"/><trkpt lat="54.521472" lon="25.136168"/><trkpt lat="54.521583" lon="25.136111"/><trkpt lat="54.521790" lon="25.136088"/><trkpt lat="54.522292" lon="25.135953"/><trkpt lat="54.523245" lon="25.135624"/><trkpt lat="54.523670" lon="25.135507"/><trkpt lat="54.523854" lon="25.135424"/><trkpt lat="54.524117" lon="25.135366"/><trkpt lat="54.524404" lon="25.135262"/><trkpt lat="54.525296" lon="25.134999"/><trkpt lat="54.525610" lon="25.134867"/><trkpt lat="54.526863" lon="25.134487"/><trkpt lat="54.527758" lon="25.134176"/><trkpt lat="54.528025" lon="25.134110"/><trkpt lat="54.528291" lon="25.133997"/><trkpt lat="54.528955" lon="25.133810"/><trkpt lat="54.529144" lon="25.133735"/><trkpt lat="54.529195" lon="25.133651"/><trkpt lat="54.529116" lon="25.133381"/><trkpt lat="54.528930" lon="25.133003"/><trkpt lat="54.528436" lon="25.132110"/><trkpt lat="54.528317" lon="25.131721"/><trkpt lat="54.527704" lon="25.127248"/><trkpt lat="54.527657" lon="25.127005"/><trkpt lat="54.527593" lon="25.126434"/><trkpt lat="54.527567" lon="25.126332"/><trkpt lat="54.527217" lon="25.126559"/><trkpt lat="54.527079" lon="25.126473"/><trkpt lat="54.526913" lon="25.126656"/><trkpt lat="54.526818" lon="25.126929"/><trkpt lat="54.526744" lon="25.127042"/><trkpt lat="54.526608" lon="25.127145"/><trkpt lat="54.526446" lon="25.127118"/><trkpt lat="54.526340" lon="25.127075"/><trkpt lat="54.526163" lon="25.127091"/><trkpt lat="54.526054" lon="25.127160"/><trkpt lat="54.525915" lon="25.127092"/><trkpt lat="54.525776" lon="25.127174"/><trkpt lat="54.525490" lon="25.127398"/><trkpt lat="54.525370" lon="25.127430"/><trkpt lat="54.525256" lon="25.127494"/><trkpt lat="54.525142" lon="25.127494"/><trkpt lat="54.525020" lon="25.127457"/><trkpt lat="54.525027" lon="25.127241"/><trkpt lat="54.525051" lon="25.127077"/><trkpt lat="54.525025" lon="25.126932"/><trkpt lat="54.525082" lon="25.126755"/><trkpt lat="54.525204" lon="25.126723"/><trkpt lat="54.525297" lon="25.126603"/><trkpt lat="54.525321" lon="25.126382"/><trkpt lat="54.525225" lon="25.125966"/><trkpt lat="54.525220" lon="25.125702"/><trkpt lat="54.525237" lon="25.125495"/><trkpt lat="54.525289" lon="25.125296"/><trkpt lat="54.525430" lon="25.124949"/><trkpt lat="54.525515" lon="25.124827"/><trkpt lat="54.525586" lon="25.124730"/><trkpt lat="54.525814" lon="25.124547"/><trkpt lat="54.526090" lon="25.124174"/><trkpt lat="54.526417" lon="25.123596"/><trkpt lat="54.526406" lon="25.123399"/><trkpt lat="54.526282" lon="25.123264"/><trkpt lat="54.526143" lon="25.123193"/><trkpt lat="54.525992" lon="25.123160"/><trkpt lat="54.525789" lon="25.123531"/><trkpt lat="54.525679" lon="25.123666"/><trkpt lat="54.525599" lon="25.123692"/><trkpt lat="54.525509" lon="25.123309"/><trkpt lat="54.525408" lon="25.123134"/><trkpt lat="54.525349" lon="25.122991"/><trkpt lat="54.525254" lon="25.122882"/><trkpt lat="54.525131" lon="25.122892"/><trkpt lat="54.525042" lon="25.122705"/><trkpt lat="54.524791" lon="25.122454"/><trkpt lat="54.524693" lon="25.122268"/><trkpt lat="54.524711" lon="25.121968"/><trkpt lat="54.524304" lon="25.118520"/><trkpt lat="54.524317" lon="25.118481"/><trkpt lat="54.524664" lon="25.118393"/><trkpt lat="54.525220" lon="25.118177"/><trkpt lat="54.525539" lon="25.118100"/><trkpt lat="54.526132" lon="25.117918"/><trkpt lat="54.526429" lon="25.117802"/><trkpt lat="54.526716" lon="25.117738"/><trkpt lat="54.527390" lon="25.117508"/><trkpt lat="54.527325" lon="25.117168"/><trkpt lat="54.527319" lon="25.116786"/><trkpt lat="54.527236" lon="25.116347"/><trkpt lat="54.527145" lon="25.115403"/><trkpt lat="54.527079" lon="25.114923"/><trkpt lat="54.527033" lon="25.114418"/><trkpt lat="54.526919" lon="25.113446"/><trkpt lat="54.526849" lon="25.112959"/><trkpt lat="54.526757" lon="25.112019"/><trkpt lat="54.526701" lon="25.111616"/><trkpt lat="54.526663" lon="25.111151"/><trkpt lat="54.526600" lon="25.110667"/><trkpt lat="54.526518" lon="25.109711"/><trkpt lat="54.526450" lon="25.109077"/><trkpt lat="54.522753" lon="25.110249"/><trkpt lat="54.523250" lon="25.110003"/><trkpt lat="54.522979" lon="25.107559"/><trkpt lat="54.522938" lon="25.107086"/><trkpt lat="54.522884" lon="25.106703"/><trkpt lat="54.522882" lon="25.106260"/><trkpt lat="54.522809" lon="25.105832"/><trkpt lat="54.522752" lon="25.105409"/><trkpt lat="54.522693" lon="25.104846"/><trkpt lat="54.522148" lon="25.104461"/><trkpt lat="54.521881" lon="25.104198"/><trkpt lat="54.521633" lon="25.103887"/><trkpt lat="54.521412" lon="25.103513"/><trkpt lat="54.521004" lon="25.102767"/><trkpt lat="54.520719" lon="25.102343"/><trkpt lat="54.520688" lon="25.102202"/><trkpt lat="54.520802" lon="25.102209"/><trkpt lat="54.521076" lon="25.102141"/><trkpt lat="54.521374" lon="25.102044"/><trkpt lat="54.521659" lon="25.101978"/><trkpt lat="54.522322" lon="25.101752"/><trkpt lat="54.522322" lon="25.101607"/><trkpt lat="54.522260" lon="25.101227"/><trkpt lat="54.522171" lon="25.100320"/><trkpt lat="54.522105" lon="25.099857"/><trkpt lat="54.521718" lon="25.096308"/><trkpt lat="54.521594" lon="25.095367"/><trkpt lat="54.521418" lon="25.093633"/><trkpt lat="54.521020" lon="25.093814"/><trkpt lat="54.520127" lon="25.094099"/><trkpt lat="54.519270" lon="25.094348"/><trkpt lat="54.519124" lon="25.094329"/><trkpt lat="54.518638" lon="25.093038"/><trkpt lat="54.518255" lon="25.092130"/><trkpt lat="54.517924" lon="25.091208"/><trkpt lat="54.517472" lon="25.090502"/><trkpt lat="54.517086" lon="25.090026"/><trkpt lat="54.516811" lon="25.089736"/><trkpt lat="54.516599" lon="25.089365"/><trkpt lat="54.516173" lon="25.088532"/><trkpt lat="54.515802" lon="25.087694"/><trkpt lat="54.515639" lon="25.087371"/><trkpt lat="54.515541" lon="25.087212"/><trkpt lat="54.515305" lon="25.087222"/><trkpt lat="54.512321" lon="25.088152"/><trkpt lat="54.508762" lon="25.089400"/><trkpt lat="54.508167" lon="25.089632"/><trkpt lat="54.508011" lon="25.089711"/><trkpt lat="54.507959" lon="25.089754"/><trkpt lat="54.507951" lon="25.089796"/><trkpt lat="54.507942" lon="25.089767"/><trkpt lat="54.507955" lon="25.089757"/><trkpt lat="54.507939" lon="25.089770"/><trkpt lat="54.507835" lon="25.089913"/><trkpt lat="54.507871" lon="25.089967"/><trkpt lat="54.508120" lon="25.090585"/><trkpt lat="54.508232" lon="25.091545"/><trkpt lat="54.508260" lon="25.091925"/><trkpt lat="54.508345" lon="25.092524"/><trkpt lat="54.508356" lon="25.092873"/><trkpt lat="54.508487" lon="25.093855"/><trkpt lat="54.508569" lon="25.094533"/><trkpt lat="54.508590" lon="25.094833"/><trkpt lat="54.508685" lon="25.095604"/><trkpt lat="54.508732" lon="25.095887"/><trkpt lat="54.508785" lon="25.096486"/><trkpt lat="54.508898" lon="25.097535"/><trkpt lat="54.508932" lon="25.097757"/><trkpt lat="54.508878" lon="25.097842"/><trkpt lat="54.508719" lon="25.097865"/><trkpt lat="54.507745" lon="25.098190"/><trkpt lat="54.507192" lon="25.098348"/><trkpt lat="54.506923" lon="25.098457"/><trkpt lat="54.506374" lon="25.098618"/><trkpt lat="54.505879" lon="25.098799"/><trkpt lat="54.505258" lon="25.098993"/><trkpt lat="54.504463" lon="25.099313"/><trkpt lat="54.503320" lon="25.099684"/><trkpt lat="54.503194" lon="25.099708"/><trkpt lat="54.502972" lon="25.099794"/><trkpt lat="54.502768" lon="25.100033"/><trkpt lat="54.502603" lon="25.100302"/><trkpt lat="54.502237" lon="25.101008"/><trkpt lat="54.501831" lon="25.101840"/><trkpt lat="54.501584" lon="25.102139"/><trkpt lat="54.501306" lon="25.102400"/><trkpt lat="54.501063" lon="25.102781"/><trkpt lat="54.500608" lon="25.103556"/><trkpt lat="54.500332" lon="25.103723"/><trkpt lat="54.498677" lon="25.104142"/><trkpt lat="54.495699" lon="25.105121"/><trkpt lat="54.493740" lon="25.105480"/><trkpt lat="54.493258" lon="25.105611"/><trkpt lat="54.492280" lon="25.105966"/><trkpt lat="54.491809" lon="25.106063"/><trkpt lat="54.491332" lon="25.106109"/><trkpt lat="54.491074" lon="25.106061"/><trkpt lat="54.490391" lon="25.105841"/><trkpt lat="54.490116" lon="25.105714"/><trkpt lat="54.489184" lon="25.105132"/><trkpt lat="54.488573" lon="25.104647"/><trkpt lat="54.488291" lon="25.104368"/><trkpt lat="54.487817" lon="25.103807"/><trkpt lat="54.487613" lon="25.103791"/><trkpt lat="54.487366" lon="25.103984"/><trkpt lat="54.487150" lon="25.104026"/><trkpt lat="54.487003" lon="25.103977"/><trkpt lat="54.487052" lon="25.105043"/><trkpt lat="54.487111" lon="25.105477"/><trkpt lat="54.487018" lon="25.105874"/><trkpt lat="54.486852" lon="25.106234"/><trkpt lat="54.486621" lon="25.106510"/><trkpt lat="54.486360" lon="25.106779"/><trkpt lat="54.486121" lon="25.107070"/><trkpt lat="54.485514" lon="25.107906"/><trkpt lat="54.485422" lon="25.108261"/><trkpt lat="54.485359" lon="25.108608"/><trkpt lat="54.485245" lon="25.108794"/><trkpt lat="54.485067" lon="25.108971"/><trkpt lat="54.484968" lon="25.109284"/><trkpt lat="54.484867" lon="25.109734"/><trkpt lat="54.484808" lon="25.110087"/><trkpt lat="54.484792" lon="25.110389"/><trkpt lat="54.484829" lon="25.110722"/><trkpt lat="54.484787" lon="25.111070"/><trkpt lat="54.484679" lon="25.111724"/><trkpt lat="54.484474" lon="25.112009"/><trkpt lat="54.484292" lon="25.112019"/><trkpt lat="54.483891" lon="25.112166"/><trkpt lat="54.483666" lon="25.112212"/><trkpt lat="54.483203" lon="25.112378"/><trkpt lat="54.483063" lon="25.112398"/><trkpt lat="54.482858" lon="25.112461"/><trkpt lat="54.482674" lon="25.112543"/><trkpt lat="54.482451" lon="25.112586"/><trkpt lat="54.481802" lon="25.112786"/><trkpt lat="54.481561" lon="25.112928"/><trkpt lat="54.481314" lon="25.112968"/><trkpt lat="54.481075" lon="25.113076"/><trkpt lat="54.480821" lon="25.113112"/><trkpt lat="54.480393" lon="25.113240"/><trkpt lat="54.480295" lon="25.113427"/><trkpt lat="54.480364" lon="25.114128"/><trkpt lat="54.480234" lon="25.114321"/><trkpt lat="54.479884" lon="25.114327"/><trkpt lat="54.479474" lon="25.114481"/><trkpt lat="54.479054" lon="25.114598"/><trkpt lat="54.478855" lon="25.114743"/><trkpt lat="54.478629" lon="25.114722"/><trkpt lat="54.478199" lon="25.114896"/><trkpt lat="54.477754" lon="25.115026"/><trkpt lat="54.477546" lon="25.115123"/><trkpt lat="54.477335" lon="25.115145"/><trkpt lat="54.477122" lon="25.115223"/><trkpt lat="54.476916" lon="25.115232"/><trkpt lat="54.476476" lon="25.115458"/><trkpt lat="54.476241" lon="25.115498"/><trkpt lat="54.476044" lon="25.115503"/><trkpt lat="54.475824" lon="25.115624"/><trkpt lat="54.475628" lon="25.115642"/><trkpt lat="54.475452" lon="25.115816"/><trkpt lat="54.475027" lon="25.115936"/><trkpt lat="54.474799" lon="25.116031"/><trkpt lat="54.474383" lon="25.116148"/><trkpt lat="54.473988" lon="25.116293"/><trkpt lat="54.473785" lon="25.116327"/><trkpt lat="54.473595" lon="25.116320"/><trkpt lat="54.473389" lon="25.116432"/><trkpt lat="54.473185" lon="25.116482"/><trkpt lat="54.473057" lon="25.116556"/><trkpt lat="54.472699" lon="25.116656"/><trkpt lat="54.472201" lon="25.116849"/><trkpt lat="54.472029" lon="25.116870"/><trkpt lat="54.471615" lon="25.117038"/><trkpt lat="54.471413" lon="25.117076"/><trkpt lat="54.471200" lon="25.117179"/><trkpt lat="54.469555" lon="25.117688"/><trkpt lat="54.469169" lon="25.117827"/><trkpt lat="54.469042" lon="25.117854"/><trkpt lat="54.468954" lon="25.117637"/><trkpt lat="54.468948" lon="25.117413"/><trkpt lat="54.468896" lon="25.117296"/><trkpt lat="54.468818" lon="25.117365"/><trkpt lat="54.468825" lon="25.117391"/><trkpt lat="54.468835" lon="25.117372"/><trkpt lat="54.468753" lon="25.117584"/><trkpt lat="54.468594" lon="25.117765"/><trkpt lat="54.468417" lon="25.117640"/><trkpt lat="54.468296" lon="25.117386"/><trkpt lat="54.468036" lon="25.117404"/><trkpt lat="54.465890" lon="25.119032"/><trkpt lat="54.465629" lon="25.119146"/><trkpt lat="54.465402" lon="25.119083"/><trkpt lat="54.465162" lon="25.118756"/><trkpt lat="54.464912" lon="25.118506"/><trkpt lat="54.464658" lon="25.118203"/><trkpt lat="54.464392" lon="25.117944"/><trkpt lat="54.464132" lon="25.117626"/><trkpt lat="54.462335" lon="25.115658"/><trkpt lat="54.461603" lon="25.115146"/><trkpt lat="54.460275" lon="25.113609"/><trkpt lat="54.460018" lon="25.113256"/><trkpt lat="54.459800" lon="25.113802"/><trkpt lat="54.459711" lon="25.114116"/><trkpt lat="54.459650" lon="25.114514"/><trkpt lat="54.459578" lon="25.116590"/><trkpt lat="54.459535" lon="25.117246"/><trkpt lat="54.458881" lon="25.116561"/><trkpt lat="54.457916" lon="25.115443"/><trkpt lat="54.457046" lon="25.114758"/><trkpt lat="54.456530" lon="25.114312"/><trkpt lat="54.455541" lon="25.113393"/><trkpt lat="54.454788" lon="25.112766"/><trkpt lat="54.454572" lon="25.112618"/><trkpt lat="54.454359" lon="25.112645"/><trkpt lat="54.454221" lon="25.112641"/><trkpt lat="54.454098" lon="25.112692"/><trkpt lat="54.453981" lon="25.112799"/><trkpt lat="54.453872" lon="25.112938"/><trkpt lat="54.453620" lon="25.113198"/><trkpt lat="54.453496" lon="25.113363"/><trkpt lat="54.453358" lon="25.113497"/><trkpt lat="54.452980" lon="25.113927"/><trkpt lat="54.452677" lon="25.114325"/><trkpt lat="54.452587" lon="25.114463"/><trkpt lat="54.452401" lon="25.114696"/><trkpt lat="54.452299" lon="25.114790"/><trkpt lat="54.452081" lon="25.114606"/><trkpt lat="54.451641" lon="25.114468"/><trkpt lat="54.451407" lon="25.114370"/><trkpt lat="54.450266" lon="25.114023"/><trkpt lat="54.450007" lon="25.113967"/><trkpt lat="54.449518" lon="25.113811"/><trkpt lat="54.449331" lon="25.113842"/><trkpt lat="54.449198" lon="25.113901"/><trkpt lat="54.448715" lon="25.113431"/><trkpt lat="54.448575" lon="25.113272"/><trkpt lat="54.448559" lon="25.112587"/><trkpt lat="54.448521" lon="25.111940"/><trkpt lat="54.448462" lon="25.109152"/><trkpt lat="54.448436" lon="25.106818"/><trkpt lat="54.448448" lon="25.106360"/><trkpt lat="54.448444" lon="25.105905"/><trkpt lat="54.448430" lon="25.105003"/><trkpt lat="54.448408" lon="25.104552"/><trkpt lat="54.448399" lon="25.103640"/><trkpt lat="54.448347" lon="25.103189"/><trkpt lat="54.448268" lon="25.102760"/><trkpt lat="54.448002" lon="25.101956"/><trkpt lat="54.447520" lon="25.100795"/><trkpt lat="54.446996" lon="25.099644"/><trkpt lat="54.446642" lon="25.098902"/><trkpt lat="54.446454" lon="25.098546"/><trkpt lat="54.445340" lon="25.097079"/><trkpt lat="54.445126" lon="25.096747"/><trkpt lat="54.444919" lon="25.096386"/><trkpt lat="54.444724" lon="25.095999"/><trkpt lat="54.444546" lon="25.095590"/><trkpt lat="54.444387" lon="25.095161"/><trkpt lat="54.444210" lon="25.094764"/><trkpt lat="54.443309" lon="25.092483"/><trkpt lat="54.443172" lon="25.092101"/><trkpt lat="54.443061" lon="25.091669"/><trkpt lat="54.442974" lon="25.091209"/><trkpt lat="54.442909" lon="25.090730"/><trkpt lat="54.442870" lon="25.090232"/><trkpt lat="54.442861" lon="25.089719"/><trkpt lat="54.442880" lon="25.089204"/><trkpt lat="54.443340" lon="25.083991"/><trkpt lat="54.443359" lon="25.083491"/><trkpt lat="54.443346" lon="25.082998"/><trkpt lat="54.443266" lon="25.082547"/><trkpt lat="54.443169" lon="25.082118"/><trkpt lat="54.442865" lon="25.080882"/><trkpt lat="54.441781" lon="25.076752"/><trkpt lat="54.441793" lon="25.076543"/><trkpt lat="54.441788" lon="25.076440"/><trkpt lat="54.442105" lon="25.075959"/><trkpt lat="54.442259" lon="25.075807"/><trkpt lat="54.442321" lon="25.075559"/><trkpt lat="54.442310" lon="25.075229"/><trkpt lat="54.442555" lon="25.074694"/><trkpt lat="54.442635" lon="25.074444"/><trkpt lat="54.442661" lon="25.074105"/><trkpt lat="54.442663" lon="25.073803"/><trkpt lat="54.442635" lon="25.073586"/><trkpt lat="54.442500" lon="25.073416"/><trkpt lat="54.442313" lon="25.073340"/><trkpt lat="54.442100" lon="25.073376"/><trkpt lat="54.441912" lon="25.073296"/><trkpt lat="54.441767" lon="25.073065"/><trkpt lat="54.441682" lon="25.072707"/><trkpt lat="54.441663" lon="25.072308"/><trkpt lat="54.441666" lon="25.071891"/><trkpt lat="54.441760" lon="25.071151"/><trkpt lat="54.441711" lon="25.070431"/><trkpt lat="54.441666" lon="25.070107"/><trkpt lat="54.441661" lon="25.069978"/><trkpt lat="54.442204" lon="25.069835"/><trkpt lat="54.442429" lon="25.069719"/><trkpt lat="54.443269" lon="25.069475"/><trkpt lat="54.443537" lon="25.069419"/><trkpt lat="54.444291" lon="25.069149"/><trkpt lat="54.444437" lon="25.069007"/><trkpt lat="54.444550" lon="25.068656"/><trkpt lat="54.444730" lon="25.068331"/><trkpt lat="54.444855" lon="25.067956"/><trkpt lat="54.444905" lon="25.067539"/><trkpt lat="54.444873" lon="25.066911"/><trkpt lat="54.444783" lon="25.066518"/><trkpt lat="54.444764" lon="25.066114"/><trkpt lat="54.444758" lon="25.065650"/><trkpt lat="54.444797" lon="25.065229"/><trkpt lat="54.445006" lon="25.064421"/><trkpt lat="54.445076" lon="25.063979"/><trkpt lat="54.445167" lon="25.063550"/><trkpt lat="54.445242" lon="25.063221"/><trkpt lat="54.445335" lon="25.062885"/><trkpt lat="54.445369" lon="25.062495"/><trkpt lat="54.445629" lon="25.061398"/><trkpt lat="54.445613" lon="25.061065"/><trkpt lat="54.445620" lon="25.060673"/><trkpt lat="54.445584" lon="25.060326"/><trkpt lat="54.445589" lon="25.060047"/><trkpt lat="54.445707" lon="25.059776"/><trkpt lat="54.445887" lon="25.059628"/><trkpt lat="54.446049" lon="25.059606"/><trkpt lat="54.446338" lon="25.059622"/><trkpt lat="54.446439" lon="25.059416"/><trkpt lat="54.446562" lon="25.059273"/><trkpt lat="54.446744" lon="25.059293"/><trkpt lat="54.446846" lon="25.059152"/><trkpt lat="54.446810" lon="25.058881"/><trkpt lat="54.446438" lon="25.057560"/><trkpt lat="54.446229" lon="25.056478"/><trkpt lat="54.446163" lon="25.055991"/><trkpt lat="54.446176" lon="25.055636"/><trkpt lat="54.446267" lon="25.055203"/><trkpt lat="54.446406" lon="25.054803"/><trkpt lat="54.446335" lon="25.054445"/><trkpt lat="54.446346" lon="25.054099"/><trkpt lat="54.446431" lon="25.053729"/><trkpt lat="54.446271" lon="25.053324"/><trkpt lat="54.446095" lon="25.052950"/><trkpt lat="54.446022" lon="25.052522"/><trkpt lat="54.445919" lon="25.052075"/><trkpt lat="54.445808" lon="25.051073"/><trkpt lat="54.445722" lon="25.050130"/><trkpt lat="54.445705" lon="25.049664"/><trkpt lat="54.445653" lon="25.049272"/><trkpt lat="54.445679" lon="25.048955"/><trkpt lat="54.445842" lon="25.048810"/><trkpt lat="54.446030" lon="25.048729"/><trkpt lat="54.446228" lon="25.048552"/><trkpt lat="54.446370" lon="25.048337"/><trkpt lat="54.446438" lon="25.048091"/><trkpt lat="54.446365" lon="25.047705"/><trkpt lat="54.446310" lon="25.047319"/><trkpt lat="54.446317" lon="25.046915"/><trkpt lat="54.446373" lon="25.046535"/><trkpt lat="54.446394" lon="25.046155"/><trkpt lat="54.446380" lon="25.045684"/><trkpt lat="54.446323" lon="25.045413"/><trkpt lat="54.446335" lon="25.045144"/><trkpt lat="54.446477" lon="25.044731"/><trkpt lat="54.446847" lon="25.044318"/><trkpt lat="54.446506" lon="25.044587"/><trkpt lat="54.446515" lon="25.044390"/><trkpt lat="54.446487" lon="25.044042"/><trkpt lat="54.446427" lon="25.043658"/><trkpt lat="54.446386" lon="25.043260"/><trkpt lat="54.446227" lon="25.042159"/><trkpt lat="54.446171" lon="25.041873"/><trkpt lat="54.446126" lon="25.041546"/><trkpt lat="54.446093" lon="25.041157"/><trkpt lat="54.445994" lon="25.040815"/><trkpt lat="54.445970" lon="25.040408"/><trkpt lat="54.445833" lon="25.039579"/><trkpt lat="54.445751" lon="25.038873"/><trkpt lat="54.445680" lon="25.038495"/><trkpt lat="54.445644" lon="25.038137"/><trkpt lat="54.445489" lon="25.037850"/><trkpt lat="54.445307" lon="25.037079"/><trkpt lat="54.445240" lon="25.036710"/><trkpt lat="54.445209" lon="25.036403"/><trkpt lat="54.445037" lon="25.035308"/><trkpt lat="54.445017" lon="25.035071"/><trkpt lat="54.444984" lon="25.034936"/><trkpt lat="54.444958" lon="25.034657"/><trkpt lat="54.444865" lon="25.034011"/><trkpt lat="54.444822" lon="25.033624"/><trkpt lat="54.444783" lon="25.033447"/><trkpt lat="54.444758" lon="25.033140"/><trkpt lat="54.444646" lon="25.032528"/><trkpt lat="54.444574" lon="25.031965"/><trkpt lat="54.444504" lon="25.031726"/><trkpt lat="54.444398" lon="25.031185"/><trkpt lat="54.444468" lon="25.030986"/><trkpt lat="54.444511" lon="25.030758"/><trkpt lat="54.444473" lon="25.030519"/><trkpt lat="54.444414" lon="25.030393"/><trkpt lat="54.444294" lon="25.030379"/><trkpt lat="54.444173" lon="25.030468"/><trkpt lat="54.444120" lon="25.030729"/><trkpt lat="54.443993" lon="25.030878"/><trkpt lat="54.443846" lon="25.030870"/><trkpt lat="54.443768" lon="25.030645"/><trkpt lat="54.443643" lon="25.030511"/><trkpt lat="54.443666" lon="25.030274"/><trkpt lat="54.443788" lon="25.030064"/><trkpt lat="54.443949" lon="25.029899"/><trkpt lat="54.444187" lon="25.029712"/><trkpt lat="54.444166" lon="25.029652"/><trkpt lat="54.444153" lon="25.029655"/><trkpt lat="54.444159" lon="25.029637"/><trkpt lat="54.444114" lon="25.029578"/><trkpt lat="54.444087" lon="25.029461"/><trkpt lat="54.444090" lon="25.029335"/><trkpt lat="54.444123" lon="25.029279"/><trkpt lat="54.444109" lon="25.029293"/><trkpt lat="54.444133" lon="25.029224"/><trkpt lat="54.444190" lon="25.028809"/><trkpt lat="54.444124" lon="25.028544"/><trkpt lat="54.443994" lon="25.028198"/><trkpt lat="54.443962" lon="25.028097"/><trkpt lat="54.443953" lon="25.028011"/><trkpt lat="54.443945" lon="25.028015"/><trkpt lat="54.443937" lon="25.027681"/><trkpt lat="54.443945" lon="25.027397"/><trkpt lat="54.443929" lon="25.027246"/><trkpt lat="54.443929" lon="25.027087"/><trkpt lat="54.443888" lon="25.026969"/><trkpt lat="54.443815" lon="25.026855"/><trkpt lat="54.443791" lon="25.026737"/><trkpt lat="54.443709" lon="25.025936"/><trkpt lat="54.443481" lon="25.024496"/><trkpt lat="54.443465" lon="25.024247"/><trkpt lat="54.443384" lon="25.023747"/><trkpt lat="54.443335" lon="25.023332"/><trkpt lat="54.443286" lon="25.023132"/><trkpt lat="54.443278" lon="25.023079"/><trkpt lat="54.443286" lon="25.023075"/><trkpt lat="54.443270" lon="25.023071"/><trkpt lat="54.443262" lon="25.022953"/><trkpt lat="54.443286" lon="25.022941"/><trkpt lat="54.443286" lon="25.022970"/><trkpt lat="54.443254" lon="25.022913"/><trkpt lat="54.443254" lon="25.022880"/><trkpt lat="54.443229" lon="25.022848"/><trkpt lat="54.443229" lon="25.022799"/><trkpt lat="54.443213" lon="25.022799"/><trkpt lat="54.443188" lon="25.022734"/><trkpt lat="54.443164" lon="25.022461"/><trkpt lat="54.443131" lon="25.022302"/><trkpt lat="54.443075" lon="25.021863"/><trkpt lat="54.442993" lon="25.021448"/><trkpt lat="54.442977" lon="25.021244"/><trkpt lat="54.443034" lon="25.020862"/><trkpt lat="54.443050" lon="25.020488"/><trkpt lat="54.443026" lon="25.019995"/><trkpt lat="54.443034" lon="25.019613"/><trkpt lat="54.443018" lon="25.019226"/><trkpt lat="54.442936" lon="25.018774"/><trkpt lat="54.442806" lon="25.018302"/><trkpt lat="54.442668" lon="25.017891"/><trkpt lat="54.442529" lon="25.017570"/><trkpt lat="54.442432" lon="25.017232"/><trkpt lat="54.442366" lon="25.016793"/><trkpt lat="54.441724" lon="25.014217"/><trkpt lat="54.441276" lon="25.012777"/><trkpt lat="54.441121" lon="25.012402"/><trkpt lat="54.440633" lon="25.011849"/><trkpt lat="54.440413" lon="25.011568"/><trkpt lat="54.440324" lon="25.011283"/><trkpt lat="54.440332" lon="25.010929"/><trkpt lat="54.440519" lon="25.009135"/><trkpt lat="54.440470" lon="25.008663"/><trkpt lat="54.440365" lon="25.008203"/><trkpt lat="54.440202" lon="25.007804"/><trkpt lat="54.439958" lon="25.006494"/><trkpt lat="54.439893" lon="25.006002"/><trkpt lat="54.439795" lon="25.005534"/><trkpt lat="54.439616" lon="25.005107"/><trkpt lat="54.439453" lon="25.004671"/><trkpt lat="54.439331" lon="25.004301"/><trkpt lat="54.439185" lon="25.004175"/><trkpt lat="54.438997" lon="25.004167"/><trkpt lat="54.438940" lon="25.004000"/><trkpt lat="54.438989" lon="25.003703"/><trkpt lat="54.438999" lon="25.003345"/><trkpt lat="54.438021" lon="25.000822"/><trkpt lat="54.437867" lon="25.000358"/><trkpt lat="54.437741" lon="24.999844"/><trkpt lat="54.437640" lon="24.999303"/><trkpt lat="54.437563" lon="24.998754"/><trkpt lat="54.437492" lon="24.997689"/><trkpt lat="54.437490" lon="24.997152"/><trkpt lat="54.437513" lon="24.996615"/><trkpt lat="54.437585" lon="24.995630"/><trkpt lat="54.437591" lon="24.995211"/><trkpt lat="54.437427" lon="24.995060"/><trkpt lat="54.437297" lon="24.994849"/><trkpt lat="54.437340" lon="24.993907"/><trkpt lat="54.437354" lon="24.993355"/><trkpt lat="54.437410" lon="24.992220"/><trkpt lat="54.437454" lon="24.991657"/><trkpt lat="54.437467" lon="24.991097"/><trkpt lat="54.437511" lon="24.990543"/><trkpt lat="54.437539" lon="24.989998"/><trkpt lat="54.437550" lon="24.989444"/><trkpt lat="54.437531" lon="24.988360"/><trkpt lat="54.437508" lon="24.987831"/><trkpt lat="54.437468" lon="24.987334"/><trkpt lat="54.437343" lon="24.986946"/><trkpt lat="54.437199" lon="24.986552"/><trkpt lat="54.436077" lon="24.983634"/><trkpt lat="54.435762" lon="24.982870"/><trkpt lat="54.435041" lon="24.981353"/><trkpt lat="54.434909" lon="24.981047"/><trkpt lat="54.434840" lon="24.980848"/><trkpt lat="54.434819" lon="24.980712"/><trkpt lat="54.434793" lon="24.980654"/><trkpt lat="54.434652" lon="24.980603"/><trkpt lat="54.434220" lon="24.980680"/><trkpt lat="54.433634" lon="24.980701"/><trkpt lat="54.432959" lon="24.980672"/><trkpt lat="54.432609" lon="24.980627"/><trkpt lat="54.431869" lon="24.980440"/><trkpt lat="54.430387" lon="24.979936"/><trkpt lat="54.430094" lon="24.979834"/><trkpt lat="54.429932" lon="24.979704"/><trkpt lat="54.429875" lon="24.979020"/><trkpt lat="54.429647" lon="24.977108"/><trkpt lat="54.429460" lon="24.975350"/><trkpt lat="54.429321" lon="24.974211"/><trkpt lat="54.429215" lon="24.973100"/><trkpt lat="54.429142" lon="24.972546"/><trkpt lat="54.428979" lon="24.970890"/><trkpt lat="54.428792" lon="24.969242"/><trkpt lat="54.428565" lon="24.967049"/><trkpt lat="54.428312" lon="24.964836"/><trkpt lat="54.428206" lon="24.963733"/><trkpt lat="54.428141" lon="24.963188"/><trkpt lat="54.427905" lon="24.960494"/><trkpt lat="54.427832" lon="24.959969"/><trkpt lat="54.427669" lon="24.958341"/><trkpt lat="54.427596" lon="24.957788"/><trkpt lat="54.427344" lon="24.955595"/><trkpt lat="54.427116" lon="24.953381"/><trkpt lat="54.426986" lon="24.952258"/><trkpt lat="54.426937" lon="24.951689"/><trkpt lat="54.426750" lon="24.949996"/><trkpt lat="54.426644" lon="24.948877"/><trkpt lat="54.426457" lon="24.947168"/><trkpt lat="54.426188" lon="24.944914"/><trkpt lat="54.426074" lon="24.943819"/><trkpt lat="54.426042" lon="24.943298"/><trkpt lat="54.425985" lon="24.942904"/><trkpt lat="54.425789" lon="24.942664"/><trkpt lat="54.425496" lon="24.942684"/><trkpt lat="54.422965" lon="24.943498"/><trkpt lat="54.421997" lon="24.943774"/><trkpt lat="54.421012" lon="24.944100"/><trkpt lat="54.419393" lon="24.944584"/><trkpt lat="54.417171" lon="24.945325"/><trkpt lat="54.416886" lon="24.945455"/><trkpt lat="54.416699" lon="24.945410"/><trkpt lat="54.416618" lon="24.945044"/><trkpt lat="54.416618" lon="24.944482"/><trkpt lat="54.416488" lon="24.943359"/><trkpt lat="54.416276" lon="24.941154"/><trkpt lat="54.416105" lon="24.939575"/><trkpt lat="54.415544" lon="24.934766"/><trkpt lat="54.415478" lon="24.934595"/><trkpt lat="54.415356" lon="24.934436"/><trkpt lat="54.415291" lon="24.934188"/><trkpt lat="54.415251" lon="24.933647"/><trkpt lat="54.415210" lon="24.933370"/><trkpt lat="54.415185" lon="24.933097"/><trkpt lat="54.415112" lon="24.932670"/><trkpt lat="54.415088" lon="24.932609"/><trkpt lat="54.415015" lon="24.932552"/><trkpt lat="54.414551" lon="24.932398"/><trkpt lat="54.414364" lon="24.932312"/><trkpt lat="54.413981" lon="24.931950"/><trkpt lat="54.413892" lon="24.931828"/><trkpt lat="54.413542" lon="24.931437"/><trkpt lat="54.413061" lon="24.930851"/><trkpt lat="54.412956" lon="24.930656"/><trkpt lat="54.412915" lon="24.930485"/><trkpt lat="54.412907" lon="24.930379"/><trkpt lat="54.412769" lon="24.930029"/><trkpt lat="54.412614" lon="24.929407"/><trkpt lat="54.412411" lon="24.929024"/><trkpt lat="54.412174" lon="24.928666"/><trkpt lat="54.411792" lon="24.927974"/><trkpt lat="54.411572" lon="24.927706"/><trkpt lat="54.411393" lon="24.927515"/><trkpt lat="54.410986" lon="24.927462"/><trkpt lat="54.410710" lon="24.927380"/><trkpt lat="54.410409" lon="24.927242"/><trkpt lat="54.410148" lon="24.927039"/><trkpt lat="54.409904" lon="24.926799"/><trkpt lat="54.409635" lon="24.926648"/><trkpt lat="54.409351" lon="24.926518"/><trkpt lat="54.409074" lon="24.926314"/><trkpt lat="54.408797" lon="24.926172"/><trkpt lat="54.408521" lon="24.926107"/><trkpt lat="54.408293" lon="24.925940"/><trkpt lat="54.408105" lon="24.925761"/><trkpt lat="54.407699" lon="24.925614"/><trkpt lat="54.407586" lon="24.925438"/><trkpt lat="54.405879" lon="24.924575"/><trkpt lat="54.404875" lon="24.923930"/><trkpt lat="54.404606" lon="24.923547"/><trkpt lat="54.404370" lon="24.923129"/><trkpt lat="54.404215" lon="24.922811"/><trkpt lat="54.404084" lon="24.922669"/><trkpt lat="54.403882" lon="24.922847"/><trkpt lat="54.403752" lon="24.922701"/><trkpt lat="54.403590" lon="24.922679"/><trkpt lat="54.403515" lon="24.922302"/><trkpt lat="54.403396" lon="24.922099"/><trkpt lat="54.403244" lon="24.921908"/><trkpt lat="54.402661" lon="24.922266"/><trkpt lat="54.402417" lon="24.922298"/><trkpt lat="54.401888" lon="24.922481"/><trkpt lat="54.401099" lon="24.922660"/><trkpt lat="54.400944" lon="24.922591"/><trkpt lat="54.400871" lon="24.922441"/><trkpt lat="54.400871" lon="24.922278"/><trkpt lat="54.400846" lon="24.922152"/><trkpt lat="54.400724" lon="24.922095"/><trkpt lat="54.400570" lon="24.922070"/><trkpt lat="54.400391" lon="24.921993"/><trkpt lat="54.400049" lon="24.921887"/><trkpt lat="54.399634" lon="24.921814"/><trkpt lat="54.399227" lon="24.921704"/><trkpt lat="54.399032" lon="24.921680"/><trkpt lat="54.398576" lon="24.921545"/><trkpt lat="54.398128" lon="24.921460"/><trkpt lat="54.397908" lon="24.921322"/><trkpt lat="54.397689" lon="24.921139"/><trkpt lat="54.397461" lon="24.921021"/><trkpt lat="54.396965" lon="24.920927"/><trkpt lat="54.396094" lon="24.921090"/><trkpt lat="54.395671" lon="24.921216"/><trkpt lat="54.395500" lon="24.921228"/><trkpt lat="54.395321" lon="24.921151"/><trkpt lat="54.395125" lon="24.921033"/><trkpt lat="54.394922" lon="24.920878"/><trkpt lat="54.394751" lon="24.920711"/><trkpt lat="54.394621" lon="24.920536"/><trkpt lat="54.394450" lon="24.920374"/><trkpt lat="54.394230" lon="24.920223"/><trkpt lat="54.394002" lon="24.920154"/><trkpt lat="54.393766" lon="24.920028"/><trkpt lat="54.393522" lon="24.919857"/><trkpt lat="54.393042" lon="24.919596"/><trkpt lat="54.392977" lon="24.919515"/><trkpt lat="54.392700" lon="24.919336"/><trkpt lat="54.392391" lon="24.919165"/><trkpt lat="54.392074" lon="24.919002"/><trkpt lat="54.391561" lon="24.918791"/><trkpt lat="54.391138" lon="24.918563"/><trkpt lat="54.391074" lon="24.918547"/><trkpt lat="54.390942" lon="24.918453"/><trkpt lat="54.390275" lon="24.918172"/><trkpt lat="54.389811" lon="24.917830"/><trkpt lat="54.389323" lon="24.917533"/><trkpt lat="54.388997" lon="24.917248"/><trkpt lat="54.388883" lon="24.917265"/><trkpt lat="54.388737" lon="24.917432"/><trkpt lat="54.388224" lon="24.918355"/><trkpt lat="54.388053" lon="24.918628"/><trkpt lat="54.387907" lon="24.918848"/><trkpt lat="54.387793" lon="24.918925"/><trkpt lat="54.387777" lon="24.919035"/><trkpt lat="54.387883" lon="24.919792"/><trkpt lat="54.387996" lon="24.920784"/><trkpt lat="54.388379" lon="24.924585"/><trkpt lat="54.388420" lon="24.925089"/><trkpt lat="54.388428" lon="24.925562"/><trkpt lat="54.388452" lon="24.926074"/><trkpt lat="54.388615" lon="24.927564"/><trkpt lat="54.388688" lon="24.928052"/><trkpt lat="54.388737" lon="24.928524"/><trkpt lat="54.388761" lon="24.928886"/><trkpt lat="54.388721" lon="24.928980"/><trkpt lat="54.388289" lon="24.929163"/><trkpt lat="54.388005" lon="24.929309"/><trkpt lat="54.386800" lon="24.929765"/><trkpt lat="54.386296" lon="24.929989"/><trkpt lat="54.385734" lon="24.930204"/><trkpt lat="54.385669" lon="24.930066"/><trkpt lat="54.385661" lon="24.929704"/><trkpt lat="54.385421" lon="24.929409"/><trkpt lat="54.385297" lon="24.928993"/><trkpt lat="54.385262" lon="24.928479"/><trkpt lat="54.385164" lon="24.928023"/><trkpt lat="54.385030" lon="24.927569"/><trkpt lat="54.384974" lon="24.927104"/><trkpt lat="54.384954" lon="24.926612"/><trkpt lat="54.384961" lon="24.926131"/><trkpt lat="54.384990" lon="24.925718"/><trkpt lat="54.384917" lon="24.925285"/><trkpt lat="54.384841" lon="24.924922"/><trkpt lat="54.384647" lon="24.924178"/><trkpt lat="54.384603" lon="24.923743"/><trkpt lat="54.384576" lon="24.923271"/><trkpt lat="54.384596" lon="24.922808"/><trkpt lat="54.384593" lon="24.922186"/><trkpt lat="54.384082" lon="24.922278"/><trkpt lat="54.383830" lon="24.922359"/><trkpt lat="54.383301" lon="24.922489"/><trkpt lat="54.382756" lon="24.922685"/><trkpt lat="54.382487" lon="24.922725"/><trkpt lat="54.381445" lon="24.922994"/><trkpt lat="54.380721" lon="24.923242"/><trkpt lat="54.380176" lon="24.923397"/><trkpt lat="54.379932" lon="24.923429"/><trkpt lat="54.378792" lon="24.923808"/><trkpt lat="54.378394" lon="24.923910"/><trkpt lat="54.378288" lon="24.924036"/><trkpt lat="54.378182" lon="24.924874"/><trkpt lat="54.378133" lon="24.925431"/><trkpt lat="54.377995" lon="24.926510"/><trkpt lat="54.377970" lon="24.926990"/><trkpt lat="54.378003" lon="24.927441"/><trkpt lat="54.378076" lon="24.927844"/><trkpt lat="54.378084" lon="24.928263"/><trkpt lat="54.378019" lon="24.928743"/><trkpt lat="54.378060" lon="24.929281"/><trkpt lat="54.378060" lon="24.930306"/><trkpt lat="54.378036" lon="24.930843"/><trkpt lat="54.377930" lon="24.932157"/><trkpt lat="54.377775" lon="24.932271"/><trkpt lat="54.377515" lon="24.932369"/><trkpt lat="54.373787" lon="24.933683"/><trkpt lat="54.375465" lon="24.932858"/><trkpt lat="54.375260" lon="24.932634"/><trkpt lat="54.375024" lon="24.932418"/><trkpt lat="54.374756" lon="24.932137"/><trkpt lat="54.374520" lon="24.931811"/><trkpt lat="54.374341" lon="24.931478"/><trkpt lat="54.374121" lon="24.931283"/><trkpt lat="54.373869" lon="24.931091"/><trkpt lat="54.373600" lon="24.930798"/><trkpt lat="54.373340" lon="24.930461"/><trkpt lat="54.373104" lon="24.930123"/><trkpt lat="54.372795" lon="24.929252"/><trkpt lat="54.372607" lon="24.928857"/><trkpt lat="54.372412" lon="24.928479"/><trkpt lat="54.371956" lon="24.927828"/><trkpt lat="54.371769" lon="24.927429"/><trkpt lat="54.371493" lon="24.926522"/><trkpt lat="54.371379" lon="24.926066"/><trkpt lat="54.371338" lon="24.925574"/><trkpt lat="54.371322" lon="24.925073"/><trkpt lat="54.371248" lon="24.924613"/><trkpt lat="54.371110" lon="24.924219"/><trkpt lat="54.370996" lon="24.923792"/><trkpt lat="54.370915" lon="24.923376"/><trkpt lat="54.370850" lon="24.923153"/><trkpt lat="54.370793" lon="24.923116"/><trkpt lat="54.370760" lon="24.923031"/><trkpt lat="54.370703" lon="24.923022"/><trkpt lat="54.370589" lon="24.923079"/><trkpt lat="54.370451" lon="24.923234"/><trkpt lat="54.370296" lon="24.923356"/><trkpt lat="54.369857" lon="24.923503"/><trkpt lat="54.369572" lon="24.923507"/><trkpt lat="54.368994" lon="24.923446"/><trkpt lat="54.368717" lon="24.923315"/><trkpt lat="54.368449" lon="24.923153"/><trkpt lat="54.368001" lon="24.922725"/><trkpt lat="54.367773" lon="24.922640"/><trkpt lat="54.367269" lon="24.922323"/><trkpt lat="54.366984" lon="24.922262"/><trkpt lat="54.366683" lon="24.922160"/><trkpt lat="54.365926" lon="24.921684"/><trkpt lat="54.365422" lon="24.921334"/><trkpt lat="54.365120" lon="24.921191"/><trkpt lat="54.364811" lon="24.920996"/><trkpt lat="54.364534" lon="24.920801"/><trkpt lat="54.363997" lon="24.920300"/><trkpt lat="54.363721" lon="24.920154"/><trkpt lat="54.363477" lon="24.919963"/><trkpt lat="54.363257" lon="24.919743"/><trkpt lat="54.362712" lon="24.919487"/><trkpt lat="54.362508" lon="24.919222"/><trkpt lat="54.362272" lon="24.919035"/><trkpt lat="54.361995" lon="24.918876"/><trkpt lat="54.361458" lon="24.918526"/><trkpt lat="54.360921" lon="24.918282"/><trkpt lat="54.360400" lon="24.918001"/><trkpt lat="54.359595" lon="24.917659"/><trkpt lat="54.359367" lon="24.917631"/><trkpt lat="54.358968" lon="24.917721"/><trkpt lat="54.358756" lon="24.917668"/><trkpt lat="54.358700" lon="24.917688"/><trkpt lat="54.358618" lon="24.917753"/><trkpt lat="54.358285" lon="24.917883"/><trkpt lat="54.358195" lon="24.917822"/><trkpt lat="54.357967" lon="24.917183"/><trkpt lat="54.357804" lon="24.916813"/><trkpt lat="54.357585" lon="24.916480"/><trkpt lat="54.357121" lon="24.915881"/><trkpt lat="54.356901" lon="24.915568"/><trkpt lat="54.356502" lon="24.914901"/><trkpt lat="54.356071" lon="24.914335"/><trkpt lat="54.355664" lon="24.913680"/><trkpt lat="54.355477" lon="24.913432"/><trkpt lat="54.355249" lon="24.913224"/><trkpt lat="54.355021" lon="24.912980"/><trkpt lat="54.354785" lon="24.912756"/><trkpt lat="54.354541" lon="24.912557"/><trkpt lat="54.354321" lon="24.912337"/><trkpt lat="54.354118" lon="24.912089"/><trkpt lat="54.353923" lon="24.911788"/><trkpt lat="54.353556" lon="24.911296"/><trkpt lat="54.353174" lon="24.910616"/><trkpt lat="54.352987" lon="24.910311"/><trkpt lat="54.352783" lon="24.910050"/><trkpt lat="54.352352" lon="24.909562"/><trkpt lat="54.352132" lon="24.909355"/><trkpt lat="54.351937" lon="24.909086"/><trkpt lat="54.351310" lon="24.908040"/><trkpt lat="54.350944" lon="24.907296"/><trkpt lat="54.350675" lon="24.906502"/><trkpt lat="54.350366" lon="24.905770"/><trkpt lat="54.350171" lon="24.905404"/><trkpt lat="54.349992" lon="24.905009"/><trkpt lat="54.349821" lon="24.904598"/><trkpt lat="54.349683" lon="24.904211"/><trkpt lat="54.349430" lon="24.903329"/><trkpt lat="54.349373" lon="24.902881"/><trkpt lat="54.349365" lon="24.902466"/><trkpt lat="54.349251" lon="24.902136"/><trkpt lat="54.348877" lon="24.901530"/><trkpt lat="54.348486" lon="24.900944"/><trkpt lat="54.348324" lon="24.900679"/><trkpt lat="54.348071" lon="24.900203"/><trkpt lat="54.347868" lon="24.899927"/><trkpt lat="54.347819" lon="24.899829"/><trkpt lat="54.347746" lon="24.899744"/><trkpt lat="54.347493" lon="24.899377"/><trkpt lat="54.346761" lon="24.898616"/><trkpt lat="54.346444" lon="24.898100"/><trkpt lat="54.346094" lon="24.897567"/><trkpt lat="54.345785" lon="24.896936"/><trkpt lat="54.345418" lon="24.896379"/><trkpt lat="54.345272" lon="24.896049"/><trkpt lat="54.345003" lon="24.895520"/><trkpt lat="54.344906" lon="24.895284"/><trkpt lat="54.344824" lon="24.895015"/><trkpt lat="54.344710" lon="24.894727"/><trkpt lat="54.344605" lon="24.894405"/><trkpt lat="54.344425" lon="24.893726"/><trkpt lat="54.344393" lon="24.893355"/><trkpt lat="54.344434" lon="24.892957"/><trkpt lat="54.344523" lon="24.892578"/><trkpt lat="54.344629" lon="24.892253"/><trkpt lat="54.344718" lon="24.891915"/><trkpt lat="54.344751" lon="24.891541"/><trkpt lat="54.344759" lon="24.890369"/><trkpt lat="54.344735" lon="24.890047"/><trkpt lat="54.344637" lon="24.889803"/><trkpt lat="54.344507" lon="24.889616"/><trkpt lat="54.344328" lon="24.889197"/><trkpt lat="54.344173" lon="24.888965"/><trkpt lat="54.343823" lon="24.888574"/><trkpt lat="54.343034" lon="24.887508"/><trkpt lat="54.342765" lon="24.887353"/><trkpt lat="54.342513" lon="24.887020"/><trkpt lat="54.342269" lon="24.886764"/><trkpt lat="54.341778" lon="24.886148"/><trkpt lat="54.341710" lon="24.886012"/><trkpt lat="54.341770" lon="24.885670"/><trkpt lat="54.341911" lon="24.885396"/><trkpt lat="54.342147" lon="24.884798"/><trkpt lat="54.342228" lon="24.884623"/><trkpt lat="54.342334" lon="24.884460"/><trkpt lat="54.342415" lon="24.884261"/><trkpt lat="54.342521" lon="24.883716"/><trkpt lat="54.342660" lon="24.882755"/><trkpt lat="54.342668" lon="24.882532"/><trkpt lat="54.342643" lon="24.882345"/><trkpt lat="54.342546" lon="24.882153"/><trkpt lat="54.342489" lon="24.881852"/><trkpt lat="54.342481" lon="24.881519"/><trkpt lat="54.342546" lon="24.881177"/><trkpt lat="54.342635" lon="24.880831"/><trkpt lat="54.342692" lon="24.880469"/><trkpt lat="54.342773" lon="24.880127"/><trkpt lat="54.342798" lon="24.879757"/><trkpt lat="54.342782" lon="24.879378"/><trkpt lat="54.342790" lon="24.878658"/><trkpt lat="54.342757" lon="24.878284"/><trkpt lat="54.342749" lon="24.877934"/><trkpt lat="54.342708" lon="24.877600"/><trkpt lat="54.342602" lon="24.877271"/><trkpt lat="54.342529" lon="24.876917"/><trkpt lat="54.342472" lon="24.876558"/><trkpt lat="54.342375" lon="24.876151"/><trkpt lat="54.342318" lon="24.875749"/><trkpt lat="54.342375" lon="24.875403"/><trkpt lat="54.342505" lon="24.875094"/><trkpt lat="54.342602" lon="24.874772"/><trkpt lat="54.342594" lon="24.874439"/><trkpt lat="54.342529" lon="24.874056"/><trkpt lat="54.342383" lon="24.872571"/><trkpt lat="54.342383" lon="24.871842"/><trkpt lat="54.342334" lon="24.871436"/><trkpt lat="54.342228" lon="24.870854"/><trkpt lat="54.342228" lon="24.870683"/><trkpt lat="54.342261" lon="24.870487"/><trkpt lat="54.342326" lon="24.870231"/><trkpt lat="54.342432" lon="24.869942"/><trkpt lat="54.342521" lon="24.869625"/><trkpt lat="54.342594" lon="24.869279"/><trkpt lat="54.342651" lon="24.868901"/><trkpt lat="54.342692" lon="24.868530"/><trkpt lat="54.342790" lon="24.868201"/><trkpt lat="54.343123" lon="24.867269"/><trkpt lat="54.343213" lon="24.866951"/><trkpt lat="54.343294" lon="24.866268"/><trkpt lat="54.343367" lon="24.865885"/><trkpt lat="54.343547" lon="24.865206"/><trkpt lat="54.343620" lon="24.864868"/><trkpt lat="54.343726" lon="24.864579"/><trkpt lat="54.343994" lon="24.863977"/><trkpt lat="54.344442" lon="24.863086"/><trkpt lat="54.344767" lon="24.862512"/><trkpt lat="54.345329" lon="24.861808"/><trkpt lat="54.345841" lon="24.861234"/><trkpt lat="54.345947" lon="24.861068"/><trkpt lat="54.346224" lon="24.860547"/><trkpt lat="54.346395" lon="24.860270"/><trkpt lat="54.346541" lon="24.860042"/><trkpt lat="54.346908" lon="24.859534"/><trkpt lat="54.346948" lon="24.859395"/><trkpt lat="54.347347" lon="24.858590"/><trkpt lat="54.347673" lon="24.858130"/><trkpt lat="54.347803" lon="24.857890"/><trkpt lat="54.348022" lon="24.857361"/><trkpt lat="54.348136" lon="24.857121"/><trkpt lat="54.348747" lon="24.856067"/><trkpt lat="54.348885" lon="24.855766"/><trkpt lat="54.349032" lon="24.855400"/><trkpt lat="54.349259" lon="24.854740"/><trkpt lat="54.349487" lon="24.854146"/><trkpt lat="54.349609" lon="24.853849"/><trkpt lat="54.349764" lon="24.853560"/><trkpt lat="54.350130" lon="24.852954"/><trkpt lat="54.350692" lon="24.852144"/><trkpt lat="54.351204" lon="24.851326"/><trkpt lat="54.351579" lon="24.850810"/><trkpt lat="54.351685" lon="24.850610"/><trkpt lat="54.351758" lon="24.850435"/><trkpt lat="54.351807" lon="24.850228"/><trkpt lat="54.351855" lon="24.849601"/><trkpt lat="54.351880" lon="24.848881"/><trkpt lat="54.351912" lon="24.848547"/><trkpt lat="54.351921" lon="24.848193"/><trkpt lat="54.351994" lon="24.847282"/><trkpt lat="54.352026" lon="24.847013"/><trkpt lat="54.352010" lon="24.846802"/><trkpt lat="54.352026" lon="24.846505"/><trkpt lat="54.352018" lon="24.846362"/><trkpt lat="54.351937" lon="24.846256"/><trkpt lat="54.351794" lon="24.845861"/><trkpt lat="54.350521" lon="24.845965"/><trkpt lat="54.349957" lon="24.845941"/><trkpt lat="54.348998" lon="24.845727"/><trkpt lat="54.346727" lon="24.845098"/><trkpt lat="54.345447" lon="24.844716"/><trkpt lat="54.344795" lon="24.844567"/><trkpt lat="54.344474" lon="24.844555"/><trkpt lat="54.343823" lon="24.844670"/><trkpt lat="54.342847" lon="24.844946"/><trkpt lat="54.342526" lon="24.844997"/><trkpt lat="54.341256" lon="24.845357"/><trkpt lat="54.340590" lon="24.845505"/><trkpt lat="54.340536" lon="24.845471"/><trkpt lat="54.340544" lon="24.845447"/><trkpt lat="54.340536" lon="24.845443"/><trkpt lat="54.340560" lon="24.845394"/><trkpt lat="54.340617" lon="24.845337"/><trkpt lat="54.340894" lon="24.845308"/><trkpt lat="54.341488" lon="24.845157"/><trkpt lat="54.341687" lon="24.844998"/><trkpt lat="54.341917" lon="24.844757"/><trkpt lat="54.343241" lon="24.842638"/><trkpt lat="54.343308" lon="24.842128"/><trkpt lat="54.343136" lon="24.841436"/><trkpt lat="54.342970" lon="24.841006"/><trkpt lat="54.342617" lon="24.840482"/><trkpt lat="54.342456" lon="24.840202"/><trkpt lat="54.342284" lon="24.839857"/><trkpt lat="54.341635" lon="24.838759"/><trkpt lat="54.340364" lon="24.836477"/><trkpt lat="54.340050" lon="24.835865"/><trkpt lat="54.339860" lon="24.835569"/><trkpt lat="54.338936" lon="24.834297"/><trkpt lat="54.338390" lon="24.833611"/><trkpt lat="54.338207" lon="24.833291"/><trkpt lat="54.337889" lon="24.832691"/><trkpt lat="54.337444" lon="24.831677"/><trkpt lat="54.337270" lon="24.831318"/><trkpt lat="54.336779" lon="24.830443"/><trkpt lat="54.336365" lon="24.829573"/><trkpt lat="54.336213" lon="24.829295"/><trkpt lat="54.335804" lon="24.828683"/><trkpt lat="54.335641" lon="24.828488"/><trkpt lat="54.335452" lon="24.828328"/><trkpt lat="54.335235" lon="24.828202"/><trkpt lat="54.334361" lon="24.827846"/><trkpt lat="54.333002" lon="24.827007"/><trkpt lat="54.332184" lon="24.826564"/><trkpt lat="54.331976" lon="24.826423"/><trkpt lat="54.331118" lon="24.825637"/><trkpt lat="54.329759" lon="24.824662"/><trkpt lat="54.328656" lon="24.823799"/><trkpt lat="54.328429" lon="24.823644"/><trkpt lat="54.327969" lon="24.823382"/><trkpt lat="54.327052" lon="24.822939"/><trkpt lat="54.326839" lon="24.822856"/><trkpt lat="54.326636" lon="24.822640"/><trkpt lat="54.326237" lon="24.822099"/><trkpt lat="54.325317" lon="24.820658"/><trkpt lat="54.324862" lon="24.819889"/><trkpt lat="54.324569" lon="24.819324"/><trkpt lat="54.324415" lon="24.818984"/><trkpt lat="54.323640" lon="24.817487"/><trkpt lat="54.323480" lon="24.817226"/><trkpt lat="54.323291" lon="24.817045"/><trkpt lat="54.323026" lon="24.816358"/><trkpt lat="54.322751" lon="24.815769"/><trkpt lat="54.322112" lon="24.815690"/><trkpt lat="54.322652" lon="24.815324"/><trkpt lat="54.322542" lon="24.814653"/><trkpt lat="54.322444" lon="24.814215"/><trkpt lat="54.322448" lon="24.813774"/><trkpt lat="54.322565" lon="24.813328"/><trkpt lat="54.322307" lon="24.812483"/><trkpt lat="54.322111" lon="24.812087"/><trkpt lat="54.321643" lon="24.811468"/><trkpt lat="54.321233" lon="24.810856"/><trkpt lat="54.321083" lon="24.810607"/><trkpt lat="54.320926" lon="24.810406"/><trkpt lat="54.320988" lon="24.809615"/><trkpt lat="54.320744" lon="24.806901"/><trkpt lat="54.320614" lon="24.805855"/><trkpt lat="54.320443" lon="24.803809"/><trkpt lat="54.320264" lon="24.801969"/><trkpt lat="54.320231" lon="24.801729"/><trkpt lat="54.320215" lon="24.801420"/><trkpt lat="54.320052" lon="24.800138"/><trkpt lat="54.319930" lon="24.798613"/><trkpt lat="54.319727" lon="24.796855"/><trkpt lat="54.319604" lon="24.795606"/><trkpt lat="54.319352" lon="24.793644"/><trkpt lat="54.319214" lon="24.792436"/><trkpt lat="54.318897" lon="24.789351"/><trkpt lat="54.318823" lon="24.789217"/><trkpt lat="54.318701" lon="24.789250"/><trkpt lat="54.318294" lon="24.789502"/><trkpt lat="54.318091" lon="24.789718"/><trkpt lat="54.317912" lon="24.789974"/><trkpt lat="54.317611" lon="24.790735"/><trkpt lat="54.317366" lon="24.791602"/><trkpt lat="54.317212" lon="24.791899"/><trkpt lat="54.317065" lon="24.792070"/><trkpt lat="54.316862" lon="24.792248"/><trkpt lat="54.316659" lon="24.792529"/><trkpt lat="54.316471" lon="24.792851"/><trkpt lat="54.316235" lon="24.793107"/><trkpt lat="54.315975" lon="24.793274"/><trkpt lat="54.314746" lon="24.793640"/><trkpt lat="54.314128" lon="24.793860"/><trkpt lat="54.313916" lon="24.793974"/><trkpt lat="54.313835" lon="24.794210"/><trkpt lat="54.313859" lon="24.795011"/><trkpt lat="54.313859" lon="24.795414"/><trkpt lat="54.313786" lon="24.795789"/><trkpt lat="54.313672" lon="24.796191"/><trkpt lat="54.313566" lon="24.796627"/><trkpt lat="54.313436" lon="24.797042"/><trkpt lat="54.313273" lon="24.797420"/><trkpt lat="54.313151" lon="24.797835"/><trkpt lat="54.312996" lon="24.798246"/><trkpt lat="54.312826" lon="24.798641"/><trkpt lat="54.312663" lon="24.798889"/><trkpt lat="54.312451" lon="24.799105"/><trkpt lat="54.312061" lon="24.799670"/><trkpt lat="54.311873" lon="24.799972"/><trkpt lat="54.311572" lon="24.800659"/><trkpt lat="54.311483" lon="24.800948"/><trkpt lat="54.311410" lon="24.801115"/><trkpt lat="54.311336" lon="24.801180"/><trkpt lat="54.311185" lon="24.801237"/><trkpt lat="54.310856" lon="24.801449"/><trkpt lat="54.310421" lon="24.801584"/><trkpt lat="54.310197" lon="24.801615"/><trkpt lat="54.309988" lon="24.801673"/><trkpt lat="54.309666" lon="24.801610"/><trkpt lat="54.309489" lon="24.801546"/><trkpt lat="54.309256" lon="24.801527"/><trkpt lat="54.309013" lon="24.801376"/><trkpt lat="54.308364" lon="24.800869"/><trkpt lat="54.308184" lon="24.800667"/><trkpt lat="54.308212" lon="24.800116"/><trkpt lat="54.308218" lon="24.799737"/><trkpt lat="54.308208" lon="24.799318"/><trkpt lat="54.308033" lon="24.798239"/><trkpt lat="54.307976" lon="24.797650"/><trkpt lat="54.307829" lon="24.796762"/><trkpt lat="54.307829" lon="24.796738"/><trkpt lat="54.307983" lon="24.796484"/><trkpt lat="54.307975" lon="24.795748"/><trkpt lat="54.308000" lon="24.795052"/><trkpt lat="54.307991" lon="24.794727"/><trkpt lat="54.307910" lon="24.794438"/><trkpt lat="54.307780" lon="24.794120"/><trkpt lat="54.307682" lon="24.793758"/><trkpt lat="54.307625" lon="24.793420"/><trkpt lat="54.307593" lon="24.792314"/><trkpt lat="54.307609" lon="24.791882"/><trkpt lat="54.307609" lon="24.791435"/><trkpt lat="54.307552" lon="24.790633"/><trkpt lat="54.307577" lon="24.790283"/><trkpt lat="54.307519" lon="24.789921"/><trkpt lat="54.307259" lon="24.789233"/><trkpt lat="54.307194" lon="24.788965"/><trkpt lat="54.307202" lon="24.788761"/><trkpt lat="54.307259" lon="24.788574"/><trkpt lat="54.307479" lon="24.787984"/><trkpt lat="54.307503" lon="24.787866"/><trkpt lat="54.307511" lon="24.787785"/><trkpt lat="54.307495" lon="24.787634"/><trkpt lat="54.307409" lon="24.787525"/><trkpt lat="54.307472" lon="24.786887"/><trkpt lat="54.307509" lon="24.785840"/><trkpt lat="54.307652" lon="24.785079"/><trkpt lat="54.307768" lon="24.784667"/><trkpt lat="54.307977" lon="24.784039"/><trkpt lat="54.308174" lon="24.783329"/><trkpt lat="54.308338" lon="24.783008"/><trkpt lat="54.308459" lon="24.782737"/><trkpt lat="54.308647" lon="24.782025"/><trkpt lat="54.308737" lon="24.781770"/><trkpt lat="54.309004" lon="24.781217"/><trkpt lat="54.308903" lon="24.780607"/><trkpt lat="54.308935" lon="24.780233"/><trkpt lat="54.308968" lon="24.779394"/><trkpt lat="54.309017" lon="24.778971"/><trkpt lat="54.309050" lon="24.778528"/><trkpt lat="54.309041" lon="24.777592"/><trkpt lat="54.309082" lon="24.776685"/><trkpt lat="54.309074" lon="24.776241"/><trkpt lat="54.309115" lon="24.775830"/><trkpt lat="54.309196" lon="24.775452"/><trkpt lat="54.309253" lon="24.775057"/><trkpt lat="54.309294" lon="24.774646"/><trkpt lat="54.309286" lon="24.774235"/><trkpt lat="54.309245" lon="24.773865"/><trkpt lat="54.309188" lon="24.773523"/><trkpt lat="54.309196" lon="24.773145"/><trkpt lat="54.309237" lon="24.772848"/><trkpt lat="54.309171" lon="24.772471"/><trkpt lat="54.309288" lon="24.771902"/><trkpt lat="54.309350" lon="24.771247"/><trkpt lat="54.309368" lon="24.770919"/><trkpt lat="54.309384" lon="24.769964"/><trkpt lat="54.309328" lon="24.769632"/><trkpt lat="54.309229" lon="24.769300"/><trkpt lat="54.308823" lon="24.768569"/><trkpt lat="54.308746" lon="24.768346"/><trkpt lat="54.308659" lon="24.768144"/><trkpt lat="54.308447" lon="24.767305"/><trkpt lat="54.308366" lon="24.766848"/><trkpt lat="54.308341" lon="24.766564"/><trkpt lat="54.308313" lon="24.765217"/><trkpt lat="54.308336" lon="24.762894"/><trkpt lat="54.308330" lon="24.760723"/><trkpt lat="54.308338" lon="24.760241"/><trkpt lat="54.308387" lon="24.759833"/><trkpt lat="54.308268" lon="24.759509"/><trkpt lat="54.308116" lon="24.759151"/><trkpt lat="54.308004" lon="24.758755"/><trkpt lat="54.307926" lon="24.758329"/><trkpt lat="54.307650" lon="24.757520"/><trkpt lat="54.307511" lon="24.757072"/><trkpt lat="54.307359" lon="24.756667"/><trkpt lat="54.307221" lon="24.756245"/><trkpt lat="54.306814" lon="24.754931"/><trkpt lat="54.306581" lon="24.754114"/><trkpt lat="54.306482" lon="24.753684"/><trkpt lat="54.306455" lon="24.752448"/><trkpt lat="54.306463" lon="24.752119"/><trkpt lat="54.306191" lon="24.750772"/><trkpt lat="54.306023" lon="24.750633"/><trkpt lat="54.306112" lon="24.749872"/><trkpt lat="54.306044" lon="24.748677"/><trkpt lat="54.306010" lon="24.746958"/><trkpt lat="54.306017" lon="24.746064"/><trkpt lat="54.306137" lon="24.745298"/><trkpt lat="54.306361" lon="24.743551"/><trkpt lat="54.306520" lon="24.742500"/><trkpt lat="54.306557" lon="24.742162"/><trkpt lat="54.306593" lon="24.741197"/><trkpt lat="54.306585" lon="24.740577"/><trkpt lat="54.306803" lon="24.738422"/><trkpt lat="54.306852" lon="24.738057"/><trkpt lat="54.306771" lon="24.737683"/><trkpt lat="54.306660" lon="24.737280"/><trkpt lat="54.306563" lon="24.736847"/><trkpt lat="54.306273" lon="24.735429"/><trkpt lat="54.306249" lon="24.734927"/><trkpt lat="54.306258" lon="24.734403"/><trkpt lat="54.306291" lon="24.733896"/><trkpt lat="54.306396" lon="24.733026"/><trkpt lat="54.306380" lon="24.732637"/><trkpt lat="54.306348" lon="24.732239"/><trkpt lat="54.306299" lon="24.731852"/><trkpt lat="54.306234" lon="24.731458"/><trkpt lat="54.306201" lon="24.731030"/><trkpt lat="54.306209" lon="24.730575"/><trkpt lat="54.306291" lon="24.729110"/><trkpt lat="54.306364" lon="24.728109"/><trkpt lat="54.306829" lon="24.724230"/><trkpt lat="54.306838" lon="24.723846"/><trkpt lat="54.306821" lon="24.723360"/><trkpt lat="54.306898" lon="24.722655"/><trkpt lat="54.307222" lon="24.722437"/><trkpt lat="54.307498" lon="24.722091"/><trkpt lat="54.307504" lon="24.722048"/><trkpt lat="54.307471" lon="24.721948"/><trkpt lat="54.307430" lon="24.721704"/><trkpt lat="54.307414" lon="24.721415"/><trkpt lat="54.307422" lon="24.721102"/><trkpt lat="54.307609" lon="24.720154"/><trkpt lat="54.307837" lon="24.719279"/><trkpt lat="54.307878" lon="24.719039"/><trkpt lat="54.307918" lon="24.718477"/><trkpt lat="54.307951" lon="24.717391"/><trkpt lat="54.307943" lon="24.716968"/><trkpt lat="54.307780" lon="24.714665"/><trkpt lat="54.307739" lon="24.714360"/><trkpt lat="54.307658" lon="24.714054"/><trkpt lat="54.307609" lon="24.713786"/><trkpt lat="54.307682" lon="24.713159"/><trkpt lat="54.307609" lon="24.712549"/><trkpt lat="54.307552" lon="24.712195"/><trkpt lat="54.307528" lon="24.711686"/><trkpt lat="54.307438" lon="24.710836"/><trkpt lat="54.307446" lon="24.710209"/><trkpt lat="54.307438" lon="24.709835"/><trkpt lat="54.307357" lon="24.709485"/><trkpt lat="54.307283" lon="24.708765"/><trkpt lat="54.307153" lon="24.708293"/><trkpt lat="54.307088" lon="24.707926"/><trkpt lat="54.307072" lon="24.707625"/><trkpt lat="54.306942" lon="24.707023"/><trkpt lat="54.306836" lon="24.706429"/><trkpt lat="54.306787" lon="24.706230"/><trkpt lat="54.306665" lon="24.705326"/><trkpt lat="54.306649" lon="24.704972"/><trkpt lat="54.306470" lon="24.703503"/><trkpt lat="54.306462" lon="24.703288"/><trkpt lat="54.306502" lon="24.702983"/><trkpt lat="54.306510" lon="24.702734"/><trkpt lat="54.306551" lon="24.702515"/><trkpt lat="54.306600" lon="24.702332"/><trkpt lat="54.306632" lon="24.702132"/><trkpt lat="54.306655" lon="24.701600"/><trkpt lat="54.306445" lon="24.701786"/><trkpt lat="54.306193" lon="24.701510"/><trkpt lat="54.305981" lon="24.701331"/><trkpt lat="54.303703" lon="24.699683"/><trkpt lat="54.302930" lon="24.699162"/><trkpt lat="54.302124" lon="24.698686"/><trkpt lat="54.301278" lon="24.698262"/><trkpt lat="54.300317" lon="24.697815"/><trkpt lat="54.298031" lon="24.696798"/><trkpt lat="54.293945" lon="24.695044"/><trkpt lat="54.285962" lon="24.691553"/><trkpt lat="54.282975" lon="24.690263"/><trkpt lat="54.282096" lon="24.689905"/><trkpt lat="54.281787" lon="24.689750"/><trkpt lat="54.281510" lon="24.689685"/><trkpt lat="54.281242" lon="24.689673"/><trkpt lat="54.280745" lon="24.689526"/><trkpt lat="54.280623" lon="24.689510"/><trkpt lat="54.280631" lon="24.689502"/><trkpt lat="54.280623" lon="24.689518"/><trkpt lat="54.280518" lon="24.689514"/><trkpt lat="54.280217" lon="24.689445"/><trkpt lat="54.279842" lon="24.689388"/><trkpt lat="54.279671" lon="24.689425"/><trkpt lat="54.279118" lon="24.689616"/><trkpt lat="54.278719" lon="24.689722"/><trkpt lat="54.278516" lon="24.689730"/><trkpt lat="54.278320" lon="24.689701"/><trkpt lat="54.278158" lon="24.689628"/><trkpt lat="54.278019" lon="24.689433"/><trkpt lat="54.277905" lon="24.689221"/><trkpt lat="54.277775" lon="24.689115"/><trkpt lat="54.277620" lon="24.689091"/><trkpt lat="54.277490" lon="24.689172"/><trkpt lat="54.277433" lon="24.689372"/><trkpt lat="54.277401" lon="24.689616"/><trkpt lat="54.277393" lon="24.689880"/><trkpt lat="54.277450" lon="24.690124"/><trkpt lat="54.277482" lon="24.690365"/><trkpt lat="54.277433" lon="24.690592"/><trkpt lat="54.277303" lon="24.690784"/><trkpt lat="54.277157" lon="24.690930"/><trkpt lat="54.277051" lon="24.691089"/><trkpt lat="54.276921" lon="24.691187"/><trkpt lat="54.276766" lon="24.691207"/><trkpt lat="54.276620" lon="24.691345"/><trkpt lat="54.276455" lon="24.691569"/><trkpt lat="54.275609" lon="24.691479"/><trkpt lat="54.275407" lon="24.691435"/><trkpt lat="54.275269" lon="24.691496"/><trkpt lat="54.275078" lon="24.691454"/><trkpt lat="54.274993" lon="24.691843"/><trkpt lat="54.274937" lon="24.692408"/><trkpt lat="54.274894" lon="24.692627"/><trkpt lat="54.274712" lon="24.692769"/><trkpt lat="54.274390" lon="24.692009"/><trkpt lat="54.274194" lon="24.691638"/><trkpt lat="54.273730" lon="24.690824"/><trkpt lat="54.272974" lon="24.689701"/><trkpt lat="54.272705" lon="24.689356"/><trkpt lat="54.272184" lon="24.688725"/><trkpt lat="54.271167" lon="24.687581"/><trkpt lat="54.270939" lon="24.687256"/><trkpt lat="54.270744" lon="24.686857"/><trkpt lat="54.270565" lon="24.686418"/><trkpt lat="54.270435" lon="24.685933"/><trkpt lat="54.270345" lon="24.685405"/><trkpt lat="54.270296" lon="24.684867"/><trkpt lat="54.270239" lon="24.683272"/><trkpt lat="54.270231" lon="24.682800"/><trkpt lat="54.270272" lon="24.682442"/><trkpt lat="54.270329" lon="24.682210"/><trkpt lat="54.270467" lon="24.681771"/><trkpt lat="54.270548" lon="24.681437"/><trkpt lat="54.270573" lon="24.681030"/><trkpt lat="54.270565" lon="24.680595"/><trkpt lat="54.270508" lon="24.680212"/><trkpt lat="54.270378" lon="24.679972"/><trkpt lat="54.269909" lon="24.679769"/><trkpt lat="54.269604" lon="24.679683"/><trkpt lat="54.268920" lon="24.679374"/><trkpt lat="54.268556" lon="24.679193"/><trkpt lat="54.267822" lon="24.678760"/><trkpt lat="54.266465" lon="24.677735"/><trkpt lat="54.265495" lon="24.677047"/><trkpt lat="54.265194" lon="24.676798"/><trkpt lat="54.264567" lon="24.676355"/><trkpt lat="54.263932" lon="24.675862"/><trkpt lat="54.263607" lon="24.675651"/><trkpt lat="54.262313" lon="24.674699"/><trkpt lat="54.261995" lon="24.674440"/><trkpt lat="54.260710" lon="24.673543"/><trkpt lat="54.260384" lon="24.673282"/><trkpt lat="54.259065" lon="24.672333"/><trkpt lat="54.258740" lon="24.672127"/><trkpt lat="54.258092" lon="24.671625"/><trkpt lat="54.255497" lon="24.669773"/><trkpt lat="54.252236" lon="24.667392"/><trkpt lat="54.249626" lon="24.665515"/><trkpt lat="54.249308" lon="24.665255"/><trkpt lat="54.249000" lon="24.664963"/><trkpt lat="54.248088" lon="24.664180"/><trkpt lat="54.247445" lon="24.663603"/><trkpt lat="54.247388" lon="24.663395"/><trkpt lat="54.247152" lon="24.663158"/><trkpt lat="54.247144" lon="24.662813"/><trkpt lat="54.247176" lon="24.662687"/><trkpt lat="54.247315" lon="24.662569"/><trkpt lat="54.247632" lon="24.662199"/><trkpt lat="54.248210" lon="24.661703"/><trkpt lat="54.248291" lon="24.661548"/><trkpt lat="54.248210" lon="24.660514"/><trkpt lat="54.248112" lon="24.658537"/><trkpt lat="54.248047" lon="24.657743"/><trkpt lat="54.247884" lon="24.654785"/><trkpt lat="54.247909" lon="24.654187"/><trkpt lat="54.247884" lon="24.653800"/><trkpt lat="54.247884" lon="24.653377"/><trkpt lat="54.247827" lon="24.652551"/><trkpt lat="54.247705" lon="24.649459"/><trkpt lat="54.247656" lon="24.648470"/><trkpt lat="54.247624" lon="24.648031"/><trkpt lat="54.247616" lon="24.647685"/><trkpt lat="54.247624" lon="24.647343"/><trkpt lat="54.247537" lon="24.644652"/><trkpt lat="54.245425" lon="24.644243"/><trkpt lat="54.247488" lon="24.643807"/><trkpt lat="54.247461" lon="24.643079"/><trkpt lat="54.247363" lon="24.641720"/><trkpt lat="54.247371" lon="24.641589"/><trkpt lat="54.247363" lon="24.641488"/><trkpt lat="54.247469" lon="24.641439"/><trkpt lat="54.247583" lon="24.641435"/><trkpt lat="54.247762" lon="24.641512"/><trkpt lat="54.247965" lon="24.641557"/><trkpt lat="54.248340" lon="24.641760"/><trkpt lat="54.249178" lon="24.642017"/><trkpt lat="54.249609" lon="24.642253"/><trkpt lat="54.249821" lon="24.642338"/><trkpt lat="54.250260" lon="24.642476"/><trkpt lat="54.250716" lon="24.642672"/><trkpt lat="54.250928" lon="24.642782"/><trkpt lat="54.251326" lon="24.643038"/><trkpt lat="54.251497" lon="24.643193"/><trkpt lat="54.251603" lon="24.643327"/><trkpt lat="54.251676" lon="24.643343"/><trkpt lat="54.251888" lon="24.643302"/><trkpt lat="54.251937" lon="24.643107"/><trkpt lat="54.251953" lon="24.642908"/><trkpt lat="54.251945" lon="24.642358"/><trkpt lat="54.251880" lon="24.640792"/><trkpt lat="54.251750" lon="24.638200"/><trkpt lat="54.251668" lon="24.636174"/><trkpt lat="54.251701" lon="24.636019"/><trkpt lat="54.251864" lon="24.635966"/><trkpt lat="54.253809" lon="24.635641"/><trkpt lat="54.253947" lon="24.635588"/><trkpt lat="54.253947" lon="24.635474"/><trkpt lat="54.253866" lon="24.635327"/><trkpt lat="54.253833" lon="24.635051"/><trkpt lat="54.253599" lon="24.634515"/><trkpt lat="54.252704" lon="24.632154"/><trkpt lat="54.251865" lon="24.630132"/><trkpt lat="54.251628" lon="24.629281"/><trkpt lat="54.251652" lon="24.628361"/><trkpt lat="54.251689" lon="24.627880"/><trkpt lat="54.251636" lon="24.627417"/><trkpt lat="54.251498" lon="24.627011"/><trkpt lat="54.250863" lon="24.625472"/><trkpt lat="54.250876" lon="24.625046"/><trkpt lat="54.250993" lon="24.623613"/><trkpt lat="54.251017" lon="24.623116"/><trkpt lat="54.251025" lon="24.622616"/><trkpt lat="54.250993" lon="24.622123"/><trkpt lat="54.250887" lon="24.621181"/><trkpt lat="54.250808" lon="24.620304"/><trkpt lat="54.250749" lon="24.619877"/><trkpt lat="54.250553" lon="24.618001"/><trkpt lat="54.250488" lon="24.617501"/><trkpt lat="54.250317" lon="24.616553"/><trkpt lat="54.250228" lon="24.616117"/><trkpt lat="54.250132" lon="24.615723"/><trkpt lat="54.249691" lon="24.614608"/><trkpt lat="54.249487" lon="24.613733"/><trkpt lat="54.249447" lon="24.613379"/><trkpt lat="54.249365" lon="24.613208"/><trkpt lat="54.249211" lon="24.613208"/><trkpt lat="54.248633" lon="24.613273"/><trkpt lat="54.247729" lon="24.613415"/><trkpt lat="54.246875" lon="24.613497"/><trkpt lat="54.246468" lon="24.613586"/><trkpt lat="54.246240" lon="24.613615"/><trkpt lat="54.246029" lon="24.613639"/><trkpt lat="54.245915" lon="24.613611"/><trkpt lat="54.245882" lon="24.613436"/><trkpt lat="54.245784" lon="24.611633"/><trkpt lat="54.245801" lon="24.611442"/><trkpt lat="54.245809" lon="24.610917"/><trkpt lat="54.245768" lon="24.609831"/><trkpt lat="54.245744" lon="24.608590"/><trkpt lat="54.245695" lon="24.607336"/><trkpt lat="54.245687" lon="24.606523"/><trkpt lat="54.245418" lon="24.606514"/><trkpt lat="54.244889" lon="24.606576"/><trkpt lat="54.244543" lon="24.606215"/><trkpt lat="54.242231" lon="24.606595"/><trkpt lat="54.241538" lon="24.606662"/><trkpt lat="54.241422" lon="24.606824"/><trkpt lat="54.241382" lon="24.606624"/><trkpt lat="54.241349" lon="24.605973"/><trkpt lat="54.241317" lon="24.605595"/><trkpt lat="54.241178" lon="24.602820"/><trkpt lat="54.241146" lon="24.602356"/><trkpt lat="54.241130" lon="24.601961"/><trkpt lat="54.241162" lon="24.601705"/><trkpt lat="54.241276" lon="24.601534"/><trkpt lat="54.241439" lon="24.601367"/><trkpt lat="54.241740" lon="24.600899"/><trkpt lat="54.242090" lon="24.600643"/><trkpt lat="54.242277" lon="24.600452"/><trkpt lat="54.242497" lon="24.600301"/><trkpt lat="54.242676" lon="24.600110"/><trkpt lat="54.242912" lon="24.599609"/><trkpt lat="54.243001" lon="24.599243"/><trkpt lat="54.243034" lon="24.598844"/><trkpt lat="54.243026" lon="24.598405"/><trkpt lat="54.243066" lon="24.597559"/><trkpt lat="54.243131" lon="24.597225"/><trkpt lat="54.243384" lon="24.596570"/><trkpt lat="54.243522" lon="24.596256"/><trkpt lat="54.243669" lon="24.595976"/><trkpt lat="54.243750" lon="24.595707"/><trkpt lat="54.243742" lon="24.595154"/><trkpt lat="54.243888" lon="24.594706"/><trkpt lat="54.243864" lon="24.594454"/><trkpt lat="54.243848" lon="24.594017"/><trkpt lat="54.243604" lon="24.593659"/><trkpt lat="54.243428" lon="24.593288"/><trkpt lat="54.243354" lon="24.592948"/><trkpt lat="54.243314" lon="24.592232"/><trkpt lat="54.243293" lon="24.589703"/><trkpt lat="54.243194" lon="24.586616"/><trkpt lat="54.243164" lon="24.586104"/><trkpt lat="54.243058" lon="24.586056"/><trkpt lat="54.242505" lon="24.586361"/><trkpt lat="54.242456" lon="24.586373"/><trkpt lat="54.242432" lon="24.586320"/><trkpt lat="54.242391" lon="24.586332"/><trkpt lat="54.241781" lon="24.586650"/><trkpt lat="54.241032" lon="24.587077"/><trkpt lat="54.240755" lon="24.587260"/><trkpt lat="54.239233" lon="24.588159"/><trkpt lat="54.238444" lon="24.588590"/><trkpt lat="54.237549" lon="24.589119"/><trkpt lat="54.237248" lon="24.589229"/><trkpt lat="54.236418" lon="24.589478"/><trkpt lat="54.235913" lon="24.589579"/><trkpt lat="54.235156" lon="24.589783"/><trkpt lat="54.234049" lon="24.590112"/><trkpt lat="54.232804" lon="24.590365"/><trkpt lat="54.232202" lon="24.590389"/><trkpt lat="54.231901" lon="24.590336"/><trkpt lat="54.231820" lon="24.590015"/><trkpt lat="54.231787" lon="24.589734"/><trkpt lat="54.231730" lon="24.589014"/><trkpt lat="54.231730" lon="24.588639"/><trkpt lat="54.231706" lon="24.588265"/><trkpt lat="54.231641" lon="24.587903"/><trkpt lat="54.231624" lon="24.587520"/><trkpt lat="54.231567" lon="24.586800"/><trkpt lat="54.231543" lon="24.586104"/><trkpt lat="54.231388" lon="24.584151"/><trkpt lat="54.231339" lon="24.583374"/><trkpt lat="54.231258" lon="24.582499"/><trkpt lat="54.231217" lon="24.581575"/><trkpt lat="54.231038" lon="24.579158"/><trkpt lat="54.231022" lon="24.578638"/><trkpt lat="54.230925" lon="24.577584"/><trkpt lat="54.230892" lon="24.577095"/><trkpt lat="54.230908" lon="24.576274"/><trkpt lat="54.230835" lon="24.575810"/><trkpt lat="54.230835" lon="24.575521"/><trkpt lat="54.230819" lon="24.575187"/><trkpt lat="54.230721" lon="24.574500"/><trkpt lat="54.230697" lon="24.573881"/><trkpt lat="54.230648" lon="24.573234"/><trkpt lat="54.230656" lon="24.572583"/><trkpt lat="54.230632" lon="24.572062"/><trkpt lat="54.230599" lon="24.571867"/><trkpt lat="54.230542" lon="24.571704"/><trkpt lat="54.230518" lon="24.571106"/><trkpt lat="54.230493" lon="24.570825"/><trkpt lat="54.230493" lon="24.570544"/><trkpt lat="54.230461" lon="24.570215"/><trkpt lat="54.230347" lon="24.568071"/><trkpt lat="54.230225" lon="24.566211"/><trkpt lat="54.230119" lon="24.564233"/><trkpt lat="54.230103" lon="24.563733"/><trkpt lat="54.230005" lon="24.562093"/><trkpt lat="54.229883" lon="24.560217"/><trkpt lat="54.229801" lon="24.559985"/><trkpt lat="54.229630" lon="24.559900"/><trkpt lat="54.229199" lon="24.559896"/><trkpt lat="54.228947" lon="24.559953"/><trkpt lat="54.228158" lon="24.560067"/><trkpt lat="54.227922" lon="24.560071"/><trkpt lat="54.227648" lon="24.559951"/><trkpt lat="54.227293" lon="24.559034"/><trkpt lat="54.227169" lon="24.558845"/><trkpt lat="54.227099" lon="24.558692"/><trkpt lat="54.227035" lon="24.558427"/><trkpt lat="54.227043" lon="24.558093"/><trkpt lat="54.226901" lon="24.557803"/><trkpt lat="54.226914" lon="24.557676"/><trkpt lat="54.227102" lon="24.557426"/><trkpt lat="54.226073" lon="24.557184"/><trkpt lat="54.225605" lon="24.557120"/><trkpt lat="54.225050" lon="24.557084"/><trkpt lat="54.224135" lon="24.557151"/><trkpt lat="54.223839" lon="24.557202"/><trkpt lat="54.223537" lon="24.557279"/><trkpt lat="54.222976" lon="24.557481"/><trkpt lat="54.222725" lon="24.557591"/><trkpt lat="54.222257" lon="24.557849"/><trkpt lat="54.221615" lon="24.558232"/><trkpt lat="54.221403" lon="24.558394"/><trkpt lat="54.220760" lon="24.558964"/><trkpt lat="54.220068" lon="24.559595"/><trkpt lat="54.218677" lon="24.560909"/><trkpt lat="54.218457" lon="24.561137"/><trkpt lat="54.217635" lon="24.562082"/><trkpt lat="54.217611" lon="24.562472"/><trkpt lat="54.217635" lon="24.562834"/><trkpt lat="54.217773" lon="24.564103"/><trkpt lat="54.217904" lon="24.565511"/><trkpt lat="54.217928" lon="24.565979"/><trkpt lat="54.217928" lon="24.566427"/><trkpt lat="54.217909" lon="24.567031"/><trkpt lat="54.218009" lon="24.567175"/><trkpt lat="54.218173" lon="24.567227"/><trkpt lat="54.218311" lon="24.566806"/><trkpt lat="54.218454" lon="24.566190"/><trkpt lat="54.218509" lon="24.565777"/><trkpt lat="54.218481" lon="24.565251"/><trkpt lat="54.218361" lon="24.564853"/><trkpt lat="54.218201" lon="24.564607"/><trkpt lat="54.218069" lon="24.564559"/><trkpt lat="54.217889" lon="24.564798"/><trkpt lat="54.217941" lon="24.565441"/><trkpt lat="54.217973" lon="24.566501"/><trkpt lat="54.217880" lon="24.567652"/><trkpt lat="54.217512" lon="24.569401"/><trkpt lat="54.216557" lon="24.571699"/><trkpt lat="54.215391" lon="24.574081"/><trkpt lat="54.213173" lon="24.579037"/><trkpt lat="54.211948" lon="24.582135"/><trkpt lat="54.211955" lon="24.583101"/><trkpt lat="54.211979" lon="24.583476"/><trkpt lat="54.212036" lon="24.583842"/><trkpt lat="54.212109" lon="24.584208"/><trkpt lat="54.212508" lon="24.585938"/><trkpt lat="54.212703" lon="24.586877"/><trkpt lat="54.213135" lon="24.588798"/><trkpt lat="54.213322" lon="24.589681"/><trkpt lat="54.213379" lon="24.590088"/><trkpt lat="54.213395" lon="24.590466"/><trkpt lat="54.213363" lon="24.590780"/><trkpt lat="54.213289" lon="24.591064"/><trkpt lat="54.213038" lon="24.591603"/><trkpt lat="54.212944" lon="24.591867"/><trkpt lat="54.212891" lon="24.592144"/><trkpt lat="54.212872" lon="24.592306"/><trkpt lat="54.212996" lon="24.592432"/><trkpt lat="54.213053" lon="24.592599"/><trkpt lat="54.213110" lon="24.592965"/><trkpt lat="54.213127" lon="24.592965"/><trkpt lat="54.213110" lon="24.592969"/><trkpt lat="54.213110" lon="24.593014"/><trkpt lat="54.213127" lon="24.593233"/><trkpt lat="54.213289" lon="24.594100"/><trkpt lat="54.213338" lon="24.594552"/><trkpt lat="54.213363" lon="24.595024"/><trkpt lat="54.213411" lon="24.595439"/><trkpt lat="54.213493" lon="24.595894"/><trkpt lat="54.213533" lon="24.596383"/><trkpt lat="54.213705" lon="24.596844"/><trkpt lat="54.213870" lon="24.598454"/><trkpt lat="54.213818" lon="24.599068"/><trkpt lat="54.213932" lon="24.600134"/><trkpt lat="54.213973" lon="24.600610"/><trkpt lat="54.213997" lon="24.601078"/><trkpt lat="54.214184" lon="24.601514"/><trkpt lat="54.214285" lon="24.602492"/><trkpt lat="54.214217" lon="24.603023"/><trkpt lat="54.214282" lon="24.603560"/><trkpt lat="54.214437" lon="24.605245"/><trkpt lat="54.214594" lon="24.605478"/><trkpt lat="54.214639" lon="24.605913"/><trkpt lat="54.214241" lon="24.606295"/><trkpt lat="54.213875" lon="24.607170"/><trkpt lat="54.213753" lon="24.607491"/><trkpt lat="54.213648" lon="24.607837"/><trkpt lat="54.213591" lon="24.608158"/><trkpt lat="54.213517" lon="24.608451"/><trkpt lat="54.213346" lon="24.608980"/><trkpt lat="54.212996" lon="24.609810"/><trkpt lat="54.212858" lon="24.610075"/><trkpt lat="54.212736" lon="24.610360"/><trkpt lat="54.212500" lon="24.611015"/><trkpt lat="54.212126" lon="24.611861"/><trkpt lat="54.212052" lon="24.612085"/><trkpt lat="54.211922" lon="24.612610"/><trkpt lat="54.211808" lon="24.612899"/><trkpt lat="54.211483" lon="24.613904"/><trkpt lat="54.211108" lon="24.614925"/><trkpt lat="54.210889" lon="24.615625"/><trkpt lat="54.210376" lon="24.617037"/><trkpt lat="54.210026" lon="24.617944"/><trkpt lat="54.209855" lon="24.618481"/><trkpt lat="54.209831" lon="24.618661"/><trkpt lat="54.210571" lon="24.619609"/><trkpt lat="54.211076" lon="24.620357"/><trkpt lat="54.211393" lon="24.620756"/><trkpt lat="54.211751" lon="24.621252"/><trkpt lat="54.212378" lon="24.622058"/><trkpt lat="54.212565" lon="24.622331"/><trkpt lat="54.212948" lon="24.622827"/><trkpt lat="54.213110" lon="24.623075"/><trkpt lat="54.213403" lon="24.623458"/><trkpt lat="54.213745" lon="24.623999"/><trkpt lat="54.214372" lon="24.624805"/><trkpt lat="54.214705" lon="24.625252"/><trkpt lat="54.214803" lon="24.625407"/><trkpt lat="54.214917" lon="24.625517"/><trkpt lat="54.215177" lon="24.625863"/><trkpt lat="54.215885" lon="24.626876"/><trkpt lat="54.216268" lon="24.627376"/><trkpt lat="54.216797" lon="24.628125"/><trkpt lat="54.217122" lon="24.628634"/><trkpt lat="54.217448" lon="24.629077"/><trkpt lat="54.217765" lon="24.629561"/><trkpt lat="54.218140" lon="24.630074"/><trkpt lat="54.218538" lon="24.630575"/><trkpt lat="54.219312" lon="24.631669"/><trkpt lat="54.219613" lon="24.632043"/><trkpt lat="54.219889" lon="24.632430"/><trkpt lat="54.219971" lon="24.632572"/><trkpt lat="54.220199" lon="24.634587"/><trkpt lat="54.220475" lon="24.636727"/><trkpt lat="54.220589" lon="24.637976"/><trkpt lat="54.220646" lon="24.638391"/><trkpt lat="54.220801" lon="24.640145"/><trkpt lat="54.220996" lon="24.641711"/><trkpt lat="54.221069" lon="24.642607"/><trkpt lat="54.221175" lon="24.643502"/><trkpt lat="54.221289" lon="24.644340"/><trkpt lat="54.221525" lon="24.646354"/><trkpt lat="54.221590" lon="24.646745"/><trkpt lat="54.221606" lon="24.647087"/><trkpt lat="54.221704" lon="24.647843"/><trkpt lat="54.221810" lon="24.649048"/><trkpt lat="54.221964" lon="24.650509"/><trkpt lat="54.222005" lon="24.651058"/><trkpt lat="54.222038" lon="24.651359"/><trkpt lat="54.222111" lon="24.651839"/><trkpt lat="54.222168" lon="24.652681"/><trkpt lat="54.222200" lon="24.652930"/><trkpt lat="54.222290" lon="24.652983"/><trkpt lat="54.222616" lon="24.652844"/><trkpt lat="54.223120" lon="24.652669"/><trkpt lat="54.223210" lon="24.652742"/><trkpt lat="54.223234" lon="24.652966"/><trkpt lat="54.223242" lon="24.653259"/><trkpt lat="54.223275" lon="24.653585"/><trkpt lat="54.223324" lon="24.654350"/><trkpt lat="54.223356" lon="24.655155"/><trkpt lat="54.223389" lon="24.655497"/><trkpt lat="54.223503" lon="24.657528"/><trkpt lat="54.223535" lon="24.657902"/><trkpt lat="54.223551" lon="24.658333"/><trkpt lat="54.223592" lon="24.658398"/><trkpt lat="54.223901" lon="24.658272"/><trkpt lat="54.224292" lon="24.658171"/><trkpt lat="54.224373" lon="24.658130"/><trkpt lat="54.224438" lon="24.658158"/><trkpt lat="54.224561" lon="24.658167"/><trkpt lat="54.224731" lon="24.658150"/><trkpt lat="54.225952" lon="24.657926"/><trkpt lat="54.226831" lon="24.657796"/><trkpt lat="54.228044" lon="24.657552"/><trkpt lat="54.228158" lon="24.657581"/><trkpt lat="54.228280" lon="24.657974"/><trkpt lat="54.228306" lon="24.658613"/><trkpt lat="54.228345" lon="24.658968"/><trkpt lat="54.228719" lon="24.660356"/><trkpt lat="54.228963" lon="24.661511"/><trkpt lat="54.229234" lon="24.662965"/><trkpt lat="54.229418" lon="24.663666"/><trkpt lat="54.229613" lon="24.664335"/><trkpt lat="54.229713" lon="24.665017"/><trkpt lat="54.229761" lon="24.665706"/><trkpt lat="54.229774" lon="24.667092"/><trkpt lat="54.229801" lon="24.667761"/><trkpt lat="54.229800" lon="24.669041"/><trkpt lat="54.229898" lon="24.669597"/><trkpt lat="54.230233" lon="24.670565"/><trkpt lat="54.230387" lon="24.671061"/><trkpt lat="54.230501" lon="24.671590"/><trkpt lat="54.230566" lon="24.672176"/><trkpt lat="54.230607" lon="24.672762"/><trkpt lat="54.230632" lon="24.673360"/><trkpt lat="54.230583" lon="24.673983"/><trkpt lat="54.230199" lon="24.675830"/><trkpt lat="54.230128" lon="24.676488"/><trkpt lat="54.230098" lon="24.677152"/><trkpt lat="54.230083" lon="24.677827"/><trkpt lat="54.230029" lon="24.678499"/><trkpt lat="54.229923" lon="24.679158"/><trkpt lat="54.229785" lon="24.679822"/><trkpt lat="54.229600" lon="24.680449"/><trkpt lat="54.229467" lon="24.681125"/><trkpt lat="54.229174" lon="24.683210"/><trkpt lat="54.229006" lon="24.684622"/><trkpt lat="54.228783" lon="24.685990"/><trkpt lat="54.228641" lon="24.686646"/><trkpt lat="54.228488" lon="24.687285"/><trkpt lat="54.227764" lon="24.689813"/><trkpt lat="54.227647" lon="24.690380"/><trkpt lat="54.227532" lon="24.690820"/><trkpt lat="54.227417" lon="24.691174"/><trkpt lat="54.227189" lon="24.691716"/><trkpt lat="54.227075" lon="24.692053"/><trkpt lat="54.226977" lon="24.692448"/><trkpt lat="54.226839" lon="24.692796"/><trkpt lat="54.226644" lon="24.693359"/><trkpt lat="54.226654" lon="24.693699"/><trkpt lat="54.226733" lon="24.693978"/><trkpt lat="54.226733" lon="24.694218"/><trkpt lat="54.226685" lon="24.694466"/><trkpt lat="54.226685" lon="24.694718"/><trkpt lat="54.226717" lon="24.695264"/><trkpt lat="54.226742" lon="24.696969"/><trkpt lat="54.226733" lon="24.697266"/><trkpt lat="54.226636" lon="24.698616"/><trkpt lat="54.226506" lon="24.699561"/><trkpt lat="54.226473" lon="24.699906"/><trkpt lat="54.226449" lon="24.700224"/><trkpt lat="54.226449" lon="24.700557"/><trkpt lat="54.226392" lon="24.701416"/><trkpt lat="54.226335" lon="24.701656"/><trkpt lat="54.226318" lon="24.701884"/><trkpt lat="54.226270" lon="24.702140"/><trkpt lat="54.226188" lon="24.702783"/><trkpt lat="54.226099" lon="24.703345"/><trkpt lat="54.226033" lon="24.703853"/><trkpt lat="54.225985" lon="24.704439"/><trkpt lat="54.226017" lon="24.705945"/><trkpt lat="54.226042" lon="24.706547"/><trkpt lat="54.226082" lon="24.707214"/><trkpt lat="54.226131" lon="24.707487"/><trkpt lat="54.226123" lon="24.708089"/><trkpt lat="54.226164" lon="24.708651"/><trkpt lat="54.226172" lon="24.709237"/><trkpt lat="54.226164" lon="24.709469"/><trkpt lat="54.226196" lon="24.710164"/><trkpt lat="54.226213" lon="24.710860"/><trkpt lat="54.226245" lon="24.711519"/><trkpt lat="54.226278" lon="24.711886"/><trkpt lat="54.226294" lon="24.712366"/><trkpt lat="54.226278" lon="24.712476"/><trkpt lat="54.226221" lon="24.712545"/><trkpt lat="54.226156" lon="24.712569"/><trkpt lat="54.226099" lon="24.712655"/><trkpt lat="54.226058" lon="24.712773"/><trkpt lat="54.226001" lon="24.712870"/><trkpt lat="54.225985" lon="24.712988"/><trkpt lat="54.225960" lon="24.713424"/><trkpt lat="54.225960" lon="24.713660"/><trkpt lat="54.225985" lon="24.713961"/><trkpt lat="54.226017" lon="24.714087"/><trkpt lat="54.226400" lon="24.715165"/><trkpt lat="54.226554" lon="24.715678"/><trkpt lat="54.226611" lon="24.715951"/><trkpt lat="54.226831" lon="24.717118"/><trkpt lat="54.226888" lon="24.717599"/><trkpt lat="54.226896" lon="24.718066"/><trkpt lat="54.226929" lon="24.718282"/><trkpt lat="54.226945" lon="24.718490"/><trkpt lat="54.227010" lon="24.718526"/><trkpt lat="54.227344" lon="24.717977"/><trkpt lat="54.227783" lon="24.717192"/><trkpt lat="54.227995" lon="24.716728"/><trkpt lat="54.228239" lon="24.716345"/><trkpt lat="54.228385" lon="24.716256"/><trkpt lat="54.228556" lon="24.716219"/><trkpt lat="54.228695" lon="24.716068"/><trkpt lat="54.228809" lon="24.715853"/><trkpt lat="54.229077" lon="24.715446"/><trkpt lat="54.229346" lon="24.714962"/><trkpt lat="54.229614" lon="24.714522"/><trkpt lat="54.229761" lon="24.714343"/><trkpt lat="54.229940" lon="24.713843"/><trkpt lat="54.230070" lon="24.713753"/><trkpt lat="54.231128" lon="24.713615"/><trkpt lat="54.232015" lon="24.713534"/><trkpt lat="54.232137" lon="24.713558"/><trkpt lat="54.232161" lon="24.713692"/><trkpt lat="54.232178" lon="24.714197"/><trkpt lat="54.232284" lon="24.715462"/><trkpt lat="54.232340" lon="24.716561"/><trkpt lat="54.232357" lon="24.716964"/><trkpt lat="54.232365" lon="24.717672"/><trkpt lat="54.232389" lon="24.718042"/><trkpt lat="54.232397" lon="24.718412"/><trkpt lat="54.232381" lon="24.718783"/><trkpt lat="54.232463" lon="24.721143"/><trkpt lat="54.232463" lon="24.721472"/><trkpt lat="54.232479" lon="24.721798"/><trkpt lat="54.232479" lon="24.722432"/><trkpt lat="54.232503" lon="24.722970"/><trkpt lat="54.232560" lon="24.723075"/><trkpt lat="54.232682" lon="24.723098"/><trkpt lat="54.232859" lon="24.723098"/><trkpt lat="54.233049" lon="24.723018"/><trkpt lat="54.233268" lon="24.722978"/><trkpt lat="54.233716" lon="24.722815"/><trkpt lat="54.233952" lon="24.722795"/><trkpt lat="54.234473" lon="24.722831"/><trkpt lat="54.234749" lon="24.722790"/><trkpt lat="54.235010" lon="24.722729"/><trkpt lat="54.235474" lon="24.722449"/><trkpt lat="54.235693" lon="24.722371"/><trkpt lat="54.235921" lon="24.722371"/><trkpt lat="54.236144" lon="24.722471"/><trkpt lat="54.236361" lon="24.722400"/><trkpt lat="54.236784" lon="24.722196"/><trkpt lat="54.237012" lon="24.722156"/><trkpt lat="54.237256" lon="24.722160"/><trkpt lat="54.237728" lon="24.722260"/><trkpt lat="54.237964" lon="24.722241"/><trkpt lat="54.238680" lon="24.722258"/><trkpt lat="54.238875" lon="24.722188"/><trkpt lat="54.239087" lon="24.722176"/><trkpt lat="54.239307" lon="24.722188"/><trkpt lat="54.239543" lon="24.722172"/><trkpt lat="54.240275" lon="24.722249"/><trkpt lat="54.241008" lon="24.722213"/><trkpt lat="54.241520" lon="24.722217"/><trkpt lat="54.242049" lon="24.722180"/><trkpt lat="54.242602" lon="24.722213"/><trkpt lat="54.243123" lon="24.722323"/><trkpt lat="54.243888" lon="24.722274"/><trkpt lat="54.244303" lon="24.722327"/><trkpt lat="54.244491" lon="24.722298"/><trkpt lat="54.244678" lon="24.722172"/><trkpt lat="54.244865" lon="24.722034"/><trkpt lat="54.245051" lon="24.721856"/><trkpt lat="54.245255" lon="24.721692"/><trkpt lat="54.245418" lon="24.721513"/><trkpt lat="54.245515" lon="24.721493"/><trkpt lat="54.245617" lon="24.721701"/><trkpt lat="54.245682" lon="24.722125"/><trkpt lat="54.245890" lon="24.722943"/><trkpt lat="54.245939" lon="24.723218"/><trkpt lat="54.246029" lon="24.723490"/><trkpt lat="54.246265" lon="24.724044"/><trkpt lat="54.246326" lon="24.724388"/><trkpt lat="54.246366" lon="24.724997"/><trkpt lat="54.246305" lon="24.725228"/><trkpt lat="54.246224" lon="24.725444"/><trkpt lat="54.246161" lon="24.725742"/><trkpt lat="54.246292" lon="24.727056"/><trkpt lat="54.246318" lon="24.727403"/><trkpt lat="54.246354" lon="24.728459"/><trkpt lat="54.246346" lon="24.729106"/><trkpt lat="54.246371" lon="24.729430"/><trkpt lat="54.246370" lon="24.729744"/><trkpt lat="54.246395" lon="24.730383"/><trkpt lat="54.246493" lon="24.730615"/><trkpt lat="54.246639" lon="24.730794"/><trkpt lat="54.246769" lon="24.731059"/><trkpt lat="54.246997" lon="24.731726"/><trkpt lat="54.247283" lon="24.732388"/><trkpt lat="54.247574" lon="24.732810"/><trkpt lat="54.247746" lon="24.733000"/><trkpt lat="54.247885" lon="24.733223"/><trkpt lat="54.248048" lon="24.733419"/><trkpt lat="54.248218" lon="24.733521"/><trkpt lat="54.248364" lon="24.733516"/><trkpt lat="54.248478" lon="24.733415"/><trkpt lat="54.248882" lon="24.732923"/><trkpt lat="54.249067" lon="24.732726"/><trkpt lat="54.249248" lon="24.732564"/><trkpt lat="54.249430" lon="24.732536"/><trkpt lat="54.250443" lon="24.732829"/><trkpt lat="54.250635" lon="24.732910"/><trkpt lat="54.251929" lon="24.733236"/><trkpt lat="54.252344" lon="24.733382"/><trkpt lat="54.252523" lon="24.733549"/><trkpt lat="54.252702" lon="24.733752"/><trkpt lat="54.253223" lon="24.734387"/><trkpt lat="54.253556" lon="24.734810"/><trkpt lat="54.253784" lon="24.735128"/><trkpt lat="54.253851" lon="24.735252"/><trkpt lat="54.253817" lon="24.735592"/><trkpt lat="54.253931" lon="24.737008"/><trkpt lat="54.253971" lon="24.737781"/><trkpt lat="54.254004" lon="24.738021"/><trkpt lat="54.254073" lon="24.738248"/><trkpt lat="54.254378" lon="24.738473"/><trkpt lat="54.254565" lon="24.738562"/><trkpt lat="54.255142" lon="24.738401"/><trkpt lat="54.255339" lon="24.738391"/><trkpt lat="54.255705" lon="24.738326"/><trkpt lat="54.255819" lon="24.738375"/><trkpt lat="54.255778" lon="24.738485"/><trkpt lat="54.255680" lon="24.738595"/><trkpt lat="54.255412" lon="24.738965"/><trkpt lat="54.255119" lon="24.739494"/><trkpt lat="54.254655" lon="24.740568"/><trkpt lat="54.254313" lon="24.741321"/><trkpt lat="54.254150" lon="24.741716"/><trkpt lat="54.253231" lon="24.743774"/><trkpt lat="54.252222" lon="24.745976"/><trkpt lat="54.252018" lon="24.746403"/><trkpt lat="54.251790" lon="24.746806"/><trkpt lat="54.250724" lon="24.748116"/><trkpt lat="54.250155" lon="24.748767"/><trkpt lat="54.249593" lon="24.749443"/><trkpt lat="54.249325" lon="24.749788"/><trkpt lat="54.249043" lon="24.750099"/><trkpt lat="54.248198" lon="24.751106"/><trkpt lat="54.247917" lon="24.751473"/><trkpt lat="54.247630" lon="24.751784"/><trkpt lat="54.247092" lon="24.752422"/><trkpt lat="54.246834" lon="24.752763"/><trkpt lat="54.246566" lon="24.753080"/><trkpt lat="54.246295" lon="24.753369"/><trkpt lat="54.245225" lon="24.754644"/><trkpt lat="54.244397" lon="24.755589"/><trkpt lat="54.244122" lon="24.755914"/><trkpt lat="54.243856" lon="24.756262"/><trkpt lat="54.243577" lon="24.756559"/><trkpt lat="54.242037" lon="24.758393"/><trkpt lat="54.242065" lon="24.758590"/><trkpt lat="54.242098" lon="24.758671"/><trkpt lat="54.242415" lon="24.759110"/><trkpt lat="54.242546" lon="24.759265"/><trkpt lat="54.242700" lon="24.759387"/><trkpt lat="54.242887" lon="24.759469"/><trkpt lat="54.243294" lon="24.759591"/><trkpt lat="54.243490" lon="24.759692"/><trkpt lat="54.243677" lon="24.759827"/><trkpt lat="54.243864" lon="24.759884"/><trkpt lat="54.244051" lon="24.759823"/><trkpt lat="54.244238" lon="24.759794"/><trkpt lat="54.244417" lon="24.759835"/><trkpt lat="54.244596" lon="24.759973"/><trkpt lat="54.244906" lon="24.760437"/><trkpt lat="54.245247" lon="24.760836"/><trkpt lat="54.245394" lon="24.761064"/><trkpt lat="54.245516" lon="24.761308"/><trkpt lat="54.245654" lon="24.761446"/><trkpt lat="54.245801" lon="24.761405"/><trkpt lat="54.245955" lon="24.761279"/><trkpt lat="54.246094" lon="24.761121"/><trkpt lat="54.246240" lon="24.760994"/><trkpt lat="54.246411" lon="24.760897"/><trkpt lat="54.246517" lon="24.760925"/><trkpt lat="54.246533" lon="24.761072"/><trkpt lat="54.246525" lon="24.761678"/><trkpt lat="54.246541" lon="24.762447"/><trkpt lat="54.246533" lon="24.762874"/><trkpt lat="54.246623" lon="24.765832"/><trkpt lat="54.246655" lon="24.766333"/><trkpt lat="54.246688" lon="24.767326"/><trkpt lat="54.246729" lon="24.769836"/><trkpt lat="54.246769" lon="24.771427"/><trkpt lat="54.246753" lon="24.772428"/><trkpt lat="54.246761" lon="24.772925"/><trkpt lat="54.246786" lon="24.773409"/><trkpt lat="54.246810" lon="24.775403"/><trkpt lat="54.246867" lon="24.776839"/><trkpt lat="54.246899" lon="24.778560"/><trkpt lat="54.246891" lon="24.779814"/><trkpt lat="54.246932" lon="24.780977"/><trkpt lat="54.246916" lon="24.781787"/><trkpt lat="54.246981" lon="24.783171"/><trkpt lat="54.247046" lon="24.783285"/><trkpt lat="54.247135" lon="24.783313"/><trkpt lat="54.249235" lon="24.783109"/><trkpt lat="54.249308" lon="24.783154"/><trkpt lat="54.249325" lon="24.783285"/><trkpt lat="54.249300" lon="24.783516"/><trkpt lat="54.249362" lon="24.783838"/><trkpt lat="54.249301" lon="24.784216"/><trkpt lat="54.249207" lon="24.784594"/><trkpt lat="54.248962" lon="24.785389"/><trkpt lat="54.248714" lon="24.786312"/><trkpt lat="54.248568" lon="24.786776"/><trkpt lat="54.248291" lon="24.787740"/><trkpt lat="54.247974" lon="24.788660"/><trkpt lat="54.247640" lon="24.789551"/><trkpt lat="54.247493" lon="24.789994"/><trkpt lat="54.247363" lon="24.790442"/><trkpt lat="54.247054" lon="24.791744"/><trkpt lat="54.246789" lon="24.792706"/><trkpt lat="54.246715" lon="24.793095"/><trkpt lat="54.246693" lon="24.793358"/><trkpt lat="54.246746" lon="24.793525"/><trkpt lat="54.246571" lon="24.794004"/><trkpt lat="54.246294" lon="24.794509"/><trkpt lat="54.246248" lon="24.794674"/><trkpt lat="54.246168" lon="24.794830"/><trkpt lat="54.246087" lon="24.795063"/><trkpt lat="54.245843" lon="24.795990"/><trkpt lat="54.245764" lon="24.796357"/><trkpt lat="54.245722" lon="24.796662"/><trkpt lat="54.245612" lon="24.796861"/><trkpt lat="54.245302" lon="24.797177"/><trkpt lat="54.244865" lon="24.797840"/><trkpt lat="54.244704" lon="24.798389"/><trkpt lat="54.244600" lon="24.798675"/><trkpt lat="54.244503" lon="24.799027"/><trkpt lat="54.244442" lon="24.799405"/><trkpt lat="54.244355" lon="24.800189"/><trkpt lat="54.244328" lon="24.801013"/><trkpt lat="54.244279" lon="24.801827"/><trkpt lat="54.244295" lon="24.803084"/><trkpt lat="54.244320" lon="24.803512"/><trkpt lat="54.244279" lon="24.804781"/><trkpt lat="54.244239" lon="24.805204"/><trkpt lat="54.244067" lon="24.806311"/><trkpt lat="54.244124" lon="24.806458"/><trkpt lat="54.244281" lon="24.806590"/><trkpt lat="54.244365" lon="24.806835"/><trkpt lat="54.244670" lon="24.807210"/><trkpt lat="54.244816" lon="24.807430"/><trkpt lat="54.244995" lon="24.807560"/><trkpt lat="54.245532" lon="24.808110"/><trkpt lat="54.245898" lon="24.808586"/><trkpt lat="54.246305" lon="24.809078"/><trkpt lat="54.247149" lon="24.809848"/><trkpt lat="54.247616" lon="24.810160"/><trkpt lat="54.247828" lon="24.810329"/><trkpt lat="54.250960" lon="24.812431"/><trkpt lat="54.251222" lon="24.812636"/><trkpt lat="54.251782" lon="24.813029"/><trkpt lat="54.252059" lon="24.813184"/><trkpt lat="54.255436" lon="24.815446"/><trkpt lat="54.256038" lon="24.815714"/><trkpt lat="54.256212" lon="24.815852"/><trkpt lat="54.256397" lon="24.815942"/><trkpt lat="54.256999" lon="24.816349"/><trkpt lat="54.257438" lon="24.816606"/><trkpt lat="54.257894" lon="24.816911"/><trkpt lat="54.258390" lon="24.817196"/><trkpt lat="54.258879" lon="24.817505"/><trkpt lat="54.259115" lon="24.817680"/><trkpt lat="54.260246" lon="24.818380"/><trkpt lat="54.260474" lon="24.818514"/><trkpt lat="54.260905" lon="24.818673"/><trkpt lat="54.261110" lon="24.818805"/><trkpt lat="54.261507" lon="24.819092"/><trkpt lat="54.261915" lon="24.819444"/><trkpt lat="54.262329" lon="24.819775"/><trkpt lat="54.262508" lon="24.819987"/><trkpt lat="54.262793" lon="24.820500"/><trkpt lat="54.262964" lon="24.820654"/><trkpt lat="54.263130" lon="24.820710"/><trkpt lat="54.263307" lon="24.820597"/><trkpt lat="54.263440" lon="24.820389"/><trkpt lat="54.263574" lon="24.820134"/><trkpt lat="54.263753" lon="24.819942"/><trkpt lat="54.263957" lon="24.819808"/><trkpt lat="54.264347" lon="24.819605"/><trkpt lat="54.264535" lon="24.819450"/><trkpt lat="54.264705" lon="24.819238"/><trkpt lat="54.264852" lon="24.819002"/><trkpt lat="54.265177" lon="24.817961"/><trkpt lat="54.265315" lon="24.817585"/><trkpt lat="54.265447" lon="24.817170"/><trkpt lat="54.265576" lon="24.816716"/><trkpt lat="54.265731" lon="24.816284"/><trkpt lat="54.265934" lon="24.815902"/><trkpt lat="54.266154" lon="24.815544"/><trkpt lat="54.266395" lon="24.815205"/><trkpt lat="54.269467" lon="24.810451"/><trkpt lat="54.269939" lon="24.809612"/><trkpt lat="54.270939" lon="24.807617"/><trkpt lat="54.271134" lon="24.807259"/><trkpt lat="54.271350" lon="24.806989"/><trkpt lat="54.271585" lon="24.806816"/><trkpt lat="54.271841" lon="24.806789"/><trkpt lat="54.272103" lon="24.806811"/><trkpt lat="54.272368" lon="24.806904"/><trkpt lat="54.272648" lon="24.806954"/><trkpt lat="54.273193" lon="24.807137"/><trkpt lat="54.273486" lon="24.807210"/><trkpt lat="54.274365" lon="24.807487"/><trkpt lat="54.274650" lon="24.807609"/><trkpt lat="54.274943" lon="24.807760"/><trkpt lat="54.275798" lon="24.808305"/><trkpt lat="54.276091" lon="24.808451"/><trkpt lat="54.276384" lon="24.808431"/><trkpt lat="54.276668" lon="24.808362"/><trkpt lat="54.277415" lon="24.808125"/><trkpt lat="54.277535" lon="24.808206"/><trkpt lat="54.277433" lon="24.808797"/><trkpt lat="54.277166" lon="24.809791"/><trkpt lat="54.277077" lon="24.810158"/><trkpt lat="54.276931" lon="24.810879"/><trkpt lat="54.276899" lon="24.811227"/><trkpt lat="54.276849" lon="24.812105"/><trkpt lat="54.276815" lon="24.812370"/><trkpt lat="54.276717" lon="24.812594"/><trkpt lat="54.276457" lon="24.812976"/><trkpt lat="54.276192" lon="24.813294"/><trkpt lat="54.276066" lon="24.813532"/><trkpt lat="54.275987" lon="24.813868"/><trkpt lat="54.276012" lon="24.814242"/><trkpt lat="54.276198" lon="24.815500"/><trkpt lat="54.276294" lon="24.815971"/><trkpt lat="54.276359" lon="24.816423"/><trkpt lat="54.276399" lon="24.816893"/><trkpt lat="54.276487" lon="24.817363"/><trkpt lat="54.277498" lon="24.819905"/><trkpt lat="54.277702" lon="24.820370"/><trkpt lat="54.277881" lon="24.820874"/><trkpt lat="54.278849" lon="24.823283"/><trkpt lat="54.279036" lon="24.823775"/><trkpt lat="54.279710" lon="24.825706"/><trkpt lat="54.279883" lon="24.826139"/><trkpt lat="54.280022" lon="24.826587"/><trkpt lat="54.280184" lon="24.827002"/><trkpt lat="54.280623" lon="24.828280"/><trkpt lat="54.281226" lon="24.829911"/><trkpt lat="54.282039" lon="24.831917"/><trkpt lat="54.282544" lon="24.833097"/><trkpt lat="54.282689" lon="24.833501"/><trkpt lat="54.283019" lon="24.834307"/><trkpt lat="54.284798" lon="24.838537"/><trkpt lat="54.285083" lon="24.839185"/><trkpt lat="54.285181" lon="24.839429"/><trkpt lat="54.285235" lon="24.839649"/><trkpt lat="54.285140" lon="24.839815"/><trkpt lat="54.284977" lon="24.840027"/><trkpt lat="54.284884" lon="24.840118"/><trkpt lat="54.284497" lon="24.840731"/><trkpt lat="54.284351" lon="24.841024"/><trkpt lat="54.284204" lon="24.841398"/><trkpt lat="54.284090" lon="24.841874"/><trkpt lat="54.283992" lon="24.842415"/><trkpt lat="54.283925" lon="24.843028"/><trkpt lat="54.283942" lon="24.843680"/><trkpt lat="54.284269" lon="24.846285"/><trkpt lat="54.284521" lon="24.848104"/><trkpt lat="54.284595" lon="24.848714"/><trkpt lat="54.284684" lon="24.849325"/><trkpt lat="54.284782" lon="24.849870"/><trkpt lat="54.284912" lon="24.850338"/><trkpt lat="54.285417" lon="24.851681"/><trkpt lat="54.285913" lon="24.853060"/><trkpt lat="54.286108" lon="24.853491"/><trkpt lat="54.286361" lon="24.853890"/><trkpt lat="54.286621" lon="24.854256"/><trkpt lat="54.286873" lon="24.854659"/><trkpt lat="54.287638" lon="24.855758"/><trkpt lat="54.288143" lon="24.856445"/><trkpt lat="54.288745" lon="24.857324"/><trkpt lat="54.288802" lon="24.857560"/><trkpt lat="54.288721" lon="24.857711"/><trkpt lat="54.288565" lon="24.857694"/><trkpt lat="54.288372" lon="24.857717"/><trkpt lat="54.288156" lon="24.857861"/><trkpt lat="54.288070" lon="24.858148"/><trkpt lat="54.288257" lon="24.863017"/><trkpt lat="54.288306" lon="24.863957"/><trkpt lat="54.288322" lon="24.865202"/><trkpt lat="54.288354" lon="24.865601"/><trkpt lat="54.288485" lon="24.865710"/><trkpt lat="54.288949" lon="24.865951"/><trkpt lat="54.290177" lon="24.866687"/><trkpt lat="54.291154" lon="24.867297"/><trkpt lat="54.291480" lon="24.867440"/><trkpt lat="54.291805" lon="24.867501"/><trkpt lat="54.292139" lon="24.867513"/><trkpt lat="54.294354" lon="24.867179"/><trkpt lat="54.296666" lon="24.866745"/><trkpt lat="54.296989" lon="24.866658"/><trkpt lat="54.297632" lon="24.866569"/><trkpt lat="54.299666" lon="24.866162"/><trkpt lat="54.300366" lon="24.866052"/><trkpt lat="54.301042" lon="24.865877"/><trkpt lat="54.302295" lon="24.865596"/><trkpt lat="54.302604" lon="24.865552"/><trkpt lat="54.303516" lon="24.865478"/><trkpt lat="54.303817" lon="24.865434"/><trkpt lat="54.304110" lon="24.865356"/><trkpt lat="54.304948" lon="24.865027"/><trkpt lat="54.305526" lon="24.864844"/><trkpt lat="54.305827" lon="24.864795"/><trkpt lat="54.306462" lon="24.864815"/><trkpt lat="54.306787" lon="24.864762"/><trkpt lat="54.307129" lon="24.864669"/><trkpt lat="54.309603" lon="24.863774"/><trkpt lat="54.309876" lon="24.863709"/><trkpt lat="54.310151" lon="24.863591"/><trkpt lat="54.310402" lon="24.863414"/><trkpt lat="54.310791" lon="24.863041"/><trkpt lat="54.310921" lon="24.862976"/><trkpt lat="54.311005" lon="24.863005"/><trkpt lat="54.311092" lon="24.863261"/><trkpt lat="54.311833" lon="24.864990"/><trkpt lat="54.312020" lon="24.865462"/><trkpt lat="54.312215" lon="24.865910"/><trkpt lat="54.312329" lon="24.866121"/><trkpt lat="54.312581" lon="24.866492"/><trkpt lat="54.312720" lon="24.866650"/><trkpt lat="54.313648" lon="24.867603"/><trkpt lat="54.313949" lon="24.867969"/><trkpt lat="54.314258" lon="24.868380"/><trkpt lat="54.314510" lon="24.868872"/><trkpt lat="54.314722" lon="24.869434"/><trkpt lat="54.314917" lon="24.870028"/><trkpt lat="54.315096" lon="24.870630"/><trkpt lat="54.315242" lon="24.871289"/><trkpt lat="54.315462" lon="24.872603"/><trkpt lat="54.315658" lon="24.873914"/><trkpt lat="54.315967" lon="24.875675"/><trkpt lat="54.316040" lon="24.876151"/><trkpt lat="54.316130" lon="24.876546"/><trkpt lat="54.316252" lon="24.876888"/><trkpt lat="54.316423" lon="24.877148"/><trkpt lat="54.316642" lon="24.877360"/><trkpt lat="54.316894" lon="24.877498"/><trkpt lat="54.317163" lon="24.877604"/><trkpt lat="54.317757" lon="24.877718"/><trkpt lat="54.318376" lon="24.877869"/><trkpt lat="54.318652" lon="24.877995"/><trkpt lat="54.318888" lon="24.878235"/><trkpt lat="54.319092" lon="24.878540"/><trkpt lat="54.319474" lon="24.879199"/><trkpt lat="54.319954" lon="24.880111"/><trkpt lat="54.320132" lon="24.880322"/><trkpt lat="54.320508" lon="24.880416"/><trkpt lat="54.320703" lon="24.880497"/><trkpt lat="54.321053" lon="24.880754"/><trkpt lat="54.321200" lon="24.880806"/><trkpt lat="54.321395" lon="24.880831"/><trkpt lat="54.321444" lon="24.880884"/><trkpt lat="54.321484" lon="24.880986"/><trkpt lat="54.321472" lon="24.881141"/><trkpt lat="54.321419" lon="24.881387"/><trkpt lat="54.321094" lon="24.882463"/><trkpt lat="54.320948" lon="24.882845"/><trkpt lat="54.320833" lon="24.883277"/><trkpt lat="54.320744" lon="24.884172"/><trkpt lat="54.320613" lon="24.885071"/><trkpt lat="54.320700" lon="24.885487"/><trkpt lat="54.320898" lon="24.885742"/><trkpt lat="54.321118" lon="24.885982"/><trkpt lat="54.321311" lon="24.886325"/><trkpt lat="54.321419" lon="24.886768"/><trkpt lat="54.321484" lon="24.887244"/><trkpt lat="54.321522" lon="24.887754"/><trkpt lat="54.321590" lon="24.888261"/><trkpt lat="54.321629" lon="24.888787"/><trkpt lat="54.321857" lon="24.890987"/><trkpt lat="54.321978" lon="24.892156"/><trkpt lat="54.322054" lon="24.892741"/><trkpt lat="54.322272" lon="24.895058"/><trkpt lat="54.322320" lon="24.895636"/><trkpt lat="54.322350" lon="24.896224"/><trkpt lat="54.322353" lon="24.896820"/><trkpt lat="54.322329" lon="24.898035"/><trkpt lat="54.322203" lon="24.901165"/><trkpt lat="54.322225" lon="24.901794"/><trkpt lat="54.322224" lon="24.903052"/><trkpt lat="54.322241" lon="24.904211"/><trkpt lat="54.322184" lon="24.904708"/><trkpt lat="54.322077" lon="24.905190"/><trkpt lat="54.321988" lon="24.905715"/><trkpt lat="54.321790" lon="24.907195"/><trkpt lat="54.321697" lon="24.907750"/><trkpt lat="54.321676" lon="24.907948"/><trkpt lat="54.321688" lon="24.908175"/><trkpt lat="54.321227" lon="24.909106"/><trkpt lat="54.320259" lon="24.910867"/><trkpt lat="54.317879" lon="24.914950"/><trkpt lat="54.316947" lon="24.916438"/><trkpt lat="54.316805" lon="24.916817"/><trkpt lat="54.316419" lon="24.917444"/><trkpt lat="54.316243" lon="24.917794"/><trkpt lat="54.316065" lon="24.918103"/><trkpt lat="54.315877" lon="24.918384"/><trkpt lat="54.315714" lon="24.918701"/><trkpt lat="54.315430" lon="24.919291"/><trkpt lat="54.315340" lon="24.919580"/><trkpt lat="54.315316" lon="24.919898"/><trkpt lat="54.315356" lon="24.920243"/><trkpt lat="54.315462" lon="24.920569"/><trkpt lat="54.315747" lon="24.921053"/><trkpt lat="54.315853" lon="24.921305"/><trkpt lat="54.316073" lon="24.921647"/><trkpt lat="54.316154" lon="24.921810"/><trkpt lat="54.316366" lon="24.922306"/><trkpt lat="54.316358" lon="24.922407"/><trkpt lat="54.316276" lon="24.922595"/><trkpt lat="54.316146" lon="24.922758"/><trkpt lat="54.315869" lon="24.923214"/><trkpt lat="54.315731" lon="24.923413"/><trkpt lat="54.315664" lon="24.923645"/><trkpt lat="54.315682" lon="24.923914"/><trkpt lat="54.315845" lon="24.924133"/><trkpt lat="54.316089" lon="24.924548"/><trkpt lat="54.316097" lon="24.924792"/><trkpt lat="54.316195" lon="24.925041"/><trkpt lat="54.316235" lon="24.925338"/><trkpt lat="54.316243" lon="24.925663"/><trkpt lat="54.316390" lon="24.926876"/><trkpt lat="54.316471" lon="24.927824"/><trkpt lat="54.316577" lon="24.928682"/><trkpt lat="54.316577" lon="24.929057"/><trkpt lat="54.316536" lon="24.929419"/><trkpt lat="54.316561" lon="24.930229"/><trkpt lat="54.316545" lon="24.930933"/><trkpt lat="54.316414" lon="24.931169"/><trkpt lat="54.316333" lon="24.931514"/><trkpt lat="54.316268" lon="24.932349"/><trkpt lat="54.316252" lon="24.933252"/><trkpt lat="54.316291" lon="24.933682"/><trkpt lat="54.316252" lon="24.934550"/><trkpt lat="54.316243" lon="24.935421"/><trkpt lat="54.316260" lon="24.935836"/><trkpt lat="54.316245" lon="24.936179"/><trkpt lat="54.316284" lon="24.936418"/><trkpt lat="54.316357" lon="24.936560"/><trkpt lat="54.317505" lon="24.936808"/><trkpt lat="54.319067" lon="24.937240"/><trkpt lat="54.320695" lon="24.937610"/><trkpt lat="54.321761" lon="24.937891"/><trkpt lat="54.322518" lon="24.938123"/><trkpt lat="54.323616" lon="24.938513"/><trkpt lat="54.324300" lon="24.938709"/><trkpt lat="54.324601" lon="24.938851"/><trkpt lat="54.324884" lon="24.939017"/><trkpt lat="54.325155" lon="24.939034"/><trkpt lat="54.325667" lon="24.939217"/><trkpt lat="54.325911" lon="24.939387"/><trkpt lat="54.326156" lon="24.939591"/><trkpt lat="54.326424" lon="24.939697"/><trkpt lat="54.327279" lon="24.939929"/><trkpt lat="54.327865" lon="24.940157"/><trkpt lat="54.328133" lon="24.940234"/><trkpt lat="54.328630" lon="24.940564"/><trkpt lat="54.328822" lon="24.940830"/><trkpt lat="54.328980" lon="24.941093"/><trkpt lat="54.329085" lon="24.941423"/><trkpt lat="54.329183" lon="24.941781"/><trkpt lat="54.329631" lon="24.943799"/><trkpt lat="54.329728" lon="24.944124"/><trkpt lat="54.329791" lon="24.944397"/><trkpt lat="54.329867" lon="24.944653"/><trkpt lat="54.329960" lon="24.944893"/><trkpt lat="54.330066" lon="24.945061"/><trkpt lat="54.329956" lon="24.946004"/><trkpt lat="54.329980" lon="24.946753"/><trkpt lat="54.330054" lon="24.947371"/><trkpt lat="54.330119" lon="24.947685"/><trkpt lat="54.330135" lon="24.948051"/><trkpt lat="54.330135" lon="24.948425"/><trkpt lat="54.330168" lon="24.948796"/><trkpt lat="54.330265" lon="24.949589"/><trkpt lat="54.330314" lon="24.950464"/><trkpt lat="54.330321" lon="24.950911"/><trkpt lat="54.330389" lon="24.952282"/><trkpt lat="54.330389" lon="24.952742"/><trkpt lat="54.330313" lon="24.954145"/><trkpt lat="54.330300" lon="24.955059"/><trkpt lat="54.330238" lon="24.956340"/><trkpt lat="54.330244" lon="24.956755"/><trkpt lat="54.330284" lon="24.957156"/><trkpt lat="54.330355" lon="24.957532"/><trkpt lat="54.330339" lon="24.959326"/><trkpt lat="54.330306" lon="24.959619"/><trkpt lat="54.330307" lon="24.959701"/><trkpt lat="54.330290" lon="24.959733"/><trkpt lat="54.330322" lon="24.960095"/><trkpt lat="54.330330" lon="24.960563"/><trkpt lat="54.330290" lon="24.961015"/><trkpt lat="54.330237" lon="24.961219"/><trkpt lat="54.330208" lon="24.961454"/><trkpt lat="54.330153" lon="24.961660"/><trkpt lat="54.330180" lon="24.962059"/><trkpt lat="54.330170" lon="24.962252"/><trkpt lat="54.329662" lon="24.965225"/><trkpt lat="54.329627" lon="24.965548"/><trkpt lat="54.329630" lon="24.966634"/><trkpt lat="54.329654" lon="24.967447"/><trkpt lat="54.329654" lon="24.967865"/><trkpt lat="54.329632" lon="24.968297"/><trkpt lat="54.329614" lon="24.971065"/><trkpt lat="54.329581" lon="24.971517"/><trkpt lat="54.329510" lon="24.971982"/><trkpt lat="54.329219" lon="24.973330"/><trkpt lat="54.328556" lon="24.976693"/><trkpt lat="54.328430" lon="24.977166"/><trkpt lat="54.328187" lon="24.978213"/><trkpt lat="54.327804" lon="24.979480"/><trkpt lat="54.327614" lon="24.979957"/><trkpt lat="54.327368" lon="24.980888"/><trkpt lat="54.327271" lon="24.981116"/><trkpt lat="54.327185" lon="24.981359"/><trkpt lat="54.327124" lon="24.981632"/><trkpt lat="54.327034" lon="24.981883"/><trkpt lat="54.326750" lon="24.982812"/><trkpt lat="54.326432" lon="24.983663"/><trkpt lat="54.326286" lon="24.984151"/><trkpt lat="54.326123" lon="24.984611"/><trkpt lat="54.325938" lon="24.985051"/><trkpt lat="54.325594" lon="24.985958"/><trkpt lat="54.325264" lon="24.986748"/><trkpt lat="54.325120" lon="24.987160"/><trkpt lat="54.325024" lon="24.987622"/><trkpt lat="54.324696" lon="24.989012"/><trkpt lat="54.324413" lon="24.989872"/><trkpt lat="54.324296" lon="24.990331"/><trkpt lat="54.324209" lon="24.990775"/><trkpt lat="54.323796" lon="24.992031"/><trkpt lat="54.323690" lon="24.992489"/><trkpt lat="54.323628" lon="24.992946"/><trkpt lat="54.323321" lon="24.994676"/><trkpt lat="54.323324" lon="24.995068"/><trkpt lat="54.323354" lon="24.995364"/><trkpt lat="54.323314" lon="24.995592"/><trkpt lat="54.323057" lon="24.996001"/><trkpt lat="54.322868" lon="24.996219"/><trkpt lat="54.322616" lon="24.996371"/><trkpt lat="54.322119" lon="24.996541"/><trkpt lat="54.321883" lon="24.996423"/><trkpt lat="54.321338" lon="24.996232"/><trkpt lat="54.321069" lon="24.996200"/><trkpt lat="54.320190" lon="24.996379"/><trkpt lat="54.319243" lon="24.996498"/><trkpt lat="54.318319" lon="24.996728"/><trkpt lat="54.318086" lon="24.996880"/><trkpt lat="54.317647" lon="24.997740"/><trkpt lat="54.317562" lon="24.997945"/><trkpt lat="54.317456" lon="24.998116"/><trkpt lat="54.317122" lon="24.998413"/><trkpt lat="54.316960" lon="24.998608"/><trkpt lat="54.316824" lon="24.998836"/><trkpt lat="54.316743" lon="24.999034"/><trkpt lat="54.316671" lon="24.999161"/><trkpt lat="54.316626" lon="24.999381"/><trkpt lat="54.316553" lon="24.999577"/><trkpt lat="54.316520" lon="24.999809"/><trkpt lat="54.316504" lon="25.000049"/><trkpt lat="54.316550" lon="25.000514"/><trkpt lat="54.316577" lon="25.000977"/><trkpt lat="54.316478" lon="25.001443"/><trkpt lat="54.316553" lon="25.001754"/><trkpt lat="54.316553" lon="25.002026"/><trkpt lat="54.316569" lon="25.002311"/><trkpt lat="54.316626" lon="25.002889"/><trkpt lat="54.316642" lon="25.003763"/><trkpt lat="54.316763" lon="25.004549"/><trkpt lat="54.316764" lon="25.005892"/><trkpt lat="54.316778" lon="25.006676"/><trkpt lat="54.316854" lon="25.009015"/><trkpt lat="54.316909" lon="25.009432"/><trkpt lat="54.317005" lon="25.009784"/><trkpt lat="54.317285" lon="25.010683"/><trkpt lat="54.317448" lon="25.011275"/><trkpt lat="54.317464" lon="25.011633"/><trkpt lat="54.317440" lon="25.012382"/><trkpt lat="54.317472" lon="25.012756"/><trkpt lat="54.317481" lon="25.013147"/><trkpt lat="54.317554" lon="25.014290"/><trkpt lat="54.317529" lon="25.015023"/><trkpt lat="54.317554" lon="25.015751"/><trkpt lat="54.317586" lon="25.016126"/><trkpt lat="54.317767" lon="25.017250"/><trkpt lat="54.317782" lon="25.017651"/><trkpt lat="54.317814" lon="25.018038"/><trkpt lat="54.317783" lon="25.019142"/><trkpt lat="54.317783" lon="25.021282"/><trkpt lat="54.317765" lon="25.021654"/><trkpt lat="54.317716" lon="25.022023"/><trkpt lat="54.317560" lon="25.022793"/><trkpt lat="54.317489" lon="25.023241"/><trkpt lat="54.317470" lon="25.024173"/><trkpt lat="54.317432" lon="25.025094"/><trkpt lat="54.317375" lon="25.026050"/><trkpt lat="54.317147" lon="25.027372"/><trkpt lat="54.317082" lon="25.027820"/><trkpt lat="54.316916" lon="25.028718"/><trkpt lat="54.316797" lon="25.029661"/><trkpt lat="54.316772" lon="25.030147"/><trkpt lat="54.316621" lon="25.031098"/><trkpt lat="54.316626" lon="25.031571"/><trkpt lat="54.316649" lon="25.032029"/><trkpt lat="54.316968" lon="25.033936"/><trkpt lat="54.317033" lon="25.034440"/><trkpt lat="54.317114" lon="25.035937"/><trkpt lat="54.317159" lon="25.038409"/><trkpt lat="54.317204" lon="25.039339"/><trkpt lat="54.317281" lon="25.039751"/><trkpt lat="54.317367" lon="25.040130"/><trkpt lat="54.317376" lon="25.040534"/><trkpt lat="54.317301" lon="25.041349"/><trkpt lat="54.317057" lon="25.042623"/><trkpt lat="54.316844" lon="25.043345"/><trkpt lat="54.316471" lon="25.044366"/><trkpt lat="54.316405" lon="25.044768"/><trkpt lat="54.316317" lon="25.045557"/><trkpt lat="54.316167" lon="25.046715"/><trkpt lat="54.316063" lon="25.048005"/><trkpt lat="54.316013" lon="25.048395"/><trkpt lat="54.315866" lon="25.049243"/><trkpt lat="54.315840" lon="25.049671"/><trkpt lat="54.315827" lon="25.050477"/><trkpt lat="54.315606" lon="25.051626"/><trkpt lat="54.315582" lon="25.052436"/><trkpt lat="54.315595" lon="25.053273"/><trkpt lat="54.315617" lon="25.053695"/><trkpt lat="54.315495" lon="25.054513"/><trkpt lat="54.315381" lon="25.054915"/><trkpt lat="54.315308" lon="25.055347"/><trkpt lat="54.314990" lon="25.056095"/><trkpt lat="54.314844" lon="25.056482"/><trkpt lat="54.314666" lon="25.056884"/><trkpt lat="54.314543" lon="25.057154"/><trkpt lat="54.314405" lon="25.057381"/><trkpt lat="54.313220" lon="25.058541"/><trkpt lat="54.313031" lon="25.058755"/><trkpt lat="54.312697" lon="25.059279"/><trkpt lat="54.311910" lon="25.060938"/><trkpt lat="54.311376" lon="25.061911"/><trkpt lat="54.311060" lon="25.062614"/><trkpt lat="54.309993" lon="25.065541"/><trkpt lat="54.309469" lon="25.067027"/><trkpt lat="54.308900" lon="25.068550"/><trkpt lat="54.308674" lon="25.069355"/><trkpt lat="54.308598" lon="25.069786"/><trkpt lat="54.308427" lon="25.071045"/><trkpt lat="54.308358" lon="25.071932"/><trkpt lat="54.308293" lon="25.072351"/><trkpt lat="54.308011" lon="25.073538"/><trkpt lat="54.307815" lon="25.074253"/><trkpt lat="54.307747" lon="25.074639"/><trkpt lat="54.307725" lon="25.075370"/><trkpt lat="54.307733" lon="25.075716"/><trkpt lat="54.307829" lon="25.075891"/><trkpt lat="54.308561" lon="25.075920"/><trkpt lat="54.308797" lon="25.075891"/><trkpt lat="54.309042" lon="25.075842"/><trkpt lat="54.309717" lon="25.075537"/><trkpt lat="54.309928" lon="25.075407"/><trkpt lat="54.310132" lon="25.075272"/><trkpt lat="54.310331" lon="25.075104"/><trkpt lat="54.310512" lon="25.074929"/><trkpt lat="54.310645" lon="25.074740"/><trkpt lat="54.310799" lon="25.074748"/><trkpt lat="54.310970" lon="25.074722"/><trkpt lat="54.311299" lon="25.074771"/><trkpt lat="54.311666" lon="25.075479"/><trkpt lat="54.311567" lon="25.075600"/><trkpt lat="54.311529" lon="25.075782"/><trkpt lat="54.311524" lon="25.076021"/><trkpt lat="54.311613" lon="25.076204"/><trkpt lat="54.311873" lon="25.076148"/><trkpt lat="54.312012" lon="25.076160"/><trkpt lat="54.312288" lon="25.076127"/><trkpt lat="54.312435" lon="25.076074"/><trkpt lat="54.312573" lon="25.075977"/><trkpt lat="54.312738" lon="25.075920"/><trkpt lat="54.313102" lon="25.075871"/><trkpt lat="54.313452" lon="25.075716"/><trkpt lat="54.313590" lon="25.075688"/><trkpt lat="54.313680" lon="25.075806"/><trkpt lat="54.313648" lon="25.076025"/><trkpt lat="54.313517" lon="25.076550"/><trkpt lat="54.313265" lon="25.077128"/><trkpt lat="54.313102" lon="25.077433"/><trkpt lat="54.312972" lon="25.077734"/><trkpt lat="54.312629" lon="25.078774"/><trkpt lat="54.312500" lon="25.079085"/><trkpt lat="54.312319" lon="25.079333"/><trkpt lat="54.312155" lon="25.079660"/><trkpt lat="54.312065" lon="25.080444"/><trkpt lat="54.311995" lon="25.080823"/><trkpt lat="54.311782" lon="25.081505"/><trkpt lat="54.311730" lon="25.081882"/><trkpt lat="54.311925" lon="25.082893"/><trkpt lat="54.311963" lon="25.083285"/><trkpt lat="54.311871" lon="25.083663"/><trkpt lat="54.311736" lon="25.084033"/><trkpt lat="54.311428" lon="25.084658"/><trkpt lat="54.311309" lon="25.085015"/><trkpt lat="54.311304" lon="25.085356"/><trkpt lat="54.311279" lon="25.085718"/><trkpt lat="54.311182" lon="25.086829"/><trkpt lat="54.311174" lon="25.087207"/><trkpt lat="54.311182" lon="25.087585"/><trkpt lat="54.311222" lon="25.088371"/><trkpt lat="54.311201" lon="25.089542"/><trkpt lat="54.311206" lon="25.089897"/><trkpt lat="54.311231" lon="25.090255"/><trkpt lat="54.311247" lon="25.091455"/><trkpt lat="54.311312" lon="25.092314"/><trkpt lat="54.311377" lon="25.092757"/><trkpt lat="54.311475" lon="25.093156"/><trkpt lat="54.311759" lon="25.093856"/><trkpt lat="54.311838" lon="25.094078"/><trkpt lat="54.312052" lon="25.094112"/><trkpt lat="54.312248" lon="25.094177"/><trkpt lat="54.312720" lon="25.094397"/><trkpt lat="54.313208" lon="25.094596"/><trkpt lat="54.314421" lon="25.095060"/><trkpt lat="54.314860" lon="25.095276"/><trkpt lat="54.315096" lon="25.095349"/><trkpt lat="54.315983" lon="25.095736"/><trkpt lat="54.316602" lon="25.095801"/><trkpt lat="54.316838" lon="25.095785"/><trkpt lat="54.317546" lon="25.095862"/><trkpt lat="54.317773" lon="25.095813"/><trkpt lat="54.317969" lon="25.095736"/><trkpt lat="54.318135" lon="25.095783"/><trkpt lat="54.318205" lon="25.096061"/><trkpt lat="54.318278" lon="25.096432"/><trkpt lat="54.318343" lon="25.096851"/><trkpt lat="54.318441" lon="25.098067"/><trkpt lat="54.318430" lon="25.098939"/><trkpt lat="54.318465" lon="25.099377"/><trkpt lat="54.318522" lon="25.099813"/><trkpt lat="54.318586" lon="25.100714"/><trkpt lat="54.318638" lon="25.101162"/><trkpt lat="54.318771" lon="25.102005"/><trkpt lat="54.318815" lon="25.102413"/><trkpt lat="54.318856" lon="25.103341"/><trkpt lat="54.318888" lon="25.103796"/><trkpt lat="54.319125" lon="25.105054"/><trkpt lat="54.319256" lon="25.105961"/><trkpt lat="54.319339" lon="25.106399"/><trkpt lat="54.319731" lon="25.108085"/><trkpt lat="54.319771" lon="25.108558"/><trkpt lat="54.319840" lon="25.109017"/><trkpt lat="54.319964" lon="25.109439"/><trkpt lat="54.320253" lon="25.110220"/><trkpt lat="54.320369" lon="25.110632"/><trkpt lat="54.320412" lon="25.111097"/><trkpt lat="54.320435" lon="25.111565"/><trkpt lat="54.320490" lon="25.112031"/><trkpt lat="54.320571" lon="25.112486"/><trkpt lat="54.320724" lon="25.112903"/><trkpt lat="54.320890" lon="25.113269"/><trkpt lat="54.321126" lon="25.114148"/><trkpt lat="54.321265" lon="25.114575"/><trkpt lat="54.321451" lon="25.115474"/><trkpt lat="54.321761" lon="25.116231"/><trkpt lat="54.322027" lon="25.116974"/><trkpt lat="54.322373" lon="25.118016"/><trkpt lat="54.322673" lon="25.118685"/><trkpt lat="54.322835" lon="25.118990"/><trkpt lat="54.323023" lon="25.119279"/><trkpt lat="54.323425" lon="25.119791"/><trkpt lat="54.323649" lon="25.120011"/><trkpt lat="54.323844" lon="25.120292"/><trkpt lat="54.324056" lon="25.120557"/><trkpt lat="54.324751" lon="25.121223"/><trkpt lat="54.324923" lon="25.121507"/><trkpt lat="54.325387" lon="25.122026"/><trkpt lat="54.325358" lon="25.122221"/><trkpt lat="54.325334" lon="25.122278"/><trkpt lat="54.324333" lon="25.122351"/><trkpt lat="54.323405" lon="25.122526"/><trkpt lat="54.323039" lon="25.122620"/><trkpt lat="54.322388" lon="25.122721"/><trkpt lat="54.322192" lon="25.122705"/><trkpt lat="54.322030" lon="25.122827"/><trkpt lat="54.321997" lon="25.123100"/><trkpt lat="54.322038" lon="25.123543"/><trkpt lat="54.322062" lon="25.124044"/><trkpt lat="54.322058" lon="25.124986"/><trkpt lat="54.322088" lon="25.125454"/><trkpt lat="54.322214" lon="25.126353"/><trkpt lat="54.322271" lon="25.127273"/><trkpt lat="54.322420" lon="25.128178"/><trkpt lat="54.322430" lon="25.128638"/><trkpt lat="54.322483" lon="25.129584"/><trkpt lat="54.322517" lon="25.130557"/><trkpt lat="54.322819" lon="25.132368"/><trkpt lat="54.322982" lon="25.133667"/><trkpt lat="54.323104" lon="25.133968"/><trkpt lat="54.323307" lon="25.134143"/><trkpt lat="54.323519" lon="25.134261"/><trkpt lat="54.324009" lon="25.135194"/><trkpt lat="54.324146" lon="25.135575"/><trkpt lat="54.324325" lon="25.135925"/><trkpt lat="54.324393" lon="25.136341"/><trkpt lat="54.324436" lon="25.136800"/><trkpt lat="54.324585" lon="25.137221"/><trkpt lat="54.324707" lon="25.137639"/><trkpt lat="54.324740" lon="25.138119"/><trkpt lat="54.324650" lon="25.138570"/><trkpt lat="54.324487" lon="25.138989"/><trkpt lat="54.323814" lon="25.140057"/><trkpt lat="54.323682" lon="25.140507"/><trkpt lat="54.323608" lon="25.140979"/><trkpt lat="54.323584" lon="25.141455"/><trkpt lat="54.323584" lon="25.141943"/><trkpt lat="54.323560" lon="25.142415"/><trkpt lat="54.323486" lon="25.142879"/><trkpt lat="54.323397" lon="25.143331"/><trkpt lat="54.323332" lon="25.143791"/><trkpt lat="54.323226" lon="25.144710"/><trkpt lat="54.323039" lon="25.146029"/><trkpt lat="54.322998" lon="25.146452"/><trkpt lat="54.322982" lon="25.147127"/><trkpt lat="54.322949" lon="25.147298"/><trkpt lat="54.322567" lon="25.147408"/><trkpt lat="54.322100" lon="25.147466"/><trkpt lat="54.317593" lon="25.148187"/><trkpt lat="54.317269" lon="25.148263"/><trkpt lat="54.316144" lon="25.148367"/><trkpt lat="54.315942" lon="25.148352"/><trkpt lat="54.315755" lon="25.148071"/><trkpt lat="54.315031" lon="25.146370"/><trkpt lat="54.314844" lon="25.145968"/><trkpt lat="54.314684" lon="25.145555"/><trkpt lat="54.314195" lon="25.144410"/><trkpt lat="54.314020" lon="25.144025"/><trkpt lat="54.313830" lon="25.143677"/><trkpt lat="54.313608" lon="25.143783"/><trkpt lat="54.313407" lon="25.144068"/><trkpt lat="54.313159" lon="25.144378"/><trkpt lat="54.312889" lon="25.144669"/><trkpt lat="54.312068" lon="25.145480"/><trkpt lat="54.311522" lon="25.145962"/><trkpt lat="54.309823" lon="25.147303"/><trkpt lat="54.308684" lon="25.148035"/><trkpt lat="54.308403" lon="25.148232"/><trkpt lat="54.308116" lon="25.148492"/><trkpt lat="54.307831" lon="25.148769"/><trkpt lat="54.306447" lon="25.150375"/><trkpt lat="54.306274" lon="25.150659"/><trkpt lat="54.306130" lon="25.150856"/><trkpt lat="54.305813" lon="25.151341"/><trkpt lat="54.305843" lon="25.151449"/><trkpt lat="54.305941" lon="25.151558"/><trkpt lat="54.306250" lon="25.152030"/><trkpt lat="54.306559" lon="25.152612"/><trkpt lat="54.306738" lon="25.152909"/><trkpt lat="54.306934" lon="25.153190"/><trkpt lat="54.307324" lon="25.153833"/><trkpt lat="54.307682" lon="25.154529"/><trkpt lat="54.307839" lon="25.154981"/><trkpt lat="54.308382" lon="25.156382"/><trkpt lat="54.308578" lon="25.156847"/><trkpt lat="54.308789" lon="25.157228"/><trkpt lat="54.308970" lon="25.157470"/><trkpt lat="54.309188" lon="25.157695"/><trkpt lat="54.309406" lon="25.157957"/><trkpt lat="54.309638" lon="25.158205"/><trkpt lat="54.309826" lon="25.158469"/><trkpt lat="54.310111" lon="25.158930"/><trkpt lat="54.310406" lon="25.159492"/><trkpt lat="54.310788" lon="25.160581"/><trkpt lat="54.310854" lon="25.160963"/><trkpt lat="54.310870" lon="25.161263"/><trkpt lat="54.310868" lon="25.162777"/><trkpt lat="54.310910" lon="25.163134"/><trkpt lat="54.311385" lon="25.163814"/><trkpt lat="54.311572" lon="25.164152"/><trkpt lat="54.311743" lon="25.164506"/><trkpt lat="54.311889" lon="25.164892"/><trkpt lat="54.311962" lon="25.165356"/><trkpt lat="54.312094" lon="25.166794"/><trkpt lat="54.312275" lon="25.168194"/><trkpt lat="54.312329" lon="25.169124"/><trkpt lat="54.312329" lon="25.169572"/><trkpt lat="54.312381" lon="25.170962"/><trkpt lat="54.312525" lon="25.172270"/><trkpt lat="54.312655" lon="25.172664"/><trkpt lat="54.313037" lon="25.173364"/><trkpt lat="54.313355" lon="25.174223"/><trkpt lat="54.313525" lon="25.174642"/><trkpt lat="54.313666" lon="25.175060"/><trkpt lat="54.313824" lon="25.175430"/><trkpt lat="54.313989" lon="25.175696"/><trkpt lat="54.314405" lon="25.176059"/><trkpt lat="54.314607" lon="25.176190"/><trkpt lat="54.314803" lon="25.176404"/><trkpt lat="54.314998" lon="25.176738"/><trkpt lat="54.315218" lon="25.177047"/><trkpt lat="54.315429" lon="25.177377"/><trkpt lat="54.315694" lon="25.177532"/><trkpt lat="54.315968" lon="25.177599"/><trkpt lat="54.317086" lon="25.177772"/><trkpt lat="54.317598" lon="25.177819"/><trkpt lat="54.317741" lon="25.177803"/><trkpt lat="54.317995" lon="25.177977"/><trkpt lat="54.318245" lon="25.178362"/><trkpt lat="54.318643" lon="25.179089"/><trkpt lat="54.318763" lon="25.179431"/><trkpt lat="54.318803" lon="25.179815"/><trkpt lat="54.318943" lon="25.180081"/><trkpt lat="54.319145" lon="25.180204"/><trkpt lat="54.319347" lon="25.180281"/><trkpt lat="54.319564" lon="25.180408"/><trkpt lat="54.319787" lon="25.180547"/><trkpt lat="54.320022" lon="25.180733"/><trkpt lat="54.320701" lon="25.181543"/><trkpt lat="54.321284" lon="25.182329"/><trkpt lat="54.321705" lon="25.182803"/><trkpt lat="54.322100" lon="25.183083"/><trkpt lat="54.322494" lon="25.183224"/><trkpt lat="54.322695" lon="25.183343"/><trkpt lat="54.322958" lon="25.183593"/><trkpt lat="54.323181" lon="25.184131"/><trkpt lat="54.323282" lon="25.184963"/><trkpt lat="54.323426" lon="25.185740"/><trkpt lat="54.323574" lon="25.186425"/><trkpt lat="54.323647" lon="25.186832"/><trkpt lat="54.323731" lon="25.188432"/><trkpt lat="54.323812" lon="25.188818"/><trkpt lat="54.323958" lon="25.189677"/><trkpt lat="54.324056" lon="25.190124"/><trkpt lat="54.324325" lon="25.192009"/><trkpt lat="54.324544" lon="25.193445"/><trkpt lat="54.324911" lon="25.195719"/><trkpt lat="54.325076" lon="25.196824"/><trkpt lat="54.325155" lon="25.197217"/><trkpt lat="54.325206" lon="25.197642"/><trkpt lat="54.325448" lon="25.199165"/><trkpt lat="54.325549" lon="25.199540"/><trkpt lat="54.325952" lon="25.200619"/><trkpt lat="54.326221" lon="25.201393"/><trkpt lat="54.326748" lon="25.203055"/><trkpt lat="54.326996" lon="25.203919"/><trkpt lat="54.327293" lon="25.204725"/><trkpt lat="54.328119" lon="25.206700"/><trkpt lat="54.328236" lon="25.207120"/><trkpt lat="54.328326" lon="25.207545"/><trkpt lat="54.328590" lon="25.209847"/><trkpt lat="54.328899" lon="25.212228"/><trkpt lat="54.329017" lon="25.213218"/><trkpt lat="54.329093" lon="25.213733"/><trkpt lat="54.329141" lon="25.214272"/><trkpt lat="54.329329" lon="25.215877"/><trkpt lat="54.329369" lon="25.216416"/><trkpt lat="54.329549" lon="25.218001"/><trkpt lat="54.329590" lon="25.218518"/><trkpt lat="54.329606" lon="25.219027"/><trkpt lat="54.329506" lon="25.220061"/><trkpt lat="54.329447" lon="25.221115"/><trkpt lat="54.329435" lon="25.221639"/><trkpt lat="54.329344" lon="25.222694"/><trkpt lat="54.329252" lon="25.223187"/><trkpt lat="54.329000" lon="25.224135"/><trkpt lat="54.328416" lon="25.225993"/><trkpt lat="54.328296" lon="25.226505"/><trkpt lat="54.328156" lon="25.227001"/><trkpt lat="54.327958" lon="25.228028"/><trkpt lat="54.327731" lon="25.229504"/><trkpt lat="54.327669" lon="25.229993"/><trkpt lat="54.327578" lon="25.230481"/><trkpt lat="54.327332" lon="25.232010"/><trkpt lat="54.326977" lon="25.233940"/><trkpt lat="54.326873" lon="25.234395"/><trkpt lat="54.326012" lon="25.238789"/><trkpt lat="54.326012" lon="25.239065"/><trkpt lat="54.326107" lon="25.239221"/><trkpt lat="54.326636" lon="25.239941"/><trkpt lat="54.328662" lon="25.242566"/><trkpt lat="54.329614" lon="25.243766"/><trkpt lat="54.329932" lon="25.244145"/><trkpt lat="54.330265" lon="25.244462"/><trkpt lat="54.330607" lon="25.244710"/><trkpt lat="54.331339" lon="25.245089"/><trkpt lat="54.332487" lon="25.245618"/><trkpt lat="54.335303" lon="25.246875"/><trkpt lat="54.337663" lon="25.247880"/><trkpt lat="54.338005" lon="25.247986"/><trkpt lat="54.338355" lon="25.248063"/><trkpt lat="54.340527" lon="25.248385"/><trkpt lat="54.341634" lon="25.248568"/><trkpt lat="54.342008" lon="25.248649"/><trkpt lat="54.342366" lon="25.248804"/><trkpt lat="54.342708" lon="25.249040"/><trkpt lat="54.343034" lon="25.249341"/><trkpt lat="54.343343" lon="25.249683"/><trkpt lat="54.344873" lon="25.251449"/><trkpt lat="54.345768" lon="25.252515"/><trkpt lat="54.346053" lon="25.252873"/><trkpt lat="54.346550" lon="25.253540"/><trkpt lat="54.346997" lon="25.254167"/><trkpt lat="54.349471" lon="25.258069"/><trkpt lat="54.350220" lon="25.259216"/><trkpt lat="54.350977" lon="25.260413"/><trkpt lat="54.351457" lon="25.261203"/><trkpt lat="54.351709" lon="25.261556"/><trkpt lat="54.351950" lon="25.261956"/><trkpt lat="54.352211" lon="25.262335"/><trkpt lat="54.352767" lon="25.263045"/><trkpt lat="54.353060" lon="25.263379"/><trkpt lat="54.353646" lon="25.263973"/><trkpt lat="54.354248" lon="25.264494"/><trkpt lat="54.354549" lon="25.264722"/><trkpt lat="54.355168" lon="25.265137"/><trkpt lat="54.358227" lon="25.267090"/><trkpt lat="54.358862" lon="25.267550"/><trkpt lat="54.359798" lon="25.268343"/><trkpt lat="54.360107" lon="25.268636"/><trkpt lat="54.361035" lon="25.269454"/><trkpt lat="54.361328" lon="25.269743"/><trkpt lat="54.361361" lon="25.269747"/><trkpt lat="54.361410" lon="25.269824"/><trkpt lat="54.361458" lon="25.269861"/><trkpt lat="54.361442" lon="25.269836"/><trkpt lat="54.361572" lon="25.269881"/><trkpt lat="54.361670" lon="25.269967"/><trkpt lat="54.361963" lon="25.270256"/><trkpt lat="54.363379" lon="25.271537"/><trkpt lat="54.363769" lon="25.271855"/><trkpt lat="54.364201" lon="25.272070"/><trkpt lat="54.364665" lon="25.272148"/><trkpt lat="54.366040" lon="25.272134"/><trkpt lat="54.367049" lon="25.272074"/><trkpt lat="54.371224" lon="25.271985"/><trkpt lat="54.373022" lon="25.271960"/><trkpt lat="54.374007" lon="25.272005"/><trkpt lat="54.373988" lon="25.271998"/><trkpt lat="54.374206" lon="25.271948"/><trkpt lat="54.374804" lon="25.271938"/><trkpt lat="54.375374" lon="25.271981"/><trkpt lat="54.375505" lon="25.271928"/><trkpt lat="54.375846" lon="25.271908"/><trkpt lat="54.376489" lon="25.271895"/><trkpt lat="54.376929" lon="25.271928"/><trkpt lat="54.377417" lon="25.271830"/><trkpt lat="54.377726" lon="25.271814"/><trkpt lat="54.378378" lon="25.271824"/><trkpt lat="54.378833" lon="25.271786"/><trkpt lat="54.379346" lon="25.271773"/><trkpt lat="54.379842" lon="25.271792"/><trkpt lat="54.380494" lon="25.271773"/><trkpt lat="54.380721" lon="25.271741"/><trkpt lat="54.381486" lon="25.271724"/><trkpt lat="54.381763" lon="25.271739"/><trkpt lat="54.382080" lon="25.271704"/><trkpt lat="54.384212" lon="25.271684"/><trkpt lat="54.389136" lon="25.271464"/><trkpt lat="54.391675" lon="25.271423"/><trkpt lat="54.394271" lon="25.271423"/><trkpt lat="54.396126" lon="25.271395"/><trkpt lat="54.399886" lon="25.271419"/><trkpt lat="54.402384" lon="25.271366"/><trkpt lat="54.402751" lon="25.271342"/><trkpt lat="54.403478" lon="25.271232"/><trkpt lat="54.403829" lon="25.271115"/><trkpt lat="54.404167" lon="25.270976"/><trkpt lat="54.405192" lon="25.270622"/><trkpt lat="54.406893" lon="25.269983"/><trkpt lat="54.408260" lon="25.269523"/><trkpt lat="54.408602" lon="25.269389"/><trkpt lat="54.408927" lon="25.269202"/><trkpt lat="54.409896" lon="25.268551"/><trkpt lat="54.412638" lon="25.266789"/><trkpt lat="54.413338" lon="25.266345"/><trkpt lat="54.413688" lon="25.266146"/><trkpt lat="54.414054" lon="25.266003"/><trkpt lat="54.414421" lon="25.265934"/><trkpt lat="54.414795" lon="25.265906"/><trkpt lat="54.415169" lon="25.265938"/><trkpt lat="54.415527" lon="25.266056"/><trkpt lat="54.415877" lon="25.266227"/><trkpt lat="54.419661" lon="25.268604"/><trkpt lat="54.420337" lon="25.269039"/><trkpt lat="54.420988" lon="25.269486"/><trkpt lat="54.422917" lon="25.270695"/><trkpt lat="54.423226" lon="25.270850"/><trkpt lat="54.423543" lon="25.270960"/><trkpt lat="54.423869" lon="25.271020"/><trkpt lat="54.424512" lon="25.271057"/><trkpt lat="54.424821" lon="25.271008"/><trkpt lat="54.425456" lon="25.270874"/><trkpt lat="54.426123" lon="25.270691"/><trkpt lat="54.429712" lon="25.269963"/><trkpt lat="54.432568" lon="25.269303"/><trkpt lat="54.434001" lon="25.269015"/><trkpt lat="54.434351" lon="25.268913"/><trkpt lat="54.434676" lon="25.268783"/><trkpt lat="54.434977" lon="25.268583"/><trkpt lat="54.437516" lon="25.266557"/><trkpt lat="54.437728" lon="25.266378"/><trkpt lat="54.437907" lon="25.266182"/><trkpt lat="54.438229" lon="25.265910"/><trkpt lat="54.438420" lon="25.265804"/><trkpt lat="54.438517" lon="25.265780"/><trkpt lat="54.438802" lon="25.265784"/><trkpt lat="54.438924" lon="25.265723"/><trkpt lat="54.438965" lon="25.265678"/><trkpt lat="54.438924" lon="25.265743"/><trkpt lat="54.438886" lon="25.265737"/><trkpt lat="54.438826" lon="25.265788"/><trkpt lat="54.438779" lon="25.265750"/><trkpt lat="54.438747" lon="25.265781"/><trkpt lat="54.438980" lon="25.265694"/><trkpt lat="54.439101" lon="25.265512"/><trkpt lat="54.439447" lon="25.265076"/><trkpt lat="54.439629" lon="25.264893"/><trkpt lat="54.439842" lon="25.264762"/><trkpt lat="54.439388" lon="25.265218"/><trkpt lat="54.439992" lon="25.264722"/><trkpt lat="54.440427" lon="25.264843"/><trkpt lat="54.440598" lon="25.264856"/><trkpt lat="54.440725" lon="25.264864"/><trkpt lat="54.441146" lon="25.264799"/><trkpt lat="54.442033" lon="25.264335"/><trkpt lat="54.442188" lon="25.264298"/><trkpt lat="54.442317" lon="25.264229"/><trkpt lat="54.442717" lon="25.264067"/><trkpt lat="54.442958" lon="25.263939"/><trkpt lat="54.443191" lon="25.263737"/><trkpt lat="54.443392" lon="25.263497"/><trkpt lat="54.443622" lon="25.263283"/><trkpt lat="54.444124" lon="25.263081"/><trkpt lat="54.445130" lon="25.262798"/><trkpt lat="54.445617" lon="25.262681"/><trkpt lat="54.446615" lon="25.262316"/><trkpt lat="54.447216" lon="25.262147"/><trkpt lat="54.447445" lon="25.262142"/><trkpt lat="54.447624" lon="25.262073"/><trkpt lat="54.447673" lon="25.261955"/><trkpt lat="54.447632" lon="25.261755"/><trkpt lat="54.447607" lon="25.261454"/><trkpt lat="54.447599" lon="25.261056"/><trkpt lat="54.447607" lon="25.260653"/><trkpt lat="54.447591" lon="25.260046"/><trkpt lat="54.447599" lon="25.259607"/><trkpt lat="54.447583" lon="25.258716"/><trkpt lat="54.447591" lon="25.257833"/><trkpt lat="54.447607" lon="25.257422"/><trkpt lat="54.447689" lon="25.256441"/><trkpt lat="54.447738" lon="25.255505"/><trkpt lat="54.447770" lon="25.255204"/><trkpt lat="54.447819" lon="25.255098"/><trkpt lat="54.448543" lon="25.255062"/><trkpt lat="54.448747" lon="25.255013"/><trkpt lat="54.448779" lon="25.254984"/><trkpt lat="54.448796" lon="25.254940"/><trkpt lat="54.448796" lon="25.254871"/><trkpt lat="54.448771" lon="25.254818"/><trkpt lat="54.448673" lon="25.254736"/><trkpt lat="54.448665" lon="25.254057"/><trkpt lat="54.448625" lon="25.253499"/><trkpt lat="54.448608" lon="25.253097"/><trkpt lat="54.448568" lon="25.252808"/><trkpt lat="54.448503" lon="25.252523"/><trkpt lat="54.448372" lon="25.252055"/><trkpt lat="54.448332" lon="25.251859"/><trkpt lat="54.448177" lon="25.251469"/><trkpt lat="54.448006" lon="25.250940"/><trkpt lat="54.447982" lon="25.250684"/><trkpt lat="54.447998" lon="25.250012"/><trkpt lat="54.447998" lon="25.248380"/><trkpt lat="54.447974" lon="25.247628"/><trkpt lat="54.447974" lon="25.247355"/><trkpt lat="54.447998" lon="25.247229"/><trkpt lat="54.448267" lon="25.247229"/><trkpt lat="54.448470" lon="25.247196"/><trkpt lat="54.448698" lon="25.247188"/><trkpt lat="54.450521" lon="25.247160"/><trkpt lat="54.451538" lon="25.247083"/><trkpt lat="54.452523" lon="25.247050"/><trkpt lat="54.452637" lon="25.246956"/><trkpt lat="54.452865" lon="25.246460"/><trkpt lat="54.453044" lon="25.246143"/><trkpt lat="54.453621" lon="25.245247"/><trkpt lat="54.453825" lon="25.244987"/><trkpt lat="54.454037" lon="25.244759"/><trkpt lat="54.454264" lon="25.244568"/><trkpt lat="54.454484" lon="25.244397"/><trkpt lat="54.454948" lon="25.244100"/><trkpt lat="54.455900" lon="25.243339"/><trkpt lat="54.456942" lon="25.242139"/><trkpt lat="54.457137" lon="25.241886"/><trkpt lat="54.457788" lon="25.240959"/><trkpt lat="54.457878" lon="25.240710"/><trkpt lat="54.458073" lon="25.240308"/><trkpt lat="54.458302" lon="25.240240"/><trkpt lat="54.458368" lon="25.240063"/><trkpt lat="54.458730" lon="25.239494"/><trkpt lat="54.458941" lon="25.239272"/><trkpt lat="54.459887" lon="25.238035"/><trkpt lat="54.461049" lon="25.236320"/><trkpt lat="54.462195" lon="25.234721"/><trkpt lat="54.462429" lon="25.234434"/><trkpt lat="54.462703" lon="25.234197"/><trkpt lat="54.462964" lon="25.234033"/><trkpt lat="54.463208" lon="25.233802"/><trkpt lat="54.463464" lon="25.233475"/><trkpt lat="54.463675" lon="25.233079"/><trkpt lat="54.464044" lon="25.232253"/><trkpt lat="54.464456" lon="25.231517"/><trkpt lat="54.465320" lon="25.230141"/><trkpt lat="54.465812" lon="25.229502"/><trkpt lat="54.466275" lon="25.228801"/><trkpt lat="54.466763" lon="25.228104"/><trkpt lat="54.466989" lon="25.227731"/><trkpt lat="54.467224" lon="25.227312"/><trkpt lat="54.468394" lon="25.224563"/><trkpt lat="54.468765" lon="25.223645"/><trkpt lat="54.469160" lon="25.222767"/><trkpt lat="54.469507" lon="25.221869"/><trkpt lat="54.469713" lon="25.221454"/><trkpt lat="54.469908" lon="25.220995"/><trkpt lat="54.470101" lon="25.220597"/><trkpt lat="54.470321" lon="25.220203"/><trkpt lat="54.470549" lon="25.219829"/><trkpt lat="54.470969" lon="25.218980"/><trkpt lat="54.471168" lon="25.218511"/><trkpt lat="54.471458" lon="25.217616"/><trkpt lat="54.471608" lon="25.217039"/><trkpt lat="54.471603" lon="25.216522"/><trkpt lat="54.471488" lon="25.213750"/><trkpt lat="54.471458" lon="25.213148"/><trkpt lat="54.471410" lon="25.212593"/><trkpt lat="54.471353" lon="25.212030"/><trkpt lat="54.471278" lon="25.211450"/><trkpt lat="54.471058" lon="25.210410"/><trkpt lat="54.470970" lon="25.209895"/><trkpt lat="54.470930" lon="25.209430"/><trkpt lat="54.470927" lon="25.208928"/><trkpt lat="54.470940" lon="25.208382"/><trkpt lat="54.471041" lon="25.206185"/><trkpt lat="54.471081" lon="25.205648"/><trkpt lat="54.471108" lon="25.205052"/><trkpt lat="54.471101" lon="25.203988"/><trkpt lat="54.471197" lon="25.202993"/><trkpt lat="54.471330" lon="25.202490"/><trkpt lat="54.471416" lon="25.201989"/><trkpt lat="54.471544" lon="25.200948"/><trkpt lat="54.471656" lon="25.198841"/><trkpt lat="54.471657" lon="25.197741"/><trkpt lat="54.471510" lon="25.196171"/><trkpt lat="54.471432" lon="25.194586"/><trkpt lat="54.471249" lon="25.193689"/><trkpt lat="54.471185" lon="25.193253"/><trkpt lat="54.471144" lon="25.192800"/><trkpt lat="54.471180" lon="25.192351"/><trkpt lat="54.471266" lon="25.191884"/><trkpt lat="54.471363" lon="25.191442"/><trkpt lat="54.471469" lon="25.191079"/><trkpt lat="54.471555" lon="25.190688"/><trkpt lat="54.471618" lon="25.190288"/><trkpt lat="54.471659" lon="25.189432"/><trkpt lat="54.471742" lon="25.188593"/><trkpt lat="54.471793" lon="25.187689"/><trkpt lat="54.472046" lon="25.185683"/><trkpt lat="54.472191" lon="25.184777"/><trkpt lat="54.472236" lon="25.184289"/><trkpt lat="54.472278" lon="25.183315"/><trkpt lat="54.472287" lon="25.182844"/><trkpt lat="54.472380" lon="25.182381"/><trkpt lat="54.473022" lon="25.180505"/><trkpt lat="54.473761" lon="25.178443"/><trkpt lat="54.474308" lon="25.178573"/><trkpt lat="54.474772" lon="25.178756"/><trkpt lat="54.475008" lon="25.178817"/><trkpt lat="54.475806" lon="25.178902"/><trkpt lat="54.476042" lon="25.178971"/><trkpt lat="54.476245" lon="25.179102"/><trkpt lat="54.476440" lon="25.179293"/><trkpt lat="54.476587" lon="25.179517"/><trkpt lat="54.476709" lon="25.179667"/><trkpt lat="54.477336" lon="25.179765"/><trkpt lat="54.477458" lon="25.179871"/><trkpt lat="54.477718" lon="25.180176"/><trkpt lat="54.478101" lon="25.180558"/><trkpt lat="54.478255" lon="25.180607"/><trkpt lat="54.478483" lon="25.180550"/><trkpt lat="54.478638" lon="25.180481"/><trkpt lat="54.478800" lon="25.180436"/><trkpt lat="54.479158" lon="25.180383"/><trkpt lat="54.479460" lon="25.180302"/><trkpt lat="54.479647" lon="25.180371"/><trkpt lat="54.479745" lon="25.180583"/><trkpt lat="54.479801" lon="25.180904"/><trkpt lat="54.479891" lon="25.181665"/><trkpt lat="54.479915" lon="25.182052"/><trkpt lat="54.480046" lon="25.183040"/><trkpt lat="54.480127" lon="25.183264"/><trkpt lat="54.480225" lon="25.183472"/><trkpt lat="54.480290" lon="25.183712"/><trkpt lat="54.480347" lon="25.183826"/><trkpt lat="54.480444" lon="25.183732"/><trkpt lat="54.480607" lon="25.183504"/><trkpt lat="54.480864" lon="25.183441"/><trkpt lat="54.481124" lon="25.183183"/><trkpt lat="54.481337" lon="25.183255"/><trkpt lat="54.481471" lon="25.183771"/><trkpt lat="54.481634" lon="25.184298"/><trkpt lat="54.481888" lon="25.184993"/><trkpt lat="54.483285" lon="25.188608"/><trkpt lat="54.483400" lon="25.189115"/><trkpt lat="54.483455" lon="25.190820"/><trkpt lat="54.483545" lon="25.191923"/><trkpt lat="54.483594" lon="25.192240"/><trkpt lat="54.483846" lon="25.192753"/><trkpt lat="54.484244" lon="25.193687"/><trkpt lat="54.484416" lon="25.193884"/><trkpt lat="54.484857" lon="25.193887"/><trkpt lat="54.485352" lon="25.193799"/><trkpt lat="54.485605" lon="25.193803"/><trkpt lat="54.485840" lon="25.193966"/><trkpt lat="54.486092" lon="25.194055"/><trkpt lat="54.486629" lon="25.194104"/><trkpt lat="54.486802" lon="25.194301"/><trkpt lat="54.486966" lon="25.194723"/><trkpt lat="54.487288" lon="25.194592"/><trkpt lat="54.487492" lon="25.194596"/><trkpt lat="54.487931" lon="25.194885"/><trkpt lat="54.488609" lon="25.195461"/><trkpt lat="54.488810" lon="25.195679"/><trkpt lat="54.489035" lon="25.196385"/><trkpt lat="54.489174" lon="25.196713"/><trkpt lat="54.489475" lon="25.197340"/><trkpt lat="54.489616" lon="25.197676"/><trkpt lat="54.489800" lon="25.198065"/><trkpt lat="54.490016" lon="25.198324"/><trkpt lat="54.490420" lon="25.198898"/><trkpt lat="54.490598" lon="25.199235"/><trkpt lat="54.490756" lon="25.199630"/><trkpt lat="54.490926" lon="25.200012"/><trkpt lat="54.491465" lon="25.201357"/><trkpt lat="54.491781" lon="25.202042"/><trkpt lat="54.491903" lon="25.202564"/><trkpt lat="54.492008" lon="25.203190"/><trkpt lat="54.492041" lon="25.203479"/><trkpt lat="54.492046" lon="25.203656"/><trkpt lat="54.492131" lon="25.203715"/><trkpt lat="54.492415" lon="25.203658"/><trkpt lat="54.494246" lon="25.203141"/><trkpt lat="54.494808" lon="25.202962"/><trkpt lat="54.495337" lon="25.202763"/><trkpt lat="54.497290" lon="25.202124"/><trkpt lat="54.497526" lon="25.202059"/><trkpt lat="54.497860" lon="25.201998"/><trkpt lat="54.498462" lon="25.201770"/><trkpt lat="54.499243" lon="25.201526"/><trkpt lat="54.499780" lon="25.201412"/><trkpt lat="54.499902" lon="25.201371"/><trkpt lat="54.500122" lon="25.201164"/><trkpt lat="54.500293" lon="25.201131"/><trkpt lat="54.500448" lon="25.201257"/><trkpt lat="54.500610" lon="25.201445"/><trkpt lat="54.500757" lon="25.201660"/><trkpt lat="54.500920" lon="25.201864"/><trkpt lat="54.501310" lon="25.202543"/><trkpt lat="54.501497" lon="25.202767"/><trkpt lat="54.501790" lon="25.203247"/><trkpt lat="54.501921" lon="25.203495"/><trkpt lat="54.502059" lon="25.203703"/><trkpt lat="54.502205" lon="25.203829"/><trkpt lat="54.502336" lon="25.203874"/><trkpt lat="54.502441" lon="25.203764"/><trkpt lat="54.502596" lon="25.203312"/><trkpt lat="54.502702" lon="25.202852"/><trkpt lat="54.502791" lon="25.202629"/><trkpt lat="54.503166" lon="25.201868"/><trkpt lat="54.503450" lon="25.201379"/><trkpt lat="54.503589" lon="25.201095"/><trkpt lat="54.503703" lon="25.200789"/><trkpt lat="54.503800" lon="25.200480"/><trkpt lat="54.503849" lon="25.200220"/><trkpt lat="54.504085" lon="25.199687"/><trkpt lat="54.504329" lon="25.199300"/><trkpt lat="54.504394" lon="25.199088"/><trkpt lat="54.504443" lon="25.198877"/><trkpt lat="54.504525" lon="25.198669"/><trkpt lat="54.504818" lon="25.197986"/><trkpt lat="54.504915" lon="25.197880"/><trkpt lat="54.504972" lon="25.197746"/><trkpt lat="54.505029" lon="25.197481"/><trkpt lat="54.505233" lon="25.196916"/><trkpt lat="54.505282" lon="25.196680"/><trkpt lat="54.505371" lon="25.196488"/><trkpt lat="54.505444" lon="25.196383"/><trkpt lat="54.505778" lon="25.196073"/><trkpt lat="54.505859" lon="25.195919"/><trkpt lat="54.505916" lon="25.195703"/><trkpt lat="54.505957" lon="25.195459"/><trkpt lat="54.505924" lon="25.195190"/><trkpt lat="54.505868" lon="25.194946"/><trkpt lat="54.505770" lon="25.194743"/><trkpt lat="54.505550" lon="25.194181"/><trkpt lat="54.505102" lon="25.193343"/><trkpt lat="54.504972" lon="25.193013"/><trkpt lat="54.504745" lon="25.192371"/><trkpt lat="54.504655" lon="25.192098"/><trkpt lat="54.504639" lon="25.191895"/><trkpt lat="54.504639" lon="25.191707"/><trkpt lat="54.504582" lon="25.191435"/><trkpt lat="54.504370" lon="25.190832"/><trkpt lat="54.504313" lon="25.190621"/><trkpt lat="54.504443" lon="25.189950"/><trkpt lat="54.504549" lon="25.189587"/><trkpt lat="54.505037" lon="25.188578"/><trkpt lat="54.505485" lon="25.187793"/><trkpt lat="54.505542" lon="25.187602"/><trkpt lat="54.505469" lon="25.187390"/><trkpt lat="54.505322" lon="25.187162"/><trkpt lat="54.505159" lon="25.186939"/><trkpt lat="54.504785" lon="25.186540"/><trkpt lat="54.504622" lon="25.186328"/><trkpt lat="54.504509" lon="25.186113"/><trkpt lat="54.504460" lon="25.185864"/><trkpt lat="54.504517" lon="25.185596"/><trkpt lat="54.504688" lon="25.185107"/><trkpt lat="54.505013" lon="25.184701"/><trkpt lat="54.505314" lon="25.184212"/><trkpt lat="54.505330" lon="25.184037"/><trkpt lat="54.505257" lon="25.183879"/><trkpt lat="54.504826" lon="25.183240"/><trkpt lat="54.504826" lon="25.183122"/><trkpt lat="54.504891" lon="25.182967"/><trkpt lat="54.504940" lon="25.182686"/><trkpt lat="54.505013" lon="25.181848"/><trkpt lat="54.505200" lon="25.180465"/><trkpt lat="54.505339" lon="25.179643"/><trkpt lat="54.505387" lon="25.179264"/><trkpt lat="54.505444" lon="25.178678"/><trkpt lat="54.505526" lon="25.178597"/><trkpt lat="54.505640" lon="25.178703"/><trkpt lat="54.505870" lon="25.178758"/><trkpt lat="54.506304" lon="25.179298"/><trkpt lat="54.506503" lon="25.179593"/><trkpt lat="54.506703" lon="25.179854"/><trkpt lat="54.507085" lon="25.180248"/><trkpt lat="54.507195" lon="25.180597"/><trkpt lat="54.507102" lon="25.181301"/></trkseg></trk></gpx>
