<?xml version="1.0" encoding="UTF-8"?><gpx creator="Wikiloc - http://www.wikiloc.com" version="1.1" xmlns="http://www.topografix.com/GPX/1/1" xmlns:xsi="http://www.w3.org/2001/XMLSchema-instance" xsi:schemaLocation="http://www.topografix.com/GPX/1/1 http://www.topografix.com/GPX/1/1/gpx.xsd"><wpt lat="55.601251" lon="26.560309"><ele>0.0</ele><name><![CDATA[Atomine Elektrine]]></name><cmt><![CDATA[Atomine Elektrine]]></cmt></wpt><wpt lat="54.83874" lon="25.741309"><ele>0.0</ele><name><![CDATA[Bezdzioniu tiltas per Neri]]></name><cmt><![CDATA[Bezdzioniu tiltas per Neri]]></cmt></wpt><wpt lat="55.594493" lon="26.438643"><ele>157.794</ele><name><![CDATA[Kuras Visaginas]]></name><cmt><![CDATA[Kuras Visaginas]]></cmt></wpt><wpt lat="54.899779" lon="25.64237"><ele>106.482</ele><name><![CDATA[Old train bridge]]></name><cmt><![CDATA[Old train bridge]]></cmt></wpt><wpt lat="54.685183" lon="25.43075"><ele>0.0</ele><name><![CDATA[Parkavimas Naujoji Vilnia]]></name><cmt><![CDATA[Parkavimas Naujoji Vilnia]]></cmt></wpt><wpt lat="55.394035" lon="25.985006"><ele>154.569</ele><name><![CDATA[Poilsio aikstele 2]]></name><cmt><![CDATA[Poilsio aikstele 2]]></cmt></wpt><wpt lat="55.259131" lon="25.881731"><ele>162.562</ele><name><![CDATA[Poilsio aikstele 3]]></name><cmt><![CDATA[Poilsio aikstele 3]]></cmt></wpt><wpt lat="55.397683" lon="25.984985"><ele>151.492</ele><name><![CDATA[Poilsio aikstele 1]]></name><cmt><![CDATA[Poilsio aikstele 1]]></cmt></wpt><wpt lat="55.248767" lon="25.880443"><ele>158.825</ele><name><![CDATA[Poilsio aikstele 4]]></name><cmt><![CDATA[Poilsio aikstele 4]]></cmt></wpt><wpt lat="54.86655" lon="25.744267"><ele>0.0</ele><name><![CDATA[Punzoniu atodanga]]></name><cmt><![CDATA[Punzoniu atodanga]]></cmt></wpt><wpt lat="55.470803" lon="26.542186"><ele>0.0</ele><name><![CDATA[Pusku piliakalnis]]></name><cmt><![CDATA[Pusku piliakalnis]]></cmt></wpt><wpt lat="54.678267" lon="25.502317"><ele>0.0</ele><name><![CDATA[Tuneliukas po gelezinkeliu]]></name><cmt><![CDATA[Tuneliukas po gelezinkeliu]]></cmt></wpt><wpt lat="55.1258" lon="26.145233"><ele>0.0</ele><name><![CDATA[Viada Svencionys]]></name><cmt><![CDATA[Viada Svencionys]]></cmt></wpt><wpt lat="55.578983" lon="26.400017"><ele>0.0</ele><name><![CDATA[Visagino reakreacijos paslaugu centras]]></name><cmt><![CDATA[Visagino reakreacijos paslaugu centras]]></cmt></wpt><trk><name><![CDATA[300 MW Atomo]]></name><cmt><![CDATA[]]></cmt><desc><![CDATA[]]></desc><trkseg><trkpt lat="54.68513" lon="25.430713"><ele>0.086</ele><time>2023-10-04T17:54:12Z</time></trkpt><trkpt lat="54.685596" lon="25.430662"><ele>0.060</ele><time>2023-10-04T17:54:52Z</time></trkpt><trkpt lat="54.685632" lon="25.430881"><ele>0.026</ele><time>2023-10-04T17:55:32Z</time></trkpt><trkpt lat="54.685653" lon="25.430972"><ele>0.009</ele><time>2023-10-04T17:56:12Z</time></trkpt><trkpt lat="54.685668" lon="25.432035"><ele>0.039</ele><time>2023-10-04T17:56:52Z</time></trkpt><trkpt lat="54.685618" lon="25.432927"><ele>0.012</ele><time>2023-10-04T17:57:32Z</time></trkpt><trkpt lat="54.685596" lon="25.433569"><ele>0.097</ele><time>2023-10-04T17:58:12Z</time></trkpt><trkpt lat="54.685597" lon="25.434242"><ele>0.059</ele><time>2023-10-04T17:58:52Z</time></trkpt><trkpt lat="54.685584" lon="25.434923"><ele>0.084</ele><time>2023-10-04T17:59:32Z</time></trkpt><trkpt lat="54.685575" lon="25.435526"><ele>0.042</ele><time>2023-10-04T18:00:12Z</time></trkpt><trkpt lat="54.685571" lon="25.43573"><ele>0.095</ele><time>2023-10-04T18:00:52Z</time></trkpt><trkpt lat="54.685464" lon="25.436357"><ele>0.082</ele><time>2023-10-04T18:01:32Z</time></trkpt><trkpt lat="54.685397" lon="25.43667"><ele>0.030</ele><time>2023-10-04T18:02:12Z</time></trkpt><trkpt lat="54.68535" lon="25.436891"><ele>0.024</ele><time>2023-10-04T18:02:52Z</time></trkpt><trkpt lat="54.685423" lon="25.437022"><ele>0.004</ele><time>2023-10-04T18:03:32Z</time></trkpt><trkpt lat="54.685603" lon="25.437334"><ele>0.014</ele><time>2023-10-04T18:04:12Z</time></trkpt><trkpt lat="54.685814" lon="25.437592"><ele>0.009</ele><time>2023-10-04T18:04:52Z</time></trkpt><trkpt lat="54.685972" lon="25.437788"><ele>0.093</ele><time>2023-10-04T18:05:32Z</time></trkpt><trkpt lat="54.686084" lon="25.437889"><ele>0.076</ele><time>2023-10-04T18:06:12Z</time></trkpt><trkpt lat="54.686515" lon="25.438053"><ele>0.031</ele><time>2023-10-04T18:06:52Z</time></trkpt><trkpt lat="54.686785" lon="25.438201"><ele>0.053</ele><time>2023-10-04T18:07:32Z</time></trkpt><trkpt lat="54.68705" lon="25.438365"><ele>0.018</ele><time>2023-10-04T18:08:12Z</time></trkpt><trkpt lat="54.68723" lon="25.43845"><ele>0.026</ele><time>2023-10-04T18:08:52Z</time></trkpt><trkpt lat="54.687684" lon="25.438512"><ele>0.089</ele><time>2023-10-04T18:09:32Z</time></trkpt><trkpt lat="54.688128" lon="25.438597"><ele>0.036</ele><time>2023-10-04T18:10:12Z</time></trkpt><trkpt lat="54.688793" lon="25.438775"><ele>0.054</ele><time>2023-10-04T18:10:52Z</time></trkpt><trkpt lat="54.689557" lon="25.438938"><ele>0.028</ele><time>2023-10-04T18:11:32Z</time></trkpt><trkpt lat="54.689836" lon="25.439023"><ele>0.089</ele><time>2023-10-04T18:12:12Z</time></trkpt><trkpt lat="54.690227" lon="25.439132"><ele>0.017</ele><time>2023-10-04T18:12:52Z</time></trkpt><trkpt lat="54.690605" lon="25.439125"><ele>0.009</ele><time>2023-10-04T18:13:32Z</time></trkpt><trkpt lat="54.690644" lon="25.43928"><ele>0.083</ele><time>2023-10-04T18:14:12Z</time></trkpt><trkpt lat="54.690631" lon="25.43946"><ele>0.076</ele><time>2023-10-04T18:14:52Z</time></trkpt><trkpt lat="54.690618" lon="25.439687"><ele>0.091</ele><time>2023-10-04T18:15:32Z</time></trkpt><trkpt lat="54.690537" lon="25.440149"><ele>0.043</ele><time>2023-10-04T18:16:12Z</time></trkpt><trkpt lat="54.690461" lon="25.440643"><ele>0.048</ele><time>2023-10-04T18:16:52Z</time></trkpt><trkpt lat="54.690394" lon="25.441027"><ele>0.026</ele><time>2023-10-04T18:17:32Z</time></trkpt><trkpt lat="54.690197" lon="25.44181"><ele>0.079</ele><time>2023-10-04T18:18:12Z</time></trkpt><trkpt lat="54.689942" lon="25.442735"><ele>0.016</ele><time>2023-10-04T18:18:52Z</time></trkpt><trkpt lat="54.689812" lon="25.443299"><ele>0.074</ele><time>2023-10-04T18:19:32Z</time></trkpt><trkpt lat="54.689714" lon="25.443761"><ele>0.027</ele><time>2023-10-04T18:20:12Z</time></trkpt><trkpt lat="54.689647" lon="25.444043"><ele>0.068</ele><time>2023-10-04T18:20:52Z</time></trkpt><trkpt lat="54.689624" lon="25.444333"><ele>0.014</ele><time>2023-10-04T18:21:32Z</time></trkpt><trkpt lat="54.689593" lon="25.444545"><ele>0.009</ele><time>2023-10-04T18:22:12Z</time></trkpt><trkpt lat="54.689508" lon="25.444772"><ele>0.033</ele><time>2023-10-04T18:22:52Z</time></trkpt><trkpt lat="54.689414" lon="25.444929"><ele>0.056</ele><time>2023-10-04T18:23:32Z</time></trkpt><trkpt lat="54.689341" lon="25.444985"><ele>0.091</ele><time>2023-10-04T18:24:12Z</time></trkpt><trkpt lat="54.689248" lon="25.445133"><ele>0.013</ele><time>2023-10-04T18:24:52Z</time></trkpt><trkpt lat="54.689127" lon="25.445352"><ele>0.058</ele><time>2023-10-04T18:25:32Z</time></trkpt><trkpt lat="54.689068" lon="25.44547"><ele>0.046</ele><time>2023-10-04T18:26:12Z</time></trkpt><trkpt lat="54.689005" lon="25.445525"><ele>0.099</ele><time>2023-10-04T18:26:52Z</time></trkpt><trkpt lat="54.688902" lon="25.445619"><ele>0.036</ele><time>2023-10-04T18:27:32Z</time></trkpt><trkpt lat="54.688745" lon="25.445627"><ele>0.014</ele><time>2023-10-04T18:28:12Z</time></trkpt><trkpt lat="54.688628" lon="25.445667"><ele>0.038</ele><time>2023-10-04T18:28:52Z</time></trkpt><trkpt lat="54.688516" lon="25.44569"><ele>0.070</ele><time>2023-10-04T18:29:32Z</time></trkpt><trkpt lat="54.688421" lon="25.44574"><ele>0.017</ele><time>2023-10-04T18:30:12Z</time></trkpt><trkpt lat="54.688354" lon="25.445876"><ele>0.009</ele><time>2023-10-04T18:30:52Z</time></trkpt><trkpt lat="54.688259" lon="25.44615"><ele>0.064</ele><time>2023-10-04T18:31:32Z</time></trkpt><trkpt lat="54.688134" lon="25.446566"><ele>0.027</ele><time>2023-10-04T18:32:12Z</time></trkpt><trkpt lat="54.687937" lon="25.447224"><ele>0.012</ele><time>2023-10-04T18:32:52Z</time></trkpt><trkpt lat="54.687816" lon="25.4476"><ele>0.034</ele><time>2023-10-04T18:33:32Z</time></trkpt><trkpt lat="54.687623" lon="25.448243"><ele>0.059</ele><time>2023-10-04T18:34:12Z</time></trkpt><trkpt lat="54.687431" lon="25.448916"><ele>0.037</ele><time>2023-10-04T18:34:52Z</time></trkpt><trkpt lat="54.687278" lon="25.44941"><ele>0.010</ele><time>2023-10-04T18:35:32Z</time></trkpt><trkpt lat="54.687117" lon="25.449904"><ele>0.097</ele><time>2023-10-04T18:36:12Z</time></trkpt><trkpt lat="54.686965" lon="25.450406"><ele>0.065</ele><time>2023-10-04T18:36:52Z</time></trkpt><trkpt lat="54.686871" lon="25.450711"><ele>0.016</ele><time>2023-10-04T18:37:32Z</time></trkpt><trkpt lat="54.686772" lon="25.451072"><ele>0.076</ele><time>2023-10-04T18:38:12Z</time></trkpt><trkpt lat="54.686705" lon="25.451346"><ele>0.013</ele><time>2023-10-04T18:38:52Z</time></trkpt><trkpt lat="54.686683" lon="25.451581"><ele>0.009</ele><time>2023-10-04T18:39:32Z</time></trkpt><trkpt lat="54.686701" lon="25.45191"><ele>0.072</ele><time>2023-10-04T18:40:12Z</time></trkpt><trkpt lat="54.68675" lon="25.45248"><ele>0.055</ele><time>2023-10-04T18:40:52Z</time></trkpt><trkpt lat="54.686823" lon="25.453404"><ele>0.030</ele><time>2023-10-04T18:41:32Z</time></trkpt><trkpt lat="54.686897" lon="25.45425"><ele>0.012</ele><time>2023-10-04T18:42:12Z</time></trkpt><trkpt lat="54.686833" lon="25.454555"><ele>0.087</ele><time>2023-10-04T18:42:52Z</time></trkpt><trkpt lat="54.686734" lon="25.455033"><ele>0.025</ele><time>2023-10-04T18:43:32Z</time></trkpt><trkpt lat="54.686618" lon="25.455425"><ele>0.048</ele><time>2023-10-04T18:44:12Z</time></trkpt><trkpt lat="54.686461" lon="25.45606"><ele>0.065</ele><time>2023-10-04T18:44:52Z</time></trkpt><trkpt lat="54.686336" lon="25.456553"><ele>0.093</ele><time>2023-10-04T18:45:32Z</time></trkpt><trkpt lat="54.686188" lon="25.457047"><ele>0.083</ele><time>2023-10-04T18:46:12Z</time></trkpt><trkpt lat="54.686031" lon="25.457642"><ele>0.025</ele><time>2023-10-04T18:46:52Z</time></trkpt><trkpt lat="54.685838" lon="25.458219"><ele>0.017</ele><time>2023-10-04T18:47:32Z</time></trkpt><trkpt lat="54.685685" lon="25.458697"><ele>0.009</ele><time>2023-10-04T18:48:12Z</time></trkpt><trkpt lat="54.685524" lon="25.459176"><ele>0.079</ele><time>2023-10-04T18:48:52Z</time></trkpt><trkpt lat="54.685407" lon="25.45956"><ele>0.072</ele><time>2023-10-04T18:49:32Z</time></trkpt><trkpt lat="54.685295" lon="25.459936"><ele>0.067</ele><time>2023-10-04T18:50:12Z</time></trkpt><trkpt lat="54.68513" lon="25.460555"><ele>0.029</ele><time>2023-10-04T18:50:52Z</time></trkpt><trkpt lat="54.685054" lon="25.460813"><ele>0.044</ele><time>2023-10-04T18:51:32Z</time></trkpt><trkpt lat="54.684951" lon="25.46119"><ele>0.072</ele><time>2023-10-04T18:52:12Z</time></trkpt><trkpt lat="54.68487" lon="25.461675"><ele>0.015</ele><time>2023-10-04T18:52:52Z</time></trkpt><trkpt lat="54.684803" lon="25.462145"><ele>0.042</ele><time>2023-10-04T18:53:32Z</time></trkpt><trkpt lat="54.684754" lon="25.462584"><ele>0.070</ele><time>2023-10-04T18:54:12Z</time></trkpt><trkpt lat="54.684701" lon="25.463007"><ele>0.095</ele><time>2023-10-04T18:54:52Z</time></trkpt><trkpt lat="54.684692" lon="25.463625"><ele>0.049</ele><time>2023-10-04T18:55:32Z</time></trkpt><trkpt lat="54.684684" lon="25.464158"><ele>0.023</ele><time>2023-10-04T18:56:12Z</time></trkpt><trkpt lat="54.684711" lon="25.464542"><ele>0.009</ele><time>2023-10-04T18:56:52Z</time></trkpt><trkpt lat="54.684707" lon="25.465082"><ele>0.070</ele><time>2023-10-04T18:57:32Z</time></trkpt><trkpt lat="54.684658" lon="25.465889"><ele>0.013</ele><time>2023-10-04T18:58:12Z</time></trkpt><trkpt lat="54.684631" lon="25.466476"><ele>0.048</ele><time>2023-10-04T18:58:52Z</time></trkpt><trkpt lat="54.684578" lon="25.46686"><ele>0.020</ele><time>2023-10-04T18:59:32Z</time></trkpt><trkpt lat="54.684568" lon="25.46724"><ele>0.025</ele><time>2023-10-04T19:00:12Z</time></trkpt><trkpt lat="54.684559" lon="25.467491"><ele>0.073</ele><time>2023-10-04T19:00:52Z</time></trkpt><trkpt lat="54.684506" lon="25.467757"><ele>0.016</ele><time>2023-10-04T19:01:32Z</time></trkpt><trkpt lat="54.684452" lon="25.468055"><ele>0.023</ele><time>2023-10-04T19:02:12Z</time></trkpt><trkpt lat="54.684375" lon="25.468393"><ele>0.071</ele><time>2023-10-04T19:02:52Z</time></trkpt><trkpt lat="54.684314" lon="25.46912"><ele>0.035</ele><time>2023-10-04T19:03:32Z</time></trkpt><trkpt lat="54.684247" lon="25.469622"><ele>0.086</ele><time>2023-10-04T19:04:12Z</time></trkpt><trkpt lat="54.68422" lon="25.46999"><ele>0.014</ele><time>2023-10-04T19:04:52Z</time></trkpt><trkpt lat="54.684243" lon="25.470248"><ele>0.009</ele><time>2023-10-04T19:05:32Z</time></trkpt><trkpt lat="54.684238" lon="25.47053"><ele>0.084</ele><time>2023-10-04T19:06:12Z</time></trkpt><trkpt lat="54.684189" lon="25.470914"><ele>0.097</ele><time>2023-10-04T19:06:52Z</time></trkpt><trkpt lat="54.684068" lon="25.471416"><ele>0.052</ele><time>2023-10-04T19:07:32Z</time></trkpt><trkpt lat="54.683954" lon="25.471896"><ele>0.014</ele><time>2023-10-04T19:08:12Z</time></trkpt><trkpt lat="54.683858" lon="25.472317"><ele>0.089</ele><time>2023-10-04T19:08:52Z</time></trkpt><trkpt lat="54.683822" lon="25.472622"><ele>0.097</ele><time>2023-10-04T19:09:32Z</time></trkpt><trkpt lat="54.683791" lon="25.472935"><ele>0.070</ele><time>2023-10-04T19:10:12Z</time></trkpt><trkpt lat="54.68371" lon="25.473319"><ele>0.037</ele><time>2023-10-04T19:10:52Z</time></trkpt><trkpt lat="54.683675" lon="25.47375"><ele>0.015</ele><time>2023-10-04T19:11:32Z</time></trkpt><trkpt lat="54.683617" lon="25.474283"><ele>0.068</ele><time>2023-10-04T19:12:12Z</time></trkpt><trkpt lat="54.683559" lon="25.474737"><ele>0.042</ele><time>2023-10-04T19:12:52Z</time></trkpt><trkpt lat="54.683447" lon="25.475458"><ele>0.026</ele><time>2023-10-04T19:13:32Z</time></trkpt><trkpt lat="54.683281" lon="25.4761"><ele>0.009</ele><time>2023-10-04T19:14:12Z</time></trkpt><trkpt lat="54.683111" lon="25.476954"><ele>0.077</ele><time>2023-10-04T19:14:52Z</time></trkpt><trkpt lat="54.683" lon="25.477518"><ele>0.080</ele><time>2023-10-04T19:15:32Z</time></trkpt><trkpt lat="54.682919" lon="25.477927"><ele>0.085</ele><time>2023-10-04T19:16:12Z</time></trkpt><trkpt lat="54.682748" lon="25.478632"><ele>0.037</ele><time>2023-10-04T19:16:52Z</time></trkpt><trkpt lat="54.682605" lon="25.479353"><ele>0.082</ele><time>2023-10-04T19:17:32Z</time></trkpt><trkpt lat="54.682516" lon="25.479698"><ele>0.020</ele><time>2023-10-04T19:18:12Z</time></trkpt><trkpt lat="54.682399" lon="25.480262"><ele>0.033</ele><time>2023-10-04T19:18:52Z</time></trkpt><trkpt lat="54.682344" lon="25.480563"><ele>0.060</ele><time>2023-10-04T19:19:32Z</time></trkpt><trkpt lat="54.68231" lon="25.480654"><ele>0.078</ele><time>2023-10-04T19:20:12Z</time></trkpt><trkpt lat="54.682269" lon="25.480701"><ele>0.035</ele><time>2023-10-04T19:20:52Z</time></trkpt><trkpt lat="54.682197" lon="25.48076"><ele>0.086</ele><time>2023-10-04T19:21:32Z</time></trkpt><trkpt lat="54.682143" lon="25.480804"><ele>0.014</ele><time>2023-10-04T19:22:12Z</time></trkpt><trkpt lat="54.682105" lon="25.48087"><ele>0.009</ele><time>2023-10-04T19:22:52Z</time></trkpt><trkpt lat="54.682073" lon="25.480933"><ele>0.054</ele><time>2023-10-04T19:23:32Z</time></trkpt><trkpt lat="54.682071" lon="25.481021"><ele>0.047</ele><time>2023-10-04T19:24:12Z</time></trkpt><trkpt lat="54.682073" lon="25.481086"><ele>0.072</ele><time>2023-10-04T19:24:52Z</time></trkpt><trkpt lat="54.68205" lon="25.481165"><ele>0.044</ele><time>2023-10-04T19:25:32Z</time></trkpt><trkpt lat="54.682068" lon="25.48124"><ele>0.049</ele><time>2023-10-04T19:26:12Z</time></trkpt><trkpt lat="54.682077" lon="25.481368"><ele>0.097</ele><time>2023-10-04T19:26:52Z</time></trkpt><trkpt lat="54.682081" lon="25.481531"><ele>0.060</ele><time>2023-10-04T19:27:32Z</time></trkpt><trkpt lat="54.68209" lon="25.4817"><ele>0.087</ele><time>2023-10-04T19:28:12Z</time></trkpt><trkpt lat="54.682106" lon="25.481873"><ele>0.055</ele><time>2023-10-04T19:28:52Z</time></trkpt><trkpt lat="54.682111" lon="25.482001"><ele>0.013</ele><time>2023-10-04T19:29:32Z</time></trkpt><trkpt lat="54.682117" lon="25.482085"><ele>0.043</ele><time>2023-10-04T19:30:12Z</time></trkpt><trkpt lat="54.682121" lon="25.482208"><ele>0.007</ele><time>2023-10-04T19:30:52Z</time></trkpt><trkpt lat="54.682119" lon="25.482302"><ele>0.009</ele><time>2023-10-04T19:31:32Z</time></trkpt><trkpt lat="54.68213" lon="25.482396"><ele>0.022</ele><time>2023-10-04T19:32:12Z</time></trkpt><trkpt lat="54.682135" lon="25.482468"><ele>0.045</ele><time>2023-10-04T19:32:52Z</time></trkpt><trkpt lat="54.682115" lon="25.482643"><ele>0.050</ele><time>2023-10-04T19:33:32Z</time></trkpt><trkpt lat="54.682097" lon="25.482847"><ele>0.042</ele><time>2023-10-04T19:34:12Z</time></trkpt><trkpt lat="54.682083" lon="25.483035"><ele>0.047</ele><time>2023-10-04T19:34:52Z</time></trkpt><trkpt lat="54.68206" lon="25.483279"><ele>0.055</ele><time>2023-10-04T19:35:32Z</time></trkpt><trkpt lat="54.68204" lon="25.48348"><ele>0.098</ele><time>2023-10-04T19:36:12Z</time></trkpt><trkpt lat="54.682008" lon="25.483671"><ele>0.065</ele><time>2023-10-04T19:36:52Z</time></trkpt><trkpt lat="54.681967" lon="25.483965"><ele>0.083</ele><time>2023-10-04T19:37:32Z</time></trkpt><trkpt lat="54.681924" lon="25.484178"><ele>0.059</ele><time>2023-10-04T19:38:12Z</time></trkpt><trkpt lat="54.681924" lon="25.484351"><ele>0.003</ele><time>2023-10-04T19:38:52Z</time></trkpt><trkpt lat="54.681925" lon="25.484677"><ele>0.023</ele><time>2023-10-04T19:39:32Z</time></trkpt><trkpt lat="54.68194" lon="25.48523"><ele>0.009</ele><time>2023-10-04T19:40:12Z</time></trkpt><trkpt lat="54.681949" lon="25.485546"><ele>0.036</ele><time>2023-10-04T19:40:52Z</time></trkpt><trkpt lat="54.681956" lon="25.485872"><ele>0.059</ele><time>2023-10-04T19:41:32Z</time></trkpt><trkpt lat="54.681962" lon="25.486069"><ele>0.064</ele><time>2023-10-04T19:42:12Z</time></trkpt><trkpt lat="54.68198" lon="25.486216"><ele>0.086</ele><time>2023-10-04T19:42:52Z</time></trkpt><trkpt lat="54.681991" lon="25.486389"><ele>0.071</ele><time>2023-10-04T19:43:32Z</time></trkpt><trkpt lat="54.681989" lon="25.486555"><ele>0.059</ele><time>2023-10-04T19:44:12Z</time></trkpt><trkpt lat="54.681977" lon="25.48673"><ele>0.042</ele><time>2023-10-04T19:44:52Z</time></trkpt><trkpt lat="54.681964" lon="25.486937"><ele>0.069</ele><time>2023-10-04T19:45:32Z</time></trkpt><trkpt lat="54.681949" lon="25.487159"><ele>0.077</ele><time>2023-10-04T19:46:12Z</time></trkpt><trkpt lat="54.681947" lon="25.487263"><ele>0.067</ele><time>2023-10-04T19:46:52Z</time></trkpt><trkpt lat="54.681952" lon="25.487331"><ele>0.081</ele><time>2023-10-04T19:47:32Z</time></trkpt><trkpt lat="54.681963" lon="25.4874"><ele>0.019</ele><time>2023-10-04T19:48:12Z</time></trkpt><trkpt lat="54.681985" lon="25.487457"><ele>0.009</ele><time>2023-10-04T19:48:52Z</time></trkpt><trkpt lat="54.682008" lon="25.487513"><ele>0.057</ele><time>2023-10-04T19:49:32Z</time></trkpt><trkpt lat="54.681954" lon="25.487588"><ele>0.010</ele><time>2023-10-04T19:50:12Z</time></trkpt><trkpt lat="54.681897" lon="25.487674"><ele>0.025</ele><time>2023-10-04T19:50:52Z</time></trkpt><trkpt lat="54.681866" lon="25.487828"><ele>0.027</ele><time>2023-10-04T19:51:32Z</time></trkpt><trkpt lat="54.681809" lon="25.48801"><ele>0.062</ele><time>2023-10-04T19:52:12Z</time></trkpt><trkpt lat="54.681728" lon="25.488304"><ele>0.020</ele><time>2023-10-04T19:52:52Z</time></trkpt><trkpt lat="54.681666" lon="25.488483"><ele>0.093</ele><time>2023-10-04T19:53:32Z</time></trkpt><trkpt lat="54.681599" lon="25.488687"><ele>0.020</ele><time>2023-10-04T19:54:12Z</time></trkpt><trkpt lat="54.681528" lon="25.488903"><ele>0.088</ele><time>2023-10-04T19:54:52Z</time></trkpt><trkpt lat="54.681463" lon="25.489035"><ele>0.046</ele><time>2023-10-04T19:55:32Z</time></trkpt><trkpt lat="54.681373" lon="25.489232"><ele>0.088</ele><time>2023-10-04T19:56:12Z</time></trkpt><trkpt lat="54.681298" lon="25.489377"><ele>0.016</ele><time>2023-10-04T19:56:52Z</time></trkpt><trkpt lat="54.681212" lon="25.489524"><ele>0.009</ele><time>2023-10-04T19:57:32Z</time></trkpt><trkpt lat="54.681144" lon="25.489611"><ele>0.025</ele><time>2023-10-04T19:58:12Z</time></trkpt><trkpt lat="54.681062" lon="25.489702"><ele>0.048</ele><time>2023-10-04T19:58:52Z</time></trkpt><trkpt lat="54.681019" lon="25.489742"><ele>0.043</ele><time>2023-10-04T19:59:32Z</time></trkpt><trkpt lat="54.680923" lon="25.489749"><ele>0.065</ele><time>2023-10-04T20:00:12Z</time></trkpt><trkpt lat="54.680844" lon="25.489762"><ele>0.090</ele><time>2023-10-04T20:00:52Z</time></trkpt><trkpt lat="54.680819" lon="25.489784"><ele>0.028</ele><time>2023-10-04T20:01:32Z</time></trkpt><trkpt lat="54.680747" lon="25.489868"><ele>0.051</ele><time>2023-10-04T20:02:12Z</time></trkpt><trkpt lat="54.680697" lon="25.489953"><ele>0.018</ele><time>2023-10-04T20:02:52Z</time></trkpt><trkpt lat="54.680624" lon="25.490107"><ele>0.076</ele><time>2023-10-04T20:03:32Z</time></trkpt><trkpt lat="54.680564" lon="25.490251"><ele>0.034</ele><time>2023-10-04T20:04:12Z</time></trkpt><trkpt lat="54.680509" lon="25.490414"><ele>0.055</ele><time>2023-10-04T20:04:52Z</time></trkpt><trkpt lat="54.680459" lon="25.490527"><ele>0.010</ele><time>2023-10-04T20:05:32Z</time></trkpt><trkpt lat="54.680399" lon="25.490665"><ele>0.009</ele><time>2023-10-04T20:06:12Z</time></trkpt><trkpt lat="54.680337" lon="25.490809"><ele>0.024</ele><time>2023-10-04T20:06:52Z</time></trkpt><trkpt lat="54.680308" lon="25.4909"><ele>0.037</ele><time>2023-10-04T20:07:32Z</time></trkpt><trkpt lat="54.680267" lon="25.49105"><ele>0.032</ele><time>2023-10-04T20:08:12Z</time></trkpt><trkpt lat="54.680226" lon="25.491129"><ele>0.074</ele><time>2023-10-04T20:08:52Z</time></trkpt><trkpt lat="54.680154" lon="25.491323"><ele>0.069</ele><time>2023-10-04T20:09:32Z</time></trkpt><trkpt lat="54.680057" lon="25.491595"><ele>0.087</ele><time>2023-10-04T20:10:12Z</time></trkpt><trkpt lat="54.679957" lon="25.491896"><ele>0.090</ele><time>2023-10-04T20:10:52Z</time></trkpt><trkpt lat="54.679892" lon="25.492094"><ele>0.047</ele><time>2023-10-04T20:11:32Z</time></trkpt><trkpt lat="54.679824" lon="25.492269"><ele>0.025</ele><time>2023-10-04T20:12:12Z</time></trkpt><trkpt lat="54.679779" lon="25.492438"><ele>0.055</ele><time>2023-10-04T20:12:52Z</time></trkpt><trkpt lat="54.679551" lon="25.493336"><ele>0.007</ele><time>2023-10-04T20:13:32Z</time></trkpt><trkpt lat="54.679349" lon="25.49401"><ele>0.017</ele><time>2023-10-04T20:14:12Z</time></trkpt><trkpt lat="54.67922" lon="25.494535"><ele>0.009</ele><time>2023-10-04T20:14:52Z</time></trkpt><trkpt lat="54.679117" lon="25.495021"><ele>0.046</ele><time>2023-10-04T20:15:32Z</time></trkpt><trkpt lat="54.678987" lon="25.495961"><ele>0.099</ele><time>2023-10-04T20:16:12Z</time></trkpt><trkpt lat="54.678835" lon="25.496611"><ele>0.064</ele><time>2023-10-04T20:16:52Z</time></trkpt><trkpt lat="54.678678" lon="25.49741"><ele>0.066</ele><time>2023-10-04T20:17:32Z</time></trkpt><trkpt lat="54.678584" lon="25.497857"><ele>0.061</ele><time>2023-10-04T20:18:12Z</time></trkpt><trkpt lat="54.678585" lon="25.498115"><ele>0.079</ele><time>2023-10-04T20:18:52Z</time></trkpt><trkpt lat="54.678634" lon="25.498264"><ele>0.062</ele><time>2023-10-04T20:19:32Z</time></trkpt><trkpt lat="54.678625" lon="25.498499"><ele>0.069</ele><time>2023-10-04T20:20:12Z</time></trkpt><trkpt lat="54.678576" lon="25.498703"><ele>0.057</ele><time>2023-10-04T20:20:52Z</time></trkpt><trkpt lat="54.678495" lon="25.498993"><ele>0.051</ele><time>2023-10-04T20:21:32Z</time></trkpt><trkpt lat="54.678505" lon="25.499259"><ele>0.001</ele><time>2023-10-04T20:22:12Z</time></trkpt><trkpt lat="54.678523" lon="25.499384"><ele>0.011</ele><time>2023-10-04T20:22:52Z</time></trkpt><trkpt lat="54.678599" lon="25.49947"><ele>0.009</ele><time>2023-10-04T20:23:32Z</time></trkpt><trkpt lat="54.678676" lon="25.499619"><ele>0.076</ele><time>2023-10-04T20:24:12Z</time></trkpt><trkpt lat="54.678721" lon="25.499791"><ele>0.089</ele><time>2023-10-04T20:24:52Z</time></trkpt><trkpt lat="54.678694" lon="25.500002"><ele>0.044</ele><time>2023-10-04T20:25:32Z</time></trkpt><trkpt lat="54.678649" lon="25.500214"><ele>0.016</ele><time>2023-10-04T20:26:12Z</time></trkpt><trkpt lat="54.678582" lon="25.500488"><ele>0.081</ele><time>2023-10-04T20:26:52Z</time></trkpt><trkpt lat="54.678439" lon="25.500841"><ele>0.099</ele><time>2023-10-04T20:27:32Z</time></trkpt><trkpt lat="54.678259" lon="25.501295"><ele>0.022</ele><time>2023-10-04T20:28:12Z</time></trkpt><trkpt lat="54.678084" lon="25.50168"><ele>0.039</ele><time>2023-10-04T20:28:52Z</time></trkpt><trkpt lat="54.677977" lon="25.501993"><ele>0.027</ele><time>2023-10-04T20:29:32Z</time></trkpt><trkpt lat="54.677909" lon="25.502192"><ele>0.015</ele><time>2023-10-04T20:30:12Z</time></trkpt><trkpt lat="54.678026" lon="25.502142"><ele>0.065</ele><time>2023-10-04T20:30:52Z</time></trkpt><trkpt lat="54.678161" lon="25.502196"><ele>0.011</ele><time>2023-10-04T20:31:32Z</time></trkpt><trkpt lat="54.6783" lon="25.50229"><ele>0.009</ele><time>2023-10-04T20:32:12Z</time></trkpt><trkpt lat="54.678431" lon="25.502407"><ele>0.072</ele><time>2023-10-04T20:32:52Z</time></trkpt><trkpt lat="54.678428" lon="25.502388"><ele>0.045</ele><time>2023-10-04T20:33:32Z</time></trkpt><trkpt lat="54.678466" lon="25.502648"><ele>0.040</ele><time>2023-10-04T20:34:12Z</time></trkpt><trkpt lat="54.678449" lon="25.502814"><ele>0.022</ele><time>2023-10-04T20:34:52Z</time></trkpt><trkpt lat="54.678391" lon="25.503128"><ele>0.037</ele><time>2023-10-04T20:35:32Z</time></trkpt><trkpt lat="54.678306" lon="25.50348"><ele>0.015</ele><time>2023-10-04T20:36:12Z</time></trkpt><trkpt lat="54.678139" lon="25.503925"><ele>0.078</ele><time>2023-10-04T20:36:52Z</time></trkpt><trkpt lat="54.677942" lon="25.504576"><ele>0.025</ele><time>2023-10-04T20:37:32Z</time></trkpt><trkpt lat="54.677758" lon="25.505109"><ele>0.043</ele><time>2023-10-04T20:38:12Z</time></trkpt><trkpt lat="54.67752" lon="25.505744"><ele>0.056</ele><time>2023-10-04T20:38:52Z</time></trkpt><trkpt lat="54.677363" lon="25.506143"><ele>0.059</ele><time>2023-10-04T20:39:32Z</time></trkpt><trkpt lat="54.677162" lon="25.506598"><ele>0.014</ele><time>2023-10-04T20:40:12Z</time></trkpt><trkpt lat="54.676762" lon="25.507288"><ele>0.009</ele><time>2023-10-04T20:40:52Z</time></trkpt><trkpt lat="54.676453" lon="25.507923"><ele>0.096</ele><time>2023-10-04T20:41:32Z</time></trkpt><trkpt lat="54.676054" lon="25.50866"><ele>0.099</ele><time>2023-10-04T20:42:12Z</time></trkpt><trkpt lat="54.675753" lon="25.509264"><ele>0.014</ele><time>2023-10-04T20:42:52Z</time></trkpt><trkpt lat="54.675372" lon="25.509946"><ele>0.066</ele><time>2023-10-04T20:43:32Z</time></trkpt><trkpt lat="54.674997" lon="25.51057"><ele>0.021</ele><time>2023-10-04T20:44:12Z</time></trkpt><trkpt lat="54.674733" lon="25.511111"><ele>0.039</ele><time>2023-10-04T20:44:52Z</time></trkpt><trkpt lat="54.674621" lon="25.511416"><ele>0.082</ele><time>2023-10-04T20:45:32Z</time></trkpt><trkpt lat="54.674432" lon="25.511675"><ele>0.019</ele><time>2023-10-04T20:46:12Z</time></trkpt><trkpt lat="54.674163" lon="25.512177"><ele>0.077</ele><time>2023-10-04T20:46:52Z</time></trkpt><trkpt lat="54.673307" lon="25.513689"><ele>0.083</ele><time>2023-10-04T20:47:32Z</time></trkpt><trkpt lat="54.67289" lon="25.514434"><ele>0.025</ele><time>2023-10-04T20:48:12Z</time></trkpt><trkpt lat="54.67272" lon="25.514834"><ele>0.017</ele><time>2023-10-04T20:48:52Z</time></trkpt><trkpt lat="54.672594" lon="25.514952"><ele>0.009</ele><time>2023-10-04T20:49:32Z</time></trkpt><trkpt lat="54.672491" lon="25.515015"><ele>0.039</ele><time>2023-10-04T20:50:12Z</time></trkpt><trkpt lat="54.672374" lon="25.515172"><ele>0.052</ele><time>2023-10-04T20:50:52Z</time></trkpt><trkpt lat="54.672182" lon="25.515548"><ele>0.027</ele><time>2023-10-04T20:51:32Z</time></trkpt><trkpt lat="54.671962" lon="25.515995"><ele>0.079</ele><time>2023-10-04T20:52:12Z</time></trkpt><trkpt lat="54.671679" lon="25.516544"><ele>0.064</ele><time>2023-10-04T20:52:52Z</time></trkpt><trkpt lat="54.671535" lon="25.516804"><ele>0.082</ele><time>2023-10-04T20:53:32Z</time></trkpt><trkpt lat="54.671612" lon="25.516959"><ele>0.015</ele><time>2023-10-04T20:54:12Z</time></trkpt><trkpt lat="54.671743" lon="25.517193"><ele>0.072</ele><time>2023-10-04T20:54:52Z</time></trkpt><trkpt lat="54.671855" lon="25.517381"><ele>0.040</ele><time>2023-10-04T20:55:32Z</time></trkpt><trkpt lat="54.672012" lon="25.517396"><ele>0.083</ele><time>2023-10-04T20:56:12Z</time></trkpt><trkpt lat="54.672174" lon="25.517404"><ele>0.025</ele><time>2023-10-04T20:56:52Z</time></trkpt><trkpt lat="54.672268" lon="25.517451"><ele>0.017</ele><time>2023-10-04T20:57:32Z</time></trkpt><trkpt lat="54.672349" lon="25.517544"><ele>0.009</ele><time>2023-10-04T20:58:12Z</time></trkpt><trkpt lat="54.672399" lon="25.517677"><ele>0.079</ele><time>2023-10-04T20:58:52Z</time></trkpt><trkpt lat="54.672453" lon="25.518069"><ele>0.092</ele><time>2023-10-04T20:59:32Z</time></trkpt><trkpt lat="54.672575" lon="25.51875"><ele>0.067</ele><time>2023-10-04T21:00:12Z</time></trkpt><trkpt lat="54.672652" lon="25.519274"><ele>0.099</ele><time>2023-10-04T21:00:52Z</time></trkpt><trkpt lat="54.672665" lon="25.519525"><ele>0.074</ele><time>2023-10-04T21:01:32Z</time></trkpt><trkpt lat="54.67267" lon="25.519877"><ele>0.012</ele><time>2023-10-04T21:02:12Z</time></trkpt><trkpt lat="54.672715" lon="25.520269"><ele>0.085</ele><time>2023-10-04T21:02:52Z</time></trkpt><trkpt lat="54.673056" lon="25.52197"><ele>0.022</ele><time>2023-10-04T21:03:32Z</time></trkpt><trkpt lat="54.673214" lon="25.522588"><ele>0.060</ele><time>2023-10-04T21:04:12Z</time></trkpt><trkpt lat="54.673273" lon="25.522987"><ele>0.074</ele><time>2023-10-04T21:04:52Z</time></trkpt><trkpt lat="54.673421" lon="25.523551"><ele>0.056</ele><time>2023-10-04T21:05:32Z</time></trkpt><trkpt lat="54.67357" lon="25.524239"><ele>0.021</ele><time>2023-10-04T21:06:12Z</time></trkpt><trkpt lat="54.673678" lon="25.524639"><ele>0.009</ele><time>2023-10-04T21:06:52Z</time></trkpt><trkpt lat="54.673746" lon="25.524936"><ele>0.098</ele><time>2023-10-04T21:07:32Z</time></trkpt><trkpt lat="54.673858" lon="25.525382"><ele>0.061</ele><time>2023-10-04T21:08:12Z</time></trkpt><trkpt lat="54.673985" lon="25.525867"><ele>0.036</ele><time>2023-10-04T21:08:52Z</time></trkpt><trkpt lat="54.674102" lon="25.526211"><ele>0.018</ele><time>2023-10-04T21:09:32Z</time></trkpt><trkpt lat="54.674192" lon="25.52654"><ele>0.073</ele><time>2023-10-04T21:10:12Z</time></trkpt><trkpt lat="54.674255" lon="25.526838"><ele>0.091</ele><time>2023-10-04T21:10:52Z</time></trkpt><trkpt lat="54.674341" lon="25.527237"><ele>0.054</ele><time>2023-10-04T21:11:32Z</time></trkpt><trkpt lat="54.674453" lon="25.527675"><ele>0.031</ele><time>2023-10-04T21:12:12Z</time></trkpt><trkpt lat="54.674534" lon="25.528168"><ele>0.059</ele><time>2023-10-04T21:12:52Z</time></trkpt><trkpt lat="54.674562" lon="25.528591"><ele>0.029</ele><time>2023-10-04T21:13:32Z</time></trkpt><trkpt lat="54.67463" lon="25.529264"><ele>0.000</ele><time>2023-10-04T21:14:12Z</time></trkpt><trkpt lat="54.674788" lon="25.530266"><ele>0.020</ele><time>2023-10-04T21:14:52Z</time></trkpt><trkpt lat="54.674864" lon="25.530916"><ele>0.009</ele><time>2023-10-04T21:15:32Z</time></trkpt><trkpt lat="54.674959" lon="25.531605"><ele>0.053</ele><time>2023-10-04T21:16:12Z</time></trkpt><trkpt lat="54.675018" lon="25.532145"><ele>0.086</ele><time>2023-10-04T21:16:52Z</time></trkpt><trkpt lat="54.675073" lon="25.532795"><ele>0.051</ele><time>2023-10-04T21:17:32Z</time></trkpt><trkpt lat="54.675127" lon="25.53328"><ele>0.053</ele><time>2023-10-04T21:18:12Z</time></trkpt><trkpt lat="54.675216" lon="25.533911"><ele>0.088</ele><time>2023-10-04T21:18:52Z</time></trkpt><trkpt lat="54.675338" lon="25.534686"><ele>0.056</ele><time>2023-10-04T21:19:32Z</time></trkpt><trkpt lat="54.67549" lon="25.535479"><ele>0.029</ele><time>2023-10-04T21:20:12Z</time></trkpt><trkpt lat="54.675321" lon="25.535594"><ele>0.056</ele><time>2023-10-04T21:20:52Z</time></trkpt><trkpt lat="54.675037" lon="25.535741"><ele>0.094</ele><time>2023-10-04T21:21:32Z</time></trkpt><trkpt lat="54.674448" lon="25.535867"><ele>0.097</ele><time>2023-10-04T21:22:12Z</time></trkpt><trkpt lat="54.673622" lon="25.535955"><ele>0.023</ele><time>2023-10-04T21:22:52Z</time></trkpt><trkpt lat="54.672679" lon="25.536083"><ele>0.025</ele><time>2023-10-04T21:23:32Z</time></trkpt><trkpt lat="54.672005" lon="25.536194"><ele>0.009</ele><time>2023-10-04T21:24:12Z</time></trkpt><trkpt lat="54.671197" lon="25.536298"><ele>0.010</ele><time>2023-10-04T21:24:52Z</time></trkpt><trkpt lat="54.671087" lon="25.536374"><ele>0.023</ele><time>2023-10-04T21:25:32Z</time></trkpt><trkpt lat="54.671121" lon="25.536815"><ele>0.088</ele><time>2023-10-04T21:26:12Z</time></trkpt><trkpt lat="54.67113" lon="25.537199"><ele>0.020</ele><time>2023-10-04T21:26:52Z</time></trkpt><trkpt lat="54.671148" lon="25.537457"><ele>0.065</ele><time>2023-10-04T21:27:32Z</time></trkpt><trkpt lat="54.671175" lon="25.537747"><ele>0.093</ele><time>2023-10-04T21:28:12Z</time></trkpt><trkpt lat="54.671243" lon="25.53806"><ele>0.086</ele><time>2023-10-04T21:28:52Z</time></trkpt><trkpt lat="54.671405" lon="25.538553"><ele>0.053</ele><time>2023-10-04T21:29:32Z</time></trkpt><trkpt lat="54.671502" lon="25.539083"><ele>0.091</ele><time>2023-10-04T21:30:12Z</time></trkpt><trkpt lat="54.670895" lon="25.539648"><ele>0.044</ele><time>2023-10-04T21:30:52Z</time></trkpt><trkpt lat="54.670383" lon="25.540151"><ele>0.005</ele><time>2023-10-04T21:31:32Z</time></trkpt><trkpt lat="54.670172" lon="25.540285"><ele>0.015</ele><time>2023-10-04T21:32:12Z</time></trkpt><trkpt lat="54.669899" lon="25.540591"><ele>0.009</ele><time>2023-10-04T21:32:52Z</time></trkpt><trkpt lat="54.669607" lon="25.540881"><ele>0.025</ele><time>2023-10-04T21:33:32Z</time></trkpt><trkpt lat="54.669396" lon="25.540983"><ele>0.048</ele><time>2023-10-04T21:34:12Z</time></trkpt><trkpt lat="54.669266" lon="25.541078"><ele>0.083</ele><time>2023-10-04T21:34:52Z</time></trkpt><trkpt lat="54.66914" lon="25.54125"><ele>0.015</ele><time>2023-10-04T21:35:32Z</time></trkpt><trkpt lat="54.66901" lon="25.541446"><ele>0.010</ele><time>2023-10-04T21:36:12Z</time></trkpt><trkpt lat="54.668601" lon="25.541847"><ele>0.088</ele><time>2023-10-04T21:36:52Z</time></trkpt><trkpt lat="54.66835" lon="25.542035"><ele>0.071</ele><time>2023-10-04T21:37:32Z</time></trkpt><trkpt lat="54.668022" lon="25.542373"><ele>0.078</ele><time>2023-10-04T21:38:12Z</time></trkpt><trkpt lat="54.66778" lon="25.542592"><ele>0.076</ele><time>2023-10-04T21:38:52Z</time></trkpt><trkpt lat="54.66765" lon="25.542796"><ele>0.099</ele><time>2023-10-04T21:39:32Z</time></trkpt><trkpt lat="54.667497" lon="25.543008"><ele>0.007</ele><time>2023-10-04T21:40:12Z</time></trkpt><trkpt lat="54.667161" lon="25.543338"><ele>0.027</ele><time>2023-10-04T21:40:52Z</time></trkpt><trkpt lat="54.666743" lon="25.543629"><ele>0.009</ele><time>2023-10-04T21:41:32Z</time></trkpt><trkpt lat="54.666179" lon="25.544139"><ele>0.070</ele><time>2023-10-04T21:42:12Z</time></trkpt><trkpt lat="54.666254" lon="25.54453"><ele>0.093</ele><time>2023-10-04T21:42:52Z</time></trkpt><trkpt lat="54.666358" lon="25.545047"><ele>0.078</ele><time>2023-10-04T21:43:32Z</time></trkpt><trkpt lat="54.66652" lon="25.545571"><ele>0.090</ele><time>2023-10-04T21:44:12Z</time></trkpt><trkpt lat="54.666615" lon="25.546002"><ele>0.065</ele><time>2023-10-04T21:44:52Z</time></trkpt><trkpt lat="54.666705" lon="25.546424"><ele>0.013</ele><time>2023-10-04T21:45:32Z</time></trkpt><trkpt lat="54.666827" lon="25.546714"><ele>0.046</ele><time>2023-10-04T21:46:12Z</time></trkpt><trkpt lat="54.666908" lon="25.547113"><ele>0.073</ele><time>2023-10-04T21:46:52Z</time></trkpt><trkpt lat="54.667002" lon="25.54752"><ele>0.071</ele><time>2023-10-04T21:47:32Z</time></trkpt><trkpt lat="54.667066" lon="25.547731"><ele>0.037</ele><time>2023-10-04T21:48:12Z</time></trkpt><trkpt lat="54.667191" lon="25.547935"><ele>0.049</ele><time>2023-10-04T21:48:52Z</time></trkpt><trkpt lat="54.667331" lon="25.548028"><ele>0.013</ele><time>2023-10-04T21:49:32Z</time></trkpt><trkpt lat="54.667475" lon="25.548122"><ele>0.009</ele><time>2023-10-04T21:50:12Z</time></trkpt><trkpt lat="54.667605" lon="25.548247"><ele>0.084</ele><time>2023-10-04T21:50:52Z</time></trkpt><trkpt lat="54.667699" lon="25.548395"><ele>0.047</ele><time>2023-10-04T21:51:32Z</time></trkpt><trkpt lat="54.667767" lon="25.548481"><ele>0.072</ele><time>2023-10-04T21:52:12Z</time></trkpt><trkpt lat="54.667758" lon="25.548779"><ele>0.074</ele><time>2023-10-04T21:52:52Z</time></trkpt><trkpt lat="54.66771" lon="25.549053"><ele>0.089</ele><time>2023-10-04T21:53:32Z</time></trkpt><trkpt lat="54.667628" lon="25.549331"><ele>0.067</ele><time>2023-10-04T21:54:12Z</time></trkpt><trkpt lat="54.667561" lon="25.549731"><ele>0.010</ele><time>2023-10-04T21:54:52Z</time></trkpt><trkpt lat="54.667516" lon="25.549974"><ele>0.027</ele><time>2023-10-04T21:55:32Z</time></trkpt><trkpt lat="54.667453" lon="25.550209"><ele>0.035</ele><time>2023-10-04T21:56:12Z</time></trkpt><trkpt lat="54.667395" lon="25.550538"><ele>0.091</ele><time>2023-10-04T21:56:52Z</time></trkpt><trkpt lat="54.667341" lon="25.550882"><ele>0.081</ele><time>2023-10-04T21:57:32Z</time></trkpt><trkpt lat="54.667283" lon="25.551102"><ele>0.019</ele><time>2023-10-04T21:58:12Z</time></trkpt><trkpt lat="54.667234" lon="25.551329"><ele>0.009</ele><time>2023-10-04T21:58:52Z</time></trkpt><trkpt lat="54.667104" lon="25.551674"><ele>0.030</ele><time>2023-10-04T21:59:32Z</time></trkpt><trkpt lat="54.66697" lon="25.552019"><ele>0.023</ele><time>2023-10-04T22:00:12Z</time></trkpt><trkpt lat="54.666826" lon="25.552434"><ele>0.038</ele><time>2023-10-04T22:00:52Z</time></trkpt><trkpt lat="54.666723" lon="25.552826"><ele>0.040</ele><time>2023-10-04T22:01:32Z</time></trkpt><trkpt lat="54.666593" lon="25.553218"><ele>0.045</ele><time>2023-10-04T22:02:12Z</time></trkpt><trkpt lat="54.666513" lon="25.553594"><ele>0.063</ele><time>2023-10-04T22:02:52Z</time></trkpt><trkpt lat="54.666454" lon="25.553892"><ele>0.066</ele><time>2023-10-04T22:03:32Z</time></trkpt><trkpt lat="54.666401" lon="25.554111"><ele>0.073</ele><time>2023-10-04T22:04:12Z</time></trkpt><trkpt lat="54.666212" lon="25.55437"><ele>0.021</ele><time>2023-10-04T22:04:52Z</time></trkpt><trkpt lat="54.666064" lon="25.554527"><ele>0.094</ele><time>2023-10-04T22:05:32Z</time></trkpt><trkpt lat="54.665913" lon="25.554725"><ele>0.057</ele><time>2023-10-04T22:06:12Z</time></trkpt><trkpt lat="54.66576" lon="25.554882"><ele>0.022</ele><time>2023-10-04T22:06:52Z</time></trkpt><trkpt lat="54.665563" lon="25.555172"><ele>0.009</ele><time>2023-10-04T22:07:32Z</time></trkpt><trkpt lat="54.665415" lon="25.555345"><ele>0.050</ele><time>2023-10-04T22:08:12Z</time></trkpt><trkpt lat="54.665294" lon="25.555455"><ele>0.083</ele><time>2023-10-04T22:08:52Z</time></trkpt><trkpt lat="54.665132" lon="25.555612"><ele>0.058</ele><time>2023-10-04T22:09:32Z</time></trkpt><trkpt lat="54.664935" lon="25.555792"><ele>0.070</ele><time>2023-10-04T22:10:12Z</time></trkpt><trkpt lat="54.664742" lon="25.556082"><ele>0.055</ele><time>2023-10-04T22:10:52Z</time></trkpt><trkpt lat="54.664571" lon="25.556357"><ele>0.033</ele><time>2023-10-04T22:11:32Z</time></trkpt><trkpt lat="54.664365" lon="25.556577"><ele>0.016</ele><time>2023-10-04T22:12:12Z</time></trkpt><trkpt lat="54.664253" lon="25.556921"><ele>0.013</ele><time>2023-10-04T22:12:52Z</time></trkpt><trkpt lat="54.66402" lon="25.557729"><ele>0.041</ele><time>2023-10-04T22:13:32Z</time></trkpt><trkpt lat="54.663845" lon="25.558277"><ele>0.074</ele><time>2023-10-04T22:14:12Z</time></trkpt><trkpt lat="54.66367" lon="25.558794"><ele>0.056</ele><time>2023-10-04T22:14:52Z</time></trkpt><trkpt lat="54.663388" lon="25.559743"><ele>0.021</ele><time>2023-10-04T22:15:32Z</time></trkpt><trkpt lat="54.663164" lon="25.56044"><ele>0.009</ele><time>2023-10-04T22:16:12Z</time></trkpt><trkpt lat="54.663007" lon="25.560957"><ele>0.068</ele><time>2023-10-04T22:16:52Z</time></trkpt><trkpt lat="54.662877" lon="25.561333"><ele>0.031</ele><time>2023-10-04T22:17:32Z</time></trkpt><trkpt lat="54.662859" lon="25.561508"><ele>0.046</ele><time>2023-10-04T22:18:12Z</time></trkpt><trkpt lat="54.662833" lon="25.561608"><ele>0.088</ele><time>2023-10-04T22:18:52Z</time></trkpt><trkpt lat="54.662918" lon="25.561983"><ele>0.023</ele><time>2023-10-04T22:19:32Z</time></trkpt><trkpt lat="54.662999" lon="25.562367"><ele>0.061</ele><time>2023-10-04T22:20:12Z</time></trkpt><trkpt lat="54.663103" lon="25.562805"><ele>0.014</ele><time>2023-10-04T22:20:52Z</time></trkpt><trkpt lat="54.663166" lon="25.563056"><ele>0.091</ele><time>2023-10-04T22:21:32Z</time></trkpt><trkpt lat="54.663225" lon="25.563165"><ele>0.039</ele><time>2023-10-04T22:22:12Z</time></trkpt><trkpt lat="54.66336" lon="25.563494"><ele>0.029</ele><time>2023-10-04T22:22:52Z</time></trkpt><trkpt lat="54.66349" lon="25.564026"><ele>0.000</ele><time>2023-10-04T22:23:32Z</time></trkpt><trkpt lat="54.663648" lon="25.564566"><ele>0.020</ele><time>2023-10-04T22:24:12Z</time></trkpt><trkpt lat="54.663778" lon="25.565027"><ele>0.009</ele><time>2023-10-04T22:24:52Z</time></trkpt><trkpt lat="54.663905" lon="25.56545"><ele>0.063</ele><time>2023-10-04T22:25:32Z</time></trkpt><trkpt lat="54.66404" lon="25.56592"><ele>0.046</ele><time>2023-10-04T22:26:12Z</time></trkpt><trkpt lat="54.664157" lon="25.566319"><ele>0.021</ele><time>2023-10-04T22:26:52Z</time></trkpt><trkpt lat="54.664238" lon="25.566538"><ele>0.093</ele><time>2023-10-04T22:27:32Z</time></trkpt><trkpt lat="54.664314" lon="25.566639"><ele>0.018</ele><time>2023-10-04T22:28:12Z</time></trkpt><trkpt lat="54.664386" lon="25.56671"><ele>0.046</ele><time>2023-10-04T22:28:52Z</time></trkpt><trkpt lat="54.664472" lon="25.566741"><ele>0.089</ele><time>2023-10-04T22:29:32Z</time></trkpt><trkpt lat="54.664523" lon="25.566756"><ele>0.076</ele><time>2023-10-04T22:30:12Z</time></trkpt><trkpt lat="54.664144" lon="25.567266"><ele>0.014</ele><time>2023-10-04T22:30:52Z</time></trkpt><trkpt lat="54.663852" lon="25.567658"><ele>0.022</ele><time>2023-10-04T22:31:32Z</time></trkpt><trkpt lat="54.663592" lon="25.567957"><ele>0.062</ele><time>2023-10-04T22:32:12Z</time></trkpt><trkpt lat="54.663377" lon="25.568263"><ele>0.008</ele><time>2023-10-04T22:32:52Z</time></trkpt><trkpt lat="54.663229" lon="25.568404"><ele>0.009</ele><time>2023-10-04T22:33:32Z</time></trkpt><trkpt lat="54.663118" lon="25.5685"><ele>0.073</ele><time>2023-10-04T22:34:12Z</time></trkpt><trkpt lat="54.66297" lon="25.568751"><ele>0.056</ele><time>2023-10-04T22:34:52Z</time></trkpt><trkpt lat="54.662898" lon="25.569009"><ele>0.051</ele><time>2023-10-04T22:35:32Z</time></trkpt><trkpt lat="54.66279" lon="25.569182"><ele>0.093</ele><time>2023-10-04T22:36:12Z</time></trkpt><trkpt lat="54.662548" lon="25.569551"><ele>0.028</ele><time>2023-10-04T22:36:52Z</time></trkpt><trkpt lat="54.66244" lon="25.569786"><ele>0.056</ele><time>2023-10-04T22:37:32Z</time></trkpt><trkpt lat="54.662274" lon="25.57006"><ele>0.099</ele><time>2023-10-04T22:38:12Z</time></trkpt><trkpt lat="54.661933" lon="25.570453"><ele>0.056</ele><time>2023-10-04T22:38:52Z</time></trkpt><trkpt lat="54.661816" lon="25.570611"><ele>0.084</ele><time>2023-10-04T22:39:32Z</time></trkpt><trkpt lat="54.661583" lon="25.570947"><ele>0.034</ele><time>2023-10-04T22:40:12Z</time></trkpt><trkpt lat="54.661283" lon="25.571363"><ele>0.055</ele><time>2023-10-04T22:40:52Z</time></trkpt><trkpt lat="54.661018" lon="25.5717"><ele>0.010</ele><time>2023-10-04T22:41:32Z</time></trkpt><trkpt lat="54.660726" lon="25.572116"><ele>0.009</ele><time>2023-10-04T22:42:12Z</time></trkpt><trkpt lat="54.660502" lon="25.572429"><ele>0.044</ele><time>2023-10-04T22:42:52Z</time></trkpt><trkpt lat="54.660139" lon="25.572877"><ele>0.057</ele><time>2023-10-04T22:43:32Z</time></trkpt><trkpt lat="54.659848" lon="25.573238"><ele>0.042</ele><time>2023-10-04T22:44:12Z</time></trkpt><trkpt lat="54.659561" lon="25.573599"><ele>0.064</ele><time>2023-10-04T22:44:52Z</time></trkpt><trkpt lat="54.659255" lon="25.573968"><ele>0.099</ele><time>2023-10-04T22:45:32Z</time></trkpt><trkpt lat="54.659" lon="25.57425"><ele>0.027</ele><time>2023-10-04T22:46:12Z</time></trkpt><trkpt lat="54.658861" lon="25.574446"><ele>0.050</ele><time>2023-10-04T22:46:52Z</time></trkpt><trkpt lat="54.65873" lon="25.574572"><ele>0.027</ele><time>2023-10-04T22:47:32Z</time></trkpt><trkpt lat="54.658555" lon="25.57465"><ele>0.045</ele><time>2023-10-04T22:48:12Z</time></trkpt><trkpt lat="54.658398" lon="25.574737"><ele>0.098</ele><time>2023-10-04T22:48:52Z</time></trkpt><trkpt lat="54.658277" lon="25.574933"><ele>0.015</ele><time>2023-10-04T22:49:32Z</time></trkpt><trkpt lat="54.658196" lon="25.575082"><ele>0.026</ele><time>2023-10-04T22:50:12Z</time></trkpt><trkpt lat="54.657989" lon="25.57518"><ele>0.009</ele><time>2023-10-04T22:50:52Z</time></trkpt><trkpt lat="54.657819" lon="25.575173"><ele>0.070</ele><time>2023-10-04T22:51:32Z</time></trkpt><trkpt lat="54.657675" lon="25.575134"><ele>0.083</ele><time>2023-10-04T22:52:12Z</time></trkpt><trkpt lat="54.657527" lon="25.574993"><ele>0.088</ele><time>2023-10-04T22:52:52Z</time></trkpt><trkpt lat="54.657329" lon="25.574876"><ele>0.040</ele><time>2023-10-04T22:53:32Z</time></trkpt><trkpt lat="54.657131" lon="25.574736"><ele>0.015</ele><time>2023-10-04T22:54:12Z</time></trkpt><trkpt lat="54.657019" lon="25.574666"><ele>0.043</ele><time>2023-10-04T22:54:52Z</time></trkpt><trkpt lat="54.656938" lon="25.574658"><ele>0.056</ele><time>2023-10-04T22:55:32Z</time></trkpt><trkpt lat="54.656821" lon="25.574784"><ele>0.093</ele><time>2023-10-04T22:56:12Z</time></trkpt><trkpt lat="54.656754" lon="25.575027"><ele>0.021</ele><time>2023-10-04T22:56:52Z</time></trkpt><trkpt lat="54.656696" lon="25.575144"><ele>0.037</ele><time>2023-10-04T22:57:32Z</time></trkpt><trkpt lat="54.656588" lon="25.575231"><ele>0.049</ele><time>2023-10-04T22:58:12Z</time></trkpt><trkpt lat="54.656444" lon="25.575301"><ele>0.013</ele><time>2023-10-04T22:58:52Z</time></trkpt><trkpt lat="54.65635" lon="25.575419"><ele>0.009</ele><time>2023-10-04T22:59:32Z</time></trkpt><trkpt lat="54.656219" lon="25.575638"><ele>0.074</ele><time>2023-10-04T23:00:12Z</time></trkpt><trkpt lat="54.656102" lon="25.575685"><ele>0.067</ele><time>2023-10-04T23:00:52Z</time></trkpt><trkpt lat="54.655918" lon="25.575889"><ele>0.092</ele><time>2023-10-04T23:01:32Z</time></trkpt><trkpt lat="54.655779" lon="25.576039"><ele>0.014</ele><time>2023-10-04T23:02:12Z</time></trkpt><trkpt lat="54.655618" lon="25.576391"><ele>0.029</ele><time>2023-10-04T23:02:52Z</time></trkpt><trkpt lat="54.655479" lon="25.576791"><ele>0.077</ele><time>2023-10-04T23:03:32Z</time></trkpt><trkpt lat="54.655331" lon="25.577175"><ele>0.060</ele><time>2023-10-04T23:04:12Z</time></trkpt><trkpt lat="54.655246" lon="25.577398"><ele>0.017</ele><time>2023-10-04T23:04:52Z</time></trkpt><trkpt lat="54.655313" lon="25.577449"><ele>0.065</ele><time>2023-10-04T23:05:32Z</time></trkpt><trkpt lat="54.655457" lon="25.577637"><ele>0.038</ele><time>2023-10-04T23:06:12Z</time></trkpt><trkpt lat="54.655583" lon="25.577817"><ele>0.070</ele><time>2023-10-04T23:06:52Z</time></trkpt><trkpt lat="54.655664" lon="25.57795"><ele>0.017</ele><time>2023-10-04T23:07:32Z</time></trkpt><trkpt lat="54.655723" lon="25.578153"><ele>0.009</ele><time>2023-10-04T23:08:12Z</time></trkpt><trkpt lat="54.655799" lon="25.578286"><ele>0.064</ele><time>2023-10-04T23:08:52Z</time></trkpt><trkpt lat="54.655853" lon="25.578623"><ele>0.017</ele><time>2023-10-04T23:09:32Z</time></trkpt><trkpt lat="54.655934" lon="25.579108"><ele>0.052</ele><time>2023-10-04T23:10:12Z</time></trkpt><trkpt lat="54.655998" lon="25.579546"><ele>0.034</ele><time>2023-10-04T23:10:52Z</time></trkpt><trkpt lat="54.65607" lon="25.580024"><ele>0.089</ele><time>2023-10-04T23:11:32Z</time></trkpt><trkpt lat="54.656129" lon="25.580407"><ele>0.017</ele><time>2023-10-04T23:12:12Z</time></trkpt><trkpt lat="54.656237" lon="25.581112"><ele>0.040</ele><time>2023-10-04T23:12:52Z</time></trkpt><trkpt lat="54.65635" lon="25.58184"><ele>0.017</ele><time>2023-10-04T23:13:32Z</time></trkpt><trkpt lat="54.656472" lon="25.582803"><ele>0.075</ele><time>2023-10-04T23:14:12Z</time></trkpt><trkpt lat="54.656535" lon="25.583335"><ele>0.031</ele><time>2023-10-04T23:14:52Z</time></trkpt><trkpt lat="54.656643" lon="25.583977"><ele>0.061</ele><time>2023-10-04T23:15:32Z</time></trkpt><trkpt lat="54.656743" lon="25.584682"><ele>0.007</ele><time>2023-10-04T23:16:12Z</time></trkpt><trkpt lat="54.65682" lon="25.585323"><ele>0.009</ele><time>2023-10-04T23:16:52Z</time></trkpt><trkpt lat="54.656888" lon="25.585827"><ele>0.084</ele><time>2023-10-04T23:17:32Z</time></trkpt><trkpt lat="54.656965" lon="25.586445"><ele>0.057</ele><time>2023-10-04T23:18:12Z</time></trkpt><trkpt lat="54.657005" lon="25.58693"><ele>0.082</ele><time>2023-10-04T23:18:52Z</time></trkpt><trkpt lat="54.657078" lon="25.587384"><ele>0.094</ele><time>2023-10-04T23:19:32Z</time></trkpt><trkpt lat="54.657168" lon="25.588042"><ele>0.029</ele><time>2023-10-04T23:20:12Z</time></trkpt><trkpt lat="54.657308" lon="25.58866"><ele>0.047</ele><time>2023-10-04T23:20:52Z</time></trkpt><trkpt lat="54.657411" lon="25.589122"><ele>0.090</ele><time>2023-10-04T23:21:32Z</time></trkpt><trkpt lat="54.65752" lon="25.589654"><ele>0.047</ele><time>2023-10-04T23:22:12Z</time></trkpt><trkpt lat="54.65761" lon="25.590124"><ele>0.035</ele><time>2023-10-04T23:22:52Z</time></trkpt><trkpt lat="54.657691" lon="25.590594"><ele>0.087</ele><time>2023-10-04T23:23:32Z</time></trkpt><trkpt lat="54.657781" lon="25.591173"><ele>0.042</ele><time>2023-10-04T23:24:12Z</time></trkpt><trkpt lat="54.657903" lon="25.591744"><ele>0.026</ele><time>2023-10-04T23:24:52Z</time></trkpt><trkpt lat="54.65802" lon="25.59241"><ele>0.009</ele><time>2023-10-04T23:25:32Z</time></trkpt><trkpt lat="54.658056" lon="25.592637"><ele>0.019</ele><time>2023-10-04T23:26:12Z</time></trkpt><trkpt lat="54.658156" lon="25.593051"><ele>0.032</ele><time>2023-10-04T23:26:52Z</time></trkpt><trkpt lat="54.658219" lon="25.593411"><ele>0.057</ele><time>2023-10-04T23:27:32Z</time></trkpt><trkpt lat="54.658273" lon="25.593709"><ele>0.039</ele><time>2023-10-04T23:28:12Z</time></trkpt><trkpt lat="54.658336" lon="25.59403"><ele>0.094</ele><time>2023-10-04T23:28:52Z</time></trkpt><trkpt lat="54.658381" lon="25.594257"><ele>0.012</ele><time>2023-10-04T23:29:32Z</time></trkpt><trkpt lat="54.658408" lon="25.594617"><ele>0.095</ele><time>2023-10-04T23:30:12Z</time></trkpt><trkpt lat="54.658436" lon="25.594969"><ele>0.042</ele><time>2023-10-04T23:30:52Z</time></trkpt><trkpt lat="54.65836" lon="25.595925"><ele>0.040</ele><time>2023-10-04T23:31:32Z</time></trkpt><trkpt lat="54.658316" lon="25.596677"><ele>0.031</ele><time>2023-10-04T23:32:12Z</time></trkpt><trkpt lat="54.658272" lon="25.597671"><ele>0.061</ele><time>2023-10-04T23:32:52Z</time></trkpt><trkpt lat="54.658205" lon="25.598823"><ele>0.007</ele><time>2023-10-04T23:33:32Z</time></trkpt><trkpt lat="54.657965" lon="25.60298"><ele>0.009</ele><time>2023-10-04T23:34:12Z</time></trkpt><trkpt lat="54.657846" lon="25.605479"><ele>0.054</ele><time>2023-10-04T23:34:52Z</time></trkpt><trkpt lat="54.657643" lon="25.608412"><ele>0.027</ele><time>2023-10-04T23:35:32Z</time></trkpt><trkpt lat="54.657646" lon="25.608564"><ele>0.042</ele><time>2023-10-04T23:36:12Z</time></trkpt><trkpt lat="54.65753" lon="25.609035"><ele>0.064</ele><time>2023-10-04T23:36:52Z</time></trkpt><trkpt lat="54.657378" lon="25.609638"><ele>0.029</ele><time>2023-10-04T23:37:32Z</time></trkpt><trkpt lat="54.657194" lon="25.610429"><ele>0.077</ele><time>2023-10-04T23:38:12Z</time></trkpt><trkpt lat="54.656981" lon="25.611347"><ele>0.030</ele><time>2023-10-04T23:38:52Z</time></trkpt><trkpt lat="54.656824" lon="25.612029"><ele>0.037</ele><time>2023-10-04T23:39:32Z</time></trkpt><trkpt lat="54.656663" lon="25.612695"><ele>0.045</ele><time>2023-10-04T23:40:12Z</time></trkpt><trkpt lat="54.656466" lon="25.613588"><ele>0.065</ele><time>2023-10-04T23:40:52Z</time></trkpt><trkpt lat="54.656287" lon="25.61434"><ele>0.068</ele><time>2023-10-04T23:41:32Z</time></trkpt><trkpt lat="54.656041" lon="25.61539"><ele>0.014</ele><time>2023-10-04T23:42:12Z</time></trkpt><trkpt lat="54.655849" lon="25.616252"><ele>0.009</ele><time>2023-10-04T23:42:52Z</time></trkpt><trkpt lat="54.655665" lon="25.617059"><ele>0.077</ele><time>2023-10-04T23:43:32Z</time></trkpt><trkpt lat="54.655495" lon="25.617772"><ele>0.080</ele><time>2023-10-04T23:44:12Z</time></trkpt><trkpt lat="54.655276" lon="25.618697"><ele>0.095</ele><time>2023-10-04T23:44:52Z</time></trkpt><trkpt lat="54.65511" lon="25.619363"><ele>0.097</ele><time>2023-10-04T23:45:32Z</time></trkpt><trkpt lat="54.654953" lon="25.61999"><ele>0.052</ele><time>2023-10-04T23:46:12Z</time></trkpt><trkpt lat="54.654895" lon="25.620843"><ele>0.060</ele><time>2023-10-04T23:46:52Z</time></trkpt><trkpt lat="54.654807" lon="25.622629"><ele>0.083</ele><time>2023-10-04T23:47:32Z</time></trkpt><trkpt lat="54.654782" lon="25.623822"><ele>0.070</ele><time>2023-10-04T23:48:12Z</time></trkpt><trkpt lat="54.654898" lon="25.623995"><ele>150.268</ele><time>2021-05-01T15:06:42Z</time></trkpt><trkpt lat="54.655003" lon="25.624143"><ele>149.838</ele><time>2021-05-01T15:06:41Z</time></trkpt><trkpt lat="54.655106" lon="25.624298"><ele>149.970</ele><time>2021-05-01T15:06:40Z</time></trkpt><trkpt lat="54.65532" lon="25.624638"><ele>149.817</ele><time>2021-05-01T15:06:38Z</time></trkpt><trkpt lat="54.655437" lon="25.624827"><ele>150.309</ele><time>2021-05-01T15:06:37Z</time></trkpt><trkpt lat="54.655563" lon="25.625032"><ele>149.894</ele><time>2021-05-01T15:06:36Z</time></trkpt><trkpt lat="54.655701" lon="25.625254"><ele>150.277</ele><time>2021-05-01T15:06:35Z</time></trkpt><trkpt lat="54.655844" lon="25.625487"><ele>149.762</ele><time>2021-05-01T15:06:34Z</time></trkpt><trkpt lat="54.655987" lon="25.625726"><ele>149.854</ele><time>2021-05-01T15:06:33Z</time></trkpt><trkpt lat="54.65613" lon="25.625965"><ele>150.059</ele><time>2021-05-01T15:06:32Z</time></trkpt><trkpt lat="54.656273" lon="25.626204"><ele>149.857</ele><time>2021-05-01T15:06:31Z</time></trkpt><trkpt lat="54.656416" lon="25.62644"><ele>150.030</ele><time>2021-05-01T15:06:30Z</time></trkpt><trkpt lat="54.656558" lon="25.626674"><ele>150.147</ele><time>2021-05-01T15:06:29Z</time></trkpt><trkpt lat="54.656697" lon="25.626906"><ele>149.375</ele><time>2021-05-01T15:06:28Z</time></trkpt><trkpt lat="54.656978" lon="25.627383"><ele>148.917</ele><time>2021-05-01T15:06:26Z</time></trkpt><trkpt lat="54.657118" lon="25.627626"><ele>148.887</ele><time>2021-05-01T15:06:25Z</time></trkpt><trkpt lat="54.657386" lon="25.628112"><ele>148.515</ele><time>2021-05-01T15:06:23Z</time></trkpt><trkpt lat="54.657516" lon="25.628355"><ele>148.809</ele><time>2021-05-01T15:06:22Z</time></trkpt><trkpt lat="54.65777" lon="25.628832"><ele>148.822</ele><time>2021-05-01T15:06:20Z</time></trkpt><trkpt lat="54.657892" lon="25.629063"><ele>149.395</ele><time>2021-05-01T15:06:19Z</time></trkpt><trkpt lat="54.658011" lon="25.629291"><ele>149.150</ele><time>2021-05-01T15:06:18Z</time></trkpt><trkpt lat="54.658238" lon="25.629724"><ele>148.892</ele><time>2021-05-01T15:06:16Z</time></trkpt><trkpt lat="54.658343" lon="25.629927"><ele>148.957</ele><time>2021-05-01T15:06:15Z</time></trkpt><trkpt lat="54.658519" lon="25.630314"><ele>149.655</ele><time>2021-05-01T15:06:13Z</time></trkpt><trkpt lat="54.658682" lon="25.630619"><ele>149.918</ele><time>2021-05-01T15:06:11Z</time></trkpt><trkpt lat="54.658789" lon="25.630705"><ele>149.965</ele><time>2021-05-01T15:06:10Z</time></trkpt><trkpt lat="54.658917" lon="25.630751"><ele>150.593</ele><time>2021-05-01T15:06:09Z</time></trkpt><trkpt lat="54.659218" lon="25.630766"><ele>150.421</ele><time>2021-05-01T15:06:07Z</time></trkpt><trkpt lat="54.65938" lon="25.630738"><ele>151.541</ele><time>2021-05-01T15:06:06Z</time></trkpt><trkpt lat="54.659711" lon="25.6306"><ele>152.105</ele><time>2021-05-01T15:06:04Z</time></trkpt><trkpt lat="54.660045" lon="25.630361"><ele>152.809</ele><time>2021-05-01T15:06:02Z</time></trkpt><trkpt lat="54.660215" lon="25.630224"><ele>152.763</ele><time>2021-05-01T15:06:01Z</time></trkpt><trkpt lat="54.660389" lon="25.630079"><ele>153.436</ele><time>2021-05-01T15:06:00Z</time></trkpt><trkpt lat="54.660744" lon="25.629782"><ele>153.711</ele><time>2021-05-01T15:05:58Z</time></trkpt><trkpt lat="54.660922" lon="25.629637"><ele>153.563</ele><time>2021-05-01T15:05:57Z</time></trkpt><trkpt lat="54.661271" lon="25.629351"><ele>153.518</ele><time>2021-05-01T15:05:55Z</time></trkpt><trkpt lat="54.661446" lon="25.629215"><ele>153.546</ele><time>2021-05-01T15:05:54Z</time></trkpt><trkpt lat="54.66162" lon="25.629084"><ele>153.889</ele><time>2021-05-01T15:05:53Z</time></trkpt><trkpt lat="54.66179" lon="25.628964"><ele>154.376</ele><time>2021-05-01T15:05:52Z</time></trkpt><trkpt lat="54.662122" lon="25.628788"><ele>155.394</ele><time>2021-05-01T15:05:50Z</time></trkpt><trkpt lat="54.662456" lon="25.628698"><ele>155.412</ele><time>2021-05-01T15:05:48Z</time></trkpt><trkpt lat="54.662635" lon="25.62868"><ele>154.732</ele><time>2021-05-01T15:05:47Z</time></trkpt><trkpt lat="54.662825" lon="25.628679"><ele>154.505</ele><time>2021-05-01T15:05:46Z</time></trkpt><trkpt lat="54.663021" lon="25.628688"><ele>153.709</ele><time>2021-05-01T15:05:45Z</time></trkpt><trkpt lat="54.66322" lon="25.6287"><ele>153.242</ele><time>2021-05-01T15:05:44Z</time></trkpt><trkpt lat="54.663421" lon="25.628713"><ele>153.395</ele><time>2021-05-01T15:05:43Z</time></trkpt><trkpt lat="54.663824" lon="25.628744"><ele>152.670</ele><time>2021-05-01T15:05:41Z</time></trkpt><trkpt lat="54.664026" lon="25.628755"><ele>152.262</ele><time>2021-05-01T15:05:40Z</time></trkpt><trkpt lat="54.664426" lon="25.62878"><ele>151.977</ele><time>2021-05-01T15:05:38Z</time></trkpt><trkpt lat="54.664624" lon="25.628782"><ele>151.765</ele><time>2021-05-01T15:05:37Z</time></trkpt><trkpt lat="54.664824" lon="25.628764"><ele>151.018</ele><time>2021-05-01T15:05:36Z</time></trkpt><trkpt lat="54.66522" lon="25.628701"><ele>150.815</ele><time>2021-05-01T15:05:34Z</time></trkpt><trkpt lat="54.665608" lon="25.628607"><ele>150.923</ele><time>2021-05-01T15:05:32Z</time></trkpt><trkpt lat="54.665806" lon="25.628558"><ele>150.848</ele><time>2021-05-01T15:05:31Z</time></trkpt><trkpt lat="54.666004" lon="25.628512"><ele>150.961</ele><time>2021-05-01T15:05:30Z</time></trkpt><trkpt lat="54.666202" lon="25.628468"><ele>150.217</ele><time>2021-05-01T15:05:29Z</time></trkpt><trkpt lat="54.666399" lon="25.62842"><ele>149.809</ele><time>2021-05-01T15:05:28Z</time></trkpt><trkpt lat="54.666778" lon="25.62829"><ele>150.185</ele><time>2021-05-01T15:05:26Z</time></trkpt><trkpt lat="54.667139" lon="25.628063"><ele>149.968</ele><time>2021-05-01T15:05:24Z</time></trkpt><trkpt lat="54.667492" lon="25.627765"><ele>149.423</ele><time>2021-05-01T15:05:22Z</time></trkpt><trkpt lat="54.667857" lon="25.62745"><ele>148.445</ele><time>2021-05-01T15:05:20Z</time></trkpt><trkpt lat="54.66823" lon="25.627165"><ele>147.650</ele><time>2021-05-01T15:05:18Z</time></trkpt><trkpt lat="54.66861" lon="25.626951"><ele>146.928</ele><time>2021-05-01T15:05:16Z</time></trkpt><trkpt lat="54.668992" lon="25.626787"><ele>146.561</ele><time>2021-05-01T15:05:14Z</time></trkpt><trkpt lat="54.66935" lon="25.626631"><ele>147.068</ele><time>2021-05-01T15:05:12Z</time></trkpt><trkpt lat="54.6697" lon="25.62655"><ele>146.686</ele><time>2021-05-01T15:05:10Z</time></trkpt><trkpt lat="54.670067" lon="25.626561"><ele>146.515</ele><time>2021-05-01T15:05:08Z</time></trkpt><trkpt lat="54.670452" lon="25.626624"><ele>146.865</ele><time>2021-05-01T15:05:06Z</time></trkpt><trkpt lat="54.67085" lon="25.626679"><ele>146.511</ele><time>2021-05-01T15:05:04Z</time></trkpt><trkpt lat="54.671263" lon="25.626704"><ele>145.909</ele><time>2021-05-01T15:05:02Z</time></trkpt><trkpt lat="54.671473" lon="25.626712"><ele>146.312</ele><time>2021-05-01T15:05:01Z</time></trkpt><trkpt lat="54.671892" lon="25.626724"><ele>146.355</ele><time>2021-05-01T15:04:59Z</time></trkpt><trkpt lat="54.672314" lon="25.626735"><ele>147.310</ele><time>2021-05-01T15:04:57Z</time></trkpt><trkpt lat="54.672737" lon="25.626751"><ele>147.742</ele><time>2021-05-01T15:04:55Z</time></trkpt><trkpt lat="54.672947" lon="25.626761"><ele>148.197</ele><time>2021-05-01T15:04:54Z</time></trkpt><trkpt lat="54.673367" lon="25.626778"><ele>148.355</ele><time>2021-05-01T15:04:52Z</time></trkpt><trkpt lat="54.673576" lon="25.626786"><ele>149.578</ele><time>2021-05-01T15:04:51Z</time></trkpt><trkpt lat="54.673786" lon="25.626793"><ele>150.055</ele><time>2021-05-01T15:04:50Z</time></trkpt><trkpt lat="54.674208" lon="25.6268"><ele>150.293</ele><time>2021-05-01T15:04:48Z</time></trkpt><trkpt lat="54.674633" lon="25.626804"><ele>150.871</ele><time>2021-05-01T15:04:46Z</time></trkpt><trkpt lat="54.675051" lon="25.626815"><ele>151.041</ele><time>2021-05-01T15:04:44Z</time></trkpt><trkpt lat="54.675259" lon="25.626822"><ele>150.615</ele><time>2021-05-01T15:04:43Z</time></trkpt><trkpt lat="54.67567" lon="25.626845"><ele>151.409</ele><time>2021-05-01T15:04:41Z</time></trkpt><trkpt lat="54.676076" lon="25.6269"><ele>151.828</ele><time>2021-05-01T15:04:39Z</time></trkpt><trkpt lat="54.67648" lon="25.627026"><ele>151.531</ele><time>2021-05-01T15:04:37Z</time></trkpt><trkpt lat="54.676684" lon="25.627104"><ele>151.196</ele><time>2021-05-01T15:04:36Z</time></trkpt><trkpt lat="54.676887" lon="25.627185"><ele>150.948</ele><time>2021-05-01T15:04:35Z</time></trkpt><trkpt lat="54.67709" lon="25.627264"><ele>150.433</ele><time>2021-05-01T15:04:34Z</time></trkpt><trkpt lat="54.677498" lon="25.627414"><ele>151.171</ele><time>2021-05-01T15:04:32Z</time></trkpt><trkpt lat="54.6777" lon="25.627489"><ele>150.734</ele><time>2021-05-01T15:04:31Z</time></trkpt><trkpt lat="54.6779" lon="25.627564"><ele>150.131</ele><time>2021-05-01T15:04:30Z</time></trkpt><trkpt lat="54.678099" lon="25.627639"><ele>149.149</ele><time>2021-05-01T15:04:29Z</time></trkpt><trkpt lat="54.67849" lon="25.627797"><ele>148.797</ele><time>2021-05-01T15:04:27Z</time></trkpt><trkpt lat="54.678689" lon="25.627879"><ele>148.623</ele><time>2021-05-01T15:04:26Z</time></trkpt><trkpt lat="54.678891" lon="25.627954"><ele>148.125</ele><time>2021-05-01T15:04:25Z</time></trkpt><trkpt lat="54.679295" lon="25.628051"><ele>148.109</ele><time>2021-05-01T15:04:23Z</time></trkpt><trkpt lat="54.679699" lon="25.628082"><ele>146.950</ele><time>2021-05-01T15:04:21Z</time></trkpt><trkpt lat="54.679903" lon="25.628084"><ele>146.883</ele><time>2021-05-01T15:04:20Z</time></trkpt><trkpt lat="54.680324" lon="25.628068"><ele>146.218</ele><time>2021-05-01T15:04:18Z</time></trkpt><trkpt lat="54.680744" lon="25.628111"><ele>145.440</ele><time>2021-05-01T15:04:16Z</time></trkpt><trkpt lat="54.681144" lon="25.628236"><ele>144.955</ele><time>2021-05-01T15:04:14Z</time></trkpt><trkpt lat="54.681498" lon="25.628445"><ele>144.663</ele><time>2021-05-01T15:04:12Z</time></trkpt><trkpt lat="54.681645" lon="25.628591"><ele>144.336</ele><time>2021-05-01T15:04:11Z</time></trkpt><trkpt lat="54.681795" lon="25.628748"><ele>144.733</ele><time>2021-05-01T15:04:10Z</time></trkpt><trkpt lat="54.682086" lon="25.629092"><ele>144.821</ele><time>2021-05-01T15:04:08Z</time></trkpt><trkpt lat="54.682393" lon="25.629427"><ele>144.624</ele><time>2021-05-01T15:04:06Z</time></trkpt><trkpt lat="54.682741" lon="25.629717"><ele>144.204</ele><time>2021-05-01T15:04:04Z</time></trkpt><trkpt lat="54.683106" lon="25.629998"><ele>144.214</ele><time>2021-05-01T15:04:02Z</time></trkpt><trkpt lat="54.683465" lon="25.63027"><ele>143.609</ele><time>2021-05-01T15:04:00Z</time></trkpt><trkpt lat="54.68364" lon="25.630403"><ele>143.133</ele><time>2021-05-01T15:03:59Z</time></trkpt><trkpt lat="54.683812" lon="25.63053"><ele>142.586</ele><time>2021-05-01T15:03:58Z</time></trkpt><trkpt lat="54.683982" lon="25.630647"><ele>142.121</ele><time>2021-05-01T15:03:57Z</time></trkpt><trkpt lat="54.684154" lon="25.630753"><ele>142.893</ele><time>2021-05-01T15:03:56Z</time></trkpt><trkpt lat="54.684329" lon="25.630845"><ele>142.798</ele><time>2021-05-01T15:03:55Z</time></trkpt><trkpt lat="54.684695" lon="25.630989"><ele>143.196</ele><time>2021-05-01T15:03:53Z</time></trkpt><trkpt lat="54.685092" lon="25.631109"><ele>143.649</ele><time>2021-05-01T15:03:51Z</time></trkpt><trkpt lat="54.685299" lon="25.631182"><ele>143.866</ele><time>2021-05-01T15:03:50Z</time></trkpt><trkpt lat="54.685506" lon="25.631266"><ele>143.254</ele><time>2021-05-01T15:03:49Z</time></trkpt><trkpt lat="54.685711" lon="25.631357"><ele>143.621</ele><time>2021-05-01T15:03:48Z</time></trkpt><trkpt lat="54.685916" lon="25.631455"><ele>143.441</ele><time>2021-05-01T15:03:47Z</time></trkpt><trkpt lat="54.686325" lon="25.631655"><ele>143.805</ele><time>2021-05-01T15:03:45Z</time></trkpt><trkpt lat="54.68653" lon="25.631757"><ele>143.509</ele><time>2021-05-01T15:03:44Z</time></trkpt><trkpt lat="54.686942" lon="25.63197"><ele>143.973</ele><time>2021-05-01T15:03:42Z</time></trkpt><trkpt lat="54.687348" lon="25.632212"><ele>144.756</ele><time>2021-05-01T15:03:40Z</time></trkpt><trkpt lat="54.687743" lon="25.632499"><ele>145.721</ele><time>2021-05-01T15:03:38Z</time></trkpt><trkpt lat="54.687936" lon="25.632652"><ele>146.563</ele><time>2021-05-01T15:03:37Z</time></trkpt><trkpt lat="54.688127" lon="25.632803"><ele>147.338</ele><time>2021-05-01T15:03:36Z</time></trkpt><trkpt lat="54.688514" lon="25.633078"><ele>148.316</ele><time>2021-05-01T15:03:34Z</time></trkpt><trkpt lat="54.68891" lon="25.633301"><ele>148.879</ele><time>2021-05-01T15:03:32Z</time></trkpt><trkpt lat="54.689113" lon="25.633396"><ele>149.016</ele><time>2021-05-01T15:03:31Z</time></trkpt><trkpt lat="54.68932" lon="25.633488"><ele>149.494</ele><time>2021-05-01T15:03:30Z</time></trkpt><trkpt lat="54.689739" lon="25.633664"><ele>149.683</ele><time>2021-05-01T15:03:28Z</time></trkpt><trkpt lat="54.690161" lon="25.633836"><ele>150.225</ele><time>2021-05-01T15:03:26Z</time></trkpt><trkpt lat="54.690578" lon="25.634"><ele>150.117</ele><time>2021-05-01T15:03:24Z</time></trkpt><trkpt lat="54.690994" lon="25.63415"><ele>150.309</ele><time>2021-05-01T15:03:22Z</time></trkpt><trkpt lat="54.6912" lon="25.634222"><ele>150.029</ele><time>2021-05-01T15:03:21Z</time></trkpt><trkpt lat="54.691403" lon="25.634293"><ele>150.032</ele><time>2021-05-01T15:03:20Z</time></trkpt><trkpt lat="54.691798" lon="25.634422"><ele>149.827</ele><time>2021-05-01T15:03:18Z</time></trkpt><trkpt lat="54.692175" lon="25.634536"><ele>149.919</ele><time>2021-05-01T15:03:16Z</time></trkpt><trkpt lat="54.692354" lon="25.634589"><ele>149.384</ele><time>2021-05-01T15:03:15Z</time></trkpt><trkpt lat="54.692524" lon="25.634635"><ele>148.482</ele><time>2021-05-01T15:03:14Z</time></trkpt><trkpt lat="54.692835" lon="25.634648"><ele>148.375</ele><time>2021-05-01T15:03:12Z</time></trkpt><trkpt lat="54.692975" lon="25.634638"><ele>148.792</ele><time>2021-05-01T15:03:11Z</time></trkpt><trkpt lat="54.69311" lon="25.634677"><ele>149.190</ele><time>2021-05-01T15:03:10Z</time></trkpt><trkpt lat="54.693384" lon="25.634781"><ele>151.353</ele><time>2021-05-01T15:03:08Z</time></trkpt><trkpt lat="54.693532" lon="25.634853"><ele>151.304</ele><time>2021-05-01T15:03:07Z</time></trkpt><trkpt lat="54.693686" lon="25.634938"><ele>151.314</ele><time>2021-05-01T15:03:06Z</time></trkpt><trkpt lat="54.693997" lon="25.635157"><ele>151.309</ele><time>2021-05-01T15:03:04Z</time></trkpt><trkpt lat="54.694294" lon="25.63544"><ele>151.346</ele><time>2021-05-01T15:03:02Z</time></trkpt><trkpt lat="54.694577" lon="25.635758"><ele>151.319</ele><time>2021-05-01T15:03:00Z</time></trkpt><trkpt lat="54.694717" lon="25.635919"><ele>151.374</ele><time>2021-05-01T15:02:59Z</time></trkpt><trkpt lat="54.694995" lon="25.636234"><ele>151.386</ele><time>2021-05-01T15:02:57Z</time></trkpt><trkpt lat="54.695134" lon="25.636391"><ele>151.361</ele><time>2021-05-01T15:02:56Z</time></trkpt><trkpt lat="54.695412" lon="25.636705"><ele>151.339</ele><time>2021-05-01T15:02:54Z</time></trkpt><trkpt lat="54.69555" lon="25.636867"><ele>151.382</ele><time>2021-05-01T15:02:53Z</time></trkpt><trkpt lat="54.695687" lon="25.637031"><ele>151.399</ele><time>2021-05-01T15:02:52Z</time></trkpt><trkpt lat="54.695964" lon="25.637363"><ele>151.337</ele><time>2021-05-01T15:02:50Z</time></trkpt><trkpt lat="54.696105" lon="25.637528"><ele>151.379</ele><time>2021-05-01T15:02:49Z</time></trkpt><trkpt lat="54.696385" lon="25.637865"><ele>151.305</ele><time>2021-05-01T15:02:47Z</time></trkpt><trkpt lat="54.696648" lon="25.638231"><ele>151.325</ele><time>2021-05-01T15:02:45Z</time></trkpt><trkpt lat="54.69677" lon="25.638428"><ele>151.309</ele><time>2021-05-01T15:02:44Z</time></trkpt><trkpt lat="54.696885" lon="25.638636"><ele>151.398</ele><time>2021-05-01T15:02:43Z</time></trkpt><trkpt lat="54.696994" lon="25.638857"><ele>151.381</ele><time>2021-05-01T15:02:42Z</time></trkpt><trkpt lat="54.6972" lon="25.63932"><ele>151.316</ele><time>2021-05-01T15:02:40Z</time></trkpt><trkpt lat="54.697397" lon="25.639789"><ele>151.318</ele><time>2021-05-01T15:02:38Z</time></trkpt><trkpt lat="54.697608" lon="25.640215"><ele>151.373</ele><time>2021-05-01T15:02:36Z</time></trkpt><trkpt lat="54.697722" lon="25.640391"><ele>151.321</ele><time>2021-05-01T15:02:35Z</time></trkpt><trkpt lat="54.697841" lon="25.640542"><ele>151.384</ele><time>2021-05-01T15:02:34Z</time></trkpt><trkpt lat="54.698084" lon="25.640795"><ele>151.371</ele><time>2021-05-01T15:02:32Z</time></trkpt><trkpt lat="54.698207" lon="25.64091"><ele>151.379</ele><time>2021-05-01T15:02:31Z</time></trkpt><trkpt lat="54.69833" lon="25.64103"><ele>151.323</ele><time>2021-05-01T15:02:30Z</time></trkpt><trkpt lat="54.698445" lon="25.641144"><ele>151.283</ele><time>2021-05-01T15:02:29Z</time></trkpt><trkpt lat="54.698544" lon="25.641248"><ele>151.111</ele><time>2021-05-01T15:02:28Z</time></trkpt><trkpt lat="54.69862" lon="25.641335"><ele>150.909</ele><time>2021-05-01T15:02:27Z</time></trkpt><trkpt lat="54.6987" lon="25.641445"><ele>150.673</ele><time>2021-05-01T15:01:30Z</time></trkpt><trkpt lat="54.698777" lon="25.641514"><ele>150.946</ele><time>2021-05-01T15:01:28Z</time></trkpt><trkpt lat="54.698844" lon="25.64156"><ele>150.941</ele><time>2021-05-01T15:01:27Z</time></trkpt><trkpt lat="54.699054" lon="25.641692"><ele>150.813</ele><time>2021-05-01T15:01:25Z</time></trkpt><trkpt lat="54.699189" lon="25.641796"><ele>150.858</ele><time>2021-05-01T15:01:24Z</time></trkpt><trkpt lat="54.69934" lon="25.641923"><ele>151.566</ele><time>2021-05-01T15:01:23Z</time></trkpt><trkpt lat="54.6995" lon="25.642063"><ele>151.819</ele><time>2021-05-01T15:01:22Z</time></trkpt><trkpt lat="54.699828" lon="25.642348"><ele>152.566</ele><time>2021-05-01T15:01:20Z</time></trkpt><trkpt lat="54.699993" lon="25.642489"><ele>152.524</ele><time>2021-05-01T15:01:19Z</time></trkpt><trkpt lat="54.700319" lon="25.642771"><ele>152.471</ele><time>2021-05-01T15:01:17Z</time></trkpt><trkpt lat="54.700485" lon="25.642916"><ele>153.041</ele><time>2021-05-01T15:01:16Z</time></trkpt><trkpt lat="54.700812" lon="25.643208"><ele>154.515</ele><time>2021-05-01T15:01:14Z</time></trkpt><trkpt lat="54.700975" lon="25.643354"><ele>157.209</ele><time>2021-05-01T15:01:13Z</time></trkpt><trkpt lat="54.701139" lon="25.643499"><ele>160.588</ele><time>2021-05-01T15:01:12Z</time></trkpt><trkpt lat="54.70147" lon="25.64379"><ele>164.521</ele><time>2021-05-01T15:01:10Z</time></trkpt><trkpt lat="54.701795" lon="25.64408"><ele>168.576</ele><time>2021-05-01T15:01:08Z</time></trkpt><trkpt lat="54.701953" lon="25.644225"><ele>172.578</ele><time>2021-05-01T15:01:07Z</time></trkpt><trkpt lat="54.702109" lon="25.644369"><ele>176.533</ele><time>2021-05-01T15:01:06Z</time></trkpt><trkpt lat="54.702411" lon="25.644653"><ele>180.511</ele><time>2021-05-01T15:01:04Z</time></trkpt><trkpt lat="54.702559" lon="25.644795"><ele>180.594</ele><time>2021-05-01T15:01:03Z</time></trkpt><trkpt lat="54.702849" lon="25.645088"><ele>180.551</ele><time>2021-05-01T15:01:01Z</time></trkpt><trkpt lat="54.70299" lon="25.645239"><ele>180.589</ele><time>2021-05-01T15:01:00Z</time></trkpt><trkpt lat="54.703128" lon="25.645393"><ele>180.572</ele><time>2021-05-01T15:00:59Z</time></trkpt><trkpt lat="54.703264" lon="25.64555"><ele>180.513</ele><time>2021-05-01T15:00:58Z</time></trkpt><trkpt lat="54.703523" lon="25.645872"><ele>180.514</ele><time>2021-05-01T15:00:56Z</time></trkpt><trkpt lat="54.703649" lon="25.646031"><ele>180.509</ele><time>2021-05-01T15:00:55Z</time></trkpt><trkpt lat="54.70391" lon="25.646324"><ele>180.538</ele><time>2021-05-01T15:00:53Z</time></trkpt><trkpt lat="54.70405" lon="25.646452"><ele>180.591</ele><time>2021-05-01T15:00:52Z</time></trkpt><trkpt lat="54.704198" lon="25.646565"><ele>180.576</ele><time>2021-05-01T15:00:51Z</time></trkpt><trkpt lat="54.70451" lon="25.646765"><ele>180.518</ele><time>2021-05-01T15:00:49Z</time></trkpt><trkpt lat="54.704826" lon="25.646942"><ele>180.543</ele><time>2021-05-01T15:00:47Z</time></trkpt><trkpt lat="54.704983" lon="25.647025"><ele>180.541</ele><time>2021-05-01T15:00:46Z</time></trkpt><trkpt lat="54.705294" lon="25.647182"><ele>180.584</ele><time>2021-05-01T15:00:44Z</time></trkpt><trkpt lat="54.705448" lon="25.647262"><ele>180.521</ele><time>2021-05-01T15:00:43Z</time></trkpt><trkpt lat="54.705599" lon="25.647338"><ele>180.549</ele><time>2021-05-01T15:00:42Z</time></trkpt><trkpt lat="54.705748" lon="25.647418"><ele>180.529</ele><time>2021-05-01T15:00:41Z</time></trkpt><trkpt lat="54.705896" lon="25.647499"><ele>180.500</ele><time>2021-05-01T15:00:40Z</time></trkpt><trkpt lat="54.706191" lon="25.647643"><ele>180.520</ele><time>2021-05-01T15:00:38Z</time></trkpt><trkpt lat="54.70634" lon="25.647717"><ele>180.509</ele><time>2021-05-01T15:00:37Z</time></trkpt><trkpt lat="54.706648" lon="25.647878"><ele>180.523</ele><time>2021-05-01T15:00:35Z</time></trkpt><trkpt lat="54.706808" lon="25.647962"><ele>180.536</ele><time>2021-05-01T15:00:34Z</time></trkpt><trkpt lat="54.707127" lon="25.648129"><ele>180.581</ele><time>2021-05-01T15:00:32Z</time></trkpt><trkpt lat="54.707289" lon="25.648211"><ele>180.573</ele><time>2021-05-01T15:00:31Z</time></trkpt><trkpt lat="54.707623" lon="25.648384"><ele>180.578</ele><time>2021-05-01T15:00:29Z</time></trkpt><trkpt lat="54.707796" lon="25.648472"><ele>180.536</ele><time>2021-05-01T15:00:28Z</time></trkpt><trkpt lat="54.708145" lon="25.648651"><ele>180.559</ele><time>2021-05-01T15:00:26Z</time></trkpt><trkpt lat="54.708322" lon="25.648745"><ele>180.576</ele><time>2021-05-01T15:00:25Z</time></trkpt><trkpt lat="54.708681" lon="25.648929"><ele>180.464</ele><time>2021-05-01T15:00:23Z</time></trkpt><trkpt lat="54.708863" lon="25.649024"><ele>180.321</ele><time>2021-05-01T15:00:22Z</time></trkpt><trkpt lat="54.709217" lon="25.649211"><ele>180.041</ele><time>2021-05-01T15:00:20Z</time></trkpt><trkpt lat="54.709385" lon="25.6493"><ele>179.605</ele><time>2021-05-01T15:00:19Z</time></trkpt><trkpt lat="54.709546" lon="25.649381"><ele>178.909</ele><time>2021-05-01T15:00:18Z</time></trkpt><trkpt lat="54.709844" lon="25.649536"><ele>177.733</ele><time>2021-05-01T15:00:16Z</time></trkpt><trkpt lat="54.710128" lon="25.649691"><ele>175.746</ele><time>2021-05-01T15:00:14Z</time></trkpt><trkpt lat="54.71039" lon="25.649824"><ele>172.341</ele><time>2021-05-01T15:00:12Z</time></trkpt><trkpt lat="54.710611" lon="25.649931"><ele>168.393</ele><time>2021-05-01T15:00:10Z</time></trkpt><trkpt lat="54.710701" lon="25.649974"><ele>164.368</ele><time>2021-05-01T15:00:09Z</time></trkpt><trkpt lat="54.710781" lon="25.650011"><ele>160.336</ele><time>2021-05-01T15:00:08Z</time></trkpt><trkpt lat="54.710896" lon="25.650066"><ele>156.369</ele><time>2021-05-01T15:00:07Z</time></trkpt><trkpt lat="54.710951" lon="25.650098"><ele>156.516</ele><time>2021-05-01T15:00:00Z</time></trkpt><trkpt lat="54.711015" lon="25.650132"><ele>156.834</ele><time>2021-05-01T14:59:58Z</time></trkpt><trkpt lat="54.711067" lon="25.650157"><ele>157.285</ele><time>2021-05-01T14:59:57Z</time></trkpt><trkpt lat="54.711124" lon="25.650183"><ele>156.989</ele><time>2021-05-01T14:59:56Z</time></trkpt><trkpt lat="54.711256" lon="25.650248"><ele>156.917</ele><time>2021-05-01T14:59:54Z</time></trkpt><trkpt lat="54.711429" lon="25.65033"><ele>156.709</ele><time>2021-05-01T14:59:52Z</time></trkpt><trkpt lat="54.711642" lon="25.650417"><ele>156.929</ele><time>2021-05-01T14:59:50Z</time></trkpt><trkpt lat="54.711748" lon="25.650465"><ele>157.512</ele><time>2021-05-01T14:59:49Z</time></trkpt><trkpt lat="54.711849" lon="25.650514"><ele>157.977</ele><time>2021-05-01T14:59:48Z</time></trkpt><trkpt lat="54.711947" lon="25.650563"><ele>158.059</ele><time>2021-05-01T14:59:47Z</time></trkpt><trkpt lat="54.712168" lon="25.650662"><ele>158.494</ele><time>2021-05-01T14:59:45Z</time></trkpt><trkpt lat="54.7123" lon="25.650718"><ele>158.522</ele><time>2021-05-01T14:59:44Z</time></trkpt><trkpt lat="54.712444" lon="25.650783"><ele>159.165</ele><time>2021-05-01T14:59:43Z</time></trkpt><trkpt lat="54.712593" lon="25.650853"><ele>159.272</ele><time>2021-05-01T14:59:42Z</time></trkpt><trkpt lat="54.712747" lon="25.650924"><ele>159.230</ele><time>2021-05-01T14:59:41Z</time></trkpt><trkpt lat="54.713067" lon="25.651064"><ele>159.092</ele><time>2021-05-01T14:59:39Z</time></trkpt><trkpt lat="54.713234" lon="25.651137"><ele>159.273</ele><time>2021-05-01T14:59:38Z</time></trkpt><trkpt lat="54.713405" lon="25.651214"><ele>159.720</ele><time>2021-05-01T14:59:37Z</time></trkpt><trkpt lat="54.713579" lon="25.651293"><ele>159.509</ele><time>2021-05-01T14:59:36Z</time></trkpt><trkpt lat="54.713927" lon="25.651456"><ele>160.090</ele><time>2021-05-01T14:59:34Z</time></trkpt><trkpt lat="54.714252" lon="25.651647"><ele>160.143</ele><time>2021-05-01T14:59:32Z</time></trkpt><trkpt lat="54.714396" lon="25.651773"><ele>160.168</ele><time>2021-05-01T14:59:31Z</time></trkpt><trkpt lat="54.714668" lon="25.652085"><ele>159.660</ele><time>2021-05-01T14:59:29Z</time></trkpt><trkpt lat="54.714815" lon="25.65225"><ele>159.925</ele><time>2021-05-01T14:59:28Z</time></trkpt><trkpt lat="54.714974" lon="25.652403"><ele>159.223</ele><time>2021-05-01T14:59:27Z</time></trkpt><trkpt lat="54.715142" lon="25.652541"><ele>159.196</ele><time>2021-05-01T14:59:26Z</time></trkpt><trkpt lat="54.715318" lon="25.652667"><ele>158.323</ele><time>2021-05-01T14:59:25Z</time></trkpt><trkpt lat="54.715687" lon="25.652882"><ele>157.831</ele><time>2021-05-01T14:59:23Z</time></trkpt><trkpt lat="54.715875" lon="25.65298"><ele>157.519</ele><time>2021-05-01T14:59:22Z</time></trkpt><trkpt lat="54.716059" lon="25.653074"><ele>157.609</ele><time>2021-05-01T14:59:21Z</time></trkpt><trkpt lat="54.716238" lon="25.653166"><ele>157.319</ele><time>2021-05-01T14:59:20Z</time></trkpt><trkpt lat="54.716577" lon="25.653372"><ele>156.609</ele><time>2021-05-01T14:59:18Z</time></trkpt><trkpt lat="54.716874" lon="25.653683"><ele>156.912</ele><time>2021-05-01T14:59:16Z</time></trkpt><trkpt lat="54.717001" lon="25.653882"><ele>157.075</ele><time>2021-05-01T14:59:15Z</time></trkpt><trkpt lat="54.717118" lon="25.654097"><ele>156.880</ele><time>2021-05-01T14:59:14Z</time></trkpt><trkpt lat="54.717228" lon="25.65432"><ele>156.712</ele><time>2021-05-01T14:59:13Z</time></trkpt><trkpt lat="54.717335" lon="25.654541"><ele>156.657</ele><time>2021-05-01T14:59:12Z</time></trkpt><trkpt lat="54.717442" lon="25.654755"><ele>156.535</ele><time>2021-05-01T14:59:11Z</time></trkpt><trkpt lat="54.717551" lon="25.654958"><ele>156.598</ele><time>2021-05-01T14:59:10Z</time></trkpt><trkpt lat="54.717668" lon="25.655139"><ele>157.055</ele><time>2021-05-01T14:59:09Z</time></trkpt><trkpt lat="54.717796" lon="25.655293"><ele>158.083</ele><time>2021-05-01T14:59:08Z</time></trkpt><trkpt lat="54.718097" lon="25.655533"><ele>158.524</ele><time>2021-05-01T14:59:06Z</time></trkpt><trkpt lat="54.718265" lon="25.655629"><ele>158.604</ele><time>2021-05-01T14:59:05Z</time></trkpt><trkpt lat="54.718437" lon="25.65572"><ele>158.614</ele><time>2021-05-01T14:59:04Z</time></trkpt><trkpt lat="54.71879" lon="25.655897"><ele>158.809</ele><time>2021-05-01T14:59:02Z</time></trkpt><trkpt lat="54.718969" lon="25.655992"><ele>158.853</ele><time>2021-05-01T14:59:01Z</time></trkpt><trkpt lat="54.719321" lon="25.656238"><ele>158.246</ele><time>2021-05-01T14:58:59Z</time></trkpt><trkpt lat="54.719494" lon="25.656389"><ele>158.141</ele><time>2021-05-01T14:58:58Z</time></trkpt><trkpt lat="54.719662" lon="25.656554"><ele>158.643</ele><time>2021-05-01T14:58:57Z</time></trkpt><trkpt lat="54.719977" lon="25.656929"><ele>158.888</ele><time>2021-05-01T14:58:55Z</time></trkpt><trkpt lat="54.720265" lon="25.657377"><ele>159.036</ele><time>2021-05-01T14:58:53Z</time></trkpt><trkpt lat="54.720396" lon="25.657631"><ele>159.459</ele><time>2021-05-01T14:58:52Z</time></trkpt><trkpt lat="54.720523" lon="25.657894"><ele>160.066</ele><time>2021-05-01T14:58:51Z</time></trkpt><trkpt lat="54.72077" lon="25.65843"><ele>160.424</ele><time>2021-05-01T14:58:49Z</time></trkpt><trkpt lat="54.720897" lon="25.658698"><ele>160.223</ele><time>2021-05-01T14:58:48Z</time></trkpt><trkpt lat="54.721156" lon="25.659242"><ele>160.683</ele><time>2021-05-01T14:58:46Z</time></trkpt><trkpt lat="54.721423" lon="25.659781"><ele>160.911</ele><time>2021-05-01T14:58:44Z</time></trkpt><trkpt lat="54.72156" lon="25.660048"><ele>161.309</ele><time>2021-05-01T14:58:43Z</time></trkpt><trkpt lat="54.721695" lon="25.660315"><ele>161.013</ele><time>2021-05-01T14:58:42Z</time></trkpt><trkpt lat="54.721824" lon="25.660576"><ele>161.766</ele><time>2021-05-01T14:58:41Z</time></trkpt><trkpt lat="54.721948" lon="25.66084"><ele>161.771</ele><time>2021-05-01T14:58:40Z</time></trkpt><trkpt lat="54.72207" lon="25.661094"><ele>161.683</ele><time>2021-05-01T14:58:39Z</time></trkpt><trkpt lat="54.72219" lon="25.661342"><ele>161.828</ele><time>2021-05-01T14:58:38Z</time></trkpt><trkpt lat="54.722301" lon="25.661596"><ele>162.146</ele><time>2021-05-01T14:58:37Z</time></trkpt><trkpt lat="54.722509" lon="25.662104"><ele>162.319</ele><time>2021-05-01T14:58:35Z</time></trkpt><trkpt lat="54.722715" lon="25.662612"><ele>162.496</ele><time>2021-05-01T14:58:33Z</time></trkpt><trkpt lat="54.722933" lon="25.663118"><ele>162.624</ele><time>2021-05-01T14:58:31Z</time></trkpt><trkpt lat="54.723053" lon="25.663363"><ele>163.073</ele><time>2021-05-01T14:58:30Z</time></trkpt><trkpt lat="54.723292" lon="25.663868"><ele>163.385</ele><time>2021-05-01T14:58:28Z</time></trkpt><trkpt lat="54.723411" lon="25.664126"><ele>164.413</ele><time>2021-05-01T14:58:27Z</time></trkpt><trkpt lat="54.723529" lon="25.664378"><ele>164.909</ele><time>2021-05-01T14:58:26Z</time></trkpt><trkpt lat="54.723768" lon="25.664837"><ele>164.918</ele><time>2021-05-01T14:58:24Z</time></trkpt><trkpt lat="54.724052" lon="25.665262"><ele>165.381</ele><time>2021-05-01T14:58:22Z</time></trkpt><trkpt lat="54.724394" lon="25.665704"><ele>165.116</ele><time>2021-05-01T14:58:20Z</time></trkpt><trkpt lat="54.72478" lon="25.666177"><ele>165.268</ele><time>2021-05-01T14:58:18Z</time></trkpt><trkpt lat="54.72498" lon="25.666422"><ele>165.313</ele><time>2021-05-01T14:58:17Z</time></trkpt><trkpt lat="54.725387" lon="25.666899"><ele>164.961</ele><time>2021-05-01T14:58:15Z</time></trkpt><trkpt lat="54.725593" lon="25.667138"><ele>165.864</ele><time>2021-05-01T14:58:14Z</time></trkpt><trkpt lat="54.725796" lon="25.667381"><ele>165.761</ele><time>2021-05-01T14:58:13Z</time></trkpt><trkpt lat="54.726204" lon="25.667879"><ele>166.469</ele><time>2021-05-01T14:58:11Z</time></trkpt><trkpt lat="54.726411" lon="25.668129"><ele>166.623</ele><time>2021-05-01T14:58:10Z</time></trkpt><trkpt lat="54.726831" lon="25.668633"><ele>167.383</ele><time>2021-05-01T14:58:08Z</time></trkpt><trkpt lat="54.727043" lon="25.668882"><ele>168.311</ele><time>2021-05-01T14:58:07Z</time></trkpt><trkpt lat="54.727473" lon="25.669371"><ele>168.809</ele><time>2021-05-01T14:58:05Z</time></trkpt><trkpt lat="54.727689" lon="25.669609"><ele>169.293</ele><time>2021-05-01T14:58:04Z</time></trkpt><trkpt lat="54.728127" lon="25.670046"><ele>169.876</ele><time>2021-05-01T14:58:02Z</time></trkpt><trkpt lat="54.728351" lon="25.670249"><ele>170.431</ele><time>2021-05-01T14:58:01Z</time></trkpt><trkpt lat="54.728577" lon="25.670452"><ele>171.283</ele><time>2021-05-01T14:58:00Z</time></trkpt><trkpt lat="54.728805" lon="25.670659"><ele>171.558</ele><time>2021-05-01T14:57:59Z</time></trkpt><trkpt lat="54.72927" lon="25.671067"><ele>171.846</ele><time>2021-05-01T14:57:57Z</time></trkpt><trkpt lat="54.729506" lon="25.671268"><ele>171.469</ele><time>2021-05-01T14:57:56Z</time></trkpt><trkpt lat="54.729731" lon="25.67145"><ele>171.396</ele><time>2021-05-01T14:57:55Z</time></trkpt><trkpt lat="54.729934" lon="25.671596"><ele>171.324</ele><time>2021-05-01T14:57:54Z</time></trkpt><trkpt lat="54.730263" lon="25.671797"><ele>171.988</ele><time>2021-05-01T14:57:52Z</time></trkpt><trkpt lat="54.730373" lon="25.67186"><ele>172.624</ele><time>2021-05-01T14:57:51Z</time></trkpt><trkpt lat="54.73045" lon="25.671915"><ele>172.226</ele><time>2021-05-01T14:57:50Z</time></trkpt><trkpt lat="54.730536" lon="25.672014"><ele>172.809</ele><time>2021-05-01T14:57:48Z</time></trkpt><trkpt lat="54.730559" lon="25.672085"><ele>173.729</ele><time>2021-05-01T14:57:46Z</time></trkpt><trkpt lat="54.730581" lon="25.672175"><ele>174.212</ele><time>2021-05-01T14:57:45Z</time></trkpt><trkpt lat="54.730612" lon="25.672308"><ele>174.457</ele><time>2021-05-01T14:57:44Z</time></trkpt><trkpt lat="54.730645" lon="25.672469"><ele>175.919</ele><time>2021-05-01T14:57:43Z</time></trkpt><trkpt lat="54.730714" lon="25.672833"><ele>176.474</ele><time>2021-05-01T14:57:41Z</time></trkpt><trkpt lat="54.730789" lon="25.673179"><ele>177.712</ele><time>2021-05-01T14:57:39Z</time></trkpt><trkpt lat="54.730843" lon="25.67334"><ele>177.915</ele><time>2021-05-01T14:57:38Z</time></trkpt><trkpt lat="54.730987" lon="25.673648"><ele>178.792</ele><time>2021-05-01T14:57:36Z</time></trkpt><trkpt lat="54.731074" lon="25.673814"><ele>179.140</ele><time>2021-05-01T14:57:35Z</time></trkpt><trkpt lat="54.731161" lon="25.674002"><ele>180.528</ele><time>2021-05-01T14:57:34Z</time></trkpt><trkpt lat="54.731324" lon="25.674458"><ele>181.089</ele><time>2021-05-01T14:57:32Z</time></trkpt><trkpt lat="54.73141" lon="25.674706"><ele>182.217</ele><time>2021-05-01T14:57:31Z</time></trkpt><trkpt lat="54.731502" lon="25.674954"><ele>182.209</ele><time>2021-05-01T14:57:30Z</time></trkpt><trkpt lat="54.731598" lon="25.6752"><ele>182.313</ele><time>2021-05-01T14:57:29Z</time></trkpt><trkpt lat="54.731693" lon="25.675445"><ele>182.966</ele><time>2021-05-01T14:57:28Z</time></trkpt><trkpt lat="54.731862" lon="25.675931"><ele>184.011</ele><time>2021-05-01T14:57:26Z</time></trkpt><trkpt lat="54.731932" lon="25.676171"><ele>185.033</ele><time>2021-05-01T14:57:25Z</time></trkpt><trkpt lat="54.732067" lon="25.676647"><ele>186.388</ele><time>2021-05-01T14:57:23Z</time></trkpt><trkpt lat="54.732136" lon="25.676885"><ele>187.066</ele><time>2021-05-01T14:57:22Z</time></trkpt><trkpt lat="54.732204" lon="25.677131"><ele>187.479</ele><time>2021-05-01T14:57:21Z</time></trkpt><trkpt lat="54.73227" lon="25.677389"><ele>188.316</ele><time>2021-05-01T14:57:20Z</time></trkpt><trkpt lat="54.732384" lon="25.677911"><ele>188.754</ele><time>2021-05-01T14:57:18Z</time></trkpt><trkpt lat="54.732494" lon="25.678417"><ele>189.947</ele><time>2021-05-01T14:57:16Z</time></trkpt><trkpt lat="54.732656" lon="25.678902"><ele>190.529</ele><time>2021-05-01T14:57:14Z</time></trkpt><trkpt lat="54.732748" lon="25.679142"><ele>191.221</ele><time>2021-05-01T14:57:13Z</time></trkpt><trkpt lat="54.732935" lon="25.679587"><ele>192.009</ele><time>2021-05-01T14:57:11Z</time></trkpt><trkpt lat="54.733014" lon="25.679914"><ele>0.015</ele><time>2023-10-05T03:46:12Z</time></trkpt><trkpt lat="54.733159" lon="25.680352"><ele>0.018</ele><time>2023-10-05T03:46:52Z</time></trkpt><trkpt lat="54.733209" lon="25.680747"><ele>0.093</ele><time>2023-10-05T03:47:32Z</time></trkpt><trkpt lat="54.733241" lon="25.681339"><ele>0.015</ele><time>2023-10-05T03:48:12Z</time></trkpt><trkpt lat="54.733242" lon="25.681679"><ele>0.040</ele><time>2023-10-05T03:48:52Z</time></trkpt><trkpt lat="54.733248" lon="25.682018"><ele>0.098</ele><time>2023-10-05T03:49:32Z</time></trkpt><trkpt lat="54.733248" lon="25.682347"><ele>0.061</ele><time>2023-10-05T03:50:12Z</time></trkpt><trkpt lat="54.73328" lon="25.682676"><ele>0.068</ele><time>2023-10-05T03:50:52Z</time></trkpt><trkpt lat="54.733343" lon="25.683038"><ele>0.096</ele><time>2023-10-05T03:51:32Z</time></trkpt><trkpt lat="54.733476" lon="25.683355"><ele>0.066</ele><time>2023-10-05T03:52:12Z</time></trkpt><trkpt lat="54.733602" lon="25.68364"><ele>0.029</ele><time>2023-10-05T03:52:52Z</time></trkpt><trkpt lat="54.733753" lon="25.683925"><ele>0.021</ele><time>2023-10-05T03:53:32Z</time></trkpt><trkpt lat="54.733998" lon="25.684407"><ele>0.009</ele><time>2023-10-05T03:54:12Z</time></trkpt><trkpt lat="54.734112" lon="25.684648"><ele>0.017</ele><time>2023-10-05T03:54:52Z</time></trkpt><trkpt lat="54.734238" lon="25.684976"><ele>0.030</ele><time>2023-10-05T03:55:32Z</time></trkpt><trkpt lat="54.734433" lon="25.685228"><ele>0.015</ele><time>2023-10-05T03:56:12Z</time></trkpt><trkpt lat="54.73476" lon="25.685556"><ele>0.027</ele><time>2023-10-05T03:56:52Z</time></trkpt><trkpt lat="54.735005" lon="25.68561"><ele>0.042</ele><time>2023-10-05T03:57:32Z</time></trkpt><trkpt lat="54.735219" lon="25.685621"><ele>0.030</ele><time>2023-10-05T03:58:12Z</time></trkpt><trkpt lat="54.73537" lon="25.685543"><ele>0.093</ele><time>2023-10-05T03:58:52Z</time></trkpt><trkpt lat="54.735552" lon="25.685477"><ele>0.040</ele><time>2023-10-05T03:59:32Z</time></trkpt><trkpt lat="54.735722" lon="25.685433"><ele>0.078</ele><time>2023-10-05T04:00:12Z</time></trkpt><trkpt lat="54.735961" lon="25.685443"><ele>0.022</ele><time>2023-10-05T04:00:52Z</time></trkpt><trkpt lat="54.736125" lon="25.68564"><ele>0.062</ele><time>2023-10-05T04:01:32Z</time></trkpt><trkpt lat="54.736339" lon="25.685914"><ele>0.008</ele><time>2023-10-05T04:02:12Z</time></trkpt><trkpt lat="54.736351" lon="25.685826"><ele>0.009</ele><time>2023-10-05T04:02:52Z</time></trkpt><trkpt lat="54.736723" lon="25.686362"><ele>0.063</ele><time>2023-10-05T04:03:32Z</time></trkpt><trkpt lat="54.736974" lon="25.686548"><ele>0.096</ele><time>2023-10-05T04:04:12Z</time></trkpt><trkpt lat="54.737201" lon="25.686745"><ele>0.091</ele><time>2023-10-05T04:04:52Z</time></trkpt><trkpt lat="54.737377" lon="25.686942"><ele>0.053</ele><time>2023-10-05T04:05:32Z</time></trkpt><trkpt lat="54.737604" lon="25.68715"><ele>0.068</ele><time>2023-10-05T04:06:12Z</time></trkpt><trkpt lat="54.737711" lon="25.687292"><ele>0.046</ele><time>2023-10-05T04:06:52Z</time></trkpt><trkpt lat="54.737774" lon="25.687555"><ele>0.079</ele><time>2023-10-05T04:07:32Z</time></trkpt><trkpt lat="54.737762" lon="25.687771"><ele>201.656</ele><time>2021-05-01T14:56:12Z</time></trkpt><trkpt lat="54.737802" lon="25.688176"><ele>202.044</ele><time>2021-05-01T14:56:10Z</time></trkpt><trkpt lat="54.737843" lon="25.688362"><ele>201.529</ele><time>2021-05-01T14:56:09Z</time></trkpt><trkpt lat="54.737902" lon="25.688531"><ele>200.700</ele><time>2021-05-01T14:56:08Z</time></trkpt><trkpt lat="54.738062" lon="25.688835"><ele>200.420</ele><time>2021-05-01T14:56:06Z</time></trkpt><trkpt lat="54.738144" lon="25.688997"><ele>199.809</ele><time>2021-05-01T14:56:05Z</time></trkpt><trkpt lat="54.738209" lon="25.689186"><ele>200.423</ele><time>2021-05-01T14:56:04Z</time></trkpt><trkpt lat="54.738258" lon="25.689388"><ele>199.866</ele><time>2021-05-01T14:56:03Z</time></trkpt><trkpt lat="54.738302" lon="25.689592"><ele>199.621</ele><time>2021-05-01T14:56:02Z</time></trkpt><trkpt lat="54.738408" lon="25.689984"><ele>198.863</ele><time>2021-05-01T14:56:00Z</time></trkpt><trkpt lat="54.738468" lon="25.690179"><ele>198.768</ele><time>2021-05-01T14:55:59Z</time></trkpt><trkpt lat="54.738523" lon="25.690384"><ele>197.986</ele><time>2021-05-01T14:55:58Z</time></trkpt><trkpt lat="54.738615" lon="25.690827"><ele>198.059</ele><time>2021-05-01T14:55:56Z</time></trkpt><trkpt lat="54.738659" lon="25.691294"><ele>197.566</ele><time>2021-05-01T14:55:54Z</time></trkpt><trkpt lat="54.73867" lon="25.691537"><ele>197.154</ele><time>2021-05-01T14:55:53Z</time></trkpt><trkpt lat="54.738676" lon="25.691784"><ele>196.758</ele><time>2021-05-01T14:55:52Z</time></trkpt><trkpt lat="54.738699" lon="25.692249"><ele>196.752</ele><time>2021-05-01T14:55:50Z</time></trkpt><trkpt lat="54.738716" lon="25.692474"><ele>196.717</ele><time>2021-05-01T14:55:49Z</time></trkpt><trkpt lat="54.738785" lon="25.692902"><ele>196.809</ele><time>2021-05-01T14:55:47Z</time></trkpt><trkpt lat="54.738833" lon="25.693115"><ele>197.096</ele><time>2021-05-01T14:55:46Z</time></trkpt><trkpt lat="54.738945" lon="25.693547"><ele>196.959</ele><time>2021-05-01T14:55:44Z</time></trkpt><trkpt lat="54.739041" lon="25.693986"><ele>197.184</ele><time>2021-05-01T14:55:42Z</time></trkpt><trkpt lat="54.739116" lon="25.694245"><ele>196.526</ele><time>2021-05-01T14:55:41Z</time></trkpt><trkpt lat="54.739142" lon="25.694519"><ele>196.781</ele><time>2021-05-01T14:55:40Z</time></trkpt><trkpt lat="54.739161" lon="25.694826"><ele>196.269</ele><time>2021-05-01T14:55:38Z</time></trkpt><trkpt lat="54.739206" lon="25.695237"><ele>195.872</ele><time>2021-05-01T14:55:36Z</time></trkpt><trkpt lat="54.73928" lon="25.695423"><ele>195.099</ele><time>2021-05-01T14:55:35Z</time></trkpt><trkpt lat="54.739369" lon="25.695599"><ele>194.837</ele><time>2021-05-01T14:55:34Z</time></trkpt><trkpt lat="54.739564" lon="25.695926"><ele>194.025</ele><time>2021-05-01T14:55:32Z</time></trkpt><trkpt lat="54.739659" lon="25.696086"><ele>194.526</ele><time>2021-05-01T14:55:31Z</time></trkpt><trkpt lat="54.739751" lon="25.696248"><ele>194.108</ele><time>2021-05-01T14:55:30Z</time></trkpt><trkpt lat="54.739933" lon="25.6966"><ele>193.609</ele><time>2021-05-01T14:55:28Z</time></trkpt><trkpt lat="54.740093" lon="25.697002"><ele>193.293</ele><time>2021-05-01T14:55:26Z</time></trkpt><trkpt lat="54.740154" lon="25.697215"><ele>193.776</ele><time>2021-05-01T14:55:25Z</time></trkpt><trkpt lat="54.740209" lon="25.697432"><ele>194.121</ele><time>2021-05-01T14:55:24Z</time></trkpt><trkpt lat="54.740311" lon="25.697869"><ele>194.233</ele><time>2021-05-01T14:55:22Z</time></trkpt><trkpt lat="54.740374" lon="25.698074"><ele>194.288</ele><time>2021-05-01T14:55:21Z</time></trkpt><trkpt lat="54.740454" lon="25.698262"><ele>194.066</ele><time>2021-05-01T14:55:20Z</time></trkpt><trkpt lat="54.740654" lon="25.698692"><ele>193.329</ele><time>2021-05-01T14:55:18Z</time></trkpt><trkpt lat="54.740862" lon="25.698987"><ele>193.216</ele><time>2021-05-01T14:55:16Z</time></trkpt><trkpt lat="54.741026" lon="25.699184"><ele>193.164</ele><time>2021-05-01T14:55:14Z</time></trkpt><trkpt lat="54.741134" lon="25.699428"><ele>193.699</ele><time>2021-05-01T14:55:12Z</time></trkpt><trkpt lat="54.741191" lon="25.699587"><ele>193.607</ele><time>2021-05-01T14:55:11Z</time></trkpt><trkpt lat="54.741212" lon="25.69977"><ele>194.027</ele><time>2021-05-01T14:55:10Z</time></trkpt><trkpt lat="54.741228" lon="25.699983"><ele>195.109</ele><time>2021-05-01T14:55:09Z</time></trkpt><trkpt lat="54.741267" lon="25.700478"><ele>196.020</ele><time>2021-05-01T14:55:07Z</time></trkpt><trkpt lat="54.741288" lon="25.700748"><ele>196.923</ele><time>2021-05-01T14:55:06Z</time></trkpt><trkpt lat="54.741311" lon="25.701027"><ele>197.518</ele><time>2021-05-01T14:55:05Z</time></trkpt><trkpt lat="54.741334" lon="25.70132"><ele>198.180</ele><time>2021-05-01T14:55:04Z</time></trkpt><trkpt lat="54.741377" lon="25.701898"><ele>198.895</ele><time>2021-05-01T14:55:02Z</time></trkpt><trkpt lat="54.741415" lon="25.702465"><ele>198.423</ele><time>2021-05-01T14:55:00Z</time></trkpt><trkpt lat="54.741434" lon="25.702729"><ele>198.726</ele><time>2021-05-01T14:54:59Z</time></trkpt><trkpt lat="54.741472" lon="25.703223"><ele>198.583</ele><time>2021-05-01T14:54:57Z</time></trkpt><trkpt lat="54.741511" lon="25.703724"><ele>199.031</ele><time>2021-05-01T14:54:55Z</time></trkpt><trkpt lat="54.741532" lon="25.703986"><ele>199.231</ele><time>2021-05-01T14:54:54Z</time></trkpt><trkpt lat="54.741554" lon="25.704254"><ele>199.461</ele><time>2021-05-01T14:54:53Z</time></trkpt><trkpt lat="54.741579" lon="25.704525"><ele>199.707</ele><time>2021-05-01T14:54:52Z</time></trkpt><trkpt lat="54.741606" lon="25.704799"><ele>199.609</ele><time>2021-05-01T14:54:51Z</time></trkpt><trkpt lat="54.741632" lon="25.705073"><ele>199.574</ele><time>2021-05-01T14:54:50Z</time></trkpt><trkpt lat="54.741677" lon="25.705619"><ele>199.237</ele><time>2021-05-01T14:54:48Z</time></trkpt><trkpt lat="54.741694" lon="25.705891"><ele>199.622</ele><time>2021-05-01T14:54:47Z</time></trkpt><trkpt lat="54.741708" lon="25.706164"><ele>200.234</ele><time>2021-05-01T14:54:46Z</time></trkpt><trkpt lat="54.741718" lon="25.706437"><ele>200.619</ele><time>2021-05-01T14:54:45Z</time></trkpt><trkpt lat="54.741736" lon="25.706979"><ele>200.867</ele><time>2021-05-01T14:54:43Z</time></trkpt><trkpt lat="54.741745" lon="25.70724"><ele>200.180</ele><time>2021-05-01T14:54:42Z</time></trkpt><trkpt lat="54.741754" lon="25.70749"><ele>199.347</ele><time>2021-05-01T14:54:41Z</time></trkpt><trkpt lat="54.741763" lon="25.707735"><ele>198.535</ele><time>2021-05-01T14:54:40Z</time></trkpt><trkpt lat="54.741773" lon="25.707984"><ele>197.494</ele><time>2021-05-01T14:54:39Z</time></trkpt><trkpt lat="54.741783" lon="25.708238"><ele>196.257</ele><time>2021-05-01T14:54:38Z</time></trkpt><trkpt lat="54.741794" lon="25.708497"><ele>195.022</ele><time>2021-05-01T14:54:37Z</time></trkpt><trkpt lat="54.741812" lon="25.709017"><ele>194.109</ele><time>2021-05-01T14:54:35Z</time></trkpt><trkpt lat="54.741819" lon="25.70929"><ele>193.110</ele><time>2021-05-01T14:54:34Z</time></trkpt><trkpt lat="54.741827" lon="25.70958"><ele>191.993</ele><time>2021-05-01T14:54:33Z</time></trkpt><trkpt lat="54.741837" lon="25.70988"><ele>191.628</ele><time>2021-05-01T14:54:32Z</time></trkpt><trkpt lat="54.741862" lon="25.710494"><ele>190.990</ele><time>2021-05-01T14:54:30Z</time></trkpt><trkpt lat="54.741878" lon="25.711138"><ele>190.255</ele><time>2021-05-01T14:54:28Z</time></trkpt><trkpt lat="54.74188" lon="25.71144"><ele>189.793</ele><time>2021-05-01T14:54:27Z</time></trkpt><trkpt lat="54.741862" lon="25.711943"><ele>188.996</ele><time>2021-05-01T14:54:25Z</time></trkpt><trkpt lat="54.74187" lon="25.712272"><ele>188.993</ele><time>2021-05-01T14:54:23Z</time></trkpt><trkpt lat="54.741895" lon="25.712374"><ele>188.481</ele><time>2021-05-01T14:54:22Z</time></trkpt><trkpt lat="54.741996" lon="25.712479"><ele>187.618</ele><time>2021-05-01T14:54:20Z</time></trkpt><trkpt lat="54.742069" lon="25.712505"><ele>186.698</ele><time>2021-05-01T14:54:19Z</time></trkpt><trkpt lat="54.742243" lon="25.712542"><ele>185.417</ele><time>2021-05-01T14:54:17Z</time></trkpt><trkpt lat="54.742424" lon="25.712596"><ele>185.309</ele><time>2021-05-01T14:54:15Z</time></trkpt><trkpt lat="54.742576" lon="25.712615"><ele>184.782</ele><time>2021-05-01T14:54:14Z</time></trkpt><trkpt lat="54.74272" lon="25.712693"><ele>184.495</ele><time>2021-05-01T14:54:12Z</time></trkpt><trkpt lat="54.742846" lon="25.712771"><ele>184.320</ele><time>2021-05-01T14:54:11Z</time></trkpt><trkpt lat="54.742962" lon="25.712865"><ele>184.182</ele><time>2021-05-01T14:54:10Z</time></trkpt><trkpt lat="54.74312" lon="25.712958"><ele>183.027</ele><time>2021-05-01T14:54:08Z</time></trkpt><trkpt lat="54.743209" lon="25.712974"><ele>183.175</ele><time>2021-05-01T14:54:07Z</time></trkpt><trkpt lat="54.743461" lon="25.71302"><ele>183.658</ele><time>2021-05-01T14:54:05Z</time></trkpt><trkpt lat="54.743672" lon="25.713075"><ele>184.195</ele><time>2021-05-01T14:54:04Z</time></trkpt><trkpt lat="54.743861" lon="25.713105"><ele>185.423</ele><time>2021-05-01T14:54:02Z</time></trkpt><trkpt lat="54.744077" lon="25.713214"><ele>185.586</ele><time>2021-05-01T14:54:00Z</time></trkpt><trkpt lat="54.744247" lon="25.713292"><ele>186.160</ele><time>2021-05-01T14:53:58Z</time></trkpt><trkpt lat="54.744363" lon="25.713277"><ele>187.126</ele><time>2021-05-01T14:53:57Z</time></trkpt><trkpt lat="54.744466" lon="25.713245"><ele>187.809</ele><time>2021-05-01T14:53:56Z</time></trkpt><trkpt lat="54.744651" lon="25.713182"><ele>189.059</ele><time>2021-05-01T14:53:54Z</time></trkpt><trkpt lat="54.744805" lon="25.713066"><ele>189.322</ele><time>2021-05-01T14:53:52Z</time></trkpt><trkpt lat="54.744993" lon="25.712978"><ele>189.737</ele><time>2021-05-01T14:53:51Z</time></trkpt><trkpt lat="54.745157" lon="25.712889"><ele>189.519</ele><time>2021-05-01T14:53:49Z</time></trkpt><trkpt lat="54.745257" lon="25.712834"><ele>190.314</ele><time>2021-05-01T14:53:47Z</time></trkpt><trkpt lat="54.745295" lon="25.712812"><ele>190.652</ele><time>2021-05-01T14:53:46Z</time></trkpt><trkpt lat="54.745487" lon="25.712689"><ele>191.665</ele><time>2021-05-01T14:53:44Z</time></trkpt><trkpt lat="54.745647" lon="25.712351"><ele>192.832</ele><time>2021-05-01T14:53:42Z</time></trkpt><trkpt lat="54.745754" lon="25.712208"><ele>194.050</ele><time>2021-05-01T14:53:41Z</time></trkpt><trkpt lat="54.745879" lon="25.712044"><ele>194.775</ele><time>2021-05-01T14:53:40Z</time></trkpt><trkpt lat="54.746068" lon="25.71189"><ele>195.428</ele><time>2021-05-01T14:53:38Z</time></trkpt><trkpt lat="54.746206" lon="25.711834"><ele>195.420</ele><time>2021-05-01T14:53:37Z</time></trkpt><trkpt lat="54.746351" lon="25.711692"><ele>195.509</ele><time>2021-05-01T14:53:35Z</time></trkpt><trkpt lat="54.746483" lon="25.711636"><ele>195.358</ele><time>2021-05-01T14:53:34Z</time></trkpt><trkpt lat="54.746772" lon="25.711548"><ele>194.741</ele><time>2021-05-01T14:53:32Z</time></trkpt><trkpt lat="54.746929" lon="25.711504"><ele>194.076</ele><time>2021-05-01T14:53:31Z</time></trkpt><trkpt lat="54.74708" lon="25.711416"><ele>191.928</ele><time>2021-05-01T14:53:30Z</time></trkpt><trkpt lat="54.747426" lon="25.711272"><ele>190.933</ele><time>2021-05-01T14:53:28Z</time></trkpt><trkpt lat="54.74764" lon="25.711282"><ele>190.151</ele><time>2021-05-01T14:53:26Z</time></trkpt><trkpt lat="54.747847" lon="25.711348"><ele>189.834</ele><time>2021-05-01T14:53:24Z</time></trkpt><trkpt lat="54.747957" lon="25.711372"><ele>190.041</ele><time>2021-05-01T14:53:23Z</time></trkpt><trkpt lat="54.748058" lon="25.711393"><ele>190.139</ele><time>2021-05-01T14:53:22Z</time></trkpt><trkpt lat="54.748243" lon="25.711423"><ele>189.722</ele><time>2021-05-01T14:53:20Z</time></trkpt><trkpt lat="54.748338" lon="25.711379"><ele>188.762</ele><time>2021-05-01T14:53:19Z</time></trkpt><trkpt lat="54.748552" lon="25.711367"><ele>187.508</ele><time>2021-05-01T14:53:17Z</time></trkpt><trkpt lat="54.748709" lon="25.71129"><ele>187.009</ele><time>2021-05-01T14:53:15Z</time></trkpt><trkpt lat="54.748923" lon="25.711147"><ele>185.863</ele><time>2021-05-01T14:53:13Z</time></trkpt><trkpt lat="54.749092" lon="25.711004"><ele>184.366</ele><time>2021-05-01T14:53:11Z</time></trkpt><trkpt lat="54.749228" lon="25.710973"><ele>184.261</ele><time>2021-05-01T14:53:10Z</time></trkpt><trkpt lat="54.749404" lon="25.710852"><ele>182.773</ele><time>2021-05-01T14:53:08Z</time></trkpt><trkpt lat="54.749586" lon="25.710742"><ele>181.278</ele><time>2021-05-01T14:53:06Z</time></trkpt><trkpt lat="54.749808" lon="25.710668"><ele>0.026</ele><time>2023-10-05T05:33:32Z</time></trkpt><trkpt lat="54.750009" lon="25.71058"><ele>0.029</ele><time>2023-10-05T05:34:12Z</time></trkpt><trkpt lat="54.750261" lon="25.710547"><ele>0.046</ele><time>2023-10-05T05:34:52Z</time></trkpt><trkpt lat="54.750613" lon="25.710491"><ele>0.064</ele><time>2023-10-05T05:35:32Z</time></trkpt><trkpt lat="54.750821" lon="25.710436"><ele>0.045</ele><time>2023-10-05T05:36:12Z</time></trkpt><trkpt lat="54.751078" lon="25.710358"><ele>0.047</ele><time>2023-10-05T05:36:52Z</time></trkpt><trkpt lat="54.751437" lon="25.710368"><ele>0.011</ele><time>2023-10-05T05:37:32Z</time></trkpt><trkpt lat="54.751732" lon="25.710521"><ele>0.009</ele><time>2023-10-05T05:38:12Z</time></trkpt><trkpt lat="54.751884" lon="25.710718"><ele>0.095</ele><time>2023-10-05T05:38:52Z</time></trkpt><trkpt lat="54.751997" lon="25.710882"><ele>0.018</ele><time>2023-10-05T05:39:32Z</time></trkpt><trkpt lat="54.75223" lon="25.711002"><ele>0.033</ele><time>2023-10-05T05:40:12Z</time></trkpt><trkpt lat="54.752469" lon="25.711057"><ele>0.025</ele><time>2023-10-05T05:40:52Z</time></trkpt><trkpt lat="54.752915" lon="25.711121"><ele>0.050</ele><time>2023-10-05T05:41:32Z</time></trkpt><trkpt lat="54.753141" lon="25.711165"><ele>0.028</ele><time>2023-10-05T05:42:12Z</time></trkpt><trkpt lat="54.753481" lon="25.711186"><ele>0.091</ele><time>2023-10-05T05:42:52Z</time></trkpt><trkpt lat="54.75377" lon="25.711185"><ele>0.018</ele><time>2023-10-05T05:43:32Z</time></trkpt><trkpt lat="54.754266" lon="25.711241"><ele>196.236</ele><time>2021-05-01T14:51:55Z</time></trkpt><trkpt lat="54.754352" lon="25.711225"><ele>196.417</ele><time>2021-05-01T14:51:54Z</time></trkpt><trkpt lat="54.754514" lon="25.711212"><ele>197.287</ele><time>2021-05-01T14:51:52Z</time></trkpt><trkpt lat="54.754598" lon="25.711205"><ele>197.315</ele><time>2021-05-01T14:51:51Z</time></trkpt><trkpt lat="54.754689" lon="25.711194"><ele>197.009</ele><time>2021-05-01T14:51:50Z</time></trkpt><trkpt lat="54.754789" lon="25.711195"><ele>197.082</ele><time>2021-05-01T14:51:49Z</time></trkpt><trkpt lat="54.754896" lon="25.711214"><ele>197.495</ele><time>2021-05-01T14:51:48Z</time></trkpt><trkpt lat="54.755005" lon="25.711242"><ele>198.460</ele><time>2021-05-01T14:51:47Z</time></trkpt><trkpt lat="54.755212" lon="25.711311"><ele>198.282</ele><time>2021-05-01T14:51:45Z</time></trkpt><trkpt lat="54.755312" lon="25.711347"><ele>198.327</ele><time>2021-05-01T14:51:44Z</time></trkpt><trkpt lat="54.75542" lon="25.711368"><ele>198.595</ele><time>2021-05-01T14:51:43Z</time></trkpt><trkpt lat="54.755641" lon="25.711379"><ele>198.788</ele><time>2021-05-01T14:51:41Z</time></trkpt><trkpt lat="54.755835" lon="25.711352"><ele>198.445</ele><time>2021-05-01T14:51:39Z</time></trkpt><trkpt lat="54.755927" lon="25.711322"><ele>197.393</ele><time>2021-05-01T14:51:38Z</time></trkpt><trkpt lat="54.756106" lon="25.711237"><ele>196.993</ele><time>2021-05-01T14:51:36Z</time></trkpt><trkpt lat="54.756297" lon="25.711109"><ele>195.765</ele><time>2021-05-01T14:51:34Z</time></trkpt><trkpt lat="54.75649" lon="25.710982"><ele>194.321</ele><time>2021-05-01T14:51:32Z</time></trkpt><trkpt lat="54.756578" lon="25.71092"><ele>193.009</ele><time>2021-05-01T14:51:31Z</time></trkpt><trkpt lat="54.756731" lon="25.710795"><ele>191.990</ele><time>2021-05-01T14:51:29Z</time></trkpt><trkpt lat="54.756791" lon="25.710734"><ele>190.713</ele><time>2021-05-01T14:51:28Z</time></trkpt><trkpt lat="54.756921" lon="25.710604"><ele>189.848</ele><time>2021-05-01T14:51:26Z</time></trkpt><trkpt lat="54.757112" lon="25.710446"><ele>188.650</ele><time>2021-05-01T14:51:24Z</time></trkpt><trkpt lat="54.757199" lon="25.710378"><ele>187.775</ele><time>2021-05-01T14:51:23Z</time></trkpt><trkpt lat="54.757267" lon="25.710332"><ele>187.013</ele><time>2021-05-01T14:51:22Z</time></trkpt><trkpt lat="54.757358" lon="25.710302"><ele>186.286</ele><time>2021-05-01T14:51:20Z</time></trkpt><trkpt lat="54.757421" lon="25.710296"><ele>185.543</ele><time>2021-05-01T14:51:18Z</time></trkpt><trkpt lat="54.757508" lon="25.710242"><ele>185.191</ele><time>2021-05-01T14:51:16Z</time></trkpt><trkpt lat="54.757634" lon="25.710104"><ele>184.642</ele><time>2021-05-01T14:51:14Z</time></trkpt><trkpt lat="54.7577" lon="25.710016"><ele>184.822</ele><time>2021-05-01T14:51:13Z</time></trkpt><trkpt lat="54.757763" lon="25.709925"><ele>185.214</ele><time>2021-05-01T14:51:12Z</time></trkpt><trkpt lat="54.757884" lon="25.709762"><ele>184.809</ele><time>2021-05-01T14:51:10Z</time></trkpt><trkpt lat="54.757947" lon="25.709693"><ele>185.275</ele><time>2021-05-01T14:51:09Z</time></trkpt><trkpt lat="54.758004" lon="25.709639"><ele>186.358</ele><time>2021-05-01T14:51:08Z</time></trkpt><trkpt lat="54.758108" lon="25.709561"><ele>187.793</ele><time>2021-05-01T14:51:06Z</time></trkpt><trkpt lat="54.758228" lon="25.709476"><ele>188.385</ele><time>2021-05-01T14:51:04Z</time></trkpt><trkpt lat="54.758345" lon="25.709353"><ele>188.540</ele><time>2021-05-01T14:51:02Z</time></trkpt><trkpt lat="54.758402" lon="25.709289"><ele>188.438</ele><time>2021-05-01T14:51:01Z</time></trkpt><trkpt lat="54.758455" lon="25.70923"><ele>188.691</ele><time>2021-05-01T14:51:00Z</time></trkpt><trkpt lat="54.758509" lon="25.709177"><ele>189.648</ele><time>2021-05-01T14:50:59Z</time></trkpt><trkpt lat="54.758639" lon="25.709069"><ele>190.796</ele><time>2021-05-01T14:50:57Z</time></trkpt><trkpt lat="54.758719" lon="25.709009"><ele>191.338</ele><time>2021-05-01T14:50:56Z</time></trkpt><trkpt lat="54.758893" lon="25.708892"><ele>192.370</ele><time>2021-05-01T14:50:54Z</time></trkpt><trkpt lat="54.759042" lon="25.708802"><ele>193.117</ele><time>2021-05-01T14:50:52Z</time></trkpt><trkpt lat="54.7592" lon="25.708726"><ele>194.509</ele><time>2021-05-01T14:50:50Z</time></trkpt><trkpt lat="54.759281" lon="25.708721"><ele>195.174</ele><time>2021-05-01T14:50:49Z</time></trkpt><trkpt lat="54.75943" lon="25.708695"><ele>195.777</ele><time>2021-05-01T14:50:47Z</time></trkpt><trkpt lat="54.759502" lon="25.708671"><ele>196.932</ele><time>2021-05-01T14:50:46Z</time></trkpt><trkpt lat="54.759576" lon="25.708646"><ele>197.544</ele><time>2021-05-01T14:50:45Z</time></trkpt><trkpt lat="54.759716" lon="25.708601"><ele>198.449</ele><time>2021-05-01T14:50:43Z</time></trkpt><trkpt lat="54.759783" lon="25.708573"><ele>199.077</ele><time>2021-05-01T14:50:42Z</time></trkpt><trkpt lat="54.759853" lon="25.708534"><ele>199.970</ele><time>2021-05-01T14:50:41Z</time></trkpt><trkpt lat="54.760026" lon="25.708393"><ele>200.057</ele><time>2021-05-01T14:50:39Z</time></trkpt><trkpt lat="54.760226" lon="25.708196"><ele>200.125</ele><time>2021-05-01T14:50:37Z</time></trkpt><trkpt lat="54.760323" lon="25.708084"><ele>200.068</ele><time>2021-05-01T14:50:36Z</time></trkpt><trkpt lat="54.760501" lon="25.707862"><ele>199.642</ele><time>2021-05-01T14:50:34Z</time></trkpt><trkpt lat="54.760582" lon="25.707754"><ele>199.426</ele><time>2021-05-01T14:50:33Z</time></trkpt><trkpt lat="54.76066" lon="25.707645"><ele>199.709</ele><time>2021-05-01T14:50:32Z</time></trkpt><trkpt lat="54.760806" lon="25.70743"><ele>199.417</ele><time>2021-05-01T14:50:30Z</time></trkpt><trkpt lat="54.760946" lon="25.707231"><ele>199.320</ele><time>2021-05-01T14:50:28Z</time></trkpt><trkpt lat="54.761011" lon="25.707144"><ele>198.725</ele><time>2021-05-01T14:50:27Z</time></trkpt><trkpt lat="54.761073" lon="25.707061"><ele>198.597</ele><time>2021-05-01T14:50:26Z</time></trkpt><trkpt lat="54.761188" lon="25.706892"><ele>198.212</ele><time>2021-05-01T14:50:24Z</time></trkpt><trkpt lat="54.761309" lon="25.706717"><ele>198.590</ele><time>2021-05-01T14:50:22Z</time></trkpt><trkpt lat="54.761376" lon="25.706627"><ele>198.633</ele><time>2021-05-01T14:50:21Z</time></trkpt><trkpt lat="54.761448" lon="25.70654"><ele>199.140</ele><time>2021-05-01T14:50:20Z</time></trkpt><trkpt lat="54.761598" lon="25.706392"><ele>199.858</ele><time>2021-05-01T14:50:18Z</time></trkpt><trkpt lat="54.761674" lon="25.706327"><ele>199.856</ele><time>2021-05-01T14:50:17Z</time></trkpt><trkpt lat="54.761823" lon="25.706217"><ele>200.159</ele><time>2021-05-01T14:50:15Z</time></trkpt><trkpt lat="54.7619" lon="25.706173"><ele>199.814</ele><time>2021-05-01T14:50:14Z</time></trkpt><trkpt lat="54.762077" lon="25.706136"><ele>199.509</ele><time>2021-05-01T14:50:12Z</time></trkpt><trkpt lat="54.762177" lon="25.706137"><ele>200.056</ele><time>2021-05-01T14:50:11Z</time></trkpt><trkpt lat="54.762285" lon="25.70614"><ele>200.099</ele><time>2021-05-01T14:50:10Z</time></trkpt><trkpt lat="54.762392" lon="25.706141"><ele>200.094</ele><time>2021-05-01T14:50:09Z</time></trkpt><trkpt lat="54.76257" lon="25.70614"><ele>200.066</ele><time>2021-05-01T14:50:07Z</time></trkpt><trkpt lat="54.762706" lon="25.706132"><ele>199.791</ele><time>2021-05-01T14:50:05Z</time></trkpt><trkpt lat="54.762826" lon="25.706085"><ele>199.679</ele><time>2021-05-01T14:50:03Z</time></trkpt><trkpt lat="54.762884" lon="25.706042"><ele>199.172</ele><time>2021-05-01T14:50:02Z</time></trkpt><trkpt lat="54.762997" lon="25.705916"><ele>199.299</ele><time>2021-05-01T14:50:00Z</time></trkpt><trkpt lat="54.763051" lon="25.705835"><ele>199.237</ele><time>2021-05-01T14:49:59Z</time></trkpt><trkpt lat="54.763092" lon="25.705784"><ele>198.974</ele><time>2021-05-01T14:49:58Z</time></trkpt><trkpt lat="54.763131" lon="25.705744"><ele>198.656</ele><time>2021-05-01T14:49:57Z</time></trkpt><trkpt lat="54.763173" lon="25.70567"><ele>198.721</ele><time>2021-05-01T14:49:54Z</time></trkpt><trkpt lat="54.763257" lon="25.705551"><ele>198.409</ele><time>2021-05-01T14:49:52Z</time></trkpt><trkpt lat="54.76336" lon="25.705335"><ele>197.728</ele><time>2021-05-01T14:49:50Z</time></trkpt><trkpt lat="54.763413" lon="25.705215"><ele>197.421</ele><time>2021-05-01T14:49:49Z</time></trkpt><trkpt lat="54.76346" lon="25.705091"><ele>197.246</ele><time>2021-05-01T14:49:48Z</time></trkpt><trkpt lat="54.76354" lon="25.704878"><ele>196.488</ele><time>2021-05-01T14:49:46Z</time></trkpt><trkpt lat="54.763604" lon="25.704737"><ele>196.653</ele><time>2021-05-01T14:49:44Z</time></trkpt><trkpt lat="54.763663" lon="25.704657"><ele>197.281</ele><time>2021-05-01T14:49:42Z</time></trkpt><trkpt lat="54.763705" lon="25.704623"><ele>197.744</ele><time>2021-05-01T14:49:41Z</time></trkpt><trkpt lat="54.76383" lon="25.704567"><ele>198.561</ele><time>2021-05-01T14:49:39Z</time></trkpt><trkpt lat="54.763913" lon="25.704543"><ele>199.279</ele><time>2021-05-01T14:49:38Z</time></trkpt><trkpt lat="54.763998" lon="25.704512"><ele>199.683</ele><time>2021-05-01T14:49:37Z</time></trkpt><trkpt lat="54.764169" lon="25.704444"><ele>199.825</ele><time>2021-05-01T14:49:35Z</time></trkpt><trkpt lat="54.764257" lon="25.704406"><ele>200.417</ele><time>2021-05-01T14:49:34Z</time></trkpt><trkpt lat="54.764347" lon="25.704364"><ele>201.109</ele><time>2021-05-01T14:49:33Z</time></trkpt><trkpt lat="54.764446" lon="25.704313"><ele>201.759</ele><time>2021-05-01T14:49:32Z</time></trkpt><trkpt lat="54.764663" lon="25.704199"><ele>201.852</ele><time>2021-05-01T14:49:30Z</time></trkpt><trkpt lat="54.76478" lon="25.704141"><ele>202.497</ele><time>2021-05-01T14:49:29Z</time></trkpt><trkpt lat="54.764893" lon="25.70408"><ele>202.839</ele><time>2021-05-01T14:49:28Z</time></trkpt><trkpt lat="54.765003" lon="25.704025"><ele>203.364</ele><time>2021-05-01T14:49:27Z</time></trkpt><trkpt lat="54.7652" lon="25.703941"><ele>203.742</ele><time>2021-05-01T14:49:25Z</time></trkpt><trkpt lat="54.765367" lon="25.703886"><ele>204.175</ele><time>2021-05-01T14:49:23Z</time></trkpt><trkpt lat="54.765511" lon="25.703816"><ele>204.352</ele><time>2021-05-01T14:49:21Z</time></trkpt><trkpt lat="54.765575" lon="25.703754"><ele>204.690</ele><time>2021-05-01T14:49:20Z</time></trkpt><trkpt lat="54.765633" lon="25.703672"><ele>204.522</ele><time>2021-05-01T14:49:19Z</time></trkpt><trkpt lat="54.765735" lon="25.703489"><ele>204.862</ele><time>2021-05-01T14:49:17Z</time></trkpt><trkpt lat="54.765816" lon="25.703343"><ele>204.708</ele><time>2021-05-01T14:49:15Z</time></trkpt><trkpt lat="54.765861" lon="25.703292"><ele>205.009</ele><time>2021-05-01T14:49:14Z</time></trkpt><trkpt lat="54.765908" lon="25.703254"><ele>204.763</ele><time>2021-05-01T14:49:13Z</time></trkpt><trkpt lat="54.766009" lon="25.703182"><ele>204.436</ele><time>2021-05-01T14:49:11Z</time></trkpt><trkpt lat="54.766066" lon="25.70314"><ele>205.111</ele><time>2021-05-01T14:49:10Z</time></trkpt><trkpt lat="54.766186" lon="25.70307"><ele>204.793</ele><time>2021-05-01T14:49:08Z</time></trkpt><trkpt lat="54.766325" lon="25.702961"><ele>204.318</ele><time>2021-05-01T14:49:06Z</time></trkpt><trkpt lat="54.766513" lon="25.702726"><ele>204.546</ele><time>2021-05-01T14:49:04Z</time></trkpt><trkpt lat="54.766631" lon="25.702589"><ele>205.189</ele><time>2021-05-01T14:49:03Z</time></trkpt><trkpt lat="54.766893" lon="25.702312"><ele>205.376</ele><time>2021-05-01T14:49:01Z</time></trkpt><trkpt lat="54.767176" lon="25.701994"><ele>205.894</ele><time>2021-05-01T14:48:59Z</time></trkpt><trkpt lat="54.767458" lon="25.701672"><ele>206.971</ele><time>2021-05-01T14:48:57Z</time></trkpt><trkpt lat="54.767592" lon="25.701528"><ele>207.441</ele><time>2021-05-01T14:48:56Z</time></trkpt><trkpt lat="54.767726" lon="25.701399"><ele>207.615</ele><time>2021-05-01T14:48:55Z</time></trkpt><trkpt lat="54.768005" lon="25.701169"><ele>208.209</ele><time>2021-05-01T14:48:53Z</time></trkpt><trkpt lat="54.768147" lon="25.701053"><ele>209.768</ele><time>2021-05-01T14:48:52Z</time></trkpt><trkpt lat="54.768434" lon="25.700824"><ele>209.551</ele><time>2021-05-01T14:48:50Z</time></trkpt><trkpt lat="54.768715" lon="25.700611"><ele>210.026</ele><time>2021-05-01T14:48:48Z</time></trkpt><trkpt lat="54.768849" lon="25.700497"><ele>209.568</ele><time>2021-05-01T14:48:47Z</time></trkpt><trkpt lat="54.768975" lon="25.700388"><ele>209.273</ele><time>2021-05-01T14:48:46Z</time></trkpt><trkpt lat="54.769097" lon="25.700295"><ele>208.981</ele><time>2021-05-01T14:48:45Z</time></trkpt><trkpt lat="54.769218" lon="25.700213"><ele>209.044</ele><time>2021-05-01T14:48:44Z</time></trkpt><trkpt lat="54.769339" lon="25.700129"><ele>209.091</ele><time>2021-05-01T14:48:43Z</time></trkpt><trkpt lat="54.769458" lon="25.700024"><ele>209.829</ele><time>2021-05-01T14:48:42Z</time></trkpt><trkpt lat="54.769574" lon="25.69988"><ele>209.147</ele><time>2021-05-01T14:48:41Z</time></trkpt><trkpt lat="54.769697" lon="25.699711"><ele>209.129</ele><time>2021-05-01T14:48:40Z</time></trkpt><trkpt lat="54.769931" lon="25.69939"><ele>209.721</ele><time>2021-05-01T14:48:38Z</time></trkpt><trkpt lat="54.77002" lon="25.699269"><ele>209.809</ele><time>2021-05-01T14:48:37Z</time></trkpt><trkpt lat="54.770146" lon="25.699116"><ele>209.245</ele><time>2021-05-01T14:48:35Z</time></trkpt><trkpt lat="54.770206" lon="25.699072"><ele>209.288</ele><time>2021-05-01T14:48:34Z</time></trkpt><trkpt lat="54.770276" lon="25.699052"><ele>209.073</ele><time>2021-05-01T14:48:33Z</time></trkpt><trkpt lat="54.770357" lon="25.699061"><ele>209.065</ele><time>2021-05-01T14:48:32Z</time></trkpt><trkpt lat="54.770524" lon="25.699163"><ele>209.590</ele><time>2021-05-01T14:48:30Z</time></trkpt><trkpt lat="54.770602" lon="25.699262"><ele>209.378</ele><time>2021-05-01T14:48:29Z</time></trkpt><trkpt lat="54.77075" lon="25.699514"><ele>209.631</ele><time>2021-05-01T14:48:27Z</time></trkpt><trkpt lat="54.770822" lon="25.699638"><ele>209.558</ele><time>2021-05-01T14:48:26Z</time></trkpt><trkpt lat="54.770951" lon="25.69985"><ele>209.796</ele><time>2021-05-01T14:48:24Z</time></trkpt><trkpt lat="54.771023" lon="25.700062"><ele>209.492</ele><time>2021-05-01T14:48:22Z</time></trkpt><trkpt lat="54.771019" lon="25.700181"><ele>209.473</ele><time>2021-05-01T14:48:21Z</time></trkpt><trkpt lat="54.770992" lon="25.700318"><ele>210.120</ele><time>2021-05-01T14:48:20Z</time></trkpt><trkpt lat="54.770945" lon="25.700492"><ele>210.909</ele><time>2021-05-01T14:48:19Z</time></trkpt><trkpt lat="54.770826" lon="25.700911"><ele>211.690</ele><time>2021-05-01T14:48:17Z</time></trkpt><trkpt lat="54.770771" lon="25.701126"><ele>212.143</ele><time>2021-05-01T14:48:16Z</time></trkpt><trkpt lat="54.770663" lon="25.701579"><ele>213.268</ele><time>2021-05-01T14:48:14Z</time></trkpt><trkpt lat="54.770608" lon="25.701814"><ele>214.680</ele><time>2021-05-01T14:48:13Z</time></trkpt><trkpt lat="54.770554" lon="25.702055"><ele>215.125</ele><time>2021-05-01T14:48:12Z</time></trkpt><trkpt lat="54.770445" lon="25.702532"><ele>215.133</ele><time>2021-05-01T14:48:10Z</time></trkpt><trkpt lat="54.770331" lon="25.703001"><ele>216.096</ele><time>2021-05-01T14:48:08Z</time></trkpt><trkpt lat="54.770272" lon="25.703236"><ele>216.763</ele><time>2021-05-01T14:48:07Z</time></trkpt><trkpt lat="54.77021" lon="25.703467"><ele>216.661</ele><time>2021-05-01T14:48:06Z</time></trkpt><trkpt lat="54.770151" lon="25.703681"><ele>217.536</ele><time>2021-05-01T14:48:05Z</time></trkpt><trkpt lat="54.770057" lon="25.704055"><ele>217.517</ele><time>2021-05-01T14:48:03Z</time></trkpt><trkpt lat="54.770024" lon="25.704213"><ele>217.618</ele><time>2021-05-01T14:48:02Z</time></trkpt><trkpt lat="54.769979" lon="25.704479"><ele>216.909</ele><time>2021-05-01T14:48:00Z</time></trkpt><trkpt lat="54.769958" lon="25.704596"><ele>217.014</ele><time>2021-05-01T14:47:59Z</time></trkpt><trkpt lat="54.769926" lon="25.704816"><ele>216.917</ele><time>2021-05-01T14:47:57Z</time></trkpt><trkpt lat="54.769895" lon="25.705038"><ele>216.922</ele><time>2021-05-01T14:47:55Z</time></trkpt><trkpt lat="54.769859" lon="25.705308"><ele>216.584</ele><time>2021-05-01T14:47:53Z</time></trkpt><trkpt lat="54.7698" lon="25.705662"><ele>217.479</ele><time>2021-05-01T14:47:51Z</time></trkpt><trkpt lat="54.769733" lon="25.706037"><ele>216.897</ele><time>2021-05-01T14:47:49Z</time></trkpt><trkpt lat="54.769697" lon="25.70624"><ele>216.220</ele><time>2021-05-01T14:47:48Z</time></trkpt><trkpt lat="54.769655" lon="25.70648"><ele>216.357</ele><time>2021-05-01T14:47:47Z</time></trkpt><trkpt lat="54.769612" lon="25.706746"><ele>215.845</ele><time>2021-05-01T14:47:46Z</time></trkpt><trkpt lat="54.769565" lon="25.707021"><ele>216.091</ele><time>2021-05-01T14:47:45Z</time></trkpt><trkpt lat="54.769463" lon="25.707574"><ele>216.381</ele><time>2021-05-01T14:47:43Z</time></trkpt><trkpt lat="54.769355" lon="25.708115"><ele>216.219</ele><time>2021-05-01T14:47:41Z</time></trkpt><trkpt lat="54.769268" lon="25.708601"><ele>216.409</ele><time>2021-05-01T14:47:39Z</time></trkpt><trkpt lat="54.769233" lon="25.708817"><ele>216.180</ele><time>2021-05-01T14:47:38Z</time></trkpt><trkpt lat="54.769202" lon="25.709022"><ele>216.483</ele><time>2021-05-01T14:47:37Z</time></trkpt><trkpt lat="54.76917" lon="25.709216"><ele>216.588</ele><time>2021-05-01T14:47:36Z</time></trkpt><trkpt lat="54.769143" lon="25.709406"><ele>216.520</ele><time>2021-05-01T14:47:35Z</time></trkpt><trkpt lat="54.769125" lon="25.709602"><ele>216.675</ele><time>2021-05-01T14:47:34Z</time></trkpt><trkpt lat="54.769129" lon="25.710008"><ele>217.173</ele><time>2021-05-01T14:47:32Z</time></trkpt><trkpt lat="54.769156" lon="25.710213"><ele>216.816</ele><time>2021-05-01T14:47:31Z</time></trkpt><trkpt lat="54.769238" lon="25.710623"><ele>216.643</ele><time>2021-05-01T14:47:29Z</time></trkpt><trkpt lat="54.769333" lon="25.711014"><ele>216.211</ele><time>2021-05-01T14:47:27Z</time></trkpt><trkpt lat="54.769382" lon="25.711204"><ele>215.193</ele><time>2021-05-01T14:47:26Z</time></trkpt><trkpt lat="54.76943" lon="25.711394"><ele>215.165</ele><time>2021-05-01T14:47:25Z</time></trkpt><trkpt lat="54.76953" lon="25.711768"><ele>214.421</ele><time>2021-05-01T14:47:23Z</time></trkpt><trkpt lat="54.769584" lon="25.711942"><ele>213.609</ele><time>2021-05-01T14:47:22Z</time></trkpt><trkpt lat="54.769725" lon="25.712266"><ele>213.970</ele><time>2021-05-01T14:47:20Z</time></trkpt><trkpt lat="54.769821" lon="25.712445"><ele>213.353</ele><time>2021-05-01T14:47:19Z</time></trkpt><trkpt lat="54.770051" lon="25.712876"><ele>212.518</ele><time>2021-05-01T14:47:17Z</time></trkpt><trkpt lat="54.77018" lon="25.713114"><ele>211.890</ele><time>2021-05-01T14:47:16Z</time></trkpt><trkpt lat="54.770442" lon="25.713585"><ele>210.825</ele><time>2021-05-01T14:47:14Z</time></trkpt><trkpt lat="54.770575" lon="25.713801"><ele>210.383</ele><time>2021-05-01T14:47:13Z</time></trkpt><trkpt lat="54.770814" lon="25.714213"><ele>210.056</ele><time>2021-05-01T14:47:11Z</time></trkpt><trkpt lat="54.770893" lon="25.714431"><ele>210.823</ele><time>2021-05-01T14:47:10Z</time></trkpt><trkpt lat="54.770964" lon="25.714842"><ele>210.921</ele><time>2021-05-01T14:47:08Z</time></trkpt><trkpt lat="54.770969" lon="25.71504"><ele>210.992</ele><time>2021-05-01T14:47:07Z</time></trkpt><trkpt lat="54.770961" lon="25.71523"><ele>211.373</ele><time>2021-05-01T14:47:06Z</time></trkpt><trkpt lat="54.770876" lon="25.715592"><ele>212.220</ele><time>2021-05-01T14:47:04Z</time></trkpt><trkpt lat="54.770817" lon="25.715773"><ele>213.309</ele><time>2021-05-01T14:47:03Z</time></trkpt><trkpt lat="54.770752" lon="25.716195"><ele>214.370</ele><time>2021-05-01T14:47:01Z</time></trkpt><trkpt lat="54.770729" lon="25.716419"><ele>214.683</ele><time>2021-05-01T14:47:00Z</time></trkpt><trkpt lat="54.77071" lon="25.716896"><ele>215.198</ele><time>2021-05-01T14:46:58Z</time></trkpt><trkpt lat="54.770701" lon="25.717425"><ele>215.240</ele><time>2021-05-01T14:46:56Z</time></trkpt><trkpt lat="54.770697" lon="25.717709"><ele>215.125</ele><time>2021-05-01T14:46:55Z</time></trkpt><trkpt lat="54.770689" lon="25.718293"><ele>214.853</ele><time>2021-05-01T14:46:53Z</time></trkpt><trkpt lat="54.770686" lon="25.718586"><ele>214.556</ele><time>2021-05-01T14:46:52Z</time></trkpt><trkpt lat="54.77068" lon="25.719167"><ele>214.563</ele><time>2021-05-01T14:46:50Z</time></trkpt><trkpt lat="54.77067" lon="25.719731"><ele>214.551</ele><time>2021-05-01T14:46:48Z</time></trkpt><trkpt lat="54.770647" lon="25.720263"><ele>214.038</ele><time>2021-05-01T14:46:46Z</time></trkpt><trkpt lat="54.770642" lon="25.720515"><ele>214.470</ele><time>2021-05-01T14:46:45Z</time></trkpt><trkpt lat="54.770662" lon="25.721018"><ele>214.517</ele><time>2021-05-01T14:46:43Z</time></trkpt><trkpt lat="54.770709" lon="25.721552"><ele>214.709</ele><time>2021-05-01T14:46:41Z</time></trkpt><trkpt lat="54.770741" lon="25.721812"><ele>214.924</ele><time>2021-05-01T14:46:40Z</time></trkpt><trkpt lat="54.770819" lon="25.722281"><ele>215.297</ele><time>2021-05-01T14:46:38Z</time></trkpt><trkpt lat="54.770866" lon="25.722491"><ele>215.372</ele><time>2021-05-01T14:46:37Z</time></trkpt><trkpt lat="54.770917" lon="25.722679"><ele>214.934</ele><time>2021-05-01T14:46:36Z</time></trkpt><trkpt lat="54.771037" lon="25.723002"><ele>214.929</ele><time>2021-05-01T14:46:34Z</time></trkpt><trkpt lat="54.771194" lon="25.723284"><ele>214.167</ele><time>2021-05-01T14:46:32Z</time></trkpt><trkpt lat="54.771402" lon="25.723565"><ele>213.760</ele><time>2021-05-01T14:46:30Z</time></trkpt><trkpt lat="54.771516" lon="25.723717"><ele>213.067</ele><time>2021-05-01T14:46:29Z</time></trkpt><trkpt lat="54.771629" lon="25.723877"><ele>212.825</ele><time>2021-05-01T14:46:28Z</time></trkpt><trkpt lat="54.771835" lon="25.724261"><ele>212.797</ele><time>2021-05-01T14:46:26Z</time></trkpt><trkpt lat="54.771991" lon="25.724713"><ele>212.523</ele><time>2021-05-01T14:46:24Z</time></trkpt><trkpt lat="54.772045" lon="25.724949"><ele>212.625</ele><time>2021-05-01T14:46:23Z</time></trkpt><trkpt lat="54.772079" lon="25.725197"><ele>212.109</ele><time>2021-05-01T14:46:22Z</time></trkpt><trkpt lat="54.772136" lon="25.725662"><ele>212.860</ele><time>2021-05-01T14:46:20Z</time></trkpt><trkpt lat="54.772175" lon="25.725856"><ele>211.743</ele><time>2021-05-01T14:46:19Z</time></trkpt><trkpt lat="54.772301" lon="25.7262"><ele>210.958</ele><time>2021-05-01T14:46:17Z</time></trkpt><trkpt lat="54.77239" lon="25.726364"><ele>210.360</ele><time>2021-05-01T14:46:16Z</time></trkpt><trkpt lat="54.772611" lon="25.726745"><ele>209.015</ele><time>2021-05-01T14:46:14Z</time></trkpt><trkpt lat="54.772738" lon="25.726963"><ele>208.513</ele><time>2021-05-01T14:46:13Z</time></trkpt><trkpt lat="54.772981" lon="25.727378"><ele>208.256</ele><time>2021-05-01T14:46:11Z</time></trkpt><trkpt lat="54.773088" lon="25.727567"><ele>208.313</ele><time>2021-05-01T14:46:10Z</time></trkpt><trkpt lat="54.773188" lon="25.727738"><ele>207.281</ele><time>2021-05-01T14:46:09Z</time></trkpt><trkpt lat="54.773372" lon="25.728067"><ele>206.273</ele><time>2021-05-01T14:46:07Z</time></trkpt><trkpt lat="54.773448" lon="25.728249"><ele>206.085</ele><time>2021-05-01T14:46:06Z</time></trkpt><trkpt lat="54.773611" lon="25.728678"><ele>205.713</ele><time>2021-05-01T14:46:04Z</time></trkpt><trkpt lat="54.773808" lon="25.729016"><ele>205.609</ele><time>2021-05-01T14:46:02Z</time></trkpt><trkpt lat="54.774042" lon="25.729249"><ele>205.688</ele><time>2021-05-01T14:46:00Z</time></trkpt><trkpt lat="54.774176" lon="25.729355"><ele>205.041</ele><time>2021-05-01T14:45:59Z</time></trkpt><trkpt lat="54.774468" lon="25.729598"><ele>205.186</ele><time>2021-05-01T14:45:57Z</time></trkpt><trkpt lat="54.77462" lon="25.729727"><ele>204.738</ele><time>2021-05-01T14:45:56Z</time></trkpt><trkpt lat="54.774894" lon="25.729958"><ele>204.693</ele><time>2021-05-01T14:45:54Z</time></trkpt><trkpt lat="54.775106" lon="25.730137"><ele>204.441</ele><time>2021-05-01T14:45:52Z</time></trkpt><trkpt lat="54.775193" lon="25.730211"><ele>204.224</ele><time>2021-05-01T14:45:51Z</time></trkpt><trkpt lat="54.775352" lon="25.730383"><ele>202.841</ele><time>2021-05-01T14:45:49Z</time></trkpt><trkpt lat="54.775434" lon="25.730505"><ele>202.699</ele><time>2021-05-01T14:45:48Z</time></trkpt><trkpt lat="54.775604" lon="25.730776"><ele>201.962</ele><time>2021-05-01T14:45:46Z</time></trkpt><trkpt lat="54.775687" lon="25.730916"><ele>201.683</ele><time>2021-05-01T14:45:45Z</time></trkpt><trkpt lat="54.775836" lon="25.731178"><ele>201.611</ele><time>2021-05-01T14:45:43Z</time></trkpt><trkpt lat="54.775903" lon="25.731288"><ele>201.009</ele><time>2021-05-01T14:45:42Z</time></trkpt><trkpt lat="54.775968" lon="25.731384"><ele>200.557</ele><time>2021-05-01T14:45:41Z</time></trkpt><trkpt lat="54.776107" lon="25.731525"><ele>199.460</ele><time>2021-05-01T14:45:39Z</time></trkpt><trkpt lat="54.776265" lon="25.73163"><ele>199.315</ele><time>2021-05-01T14:45:37Z</time></trkpt><trkpt lat="54.776351" lon="25.731679"><ele>199.427</ele><time>2021-05-01T14:45:36Z</time></trkpt><trkpt lat="54.776542" lon="25.731802"><ele>199.382</ele><time>2021-05-01T14:45:34Z</time></trkpt><trkpt lat="54.776646" lon="25.731875"><ele>199.580</ele><time>2021-05-01T14:45:33Z</time></trkpt><trkpt lat="54.776876" lon="25.732002"><ele>199.773</ele><time>2021-05-01T14:45:31Z</time></trkpt><trkpt lat="54.777002" lon="25.732049"><ele>200.280</ele><time>2021-05-01T14:45:30Z</time></trkpt><trkpt lat="54.777138" lon="25.73212"><ele>200.138</ele><time>2021-05-01T14:45:29Z</time></trkpt><trkpt lat="54.777279" lon="25.73221"><ele>200.574</ele><time>2021-05-01T14:45:28Z</time></trkpt><trkpt lat="54.777519" lon="25.732399"><ele>201.456</ele><time>2021-05-01T14:45:26Z</time></trkpt><trkpt lat="54.777708" lon="25.732543"><ele>201.521</ele><time>2021-05-01T14:45:24Z</time></trkpt><trkpt lat="54.777799" lon="25.732594"><ele>201.609</ele><time>2021-05-01T14:45:23Z</time></trkpt><trkpt lat="54.777961" lon="25.732664"><ele>201.478</ele><time>2021-05-01T14:45:21Z</time></trkpt><trkpt lat="54.778034" lon="25.732687"><ele>200.641</ele><time>2021-05-01T14:45:20Z</time></trkpt><trkpt lat="54.778181" lon="25.732716"><ele>200.686</ele><time>2021-05-01T14:45:18Z</time></trkpt><trkpt lat="54.778308" lon="25.732667"><ele>200.028</ele><time>2021-05-01T14:45:16Z</time></trkpt><trkpt lat="54.778458" lon="25.732566"><ele>199.793</ele><time>2021-05-01T14:45:14Z</time></trkpt><trkpt lat="54.778562" lon="25.73252"><ele>199.241</ele><time>2021-05-01T14:45:13Z</time></trkpt><trkpt lat="54.778681" lon="25.732491"><ele>198.534</ele><time>2021-05-01T14:45:12Z</time></trkpt><trkpt lat="54.778818" lon="25.732474"><ele>197.491</ele><time>2021-05-01T14:45:11Z</time></trkpt><trkpt lat="54.778964" lon="25.732457"><ele>196.499</ele><time>2021-05-01T14:45:10Z</time></trkpt><trkpt lat="54.779114" lon="25.732436"><ele>195.851</ele><time>2021-05-01T14:45:09Z</time></trkpt><trkpt lat="54.779412" lon="25.732358"><ele>194.601</ele><time>2021-05-01T14:45:07Z</time></trkpt><trkpt lat="54.779568" lon="25.732295"><ele>193.711</ele><time>2021-05-01T14:45:06Z</time></trkpt><trkpt lat="54.779839" lon="25.732233"><ele>193.209</ele><time>2021-05-01T14:45:04Z</time></trkpt><trkpt lat="54.779941" lon="25.732236"><ele>192.836</ele><time>2021-05-01T14:45:03Z</time></trkpt><trkpt lat="54.780027" lon="25.732244"><ele>192.359</ele><time>2021-05-01T14:45:02Z</time></trkpt><trkpt lat="54.780183" lon="25.732261"><ele>191.834</ele><time>2021-05-01T14:45:00Z</time></trkpt><trkpt lat="54.780266" lon="25.732267"><ele>191.366</ele><time>2021-05-01T14:44:59Z</time></trkpt><trkpt lat="54.780435" lon="25.732243"><ele>190.991</ele><time>2021-05-01T14:44:57Z</time></trkpt><trkpt lat="54.780511" lon="25.732223"><ele>190.639</ele><time>2021-05-01T14:44:56Z</time></trkpt><trkpt lat="54.780612" lon="25.732196"><ele>189.292</ele><time>2021-05-01T14:44:54Z</time></trkpt><trkpt lat="54.780671" lon="25.732156"><ele>187.769</ele><time>2021-05-01T14:36:10Z</time></trkpt><trkpt lat="54.780734" lon="25.732147"><ele>187.937</ele><time>2021-05-01T14:36:08Z</time></trkpt><trkpt lat="54.780864" lon="25.732111"><ele>188.432</ele><time>2021-05-01T14:36:06Z</time></trkpt><trkpt lat="54.780948" lon="25.732087"><ele>189.192</ele><time>2021-05-01T14:36:05Z</time></trkpt><trkpt lat="54.781134" lon="25.732047"><ele>190.511</ele><time>2021-05-01T14:36:03Z</time></trkpt><trkpt lat="54.78123" lon="25.732035"><ele>190.909</ele><time>2021-05-01T14:36:02Z</time></trkpt><trkpt lat="54.781401" lon="25.732007"><ele>191.714</ele><time>2021-05-01T14:36:00Z</time></trkpt><trkpt lat="54.781477" lon="25.731977"><ele>192.337</ele><time>2021-05-01T14:35:59Z</time></trkpt><trkpt lat="54.781639" lon="25.731892"><ele>193.012</ele><time>2021-05-01T14:35:57Z</time></trkpt><trkpt lat="54.78173" lon="25.731824"><ele>192.964</ele><time>2021-05-01T14:35:56Z</time></trkpt><trkpt lat="54.781822" lon="25.731735"><ele>193.029</ele><time>2021-05-01T14:35:55Z</time></trkpt><trkpt lat="54.781911" lon="25.731626"><ele>192.967</ele><time>2021-05-01T14:35:54Z</time></trkpt><trkpt lat="54.782095" lon="25.731398"><ele>192.380</ele><time>2021-05-01T14:35:52Z</time></trkpt><trkpt lat="54.78228" lon="25.731226"><ele>192.577</ele><time>2021-05-01T14:35:50Z</time></trkpt><trkpt lat="54.782417" lon="25.731127"><ele>192.835</ele><time>2021-05-01T14:35:48Z</time></trkpt><trkpt lat="54.782466" lon="25.731078"><ele>194.058</ele><time>2021-05-01T14:35:47Z</time></trkpt><trkpt lat="54.78254" lon="25.730964"><ele>194.952</ele><time>2021-05-01T14:35:45Z</time></trkpt><trkpt lat="54.782575" lon="25.730913"><ele>195.017</ele><time>2021-05-01T14:35:44Z</time></trkpt><trkpt lat="54.782691" lon="25.73079"><ele>195.909</ele><time>2021-05-01T14:35:42Z</time></trkpt><trkpt lat="54.782773" lon="25.730708"><ele>196.616</ele><time>2021-05-01T14:35:41Z</time></trkpt><trkpt lat="54.782866" lon="25.730626"><ele>197.539</ele><time>2021-05-01T14:35:40Z</time></trkpt><trkpt lat="54.783044" lon="25.730479"><ele>198.164</ele><time>2021-05-01T14:35:38Z</time></trkpt><trkpt lat="54.783206" lon="25.730305"><ele>197.996</ele><time>2021-05-01T14:35:36Z</time></trkpt><trkpt lat="54.783291" lon="25.730212"><ele>197.541</ele><time>2021-05-01T14:35:35Z</time></trkpt><trkpt lat="54.78348" lon="25.729996"><ele>197.029</ele><time>2021-05-01T14:35:33Z</time></trkpt><trkpt lat="54.783579" lon="25.729873"><ele>196.462</ele><time>2021-05-01T14:35:32Z</time></trkpt><trkpt lat="54.783665" lon="25.729752"><ele>196.429</ele><time>2021-05-01T14:35:31Z</time></trkpt><trkpt lat="54.783752" lon="25.729631"><ele>196.247</ele><time>2021-05-01T14:35:30Z</time></trkpt><trkpt lat="54.783913" lon="25.729394"><ele>196.211</ele><time>2021-05-01T14:35:28Z</time></trkpt><trkpt lat="54.783982" lon="25.72928"><ele>196.121</ele><time>2021-05-01T14:35:27Z</time></trkpt><trkpt lat="54.784043" lon="25.729178"><ele>196.203</ele><time>2021-05-01T14:35:26Z</time></trkpt><trkpt lat="54.784099" lon="25.729088"><ele>196.409</ele><time>2021-05-01T14:35:25Z</time></trkpt><trkpt lat="54.784149" lon="25.729011"><ele>196.072</ele><time>2021-05-01T14:35:24Z</time></trkpt><trkpt lat="54.784241" lon="25.728876"><ele>195.875</ele><time>2021-05-01T14:35:22Z</time></trkpt><trkpt lat="54.784285" lon="25.728807"><ele>195.410</ele><time>2021-05-01T14:35:21Z</time></trkpt><trkpt lat="54.784358" lon="25.728772"><ele>195.412</ele><time>2021-05-01T14:35:19Z</time></trkpt><trkpt lat="54.784442" lon="25.728674"><ele>196.017</ele><time>2021-05-01T14:35:17Z</time></trkpt><trkpt lat="54.784486" lon="25.728605"><ele>196.345</ele><time>2021-05-01T14:35:16Z</time></trkpt><trkpt lat="54.78453" lon="25.72852"><ele>196.068</ele><time>2021-05-01T14:35:15Z</time></trkpt><trkpt lat="54.78457" lon="25.728415"><ele>195.255</ele><time>2021-05-01T14:35:14Z</time></trkpt><trkpt lat="54.784607" lon="25.72829"><ele>195.183</ele><time>2021-05-01T14:35:13Z</time></trkpt><trkpt lat="54.784639" lon="25.728153"><ele>195.329</ele><time>2021-05-01T14:35:12Z</time></trkpt><trkpt lat="54.784668" lon="25.728007"><ele>194.400</ele><time>2021-05-01T14:35:11Z</time></trkpt><trkpt lat="54.784734" lon="25.727691"><ele>193.520</ele><time>2021-05-01T14:35:09Z</time></trkpt><trkpt lat="54.784777" lon="25.727524"><ele>192.509</ele><time>2021-05-01T14:35:08Z</time></trkpt><trkpt lat="54.784866" lon="25.727209"><ele>191.623</ele><time>2021-05-01T14:35:06Z</time></trkpt><trkpt lat="54.784914" lon="25.727074"><ele>190.626</ele><time>2021-05-01T14:35:05Z</time></trkpt><trkpt lat="54.784963" lon="25.726947"><ele>189.771</ele><time>2021-05-01T14:35:04Z</time></trkpt><trkpt lat="54.785013" lon="25.726829"><ele>188.153</ele><time>2021-05-01T14:35:03Z</time></trkpt><trkpt lat="54.785067" lon="25.726727"><ele>185.958</ele><time>2021-05-01T14:35:02Z</time></trkpt><trkpt lat="54.785187" lon="25.726574"><ele>183.566</ele><time>2021-05-01T14:35:00Z</time></trkpt><trkpt lat="54.785259" lon="25.72651"><ele>181.679</ele><time>2021-05-01T14:34:59Z</time></trkpt><trkpt lat="54.785431" lon="25.726393"><ele>178.696</ele><time>2021-05-01T14:34:57Z</time></trkpt><trkpt lat="54.785514" lon="25.726346"><ele>176.434</ele><time>2021-05-01T14:34:56Z</time></trkpt><trkpt lat="54.785585" lon="25.726303"><ele>174.016</ele><time>2021-05-01T14:34:55Z</time></trkpt><trkpt lat="54.78565" lon="25.726267"><ele>172.776</ele><time>2021-05-01T14:34:54Z</time></trkpt><trkpt lat="54.785737" lon="25.726227"><ele>170.613</ele><time>2021-05-01T14:34:52Z</time></trkpt><trkpt lat="54.785808" lon="25.726319"><ele>169.209</ele><time>2021-05-01T14:34:50Z</time></trkpt><trkpt lat="54.785885" lon="25.7265"><ele>168.822</ele><time>2021-05-01T14:34:48Z</time></trkpt><trkpt lat="54.785942" lon="25.72669"><ele>168.545</ele><time>2021-05-01T14:34:46Z</time></trkpt><trkpt lat="54.785965" lon="25.726788"><ele>169.190</ele><time>2021-05-01T14:34:45Z</time></trkpt><trkpt lat="54.785982" lon="25.726882"><ele>170.022</ele><time>2021-05-01T14:34:44Z</time></trkpt><trkpt lat="54.785992" lon="25.727009"><ele>171.837</ele><time>2021-05-01T14:34:42Z</time></trkpt><trkpt lat="54.785979" lon="25.727123"><ele>173.285</ele><time>2021-05-01T14:34:40Z</time></trkpt><trkpt lat="54.785962" lon="25.727209"><ele>174.538</ele><time>2021-05-01T14:34:39Z</time></trkpt><trkpt lat="54.785946" lon="25.727312"><ele>176.455</ele><time>2021-05-01T14:34:38Z</time></trkpt><trkpt lat="54.785954" lon="25.72758"><ele>178.093</ele><time>2021-05-01T14:34:36Z</time></trkpt><trkpt lat="54.785959" lon="25.727862"><ele>180.818</ele><time>2021-05-01T14:34:34Z</time></trkpt><trkpt lat="54.785961" lon="25.728143"><ele>182.498</ele><time>2021-05-01T14:34:32Z</time></trkpt><trkpt lat="54.785972" lon="25.728407"><ele>183.517</ele><time>2021-05-01T14:34:30Z</time></trkpt><trkpt lat="54.786" lon="25.728657"><ele>184.109</ele><time>2021-05-01T14:34:28Z</time></trkpt><trkpt lat="54.786024" lon="25.728776"><ele>184.672</ele><time>2021-05-01T14:34:27Z</time></trkpt><trkpt lat="54.786055" lon="25.728886"><ele>185.115</ele><time>2021-05-01T14:34:26Z</time></trkpt><trkpt lat="54.786127" lon="25.729095"><ele>185.780</ele><time>2021-05-01T14:34:24Z</time></trkpt><trkpt lat="54.786223" lon="25.729283"><ele>185.752</ele><time>2021-05-01T14:34:22Z</time></trkpt><trkpt lat="54.786354" lon="25.729466"><ele>186.047</ele><time>2021-05-01T14:34:20Z</time></trkpt><trkpt lat="54.786515" lon="25.729666"><ele>185.455</ele><time>2021-05-01T14:34:18Z</time></trkpt><trkpt lat="54.786696" lon="25.729886"><ele>185.578</ele><time>2021-05-01T14:34:16Z</time></trkpt><trkpt lat="54.786788" lon="25.72999"><ele>185.245</ele><time>2021-05-01T14:34:15Z</time></trkpt><trkpt lat="54.786878" lon="25.730082"><ele>184.853</ele><time>2021-05-01T14:34:14Z</time></trkpt><trkpt lat="54.787049" lon="25.730222"><ele>184.955</ele><time>2021-05-01T14:34:12Z</time></trkpt><trkpt lat="54.78722" lon="25.730335"><ele>183.907</ele><time>2021-05-01T14:34:10Z</time></trkpt><trkpt lat="54.787404" lon="25.730426"><ele>182.917</ele><time>2021-05-01T14:34:08Z</time></trkpt><trkpt lat="54.787503" lon="25.730451"><ele>181.109</ele><time>2021-05-01T14:34:07Z</time></trkpt><trkpt lat="54.787602" lon="25.730464"><ele>179.616</ele><time>2021-05-01T14:34:06Z</time></trkpt><trkpt lat="54.787709" lon="25.730473"><ele>177.649</ele><time>2021-05-01T14:34:05Z</time></trkpt><trkpt lat="54.787828" lon="25.730479"><ele>175.694</ele><time>2021-05-01T14:34:04Z</time></trkpt><trkpt lat="54.788089" lon="25.730496"><ele>173.636</ele><time>2021-05-01T14:34:02Z</time></trkpt><trkpt lat="54.788341" lon="25.730529"><ele>173.551</ele><time>2021-05-01T14:34:00Z</time></trkpt><trkpt lat="54.78846" lon="25.730539"><ele>173.559</ele><time>2021-05-01T14:33:59Z</time></trkpt><trkpt lat="54.788678" lon="25.730553"><ele>173.482</ele><time>2021-05-01T14:33:57Z</time></trkpt><trkpt lat="54.788786" lon="25.730555"><ele>173.259</ele><time>2021-05-01T14:33:56Z</time></trkpt><trkpt lat="54.788889" lon="25.730557"><ele>172.597</ele><time>2021-05-01T14:33:55Z</time></trkpt><trkpt lat="54.788988" lon="25.73056"><ele>172.467</ele><time>2021-05-01T14:33:54Z</time></trkpt><trkpt lat="54.789183" lon="25.730563"><ele>171.781</ele><time>2021-05-01T14:33:52Z</time></trkpt><trkpt lat="54.78938" lon="25.730555"><ele>171.519</ele><time>2021-05-01T14:33:50Z</time></trkpt><trkpt lat="54.789486" lon="25.730561"><ele>171.709</ele><time>2021-05-01T14:33:49Z</time></trkpt><trkpt lat="54.789704" lon="25.730591"><ele>171.887</ele><time>2021-05-01T14:33:47Z</time></trkpt><trkpt lat="54.789899" lon="25.730636"><ele>171.770</ele><time>2021-05-01T14:33:45Z</time></trkpt><trkpt lat="54.789989" lon="25.730657"><ele>171.915</ele><time>2021-05-01T14:33:44Z</time></trkpt><trkpt lat="54.790075" lon="25.730675"><ele>172.037</ele><time>2021-05-01T14:33:43Z</time></trkpt><trkpt lat="54.790222" lon="25.73074"><ele>171.832</ele><time>2021-05-01T14:33:41Z</time></trkpt><trkpt lat="54.790294" lon="25.730782"><ele>171.820</ele><time>2021-05-01T14:33:40Z</time></trkpt><trkpt lat="54.790443" lon="25.730927"><ele>172.423</ele><time>2021-05-01T14:33:38Z</time></trkpt><trkpt lat="54.790609" lon="25.731095"><ele>172.810</ele><time>2021-05-01T14:33:36Z</time></trkpt><trkpt lat="54.790797" lon="25.73125"><ele>172.688</ele><time>2021-05-01T14:33:34Z</time></trkpt><trkpt lat="54.790988" lon="25.731378"><ele>173.286</ele><time>2021-05-01T14:33:32Z</time></trkpt><trkpt lat="54.791084" lon="25.731417"><ele>173.760</ele><time>2021-05-01T14:33:31Z</time></trkpt><trkpt lat="54.791281" lon="25.731426"><ele>173.726</ele><time>2021-05-01T14:33:29Z</time></trkpt><trkpt lat="54.791389" lon="25.731397"><ele>173.909</ele><time>2021-05-01T14:33:28Z</time></trkpt><trkpt lat="54.791626" lon="25.7313"><ele>173.769</ele><time>2021-05-01T14:33:26Z</time></trkpt><trkpt lat="54.791881" lon="25.731204"><ele>174.022</ele><time>2021-05-01T14:33:24Z</time></trkpt><trkpt lat="54.79201" lon="25.731158"><ele>174.067</ele><time>2021-05-01T14:33:23Z</time></trkpt><trkpt lat="54.792136" lon="25.731116"><ele>174.139</ele><time>2021-05-01T14:33:22Z</time></trkpt><trkpt lat="54.792371" lon="25.731042"><ele>174.494</ele><time>2021-05-01T14:33:20Z</time></trkpt><trkpt lat="54.792575" lon="25.730989"><ele>174.392</ele><time>2021-05-01T14:33:18Z</time></trkpt><trkpt lat="54.792669" lon="25.73097"><ele>174.385</ele><time>2021-05-01T14:33:17Z</time></trkpt><trkpt lat="54.792853" lon="25.730946"><ele>174.022</ele><time>2021-05-01T14:33:15Z</time></trkpt><trkpt lat="54.792942" lon="25.730942"><ele>174.940</ele><time>2021-05-01T14:33:14Z</time></trkpt><trkpt lat="54.793028" lon="25.730949"><ele>174.259</ele><time>2021-05-01T14:33:13Z</time></trkpt><trkpt lat="54.793112" lon="25.730967"><ele>175.103</ele><time>2021-05-01T14:33:12Z</time></trkpt><trkpt lat="54.793195" lon="25.730996"><ele>175.023</ele><time>2021-05-01T14:33:11Z</time></trkpt><trkpt lat="54.79336" lon="25.731064"><ele>175.309</ele><time>2021-05-01T14:33:09Z</time></trkpt><trkpt lat="54.793446" lon="25.731091"><ele>175.986</ele><time>2021-05-01T14:33:08Z</time></trkpt><trkpt lat="54.793634" lon="25.73107"><ele>176.189</ele><time>2021-05-01T14:33:06Z</time></trkpt><trkpt lat="54.793743" lon="25.731033"><ele>176.694</ele><time>2021-05-01T14:33:05Z</time></trkpt><trkpt lat="54.793859" lon="25.730991"><ele>176.826</ele><time>2021-05-01T14:33:04Z</time></trkpt><trkpt lat="54.794107" lon="25.730828"><ele>177.441</ele><time>2021-05-01T14:33:02Z</time></trkpt><trkpt lat="54.794362" lon="25.730594"><ele>178.439</ele><time>2021-05-01T14:33:00Z</time></trkpt><trkpt lat="54.79461" lon="25.730374"><ele>179.362</ele><time>2021-05-01T14:32:58Z</time></trkpt><trkpt lat="54.794737" lon="25.73028"><ele>180.059</ele><time>2021-05-01T14:32:57Z</time></trkpt><trkpt lat="54.795012" lon="25.730112"><ele>180.897</ele><time>2021-05-01T14:32:55Z</time></trkpt><trkpt lat="54.795153" lon="25.730023"><ele>182.425</ele><time>2021-05-01T14:32:54Z</time></trkpt><trkpt lat="54.795284" lon="25.729934"><ele>181.726</ele><time>2021-05-01T14:32:53Z</time></trkpt><trkpt lat="54.795509" lon="25.729785"><ele>182.508</ele><time>2021-05-01T14:32:51Z</time></trkpt><trkpt lat="54.795616" lon="25.729725"><ele>183.309</ele><time>2021-05-01T14:32:50Z</time></trkpt><trkpt lat="54.795827" lon="25.729664"><ele>183.833</ele><time>2021-05-01T14:32:48Z</time></trkpt><trkpt lat="54.795932" lon="25.729656"><ele>184.116</ele><time>2021-05-01T14:32:47Z</time></trkpt><trkpt lat="54.796036" lon="25.729663"><ele>184.241</ele><time>2021-05-01T14:32:46Z</time></trkpt><trkpt lat="54.796138" lon="25.729678"><ele>184.733</ele><time>2021-05-01T14:32:45Z</time></trkpt><trkpt lat="54.796238" lon="25.729704"><ele>184.888</ele><time>2021-05-01T14:32:44Z</time></trkpt><trkpt lat="54.796341" lon="25.729743"><ele>184.886</ele><time>2021-05-01T14:32:43Z</time></trkpt><trkpt lat="54.796545" lon="25.729837"><ele>185.369</ele><time>2021-05-01T14:32:41Z</time></trkpt><trkpt lat="54.796646" lon="25.729889"><ele>185.666</ele><time>2021-05-01T14:32:40Z</time></trkpt><trkpt lat="54.796847" lon="25.72998"><ele>185.724</ele><time>2021-05-01T14:32:38Z</time></trkpt><trkpt lat="54.797048" lon="25.730065"><ele>185.554</ele><time>2021-05-01T14:32:36Z</time></trkpt><trkpt lat="54.797153" lon="25.730125"><ele>185.356</ele><time>2021-05-01T14:32:35Z</time></trkpt><trkpt lat="54.797357" lon="25.730321"><ele>185.211</ele><time>2021-05-01T14:32:33Z</time></trkpt><trkpt lat="54.797456" lon="25.730454"><ele>185.309</ele><time>2021-05-01T14:32:32Z</time></trkpt><trkpt lat="54.797552" lon="25.730592"><ele>185.536</ele><time>2021-05-01T14:32:31Z</time></trkpt><trkpt lat="54.797742" lon="25.730859"><ele>185.499</ele><time>2021-05-01T14:32:29Z</time></trkpt><trkpt lat="54.797835" lon="25.730994"><ele>185.574</ele><time>2021-05-01T14:32:28Z</time></trkpt><trkpt lat="54.797923" lon="25.731125"><ele>184.926</ele><time>2021-05-01T14:32:27Z</time></trkpt><trkpt lat="54.798004" lon="25.731248"><ele>185.181</ele><time>2021-05-01T14:32:26Z</time></trkpt><trkpt lat="54.79816" lon="25.731412"><ele>184.739</ele><time>2021-05-01T14:32:24Z</time></trkpt><trkpt lat="54.798325" lon="25.73141"><ele>184.612</ele><time>2021-05-01T14:32:22Z</time></trkpt><trkpt lat="54.798398" lon="25.731349"><ele>184.479</ele><time>2021-05-01T14:32:21Z</time></trkpt><trkpt lat="54.798463" lon="25.731257"><ele>184.187</ele><time>2021-05-01T14:32:20Z</time></trkpt><trkpt lat="54.798525" lon="25.731148"><ele>184.045</ele><time>2021-05-01T14:32:19Z</time></trkpt><trkpt lat="54.798587" lon="25.731023"><ele>183.647</ele><time>2021-05-01T14:32:18Z</time></trkpt><trkpt lat="54.79865" lon="25.730888"><ele>183.711</ele><time>2021-05-01T14:32:17Z</time></trkpt><trkpt lat="54.798719" lon="25.730783"><ele>183.309</ele><time>2021-05-01T14:32:16Z</time></trkpt><trkpt lat="54.798787" lon="25.730742"><ele>182.965</ele><time>2021-05-01T14:32:15Z</time></trkpt><trkpt lat="54.798921" lon="25.730844"><ele>182.048</ele><time>2021-05-01T14:32:13Z</time></trkpt><trkpt lat="54.798986" lon="25.730949"><ele>182.383</ele><time>2021-05-01T14:32:12Z</time></trkpt><trkpt lat="54.799047" lon="25.731077"><ele>182.225</ele><time>2021-05-01T14:32:11Z</time></trkpt><trkpt lat="54.799103" lon="25.731219"><ele>181.850</ele><time>2021-05-01T14:32:10Z</time></trkpt><trkpt lat="54.799151" lon="25.731377"><ele>181.098</ele><time>2021-05-01T14:32:09Z</time></trkpt><trkpt lat="54.799192" lon="25.731546"><ele>180.021</ele><time>2021-05-01T14:32:08Z</time></trkpt><trkpt lat="54.799299" lon="25.731848"><ele>179.718</ele><time>2021-05-01T14:32:06Z</time></trkpt><trkpt lat="54.79946" lon="25.732061"><ele>179.066</ele><time>2021-05-01T14:32:04Z</time></trkpt><trkpt lat="54.799544" lon="25.732138"><ele>179.129</ele><time>2021-05-01T14:32:03Z</time></trkpt><trkpt lat="54.79971" lon="25.732184"><ele>179.000</ele><time>2021-05-01T14:32:01Z</time></trkpt><trkpt lat="54.799866" lon="25.732052"><ele>178.420</ele><time>2021-05-01T14:31:59Z</time></trkpt><trkpt lat="54.799943" lon="25.731997"><ele>178.209</ele><time>2021-05-01T14:31:58Z</time></trkpt><trkpt lat="54.800107" lon="25.732004"><ele>177.383</ele><time>2021-05-01T14:31:56Z</time></trkpt><trkpt lat="54.800245" lon="25.732155"><ele>177.056</ele><time>2021-05-01T14:31:54Z</time></trkpt><trkpt lat="54.800294" lon="25.732275"><ele>177.181</ele><time>2021-05-01T14:31:53Z</time></trkpt><trkpt lat="54.800353" lon="25.732541"><ele>176.763</ele><time>2021-05-01T14:31:51Z</time></trkpt><trkpt lat="54.80037" lon="25.732666"><ele>177.188</ele><time>2021-05-01T14:31:50Z</time></trkpt><trkpt lat="54.800423" lon="25.732864"><ele>176.886</ele><time>2021-05-01T14:31:48Z</time></trkpt><trkpt lat="54.800478" lon="25.732932"><ele>176.869</ele><time>2021-05-01T14:31:47Z</time></trkpt><trkpt lat="54.800554" lon="25.732978"><ele>176.536</ele><time>2021-05-01T14:31:46Z</time></trkpt><trkpt lat="54.800771" lon="25.733047"><ele>176.664</ele><time>2021-05-01T14:31:44Z</time></trkpt><trkpt lat="54.801012" lon="25.733128"><ele>175.936</ele><time>2021-05-01T14:31:42Z</time></trkpt><trkpt lat="54.801132" lon="25.733191"><ele>175.417</ele><time>2021-05-01T14:31:41Z</time></trkpt><trkpt lat="54.80137" lon="25.733328"><ele>174.618</ele><time>2021-05-01T14:31:39Z</time></trkpt><trkpt lat="54.801491" lon="25.733383"><ele>174.009</ele><time>2021-05-01T14:31:38Z</time></trkpt><trkpt lat="54.801739" lon="25.733477"><ele>172.964</ele><time>2021-05-01T14:31:36Z</time></trkpt><trkpt lat="54.801858" lon="25.73352"><ele>172.327</ele><time>2021-05-01T14:31:35Z</time></trkpt><trkpt lat="54.802071" lon="25.733578"><ele>172.372</ele><time>2021-05-01T14:31:33Z</time></trkpt><trkpt lat="54.802171" lon="25.733588"><ele>172.414</ele><time>2021-05-01T14:31:32Z</time></trkpt><trkpt lat="54.802266" lon="25.733594"><ele>172.439</ele><time>2021-05-01T14:31:31Z</time></trkpt><trkpt lat="54.802458" lon="25.733686"><ele>173.237</ele><time>2021-05-01T14:31:29Z</time></trkpt><trkpt lat="54.802555" lon="25.73378"><ele>173.820</ele><time>2021-05-01T14:31:28Z</time></trkpt><trkpt lat="54.80265" lon="25.733883"><ele>174.087</ele><time>2021-05-01T14:31:27Z</time></trkpt><trkpt lat="54.802829" lon="25.734074"><ele>173.565</ele><time>2021-05-01T14:31:25Z</time></trkpt><trkpt lat="54.802918" lon="25.734153"><ele>172.966</ele><time>2021-05-01T14:31:24Z</time></trkpt><trkpt lat="54.803009" lon="25.734214"><ele>172.429</ele><time>2021-05-01T14:31:23Z</time></trkpt><trkpt lat="54.803103" lon="25.734256"><ele>171.721</ele><time>2021-05-01T14:31:22Z</time></trkpt><trkpt lat="54.803304" lon="25.734259"><ele>171.809</ele><time>2021-05-01T14:31:20Z</time></trkpt><trkpt lat="54.803515" lon="25.734197"><ele>171.077</ele><time>2021-05-01T14:31:18Z</time></trkpt><trkpt lat="54.803716" lon="25.734205"><ele>171.410</ele><time>2021-05-01T14:31:16Z</time></trkpt><trkpt lat="54.803809" lon="25.734262"><ele>171.975</ele><time>2021-05-01T14:31:15Z</time></trkpt><trkpt lat="54.8039" lon="25.734339"><ele>172.257</ele><time>2021-05-01T14:31:14Z</time></trkpt><trkpt lat="54.804098" lon="25.734466"><ele>172.842</ele><time>2021-05-01T14:31:12Z</time></trkpt><trkpt lat="54.804316" lon="25.734554"><ele>172.910</ele><time>2021-05-01T14:31:10Z</time></trkpt><trkpt lat="54.804431" lon="25.734597"><ele>173.383</ele><time>2021-05-01T14:31:09Z</time></trkpt><trkpt lat="54.804545" lon="25.734654"><ele>173.320</ele><time>2021-05-01T14:31:08Z</time></trkpt><trkpt lat="54.804658" lon="25.734731"><ele>172.468</ele><time>2021-05-01T14:31:07Z</time></trkpt><trkpt lat="54.804767" lon="25.734828"><ele>172.593</ele><time>2021-05-01T14:31:06Z</time></trkpt><trkpt lat="54.804872" lon="25.734935"><ele>171.965</ele><time>2021-05-01T14:31:05Z</time></trkpt><trkpt lat="54.805077" lon="25.735141"><ele>171.221</ele><time>2021-05-01T14:31:03Z</time></trkpt><trkpt lat="54.80519" lon="25.735236"><ele>170.909</ele><time>2021-05-01T14:31:02Z</time></trkpt><trkpt lat="54.805465" lon="25.735431"><ele>169.460</ele><time>2021-05-01T14:31:00Z</time></trkpt><trkpt lat="54.805615" lon="25.735528"><ele>168.873</ele><time>2021-05-01T14:30:59Z</time></trkpt><trkpt lat="54.805767" lon="25.735622"><ele>168.198</ele><time>2021-05-01T14:30:58Z</time></trkpt><trkpt lat="54.806065" lon="25.735802"><ele>167.230</ele><time>2021-05-01T14:30:56Z</time></trkpt><trkpt lat="54.806349" lon="25.73597"><ele>166.725</ele><time>2021-05-01T14:30:54Z</time></trkpt><trkpt lat="54.806484" lon="25.736046"><ele>166.973</ele><time>2021-05-01T14:30:53Z</time></trkpt><trkpt lat="54.806744" lon="25.736166"><ele>166.256</ele><time>2021-05-01T14:30:51Z</time></trkpt><trkpt lat="54.806874" lon="25.736213"><ele>166.053</ele><time>2021-05-01T14:30:50Z</time></trkpt><trkpt lat="54.807121" lon="25.736271"><ele>165.761</ele><time>2021-05-01T14:30:48Z</time></trkpt><trkpt lat="54.807233" lon="25.73629"><ele>165.815</ele><time>2021-05-01T14:30:47Z</time></trkpt><trkpt lat="54.807437" lon="25.736337"><ele>166.065</ele><time>2021-05-01T14:30:45Z</time></trkpt><trkpt lat="54.807533" lon="25.736367"><ele>166.711</ele><time>2021-05-01T14:30:44Z</time></trkpt><trkpt lat="54.807718" lon="25.736424"><ele>167.609</ele><time>2021-05-01T14:30:42Z</time></trkpt><trkpt lat="54.807887" lon="25.736459"><ele>168.452</ele><time>2021-05-01T14:30:40Z</time></trkpt><trkpt lat="54.808042" lon="25.736482"><ele>168.965</ele><time>2021-05-01T14:30:38Z</time></trkpt><trkpt lat="54.808118" lon="25.736492"><ele>168.820</ele><time>2021-05-01T14:30:37Z</time></trkpt><trkpt lat="54.808194" lon="25.736498"><ele>168.272</ele><time>2021-05-01T14:30:36Z</time></trkpt><trkpt lat="54.808271" lon="25.7365"><ele>168.257</ele><time>2021-05-01T14:30:35Z</time></trkpt><trkpt lat="54.808432" lon="25.736499"><ele>168.185</ele><time>2021-05-01T14:30:33Z</time></trkpt><trkpt lat="54.808516" lon="25.736488"><ele>168.458</ele><time>2021-05-01T14:30:32Z</time></trkpt><trkpt lat="54.808693" lon="25.73641"><ele>168.155</ele><time>2021-05-01T14:30:30Z</time></trkpt><trkpt lat="54.808785" lon="25.736354"><ele>167.813</ele><time>2021-05-01T14:30:29Z</time></trkpt><trkpt lat="54.808985" lon="25.73624"><ele>167.669</ele><time>2021-05-01T14:30:27Z</time></trkpt><trkpt lat="54.809094" lon="25.736198"><ele>167.704</ele><time>2021-05-01T14:30:26Z</time></trkpt><trkpt lat="54.809319" lon="25.736183"><ele>167.424</ele><time>2021-05-01T14:30:24Z</time></trkpt><trkpt lat="54.809433" lon="25.736212"><ele>167.109</ele><time>2021-05-01T14:30:23Z</time></trkpt><trkpt lat="54.809672" lon="25.736307"><ele>167.547</ele><time>2021-05-01T14:30:21Z</time></trkpt><trkpt lat="54.809793" lon="25.736362"><ele>167.410</ele><time>2021-05-01T14:30:20Z</time></trkpt><trkpt lat="54.81003" lon="25.736492"><ele>167.145</ele><time>2021-05-01T14:30:18Z</time></trkpt><trkpt lat="54.810258" lon="25.736638"><ele>166.947</ele><time>2021-05-01T14:30:16Z</time></trkpt><trkpt lat="54.810372" lon="25.736711"><ele>165.812</ele><time>2021-05-01T14:30:15Z</time></trkpt><trkpt lat="54.810613" lon="25.736845"><ele>164.710</ele><time>2021-05-01T14:30:13Z</time></trkpt><trkpt lat="54.810744" lon="25.736905"><ele>163.423</ele><time>2021-05-01T14:30:12Z</time></trkpt><trkpt lat="54.811045" lon="25.737007"><ele>162.970</ele><time>2021-05-01T14:30:10Z</time></trkpt><trkpt lat="54.811212" lon="25.737055"><ele>162.148</ele><time>2021-05-01T14:30:09Z</time></trkpt><trkpt lat="54.811389" lon="25.7371"><ele>160.667</ele><time>2021-05-01T14:30:08Z</time></trkpt><trkpt lat="54.811578" lon="25.737144"><ele>158.381</ele><time>2021-05-01T14:30:07Z</time></trkpt><trkpt lat="54.811981" lon="25.737223"><ele>156.419</ele><time>2021-05-01T14:30:05Z</time></trkpt><trkpt lat="54.812183" lon="25.737262"><ele>154.509</ele><time>2021-05-01T14:30:04Z</time></trkpt><trkpt lat="54.812582" lon="25.737333"><ele>152.077</ele><time>2021-05-01T14:30:02Z</time></trkpt><trkpt lat="54.812965" lon="25.737364"><ele>150.730</ele><time>2021-05-01T14:30:00Z</time></trkpt><trkpt lat="54.813319" lon="25.737465"><ele>149.355</ele><time>2021-05-01T14:29:58Z</time></trkpt><trkpt lat="54.813648" lon="25.737657"><ele>148.197</ele><time>2021-05-01T14:29:56Z</time></trkpt><trkpt lat="54.813974" lon="25.737839"><ele>145.852</ele><time>2021-05-01T14:29:54Z</time></trkpt><trkpt lat="54.814313" lon="25.737972"><ele>144.090</ele><time>2021-05-01T14:29:52Z</time></trkpt><trkpt lat="54.814664" lon="25.73808"><ele>143.033</ele><time>2021-05-01T14:29:50Z</time></trkpt><trkpt lat="54.815019" lon="25.738166"><ele>142.480</ele><time>2021-05-01T14:29:48Z</time></trkpt><trkpt lat="54.815357" lon="25.738251"><ele>142.018</ele><time>2021-05-01T14:29:46Z</time></trkpt><trkpt lat="54.815694" lon="25.73834"><ele>142.176</ele><time>2021-05-01T14:29:44Z</time></trkpt><trkpt lat="54.815864" lon="25.73839"><ele>141.390</ele><time>2021-05-01T14:29:43Z</time></trkpt><trkpt lat="54.816207" lon="25.738487"><ele>141.019</ele><time>2021-05-01T14:29:41Z</time></trkpt><trkpt lat="54.816548" lon="25.738585"><ele>141.309</ele><time>2021-05-01T14:29:39Z</time></trkpt><trkpt lat="54.816715" lon="25.738638"><ele>142.388</ele><time>2021-05-01T14:29:38Z</time></trkpt><trkpt lat="54.816881" lon="25.738692"><ele>142.051</ele><time>2021-05-01T14:29:37Z</time></trkpt><trkpt lat="54.817205" lon="25.738809"><ele>142.766</ele><time>2021-05-01T14:29:35Z</time></trkpt><trkpt lat="54.817508" lon="25.738968"><ele>143.288</ele><time>2021-05-01T14:29:33Z</time></trkpt><trkpt lat="54.817653" lon="25.73906"><ele>142.913</ele><time>2021-05-01T14:29:32Z</time></trkpt><trkpt lat="54.817797" lon="25.739152"><ele>143.041</ele><time>2021-05-01T14:29:31Z</time></trkpt><trkpt lat="54.818078" lon="25.739305"><ele>143.294</ele><time>2021-05-01T14:29:29Z</time></trkpt><trkpt lat="54.818215" lon="25.739361"><ele>142.711</ele><time>2021-05-01T14:29:28Z</time></trkpt><trkpt lat="54.818496" lon="25.739467"><ele>142.469</ele><time>2021-05-01T14:29:26Z</time></trkpt><trkpt lat="54.818793" lon="25.739625"><ele>142.027</ele><time>2021-05-01T14:29:24Z</time></trkpt><trkpt lat="54.818942" lon="25.73972"><ele>142.468</ele><time>2021-05-01T14:29:23Z</time></trkpt><trkpt lat="54.819088" lon="25.739823"><ele>141.914</ele><time>2021-05-01T14:29:22Z</time></trkpt><trkpt lat="54.819383" lon="25.740039"><ele>142.709</ele><time>2021-05-01T14:29:20Z</time></trkpt><trkpt lat="54.819536" lon="25.740133"><ele>143.073</ele><time>2021-05-01T14:29:19Z</time></trkpt><trkpt lat="54.819694" lon="25.740213"><ele>143.066</ele><time>2021-05-01T14:29:18Z</time></trkpt><trkpt lat="54.82001" lon="25.740323"><ele>143.621</ele><time>2021-05-01T14:29:16Z</time></trkpt><trkpt lat="54.82017" lon="25.740362"><ele>144.153</ele><time>2021-05-01T14:29:15Z</time></trkpt><trkpt lat="54.820332" lon="25.740406"><ele>144.178</ele><time>2021-05-01T14:29:14Z</time></trkpt><trkpt lat="54.820626" lon="25.740552"><ele>143.816</ele><time>2021-05-01T14:29:12Z</time></trkpt><trkpt lat="54.820761" lon="25.740658"><ele>144.479</ele><time>2021-05-01T14:29:11Z</time></trkpt><trkpt lat="54.820891" lon="25.740786"><ele>145.576</ele><time>2021-05-01T14:29:10Z</time></trkpt><trkpt lat="54.821164" lon="25.741008"><ele>146.014</ele><time>2021-05-01T14:29:08Z</time></trkpt><trkpt lat="54.821457" lon="25.74111"><ele>145.411</ele><time>2021-05-01T14:29:06Z</time></trkpt><trkpt lat="54.821606" lon="25.741128"><ele>145.521</ele><time>2021-05-01T14:29:05Z</time></trkpt><trkpt lat="54.82176" lon="25.74113"><ele>145.603</ele><time>2021-05-01T14:29:04Z</time></trkpt><trkpt lat="54.822065" lon="25.741154"><ele>145.109</ele><time>2021-05-01T14:29:02Z</time></trkpt><trkpt lat="54.822352" lon="25.74127"><ele>144.832</ele><time>2021-05-01T14:29:00Z</time></trkpt><trkpt lat="54.822641" lon="25.741435"><ele>145.095</ele><time>2021-05-01T14:28:58Z</time></trkpt><trkpt lat="54.822958" lon="25.741575"><ele>144.380</ele><time>2021-05-01T14:28:56Z</time></trkpt><trkpt lat="54.823128" lon="25.741634"><ele>143.772</ele><time>2021-05-01T14:28:55Z</time></trkpt><trkpt lat="54.823474" lon="25.741724"><ele>142.137</ele><time>2021-05-01T14:28:53Z</time></trkpt><trkpt lat="54.823823" lon="25.741775"><ele>140.825</ele><time>2021-05-01T14:28:51Z</time></trkpt><trkpt lat="54.823998" lon="25.741787"><ele>140.818</ele><time>2021-05-01T14:28:50Z</time></trkpt><trkpt lat="54.824348" lon="25.741803"><ele>139.995</ele><time>2021-05-01T14:28:48Z</time></trkpt><trkpt lat="54.824523" lon="25.741815"><ele>139.683</ele><time>2021-05-01T14:28:47Z</time></trkpt><trkpt lat="54.824701" lon="25.741822"><ele>138.742</ele><time>2021-05-01T14:28:46Z</time></trkpt><trkpt lat="54.825064" lon="25.741816"><ele>137.822</ele><time>2021-05-01T14:28:44Z</time></trkpt><trkpt lat="54.825253" lon="25.741808"><ele>136.614</ele><time>2021-05-01T14:28:43Z</time></trkpt><trkpt lat="54.825451" lon="25.741793"><ele>135.609</ele><time>2021-05-01T14:28:42Z</time></trkpt><trkpt lat="54.825655" lon="25.741777"><ele>134.515</ele><time>2021-05-01T14:28:41Z</time></trkpt><trkpt lat="54.825863" lon="25.741762"><ele>133.568</ele><time>2021-05-01T14:28:40Z</time></trkpt><trkpt lat="54.826287" lon="25.741729"><ele>131.913</ele><time>2021-05-01T14:28:38Z</time></trkpt><trkpt lat="54.826493" lon="25.741696"><ele>131.115</ele><time>2021-05-01T14:28:37Z</time></trkpt><trkpt lat="54.826691" lon="25.741644"><ele>130.590</ele><time>2021-05-01T14:28:36Z</time></trkpt><trkpt lat="54.826884" lon="25.741562"><ele>129.778</ele><time>2021-05-01T14:28:35Z</time></trkpt><trkpt lat="54.827265" lon="25.741309"><ele>128.191</ele><time>2021-05-01T14:28:33Z</time></trkpt><trkpt lat="54.827451" lon="25.741147"><ele>127.498</ele><time>2021-05-01T14:28:32Z</time></trkpt><trkpt lat="54.827629" lon="25.740967"><ele>127.056</ele><time>2021-05-01T14:28:31Z</time></trkpt><trkpt lat="54.827975" lon="25.740556"><ele>126.628</ele><time>2021-05-01T14:28:29Z</time></trkpt><trkpt lat="54.828306" lon="25.740076"><ele>125.889</ele><time>2021-05-01T14:28:27Z</time></trkpt><trkpt lat="54.828633" lon="25.739554"><ele>124.617</ele><time>2021-05-01T14:28:25Z</time></trkpt><trkpt lat="54.8288" lon="25.739281"><ele>124.809</ele><time>2021-05-01T14:28:24Z</time></trkpt><trkpt lat="54.829126" lon="25.738739"><ele>124.133</ele><time>2021-05-01T14:28:22Z</time></trkpt><trkpt lat="54.829283" lon="25.738486"><ele>123.916</ele><time>2021-05-01T14:28:21Z</time></trkpt><trkpt lat="54.829435" lon="25.73825"><ele>123.511</ele><time>2021-05-01T14:28:20Z</time></trkpt><trkpt lat="54.829732" lon="25.737864"><ele>123.763</ele><time>2021-05-01T14:28:18Z</time></trkpt><trkpt lat="54.829883" lon="25.737722"><ele>123.188</ele><time>2021-05-01T14:28:17Z</time></trkpt><trkpt lat="54.830033" lon="25.73761"><ele>122.876</ele><time>2021-05-01T14:28:16Z</time></trkpt><trkpt lat="54.830179" lon="25.737529"><ele>123.479</ele><time>2021-05-01T14:28:15Z</time></trkpt><trkpt lat="54.830464" lon="25.737435"><ele>123.526</ele><time>2021-05-01T14:28:13Z</time></trkpt><trkpt lat="54.83078" lon="25.737413"><ele>122.854</ele><time>2021-05-01T14:28:11Z</time></trkpt><trkpt lat="54.830956" lon="25.73741"><ele>122.472</ele><time>2021-05-01T14:28:10Z</time></trkpt><trkpt lat="54.83114" lon="25.737412"><ele>121.613</ele><time>2021-05-01T14:28:09Z</time></trkpt><trkpt lat="54.831533" lon="25.737421"><ele>121.114</ele><time>2021-05-01T14:28:07Z</time></trkpt><trkpt lat="54.831751" lon="25.737428"><ele>120.409</ele><time>2021-05-01T14:28:06Z</time></trkpt><trkpt lat="54.83219" lon="25.737447"><ele>120.348</ele><time>2021-05-01T14:28:04Z</time></trkpt><trkpt lat="54.832391" lon="25.73745"><ele>120.171</ele><time>2021-05-01T14:28:03Z</time></trkpt><trkpt lat="54.832579" lon="25.73743"><ele>119.826</ele><time>2021-05-01T14:28:02Z</time></trkpt><trkpt lat="54.83275" lon="25.737374"><ele>118.758</ele><time>2021-05-01T14:28:01Z</time></trkpt><trkpt lat="54.832908" lon="25.737287"><ele>118.153</ele><time>2021-05-01T14:28:00Z</time></trkpt><trkpt lat="54.83306" lon="25.737172"><ele>117.671</ele><time>2021-05-01T14:27:59Z</time></trkpt><trkpt lat="54.833211" lon="25.737027"><ele>117.194</ele><time>2021-05-01T14:27:58Z</time></trkpt><trkpt lat="54.833355" lon="25.736871"><ele>116.891</ele><time>2021-05-01T14:27:57Z</time></trkpt><trkpt lat="54.833592" lon="25.736587"><ele>116.589</ele><time>2021-05-01T14:27:55Z</time></trkpt><trkpt lat="54.833798" lon="25.736336"><ele>116.147</ele><time>2021-05-01T14:27:53Z</time></trkpt><trkpt lat="54.8339" lon="25.736211"><ele>116.229</ele><time>2021-05-01T14:27:52Z</time></trkpt><trkpt lat="54.834101" lon="25.735963"><ele>116.321</ele><time>2021-05-01T14:27:50Z</time></trkpt><trkpt lat="54.834297" lon="25.735723"><ele>115.509</ele><time>2021-05-01T14:27:48Z</time></trkpt><trkpt lat="54.834489" lon="25.735486"><ele>114.825</ele><time>2021-05-01T14:27:46Z</time></trkpt><trkpt lat="54.834684" lon="25.73525"><ele>114.538</ele><time>2021-05-01T14:27:44Z</time></trkpt><trkpt lat="54.834783" lon="25.735127"><ele>114.863</ele><time>2021-05-01T14:27:43Z</time></trkpt><trkpt lat="54.834985" lon="25.734881"><ele>115.085</ele><time>2021-05-01T14:27:41Z</time></trkpt><trkpt lat="54.835084" lon="25.734762"><ele>115.320</ele><time>2021-05-01T14:27:40Z</time></trkpt><trkpt lat="54.835177" lon="25.734643"><ele>115.028</ele><time>2021-05-01T14:27:39Z</time></trkpt><trkpt lat="54.835344" lon="25.734398"><ele>114.941</ele><time>2021-05-01T14:27:37Z</time></trkpt><trkpt lat="54.835424" lon="25.734277"><ele>115.018</ele><time>2021-05-01T14:27:36Z</time></trkpt><trkpt lat="54.835505" lon="25.734157"><ele>115.786</ele><time>2021-05-01T14:27:35Z</time></trkpt><trkpt lat="54.83568" lon="25.733946"><ele>116.128</ele><time>2021-05-01T14:27:33Z</time></trkpt><trkpt lat="54.835779" lon="25.733862"><ele>115.889</ele><time>2021-05-01T14:27:32Z</time></trkpt><trkpt lat="54.835887" lon="25.733786"><ele>115.717</ele><time>2021-05-01T14:27:31Z</time></trkpt><trkpt lat="54.836001" lon="25.733716"><ele>115.409</ele><time>2021-05-01T14:27:30Z</time></trkpt><trkpt lat="54.836248" lon="25.733589"><ele>114.753</ele><time>2021-05-01T14:27:28Z</time></trkpt><trkpt lat="54.8365" lon="25.733475"><ele>114.326</ele><time>2021-05-01T14:27:26Z</time></trkpt><trkpt lat="54.836732" lon="25.733366"><ele>114.771</ele><time>2021-05-01T14:27:24Z</time></trkpt><trkpt lat="54.836836" lon="25.733314"><ele>114.663</ele><time>2021-05-01T14:27:23Z</time></trkpt><trkpt lat="54.836932" lon="25.73326"><ele>114.218</ele><time>2021-05-01T14:27:22Z</time></trkpt><trkpt lat="54.83702" lon="25.733206"><ele>114.016</ele><time>2021-05-01T14:27:21Z</time></trkpt><trkpt lat="54.837181" lon="25.733102"><ele>113.379</ele><time>2021-05-01T14:27:19Z</time></trkpt><trkpt lat="54.837314" lon="25.733037"><ele>113.916</ele><time>2021-05-01T14:27:17Z</time></trkpt><trkpt lat="54.837366" lon="25.733021"><ele>114.574</ele><time>2021-05-01T14:27:16Z</time></trkpt><trkpt lat="54.837432" lon="25.733018"><ele>115.512</ele><time>2021-05-01T14:27:14Z</time></trkpt><trkpt lat="54.83748" lon="25.733054"><ele>115.032</ele><time>2021-05-01T14:27:12Z</time></trkpt><trkpt lat="54.837511" lon="25.73311"><ele>115.005</ele><time>2021-05-01T14:27:11Z</time></trkpt><trkpt lat="54.837548" lon="25.733196"><ele>115.009</ele><time>2021-05-01T14:27:10Z</time></trkpt><trkpt lat="54.83763" lon="25.73344"><ele>115.852</ele><time>2021-05-01T14:27:08Z</time></trkpt><trkpt lat="54.837665" lon="25.733578"><ele>116.935</ele><time>2021-05-01T14:27:07Z</time></trkpt><trkpt lat="54.837692" lon="25.733718"><ele>117.770</ele><time>2021-05-01T14:27:06Z</time></trkpt><trkpt lat="54.837727" lon="25.734011"><ele>118.322</ele><time>2021-05-01T14:27:04Z</time></trkpt><trkpt lat="54.837735" lon="25.734161"><ele>118.777</ele><time>2021-05-01T14:27:03Z</time></trkpt><trkpt lat="54.837757" lon="25.73449"><ele>119.235</ele><time>2021-05-01T14:27:01Z</time></trkpt><trkpt lat="54.83779" lon="25.734675"><ele>119.668</ele><time>2021-05-01T14:27:00Z</time></trkpt><trkpt lat="54.837904" lon="25.735082"><ele>119.975</ele><time>2021-05-01T14:26:58Z</time></trkpt><trkpt lat="54.838034" lon="25.735516"><ele>119.783</ele><time>2021-05-01T14:26:56Z</time></trkpt><trkpt lat="54.838099" lon="25.73573"><ele>119.727</ele><time>2021-05-01T14:26:55Z</time></trkpt><trkpt lat="54.838231" lon="25.736146"><ele>119.768</ele><time>2021-05-01T14:26:53Z</time></trkpt><trkpt lat="54.838296" lon="25.736351"><ele>118.814</ele><time>2021-05-01T14:26:52Z</time></trkpt><trkpt lat="54.83836" lon="25.736557"><ele>118.109</ele><time>2021-05-01T14:26:51Z</time></trkpt><trkpt lat="54.838485" lon="25.736967"><ele>118.213</ele><time>2021-05-01T14:26:49Z</time></trkpt><trkpt lat="54.838548" lon="25.737171"><ele>118.176</ele><time>2021-05-01T14:26:48Z</time></trkpt><trkpt lat="54.838673" lon="25.737574"><ele>117.041</ele><time>2021-05-01T14:26:46Z</time></trkpt><trkpt lat="54.8388" lon="25.73797"><ele>116.433</ele><time>2021-05-01T14:26:44Z</time></trkpt><trkpt lat="54.838858" lon="25.738165"><ele>115.618</ele><time>2021-05-01T14:26:43Z</time></trkpt><trkpt lat="54.838938" lon="25.738553"><ele>115.066</ele><time>2021-05-01T14:26:41Z</time></trkpt><trkpt lat="54.838948" lon="25.738742"><ele>114.519</ele><time>2021-05-01T14:26:40Z</time></trkpt><trkpt lat="54.838945" lon="25.738925"><ele>114.046</ele><time>2021-05-01T14:26:39Z</time></trkpt><trkpt lat="54.838937" lon="25.739104"><ele>113.694</ele><time>2021-05-01T14:26:38Z</time></trkpt><trkpt lat="54.838932" lon="25.739275"><ele>113.267</ele><time>2021-05-01T14:26:37Z</time></trkpt><trkpt lat="54.838933" lon="25.739441"><ele>113.181</ele><time>2021-05-01T14:26:36Z</time></trkpt><trkpt lat="54.838947" lon="25.739605"><ele>112.619</ele><time>2021-05-01T14:26:35Z</time></trkpt><trkpt lat="54.838993" lon="25.739892"><ele>112.209</ele><time>2021-05-01T14:26:33Z</time></trkpt><trkpt lat="54.839022" lon="25.739967"><ele>112.747</ele><time>2021-05-01T14:26:28Z</time></trkpt><trkpt lat="54.839069" lon="25.739989"><ele>114.690</ele><time>2021-05-01T14:17:56Z</time></trkpt><trkpt lat="54.839026" lon="25.739934"><ele>115.135</ele><time>2021-05-01T14:17:52Z</time></trkpt><trkpt lat="54.839001" lon="25.739861"><ele>115.967</ele><time>2021-05-01T14:17:50Z</time></trkpt><trkpt lat="54.838975" lon="25.739732"><ele>116.352</ele><time>2021-05-01T14:17:48Z</time></trkpt><trkpt lat="54.838959" lon="25.739633"><ele>116.410</ele><time>2021-05-01T14:17:47Z</time></trkpt><trkpt lat="54.838943" lon="25.739377"><ele>117.013</ele><time>2021-05-01T14:17:45Z</time></trkpt><trkpt lat="54.838958" lon="25.739053"><ele>117.160</ele><time>2021-05-01T14:17:43Z</time></trkpt><trkpt lat="54.838964" lon="25.738882"><ele>117.418</ele><time>2021-05-01T14:17:42Z</time></trkpt><trkpt lat="54.838945" lon="25.738543"><ele>117.538</ele><time>2021-05-01T14:17:40Z</time></trkpt><trkpt lat="54.838912" lon="25.738372"><ele>117.370</ele><time>2021-05-01T14:17:39Z</time></trkpt><trkpt lat="54.838862" lon="25.738186"><ele>117.717</ele><time>2021-05-01T14:17:38Z</time></trkpt><trkpt lat="54.838799" lon="25.737973"><ele>117.809</ele><time>2021-05-01T14:17:37Z</time></trkpt><trkpt lat="54.838648" lon="25.737462"><ele>117.714</ele><time>2021-05-01T14:17:35Z</time></trkpt><trkpt lat="54.838566" lon="25.737185"><ele>117.717</ele><time>2021-05-01T14:17:34Z</time></trkpt><trkpt lat="54.838484" lon="25.736914"><ele>117.542</ele><time>2021-05-01T14:17:33Z</time></trkpt><trkpt lat="54.838325" lon="25.736409"><ele>117.574</ele><time>2021-05-01T14:17:31Z</time></trkpt><trkpt lat="54.838182" lon="25.73595"><ele>117.719</ele><time>2021-05-01T14:17:29Z</time></trkpt><trkpt lat="54.838051" lon="25.735546"><ele>118.167</ele><time>2021-05-01T14:17:27Z</time></trkpt><trkpt lat="54.837942" lon="25.73521"><ele>118.470</ele><time>2021-05-01T14:17:25Z</time></trkpt><trkpt lat="54.83785" lon="25.734935"><ele>118.077</ele><time>2021-05-01T14:17:23Z</time></trkpt><trkpt lat="54.837784" lon="25.734651"><ele>117.975</ele><time>2021-05-01T14:17:21Z</time></trkpt><trkpt lat="54.837768" lon="25.73446"><ele>117.346</ele><time>2021-05-01T14:17:20Z</time></trkpt><trkpt lat="54.837733" lon="25.734021"><ele>117.488</ele><time>2021-05-01T14:17:18Z</time></trkpt><trkpt lat="54.837697" lon="25.733805"><ele>117.516</ele><time>2021-05-01T14:17:17Z</time></trkpt><trkpt lat="54.837648" lon="25.733604"><ele>117.209</ele><time>2021-05-01T14:17:16Z</time></trkpt><trkpt lat="54.837525" lon="25.733265"><ele>116.845</ele><time>2021-05-01T14:17:14Z</time></trkpt><trkpt lat="54.837474" lon="25.733139"><ele>116.768</ele><time>2021-05-01T14:17:13Z</time></trkpt><trkpt lat="54.83745" lon="25.733037"><ele>116.323</ele><time>2021-05-01T14:17:12Z</time></trkpt><trkpt lat="54.83748" lon="25.732859"><ele>116.435</ele><time>2021-05-01T14:17:10Z</time></trkpt><trkpt lat="54.837532" lon="25.732771"><ele>115.670</ele><time>2021-05-01T14:17:09Z</time></trkpt><trkpt lat="54.837603" lon="25.732665"><ele>116.158</ele><time>2021-05-01T14:17:08Z</time></trkpt><trkpt lat="54.837681" lon="25.732541"><ele>116.341</ele><time>2021-05-01T14:17:07Z</time></trkpt><trkpt lat="54.837858" lon="25.732239"><ele>116.318</ele><time>2021-05-01T14:17:05Z</time></trkpt><trkpt lat="54.837956" lon="25.732069"><ele>116.186</ele><time>2021-05-01T14:17:04Z</time></trkpt><trkpt lat="54.838161" lon="25.731707"><ele>115.817</ele><time>2021-05-01T14:17:02Z</time></trkpt><trkpt lat="54.838266" lon="25.731517"><ele>115.487</ele><time>2021-05-01T14:17:01Z</time></trkpt><trkpt lat="54.838484" lon="25.731117"><ele>115.715</ele><time>2021-05-01T14:16:59Z</time></trkpt><trkpt lat="54.838591" lon="25.730915"><ele>114.409</ele><time>2021-05-01T14:16:58Z</time></trkpt><trkpt lat="54.838807" lon="25.730516"><ele>114.012</ele><time>2021-05-01T14:16:56Z</time></trkpt><trkpt lat="54.839026" lon="25.730125"><ele>112.555</ele><time>2021-05-01T14:16:54Z</time></trkpt><trkpt lat="54.839135" lon="25.729933"><ele>112.650</ele><time>2021-05-01T14:16:53Z</time></trkpt><trkpt lat="54.839342" lon="25.72956"><ele>111.532</ele><time>2021-05-01T14:16:51Z</time></trkpt><trkpt lat="54.839551" lon="25.729194"><ele>110.317</ele><time>2021-05-01T14:16:49Z</time></trkpt><trkpt lat="54.839776" lon="25.728802"><ele>108.755</ele><time>2021-05-01T14:16:47Z</time></trkpt><trkpt lat="54.839901" lon="25.728598"><ele>108.438</ele><time>2021-05-01T14:16:46Z</time></trkpt><trkpt lat="54.840166" lon="25.728179"><ele>107.565</ele><time>2021-05-01T14:16:44Z</time></trkpt><trkpt lat="54.840437" lon="25.727756"><ele>106.523</ele><time>2021-05-01T14:16:42Z</time></trkpt><trkpt lat="54.840573" lon="25.727544"><ele>105.634</ele><time>2021-05-01T14:16:41Z</time></trkpt><trkpt lat="54.840711" lon="25.727336"><ele>105.455</ele><time>2021-05-01T14:16:40Z</time></trkpt><trkpt lat="54.840849" lon="25.727129"><ele>105.610</ele><time>2021-05-01T14:16:39Z</time></trkpt><trkpt lat="54.841121" lon="25.726719"><ele>106.109</ele><time>2021-05-01T14:16:37Z</time></trkpt><trkpt lat="54.841265" lon="25.726518"><ele>106.484</ele><time>2021-05-01T14:16:36Z</time></trkpt><trkpt lat="54.841415" lon="25.72632"><ele>107.037</ele><time>2021-05-01T14:16:35Z</time></trkpt><trkpt lat="54.841744" lon="25.725943"><ele>107.542</ele><time>2021-05-01T14:16:33Z</time></trkpt><trkpt lat="54.841922" lon="25.725774"><ele>107.884</ele><time>2021-05-01T14:16:32Z</time></trkpt><trkpt lat="54.842296" lon="25.725497"><ele>107.799</ele><time>2021-05-01T14:16:30Z</time></trkpt><trkpt lat="54.842483" lon="25.725376"><ele>107.867</ele><time>2021-05-01T14:16:29Z</time></trkpt><trkpt lat="54.842867" lon="25.725142"><ele>108.160</ele><time>2021-05-01T14:16:27Z</time></trkpt><trkpt lat="54.843275" lon="25.724902"><ele>107.817</ele><time>2021-05-01T14:16:25Z</time></trkpt><trkpt lat="54.84348" lon="25.724785"><ele>108.695</ele><time>2021-05-01T14:16:24Z</time></trkpt><trkpt lat="54.843886" lon="25.724556"><ele>108.747</ele><time>2021-05-01T14:16:22Z</time></trkpt><trkpt lat="54.844279" lon="25.724337"><ele>109.329</ele><time>2021-05-01T14:16:20Z</time></trkpt><trkpt lat="54.844473" lon="25.724231"><ele>109.721</ele><time>2021-05-01T14:16:19Z</time></trkpt><trkpt lat="54.844859" lon="25.724018"><ele>110.009</ele><time>2021-05-01T14:16:17Z</time></trkpt><trkpt lat="54.845052" lon="25.723912"><ele>109.455</ele><time>2021-05-01T14:16:16Z</time></trkpt><trkpt lat="54.845439" lon="25.723688"><ele>109.788</ele><time>2021-05-01T14:16:14Z</time></trkpt><trkpt lat="54.845635" lon="25.723576"><ele>109.653</ele><time>2021-05-01T14:16:13Z</time></trkpt><trkpt lat="54.846028" lon="25.723344"><ele>108.585</ele><time>2021-05-01T14:16:11Z</time></trkpt><trkpt lat="54.846414" lon="25.72309"><ele>109.040</ele><time>2021-05-01T14:16:09Z</time></trkpt><trkpt lat="54.846604" lon="25.722975"><ele>109.548</ele><time>2021-05-01T14:16:08Z</time></trkpt><trkpt lat="54.84679" lon="25.722868"><ele>110.221</ele><time>2021-05-01T14:16:07Z</time></trkpt><trkpt lat="54.847154" lon="25.722686"><ele>111.248</ele><time>2021-05-01T14:16:05Z</time></trkpt><trkpt lat="54.84753" lon="25.722523"><ele>111.996</ele><time>2021-05-01T14:16:03Z</time></trkpt><trkpt lat="54.84772" lon="25.722448"><ele>111.986</ele><time>2021-05-01T14:16:02Z</time></trkpt><trkpt lat="54.847911" lon="25.722379"><ele>112.160</ele><time>2021-05-01T14:16:01Z</time></trkpt><trkpt lat="54.848297" lon="25.722271"><ele>112.126</ele><time>2021-05-01T14:15:59Z</time></trkpt><trkpt lat="54.848492" lon="25.722228"><ele>112.509</ele><time>2021-05-01T14:15:58Z</time></trkpt><trkpt lat="54.848883" lon="25.722158"><ele>112.599</ele><time>2021-05-01T14:15:56Z</time></trkpt><trkpt lat="54.849082" lon="25.72213"><ele>112.982</ele><time>2021-05-01T14:15:55Z</time></trkpt><trkpt lat="54.849279" lon="25.722102"><ele>112.937</ele><time>2021-05-01T14:15:54Z</time></trkpt><trkpt lat="54.849472" lon="25.722075"><ele>112.589</ele><time>2021-05-01T14:15:53Z</time></trkpt><trkpt lat="54.84966" lon="25.722049"><ele>112.724</ele><time>2021-05-01T14:15:52Z</time></trkpt><trkpt lat="54.850028" lon="25.72201"><ele>112.592</ele><time>2021-05-01T14:15:50Z</time></trkpt><trkpt lat="54.850374" lon="25.721932"><ele>112.315</ele><time>2021-05-01T14:15:48Z</time></trkpt><trkpt lat="54.850532" lon="25.721856"><ele>112.732</ele><time>2021-05-01T14:15:47Z</time></trkpt><trkpt lat="54.85068" lon="25.721762"><ele>113.510</ele><time>2021-05-01T14:15:46Z</time></trkpt><trkpt lat="54.850817" lon="25.721641"><ele>113.727</ele><time>2021-05-01T14:15:45Z</time></trkpt><trkpt lat="54.851054" lon="25.721299"><ele>113.868</ele><time>2021-05-01T14:15:43Z</time></trkpt><trkpt lat="54.851254" lon="25.720833"><ele>114.214</ele><time>2021-05-01T14:15:41Z</time></trkpt><trkpt lat="54.851343" lon="25.720566"><ele>114.209</ele><time>2021-05-01T14:15:40Z</time></trkpt><trkpt lat="54.851517" lon="25.71997"><ele>114.243</ele><time>2021-05-01T14:15:38Z</time></trkpt><trkpt lat="54.85161" lon="25.719654"><ele>114.046</ele><time>2021-05-01T14:15:37Z</time></trkpt><trkpt lat="54.851794" lon="25.719027"><ele>113.621</ele><time>2021-05-01T14:15:35Z</time></trkpt><trkpt lat="54.851886" lon="25.71872"><ele>113.693</ele><time>2021-05-01T14:15:34Z</time></trkpt><trkpt lat="54.852073" lon="25.718126"><ele>113.038</ele><time>2021-05-01T14:15:32Z</time></trkpt><trkpt lat="54.852284" lon="25.717575"><ele>112.996</ele><time>2021-05-01T14:15:30Z</time></trkpt><trkpt lat="54.852558" lon="25.717098"><ele>112.589</ele><time>2021-05-01T14:15:28Z</time></trkpt><trkpt lat="54.852885" lon="25.716673"><ele>112.316</ele><time>2021-05-01T14:15:26Z</time></trkpt><trkpt lat="54.853056" lon="25.716459"><ele>112.194</ele><time>2021-05-01T14:15:25Z</time></trkpt><trkpt lat="54.853227" lon="25.716243"><ele>111.222</ele><time>2021-05-01T14:15:24Z</time></trkpt><trkpt lat="54.853569" lon="25.715812"><ele>111.262</ele><time>2021-05-01T14:15:22Z</time></trkpt><trkpt lat="54.85374" lon="25.715603"><ele>110.908</ele><time>2021-05-01T14:15:21Z</time></trkpt><trkpt lat="54.854078" lon="25.715207"><ele>110.809</ele><time>2021-05-01T14:15:19Z</time></trkpt><trkpt lat="54.854252" lon="25.715023"><ele>111.243</ele><time>2021-05-01T14:15:18Z</time></trkpt><trkpt lat="54.854613" lon="25.71468"><ele>111.056</ele><time>2021-05-01T14:15:16Z</time></trkpt><trkpt lat="54.854979" lon="25.714344"><ele>110.771</ele><time>2021-05-01T14:15:14Z</time></trkpt><trkpt lat="54.855161" lon="25.714176"><ele>110.793</ele><time>2021-05-01T14:15:13Z</time></trkpt><trkpt lat="54.855523" lon="25.713861"><ele>110.578</ele><time>2021-05-01T14:15:11Z</time></trkpt><trkpt lat="54.855703" lon="25.713709"><ele>111.046</ele><time>2021-05-01T14:15:10Z</time></trkpt><trkpt lat="54.856055" lon="25.713399"><ele>111.429</ele><time>2021-05-01T14:15:08Z</time></trkpt><trkpt lat="54.856224" lon="25.713233"><ele>111.786</ele><time>2021-05-01T14:15:07Z</time></trkpt><trkpt lat="54.856385" lon="25.713055"><ele>111.994</ele><time>2021-05-01T14:15:06Z</time></trkpt><trkpt lat="54.856537" lon="25.712864"><ele>112.155</ele><time>2021-05-01T14:15:05Z</time></trkpt><trkpt lat="54.85668" lon="25.712657"><ele>112.207</ele><time>2021-05-01T14:15:04Z</time></trkpt><trkpt lat="54.856949" lon="25.712212"><ele>112.917</ele><time>2021-05-01T14:15:02Z</time></trkpt><trkpt lat="54.857207" lon="25.71174"><ele>113.609</ele><time>2021-05-01T14:15:00Z</time></trkpt><trkpt lat="54.857333" lon="25.711495"><ele>114.246</ele><time>2021-05-01T14:14:59Z</time></trkpt><trkpt lat="54.857452" lon="25.711248"><ele>114.839</ele><time>2021-05-01T14:14:58Z</time></trkpt><trkpt lat="54.857641" lon="25.710765"><ele>115.474</ele><time>2021-05-01T14:14:56Z</time></trkpt><trkpt lat="54.857709" lon="25.710504"><ele>115.456</ele><time>2021-05-01T14:14:55Z</time></trkpt><trkpt lat="54.857762" lon="25.710214"><ele>115.291</ele><time>2021-05-01T14:14:54Z</time></trkpt><trkpt lat="54.857804" lon="25.709906"><ele>115.479</ele><time>2021-05-01T14:14:53Z</time></trkpt><trkpt lat="54.857839" lon="25.709591"><ele>116.062</ele><time>2021-05-01T14:14:52Z</time></trkpt><trkpt lat="54.857903" lon="25.708959"><ele>115.969</ele><time>2021-05-01T14:14:50Z</time></trkpt><trkpt lat="54.857938" lon="25.708653"><ele>115.877</ele><time>2021-05-01T14:14:49Z</time></trkpt><trkpt lat="54.858037" lon="25.708102"><ele>115.775</ele><time>2021-05-01T14:14:47Z</time></trkpt><trkpt lat="54.858107" lon="25.707847"><ele>115.228</ele><time>2021-05-01T14:14:46Z</time></trkpt><trkpt lat="54.858291" lon="25.707332"><ele>115.020</ele><time>2021-05-01T14:14:44Z</time></trkpt><trkpt lat="54.858509" lon="25.706777"><ele>114.709</ele><time>2021-05-01T14:14:42Z</time></trkpt><trkpt lat="54.858736" lon="25.70621"><ele>114.878</ele><time>2021-05-01T14:14:40Z</time></trkpt><trkpt lat="54.85885" lon="25.705926"><ele>114.971</ele><time>2021-05-01T14:14:39Z</time></trkpt><trkpt lat="54.858964" lon="25.705646"><ele>115.186</ele><time>2021-05-01T14:14:38Z</time></trkpt><trkpt lat="54.859077" lon="25.705369"><ele>115.628</ele><time>2021-05-01T14:14:37Z</time></trkpt><trkpt lat="54.85919" lon="25.70509"><ele>116.453</ele><time>2021-05-01T14:14:36Z</time></trkpt><trkpt lat="54.859422" lon="25.704507"><ele>117.281</ele><time>2021-05-01T14:14:34Z</time></trkpt><trkpt lat="54.859542" lon="25.704204"><ele>117.544</ele><time>2021-05-01T14:14:33Z</time></trkpt><trkpt lat="54.85966" lon="25.703897"><ele>117.451</ele><time>2021-05-01T14:14:32Z</time></trkpt><trkpt lat="54.859886" lon="25.703303"><ele>117.679</ele><time>2021-05-01T14:14:30Z</time></trkpt><trkpt lat="54.859995" lon="25.703017"><ele>117.841</ele><time>2021-05-01T14:14:29Z</time></trkpt><trkpt lat="54.860102" lon="25.70274"><ele>118.381</ele><time>2021-05-01T14:14:28Z</time></trkpt><trkpt lat="54.860309" lon="25.702221"><ele>118.209</ele><time>2021-05-01T14:14:26Z</time></trkpt><trkpt lat="54.860403" lon="25.701979"><ele>117.709</ele><time>2021-05-01T14:14:25Z</time></trkpt><trkpt lat="54.86049" lon="25.70175"><ele>117.765</ele><time>2021-05-01T14:14:24Z</time></trkpt><trkpt lat="54.860639" lon="25.701348"><ele>117.118</ele><time>2021-05-01T14:14:22Z</time></trkpt><trkpt lat="54.860701" lon="25.701181"><ele>116.883</ele><time>2021-05-01T14:14:21Z</time></trkpt><trkpt lat="54.860755" lon="25.701042"><ele>116.945</ele><time>2021-05-01T14:14:20Z</time></trkpt><trkpt lat="54.860803" lon="25.700934"><ele>116.260</ele><time>2021-05-01T14:14:19Z</time></trkpt><trkpt lat="54.860843" lon="25.700858"><ele>115.228</ele><time>2021-05-01T14:14:18Z</time></trkpt><trkpt lat="54.860895" lon="25.700796"><ele>113.711</ele><time>2021-05-01T14:14:16Z</time></trkpt><trkpt lat="54.860949" lon="25.700825"><ele>112.088</ele><time>2021-05-01T14:14:14Z</time></trkpt><trkpt lat="54.861062" lon="25.700935"><ele>111.386</ele><time>2021-05-01T14:14:12Z</time></trkpt><trkpt lat="54.861146" lon="25.701019"><ele>110.431</ele><time>2021-05-01T14:14:11Z</time></trkpt><trkpt lat="54.861256" lon="25.701132"><ele>109.761</ele><time>2021-05-01T14:14:10Z</time></trkpt><trkpt lat="54.861529" lon="25.70141"><ele>108.307</ele><time>2021-05-01T14:14:08Z</time></trkpt><trkpt lat="54.86168" lon="25.70158"><ele>107.509</ele><time>2021-05-01T14:14:07Z</time></trkpt><trkpt lat="54.861975" lon="25.701973"><ele>106.294</ele><time>2021-05-01T14:14:05Z</time></trkpt><trkpt lat="54.862242" lon="25.702451"><ele>105.687</ele><time>2021-05-01T14:14:03Z</time></trkpt><trkpt lat="54.862371" lon="25.702722"><ele>104.932</ele><time>2021-05-01T14:14:02Z</time></trkpt><trkpt lat="54.862641" lon="25.703296"><ele>104.574</ele><time>2021-05-01T14:14:00Z</time></trkpt><trkpt lat="54.86278" lon="25.703588"><ele>104.849</ele><time>2021-05-01T14:13:59Z</time></trkpt><trkpt lat="54.86292" lon="25.703884"><ele>104.387</ele><time>2021-05-01T14:13:58Z</time></trkpt><trkpt lat="54.863196" lon="25.704484"><ele>104.810</ele><time>2021-05-01T14:13:56Z</time></trkpt><trkpt lat="54.863331" lon="25.70479"><ele>105.797</ele><time>2021-05-01T14:13:55Z</time></trkpt><trkpt lat="54.863466" lon="25.705096"><ele>106.265</ele><time>2021-05-01T14:13:54Z</time></trkpt><trkpt lat="54.863603" lon="25.705394"><ele>107.518</ele><time>2021-05-01T14:13:53Z</time></trkpt><trkpt lat="54.86374" lon="25.70569"><ele>108.498</ele><time>2021-05-01T14:13:52Z</time></trkpt><trkpt lat="54.864007" lon="25.706283"><ele>109.917</ele><time>2021-05-01T14:13:50Z</time></trkpt><trkpt lat="54.86414" lon="25.706581"><ele>111.809</ele><time>2021-05-01T14:13:49Z</time></trkpt><trkpt lat="54.864275" lon="25.70688"><ele>112.822</ele><time>2021-05-01T14:13:48Z</time></trkpt><trkpt lat="54.864552" lon="25.707476"><ele>113.735</ele><time>2021-05-01T14:13:46Z</time></trkpt><trkpt lat="54.86482" lon="25.708066"><ele>114.540</ele><time>2021-05-01T14:13:44Z</time></trkpt><trkpt lat="54.864949" lon="25.708355"><ele>115.722</ele><time>2021-05-01T14:13:43Z</time></trkpt><trkpt lat="54.865071" lon="25.708643"><ele>117.167</ele><time>2021-05-01T14:13:42Z</time></trkpt><trkpt lat="54.865271" lon="25.709237"><ele>119.215</ele><time>2021-05-01T14:13:40Z</time></trkpt><trkpt lat="54.865409" lon="25.70986"><ele>120.828</ele><time>2021-05-01T14:13:38Z</time></trkpt><trkpt lat="54.865515" lon="25.710496"><ele>121.315</ele><time>2021-05-01T14:13:36Z</time></trkpt><trkpt lat="54.865568" lon="25.710813"><ele>122.493</ele><time>2021-05-01T14:13:35Z</time></trkpt><trkpt lat="54.865684" lon="25.711424"><ele>123.199</ele><time>2021-05-01T14:13:33Z</time></trkpt><trkpt lat="54.865836" lon="25.712016"><ele>124.207</ele><time>2021-05-01T14:13:31Z</time></trkpt><trkpt lat="54.866008" lon="25.712564"><ele>124.527</ele><time>2021-05-01T14:13:29Z</time></trkpt><trkpt lat="54.866175" lon="25.712994"><ele>124.509</ele><time>2021-05-01T14:13:27Z</time></trkpt><trkpt lat="54.866239" lon="25.713157"><ele>124.390</ele><time>2021-05-01T14:13:26Z</time></trkpt><trkpt lat="54.866356" lon="25.713395"><ele>124.653</ele><time>2021-05-01T14:13:24Z</time></trkpt><trkpt lat="54.866414" lon="25.713438"><ele>124.898</ele><time>2021-05-01T14:13:23Z</time></trkpt><trkpt lat="54.866513" lon="25.713597"><ele>0.010</ele><time>2023-10-05T15:21:32Z</time></trkpt><trkpt lat="54.866614" lon="25.71398"><ele>0.065</ele><time>2023-10-05T15:22:12Z</time></trkpt><trkpt lat="54.866658" lon="25.714403"><ele>115.593</ele><time>2021-05-01T14:11:12Z</time></trkpt><trkpt lat="54.866653" lon="25.714661"><ele>114.796</ele><time>2021-05-01T14:11:11Z</time></trkpt><trkpt lat="54.866632" lon="25.714918"><ele>114.343</ele><time>2021-05-01T14:11:10Z</time></trkpt><trkpt lat="54.866595" lon="25.71518"><ele>113.151</ele><time>2021-05-01T14:11:09Z</time></trkpt><trkpt lat="54.86648" lon="25.715724"><ele>112.162</ele><time>2021-05-01T14:11:07Z</time></trkpt><trkpt lat="54.866411" lon="25.716013"><ele>111.583</ele><time>2021-05-01T14:11:06Z</time></trkpt><trkpt lat="54.866344" lon="25.716313"><ele>110.611</ele><time>2021-05-01T14:11:05Z</time></trkpt><trkpt lat="54.866227" lon="25.716921"><ele>109.209</ele><time>2021-05-01T14:11:03Z</time></trkpt><trkpt lat="54.866137" lon="25.717502"><ele>107.927</ele><time>2021-05-01T14:11:01Z</time></trkpt><trkpt lat="54.86609" lon="25.718092"><ele>106.690</ele><time>2021-05-01T14:10:59Z</time></trkpt><trkpt lat="54.866076" lon="25.71875"><ele>104.515</ele><time>2021-05-01T14:10:57Z</time></trkpt><trkpt lat="54.866074" lon="25.719088"><ele>104.327</ele><time>2021-05-01T14:10:56Z</time></trkpt><trkpt lat="54.866073" lon="25.719424"><ele>104.742</ele><time>2021-05-01T14:10:55Z</time></trkpt><trkpt lat="54.866071" lon="25.720093"><ele>105.240</ele><time>2021-05-01T14:10:53Z</time></trkpt><trkpt lat="54.86606" lon="25.720778"><ele>106.193</ele><time>2021-05-01T14:10:51Z</time></trkpt><trkpt lat="54.866052" lon="25.72113"><ele>106.910</ele><time>2021-05-01T14:10:50Z</time></trkpt><trkpt lat="54.866026" lon="25.721842"><ele>108.578</ele><time>2021-05-01T14:10:48Z</time></trkpt><trkpt lat="54.865991" lon="25.72255"><ele>110.359</ele><time>2021-05-01T14:10:46Z</time></trkpt><trkpt lat="54.865962" lon="25.723256"><ele>111.403</ele><time>2021-05-01T14:10:44Z</time></trkpt><trkpt lat="54.865957" lon="25.723599"><ele>112.223</ele><time>2021-05-01T14:10:43Z</time></trkpt><trkpt lat="54.865958" lon="25.723935"><ele>112.309</ele><time>2021-05-01T14:10:42Z</time></trkpt><trkpt lat="54.865984" lon="25.724599"><ele>112.626</ele><time>2021-05-01T14:10:40Z</time></trkpt><trkpt lat="54.866012" lon="25.724929"><ele>112.589</ele><time>2021-05-01T14:10:39Z</time></trkpt><trkpt lat="54.866048" lon="25.725253"><ele>112.414</ele><time>2021-05-01T14:10:38Z</time></trkpt><trkpt lat="54.86609" lon="25.725573"><ele>112.516</ele><time>2021-05-01T14:10:37Z</time></trkpt><trkpt lat="54.866138" lon="25.725888"><ele>112.311</ele><time>2021-05-01T14:10:36Z</time></trkpt><trkpt lat="54.866228" lon="25.726509"><ele>112.739</ele><time>2021-05-01T14:10:34Z</time></trkpt><trkpt lat="54.866274" lon="25.727136"><ele>113.042</ele><time>2021-05-01T14:10:32Z</time></trkpt><trkpt lat="54.86628" lon="25.727767"><ele>113.229</ele><time>2021-05-01T14:10:30Z</time></trkpt><trkpt lat="54.866276" lon="25.728073"><ele>113.557</ele><time>2021-05-01T14:10:29Z</time></trkpt><trkpt lat="54.866273" lon="25.728353"><ele>113.313</ele><time>2021-05-01T14:10:28Z</time></trkpt><trkpt lat="54.866272" lon="25.728625"><ele>112.943</ele><time>2021-05-01T14:10:27Z</time></trkpt><trkpt lat="54.86628" lon="25.729146"><ele>112.607</ele><time>2021-05-01T14:10:25Z</time></trkpt><trkpt lat="54.86629" lon="25.7294"><ele>112.509</ele><time>2021-05-01T14:10:24Z</time></trkpt><trkpt lat="54.866305" lon="25.72965"><ele>112.632</ele><time>2021-05-01T14:10:23Z</time></trkpt><trkpt lat="54.866361" lon="25.73014"><ele>112.255</ele><time>2021-05-01T14:10:21Z</time></trkpt><trkpt lat="54.866416" lon="25.730368"><ele>112.330</ele><time>2021-05-01T14:10:20Z</time></trkpt><trkpt lat="54.866492" lon="25.730585"><ele>112.992</ele><time>2021-05-01T14:10:19Z</time></trkpt><trkpt lat="54.866581" lon="25.73079"><ele>113.427</ele><time>2021-05-01T14:10:18Z</time></trkpt><trkpt lat="54.866686" lon="25.730971"><ele>114.175</ele><time>2021-05-01T14:10:17Z</time></trkpt><trkpt lat="54.86694" lon="25.731297"><ele>115.448</ele><time>2021-05-01T14:10:15Z</time></trkpt><trkpt lat="54.867089" lon="25.731447"><ele>116.285</ele><time>2021-05-01T14:10:14Z</time></trkpt><trkpt lat="54.867243" lon="25.731597"><ele>116.923</ele><time>2021-05-01T14:10:13Z</time></trkpt><trkpt lat="54.867396" lon="25.731752"><ele>118.115</ele><time>2021-05-01T14:10:12Z</time></trkpt><trkpt lat="54.867678" lon="25.732126"><ele>118.465</ele><time>2021-05-01T14:10:10Z</time></trkpt><trkpt lat="54.867809" lon="25.732344"><ele>119.511</ele><time>2021-05-01T14:10:09Z</time></trkpt><trkpt lat="54.868071" lon="25.732785"><ele>121.009</ele><time>2021-05-01T14:10:07Z</time></trkpt><trkpt lat="54.868201" lon="25.733007"><ele>121.972</ele><time>2021-05-01T14:10:06Z</time></trkpt><trkpt lat="54.868328" lon="25.733233"><ele>123.345</ele><time>2021-05-01T14:10:05Z</time></trkpt><trkpt lat="54.868568" lon="25.733693"><ele>123.620</ele><time>2021-05-01T14:10:03Z</time></trkpt><trkpt lat="54.868674" lon="25.733925"><ele>124.512</ele><time>2021-05-01T14:10:02Z</time></trkpt><trkpt lat="54.86876" lon="25.73417"><ele>125.827</ele><time>2021-05-01T14:10:01Z</time></trkpt><trkpt lat="54.868855" lon="25.734698"><ele>127.815</ele><time>2021-05-01T14:09:59Z</time></trkpt><trkpt lat="54.868876" lon="25.734977"><ele>129.338</ele><time>2021-05-01T14:09:58Z</time></trkpt><trkpt lat="54.868893" lon="25.735595"><ele>131.165</ele><time>2021-05-01T14:09:56Z</time></trkpt><trkpt lat="54.868895" lon="25.73624"><ele>132.423</ele><time>2021-05-01T14:09:54Z</time></trkpt><trkpt lat="54.868884" lon="25.736897"><ele>133.759</ele><time>2021-05-01T14:09:52Z</time></trkpt><trkpt lat="54.868851" lon="25.737522"><ele>134.103</ele><time>2021-05-01T14:09:50Z</time></trkpt><trkpt lat="54.868823" lon="25.737818"><ele>134.523</ele><time>2021-05-01T14:09:49Z</time></trkpt><trkpt lat="54.868742" lon="25.738398"><ele>134.609</ele><time>2021-05-01T14:09:47Z</time></trkpt><trkpt lat="54.868697" lon="25.738677"><ele>134.996</ele><time>2021-05-01T14:09:46Z</time></trkpt><trkpt lat="54.868579" lon="25.739183"><ele>134.689</ele><time>2021-05-01T14:09:44Z</time></trkpt><trkpt lat="54.868509" lon="25.739628"><ele>133.834</ele><time>2021-05-01T14:09:42Z</time></trkpt><trkpt lat="54.868479" lon="25.739863"><ele>133.336</ele><time>2021-05-01T14:09:41Z</time></trkpt><trkpt lat="54.868448" lon="25.740195"><ele>132.781</ele><time>2021-05-01T14:09:39Z</time></trkpt><trkpt lat="54.868438" lon="25.740267"><ele>0.089</ele><time>2023-10-05T16:06:12Z</time></trkpt><trkpt lat="54.868382" lon="25.740324"><ele>0.062</ele><time>2023-10-05T16:06:52Z</time></trkpt><trkpt lat="54.868282" lon="25.740459"><ele>0.089</ele><time>2023-10-05T16:07:32Z</time></trkpt><trkpt lat="54.868144" lon="25.740722"><ele>0.087</ele><time>2023-10-05T16:08:12Z</time></trkpt><trkpt lat="54.867962" lon="25.741098"><ele>0.035</ele><time>2023-10-05T16:08:52Z</time></trkpt><trkpt lat="54.867849" lon="25.741343"><ele>0.086</ele><time>2023-10-05T16:09:32Z</time></trkpt><trkpt lat="54.867765" lon="25.741497"><ele>0.014</ele><time>2023-10-05T16:10:12Z</time></trkpt><trkpt lat="54.867642" lon="25.741713"><ele>0.009</ele><time>2023-10-05T16:10:52Z</time></trkpt><trkpt lat="54.867494" lon="25.742038"><ele>0.024</ele><time>2023-10-05T16:11:32Z</time></trkpt><trkpt lat="54.867378" lon="25.742367"><ele>0.037</ele><time>2023-10-05T16:12:12Z</time></trkpt><trkpt lat="54.867314" lon="25.742616"><ele>0.032</ele><time>2023-10-05T16:12:52Z</time></trkpt><trkpt lat="54.867262" lon="25.742865"><ele>0.044</ele><time>2023-10-05T16:13:32Z</time></trkpt><trkpt lat="54.867228" lon="25.743105"><ele>0.019</ele><time>2023-10-05T16:14:12Z</time></trkpt><trkpt lat="54.867206" lon="25.743148"><ele>0.037</ele><time>2023-10-05T16:14:52Z</time></trkpt><trkpt lat="54.867158" lon="25.743246"><ele>0.060</ele><time>2023-10-05T16:15:32Z</time></trkpt><trkpt lat="54.867101" lon="25.74334"><ele>0.027</ele><time>2023-10-05T16:16:12Z</time></trkpt><trkpt lat="54.866926" lon="25.743557"><ele>0.015</ele><time>2023-10-05T16:16:52Z</time></trkpt><trkpt lat="54.866794" lon="25.743684"><ele>0.078</ele><time>2023-10-05T16:17:32Z</time></trkpt><trkpt lat="54.866638" lon="25.743863"><ele>0.033</ele><time>2023-10-05T16:18:12Z</time></trkpt><trkpt lat="54.866549" lon="25.743957"><ele>0.026</ele><time>2023-10-05T16:18:52Z</time></trkpt><trkpt lat="54.866477" lon="25.744108"><ele>0.009</ele><time>2023-10-05T16:19:32Z</time></trkpt><trkpt lat="54.866477" lon="25.744216"><ele>0.078</ele><time>2023-10-05T16:20:12Z</time></trkpt><trkpt lat="54.866512" lon="25.744291"><ele>0.031</ele><time>2023-10-05T16:20:52Z</time></trkpt><trkpt lat="54.866614" lon="25.744328"><ele>0.036</ele><time>2023-10-05T16:21:32Z</time></trkpt><trkpt lat="54.866711" lon="25.744281"><ele>0.018</ele><time>2023-10-05T16:22:12Z</time></trkpt><trkpt lat="54.86683" lon="25.744196"><ele>0.093</ele><time>2023-10-05T16:22:52Z</time></trkpt><trkpt lat="54.866937" lon="25.744041"><ele>0.051</ele><time>2023-10-05T16:23:32Z</time></trkpt><trkpt lat="54.866997" lon="25.743933"><ele>0.054</ele><time>2023-10-05T16:24:12Z</time></trkpt><trkpt lat="54.867061" lon="25.743698"><ele>0.051</ele><time>2023-10-05T16:24:52Z</time></trkpt><trkpt lat="54.867107" lon="25.743467"><ele>0.049</ele><time>2023-10-05T16:25:32Z</time></trkpt><trkpt lat="54.867136" lon="25.743331"><ele>0.013</ele><time>2023-10-05T16:26:12Z</time></trkpt><trkpt lat="54.867209" lon="25.743157"><ele>0.043</ele><time>2023-10-05T16:26:52Z</time></trkpt><trkpt lat="54.867249" lon="25.743016"><ele>0.007</ele><time>2023-10-05T16:27:32Z</time></trkpt><trkpt lat="54.867271" lon="25.742818"><ele>0.009</ele><time>2023-10-05T16:28:12Z</time></trkpt><trkpt lat="54.867338" lon="25.742518"><ele>0.072</ele><time>2023-10-05T16:28:52Z</time></trkpt><trkpt lat="54.86741" lon="25.742292"><ele>0.045</ele><time>2023-10-05T16:29:32Z</time></trkpt><trkpt lat="54.867499" lon="25.742033"><ele>0.030</ele><time>2023-10-05T16:30:12Z</time></trkpt><trkpt lat="54.867612" lon="25.741784"><ele>0.062</ele><time>2023-10-05T16:30:52Z</time></trkpt><trkpt lat="54.867634" lon="25.741737"><ele>0.037</ele><time>2023-10-05T16:31:32Z</time></trkpt><trkpt lat="54.867792" lon="25.741441"><ele>0.035</ele><time>2023-10-05T16:32:12Z</time></trkpt><trkpt lat="54.86794" lon="25.741107"><ele>0.028</ele><time>2023-10-05T16:32:52Z</time></trkpt><trkpt lat="54.868107" lon="25.740806"><ele>0.075</ele><time>2023-10-05T16:33:32Z</time></trkpt><trkpt lat="54.868287" lon="25.740443"><ele>0.033</ele><time>2023-10-05T16:34:12Z</time></trkpt><trkpt lat="54.868406" lon="25.740302"><ele>0.025</ele><time>2023-10-05T16:34:52Z</time></trkpt><trkpt lat="54.868465" lon="25.740302"><ele>0.026</ele><time>2023-10-05T16:35:32Z</time></trkpt><trkpt lat="54.86847" lon="25.740327"><ele>132.108</ele><time>2021-05-01T14:09:38Z</time></trkpt><trkpt lat="54.868531" lon="25.740543"><ele>132.009</ele><time>2021-05-01T14:09:37Z</time></trkpt><trkpt lat="54.868702" lon="25.740858"><ele>131.773</ele><time>2021-05-01T14:09:35Z</time></trkpt><trkpt lat="54.868791" lon="25.74101"><ele>131.476</ele><time>2021-05-01T14:09:34Z</time></trkpt><trkpt lat="54.86889" lon="25.741161"><ele>131.041</ele><time>2021-05-01T14:09:33Z</time></trkpt><trkpt lat="54.868993" lon="25.741313"><ele>131.213</ele><time>2021-05-01T14:09:32Z</time></trkpt><trkpt lat="54.869096" lon="25.741473"><ele>130.918</ele><time>2021-05-01T14:09:31Z</time></trkpt><trkpt lat="54.869198" lon="25.741637"><ele>131.166</ele><time>2021-05-01T14:09:30Z</time></trkpt><trkpt lat="54.869398" lon="25.741957"><ele>131.729</ele><time>2021-05-01T14:09:28Z</time></trkpt><trkpt lat="54.869497" lon="25.742112"><ele>132.326</ele><time>2021-05-01T14:09:27Z</time></trkpt><trkpt lat="54.869594" lon="25.742265"><ele>132.574</ele><time>2021-05-01T14:09:26Z</time></trkpt><trkpt lat="54.869778" lon="25.742578"><ele>132.436</ele><time>2021-05-01T14:09:24Z</time></trkpt><trkpt lat="54.869969" lon="25.742908"><ele>132.317</ele><time>2021-05-01T14:09:22Z</time></trkpt><trkpt lat="54.870176" lon="25.743249"><ele>132.718</ele><time>2021-05-01T14:09:20Z</time></trkpt><trkpt lat="54.870286" lon="25.743419"><ele>132.209</ele><time>2021-05-01T14:09:19Z</time></trkpt><trkpt lat="54.8704" lon="25.743581"><ele>131.964</ele><time>2021-05-01T14:09:18Z</time></trkpt><trkpt lat="54.870639" lon="25.743897"><ele>132.667</ele><time>2021-05-01T14:09:16Z</time></trkpt><trkpt lat="54.870761" lon="25.744055"><ele>132.472</ele><time>2021-05-01T14:09:15Z</time></trkpt><trkpt lat="54.870882" lon="25.744215"><ele>132.724</ele><time>2021-05-01T14:09:14Z</time></trkpt><trkpt lat="54.871133" lon="25.744553"><ele>132.339</ele><time>2021-05-01T14:09:12Z</time></trkpt><trkpt lat="54.871269" lon="25.74473"><ele>132.397</ele><time>2021-05-01T14:09:11Z</time></trkpt><trkpt lat="54.871559" lon="25.745102"><ele>131.710</ele><time>2021-05-01T14:09:09Z</time></trkpt><trkpt lat="54.871859" lon="25.745491"><ele>131.027</ele><time>2021-05-01T14:09:07Z</time></trkpt><trkpt lat="54.87217" lon="25.745894"><ele>130.985</ele><time>2021-05-01T14:09:05Z</time></trkpt><trkpt lat="54.872325" lon="25.746107"><ele>131.627</ele><time>2021-05-01T14:09:04Z</time></trkpt><trkpt lat="54.872473" lon="25.746336"><ele>131.168</ele><time>2021-05-01T14:09:03Z</time></trkpt><trkpt lat="54.872743" lon="25.746849"><ele>130.514</ele><time>2021-05-01T14:09:01Z</time></trkpt><trkpt lat="54.872991" lon="25.747422"><ele>129.409</ele><time>2021-05-01T14:08:59Z</time></trkpt><trkpt lat="54.873116" lon="25.747718"><ele>129.263</ele><time>2021-05-01T14:08:58Z</time></trkpt><trkpt lat="54.87337" lon="25.748324"><ele>128.856</ele><time>2021-05-01T14:08:56Z</time></trkpt><trkpt lat="54.873499" lon="25.748633"><ele>129.451</ele><time>2021-05-01T14:08:55Z</time></trkpt><trkpt lat="54.873628" lon="25.748942"><ele>129.743</ele><time>2021-05-01T14:08:54Z</time></trkpt><trkpt lat="54.873886" lon="25.749555"><ele>130.258</ele><time>2021-05-01T14:08:52Z</time></trkpt><trkpt lat="54.874011" lon="25.749858"><ele>131.286</ele><time>2021-05-01T14:08:51Z</time></trkpt><trkpt lat="54.874258" lon="25.750443"><ele>132.759</ele><time>2021-05-01T14:08:49Z</time></trkpt><trkpt lat="54.874384" lon="25.750717"><ele>132.786</ele><time>2021-05-01T14:08:48Z</time></trkpt><trkpt lat="54.874645" lon="25.751233"><ele>132.694</ele><time>2021-05-01T14:08:46Z</time></trkpt><trkpt lat="54.874775" lon="25.75148"><ele>132.446</ele><time>2021-05-01T14:08:45Z</time></trkpt><trkpt lat="54.875028" lon="25.751951"><ele>132.188</ele><time>2021-05-01T14:08:43Z</time></trkpt><trkpt lat="54.875149" lon="25.75219"><ele>131.516</ele><time>2021-05-01T14:08:42Z</time></trkpt><trkpt lat="54.875374" lon="25.752638"><ele>131.809</ele><time>2021-05-01T14:08:40Z</time></trkpt><trkpt lat="54.875483" lon="25.752829"><ele>131.475</ele><time>2021-05-01T14:08:39Z</time></trkpt><trkpt lat="54.875714" lon="25.753135"><ele>130.528</ele><time>2021-05-01T14:08:37Z</time></trkpt><trkpt lat="54.875973" lon="25.753343"><ele>129.813</ele><time>2021-05-01T14:08:35Z</time></trkpt><trkpt lat="54.876268" lon="25.75349"><ele>129.625</ele><time>2021-05-01T14:08:33Z</time></trkpt><trkpt lat="54.876436" lon="25.753562"><ele>129.630</ele><time>2021-05-01T14:08:32Z</time></trkpt><trkpt lat="54.876618" lon="25.753637"><ele>129.968</ele><time>2021-05-01T14:08:31Z</time></trkpt><trkpt lat="54.876813" lon="25.753716"><ele>130.171</ele><time>2021-05-01T14:08:30Z</time></trkpt><trkpt lat="54.877233" lon="25.75388"><ele>130.818</ele><time>2021-05-01T14:08:28Z</time></trkpt><trkpt lat="54.877658" lon="25.754048"><ele>131.176</ele><time>2021-05-01T14:08:26Z</time></trkpt><trkpt lat="54.877872" lon="25.754133"><ele>131.661</ele><time>2021-05-01T14:08:25Z</time></trkpt><trkpt lat="54.878085" lon="25.754223"><ele>132.021</ele><time>2021-05-01T14:08:24Z</time></trkpt><trkpt lat="54.878295" lon="25.754317"><ele>132.413</ele><time>2021-05-01T14:08:23Z</time></trkpt><trkpt lat="54.878709" lon="25.754499"><ele>133.509</ele><time>2021-05-01T14:08:21Z</time></trkpt><trkpt lat="54.879117" lon="25.754606"><ele>133.877</ele><time>2021-05-01T14:08:19Z</time></trkpt><trkpt lat="54.879315" lon="25.754636"><ele>133.970</ele><time>2021-05-01T14:08:18Z</time></trkpt><trkpt lat="54.879514" lon="25.754663"><ele>133.795</ele><time>2021-05-01T14:08:17Z</time></trkpt><trkpt lat="54.879721" lon="25.754692"><ele>134.067</ele><time>2021-05-01T14:08:16Z</time></trkpt><trkpt lat="54.879942" lon="25.754723"><ele>134.652</ele><time>2021-05-01T14:08:15Z</time></trkpt><trkpt lat="54.88018" lon="25.754756"><ele>134.880</ele><time>2021-05-01T14:08:14Z</time></trkpt><trkpt lat="54.88068" lon="25.754832"><ele>135.653</ele><time>2021-05-01T14:08:12Z</time></trkpt><trkpt lat="54.88093" lon="25.754867"><ele>135.460</ele><time>2021-05-01T14:08:11Z</time></trkpt><trkpt lat="54.881178" lon="25.754898"><ele>135.498</ele><time>2021-05-01T14:08:10Z</time></trkpt><trkpt lat="54.881664" lon="25.754964"><ele>135.871</ele><time>2021-05-01T14:08:08Z</time></trkpt><trkpt lat="54.881899" lon="25.755007"><ele>135.641</ele><time>2021-05-01T14:08:07Z</time></trkpt><trkpt lat="54.882128" lon="25.75506"><ele>135.115</ele><time>2021-05-01T14:08:06Z</time></trkpt><trkpt lat="54.882351" lon="25.755129"><ele>134.309</ele><time>2021-05-01T14:08:05Z</time></trkpt><trkpt lat="54.882776" lon="25.755301"><ele>134.048</ele><time>2021-05-01T14:08:03Z</time></trkpt><trkpt lat="54.882976" lon="25.755389"><ele>133.911</ele><time>2021-05-01T14:08:02Z</time></trkpt><trkpt lat="54.883165" lon="25.755475"><ele>134.286</ele><time>2021-05-01T14:08:01Z</time></trkpt><trkpt lat="54.883491" lon="25.755623"><ele>134.348</ele><time>2021-05-01T14:07:59Z</time></trkpt><trkpt lat="54.883628" lon="25.755684"><ele>135.343</ele><time>2021-05-01T14:07:58Z</time></trkpt><trkpt lat="54.883867" lon="25.755802"><ele>135.741</ele><time>2021-05-01T14:07:56Z</time></trkpt><trkpt lat="54.883976" lon="25.755862"><ele>135.354</ele><time>2021-05-01T14:07:55Z</time></trkpt><trkpt lat="54.884082" lon="25.755921"><ele>135.511</ele><time>2021-05-01T14:07:54Z</time></trkpt><trkpt lat="54.884291" lon="25.756018"><ele>135.789</ele><time>2021-05-01T14:07:52Z</time></trkpt><trkpt lat="54.884395" lon="25.756047"><ele>134.762</ele><time>2021-05-01T14:07:51Z</time></trkpt><trkpt lat="54.884599" lon="25.756116"><ele>134.683</ele><time>2021-05-01T14:07:49Z</time></trkpt><trkpt lat="54.884699" lon="25.75616"><ele>133.511</ele><time>2021-05-01T14:07:48Z</time></trkpt><trkpt lat="54.884798" lon="25.756202"><ele>132.209</ele><time>2021-05-01T14:07:47Z</time></trkpt><trkpt lat="54.884999" lon="25.756292"><ele>131.937</ele><time>2021-05-01T14:07:45Z</time></trkpt><trkpt lat="54.885101" lon="25.756335"><ele>130.850</ele><time>2021-05-01T14:07:44Z</time></trkpt><trkpt lat="54.88531" lon="25.75642"><ele>130.735</ele><time>2021-05-01T14:07:42Z</time></trkpt><trkpt lat="54.885419" lon="25.756463"><ele>130.667</ele><time>2021-05-01T14:07:41Z</time></trkpt><trkpt lat="54.885643" lon="25.756562"><ele>130.292</ele><time>2021-05-01T14:07:39Z</time></trkpt><trkpt lat="54.885756" lon="25.756612"><ele>130.790</ele><time>2021-05-01T14:07:38Z</time></trkpt><trkpt lat="54.885868" lon="25.75666"><ele>130.983</ele><time>2021-05-01T14:07:37Z</time></trkpt><trkpt lat="54.885979" lon="25.756703"><ele>131.250</ele><time>2021-05-01T14:07:36Z</time></trkpt><trkpt lat="54.886928" lon="25.757111"><ele>0.038</ele><time>2023-10-05T17:34:52Z</time></trkpt><trkpt lat="54.887576" lon="25.75746"><ele>0.014</ele><time>2023-10-05T17:35:32Z</time></trkpt><trkpt lat="54.887947" lon="25.757602"><ele>0.054</ele><time>2023-10-05T17:36:12Z</time></trkpt><trkpt lat="54.888047" lon="25.757634"><ele>0.009</ele><time>2023-10-05T17:36:52Z</time></trkpt><trkpt lat="54.888193" lon="25.757821"><ele>134.209</ele><time>2021-05-01T14:07:15Z</time></trkpt><trkpt lat="54.888258" lon="25.757989"><ele>133.582</ele><time>2021-05-01T14:07:14Z</time></trkpt><trkpt lat="54.888381" lon="25.758353"><ele>133.545</ele><time>2021-05-01T14:07:12Z</time></trkpt><trkpt lat="54.888441" lon="25.758546"><ele>133.080</ele><time>2021-05-01T14:07:11Z</time></trkpt><trkpt lat="54.888503" lon="25.758747"><ele>133.322</ele><time>2021-05-01T14:07:10Z</time></trkpt><trkpt lat="54.88857" lon="25.758954"><ele>133.127</ele><time>2021-05-01T14:07:09Z</time></trkpt><trkpt lat="54.888713" lon="25.759391"><ele>133.565</ele><time>2021-05-01T14:07:07Z</time></trkpt><trkpt lat="54.888865" lon="25.759859"><ele>134.028</ele><time>2021-05-01T14:07:05Z</time></trkpt><trkpt lat="54.889016" lon="25.76034"><ele>133.925</ele><time>2021-05-01T14:07:03Z</time></trkpt><trkpt lat="54.889091" lon="25.760584"><ele>134.353</ele><time>2021-05-01T14:07:02Z</time></trkpt><trkpt lat="54.889242" lon="25.761091"><ele>133.979</ele><time>2021-05-01T14:07:00Z</time></trkpt><trkpt lat="54.88939" lon="25.761617"><ele>134.005</ele><time>2021-05-01T14:06:58Z</time></trkpt><trkpt lat="54.889462" lon="25.761888"><ele>134.425</ele><time>2021-05-01T14:06:57Z</time></trkpt><trkpt lat="54.889535" lon="25.762164"><ele>134.109</ele><time>2021-05-01T14:06:56Z</time></trkpt><trkpt lat="54.889608" lon="25.762432"><ele>133.438</ele><time>2021-05-01T14:06:55Z</time></trkpt><trkpt lat="54.889757" lon="25.762936"><ele>133.331</ele><time>2021-05-01T14:06:53Z</time></trkpt><trkpt lat="54.889843" lon="25.763175"><ele>132.696</ele><time>2021-05-01T14:06:52Z</time></trkpt><trkpt lat="54.890032" lon="25.763652"><ele>131.938</ele><time>2021-05-01T14:06:50Z</time></trkpt><trkpt lat="54.890131" lon="25.763897"><ele>131.863</ele><time>2021-05-01T14:06:49Z</time></trkpt><trkpt lat="54.890317" lon="25.764383"><ele>131.171</ele><time>2021-05-01T14:06:47Z</time></trkpt><trkpt lat="54.890401" lon="25.764629"><ele>131.334</ele><time>2021-05-01T14:06:46Z</time></trkpt><trkpt lat="54.890477" lon="25.764878"><ele>131.281</ele><time>2021-05-01T14:06:45Z</time></trkpt><trkpt lat="54.890546" lon="25.76513"><ele>131.439</ele><time>2021-05-01T14:06:44Z</time></trkpt><trkpt lat="54.890684" lon="25.765623"><ele>130.691</ele><time>2021-05-01T14:06:42Z</time></trkpt><trkpt lat="54.890827" lon="25.766112"><ele>131.481</ele><time>2021-05-01T14:06:40Z</time></trkpt><trkpt lat="54.890971" lon="25.766618"><ele>131.019</ele><time>2021-05-01T14:06:38Z</time></trkpt><trkpt lat="54.891044" lon="25.766866"><ele>130.809</ele><time>2021-05-01T14:06:37Z</time></trkpt><trkpt lat="54.891199" lon="25.767647"><ele>0.070</ele><time>2023-10-05T17:55:32Z</time></trkpt><trkpt lat="54.891357" lon="25.768129"><ele>0.053</ele><time>2023-10-05T17:56:12Z</time></trkpt><trkpt lat="54.891571" lon="25.768885"><ele>0.038</ele><time>2023-10-05T17:56:52Z</time></trkpt><trkpt lat="54.891666" lon="25.769258"><ele>0.070</ele><time>2023-10-05T17:57:32Z</time></trkpt><trkpt lat="54.89171" lon="25.769345"><ele>0.075</ele><time>2023-10-05T17:58:12Z</time></trkpt><trkpt lat="54.891326" lon="25.769569"><ele>133.533</ele><time>2021-05-01T14:06:20Z</time></trkpt><trkpt lat="54.891209" lon="25.769673"><ele>133.276</ele><time>2021-05-01T14:06:19Z</time></trkpt><trkpt lat="54.891086" lon="25.76979"><ele>133.813</ele><time>2021-05-01T14:06:18Z</time></trkpt><trkpt lat="54.89096" lon="25.769918"><ele>134.991</ele><time>2021-05-01T14:06:17Z</time></trkpt><trkpt lat="54.890702" lon="25.770205"><ele>135.038</ele><time>2021-05-01T14:06:15Z</time></trkpt><trkpt lat="54.890447" lon="25.770526"><ele>134.170</ele><time>2021-05-01T14:06:13Z</time></trkpt><trkpt lat="54.890323" lon="25.77069"><ele>134.317</ele><time>2021-05-01T14:06:12Z</time></trkpt><trkpt lat="54.890202" lon="25.770855"><ele>134.409</ele><time>2021-05-01T14:06:11Z</time></trkpt><trkpt lat="54.890082" lon="25.771021"><ele>134.064</ele><time>2021-05-01T14:06:10Z</time></trkpt><trkpt lat="54.889962" lon="25.771188"><ele>133.647</ele><time>2021-05-01T14:06:09Z</time></trkpt><trkpt lat="54.889837" lon="25.771361"><ele>133.432</ele><time>2021-05-01T14:06:08Z</time></trkpt><trkpt lat="54.889707" lon="25.771545"><ele>133.974</ele><time>2021-05-01T14:06:07Z</time></trkpt><trkpt lat="54.889423" lon="25.771945"><ele>133.759</ele><time>2021-05-01T14:06:05Z</time></trkpt><trkpt lat="54.889268" lon="25.772164"><ele>133.567</ele><time>2021-05-01T14:06:04Z</time></trkpt><trkpt lat="54.888945" lon="25.77262"><ele>132.780</ele><time>2021-05-01T14:06:02Z</time></trkpt><trkpt lat="54.888779" lon="25.772853"><ele>133.187</ele><time>2021-05-01T14:06:01Z</time></trkpt><trkpt lat="54.888611" lon="25.773086"><ele>133.655</ele><time>2021-05-01T14:06:00Z</time></trkpt><trkpt lat="54.888442" lon="25.773321"><ele>133.514</ele><time>2021-05-01T14:05:59Z</time></trkpt><trkpt lat="54.888102" lon="25.773799"><ele>133.554</ele><time>2021-05-01T14:05:57Z</time></trkpt><trkpt lat="54.887931" lon="25.774044"><ele>133.609</ele><time>2021-05-01T14:05:56Z</time></trkpt><trkpt lat="54.88776" lon="25.77429"><ele>134.109</ele><time>2021-05-01T14:05:55Z</time></trkpt><trkpt lat="54.887586" lon="25.774537"><ele>134.362</ele><time>2021-05-01T14:05:54Z</time></trkpt><trkpt lat="54.887236" lon="25.775032"><ele>134.185</ele><time>2021-05-01T14:05:52Z</time></trkpt><trkpt lat="54.887062" lon="25.775281"><ele>133.180</ele><time>2021-05-01T14:05:51Z</time></trkpt><trkpt lat="54.886887" lon="25.775531"><ele>133.282</ele><time>2021-05-01T14:05:50Z</time></trkpt><trkpt lat="54.886537" lon="25.776032"><ele>133.047</ele><time>2021-05-01T14:05:48Z</time></trkpt><trkpt lat="54.886362" lon="25.776283"><ele>133.055</ele><time>2021-05-01T14:05:47Z</time></trkpt><trkpt lat="54.886188" lon="25.776532"><ele>133.618</ele><time>2021-05-01T14:05:46Z</time></trkpt><trkpt lat="54.886014" lon="25.776779"><ele>133.485</ele><time>2021-05-01T14:05:45Z</time></trkpt><trkpt lat="54.885842" lon="25.777028"><ele>133.213</ele><time>2021-05-01T14:05:44Z</time></trkpt><trkpt lat="54.885671" lon="25.777277"><ele>132.892</ele><time>2021-05-01T14:05:43Z</time></trkpt><trkpt lat="54.8855" lon="25.777527"><ele>133.173</ele><time>2021-05-01T14:05:42Z</time></trkpt><trkpt lat="54.885161" lon="25.77802"><ele>132.320</ele><time>2021-05-01T14:05:40Z</time></trkpt><trkpt lat="54.884823" lon="25.778493"><ele>131.909</ele><time>2021-05-01T14:05:38Z</time></trkpt><trkpt lat="54.88449" lon="25.778941"><ele>131.630</ele><time>2021-05-01T14:05:36Z</time></trkpt><trkpt lat="54.884321" lon="25.779159"><ele>131.983</ele><time>2021-05-01T14:05:35Z</time></trkpt><trkpt lat="54.883808" lon="25.779802"><ele>131.558</ele><time>2021-05-01T14:05:32Z</time></trkpt><trkpt lat="54.883639" lon="25.780018"><ele>131.820</ele><time>2021-05-01T14:05:31Z</time></trkpt><trkpt lat="54.883474" lon="25.780239"><ele>132.055</ele><time>2021-05-01T14:05:30Z</time></trkpt><trkpt lat="54.883152" lon="25.780701"><ele>132.963</ele><time>2021-05-01T14:05:28Z</time></trkpt><trkpt lat="54.882842" lon="25.781173"><ele>133.716</ele><time>2021-05-01T14:05:26Z</time></trkpt><trkpt lat="54.882692" lon="25.781404"><ele>134.423</ele><time>2021-05-01T14:05:25Z</time></trkpt><trkpt lat="54.882546" lon="25.781626"><ele>135.411</ele><time>2021-05-01T14:05:24Z</time></trkpt><trkpt lat="54.882276" lon="25.782059"><ele>135.827</ele><time>2021-05-01T14:05:22Z</time></trkpt><trkpt lat="54.882149" lon="25.782277"><ele>135.868</ele><time>2021-05-01T14:05:21Z</time></trkpt><trkpt lat="54.881888" lon="25.782757"><ele>135.514</ele><time>2021-05-01T14:05:19Z</time></trkpt><trkpt lat="54.881617" lon="25.783298"><ele>134.609</ele><time>2021-05-01T14:05:17Z</time></trkpt><trkpt lat="54.881478" lon="25.783583"><ele>134.093</ele><time>2021-05-01T14:05:16Z</time></trkpt><trkpt lat="54.881188" lon="25.784168"><ele>134.266</ele><time>2021-05-01T14:05:14Z</time></trkpt><trkpt lat="54.881042" lon="25.784474"><ele>134.281</ele><time>2021-05-01T14:05:13Z</time></trkpt><trkpt lat="54.880747" lon="25.785096"><ele>134.793</ele><time>2021-05-01T14:05:11Z</time></trkpt><trkpt lat="54.880449" lon="25.785713"><ele>136.168</ele><time>2021-05-01T14:05:09Z</time></trkpt><trkpt lat="54.880154" lon="25.786324"><ele>136.876</ele><time>2021-05-01T14:05:07Z</time></trkpt><trkpt lat="54.879864" lon="25.786929"><ele>137.119</ele><time>2021-05-01T14:05:05Z</time></trkpt><trkpt lat="54.879575" lon="25.787528"><ele>137.656</ele><time>2021-05-01T14:05:03Z</time></trkpt><trkpt lat="54.879292" lon="25.78812"><ele>137.964</ele><time>2021-05-01T14:05:01Z</time></trkpt><trkpt lat="54.879151" lon="25.788417"><ele>138.512</ele><time>2021-05-01T14:05:00Z</time></trkpt><trkpt lat="54.878871" lon="25.789008"><ele>137.532</ele><time>2021-05-01T14:04:58Z</time></trkpt><trkpt lat="54.878591" lon="25.789596"><ele>137.605</ele><time>2021-05-01T14:04:56Z</time></trkpt><trkpt lat="54.878306" lon="25.790194"><ele>137.609</ele><time>2021-05-01T14:04:54Z</time></trkpt><trkpt lat="54.87802" lon="25.790799"><ele>138.372</ele><time>2021-05-01T14:04:52Z</time></trkpt><trkpt lat="54.877876" lon="25.7911"><ele>138.765</ele><time>2021-05-01T14:04:51Z</time></trkpt><trkpt lat="54.877732" lon="25.791397"><ele>139.720</ele><time>2021-05-01T14:04:50Z</time></trkpt><trkpt lat="54.877449" lon="25.791992"><ele>139.822</ele><time>2021-05-01T14:04:48Z</time></trkpt><trkpt lat="54.877311" lon="25.792289"><ele>140.687</ele><time>2021-05-01T14:04:47Z</time></trkpt><trkpt lat="54.877172" lon="25.792583"><ele>141.135</ele><time>2021-05-01T14:04:46Z</time></trkpt><trkpt lat="54.876892" lon="25.793166"><ele>141.638</ele><time>2021-05-01T14:04:44Z</time></trkpt><trkpt lat="54.87675" lon="25.793457"><ele>142.125</ele><time>2021-05-01T14:04:43Z</time></trkpt><trkpt lat="54.876608" lon="25.793752"><ele>141.353</ele><time>2021-05-01T14:04:42Z</time></trkpt><trkpt lat="54.876328" lon="25.794347"><ele>141.211</ele><time>2021-05-01T14:04:40Z</time></trkpt><trkpt lat="54.876048" lon="25.794927"><ele>140.521</ele><time>2021-05-01T14:04:38Z</time></trkpt><trkpt lat="54.87577" lon="25.795489"><ele>139.803</ele><time>2021-05-01T14:04:36Z</time></trkpt><trkpt lat="54.875506" lon="25.796037"><ele>139.509</ele><time>2021-05-01T14:04:34Z</time></trkpt><trkpt lat="54.875378" lon="25.796301"><ele>139.762</ele><time>2021-05-01T14:04:33Z</time></trkpt><trkpt lat="54.875257" lon="25.796557"><ele>140.145</ele><time>2021-05-01T14:04:32Z</time></trkpt><trkpt lat="54.875026" lon="25.797039"><ele>139.560</ele><time>2021-05-01T14:04:30Z</time></trkpt><trkpt lat="54.874817" lon="25.797467"><ele>139.882</ele><time>2021-05-01T14:04:28Z</time></trkpt><trkpt lat="54.874637" lon="25.797835"><ele>139.287</ele><time>2021-05-01T14:04:26Z</time></trkpt><trkpt lat="54.874492" lon="25.798135"><ele>138.715</ele><time>2021-05-01T14:04:24Z</time></trkpt><trkpt lat="54.874436" lon="25.798259"><ele>138.988</ele><time>2021-05-01T14:04:23Z</time></trkpt><trkpt lat="54.874392" lon="25.798363"><ele>138.995</ele><time>2021-05-01T14:04:22Z</time></trkpt><trkpt lat="54.874346" lon="25.798521"><ele>139.173</ele><time>2021-05-01T14:04:20Z</time></trkpt><trkpt lat="54.874346" lon="25.798631"><ele>138.346</ele><time>2021-05-01T14:04:18Z</time></trkpt><trkpt lat="54.874379" lon="25.798728"><ele>137.788</ele><time>2021-05-01T14:04:16Z</time></trkpt><trkpt lat="54.874409" lon="25.798809"><ele>136.916</ele><time>2021-05-01T14:04:15Z</time></trkpt><trkpt lat="54.874448" lon="25.798911"><ele>136.509</ele><time>2021-05-01T14:04:14Z</time></trkpt><trkpt lat="54.874549" lon="25.799176"><ele>135.965</ele><time>2021-05-01T14:04:12Z</time></trkpt><trkpt lat="54.874672" lon="25.799487"><ele>136.318</ele><time>2021-05-01T14:04:10Z</time></trkpt><trkpt lat="54.87474" lon="25.799654"><ele>136.143</ele><time>2021-05-01T14:04:09Z</time></trkpt><trkpt lat="54.874886" lon="25.800004"><ele>136.515</ele><time>2021-05-01T14:04:07Z</time></trkpt><trkpt lat="54.874963" lon="25.800185"><ele>136.480</ele><time>2021-05-01T14:04:06Z</time></trkpt><trkpt lat="54.875044" lon="25.800367"><ele>136.538</ele><time>2021-05-01T14:04:05Z</time></trkpt><trkpt lat="54.875218" lon="25.800748"><ele>137.061</ele><time>2021-05-01T14:04:03Z</time></trkpt><trkpt lat="54.875306" lon="25.800938"><ele>137.738</ele><time>2021-05-01T14:04:02Z</time></trkpt><trkpt lat="54.875394" lon="25.801125"><ele>137.776</ele><time>2021-05-01T14:04:01Z</time></trkpt><trkpt lat="54.875483" lon="25.801309"><ele>137.523</ele><time>2021-05-01T14:04:00Z</time></trkpt><trkpt lat="54.875573" lon="25.801489"><ele>137.583</ele><time>2021-05-01T14:03:59Z</time></trkpt><trkpt lat="54.875659" lon="25.801666"><ele>137.111</ele><time>2021-05-01T14:03:58Z</time></trkpt><trkpt lat="54.875745" lon="25.80184"><ele>136.909</ele><time>2021-05-01T14:03:57Z</time></trkpt><trkpt lat="54.875923" lon="25.802179"><ele>136.733</ele><time>2021-05-01T14:03:55Z</time></trkpt><trkpt lat="54.876011" lon="25.802347"><ele>135.876</ele><time>2021-05-01T14:03:54Z</time></trkpt><trkpt lat="54.876187" lon="25.80268"><ele>135.421</ele><time>2021-05-01T14:03:52Z</time></trkpt><trkpt lat="54.876364" lon="25.803005"><ele>135.013</ele><time>2021-05-01T14:03:50Z</time></trkpt><trkpt lat="54.876539" lon="25.803321"><ele>134.638</ele><time>2021-05-01T14:03:48Z</time></trkpt><trkpt lat="54.876624" lon="25.803475"><ele>134.866</ele><time>2021-05-01T14:03:47Z</time></trkpt><trkpt lat="54.876707" lon="25.803628"><ele>134.649</ele><time>2021-05-01T14:03:46Z</time></trkpt><trkpt lat="54.876872" lon="25.803944"><ele>133.736</ele><time>2021-05-01T14:03:44Z</time></trkpt><trkpt lat="54.87705" lon="25.804282"><ele>133.554</ele><time>2021-05-01T14:03:42Z</time></trkpt><trkpt lat="54.877147" lon="25.804468"><ele>133.449</ele><time>2021-05-01T14:03:41Z</time></trkpt><trkpt lat="54.877248" lon="25.804666"><ele>133.102</ele><time>2021-05-01T14:03:40Z</time></trkpt><trkpt lat="54.877472" lon="25.805089"><ele>132.822</ele><time>2021-05-01T14:03:38Z</time></trkpt><trkpt lat="54.877734" lon="25.805554"><ele>132.009</ele><time>2021-05-01T14:03:36Z</time></trkpt><trkpt lat="54.877876" lon="25.8058"><ele>131.815</ele><time>2021-05-01T14:03:35Z</time></trkpt><trkpt lat="54.878024" lon="25.806055"><ele>130.988</ele><time>2021-05-01T14:03:34Z</time></trkpt><trkpt lat="54.878322" lon="25.806579"><ele>130.363</ele><time>2021-05-01T14:03:32Z</time></trkpt><trkpt lat="54.878632" lon="25.807096"><ele>130.385</ele><time>2021-05-01T14:03:30Z</time></trkpt><trkpt lat="54.878788" lon="25.807349"><ele>130.010</ele><time>2021-05-01T14:03:29Z</time></trkpt><trkpt lat="54.879109" lon="25.80787"><ele>130.648</ele><time>2021-05-01T14:03:27Z</time></trkpt><trkpt lat="54.879278" lon="25.808148"><ele>130.981</ele><time>2021-05-01T14:03:26Z</time></trkpt><trkpt lat="54.879628" lon="25.808726"><ele>131.518</ele><time>2021-05-01T14:03:24Z</time></trkpt><trkpt lat="54.879806" lon="25.809019"><ele>132.416</ele><time>2021-05-01T14:03:23Z</time></trkpt><trkpt lat="54.880161" lon="25.809608"><ele>133.757</ele><time>2021-05-01T14:03:21Z</time></trkpt><trkpt lat="54.880337" lon="25.809904"><ele>134.200</ele><time>2021-05-01T14:03:20Z</time></trkpt><trkpt lat="54.880684" lon="25.810496"><ele>135.420</ele><time>2021-05-01T14:03:18Z</time></trkpt><trkpt lat="54.880858" lon="25.810794"><ele>136.109</ele><time>2021-05-01T14:03:17Z</time></trkpt><trkpt lat="54.881033" lon="25.811091"><ele>136.736</ele><time>2021-05-01T14:03:16Z</time></trkpt><trkpt lat="54.881386" lon="25.811688"><ele>136.929</ele><time>2021-05-01T14:03:14Z</time></trkpt><trkpt lat="54.881749" lon="25.812288"><ele>136.364</ele><time>2021-05-01T14:03:12Z</time></trkpt><trkpt lat="54.882117" lon="25.812885"><ele>137.016</ele><time>2021-05-01T14:03:10Z</time></trkpt><trkpt lat="54.882297" lon="25.81318"><ele>136.441</ele><time>2021-05-01T14:03:09Z</time></trkpt><trkpt lat="54.882476" lon="25.813471"><ele>135.779</ele><time>2021-05-01T14:03:08Z</time></trkpt><trkpt lat="54.882829" lon="25.814047"><ele>135.052</ele><time>2021-05-01T14:03:06Z</time></trkpt><trkpt lat="54.883005" lon="25.814333"><ele>134.659</ele><time>2021-05-01T14:03:05Z</time></trkpt><trkpt lat="54.88318" lon="25.814617"><ele>134.037</ele><time>2021-05-01T14:03:04Z</time></trkpt><trkpt lat="54.883526" lon="25.815174"><ele>132.967</ele><time>2021-05-01T14:03:02Z</time></trkpt><trkpt lat="54.883868" lon="25.815721"><ele>130.981</ele><time>2021-05-01T14:03:00Z</time></trkpt><trkpt lat="54.884037" lon="25.815991"><ele>129.719</ele><time>2021-05-01T14:02:59Z</time></trkpt><trkpt lat="54.884206" lon="25.816262"><ele>129.709</ele><time>2021-05-01T14:02:58Z</time></trkpt><trkpt lat="54.884537" lon="25.816807"><ele>129.237</ele><time>2021-05-01T14:02:56Z</time></trkpt><trkpt lat="54.884698" lon="25.81708"><ele>129.220</ele><time>2021-05-01T14:02:55Z</time></trkpt><trkpt lat="54.885003" lon="25.817589"><ele>128.915</ele><time>2021-05-01T14:02:53Z</time></trkpt><trkpt lat="54.885144" lon="25.817826"><ele>128.157</ele><time>2021-05-01T14:02:52Z</time></trkpt><trkpt lat="54.885282" lon="25.818061"><ele>127.532</ele><time>2021-05-01T14:02:51Z</time></trkpt><trkpt lat="54.88556" lon="25.818536"><ele>126.510</ele><time>2021-05-01T14:02:49Z</time></trkpt><trkpt lat="54.885701" lon="25.818775"><ele>125.653</ele><time>2021-05-01T14:02:48Z</time></trkpt><trkpt lat="54.885837" lon="25.81901"><ele>125.490</ele><time>2021-05-01T14:02:47Z</time></trkpt><trkpt lat="54.886056" lon="25.819457"><ele>125.028</ele><time>2021-05-01T14:02:45Z</time></trkpt><trkpt lat="54.886148" lon="25.819947"><ele>125.086</ele><time>2021-05-01T14:02:43Z</time></trkpt><trkpt lat="54.886147" lon="25.820201"><ele>124.860</ele><time>2021-05-01T14:02:42Z</time></trkpt><trkpt lat="54.88609" lon="25.820722"><ele>126.126</ele><time>2021-05-01T14:02:40Z</time></trkpt><trkpt lat="54.886066" lon="25.820995"><ele>126.809</ele><time>2021-05-01T14:02:39Z</time></trkpt><trkpt lat="54.886065" lon="25.821287"><ele>128.289</ele><time>2021-05-01T14:02:38Z</time></trkpt><trkpt lat="54.886126" lon="25.821893"><ele>129.952</ele><time>2021-05-01T14:02:36Z</time></trkpt><trkpt lat="54.886184" lon="25.822185"><ele>130.967</ele><time>2021-05-01T14:02:35Z</time></trkpt><trkpt lat="54.886254" lon="25.82246"><ele>132.369</ele><time>2021-05-01T14:02:34Z</time></trkpt><trkpt lat="54.886402" lon="25.822921"><ele>133.424</ele><time>2021-05-01T14:02:32Z</time></trkpt><trkpt lat="54.886486" lon="25.823092"><ele>133.872</ele><time>2021-05-01T14:02:31Z</time></trkpt><trkpt lat="54.886703" lon="25.823327"><ele>135.425</ele><time>2021-05-01T14:02:29Z</time></trkpt><trkpt lat="54.886837" lon="25.823403"><ele>135.712</ele><time>2021-05-01T14:02:28Z</time></trkpt><trkpt lat="54.887141" lon="25.823519"><ele>136.640</ele><time>2021-05-01T14:02:26Z</time></trkpt><trkpt lat="54.887309" lon="25.823588"><ele>136.845</ele><time>2021-05-01T14:02:25Z</time></trkpt><trkpt lat="54.887486" lon="25.823661"><ele>137.047</ele><time>2021-05-01T14:02:24Z</time></trkpt><trkpt lat="54.887665" lon="25.823737"><ele>136.811</ele><time>2021-05-01T14:02:23Z</time></trkpt><trkpt lat="54.887843" lon="25.823812"><ele>136.409</ele><time>2021-05-01T14:02:22Z</time></trkpt><trkpt lat="54.888192" lon="25.82397"><ele>136.455</ele><time>2021-05-01T14:02:20Z</time></trkpt><trkpt lat="54.888369" lon="25.824048"><ele>136.118</ele><time>2021-05-01T14:02:19Z</time></trkpt><trkpt lat="54.888554" lon="25.824127"><ele>135.583</ele><time>2021-05-01T14:02:18Z</time></trkpt><trkpt lat="54.888743" lon="25.824209"><ele>135.325</ele><time>2021-05-01T14:02:17Z</time></trkpt><trkpt lat="54.888933" lon="25.824296"><ele>135.430</ele><time>2021-05-01T14:02:16Z</time></trkpt><trkpt lat="54.889299" lon="25.824468"><ele>134.838</ele><time>2021-05-01T14:02:14Z</time></trkpt><trkpt lat="54.889469" lon="25.824543"><ele>134.741</ele><time>2021-05-01T14:02:13Z</time></trkpt><trkpt lat="54.889779" lon="25.824675"><ele>134.448</ele><time>2021-05-01T14:02:11Z</time></trkpt><trkpt lat="54.890043" lon="25.82481"><ele>133.876</ele><time>2021-05-01T14:02:09Z</time></trkpt><trkpt lat="54.890158" lon="25.8249"><ele>134.063</ele><time>2021-05-01T14:02:08Z</time></trkpt><trkpt lat="54.890367" lon="25.82512"><ele>133.844</ele><time>2021-05-01T14:02:06Z</time></trkpt><trkpt lat="54.890464" lon="25.825246"><ele>133.518</ele><time>2021-05-01T14:02:05Z</time></trkpt><trkpt lat="54.890558" lon="25.825384"><ele>133.909</ele><time>2021-05-01T14:02:04Z</time></trkpt><trkpt lat="54.890755" lon="25.825677"><ele>134.187</ele><time>2021-05-01T14:02:02Z</time></trkpt><trkpt lat="54.890975" lon="25.825968"><ele>134.330</ele><time>2021-05-01T14:02:00Z</time></trkpt><trkpt lat="54.891088" lon="25.826114"><ele>134.555</ele><time>2021-05-01T14:01:59Z</time></trkpt><trkpt lat="54.891303" lon="25.826401"><ele>135.447</ele><time>2021-05-01T14:01:57Z</time></trkpt><trkpt lat="54.891473" lon="25.826732"><ele>136.152</ele><time>2021-05-01T14:01:55Z</time></trkpt><trkpt lat="54.891532" lon="25.82693"><ele>136.030</ele><time>2021-05-01T14:01:54Z</time></trkpt><trkpt lat="54.891617" lon="25.827363"><ele>136.463</ele><time>2021-05-01T14:01:52Z</time></trkpt><trkpt lat="54.891686" lon="25.827812"><ele>136.630</ele><time>2021-05-01T14:01:50Z</time></trkpt><trkpt lat="54.891755" lon="25.828241"><ele>136.478</ele><time>2021-05-01T14:01:48Z</time></trkpt><trkpt lat="54.891798" lon="25.828437"><ele>137.229</ele><time>2021-05-01T14:01:47Z</time></trkpt><trkpt lat="54.891907" lon="25.828787"><ele>137.700</ele><time>2021-05-01T14:01:45Z</time></trkpt><trkpt lat="54.891975" lon="25.828941"><ele>137.820</ele><time>2021-05-01T14:01:44Z</time></trkpt><trkpt lat="54.892136" lon="25.829215"><ele>137.509</ele><time>2021-05-01T14:01:42Z</time></trkpt><trkpt lat="54.892223" lon="25.829338"><ele>136.943</ele><time>2021-05-01T14:01:41Z</time></trkpt><trkpt lat="54.892402" lon="25.829581"><ele>137.036</ele><time>2021-05-01T14:01:39Z</time></trkpt><trkpt lat="54.892497" lon="25.82971"><ele>137.561</ele><time>2021-05-01T14:01:38Z</time></trkpt><trkpt lat="54.892691" lon="25.829988"><ele>137.093</ele><time>2021-05-01T14:01:36Z</time></trkpt><trkpt lat="54.892788" lon="25.830128"><ele>137.068</ele><time>2021-05-01T14:01:35Z</time></trkpt><trkpt lat="54.892965" lon="25.830375"><ele>137.096</ele><time>2021-05-01T14:01:33Z</time></trkpt><trkpt lat="54.893058" lon="25.830506"><ele>137.059</ele><time>2021-05-01T14:01:32Z</time></trkpt><trkpt lat="54.893181" lon="25.830676"><ele>136.076</ele><time>2021-05-01T14:01:31Z</time></trkpt><trkpt lat="54.893446" lon="25.83104"><ele>135.344</ele><time>2021-05-01T14:01:29Z</time></trkpt><trkpt lat="54.893742" lon="25.831442"><ele>135.172</ele><time>2021-05-01T14:01:27Z</time></trkpt><trkpt lat="54.894071" lon="25.831898"><ele>134.813</ele><time>2021-05-01T14:01:25Z</time></trkpt><trkpt lat="54.894249" lon="25.83215"><ele>134.714</ele><time>2021-05-01T14:01:24Z</time></trkpt><trkpt lat="54.894433" lon="25.832414"><ele>134.809</ele><time>2021-05-01T14:01:23Z</time></trkpt><trkpt lat="54.894622" lon="25.832684"><ele>135.018</ele><time>2021-05-01T14:01:22Z</time></trkpt><trkpt lat="54.895005" lon="25.83323"><ele>134.541</ele><time>2021-05-01T14:01:20Z</time></trkpt><trkpt lat="54.895198" lon="25.833504"><ele>134.756</ele><time>2021-05-01T14:01:19Z</time></trkpt><trkpt lat="54.895583" lon="25.834045"><ele>134.888</ele><time>2021-05-01T14:01:17Z</time></trkpt><trkpt lat="54.895775" lon="25.834315"><ele>135.523</ele><time>2021-05-01T14:01:16Z</time></trkpt><trkpt lat="54.896158" lon="25.834854"><ele>136.051</ele><time>2021-05-01T14:01:14Z</time></trkpt><trkpt lat="54.896349" lon="25.835124"><ele>136.214</ele><time>2021-05-01T14:01:13Z</time></trkpt><trkpt lat="54.896728" lon="25.835664"><ele>136.541</ele><time>2021-05-01T14:01:11Z</time></trkpt><trkpt lat="54.897109" lon="25.836207"><ele>136.679</ele><time>2021-05-01T14:01:09Z</time></trkpt><trkpt lat="54.897491" lon="25.836757"><ele>136.473</ele><time>2021-05-01T14:01:07Z</time></trkpt><trkpt lat="54.897683" lon="25.837033"><ele>136.385</ele><time>2021-05-01T14:01:06Z</time></trkpt><trkpt lat="54.898066" lon="25.83758"><ele>136.213</ele><time>2021-05-01T14:01:04Z</time></trkpt><trkpt lat="54.898258" lon="25.837851"><ele>137.009</ele><time>2021-05-01T14:01:03Z</time></trkpt><trkpt lat="54.898643" lon="25.838388"><ele>137.218</ele><time>2021-05-01T14:01:01Z</time></trkpt><trkpt lat="54.898836" lon="25.838656"><ele>137.681</ele><time>2021-05-01T14:01:00Z</time></trkpt><trkpt lat="54.899224" lon="25.839198"><ele>138.586</ele><time>2021-05-01T14:00:58Z</time></trkpt><trkpt lat="54.899611" lon="25.839737"><ele>139.068</ele><time>2021-05-01T14:00:56Z</time></trkpt><trkpt lat="54.899802" lon="25.840004"><ele>139.353</ele><time>2021-05-01T14:00:55Z</time></trkpt><trkpt lat="54.899993" lon="25.840271"><ele>138.851</ele><time>2021-05-01T14:00:54Z</time></trkpt><trkpt lat="54.900373" lon="25.840806"><ele>139.584</ele><time>2021-05-01T14:00:52Z</time></trkpt><trkpt lat="54.900562" lon="25.841075"><ele>139.691</ele><time>2021-05-01T14:00:51Z</time></trkpt><trkpt lat="54.900938" lon="25.841609"><ele>139.749</ele><time>2021-05-01T14:00:49Z</time></trkpt><trkpt lat="54.901306" lon="25.842125"><ele>140.312</ele><time>2021-05-01T14:00:47Z</time></trkpt><trkpt lat="54.901483" lon="25.842374"><ele>140.232</ele><time>2021-05-01T14:00:46Z</time></trkpt><trkpt lat="54.901652" lon="25.842617"><ele>139.505</ele><time>2021-05-01T14:00:45Z</time></trkpt><trkpt lat="54.901811" lon="25.842851"><ele>140.209</ele><time>2021-05-01T14:00:44Z</time></trkpt><trkpt lat="54.901951" lon="25.843079"><ele>140.712</ele><time>2021-05-01T14:00:43Z</time></trkpt><trkpt lat="54.902173" lon="25.843536"><ele>140.135</ele><time>2021-05-01T14:00:41Z</time></trkpt><trkpt lat="54.902257" lon="25.843779"><ele>139.590</ele><time>2021-05-01T14:00:40Z</time></trkpt><trkpt lat="54.90233" lon="25.844033"><ele>139.732</ele><time>2021-05-01T14:00:39Z</time></trkpt><trkpt lat="54.9024" lon="25.844294"><ele>139.727</ele><time>2021-05-01T14:00:38Z</time></trkpt><trkpt lat="54.902475" lon="25.844547"><ele>139.255</ele><time>2021-05-01T14:00:37Z</time></trkpt><trkpt lat="54.902661" lon="25.844974"><ele>139.868</ele><time>2021-05-01T14:00:35Z</time></trkpt><trkpt lat="54.90278" lon="25.845138"><ele>140.015</ele><time>2021-05-01T14:00:34Z</time></trkpt><trkpt lat="54.903058" lon="25.845409"><ele>140.613</ele><time>2021-05-01T14:00:32Z</time></trkpt><trkpt lat="54.903209" lon="25.845539"><ele>140.349</ele><time>2021-05-01T14:00:31Z</time></trkpt><trkpt lat="54.903465" lon="25.845874"><ele>140.002</ele><time>2021-05-01T14:00:29Z</time></trkpt><trkpt lat="54.903666" lon="25.846348"><ele>140.122</ele><time>2021-05-01T14:00:27Z</time></trkpt><trkpt lat="54.903769" lon="25.846608"><ele>139.809</ele><time>2021-05-01T14:00:26Z</time></trkpt><trkpt lat="54.903883" lon="25.846869"><ele>139.745</ele><time>2021-05-01T14:00:25Z</time></trkpt><trkpt lat="54.90413" lon="25.847374"><ele>139.528</ele><time>2021-05-01T14:00:23Z</time></trkpt><trkpt lat="54.904248" lon="25.847629"><ele>139.243</ele><time>2021-05-01T14:00:22Z</time></trkpt><trkpt lat="54.904458" lon="25.84815"><ele>139.555</ele><time>2021-05-01T14:00:20Z</time></trkpt><trkpt lat="54.904558" lon="25.848402"><ele>140.170</ele><time>2021-05-01T14:00:19Z</time></trkpt><trkpt lat="54.904795" lon="25.848799"><ele>139.948</ele><time>2021-05-01T14:00:17Z</time></trkpt><trkpt lat="54.904936" lon="25.848931"><ele>139.891</ele><time>2021-05-01T14:00:16Z</time></trkpt><trkpt lat="54.905087" lon="25.849022"><ele>140.128</ele><time>2021-05-01T14:00:15Z</time></trkpt><trkpt lat="54.905251" lon="25.849082"><ele>140.256</ele><time>2021-05-01T14:00:14Z</time></trkpt><trkpt lat="54.905428" lon="25.849111"><ele>140.563</ele><time>2021-05-01T14:00:13Z</time></trkpt><trkpt lat="54.905789" lon="25.849085"><ele>140.544</ele><time>2021-05-01T14:00:11Z</time></trkpt><trkpt lat="54.905956" lon="25.849074"><ele>140.318</ele><time>2021-05-01T14:00:10Z</time></trkpt><trkpt lat="54.90627" lon="25.849161"><ele>140.409</ele><time>2021-05-01T14:00:08Z</time></trkpt><trkpt lat="54.906431" lon="25.849255"><ele>140.867</ele><time>2021-05-01T14:00:07Z</time></trkpt><trkpt lat="54.906795" lon="25.849502"><ele>140.490</ele><time>2021-05-01T14:00:05Z</time></trkpt><trkpt lat="54.906991" lon="25.849665"><ele>140.315</ele><time>2021-05-01T14:00:04Z</time></trkpt><trkpt lat="54.907186" lon="25.849865"><ele>140.017</ele><time>2021-05-01T14:00:03Z</time></trkpt><trkpt lat="54.907373" lon="25.850013"><ele>139.512</ele><time>2021-05-01T14:00:02Z</time></trkpt><trkpt lat="54.907532" lon="25.850039"><ele>139.640</ele><time>2021-05-01T14:00:01Z</time></trkpt><trkpt lat="54.907816" lon="25.849996"><ele>139.413</ele><time>2021-05-01T13:59:59Z</time></trkpt><trkpt lat="54.907938" lon="25.849917"><ele>138.950</ele><time>2021-05-01T13:59:58Z</time></trkpt><trkpt lat="54.908045" lon="25.849798"><ele>138.768</ele><time>2021-05-01T13:59:57Z</time></trkpt><trkpt lat="54.908229" lon="25.849429"><ele>137.628</ele><time>2021-05-01T13:59:55Z</time></trkpt><trkpt lat="54.908325" lon="25.849189"><ele>137.289</ele><time>2021-05-01T13:59:54Z</time></trkpt><trkpt lat="54.908541" lon="25.848635"><ele>137.217</ele><time>2021-05-01T13:59:52Z</time></trkpt><trkpt lat="54.908777" lon="25.848022"><ele>136.709</ele><time>2021-05-01T13:59:50Z</time></trkpt><trkpt lat="54.908898" lon="25.847707"><ele>136.463</ele><time>2021-05-01T13:59:49Z</time></trkpt><trkpt lat="54.909014" lon="25.847394"><ele>136.056</ele><time>2021-05-01T13:59:48Z</time></trkpt><trkpt lat="54.909126" lon="25.847085"><ele>135.461</ele><time>2021-05-01T13:59:47Z</time></trkpt><trkpt lat="54.909335" lon="25.846469"><ele>134.943</ele><time>2021-05-01T13:59:45Z</time></trkpt><trkpt lat="54.909435" lon="25.846161"><ele>134.588</ele><time>2021-05-01T13:59:44Z</time></trkpt><trkpt lat="54.909534" lon="25.845863"><ele>134.086</ele><time>2021-05-01T13:59:43Z</time></trkpt><trkpt lat="54.909631" lon="25.845578"><ele>134.449</ele><time>2021-05-01T13:59:42Z</time></trkpt><trkpt lat="54.909728" lon="25.845316"><ele>134.346</ele><time>2021-05-01T13:59:41Z</time></trkpt><trkpt lat="54.909833" lon="25.84509"><ele>133.284</ele><time>2021-05-01T13:59:40Z</time></trkpt><trkpt lat="54.910065" lon="25.844787"><ele>132.876</ele><time>2021-05-01T13:59:38Z</time></trkpt><trkpt lat="54.910203" lon="25.844716"><ele>133.390</ele><time>2021-05-01T13:59:37Z</time></trkpt><trkpt lat="54.910355" lon="25.844677"><ele>134.319</ele><time>2021-05-01T13:59:36Z</time></trkpt><trkpt lat="54.910694" lon="25.844637"><ele>135.209</ele><time>2021-05-01T13:59:34Z</time></trkpt><trkpt lat="54.911075" lon="25.844604"><ele>135.388</ele><time>2021-05-01T13:59:32Z</time></trkpt><trkpt lat="54.911277" lon="25.844585"><ele>135.561</ele><time>2021-05-01T13:59:31Z</time></trkpt><trkpt lat="54.911685" lon="25.84455"><ele>136.626</ele><time>2021-05-01T13:59:29Z</time></trkpt><trkpt lat="54.912084" lon="25.844502"><ele>136.898</ele><time>2021-05-01T13:59:27Z</time></trkpt><trkpt lat="54.912279" lon="25.844477"><ele>136.983</ele><time>2021-05-01T13:59:26Z</time></trkpt><trkpt lat="54.912659" lon="25.844427"><ele>137.441</ele><time>2021-05-01T13:59:24Z</time></trkpt><trkpt lat="54.912848" lon="25.844407"><ele>137.994</ele><time>2021-05-01T13:59:23Z</time></trkpt><trkpt lat="54.913034" lon="25.84438"><ele>138.071</ele><time>2021-05-01T13:59:22Z</time></trkpt><trkpt lat="54.913392" lon="25.844311"><ele>139.199</ele><time>2021-05-01T13:59:20Z</time></trkpt><trkpt lat="54.91374" lon="25.844202"><ele>138.654</ele><time>2021-05-01T13:59:18Z</time></trkpt><trkpt lat="54.913921" lon="25.844127"><ele>138.456</ele><time>2021-05-01T13:59:17Z</time></trkpt><trkpt lat="54.914307" lon="25.843972"><ele>139.011</ele><time>2021-05-01T13:59:15Z</time></trkpt><trkpt lat="54.914514" lon="25.843903"><ele>139.009</ele><time>2021-05-01T13:59:14Z</time></trkpt><trkpt lat="54.914946" lon="25.843773"><ele>139.536</ele><time>2021-05-01T13:59:12Z</time></trkpt><trkpt lat="54.915174" lon="25.843705"><ele>139.499</ele><time>2021-05-01T13:59:11Z</time></trkpt><trkpt lat="54.915407" lon="25.843635"><ele>139.654</ele><time>2021-05-01T13:59:10Z</time></trkpt><trkpt lat="54.915641" lon="25.843571"><ele>140.266</ele><time>2021-05-01T13:59:09Z</time></trkpt><trkpt lat="54.915877" lon="25.843507"><ele>139.931</ele><time>2021-05-01T13:59:08Z</time></trkpt><trkpt lat="54.916352" lon="25.843367"><ele>140.819</ele><time>2021-05-01T13:59:06Z</time></trkpt><trkpt lat="54.916586" lon="25.843299"><ele>141.132</ele><time>2021-05-01T13:59:05Z</time></trkpt><trkpt lat="54.917046" lon="25.843161"><ele>141.639</ele><time>2021-05-01T13:59:03Z</time></trkpt><trkpt lat="54.91727" lon="25.843092"><ele>141.367</ele><time>2021-05-01T13:59:02Z</time></trkpt><trkpt lat="54.91749" lon="25.843023"><ele>141.137</ele><time>2021-05-01T13:59:01Z</time></trkpt><trkpt lat="54.917708" lon="25.842958"><ele>140.949</ele><time>2021-05-01T13:59:00Z</time></trkpt><trkpt lat="54.918138" lon="25.84283"><ele>141.513</ele><time>2021-05-01T13:58:58Z</time></trkpt><trkpt lat="54.918356" lon="25.842762"><ele>141.509</ele><time>2021-05-01T13:58:57Z</time></trkpt><trkpt lat="54.918801" lon="25.842607"><ele>142.184</ele><time>2021-05-01T13:58:55Z</time></trkpt><trkpt lat="54.919024" lon="25.842535"><ele>142.367</ele><time>2021-05-01T13:58:54Z</time></trkpt><trkpt lat="54.919245" lon="25.842473"><ele>141.722</ele><time>2021-05-01T13:58:53Z</time></trkpt><trkpt lat="54.919676" lon="25.842346"><ele>142.094</ele><time>2021-05-01T13:58:51Z</time></trkpt><trkpt lat="54.919888" lon="25.842273"><ele>141.539</ele><time>2021-05-01T13:58:50Z</time></trkpt><trkpt lat="54.920304" lon="25.842125"><ele>141.277</ele><time>2021-05-01T13:58:48Z</time></trkpt><trkpt lat="54.920507" lon="25.842053"><ele>141.280</ele><time>2021-05-01T13:58:47Z</time></trkpt><trkpt lat="54.920895" lon="25.841911"><ele>141.787</ele><time>2021-05-01T13:58:45Z</time></trkpt><trkpt lat="54.921082" lon="25.841839"><ele>141.715</ele><time>2021-05-01T13:58:44Z</time></trkpt><trkpt lat="54.921457" lon="25.841706"><ele>141.262</ele><time>2021-05-01T13:58:42Z</time></trkpt><trkpt lat="54.92163" lon="25.841669"><ele>141.583</ele><time>2021-05-01T13:58:41Z</time></trkpt><trkpt lat="54.921951" lon="25.841769"><ele>141.211</ele><time>2021-05-01T13:58:39Z</time></trkpt><trkpt lat="54.922253" lon="25.842004"><ele>141.309</ele><time>2021-05-01T13:58:37Z</time></trkpt><trkpt lat="54.922548" lon="25.842313"><ele>142.037</ele><time>2021-05-01T13:58:35Z</time></trkpt><trkpt lat="54.922869" lon="25.842695"><ele>142.680</ele><time>2021-05-01T13:58:33Z</time></trkpt><trkpt lat="54.923044" lon="25.842902"><ele>142.395</ele><time>2021-05-01T13:58:32Z</time></trkpt><trkpt lat="54.923225" lon="25.843113"><ele>142.197</ele><time>2021-05-01T13:58:31Z</time></trkpt><trkpt lat="54.923591" lon="25.843534"><ele>142.412</ele><time>2021-05-01T13:58:29Z</time></trkpt><trkpt lat="54.923776" lon="25.843744"><ele>142.460</ele><time>2021-05-01T13:58:28Z</time></trkpt><trkpt lat="54.923961" lon="25.843951"><ele>143.113</ele><time>2021-05-01T13:58:27Z</time></trkpt><trkpt lat="54.924144" lon="25.844158"><ele>143.520</ele><time>2021-05-01T13:58:26Z</time></trkpt><trkpt lat="54.924325" lon="25.844363"><ele>143.618</ele><time>2021-05-01T13:58:25Z</time></trkpt><trkpt lat="54.924683" lon="25.844768"><ele>144.056</ele><time>2021-05-01T13:58:23Z</time></trkpt><trkpt lat="54.924861" lon="25.844965"><ele>144.159</ele><time>2021-05-01T13:58:22Z</time></trkpt><trkpt lat="54.92504" lon="25.845158"><ele>143.914</ele><time>2021-05-01T13:58:21Z</time></trkpt><trkpt lat="54.925219" lon="25.845351"><ele>143.809</ele><time>2021-05-01T13:58:20Z</time></trkpt><trkpt lat="54.925575" lon="25.845739"><ele>143.986</ele><time>2021-05-01T13:58:18Z</time></trkpt><trkpt lat="54.925754" lon="25.845933"><ele>143.029</ele><time>2021-05-01T13:58:17Z</time></trkpt><trkpt lat="54.925935" lon="25.846132"><ele>142.874</ele><time>2021-05-01T13:58:16Z</time></trkpt><trkpt lat="54.92612" lon="25.846341"><ele>142.576</ele><time>2021-05-01T13:58:15Z</time></trkpt><trkpt lat="54.926499" lon="25.846784"><ele>142.461</ele><time>2021-05-01T13:58:13Z</time></trkpt><trkpt lat="54.926882" lon="25.84724"><ele>141.989</ele><time>2021-05-01T13:58:11Z</time></trkpt><trkpt lat="54.927073" lon="25.847469"><ele>142.352</ele><time>2021-05-01T13:58:10Z</time></trkpt><trkpt lat="54.927264" lon="25.847695"><ele>142.089</ele><time>2021-05-01T13:58:09Z</time></trkpt><trkpt lat="54.927644" lon="25.84813"><ele>142.727</ele><time>2021-05-01T13:58:07Z</time></trkpt><trkpt lat="54.927835" lon="25.848346"><ele>142.616</ele><time>2021-05-01T13:58:06Z</time></trkpt><trkpt lat="54.928025" lon="25.848561"><ele>142.576</ele><time>2021-05-01T13:58:05Z</time></trkpt><trkpt lat="54.928216" lon="25.848776"><ele>142.213</ele><time>2021-05-01T13:58:04Z</time></trkpt><trkpt lat="54.928589" lon="25.849198"><ele>142.009</ele><time>2021-05-01T13:58:02Z</time></trkpt><trkpt lat="54.928773" lon="25.849409"><ele>141.492</ele><time>2021-05-01T13:58:01Z</time></trkpt><trkpt lat="54.928953" lon="25.849614"><ele>141.175</ele><time>2021-05-01T13:58:00Z</time></trkpt><trkpt lat="54.929129" lon="25.849816"><ele>140.820</ele><time>2021-05-01T13:57:59Z</time></trkpt><trkpt lat="54.929479" lon="25.850241"><ele>140.842</ele><time>2021-05-01T13:57:57Z</time></trkpt><trkpt lat="54.929834" lon="25.850652"><ele>140.767</ele><time>2021-05-01T13:57:55Z</time></trkpt><trkpt lat="54.930182" lon="25.851057"><ele>140.775</ele><time>2021-05-01T13:57:53Z</time></trkpt><trkpt lat="54.930356" lon="25.851269"><ele>141.188</ele><time>2021-05-01T13:57:52Z</time></trkpt><trkpt lat="54.930701" lon="25.851685"><ele>141.255</ele><time>2021-05-01T13:57:50Z</time></trkpt><trkpt lat="54.930871" lon="25.851884"><ele>141.553</ele><time>2021-05-01T13:57:49Z</time></trkpt><trkpt lat="54.931044" lon="25.852079"><ele>141.847</ele><time>2021-05-01T13:57:48Z</time></trkpt><trkpt lat="54.931221" lon="25.852278"><ele>142.929</ele><time>2021-05-01T13:57:47Z</time></trkpt><trkpt lat="54.931577" lon="25.852674"><ele>143.121</ele><time>2021-05-01T13:57:45Z</time></trkpt><trkpt lat="54.931755" lon="25.85287"><ele>143.609</ele><time>2021-05-01T13:57:44Z</time></trkpt><trkpt lat="54.93211" lon="25.853265"><ele>144.495</ele><time>2021-05-01T13:57:42Z</time></trkpt><trkpt lat="54.932448" lon="25.853658"><ele>144.378</ele><time>2021-05-01T13:57:40Z</time></trkpt><trkpt lat="54.932608" lon="25.853848"><ele>144.033</ele><time>2021-05-01T13:57:39Z</time></trkpt><trkpt lat="54.932763" lon="25.854026"><ele>143.865</ele><time>2021-05-01T13:57:38Z</time></trkpt><trkpt lat="54.932913" lon="25.85419"><ele>143.540</ele><time>2021-05-01T13:57:37Z</time></trkpt><trkpt lat="54.933062" lon="25.854333"><ele>143.138</ele><time>2021-05-01T13:57:36Z</time></trkpt><trkpt lat="54.933371" lon="25.854523"><ele>142.861</ele><time>2021-05-01T13:57:34Z</time></trkpt><trkpt lat="54.933678" lon="25.854559"><ele>143.498</ele><time>2021-05-01T13:57:32Z</time></trkpt><trkpt lat="54.933815" lon="25.854531"><ele>144.486</ele><time>2021-05-01T13:57:31Z</time></trkpt><trkpt lat="54.934071" lon="25.854317"><ele>144.594</ele><time>2021-05-01T13:57:29Z</time></trkpt><trkpt lat="54.934335" lon="25.853984"><ele>144.257</ele><time>2021-05-01T13:57:27Z</time></trkpt><trkpt lat="54.934625" lon="25.853588"><ele>144.122</ele><time>2021-05-01T13:57:25Z</time></trkpt><trkpt lat="54.934934" lon="25.853154"><ele>144.309</ele><time>2021-05-01T13:57:23Z</time></trkpt><trkpt lat="54.935092" lon="25.852931"><ele>144.560</ele><time>2021-05-01T13:57:22Z</time></trkpt><trkpt lat="54.935408" lon="25.852489"><ele>144.593</ele><time>2021-05-01T13:57:20Z</time></trkpt><trkpt lat="54.935567" lon="25.852268"><ele>144.718</ele><time>2021-05-01T13:57:19Z</time></trkpt><trkpt lat="54.935726" lon="25.852047"><ele>143.910</ele><time>2021-05-01T13:57:18Z</time></trkpt><trkpt lat="54.936038" lon="25.851613"><ele>143.425</ele><time>2021-05-01T13:57:16Z</time></trkpt><trkpt lat="54.936337" lon="25.851201"><ele>143.233</ele><time>2021-05-01T13:57:14Z</time></trkpt><trkpt lat="54.936485" lon="25.851001"><ele>143.676</ele><time>2021-05-01T13:57:13Z</time></trkpt><trkpt lat="54.936634" lon="25.850798"><ele>143.923</ele><time>2021-05-01T13:57:12Z</time></trkpt><trkpt lat="54.936785" lon="25.85059"><ele>144.221</ele><time>2021-05-01T13:57:11Z</time></trkpt><trkpt lat="54.937088" lon="25.850171"><ele>144.896</ele><time>2021-05-01T13:57:09Z</time></trkpt><trkpt lat="54.937238" lon="25.849963"><ele>145.531</ele><time>2021-05-01T13:57:08Z</time></trkpt><trkpt lat="54.937388" lon="25.849754"><ele>145.324</ele><time>2021-05-01T13:57:07Z</time></trkpt><trkpt lat="54.937687" lon="25.849339"><ele>145.109</ele><time>2021-05-01T13:57:05Z</time></trkpt><trkpt lat="54.93784" lon="25.84913"><ele>144.750</ele><time>2021-05-01T13:57:04Z</time></trkpt><trkpt lat="54.938156" lon="25.848698"><ele>143.793</ele><time>2021-05-01T13:57:02Z</time></trkpt><trkpt lat="54.938469" lon="25.848269"><ele>143.668</ele><time>2021-05-01T13:57:00Z</time></trkpt><trkpt lat="54.938774" lon="25.84785"><ele>143.530</ele><time>2021-05-01T13:56:58Z</time></trkpt><trkpt lat="54.938925" lon="25.847642"><ele>143.685</ele><time>2021-05-01T13:56:57Z</time></trkpt><trkpt lat="54.939074" lon="25.847432"><ele>143.983</ele><time>2021-05-01T13:56:56Z</time></trkpt><trkpt lat="54.939221" lon="25.847223"><ele>143.766</ele><time>2021-05-01T13:56:55Z</time></trkpt><trkpt lat="54.939369" lon="25.847016"><ele>143.513</ele><time>2021-05-01T13:56:54Z</time></trkpt><trkpt lat="54.939523" lon="25.846803"><ele>143.381</ele><time>2021-05-01T13:56:53Z</time></trkpt><trkpt lat="54.939847" lon="25.846355"><ele>143.239</ele><time>2021-05-01T13:56:51Z</time></trkpt><trkpt lat="54.940012" lon="25.846126"><ele>143.301</ele><time>2021-05-01T13:56:50Z</time></trkpt><trkpt lat="54.940338" lon="25.845667"><ele>143.121</ele><time>2021-05-01T13:56:48Z</time></trkpt><trkpt lat="54.940655" lon="25.84522"><ele>143.209</ele><time>2021-05-01T13:56:46Z</time></trkpt><trkpt lat="54.940807" lon="25.845005"><ele>143.044</ele><time>2021-05-01T13:56:45Z</time></trkpt><trkpt lat="54.941095" lon="25.844604"><ele>142.747</ele><time>2021-05-01T13:56:43Z</time></trkpt><trkpt lat="54.941236" lon="25.844422"><ele>142.092</ele><time>2021-05-01T13:56:42Z</time></trkpt><trkpt lat="54.941379" lon="25.844261"><ele>142.144</ele><time>2021-05-01T13:56:41Z</time></trkpt><trkpt lat="54.941529" lon="25.844134"><ele>141.739</ele><time>2021-05-01T13:56:40Z</time></trkpt><trkpt lat="54.941848" lon="25.843999"><ele>142.037</ele><time>2021-05-01T13:56:38Z</time></trkpt><trkpt lat="54.942017" lon="25.843978"><ele>142.140</ele><time>2021-05-01T13:56:37Z</time></trkpt><trkpt lat="54.942193" lon="25.843976"><ele>141.577</ele><time>2021-05-01T13:56:36Z</time></trkpt><trkpt lat="54.942572" lon="25.843994"><ele>141.755</ele><time>2021-05-01T13:56:34Z</time></trkpt><trkpt lat="54.942773" lon="25.843999"><ele>142.353</ele><time>2021-05-01T13:56:33Z</time></trkpt><trkpt lat="54.942976" lon="25.844004"><ele>142.604</ele><time>2021-05-01T13:56:32Z</time></trkpt><trkpt lat="54.94318" lon="25.844007"><ele>143.014</ele><time>2021-05-01T13:56:31Z</time></trkpt><trkpt lat="54.943588" lon="25.844006"><ele>143.409</ele><time>2021-05-01T13:56:29Z</time></trkpt><trkpt lat="54.943991" lon="25.844006"><ele>143.646</ele><time>2021-05-01T13:56:27Z</time></trkpt><trkpt lat="54.944191" lon="25.844012"><ele>143.589</ele><time>2021-05-01T13:56:26Z</time></trkpt><trkpt lat="54.944398" lon="25.844022"><ele>143.234</ele><time>2021-05-01T13:56:25Z</time></trkpt><trkpt lat="54.944609" lon="25.844029"><ele>142.916</ele><time>2021-05-01T13:56:24Z</time></trkpt><trkpt lat="54.945048" lon="25.844042"><ele>142.731</ele><time>2021-05-01T13:56:22Z</time></trkpt><trkpt lat="54.945273" lon="25.844047"><ele>142.239</ele><time>2021-05-01T13:56:21Z</time></trkpt><trkpt lat="54.945497" lon="25.844048"><ele>142.292</ele><time>2021-05-01T13:56:20Z</time></trkpt><trkpt lat="54.945942" lon="25.844053"><ele>142.219</ele><time>2021-05-01T13:56:18Z</time></trkpt><trkpt lat="54.946162" lon="25.844056"><ele>142.267</ele><time>2021-05-01T13:56:17Z</time></trkpt><trkpt lat="54.946595" lon="25.844052"><ele>142.078</ele><time>2021-05-01T13:56:15Z</time></trkpt><trkpt lat="54.946811" lon="25.844045"><ele>141.333</ele><time>2021-05-01T13:56:14Z</time></trkpt><trkpt lat="54.947216" lon="25.844035"><ele>141.326</ele><time>2021-05-01T13:56:12Z</time></trkpt><trkpt lat="54.947396" lon="25.844036"><ele>141.209</ele><time>2021-05-01T13:56:11Z</time></trkpt><trkpt lat="54.947705" lon="25.844042"><ele>141.998</ele><time>2021-05-01T13:56:09Z</time></trkpt><trkpt lat="54.947838" lon="25.844041"><ele>141.941</ele><time>2021-05-01T13:56:08Z</time></trkpt><trkpt lat="54.947957" lon="25.844038"><ele>141.956</ele><time>2021-05-01T13:56:07Z</time></trkpt><trkpt lat="54.948061" lon="25.844035"><ele>142.488</ele><time>2021-05-01T13:56:06Z</time></trkpt><trkpt lat="54.948148" lon="25.844034"><ele>141.753</ele><time>2021-05-01T13:56:05Z</time></trkpt><trkpt lat="54.948212" lon="25.844036"><ele>142.021</ele><time>2021-05-01T13:56:04Z</time></trkpt><trkpt lat="54.948285" lon="25.844044"><ele>142.554</ele><time>2021-05-01T13:56:02Z</time></trkpt><trkpt lat="54.948331" lon="25.844065"><ele>141.791</ele><time>2021-05-01T13:56:00Z</time></trkpt><trkpt lat="54.948314" lon="25.844145"><ele>141.419</ele><time>2021-05-01T13:55:58Z</time></trkpt><trkpt lat="54.948254" lon="25.844406"><ele>141.441</ele><time>2021-05-01T13:55:56Z</time></trkpt><trkpt lat="54.948222" lon="25.844548"><ele>141.681</ele><time>2021-05-01T13:55:55Z</time></trkpt><trkpt lat="54.948191" lon="25.844691"><ele>142.109</ele><time>2021-05-01T13:55:54Z</time></trkpt><trkpt lat="54.94813" lon="25.844982"><ele>142.209</ele><time>2021-05-01T13:55:52Z</time></trkpt><trkpt lat="54.948065" lon="25.845292"><ele>142.095</ele><time>2021-05-01T13:55:50Z</time></trkpt><trkpt lat="54.948033" lon="25.845463"><ele>142.258</ele><time>2021-05-01T13:55:49Z</time></trkpt><trkpt lat="54.948003" lon="25.845652"><ele>142.563</ele><time>2021-05-01T13:55:48Z</time></trkpt><trkpt lat="54.947978" lon="25.84586"><ele>142.825</ele><time>2021-05-01T13:55:47Z</time></trkpt><trkpt lat="54.947945" lon="25.846335"><ele>142.820</ele><time>2021-05-01T13:55:45Z</time></trkpt><trkpt lat="54.947933" lon="25.846606"><ele>142.648</ele><time>2021-05-01T13:55:44Z</time></trkpt><trkpt lat="54.947909" lon="25.847217"><ele>142.061</ele><time>2021-05-01T13:55:42Z</time></trkpt><trkpt lat="54.947894" lon="25.847555"><ele>142.278</ele><time>2021-05-01T13:55:41Z</time></trkpt><trkpt lat="54.947877" lon="25.84791"><ele>142.216</ele><time>2021-05-01T13:55:40Z</time></trkpt><trkpt lat="54.947847" lon="25.848652"><ele>142.374</ele><time>2021-05-01T13:55:38Z</time></trkpt><trkpt lat="54.947836" lon="25.849029"><ele>142.756</ele><time>2021-05-01T13:55:37Z</time></trkpt><trkpt lat="54.947826" lon="25.849405"><ele>143.221</ele><time>2021-05-01T13:55:36Z</time></trkpt><trkpt lat="54.947816" lon="25.849782"><ele>143.109</ele><time>2021-05-01T13:55:35Z</time></trkpt><trkpt lat="54.947798" lon="25.850535"><ele>144.328</ele><time>2021-05-01T13:55:33Z</time></trkpt><trkpt lat="54.947789" lon="25.850911"><ele>143.731</ele><time>2021-05-01T13:55:32Z</time></trkpt><trkpt lat="54.947777" lon="25.851657"><ele>143.826</ele><time>2021-05-01T13:55:30Z</time></trkpt><trkpt lat="54.947779" lon="25.852026"><ele>144.568</ele><time>2021-05-01T13:55:29Z</time></trkpt><trkpt lat="54.947788" lon="25.852394"><ele>144.973</ele><time>2021-05-01T13:55:28Z</time></trkpt><trkpt lat="54.947833" lon="25.853112"><ele>145.191</ele><time>2021-05-01T13:55:26Z</time></trkpt><trkpt lat="54.947865" lon="25.853464"><ele>145.394</ele><time>2021-05-01T13:55:25Z</time></trkpt><trkpt lat="54.947949" lon="25.854136"><ele>145.541</ele><time>2021-05-01T13:55:23Z</time></trkpt><trkpt lat="54.948047" lon="25.854799"><ele>145.789</ele><time>2021-05-01T13:55:21Z</time></trkpt><trkpt lat="54.948093" lon="25.85513"><ele>145.122</ele><time>2021-05-01T13:55:20Z</time></trkpt><trkpt lat="54.94817" lon="25.855789"><ele>145.062</ele><time>2021-05-01T13:55:18Z</time></trkpt><trkpt lat="54.948238" lon="25.856418"><ele>144.508</ele><time>2021-05-01T13:55:16Z</time></trkpt><trkpt lat="54.948277" lon="25.856712"><ele>144.009</ele><time>2021-05-01T13:55:15Z</time></trkpt><trkpt lat="54.948331" lon="25.856985"><ele>143.963</ele><time>2021-05-01T13:55:14Z</time></trkpt><trkpt lat="54.948513" lon="25.857434"><ele>143.956</ele><time>2021-05-01T13:55:12Z</time></trkpt><trkpt lat="54.948636" lon="25.857632"><ele>143.591</ele><time>2021-05-01T13:55:11Z</time></trkpt><trkpt lat="54.948775" lon="25.857824"><ele>144.063</ele><time>2021-05-01T13:55:10Z</time></trkpt><trkpt lat="54.948927" lon="25.858012"><ele>144.818</ele><time>2021-05-01T13:55:09Z</time></trkpt><trkpt lat="54.949266" lon="25.858433"><ele>145.846</ele><time>2021-05-01T13:55:07Z</time></trkpt><trkpt lat="54.949634" lon="25.858894"><ele>145.989</ele><time>2021-05-01T13:55:05Z</time></trkpt><trkpt lat="54.949823" lon="25.85913"><ele>146.366</ele><time>2021-05-01T13:55:04Z</time></trkpt><trkpt lat="54.950015" lon="25.859368"><ele>146.324</ele><time>2021-05-01T13:55:03Z</time></trkpt><trkpt lat="54.950209" lon="25.85961"><ele>147.159</ele><time>2021-05-01T13:55:02Z</time></trkpt><trkpt lat="54.950401" lon="25.859851"><ele>147.503</ele><time>2021-05-01T13:55:01Z</time></trkpt><trkpt lat="54.950776" lon="25.86031"><ele>148.223</ele><time>2021-05-01T13:54:59Z</time></trkpt><trkpt lat="54.950958" lon="25.860529"><ele>148.609</ele><time>2021-05-01T13:54:58Z</time></trkpt><trkpt lat="54.951298" lon="25.860941"><ele>148.626</ele><time>2021-05-01T13:54:56Z</time></trkpt><trkpt lat="54.951456" lon="25.861143"><ele>148.999</ele><time>2021-05-01T13:54:55Z</time></trkpt><trkpt lat="54.951752" lon="25.861516"><ele>149.354</ele><time>2021-05-01T13:54:53Z</time></trkpt><trkpt lat="54.951997" lon="25.861836"><ele>149.876</ele><time>2021-05-01T13:54:51Z</time></trkpt><trkpt lat="54.9521" lon="25.861975"><ele>150.471</ele><time>2021-05-01T13:54:50Z</time></trkpt><trkpt lat="54.952188" lon="25.862088"><ele>150.489</ele><time>2021-05-01T13:54:49Z</time></trkpt><trkpt lat="54.952346" lon="25.862198"><ele>150.072</ele><time>2021-05-01T13:54:47Z</time></trkpt><trkpt lat="54.952421" lon="25.862181"><ele>149.379</ele><time>2021-05-01T13:54:46Z</time></trkpt><trkpt lat="54.952585" lon="25.862007"><ele>148.977</ele><time>2021-05-01T13:54:44Z</time></trkpt><trkpt lat="54.952679" lon="25.861856"><ele>148.884</ele><time>2021-05-01T13:54:43Z</time></trkpt><trkpt lat="54.952874" lon="25.86151"><ele>148.507</ele><time>2021-05-01T13:54:41Z</time></trkpt><trkpt lat="54.952972" lon="25.861339"><ele>148.617</ele><time>2021-05-01T13:54:40Z</time></trkpt><trkpt lat="54.953168" lon="25.860997"><ele>148.309</ele><time>2021-05-01T13:54:38Z</time></trkpt><trkpt lat="54.953265" lon="25.860812"><ele>147.669</ele><time>2021-05-01T13:54:37Z</time></trkpt><trkpt lat="54.953465" lon="25.860416"><ele>147.872</ele><time>2021-05-01T13:54:35Z</time></trkpt><trkpt lat="54.953567" lon="25.860223"><ele>147.547</ele><time>2021-05-01T13:54:34Z</time></trkpt><trkpt lat="54.953766" lon="25.859854"><ele>147.039</ele><time>2021-05-01T13:54:32Z</time></trkpt><trkpt lat="54.953866" lon="25.859685"><ele>146.444</ele><time>2021-05-01T13:54:31Z</time></trkpt><trkpt lat="54.953963" lon="25.859521"><ele>146.072</ele><time>2021-05-01T13:54:30Z</time></trkpt><trkpt lat="54.954059" lon="25.859361"><ele>145.465</ele><time>2021-05-01T13:54:29Z</time></trkpt><trkpt lat="54.954156" lon="25.859204"><ele>145.142</ele><time>2021-05-01T13:54:28Z</time></trkpt><trkpt lat="54.954254" lon="25.859045"><ele>145.040</ele><time>2021-05-01T13:54:27Z</time></trkpt><trkpt lat="54.954409" lon="25.858801"><ele>144.554</ele><time>2021-05-01T13:54:25Z</time></trkpt><trkpt lat="54.954489" lon="25.858681"><ele>144.456</ele><time>2021-05-01T13:54:23Z</time></trkpt><trkpt lat="54.954527" lon="25.858613"><ele>143.811</ele><time>2021-05-01T13:52:25Z</time></trkpt><trkpt lat="54.954573" lon="25.858638"><ele>144.809</ele><time>2021-05-01T13:52:24Z</time></trkpt><trkpt lat="54.95468" lon="25.858824"><ele>145.476</ele><time>2021-05-01T13:52:22Z</time></trkpt><trkpt lat="54.954821" lon="25.859095"><ele>145.249</ele><time>2021-05-01T13:52:20Z</time></trkpt><trkpt lat="54.955017" lon="25.859234"><ele>146.194</ele><time>2021-05-01T13:52:18Z</time></trkpt><trkpt lat="54.955135" lon="25.8592"><ele>146.456</ele><time>2021-05-01T13:52:17Z</time></trkpt><trkpt lat="54.95526" lon="25.859124"><ele>146.611</ele><time>2021-05-01T13:52:16Z</time></trkpt><trkpt lat="54.955389" lon="25.859035"><ele>146.739</ele><time>2021-05-01T13:52:15Z</time></trkpt><trkpt lat="54.955655" lon="25.85895"><ele>146.912</ele><time>2021-05-01T13:52:13Z</time></trkpt><trkpt lat="54.955788" lon="25.858983"><ele>146.569</ele><time>2021-05-01T13:52:12Z</time></trkpt><trkpt lat="54.956039" lon="25.859149"><ele>146.327</ele><time>2021-05-01T13:52:10Z</time></trkpt><trkpt lat="54.956155" lon="25.85926"><ele>147.078</ele><time>2021-05-01T13:52:09Z</time></trkpt><trkpt lat="54.956261" lon="25.859379"><ele>146.733</ele><time>2021-05-01T13:52:08Z</time></trkpt><trkpt lat="54.956359" lon="25.859485"><ele>147.626</ele><time>2021-05-01T13:52:07Z</time></trkpt><trkpt lat="54.956467" lon="25.859565"><ele>147.909</ele><time>2021-05-01T13:52:06Z</time></trkpt><trkpt lat="54.956751" lon="25.859701"><ele>148.038</ele><time>2021-05-01T13:52:04Z</time></trkpt><trkpt lat="54.956921" lon="25.859762"><ele>148.781</ele><time>2021-05-01T13:52:03Z</time></trkpt><trkpt lat="54.957279" lon="25.85993"><ele>148.836</ele><time>2021-05-01T13:52:01Z</time></trkpt><trkpt lat="54.957623" lon="25.860151"><ele>149.268</ele><time>2021-05-01T13:51:59Z</time></trkpt><trkpt lat="54.957955" lon="25.86039"><ele>149.143</ele><time>2021-05-01T13:51:57Z</time></trkpt><trkpt lat="54.958116" lon="25.860505"><ele>149.381</ele><time>2021-05-01T13:51:56Z</time></trkpt><trkpt lat="54.958273" lon="25.860613"><ele>149.214</ele><time>2021-05-01T13:51:55Z</time></trkpt><trkpt lat="54.958578" lon="25.86081"><ele>149.261</ele><time>2021-05-01T13:51:53Z</time></trkpt><trkpt lat="54.958722" lon="25.860901"><ele>149.919</ele><time>2021-05-01T13:51:52Z</time></trkpt><trkpt lat="54.958972" lon="25.861081"><ele>149.114</ele><time>2021-05-01T13:51:50Z</time></trkpt><trkpt lat="54.959069" lon="25.861192"><ele>148.254</ele><time>2021-05-01T13:51:49Z</time></trkpt><trkpt lat="54.959195" lon="25.861498"><ele>147.709</ele><time>2021-05-01T13:51:47Z</time></trkpt><trkpt lat="54.95923" lon="25.861941"><ele>146.909</ele><time>2021-05-01T13:51:45Z</time></trkpt><trkpt lat="54.95923" lon="25.862197"><ele>146.742</ele><time>2021-05-01T13:51:44Z</time></trkpt><trkpt lat="54.959229" lon="25.862482"><ele>146.515</ele><time>2021-05-01T13:51:43Z</time></trkpt><trkpt lat="54.959239" lon="25.863074"><ele>145.520</ele><time>2021-05-01T13:51:41Z</time></trkpt><trkpt lat="54.959289" lon="25.863669"><ele>144.912</ele><time>2021-05-01T13:51:39Z</time></trkpt><trkpt lat="54.959336" lon="25.863957"><ele>144.537</ele><time>2021-05-01T13:51:38Z</time></trkpt><trkpt lat="54.959394" lon="25.864244"><ele>144.895</ele><time>2021-05-01T13:51:37Z</time></trkpt><trkpt lat="54.959456" lon="25.864536"><ele>144.968</ele><time>2021-05-01T13:51:36Z</time></trkpt><trkpt lat="54.959596" lon="25.865141"><ele>144.815</ele><time>2021-05-01T13:51:34Z</time></trkpt><trkpt lat="54.959673" lon="25.865451"><ele>144.533</ele><time>2021-05-01T13:51:33Z</time></trkpt><trkpt lat="54.959757" lon="25.865759"><ele>145.199</ele><time>2021-05-01T13:51:32Z</time></trkpt><trkpt lat="54.959851" lon="25.866059"><ele>145.707</ele><time>2021-05-01T13:51:31Z</time></trkpt><trkpt lat="54.96006" lon="25.866634"><ele>147.027</ele><time>2021-05-01T13:51:29Z</time></trkpt><trkpt lat="54.960268" lon="25.867176"><ele>146.709</ele><time>2021-05-01T13:51:27Z</time></trkpt><trkpt lat="54.960369" lon="25.867429"><ele>146.550</ele><time>2021-05-01T13:51:26Z</time></trkpt><trkpt lat="54.96054" lon="25.867911"><ele>146.453</ele><time>2021-05-01T13:51:24Z</time></trkpt><trkpt lat="54.960594" lon="25.868169"><ele>146.588</ele><time>2021-05-01T13:51:23Z</time></trkpt><trkpt lat="54.960622" lon="25.868438"><ele>146.240</ele><time>2021-05-01T13:51:22Z</time></trkpt><trkpt lat="54.96064" lon="25.868716"><ele>146.335</ele><time>2021-05-01T13:51:21Z</time></trkpt><trkpt lat="54.960657" lon="25.86929"><ele>146.023</ele><time>2021-05-01T13:51:19Z</time></trkpt><trkpt lat="54.960654" lon="25.869566"><ele>146.676</ele><time>2021-05-01T13:51:18Z</time></trkpt><trkpt lat="54.960639" lon="25.869829"><ele>146.483</ele><time>2021-05-01T13:51:17Z</time></trkpt><trkpt lat="54.960606" lon="25.870089"><ele>146.631</ele><time>2021-05-01T13:51:16Z</time></trkpt><trkpt lat="54.96056" lon="25.870354"><ele>146.829</ele><time>2021-05-01T13:51:15Z</time></trkpt><trkpt lat="54.96045" lon="25.870891"><ele>146.700</ele><time>2021-05-01T13:51:13Z</time></trkpt><trkpt lat="54.960399" lon="25.871151"><ele>147.120</ele><time>2021-05-01T13:51:12Z</time></trkpt><trkpt lat="54.960294" lon="25.871621"><ele>148.109</ele><time>2021-05-01T13:51:10Z</time></trkpt><trkpt lat="54.960257" lon="25.871829"><ele>147.643</ele><time>2021-05-01T13:51:09Z</time></trkpt><trkpt lat="54.960253" lon="25.872027"><ele>147.486</ele><time>2021-05-01T13:51:08Z</time></trkpt><trkpt lat="54.960332" lon="25.872425"><ele>147.671</ele><time>2021-05-01T13:51:06Z</time></trkpt><trkpt lat="54.960493" lon="25.872844"><ele>148.213</ele><time>2021-05-01T13:51:04Z</time></trkpt><trkpt lat="54.960573" lon="25.873055"><ele>148.518</ele><time>2021-05-01T13:51:03Z</time></trkpt><trkpt lat="54.960664" lon="25.873483"><ele>147.596</ele><time>2021-05-01T13:51:01Z</time></trkpt><trkpt lat="54.960653" lon="25.87394"><ele>146.899</ele><time>2021-05-01T13:50:59Z</time></trkpt><trkpt lat="54.960621" lon="25.874184"><ele>145.996</ele><time>2021-05-01T13:50:58Z</time></trkpt><trkpt lat="54.96058" lon="25.874436"><ele>145.144</ele><time>2021-05-01T13:50:57Z</time></trkpt><trkpt lat="54.960534" lon="25.874681"><ele>145.121</ele><time>2021-05-01T13:50:56Z</time></trkpt><trkpt lat="54.960448" lon="25.875144"><ele>144.141</ele><time>2021-05-01T13:50:54Z</time></trkpt><trkpt lat="54.960419" lon="25.875353"><ele>143.905</ele><time>2021-05-01T13:50:53Z</time></trkpt><trkpt lat="54.960475" lon="25.87576"><ele>143.409</ele><time>2021-05-01T13:50:51Z</time></trkpt><trkpt lat="54.960624" lon="25.876288"><ele>142.523</ele><time>2021-05-01T13:50:49Z</time></trkpt><trkpt lat="54.960793" lon="25.876885"><ele>142.516</ele><time>2021-05-01T13:50:47Z</time></trkpt><trkpt lat="54.960961" lon="25.877483"><ele>143.591</ele><time>2021-05-01T13:50:45Z</time></trkpt><trkpt lat="54.961044" lon="25.877769"><ele>143.953</ele><time>2021-05-01T13:50:44Z</time></trkpt><trkpt lat="54.961121" lon="25.878048"><ele>144.568</ele><time>2021-05-01T13:50:43Z</time></trkpt><trkpt lat="54.961195" lon="25.878314"><ele>144.896</ele><time>2021-05-01T13:50:42Z</time></trkpt><trkpt lat="54.961265" lon="25.878565"><ele>144.839</ele><time>2021-05-01T13:50:41Z</time></trkpt><trkpt lat="54.96133" lon="25.878807"><ele>144.616</ele><time>2021-05-01T13:50:40Z</time></trkpt><trkpt lat="54.961384" lon="25.879046"><ele>144.934</ele><time>2021-05-01T13:50:39Z</time></trkpt><trkpt lat="54.961428" lon="25.879264"><ele>145.345</ele><time>2021-05-01T13:50:38Z</time></trkpt><trkpt lat="54.96147" lon="25.879434"><ele>145.447</ele><time>2021-05-01T13:50:37Z</time></trkpt><trkpt lat="54.961523" lon="25.879544"><ele>145.711</ele><time>2021-05-01T13:50:36Z</time></trkpt><trkpt lat="54.961593" lon="25.879579"><ele>145.709</ele><time>2021-05-01T13:50:35Z</time></trkpt><trkpt lat="54.961674" lon="25.879568"><ele>145.235</ele><time>2021-05-01T13:50:34Z</time></trkpt><trkpt lat="54.96189" lon="25.879444"><ele>145.438</ele><time>2021-05-01T13:50:32Z</time></trkpt><trkpt lat="54.962187" lon="25.879253"><ele>145.663</ele><time>2021-05-01T13:50:30Z</time></trkpt><trkpt lat="54.962353" lon="25.879149"><ele>145.785</ele><time>2021-05-01T13:50:29Z</time></trkpt><trkpt lat="54.962524" lon="25.879045"><ele>145.990</ele><time>2021-05-01T13:50:28Z</time></trkpt><trkpt lat="54.962699" lon="25.878936"><ele>146.088</ele><time>2021-05-01T13:50:27Z</time></trkpt><trkpt lat="54.962875" lon="25.878823"><ele>145.021</ele><time>2021-05-01T13:50:26Z</time></trkpt><trkpt lat="54.963052" lon="25.878708"><ele>145.438</ele><time>2021-05-01T13:50:25Z</time></trkpt><trkpt lat="54.963419" lon="25.878469"><ele>146.116</ele><time>2021-05-01T13:50:23Z</time></trkpt><trkpt lat="54.963805" lon="25.878224"><ele>146.317</ele><time>2021-05-01T13:50:21Z</time></trkpt><trkpt lat="54.964173" lon="25.87798"><ele>145.987</ele><time>2021-05-01T13:50:19Z</time></trkpt><trkpt lat="54.964519" lon="25.877742"><ele>145.815</ele><time>2021-05-01T13:50:17Z</time></trkpt><trkpt lat="54.964676" lon="25.877657"><ele>146.309</ele><time>2021-05-01T13:50:16Z</time></trkpt><trkpt lat="54.964823" lon="25.877608"><ele>146.112</ele><time>2021-05-01T13:50:15Z</time></trkpt><trkpt lat="54.965085" lon="25.877583"><ele>146.225</ele><time>2021-05-01T13:50:13Z</time></trkpt><trkpt lat="54.965202" lon="25.877579"><ele>146.090</ele><time>2021-05-01T13:50:12Z</time></trkpt><trkpt lat="54.965375" lon="25.877594"><ele>145.672</ele><time>2021-05-01T13:50:10Z</time></trkpt><trkpt lat="54.965475" lon="25.877672"><ele>145.557</ele><time>2021-05-01T13:50:08Z</time></trkpt><trkpt lat="54.965493" lon="25.877856"><ele>145.355</ele><time>2021-05-01T13:50:06Z</time></trkpt><trkpt lat="54.965464" lon="25.87797"><ele>145.148</ele><time>2021-05-01T13:50:05Z</time></trkpt><trkpt lat="54.965409" lon="25.878105"><ele>144.965</ele><time>2021-05-01T13:50:04Z</time></trkpt><trkpt lat="54.965335" lon="25.878265"><ele>145.183</ele><time>2021-05-01T13:50:03Z</time></trkpt><trkpt lat="54.965155" lon="25.878689"><ele>144.621</ele><time>2021-05-01T13:50:01Z</time></trkpt><trkpt lat="54.965067" lon="25.878961"><ele>144.641</ele><time>2021-05-01T13:50:00Z</time></trkpt><trkpt lat="54.964984" lon="25.87926"><ele>144.705</ele><time>2021-05-01T13:49:59Z</time></trkpt><trkpt lat="54.964908" lon="25.879578"><ele>144.309</ele><time>2021-05-01T13:49:58Z</time></trkpt><trkpt lat="54.964777" lon="25.880249"><ele>144.033</ele><time>2021-05-01T13:49:56Z</time></trkpt><trkpt lat="54.964723" lon="25.880591"><ele>143.336</ele><time>2021-05-01T13:49:55Z</time></trkpt><trkpt lat="54.964681" lon="25.880937"><ele>143.241</ele><time>2021-05-01T13:49:54Z</time></trkpt><trkpt lat="54.96465" lon="25.881287"><ele>143.773</ele><time>2021-05-01T13:49:53Z</time></trkpt><trkpt lat="54.964629" lon="25.881638"><ele>142.928</ele><time>2021-05-01T13:49:52Z</time></trkpt><trkpt lat="54.964599" lon="25.882336"><ele>141.876</ele><time>2021-05-01T13:49:50Z</time></trkpt><trkpt lat="54.964592" lon="25.882686"><ele>142.129</ele><time>2021-05-01T13:49:49Z</time></trkpt><trkpt lat="54.964596" lon="25.883389"><ele>141.966</ele><time>2021-05-01T13:49:47Z</time></trkpt><trkpt lat="54.964608" lon="25.883736"><ele>141.844</ele><time>2021-05-01T13:49:46Z</time></trkpt><trkpt lat="54.964646" lon="25.884427"><ele>142.232</ele><time>2021-05-01T13:49:44Z</time></trkpt><trkpt lat="54.96469" lon="25.885128"><ele>143.292</ele><time>2021-05-01T13:49:42Z</time></trkpt><trkpt lat="54.964711" lon="25.885486"><ele>143.311</ele><time>2021-05-01T13:49:41Z</time></trkpt><trkpt lat="54.964762" lon="25.886198"><ele>143.509</ele><time>2021-05-01T13:49:39Z</time></trkpt><trkpt lat="54.964793" lon="25.886553"><ele>144.414</ele><time>2021-05-01T13:49:38Z</time></trkpt><trkpt lat="54.964828" lon="25.886914"><ele>145.097</ele><time>2021-05-01T13:49:37Z</time></trkpt><trkpt lat="54.964828" lon="25.887615"><ele>145.382</ele><time>2021-05-01T13:49:35Z</time></trkpt><trkpt lat="54.964766" lon="25.888277"><ele>146.044</ele><time>2021-05-01T13:49:33Z</time></trkpt><trkpt lat="54.964716" lon="25.888594"><ele>146.189</ele><time>2021-05-01T13:49:32Z</time></trkpt><trkpt lat="54.964581" lon="25.889204"><ele>146.447</ele><time>2021-05-01T13:49:30Z</time></trkpt><trkpt lat="54.964401" lon="25.889806"><ele>146.260</ele><time>2021-05-01T13:49:28Z</time></trkpt><trkpt lat="54.964201" lon="25.890406"><ele>146.667</ele><time>2021-05-01T13:49:26Z</time></trkpt><trkpt lat="54.964099" lon="25.890704"><ele>146.325</ele><time>2021-05-01T13:49:25Z</time></trkpt><trkpt lat="54.963892" lon="25.89129"><ele>146.457</ele><time>2021-05-01T13:49:23Z</time></trkpt><trkpt lat="54.963789" lon="25.891576"><ele>146.500</ele><time>2021-05-01T13:49:22Z</time></trkpt><trkpt lat="54.963583" lon="25.892137"><ele>146.920</ele><time>2021-05-01T13:49:20Z</time></trkpt><trkpt lat="54.963484" lon="25.892407"><ele>146.809</ele><time>2021-05-01T13:49:19Z</time></trkpt><trkpt lat="54.9633" lon="25.892926"><ele>146.626</ele><time>2021-05-01T13:49:17Z</time></trkpt><trkpt lat="54.963149" lon="25.893424"><ele>146.189</ele><time>2021-05-01T13:49:15Z</time></trkpt><trkpt lat="54.963092" lon="25.893672"><ele>146.754</ele><time>2021-05-01T13:49:14Z</time></trkpt><trkpt lat="54.963019" lon="25.89417"><ele>146.856</ele><time>2021-05-01T13:49:12Z</time></trkpt><trkpt lat="54.962995" lon="25.894422"><ele>146.071</ele><time>2021-05-01T13:49:11Z</time></trkpt><trkpt lat="54.962975" lon="25.894675"><ele>146.139</ele><time>2021-05-01T13:49:10Z</time></trkpt><trkpt lat="54.962945" lon="25.895191"><ele>146.752</ele><time>2021-05-01T13:49:08Z</time></trkpt><trkpt lat="54.962932" lon="25.895456"><ele>146.129</ele><time>2021-05-01T13:49:07Z</time></trkpt><trkpt lat="54.96291" lon="25.895993"><ele>146.417</ele><time>2021-05-01T13:49:05Z</time></trkpt><trkpt lat="54.962891" lon="25.896498"><ele>146.968</ele><time>2021-05-01T13:49:03Z</time></trkpt><trkpt lat="54.962867" lon="25.896959"><ele>147.042</ele><time>2021-05-01T13:49:01Z</time></trkpt><trkpt lat="54.962851" lon="25.897189"><ele>146.826</ele><time>2021-05-01T13:49:00Z</time></trkpt><trkpt lat="54.962838" lon="25.8974"><ele>146.909</ele><time>2021-05-01T13:48:59Z</time></trkpt><trkpt lat="54.962826" lon="25.897619"><ele>145.877</ele><time>2021-05-01T13:47:50Z</time></trkpt><trkpt lat="54.962823" lon="25.897699"><ele>145.850</ele><time>2021-05-01T13:47:48Z</time></trkpt><trkpt lat="54.962814" lon="25.897969"><ele>145.835</ele><time>2021-05-01T13:47:46Z</time></trkpt><trkpt lat="54.962806" lon="25.898156"><ele>145.877</ele><time>2021-05-01T13:47:45Z</time></trkpt><trkpt lat="54.962797" lon="25.898366"><ele>145.892</ele><time>2021-05-01T13:47:44Z</time></trkpt><trkpt lat="54.962789" lon="25.898586"><ele>145.830</ele><time>2021-05-01T13:47:43Z</time></trkpt><trkpt lat="54.962776" lon="25.899028"><ele>145.813</ele><time>2021-05-01T13:47:41Z</time></trkpt><trkpt lat="54.962773" lon="25.899257"><ele>145.880</ele><time>2021-05-01T13:47:40Z</time></trkpt><trkpt lat="54.962763" lon="25.899724"><ele>145.858</ele><time>2021-05-01T13:47:38Z</time></trkpt><trkpt lat="54.962746" lon="25.899953"><ele>145.839</ele><time>2021-05-01T13:47:37Z</time></trkpt><trkpt lat="54.962713" lon="25.900174"><ele>145.801</ele><time>2021-05-01T13:47:36Z</time></trkpt><trkpt lat="54.96259" lon="25.900579"><ele>145.821</ele><time>2021-05-01T13:47:34Z</time></trkpt><trkpt lat="54.962422" lon="25.900895"><ele>145.809</ele><time>2021-05-01T13:47:32Z</time></trkpt><trkpt lat="54.962345" lon="25.901036"><ele>145.834</ele><time>2021-05-01T13:47:31Z</time></trkpt><trkpt lat="54.962227" lon="25.901331"><ele>145.887</ele><time>2021-05-01T13:47:29Z</time></trkpt><trkpt lat="54.962169" lon="25.901657"><ele>145.872</ele><time>2021-05-01T13:47:27Z</time></trkpt><trkpt lat="54.962167" lon="25.901832"><ele>145.854</ele><time>2021-05-01T13:47:26Z</time></trkpt><trkpt lat="54.962203" lon="25.902198"><ele>145.829</ele><time>2021-05-01T13:47:24Z</time></trkpt><trkpt lat="54.962253" lon="25.902562"><ele>145.837</ele><time>2021-05-01T13:47:22Z</time></trkpt><trkpt lat="54.962303" lon="25.902919"><ele>145.810</ele><time>2021-05-01T13:47:20Z</time></trkpt><trkpt lat="54.962332" lon="25.903098"><ele>145.857</ele><time>2021-05-01T13:47:19Z</time></trkpt><trkpt lat="54.962412" lon="25.903457"><ele>145.885</ele><time>2021-05-01T13:47:17Z</time></trkpt><trkpt lat="54.962459" lon="25.903635"><ele>145.875</ele><time>2021-05-01T13:47:16Z</time></trkpt><trkpt lat="54.962557" lon="25.904007"><ele>145.828</ele><time>2021-05-01T13:47:14Z</time></trkpt><trkpt lat="54.962611" lon="25.904207"><ele>145.820</ele><time>2021-05-01T13:47:13Z</time></trkpt><trkpt lat="54.962667" lon="25.904417"><ele>145.809</ele><time>2021-05-01T13:47:12Z</time></trkpt><trkpt lat="54.962727" lon="25.904632"><ele>145.878</ele><time>2021-05-01T13:47:11Z</time></trkpt><trkpt lat="54.962841" lon="25.905055"><ele>145.871</ele><time>2021-05-01T13:47:09Z</time></trkpt><trkpt lat="54.962895" lon="25.905256"><ele>145.896</ele><time>2021-05-01T13:47:08Z</time></trkpt><trkpt lat="54.962951" lon="25.905443"><ele>145.888</ele><time>2021-05-01T13:47:07Z</time></trkpt><trkpt lat="54.96301" lon="25.905613"><ele>145.873</ele><time>2021-05-01T13:47:06Z</time></trkpt><trkpt lat="54.963066" lon="25.90577"><ele>145.821</ele><time>2021-05-01T13:47:05Z</time></trkpt><trkpt lat="54.96315" lon="25.906053"><ele>145.814</ele><time>2021-05-01T13:47:03Z</time></trkpt><trkpt lat="54.963181" lon="25.906182"><ele>145.731</ele><time>2021-05-01T13:47:02Z</time></trkpt><trkpt lat="54.963207" lon="25.906301"><ele>145.699</ele><time>2021-05-01T13:47:01Z</time></trkpt><trkpt lat="54.963236" lon="25.906471"><ele>145.463</ele><time>2021-05-01T13:46:59Z</time></trkpt><trkpt lat="54.963251" lon="25.906589"><ele>145.044</ele><time>2021-05-01T13:46:56Z</time></trkpt><trkpt lat="54.963261" lon="25.906679"><ele>144.218</ele><time>2021-05-01T13:46:54Z</time></trkpt><trkpt lat="54.963215" lon="25.906858"><ele>143.909</ele><time>2021-05-01T13:46:52Z</time></trkpt><trkpt lat="54.963065" lon="25.907081"><ele>144.377</ele><time>2021-05-01T13:46:50Z</time></trkpt><trkpt lat="54.962855" lon="25.907353"><ele>143.750</ele><time>2021-05-01T13:46:48Z</time></trkpt><trkpt lat="54.962745" lon="25.907501"><ele>143.615</ele><time>2021-05-01T13:46:47Z</time></trkpt><trkpt lat="54.962534" lon="25.907807"><ele>143.287</ele><time>2021-05-01T13:46:45Z</time></trkpt><trkpt lat="54.962431" lon="25.907969"><ele>143.522</ele><time>2021-05-01T13:46:44Z</time></trkpt><trkpt lat="54.962333" lon="25.90814"><ele>143.350</ele><time>2021-05-01T13:46:43Z</time></trkpt><trkpt lat="54.962239" lon="25.908324"><ele>143.723</ele><time>2021-05-01T13:46:42Z</time></trkpt><trkpt lat="54.962067" lon="25.908732"><ele>142.890</ele><time>2021-05-01T13:46:40Z</time></trkpt><trkpt lat="54.961983" lon="25.908952"><ele>142.698</ele><time>2021-05-01T13:46:39Z</time></trkpt><trkpt lat="54.961823" lon="25.90937"><ele>142.479</ele><time>2021-05-01T13:46:37Z</time></trkpt><trkpt lat="54.961756" lon="25.909561"><ele>142.505</ele><time>2021-05-01T13:46:36Z</time></trkpt><trkpt lat="54.961699" lon="25.910109"><ele>0.025</ele><time>2023-10-06T01:42:12Z</time></trkpt><trkpt lat="54.961699" lon="25.910383"><ele>0.009</ele><time>2023-10-06T01:42:52Z</time></trkpt><trkpt lat="54.961743" lon="25.91058"><ele>0.038</ele><time>2023-10-06T01:43:32Z</time></trkpt><trkpt lat="54.961788" lon="25.910986"><ele>0.021</ele><time>2023-10-06T01:44:12Z</time></trkpt><trkpt lat="54.96187" lon="25.911259"><ele>0.096</ele><time>2023-10-06T01:44:52Z</time></trkpt><trkpt lat="54.961945" lon="25.911753"><ele>0.088</ele><time>2023-10-06T01:45:32Z</time></trkpt><trkpt lat="54.962028" lon="25.912169"><ele>0.083</ele><time>2023-10-06T01:46:12Z</time></trkpt><trkpt lat="54.962078" lon="25.91252"><ele>0.051</ele><time>2023-10-06T01:46:52Z</time></trkpt><trkpt lat="54.96211" lon="25.912892"><ele>0.034</ele><time>2023-10-06T01:47:32Z</time></trkpt><trkpt lat="54.962148" lon="25.913177"><ele>0.051</ele><time>2023-10-06T01:48:12Z</time></trkpt><trkpt lat="54.962198" lon="25.913462"><ele>0.019</ele><time>2023-10-06T01:48:52Z</time></trkpt><trkpt lat="54.96223" lon="25.91366"><ele>0.099</ele><time>2023-10-06T01:49:32Z</time></trkpt><trkpt lat="54.962249" lon="25.91389"><ele>0.007</ele><time>2023-10-06T01:50:12Z</time></trkpt><trkpt lat="54.962255" lon="25.91412"><ele>0.027</ele><time>2023-10-06T01:50:52Z</time></trkpt><trkpt lat="54.962218" lon="25.914526"><ele>0.009</ele><time>2023-10-06T01:51:32Z</time></trkpt><trkpt lat="54.962162" lon="25.914844"><ele>0.050</ele><time>2023-10-06T01:52:12Z</time></trkpt><trkpt lat="54.962055" lon="25.915469"><ele>0.093</ele><time>2023-10-06T01:52:52Z</time></trkpt><trkpt lat="54.961968" lon="25.915995"><ele>0.098</ele><time>2023-10-06T01:53:32Z</time></trkpt><trkpt lat="54.961792" lon="25.916588"><ele>0.050</ele><time>2023-10-06T01:54:12Z</time></trkpt><trkpt lat="54.961698" lon="25.91695"><ele>0.075</ele><time>2023-10-06T01:54:52Z</time></trkpt><trkpt lat="54.96161" lon="25.917487"><ele>0.073</ele><time>2023-10-06T01:55:32Z</time></trkpt><trkpt lat="54.961491" lon="25.918036"><ele>0.016</ele><time>2023-10-06T01:56:12Z</time></trkpt><trkpt lat="54.961366" lon="25.918431"><ele>0.013</ele><time>2023-10-06T01:56:52Z</time></trkpt><trkpt lat="54.96114" lon="25.918848"><ele>0.071</ele><time>2023-10-06T01:57:32Z</time></trkpt><trkpt lat="54.960876" lon="25.919068"><ele>0.041</ele><time>2023-10-06T01:58:12Z</time></trkpt><trkpt lat="54.960486" lon="25.919408"><ele>0.081</ele><time>2023-10-06T01:58:52Z</time></trkpt><trkpt lat="54.960034" lon="25.919771"><ele>0.009</ele><time>2023-10-06T01:59:32Z</time></trkpt><trkpt lat="54.959651" lon="25.92009"><ele>0.009</ele><time>2023-10-06T02:00:12Z</time></trkpt><trkpt lat="54.959393" lon="25.920332"><ele>0.015</ele><time>2023-10-06T02:00:52Z</time></trkpt><trkpt lat="54.959198" lon="25.920431"><ele>0.078</ele><time>2023-10-06T02:01:32Z</time></trkpt><trkpt lat="54.958991" lon="25.920475"><ele>0.033</ele><time>2023-10-06T02:02:12Z</time></trkpt><trkpt lat="54.958695" lon="25.920443"><ele>0.095</ele><time>2023-10-06T02:02:52Z</time></trkpt><trkpt lat="54.9585" lon="25.920455"><ele>0.080</ele><time>2023-10-06T02:03:32Z</time></trkpt><trkpt lat="54.958355" lon="25.920389"><ele>0.048</ele><time>2023-10-06T02:04:12Z</time></trkpt><trkpt lat="54.958135" lon="25.920368"><ele>0.031</ele><time>2023-10-06T02:04:52Z</time></trkpt><trkpt lat="54.95801" lon="25.920478"><ele>0.098</ele><time>2023-10-06T02:05:32Z</time></trkpt><trkpt lat="54.957828" lon="25.920807"><ele>0.066</ele><time>2023-10-06T02:06:12Z</time></trkpt><trkpt lat="54.957702" lon="25.921191"><ele>0.054</ele><time>2023-10-06T02:06:52Z</time></trkpt><trkpt lat="54.957514" lon="25.922167"><ele>0.056</ele><time>2023-10-06T02:07:32Z</time></trkpt><trkpt lat="54.957414" lon="25.923001"><ele>0.011</ele><time>2023-10-06T02:08:12Z</time></trkpt><trkpt lat="54.957289" lon="25.923703"><ele>0.009</ele><time>2023-10-06T02:08:52Z</time></trkpt><trkpt lat="54.957164" lon="25.924569"><ele>0.056</ele><time>2023-10-06T02:09:32Z</time></trkpt><trkpt lat="54.957076" lon="25.925205"><ele>0.079</ele><time>2023-10-06T02:10:12Z</time></trkpt><trkpt lat="54.956907" lon="25.926028"><ele>0.064</ele><time>2023-10-06T02:10:52Z</time></trkpt><trkpt lat="54.956801" lon="25.926423"><ele>0.036</ele><time>2023-10-06T02:11:32Z</time></trkpt><trkpt lat="54.956669" lon="25.926763"><ele>0.091</ele><time>2023-10-06T02:12:12Z</time></trkpt><trkpt lat="54.956562" lon="25.927158"><ele>0.029</ele><time>2023-10-06T02:12:52Z</time></trkpt><trkpt lat="54.956493" lon="25.927465"><ele>0.012</ele><time>2023-10-06T02:13:32Z</time></trkpt><trkpt lat="54.956468" lon="25.92775"><ele>0.049</ele><time>2023-10-06T02:14:12Z</time></trkpt><trkpt lat="54.956431" lon="25.928079"><ele>0.087</ele><time>2023-10-06T02:14:52Z</time></trkpt><trkpt lat="54.956404" lon="25.928467"><ele>144.426</ele><time>2021-05-01T13:45:15Z</time></trkpt><trkpt lat="54.956506" lon="25.928939"><ele>144.647</ele><time>2021-05-01T13:45:13Z</time></trkpt><trkpt lat="54.956664" lon="25.92942"><ele>144.511</ele><time>2021-05-01T13:45:11Z</time></trkpt><trkpt lat="54.956751" lon="25.929657"><ele>143.609</ele><time>2021-05-01T13:45:10Z</time></trkpt><trkpt lat="54.956912" lon="25.930103"><ele>143.193</ele><time>2021-05-01T13:45:08Z</time></trkpt><trkpt lat="54.95705" lon="25.930512"><ele>143.196</ele><time>2021-05-01T13:45:06Z</time></trkpt><trkpt lat="54.957174" lon="25.930909"><ele>143.481</ele><time>2021-05-01T13:45:04Z</time></trkpt><trkpt lat="54.957243" lon="25.931166"><ele>144.063</ele><time>2021-05-01T13:45:03Z</time></trkpt><trkpt lat="54.957245" lon="25.931262"><ele>144.638</ele><time>2021-05-01T13:43:48Z</time></trkpt><trkpt lat="54.957266" lon="25.931335"><ele>144.676</ele><time>2021-05-01T13:43:47Z</time></trkpt><trkpt lat="54.957332" lon="25.93157"><ele>144.689</ele><time>2021-05-01T13:43:45Z</time></trkpt><trkpt lat="54.957417" lon="25.931881"><ele>144.626</ele><time>2021-05-01T13:43:43Z</time></trkpt><trkpt lat="54.957464" lon="25.932051"><ele>144.684</ele><time>2021-05-01T13:43:42Z</time></trkpt><trkpt lat="54.957565" lon="25.9324"><ele>144.636</ele><time>2021-05-01T13:43:40Z</time></trkpt><trkpt lat="54.957616" lon="25.932579"><ele>144.617</ele><time>2021-05-01T13:43:39Z</time></trkpt><trkpt lat="54.957669" lon="25.932756"><ele>144.618</ele><time>2021-05-01T13:43:38Z</time></trkpt><trkpt lat="54.957724" lon="25.93293"><ele>144.609</ele><time>2021-05-01T13:43:37Z</time></trkpt><trkpt lat="54.957786" lon="25.933099"><ele>144.644</ele><time>2021-05-01T13:43:36Z</time></trkpt><trkpt lat="54.957855" lon="25.933261"><ele>144.687</ele><time>2021-05-01T13:43:35Z</time></trkpt><trkpt lat="54.958002" lon="25.933553"><ele>144.682</ele><time>2021-05-01T13:43:33Z</time></trkpt><trkpt lat="54.95808" lon="25.933686"><ele>144.524</ele><time>2021-05-01T13:43:32Z</time></trkpt><trkpt lat="54.958226" lon="25.933969"><ele>144.489</ele><time>2021-05-01T13:43:30Z</time></trkpt><trkpt lat="54.958288" lon="25.93412"><ele>144.387</ele><time>2021-05-01T13:43:29Z</time></trkpt><trkpt lat="54.958339" lon="25.93427"><ele>144.130</ele><time>2021-05-01T13:43:28Z</time></trkpt><trkpt lat="54.958417" lon="25.934535"><ele>143.887</ele><time>2021-05-01T13:43:26Z</time></trkpt><trkpt lat="54.958444" lon="25.93462"><ele>143.365</ele><time>2021-05-01T13:43:25Z</time></trkpt><trkpt lat="54.958459" lon="25.93471"><ele>142.465</ele><time>2021-05-01T13:42:56Z</time></trkpt><trkpt lat="54.958483" lon="25.934821"><ele>143.068</ele><time>2021-05-01T13:42:55Z</time></trkpt><trkpt lat="54.958561" lon="25.93516"><ele>143.214</ele><time>2021-05-01T13:42:53Z</time></trkpt><trkpt lat="54.958622" lon="25.935374"><ele>143.109</ele><time>2021-05-01T13:42:52Z</time></trkpt><trkpt lat="54.958763" lon="25.935848"><ele>143.357</ele><time>2021-05-01T13:42:50Z</time></trkpt><trkpt lat="54.958842" lon="25.936122"><ele>143.660</ele><time>2021-05-01T13:42:49Z</time></trkpt><trkpt lat="54.958925" lon="25.936413"><ele>143.535</ele><time>2021-05-01T13:42:48Z</time></trkpt><trkpt lat="54.959012" lon="25.936721"><ele>144.347</ele><time>2021-05-01T13:42:47Z</time></trkpt><trkpt lat="54.959101" lon="25.937039"><ele>144.632</ele><time>2021-05-01T13:42:46Z</time></trkpt><trkpt lat="54.959279" lon="25.937673"><ele>145.060</ele><time>2021-05-01T13:42:44Z</time></trkpt><trkpt lat="54.959369" lon="25.93798"><ele>145.413</ele><time>2021-05-01T13:42:43Z</time></trkpt><trkpt lat="54.959455" lon="25.938278"><ele>145.630</ele><time>2021-05-01T13:42:42Z</time></trkpt><trkpt lat="54.959612" lon="25.938831"><ele>145.478</ele><time>2021-05-01T13:42:40Z</time></trkpt><trkpt lat="54.959756" lon="25.939348"><ele>145.598</ele><time>2021-05-01T13:42:38Z</time></trkpt><trkpt lat="54.959835" lon="25.939629"><ele>145.615</ele><time>2021-05-01T13:42:37Z</time></trkpt><trkpt lat="54.959923" lon="25.939929"><ele>145.626</ele><time>2021-05-01T13:42:36Z</time></trkpt><trkpt lat="54.960017" lon="25.94025"><ele>146.209</ele><time>2021-05-01T13:42:35Z</time></trkpt><trkpt lat="54.960207" lon="25.940928"><ele>146.320</ele><time>2021-05-01T13:42:33Z</time></trkpt><trkpt lat="54.960302" lon="25.941268"><ele>146.593</ele><time>2021-05-01T13:42:32Z</time></trkpt><trkpt lat="54.960395" lon="25.94161"><ele>147.478</ele><time>2021-05-01T13:42:31Z</time></trkpt><trkpt lat="54.960581" lon="25.942292"><ele>147.780</ele><time>2021-05-01T13:42:29Z</time></trkpt><trkpt lat="54.960675" lon="25.942628"><ele>147.785</ele><time>2021-05-01T13:42:28Z</time></trkpt><trkpt lat="54.960861" lon="25.94328"><ele>147.773</ele><time>2021-05-01T13:42:26Z</time></trkpt><trkpt lat="54.960954" lon="25.943597"><ele>148.446</ele><time>2021-05-01T13:42:25Z</time></trkpt><trkpt lat="54.961043" lon="25.94391"><ele>147.923</ele><time>2021-05-01T13:42:24Z</time></trkpt><trkpt lat="54.961213" lon="25.944522"><ele>147.771</ele><time>2021-05-01T13:42:22Z</time></trkpt><trkpt lat="54.961384" lon="25.945116"><ele>147.539</ele><time>2021-05-01T13:42:20Z</time></trkpt><trkpt lat="54.961465" lon="25.945403"><ele>147.901</ele><time>2021-05-01T13:42:19Z</time></trkpt><trkpt lat="54.961542" lon="25.945683"><ele>147.821</ele><time>2021-05-01T13:42:18Z</time></trkpt><trkpt lat="54.961619" lon="25.94595"><ele>147.309</ele><time>2021-05-01T13:42:17Z</time></trkpt><trkpt lat="54.961694" lon="25.946203"><ele>147.454</ele><time>2021-05-01T13:42:16Z</time></trkpt><trkpt lat="54.961833" lon="25.946645"><ele>146.937</ele><time>2021-05-01T13:42:14Z</time></trkpt><trkpt lat="54.961879" lon="25.946817"><ele>146.382</ele><time>2021-05-01T13:42:13Z</time></trkpt><trkpt lat="54.961932" lon="25.94705"><ele>146.524</ele><time>2021-05-01T13:36:26Z</time></trkpt><trkpt lat="54.962016" lon="25.947346"><ele>146.149</ele><time>2021-05-01T13:36:25Z</time></trkpt><trkpt lat="54.9621" lon="25.947651"><ele>145.987</ele><time>2021-05-01T13:36:24Z</time></trkpt><trkpt lat="54.962181" lon="25.947947"><ele>146.020</ele><time>2021-05-01T13:36:23Z</time></trkpt><trkpt lat="54.96226" lon="25.948229"><ele>145.157</ele><time>2021-05-01T13:36:22Z</time></trkpt><trkpt lat="54.962408" lon="25.948767"><ele>144.245</ele><time>2021-05-01T13:36:20Z</time></trkpt><trkpt lat="54.962482" lon="25.949022"><ele>143.528</ele><time>2021-05-01T13:36:19Z</time></trkpt><trkpt lat="54.962561" lon="25.94926"><ele>143.889</ele><time>2021-05-01T13:36:18Z</time></trkpt><trkpt lat="54.962647" lon="25.949473"><ele>143.517</ele><time>2021-05-01T13:36:17Z</time></trkpt><trkpt lat="54.962744" lon="25.949657"><ele>144.109</ele><time>2021-05-01T13:36:16Z</time></trkpt><trkpt lat="54.962965" lon="25.949975"><ele>143.833</ele><time>2021-05-01T13:36:14Z</time></trkpt><trkpt lat="54.963094" lon="25.950124"><ele>143.556</ele><time>2021-05-01T13:36:13Z</time></trkpt><trkpt lat="54.963237" lon="25.950273"><ele>143.721</ele><time>2021-05-01T13:36:12Z</time></trkpt><trkpt lat="54.963392" lon="25.950419"><ele>143.873</ele><time>2021-05-01T13:36:11Z</time></trkpt><trkpt lat="54.963724" lon="25.950669"><ele>144.428</ele><time>2021-05-01T13:36:09Z</time></trkpt><trkpt lat="54.963892" lon="25.950774"><ele>144.866</ele><time>2021-05-01T13:36:08Z</time></trkpt><trkpt lat="54.964214" lon="25.950989"><ele>144.799</ele><time>2021-05-01T13:36:06Z</time></trkpt><trkpt lat="54.96436" lon="25.951114"><ele>143.986</ele><time>2021-05-01T13:36:05Z</time></trkpt><trkpt lat="54.964611" lon="25.951392"><ele>144.124</ele><time>2021-05-01T13:36:03Z</time></trkpt><trkpt lat="54.964801" lon="25.951738"><ele>143.791</ele><time>2021-05-01T13:36:01Z</time></trkpt><trkpt lat="54.964935" lon="25.952161"><ele>143.681</ele><time>2021-05-01T13:35:59Z</time></trkpt><trkpt lat="54.965036" lon="25.95262"><ele>143.119</ele><time>2021-05-01T13:35:57Z</time></trkpt><trkpt lat="54.965084" lon="25.952848"><ele>142.809</ele><time>2021-05-01T13:35:56Z</time></trkpt><trkpt lat="54.965134" lon="25.953065"><ele>142.410</ele><time>2021-05-01T13:35:55Z</time></trkpt><trkpt lat="54.96519" lon="25.953265"><ele>141.933</ele><time>2021-05-01T13:35:54Z</time></trkpt><trkpt lat="54.965252" lon="25.953449"><ele>141.518</ele><time>2021-05-01T13:35:53Z</time></trkpt><trkpt lat="54.965329" lon="25.953607"><ele>140.760</ele><time>2021-05-01T13:35:52Z</time></trkpt><trkpt lat="54.965518" lon="25.953852"><ele>140.195</ele><time>2021-05-01T13:35:50Z</time></trkpt><trkpt lat="54.965631" lon="25.953928"><ele>139.793</ele><time>2021-05-01T13:35:49Z</time></trkpt><trkpt lat="54.96575" lon="25.953973"><ele>139.346</ele><time>2021-05-01T13:35:48Z</time></trkpt><trkpt lat="54.965987" lon="25.954006"><ele>138.853</ele><time>2021-05-01T13:35:46Z</time></trkpt><trkpt lat="54.966208" lon="25.954017"><ele>138.861</ele><time>2021-05-01T13:35:44Z</time></trkpt><trkpt lat="54.966315" lon="25.954023"><ele>139.262</ele><time>2021-05-01T13:35:43Z</time></trkpt><trkpt lat="54.966419" lon="25.954028"><ele>139.383</ele><time>2021-05-01T13:35:42Z</time></trkpt><trkpt lat="54.966621" lon="25.954046"><ele>140.311</ele><time>2021-05-01T13:35:40Z</time></trkpt><trkpt lat="54.966797" lon="25.954124"><ele>140.209</ele><time>2021-05-01T13:35:38Z</time></trkpt><trkpt lat="54.966871" lon="25.954189"><ele>140.667</ele><time>2021-05-01T13:35:37Z</time></trkpt><trkpt lat="54.966938" lon="25.954261"><ele>140.580</ele><time>2021-05-01T13:35:36Z</time></trkpt><trkpt lat="54.967054" lon="25.954403"><ele>140.565</ele><time>2021-05-01T13:35:34Z</time></trkpt><trkpt lat="54.967159" lon="25.954506"><ele>140.677</ele><time>2021-05-01T13:35:32Z</time></trkpt><trkpt lat="54.96721" lon="25.954533"><ele>141.072</ele><time>2021-05-01T13:35:31Z</time></trkpt><trkpt lat="54.967258" lon="25.954544"><ele>141.260</ele><time>2021-05-01T13:35:30Z</time></trkpt><trkpt lat="54.967312" lon="25.954556"><ele>141.373</ele><time>2021-05-01T13:35:29Z</time></trkpt><trkpt lat="54.967352" lon="25.954637"><ele>140.980</ele><time>2021-05-01T13:35:27Z</time></trkpt><trkpt lat="54.967356" lon="25.95474"><ele>141.438</ele><time>2021-05-01T13:35:25Z</time></trkpt><trkpt lat="54.967309" lon="25.954898"><ele>141.055</ele><time>2021-05-01T13:35:23Z</time></trkpt><trkpt lat="54.967286" lon="25.954973"><ele>141.407</ele><time>2021-05-01T13:35:22Z</time></trkpt><trkpt lat="54.967261" lon="25.95509"><ele>141.217</ele><time>2021-05-01T13:35:20Z</time></trkpt><trkpt lat="54.967255" lon="25.955194"><ele>141.509</ele><time>2021-05-01T13:35:18Z</time></trkpt><trkpt lat="54.967249" lon="25.955281"><ele>141.356</ele><time>2021-05-01T13:35:17Z</time></trkpt><trkpt lat="54.967241" lon="25.955507"><ele>140.489</ele><time>2021-05-01T13:35:15Z</time></trkpt><trkpt lat="54.967242" lon="25.955644"><ele>140.114</ele><time>2021-05-01T13:35:14Z</time></trkpt><trkpt lat="54.967269" lon="25.955952"><ele>139.846</ele><time>2021-05-01T13:35:12Z</time></trkpt><trkpt lat="54.967291" lon="25.956114"><ele>139.781</ele><time>2021-05-01T13:35:11Z</time></trkpt><trkpt lat="54.967328" lon="25.956448"><ele>139.379</ele><time>2021-05-01T13:35:09Z</time></trkpt><trkpt lat="54.967354" lon="25.956786"><ele>138.492</ele><time>2021-05-01T13:35:07Z</time></trkpt><trkpt lat="54.967365" lon="25.956957"><ele>138.099</ele><time>2021-05-01T13:35:06Z</time></trkpt><trkpt lat="54.967376" lon="25.957131"><ele>138.237</ele><time>2021-05-01T13:35:05Z</time></trkpt><trkpt lat="54.967396" lon="25.957479"><ele>138.694</ele><time>2021-05-01T13:35:03Z</time></trkpt><trkpt lat="54.967425" lon="25.957817"><ele>138.957</ele><time>2021-05-01T13:35:01Z</time></trkpt><trkpt lat="54.96746" lon="25.958133"><ele>138.822</ele><time>2021-05-01T13:34:59Z</time></trkpt><trkpt lat="54.967471" lon="25.958429"><ele>138.309</ele><time>2021-05-01T13:34:57Z</time></trkpt><trkpt lat="54.96748" lon="25.958556"><ele>138.740</ele><time>2021-05-01T13:34:56Z</time></trkpt><trkpt lat="54.967501" lon="25.958668"><ele>138.913</ele><time>2021-05-01T13:34:55Z</time></trkpt><trkpt lat="54.967565" lon="25.958864"><ele>139.228</ele><time>2021-05-01T13:34:53Z</time></trkpt><trkpt lat="54.967602" lon="25.958951"><ele>139.260</ele><time>2021-05-01T13:34:52Z</time></trkpt><trkpt lat="54.967656" lon="25.959104"><ele>138.185</ele><time>2021-05-01T13:34:50Z</time></trkpt><trkpt lat="54.967643" lon="25.959206"><ele>137.823</ele><time>2021-05-01T13:34:48Z</time></trkpt><trkpt lat="54.967604" lon="25.959257"><ele>138.326</ele><time>2021-05-01T13:34:47Z</time></trkpt><trkpt lat="54.967553" lon="25.959308"><ele>138.443</ele><time>2021-05-01T13:34:46Z</time></trkpt><trkpt lat="54.967431" lon="25.959454"><ele>138.741</ele><time>2021-05-01T13:34:44Z</time></trkpt><trkpt lat="54.967293" lon="25.959602"><ele>138.823</ele><time>2021-05-01T13:34:42Z</time></trkpt><trkpt lat="54.96714" lon="25.959735"><ele>138.283</ele><time>2021-05-01T13:34:40Z</time></trkpt><trkpt lat="54.966999" lon="25.959881"><ele>138.311</ele><time>2021-05-01T13:34:38Z</time></trkpt><trkpt lat="54.966886" lon="25.959995"><ele>138.309</ele><time>2021-05-01T13:34:36Z</time></trkpt><trkpt lat="54.966807" lon="25.960104"><ele>137.993</ele><time>2021-05-01T13:34:34Z</time></trkpt><trkpt lat="54.966767" lon="25.960262"><ele>137.676</ele><time>2021-05-01T13:34:32Z</time></trkpt><trkpt lat="54.966765" lon="25.960385"><ele>137.361</ele><time>2021-05-01T13:34:31Z</time></trkpt><trkpt lat="54.966776" lon="25.960646"><ele>136.843</ele><time>2021-05-01T13:34:29Z</time></trkpt><trkpt lat="54.966782" lon="25.960764"><ele>136.548</ele><time>2021-05-01T13:34:28Z</time></trkpt><trkpt lat="54.966809" lon="25.960958"><ele>136.576</ele><time>2021-05-01T13:34:26Z</time></trkpt><trkpt lat="54.966838" lon="25.961058"><ele>136.769</ele><time>2021-05-01T13:34:25Z</time></trkpt><trkpt lat="54.966885" lon="25.961183"><ele>136.696</ele><time>2021-05-01T13:34:24Z</time></trkpt><trkpt lat="54.967025" lon="25.961483"><ele>136.784</ele><time>2021-05-01T13:34:22Z</time></trkpt><trkpt lat="54.967102" lon="25.96166"><ele>136.896</ele><time>2021-05-01T13:34:21Z</time></trkpt><trkpt lat="54.967178" lon="25.961861"><ele>136.731</ele><time>2021-05-01T13:34:20Z</time></trkpt><trkpt lat="54.967324" lon="25.962304"><ele>136.924</ele><time>2021-05-01T13:34:18Z</time></trkpt><trkpt lat="54.967397" lon="25.962526"><ele>136.709</ele><time>2021-05-01T13:34:17Z</time></trkpt><trkpt lat="54.96747" lon="25.962739"><ele>136.880</ele><time>2021-05-01T13:34:16Z</time></trkpt><trkpt lat="54.967542" lon="25.962944"><ele>136.763</ele><time>2021-05-01T13:34:15Z</time></trkpt><trkpt lat="54.96768" lon="25.963352"><ele>136.788</ele><time>2021-05-01T13:34:13Z</time></trkpt><trkpt lat="54.967829" lon="25.963791"><ele>136.290</ele><time>2021-05-01T13:34:11Z</time></trkpt><trkpt lat="54.967907" lon="25.964018"><ele>136.225</ele><time>2021-05-01T13:34:10Z</time></trkpt><trkpt lat="54.968066" lon="25.964458"><ele>136.333</ele><time>2021-05-01T13:34:08Z</time></trkpt><trkpt lat="54.968144" lon="25.964665"><ele>135.856</ele><time>2021-05-01T13:34:07Z</time></trkpt><trkpt lat="54.968217" lon="25.964868"><ele>136.393</ele><time>2021-05-01T13:34:06Z</time></trkpt><trkpt lat="54.968329" lon="25.965316"><ele>136.911</ele><time>2021-05-01T13:34:04Z</time></trkpt><trkpt lat="54.968387" lon="25.965803"><ele>137.991</ele><time>2021-05-01T13:34:02Z</time></trkpt><trkpt lat="54.968414" lon="25.966304"><ele>138.681</ele><time>2021-05-01T13:34:00Z</time></trkpt><trkpt lat="54.968411" lon="25.966553"><ele>138.819</ele><time>2021-05-01T13:33:59Z</time></trkpt><trkpt lat="54.968391" lon="25.966797"><ele>137.809</ele><time>2021-05-01T13:33:58Z</time></trkpt><trkpt lat="54.968305" lon="25.967296"><ele>138.080</ele><time>2021-05-01T13:33:56Z</time></trkpt><trkpt lat="54.968256" lon="25.967553"><ele>137.973</ele><time>2021-05-01T13:33:55Z</time></trkpt><trkpt lat="54.968208" lon="25.967807"><ele>137.748</ele><time>2021-05-01T13:33:54Z</time></trkpt><trkpt lat="54.96816" lon="25.968062"><ele>137.850</ele><time>2021-05-01T13:33:53Z</time></trkpt><trkpt lat="54.968107" lon="25.968319"><ele>137.835</ele><time>2021-05-01T13:33:52Z</time></trkpt><trkpt lat="54.968008" lon="25.96881"><ele>137.523</ele><time>2021-05-01T13:33:50Z</time></trkpt><trkpt lat="54.967965" lon="25.969037"><ele>137.326</ele><time>2021-05-01T13:33:49Z</time></trkpt><trkpt lat="54.96788" lon="25.969456"><ele>137.723</ele><time>2021-05-01T13:33:47Z</time></trkpt><trkpt lat="54.967791" lon="25.969874"><ele>137.571</ele><time>2021-05-01T13:33:45Z</time></trkpt><trkpt lat="54.967747" lon="25.970078"><ele>138.015</ele><time>2021-05-01T13:33:44Z</time></trkpt><trkpt lat="54.96766" lon="25.97049"><ele>138.865</ele><time>2021-05-01T13:33:42Z</time></trkpt><trkpt lat="54.967616" lon="25.970709"><ele>138.811</ele><time>2021-05-01T13:33:41Z</time></trkpt><trkpt lat="54.967542" lon="25.971172"><ele>138.809</ele><time>2021-05-01T13:33:39Z</time></trkpt><trkpt lat="54.967502" lon="25.971415"><ele>138.862</ele><time>2021-05-01T13:33:38Z</time></trkpt><trkpt lat="54.967414" lon="25.971903"><ele>138.825</ele><time>2021-05-01T13:33:36Z</time></trkpt><trkpt lat="54.967371" lon="25.972146"><ele>138.870</ele><time>2021-05-01T13:33:35Z</time></trkpt><trkpt lat="54.967328" lon="25.97238"><ele>138.862</ele><time>2021-05-01T13:33:34Z</time></trkpt><trkpt lat="54.967286" lon="25.972605"><ele>138.847</ele><time>2021-05-01T13:33:33Z</time></trkpt><trkpt lat="54.967198" lon="25.97304"><ele>138.815</ele><time>2021-05-01T13:33:31Z</time></trkpt><trkpt lat="54.967156" lon="25.973265"><ele>138.838</ele><time>2021-05-01T13:33:30Z</time></trkpt><trkpt lat="54.967114" lon="25.973494"><ele>138.845</ele><time>2021-05-01T13:33:29Z</time></trkpt><trkpt lat="54.967072" lon="25.973724"><ele>138.863</ele><time>2021-05-01T13:33:28Z</time></trkpt><trkpt lat="54.966984" lon="25.974187"><ele>138.892</ele><time>2021-05-01T13:33:26Z</time></trkpt><trkpt lat="54.96694" lon="25.974419"><ele>138.873</ele><time>2021-05-01T13:33:25Z</time></trkpt><trkpt lat="54.966851" lon="25.974891"><ele>138.820</ele><time>2021-05-01T13:33:23Z</time></trkpt><trkpt lat="54.966804" lon="25.975123"><ele>138.809</ele><time>2021-05-01T13:33:22Z</time></trkpt><trkpt lat="54.966715" lon="25.975582"><ele>138.890</ele><time>2021-05-01T13:33:20Z</time></trkpt><trkpt lat="54.966672" lon="25.975813"><ele>138.843</ele><time>2021-05-01T13:33:19Z</time></trkpt><trkpt lat="54.966628" lon="25.976041"><ele>138.828</ele><time>2021-05-01T13:33:18Z</time></trkpt><trkpt lat="54.966586" lon="25.976262"><ele>138.840</ele><time>2021-05-01T13:33:17Z</time></trkpt><trkpt lat="54.966501" lon="25.976693"><ele>138.835</ele><time>2021-05-01T13:33:15Z</time></trkpt><trkpt lat="54.966454" lon="25.976914"><ele>138.823</ele><time>2021-05-01T13:33:14Z</time></trkpt><trkpt lat="54.966407" lon="25.977132"><ele>138.846</ele><time>2021-05-01T13:33:13Z</time></trkpt><trkpt lat="54.966315" lon="25.977562"><ele>138.863</ele><time>2021-05-01T13:33:11Z</time></trkpt><trkpt lat="54.966273" lon="25.97777"><ele>138.841</ele><time>2021-05-01T13:33:10Z</time></trkpt><trkpt lat="54.966233" lon="25.977967"><ele>138.824</ele><time>2021-05-01T13:33:09Z</time></trkpt><trkpt lat="54.966195" lon="25.978154"><ele>138.804</ele><time>2021-05-01T13:33:08Z</time></trkpt><trkpt lat="54.966133" lon="25.978486"><ele>138.814</ele><time>2021-05-01T13:33:06Z</time></trkpt><trkpt lat="54.966105" lon="25.978633"><ele>138.809</ele><time>2021-05-01T13:33:05Z</time></trkpt><trkpt lat="54.966054" lon="25.978909"><ele>138.863</ele><time>2021-05-01T13:33:03Z</time></trkpt><trkpt lat="54.966019" lon="25.979172"><ele>138.866</ele><time>2021-05-01T13:33:01Z</time></trkpt><trkpt lat="54.966018" lon="25.979305"><ele>138.811</ele><time>2021-05-01T13:33:00Z</time></trkpt><trkpt lat="54.966029" lon="25.979441"><ele>138.883</ele><time>2021-05-01T13:32:59Z</time></trkpt><trkpt lat="54.966055" lon="25.979582"><ele>138.858</ele><time>2021-05-01T13:32:58Z</time></trkpt><trkpt lat="54.966153" lon="25.979872"><ele>138.866</ele><time>2021-05-01T13:32:56Z</time></trkpt><trkpt lat="54.966216" lon="25.980006"><ele>138.879</ele><time>2021-05-01T13:32:55Z</time></trkpt><trkpt lat="54.96635" lon="25.980225"><ele>138.846</ele><time>2021-05-01T13:32:53Z</time></trkpt><trkpt lat="54.966421" lon="25.980284"><ele>138.874</ele><time>2021-05-01T13:32:52Z</time></trkpt><trkpt lat="54.966538" lon="25.980278"><ele>138.858</ele><time>2021-05-01T13:32:50Z</time></trkpt><trkpt lat="54.966597" lon="25.980245"><ele>138.852</ele><time>2021-05-01T13:32:49Z</time></trkpt><trkpt lat="54.966649" lon="25.980206"><ele>138.817</ele><time>2021-05-01T13:32:48Z</time></trkpt><trkpt lat="54.966735" lon="25.98014"><ele>138.809</ele><time>2021-05-01T13:32:46Z</time></trkpt><trkpt lat="54.966809" lon="25.980119"><ele>138.966</ele><time>2021-05-01T13:32:44Z</time></trkpt><trkpt lat="54.96681" lon="25.980215"><ele>139.019</ele><time>2021-05-01T13:32:41Z</time></trkpt><trkpt lat="54.966769" lon="25.980314"><ele>139.284</ele><time>2021-05-01T13:32:39Z</time></trkpt><trkpt lat="54.966722" lon="25.980406"><ele>139.736</ele><time>2021-05-01T13:32:37Z</time></trkpt><trkpt lat="54.966644" lon="25.98057"><ele>140.461</ele><time>2021-05-01T13:32:35Z</time></trkpt><trkpt lat="54.966598" lon="25.980663"><ele>140.669</ele><time>2021-05-01T13:32:34Z</time></trkpt><trkpt lat="54.96655" lon="25.980755"><ele>140.672</ele><time>2021-05-01T13:32:33Z</time></trkpt><trkpt lat="54.966455" lon="25.980942"><ele>140.549</ele><time>2021-05-01T13:32:31Z</time></trkpt><trkpt lat="54.966409" lon="25.981032"><ele>140.637</ele><time>2021-05-01T13:32:30Z</time></trkpt><trkpt lat="54.966317" lon="25.981208"><ele>140.773</ele><time>2021-05-01T13:32:28Z</time></trkpt><trkpt lat="54.966268" lon="25.981299"><ele>141.185</ele><time>2021-05-01T13:32:27Z</time></trkpt><trkpt lat="54.966221" lon="25.981397"><ele>141.313</ele><time>2021-05-01T13:32:26Z</time></trkpt><trkpt lat="54.966171" lon="25.981519"><ele>141.809</ele><time>2021-05-01T13:32:25Z</time></trkpt><trkpt lat="54.966118" lon="25.981675"><ele>141.658</ele><time>2021-05-01T13:32:24Z</time></trkpt><trkpt lat="54.966065" lon="25.981862"><ele>141.131</ele><time>2021-05-01T13:32:23Z</time></trkpt><trkpt lat="54.965951" lon="25.982304"><ele>141.486</ele><time>2021-05-01T13:32:21Z</time></trkpt><trkpt lat="54.965889" lon="25.982549"><ele>142.228</ele><time>2021-05-01T13:32:20Z</time></trkpt><trkpt lat="54.965754" lon="25.98306"><ele>142.393</ele><time>2021-05-01T13:32:18Z</time></trkpt><trkpt lat="54.965681" lon="25.983328"><ele>142.711</ele><time>2021-05-01T13:32:17Z</time></trkpt><trkpt lat="54.965548" lon="25.9839"><ele>142.844</ele><time>2021-05-01T13:32:15Z</time></trkpt><trkpt lat="54.965502" lon="25.984198"><ele>143.411</ele><time>2021-05-01T13:32:14Z</time></trkpt><trkpt lat="54.965467" lon="25.98478"><ele>143.649</ele><time>2021-05-01T13:32:12Z</time></trkpt><trkpt lat="54.965475" lon="25.985049"><ele>143.314</ele><time>2021-05-01T13:32:11Z</time></trkpt><trkpt lat="54.965503" lon="25.985305"><ele>142.454</ele><time>2021-05-01T13:32:10Z</time></trkpt><trkpt lat="54.965621" lon="25.985795"><ele>141.409</ele><time>2021-05-01T13:32:08Z</time></trkpt><trkpt lat="54.965801" lon="25.986335"><ele>141.409</ele><time>2021-05-01T13:32:06Z</time></trkpt><trkpt lat="54.965904" lon="25.986643"><ele>141.462</ele><time>2021-05-01T13:32:05Z</time></trkpt><trkpt lat="54.966128" lon="25.987299"><ele>141.165</ele><time>2021-05-01T13:32:03Z</time></trkpt><trkpt lat="54.966244" lon="25.987629"><ele>140.640</ele><time>2021-05-01T13:32:02Z</time></trkpt><trkpt lat="54.966359" lon="25.987956"><ele>140.762</ele><time>2021-05-01T13:32:01Z</time></trkpt><trkpt lat="54.966474" lon="25.98828"><ele>140.727</ele><time>2021-05-01T13:32:00Z</time></trkpt><trkpt lat="54.966706" lon="25.988917"><ele>140.235</ele><time>2021-05-01T13:31:58Z</time></trkpt><trkpt lat="54.966918" lon="25.989543"><ele>139.948</ele><time>2021-05-01T13:31:56Z</time></trkpt><trkpt lat="54.967011" lon="25.989859"><ele>139.635</ele><time>2021-05-01T13:31:55Z</time></trkpt><trkpt lat="54.967175" lon="25.990505"><ele>139.393</ele><time>2021-05-01T13:31:53Z</time></trkpt><trkpt lat="54.967336" lon="25.991182"><ele>139.079</ele><time>2021-05-01T13:31:51Z</time></trkpt><trkpt lat="54.96742" lon="25.991532"><ele>139.405</ele><time>2021-05-01T13:31:50Z</time></trkpt><trkpt lat="54.967499" lon="25.99187"><ele>139.325</ele><time>2021-05-01T13:31:49Z</time></trkpt><trkpt lat="54.967566" lon="25.992187"><ele>139.209</ele><time>2021-05-01T13:31:48Z</time></trkpt><trkpt lat="54.967643" lon="25.992762"><ele>139.098</ele><time>2021-05-01T13:31:46Z</time></trkpt><trkpt lat="54.967643" lon="25.993291"><ele>138.691</ele><time>2021-05-01T13:31:44Z</time></trkpt><trkpt lat="54.967637" lon="25.993529"><ele>138.616</ele><time>2021-05-01T13:31:43Z</time></trkpt><trkpt lat="54.967646" lon="25.993743"><ele>138.618</ele><time>2021-05-01T13:31:42Z</time></trkpt><trkpt lat="54.967685" lon="25.993943"><ele>138.673</ele><time>2021-05-01T13:31:41Z</time></trkpt><trkpt lat="54.967752" lon="25.994138"><ele>138.651</ele><time>2021-05-01T13:31:40Z</time></trkpt><trkpt lat="54.967844" lon="25.994338"><ele>138.694</ele><time>2021-05-01T13:31:39Z</time></trkpt><trkpt lat="54.968073" lon="25.994749"><ele>138.671</ele><time>2021-05-01T13:31:37Z</time></trkpt><trkpt lat="54.968196" lon="25.994947"><ele>138.659</ele><time>2021-05-01T13:31:36Z</time></trkpt><trkpt lat="54.968449" lon="25.995329"><ele>138.652</ele><time>2021-05-01T13:31:34Z</time></trkpt><trkpt lat="54.968563" lon="25.995506"><ele>138.653</ele><time>2021-05-01T13:31:33Z</time></trkpt><trkpt lat="54.968665" lon="25.995677"><ele>138.608</ele><time>2021-05-01T13:31:32Z</time></trkpt><trkpt lat="54.968755" lon="25.99585"><ele>138.609</ele><time>2021-05-01T13:31:31Z</time></trkpt><trkpt lat="54.968833" lon="25.996027"><ele>138.666</ele><time>2021-05-01T13:31:30Z</time></trkpt><trkpt lat="54.968967" lon="25.996366"><ele>138.659</ele><time>2021-05-01T13:31:28Z</time></trkpt><trkpt lat="54.969027" lon="25.996525"><ele>138.664</ele><time>2021-05-01T13:31:27Z</time></trkpt><trkpt lat="54.969081" lon="25.996677"><ele>138.626</ele><time>2021-05-01T13:31:26Z</time></trkpt><trkpt lat="54.96913" lon="25.996829"><ele>138.641</ele><time>2021-05-01T13:31:25Z</time></trkpt><trkpt lat="54.969203" lon="25.997129"><ele>138.699</ele><time>2021-05-01T13:31:23Z</time></trkpt><trkpt lat="54.969231" lon="25.997276"><ele>138.692</ele><time>2021-05-01T13:31:22Z</time></trkpt><trkpt lat="54.969261" lon="25.997421"><ele>138.619</ele><time>2021-05-01T13:31:21Z</time></trkpt><trkpt lat="54.969335" lon="25.997712"><ele>138.627</ele><time>2021-05-01T13:31:19Z</time></trkpt><trkpt lat="54.969381" lon="25.997852"><ele>138.669</ele><time>2021-05-01T13:31:18Z</time></trkpt><trkpt lat="54.969463" lon="25.998144"><ele>138.604</ele><time>2021-05-01T13:31:16Z</time></trkpt><trkpt lat="54.969532" lon="25.998451"><ele>138.624</ele><time>2021-05-01T13:31:14Z</time></trkpt><trkpt lat="54.969615" lon="25.998752"><ele>138.609</ele><time>2021-05-01T13:31:12Z</time></trkpt><trkpt lat="54.969705" lon="25.999042"><ele>138.697</ele><time>2021-05-01T13:31:10Z</time></trkpt><trkpt lat="54.969772" lon="25.99933"><ele>138.610</ele><time>2021-05-01T13:31:08Z</time></trkpt><trkpt lat="54.969831" lon="25.999562"><ele>138.665</ele><time>2021-05-01T13:31:06Z</time></trkpt><trkpt lat="54.969893" lon="25.999691"><ele>138.647</ele><time>2021-05-01T13:31:04Z</time></trkpt><trkpt lat="54.969914" lon="25.999908"><ele>143.162</ele><time>2021-05-01T13:30:12Z</time></trkpt><trkpt lat="54.969834" lon="26.0002"><ele>142.870</ele><time>2021-05-01T13:30:11Z</time></trkpt><trkpt lat="54.969653" lon="26.000835"><ele>142.473</ele><time>2021-05-01T13:30:09Z</time></trkpt><trkpt lat="54.969558" lon="26.001153"><ele>142.270</ele><time>2021-05-01T13:30:08Z</time></trkpt><trkpt lat="54.96946" lon="26.001467"><ele>142.098</ele><time>2021-05-01T13:30:07Z</time></trkpt><trkpt lat="54.969251" lon="26.002065"><ele>142.547</ele><time>2021-05-01T13:30:05Z</time></trkpt><trkpt lat="54.969141" lon="26.002352"><ele>142.529</ele><time>2021-05-01T13:30:04Z</time></trkpt><trkpt lat="54.968889" lon="26.002867"><ele>143.121</ele><time>2021-05-01T13:30:02Z</time></trkpt><trkpt lat="54.968748" lon="26.003087"><ele>143.309</ele><time>2021-05-01T13:30:01Z</time></trkpt><trkpt lat="54.968439" lon="26.003476"><ele>143.565</ele><time>2021-05-01T13:29:59Z</time></trkpt><trkpt lat="54.968273" lon="26.003653"><ele>144.268</ele><time>2021-05-01T13:29:58Z</time></trkpt><trkpt lat="54.967919" lon="26.003946"><ele>145.413</ele><time>2021-05-01T13:29:56Z</time></trkpt><trkpt lat="54.967534" lon="26.004146"><ele>145.515</ele><time>2021-05-01T13:29:54Z</time></trkpt><trkpt lat="54.967129" lon="26.004316"><ele>146.390</ele><time>2021-05-01T13:29:52Z</time></trkpt><trkpt lat="54.966713" lon="26.004525"><ele>147.438</ele><time>2021-05-01T13:29:50Z</time></trkpt><trkpt lat="54.966317" lon="26.004776"><ele>147.321</ele><time>2021-05-01T13:29:48Z</time></trkpt><trkpt lat="54.965959" lon="26.005071"><ele>147.738</ele><time>2021-05-01T13:29:46Z</time></trkpt><trkpt lat="54.965625" lon="26.005397"><ele>147.656</ele><time>2021-05-01T13:29:44Z</time></trkpt><trkpt lat="54.965466" lon="26.005579"><ele>148.149</ele><time>2021-05-01T13:29:43Z</time></trkpt><trkpt lat="54.965313" lon="26.005775"><ele>148.302</ele><time>2021-05-01T13:29:42Z</time></trkpt><trkpt lat="54.965168" lon="26.005976"><ele>148.122</ele><time>2021-05-01T13:29:41Z</time></trkpt><trkpt lat="54.9649" lon="26.006403"><ele>148.109</ele><time>2021-05-01T13:29:39Z</time></trkpt><trkpt lat="54.964655" lon="26.006849"><ele>148.225</ele><time>2021-05-01T13:29:37Z</time></trkpt><trkpt lat="54.964548" lon="26.007072"><ele>148.088</ele><time>2021-05-01T13:29:36Z</time></trkpt><trkpt lat="54.964388" lon="26.00748"><ele>148.153</ele><time>2021-05-01T13:29:34Z</time></trkpt><trkpt lat="54.964335" lon="26.007657"><ele>148.375</ele><time>2021-05-01T13:29:33Z</time></trkpt><trkpt lat="54.96423" lon="26.007917"><ele>147.480</ele><time>2021-05-01T13:29:31Z</time></trkpt><trkpt lat="54.964152" lon="26.007976"><ele>146.968</ele><time>2021-05-01T13:29:30Z</time></trkpt><trkpt lat="54.964061" lon="26.007986"><ele>146.321</ele><time>2021-05-01T13:29:29Z</time></trkpt><trkpt lat="54.963839" lon="26.007921"><ele>145.178</ele><time>2021-05-01T13:29:27Z</time></trkpt><trkpt lat="54.963711" lon="26.007865"><ele>145.016</ele><time>2021-05-01T13:29:26Z</time></trkpt><trkpt lat="54.963582" lon="26.00781"><ele>145.099</ele><time>2021-05-01T13:29:25Z</time></trkpt><trkpt lat="54.963453" lon="26.007754"><ele>145.107</ele><time>2021-05-01T13:29:24Z</time></trkpt><trkpt lat="54.963323" lon="26.0077"><ele>145.127</ele><time>2021-05-01T13:29:23Z</time></trkpt><trkpt lat="54.963198" lon="26.007653"><ele>144.909</ele><time>2021-05-01T13:29:22Z</time></trkpt><trkpt lat="54.962961" lon="26.007608"><ele>144.940</ele><time>2021-05-01T13:29:20Z</time></trkpt><trkpt lat="54.962729" lon="26.007643"><ele>145.833</ele><time>2021-05-01T13:29:18Z</time></trkpt><trkpt lat="54.962619" lon="26.007678"><ele>146.288</ele><time>2021-05-01T13:29:17Z</time></trkpt><trkpt lat="54.962518" lon="26.007706"><ele>146.210</ele><time>2021-05-01T13:29:16Z</time></trkpt><trkpt lat="54.962434" lon="26.007732"><ele>146.345</ele><time>2021-05-01T13:29:15Z</time></trkpt><trkpt lat="54.962371" lon="26.007759"><ele>146.793</ele><time>2021-05-01T13:29:14Z</time></trkpt><trkpt lat="54.962323" lon="26.007738"><ele>147.416</ele><time>2021-05-01T13:29:13Z</time></trkpt><trkpt lat="54.962286" lon="26.00788"><ele>147.933</ele><time>2021-05-01T13:29:11Z</time></trkpt><trkpt lat="54.962272" lon="26.008164"><ele>147.761</ele><time>2021-05-01T13:29:09Z</time></trkpt><trkpt lat="54.96227" lon="26.008356"><ele>148.091</ele><time>2021-05-01T13:29:08Z</time></trkpt><trkpt lat="54.962268" lon="26.008562"><ele>147.681</ele><time>2021-05-01T13:29:07Z</time></trkpt><trkpt lat="54.96225" lon="26.008955"><ele>148.019</ele><time>2021-05-01T13:29:05Z</time></trkpt><trkpt lat="54.962211" lon="26.009336"><ele>147.109</ele><time>2021-05-01T13:29:03Z</time></trkpt><trkpt lat="54.962192" lon="26.009532"><ele>146.780</ele><time>2021-05-01T13:29:02Z</time></trkpt><trkpt lat="54.962256" lon="26.009911"><ele>144.283</ele><time>2021-05-01T13:28:38Z</time></trkpt><trkpt lat="54.962314" lon="26.010195"><ele>144.268</ele><time>2021-05-01T13:28:36Z</time></trkpt><trkpt lat="54.962343" lon="26.010504"><ele>143.950</ele><time>2021-05-01T13:28:34Z</time></trkpt><trkpt lat="54.962357" lon="26.010783"><ele>143.875</ele><time>2021-05-01T13:28:32Z</time></trkpt><trkpt lat="54.962363" lon="26.010908"><ele>144.373</ele><time>2021-05-01T13:28:31Z</time></trkpt><trkpt lat="54.962393" lon="26.011047"><ele>143.776</ele><time>2021-05-01T13:28:30Z</time></trkpt><trkpt lat="54.962407" lon="26.011128"><ele>143.883</ele><time>2021-05-01T13:28:28Z</time></trkpt><trkpt lat="54.962414" lon="26.011327"><ele>144.151</ele><time>2021-05-01T13:28:26Z</time></trkpt><trkpt lat="54.962422" lon="26.011562"><ele>144.034</ele><time>2021-05-01T13:28:24Z</time></trkpt><trkpt lat="54.962433" lon="26.011667"><ele>144.355</ele><time>2021-05-01T13:28:23Z</time></trkpt><trkpt lat="54.96245" lon="26.011758"><ele>144.010</ele><time>2021-05-01T13:28:22Z</time></trkpt><trkpt lat="54.962491" lon="26.011917"><ele>144.409</ele><time>2021-05-01T13:28:20Z</time></trkpt><trkpt lat="54.962517" lon="26.012024"><ele>144.544</ele><time>2021-05-01T13:28:18Z</time></trkpt><trkpt lat="54.962546" lon="26.012134"><ele>144.327</ele><time>2021-05-01T13:28:16Z</time></trkpt><trkpt lat="54.96254" lon="26.012235"><ele>144.662</ele><time>2021-05-01T13:28:15Z</time></trkpt><trkpt lat="54.962533" lon="26.012356"><ele>144.814</ele><time>2021-05-01T13:28:14Z</time></trkpt><trkpt lat="54.962527" lon="26.012493"><ele>144.159</ele><time>2021-05-01T13:28:13Z</time></trkpt><trkpt lat="54.96252" lon="26.012636"><ele>144.327</ele><time>2021-05-01T13:28:12Z</time></trkpt><trkpt lat="54.962494" lon="26.012916"><ele>144.240</ele><time>2021-05-01T13:28:10Z</time></trkpt><trkpt lat="54.962475" lon="26.013047"><ele>144.547</ele><time>2021-05-01T13:28:09Z</time></trkpt><trkpt lat="54.962449" lon="26.013176"><ele>144.095</ele><time>2021-05-01T13:28:08Z</time></trkpt><trkpt lat="54.962412" lon="26.013311"><ele>144.712</ele><time>2021-05-01T13:28:07Z</time></trkpt><trkpt lat="54.962364" lon="26.013454"><ele>145.232</ele><time>2021-05-01T13:28:06Z</time></trkpt><trkpt lat="54.962308" lon="26.013602"><ele>145.105</ele><time>2021-05-01T13:28:05Z</time></trkpt><trkpt lat="54.962246" lon="26.013757"><ele>144.909</ele><time>2021-05-01T13:28:04Z</time></trkpt><trkpt lat="54.962108" lon="26.014059"><ele>144.792</ele><time>2021-05-01T13:28:02Z</time></trkpt><trkpt lat="54.961964" lon="26.014311"><ele>144.265</ele><time>2021-05-01T13:28:00Z</time></trkpt><trkpt lat="54.961893" lon="26.014418"><ele>143.190</ele><time>2021-05-01T13:27:59Z</time></trkpt><trkpt lat="54.961753" lon="26.014599"><ele>141.922</ele><time>2021-05-01T13:27:57Z</time></trkpt><trkpt lat="54.96168" lon="26.014667"><ele>141.537</ele><time>2021-05-01T13:27:56Z</time></trkpt><trkpt lat="54.961603" lon="26.014711"><ele>141.635</ele><time>2021-05-01T13:27:55Z</time></trkpt><trkpt lat="54.961426" lon="26.014742"><ele>141.338</ele><time>2021-05-01T13:27:53Z</time></trkpt><trkpt lat="54.961331" lon="26.014729"><ele>141.585</ele><time>2021-05-01T13:27:52Z</time></trkpt><trkpt lat="54.961153" lon="26.014684"><ele>142.183</ele><time>2021-05-01T13:27:50Z</time></trkpt><trkpt lat="54.961069" lon="26.014676"><ele>142.022</ele><time>2021-05-01T13:27:49Z</time></trkpt><trkpt lat="54.960903" lon="26.014721"><ele>141.962</ele><time>2021-05-01T13:27:47Z</time></trkpt><trkpt lat="54.960725" lon="26.014841"><ele>143.108</ele><time>2021-05-01T13:27:45Z</time></trkpt><trkpt lat="54.960628" lon="26.01493"><ele>143.109</ele><time>2021-05-01T13:27:44Z</time></trkpt><trkpt lat="54.960529" lon="26.015023"><ele>143.473</ele><time>2021-05-01T13:27:43Z</time></trkpt><trkpt lat="54.960338" lon="26.015223"><ele>142.516</ele><time>2021-05-01T13:27:41Z</time></trkpt><trkpt lat="54.96025" lon="26.015311"><ele>141.591</ele><time>2021-05-01T13:27:40Z</time></trkpt><trkpt lat="54.960073" lon="26.015427"><ele>141.793</ele><time>2021-05-01T13:27:38Z</time></trkpt><trkpt lat="54.95987" lon="26.015475"><ele>141.818</ele><time>2021-05-01T13:27:36Z</time></trkpt><trkpt lat="54.959652" lon="26.015522"><ele>141.716</ele><time>2021-05-01T13:27:34Z</time></trkpt><trkpt lat="54.95955" lon="26.015581"><ele>141.569</ele><time>2021-05-01T13:27:33Z</time></trkpt><trkpt lat="54.95945" lon="26.015669"><ele>141.336</ele><time>2021-05-01T13:27:32Z</time></trkpt><trkpt lat="54.959259" lon="26.015914"><ele>139.994</ele><time>2021-05-01T13:27:30Z</time></trkpt><trkpt lat="54.959162" lon="26.016067"><ele>139.666</ele><time>2021-05-01T13:27:29Z</time></trkpt><trkpt lat="54.959068" lon="26.01623"><ele>138.829</ele><time>2021-05-01T13:27:28Z</time></trkpt><trkpt lat="54.958895" lon="26.01651"><ele>139.021</ele><time>2021-05-01T13:27:26Z</time></trkpt><trkpt lat="54.958811" lon="26.016631"><ele>138.709</ele><time>2021-05-01T13:27:25Z</time></trkpt><trkpt lat="54.958727" lon="26.01673"><ele>139.047</ele><time>2021-05-01T13:27:24Z</time></trkpt><trkpt lat="54.958642" lon="26.016803"><ele>138.890</ele><time>2021-05-01T13:27:23Z</time></trkpt><trkpt lat="54.958554" lon="26.016855"><ele>138.845</ele><time>2021-05-01T13:27:22Z</time></trkpt><trkpt lat="54.958359" lon="26.016944"><ele>139.887</ele><time>2021-05-01T13:27:20Z</time></trkpt><trkpt lat="54.958154" lon="26.017105"><ele>140.152</ele><time>2021-05-01T13:27:18Z</time></trkpt><trkpt lat="54.957912" lon="26.017287"><ele>140.650</ele><time>2021-05-01T13:27:16Z</time></trkpt><trkpt lat="54.957662" lon="26.017403"><ele>140.973</ele><time>2021-05-01T13:27:14Z</time></trkpt><trkpt lat="54.957545" lon="26.017462"><ele>141.120</ele><time>2021-05-01T13:27:13Z</time></trkpt><trkpt lat="54.957333" lon="26.017627"><ele>141.928</ele><time>2021-05-01T13:27:11Z</time></trkpt><trkpt lat="54.957226" lon="26.017728"><ele>142.069</ele><time>2021-05-01T13:27:10Z</time></trkpt><trkpt lat="54.957009" lon="26.017958"><ele>142.304</ele><time>2021-05-01T13:27:08Z</time></trkpt><trkpt lat="54.956784" lon="26.018165"><ele>142.124</ele><time>2021-05-01T13:27:06Z</time></trkpt><trkpt lat="54.956661" lon="26.018249"><ele>142.109</ele><time>2021-05-01T13:27:05Z</time></trkpt><trkpt lat="54.956555" lon="26.018329"><ele>142.287</ele><time>2021-05-01T13:27:04Z</time></trkpt><trkpt lat="54.956481" lon="26.018416"><ele>142.030</ele><time>2021-05-01T13:27:03Z</time></trkpt><trkpt lat="54.956425" lon="26.018615"><ele>142.675</ele><time>2021-05-01T13:27:01Z</time></trkpt><trkpt lat="54.956424" lon="26.018717"><ele>143.117</ele><time>2021-05-01T13:27:00Z</time></trkpt><trkpt lat="54.956463" lon="26.018915"><ele>142.782</ele><time>2021-05-01T13:26:58Z</time></trkpt><trkpt lat="54.95655" lon="26.019143"><ele>142.860</ele><time>2021-05-01T13:26:56Z</time></trkpt><trkpt lat="54.95665" lon="26.019439"><ele>142.623</ele><time>2021-05-01T13:26:54Z</time></trkpt><trkpt lat="54.956699" lon="26.019608"><ele>141.810</ele><time>2021-05-01T13:26:53Z</time></trkpt><trkpt lat="54.956746" lon="26.01978"><ele>141.618</ele><time>2021-05-01T13:26:52Z</time></trkpt><trkpt lat="54.956817" lon="26.020116"><ele>141.772</ele><time>2021-05-01T13:26:50Z</time></trkpt><trkpt lat="54.956844" lon="26.020274"><ele>142.013</ele><time>2021-05-01T13:26:49Z</time></trkpt><trkpt lat="54.956871" lon="26.020427"><ele>141.314</ele><time>2021-05-01T13:26:48Z</time></trkpt><trkpt lat="54.956913" lon="26.020574"><ele>141.309</ele><time>2021-05-01T13:26:47Z</time></trkpt><trkpt lat="54.957064" lon="26.020838"><ele>141.128</ele><time>2021-05-01T13:26:45Z</time></trkpt><trkpt lat="54.957148" lon="26.020962"><ele>141.351</ele><time>2021-05-01T13:26:44Z</time></trkpt><trkpt lat="54.957235" lon="26.021067"><ele>142.316</ele><time>2021-05-01T13:26:43Z</time></trkpt><trkpt lat="54.957421" lon="26.021223"><ele>142.438</ele><time>2021-05-01T13:26:41Z</time></trkpt><trkpt lat="54.957515" lon="26.021274"><ele>143.233</ele><time>2021-05-01T13:26:40Z</time></trkpt><trkpt lat="54.957608" lon="26.021309"><ele>144.131</ele><time>2021-05-01T13:26:39Z</time></trkpt><trkpt lat="54.957705" lon="26.021332"><ele>144.774</ele><time>2021-05-01T13:26:38Z</time></trkpt><trkpt lat="54.957917" lon="26.021364"><ele>145.721</ele><time>2021-05-01T13:26:36Z</time></trkpt><trkpt lat="54.95814" lon="26.021429"><ele>146.139</ele><time>2021-05-01T13:26:34Z</time></trkpt><trkpt lat="54.958356" lon="26.021502"><ele>146.715</ele><time>2021-05-01T13:26:32Z</time></trkpt><trkpt lat="54.958464" lon="26.021533"><ele>146.565</ele><time>2021-05-01T13:26:31Z</time></trkpt><trkpt lat="54.958571" lon="26.021556"><ele>148.411</ele><time>2021-05-01T13:26:30Z</time></trkpt><trkpt lat="54.958676" lon="26.021568"><ele>149.309</ele><time>2021-05-01T13:26:29Z</time></trkpt><trkpt lat="54.958782" lon="26.021573"><ele>149.222</ele><time>2021-05-01T13:26:28Z</time></trkpt><trkpt lat="54.958889" lon="26.021578"><ele>150.025</ele><time>2021-05-01T13:26:27Z</time></trkpt><trkpt lat="54.959094" lon="26.021614"><ele>149.410</ele><time>2021-05-01T13:26:25Z</time></trkpt><trkpt lat="54.959186" lon="26.021653"><ele>149.242</ele><time>2021-05-01T13:26:24Z</time></trkpt><trkpt lat="54.959356" lon="26.021779"><ele>149.627</ele><time>2021-05-01T13:26:22Z</time></trkpt><trkpt lat="54.959441" lon="26.021881"><ele>150.045</ele><time>2021-05-01T13:26:21Z</time></trkpt><trkpt lat="54.95961" lon="26.022158"><ele>150.588</ele><time>2021-05-01T13:26:19Z</time></trkpt><trkpt lat="54.959692" lon="26.022317"><ele>150.455</ele><time>2021-05-01T13:26:18Z</time></trkpt><trkpt lat="54.95986" lon="26.022633"><ele>150.343</ele><time>2021-05-01T13:26:16Z</time></trkpt><trkpt lat="54.959961" lon="26.022786"><ele>149.966</ele><time>2021-05-01T13:26:15Z</time></trkpt><trkpt lat="54.960072" lon="26.022928"><ele>149.829</ele><time>2021-05-01T13:26:14Z</time></trkpt><trkpt lat="54.960184" lon="26.023074"><ele>149.321</ele><time>2021-05-01T13:26:13Z</time></trkpt><trkpt lat="54.960296" lon="26.023223"><ele>149.009</ele><time>2021-05-01T13:26:12Z</time></trkpt><trkpt lat="54.960409" lon="26.023369"><ele>148.367</ele><time>2021-05-01T13:26:11Z</time></trkpt><trkpt lat="54.960522" lon="26.023513"><ele>148.290</ele><time>2021-05-01T13:26:10Z</time></trkpt><trkpt lat="54.960727" lon="26.023805"><ele>148.425</ele><time>2021-05-01T13:26:08Z</time></trkpt><trkpt lat="54.960926" lon="26.024098"><ele>148.387</ele><time>2021-05-01T13:26:06Z</time></trkpt><trkpt lat="54.961026" lon="26.024245"><ele>148.362</ele><time>2021-05-01T13:26:05Z</time></trkpt><trkpt lat="54.961123" lon="26.024395"><ele>148.590</ele><time>2021-05-01T13:26:04Z</time></trkpt><trkpt lat="54.961217" lon="26.024549"><ele>149.183</ele><time>2021-05-01T13:26:03Z</time></trkpt><trkpt lat="54.961313" lon="26.024693"><ele>150.090</ele><time>2021-05-01T13:26:02Z</time></trkpt><trkpt lat="54.961507" lon="26.024942"><ele>150.228</ele><time>2021-05-01T13:26:00Z</time></trkpt><trkpt lat="54.961694" lon="26.025142"><ele>150.524</ele><time>2021-05-01T13:25:58Z</time></trkpt><trkpt lat="54.961844" lon="26.025374"><ele>150.104</ele><time>2021-05-01T13:25:56Z</time></trkpt><trkpt lat="54.961967" lon="26.025632"><ele>149.814</ele><time>2021-05-01T13:25:54Z</time></trkpt><trkpt lat="54.962015" lon="26.025756"><ele>150.309</ele><time>2021-05-01T13:25:53Z</time></trkpt><trkpt lat="54.962057" lon="26.025873"><ele>150.673</ele><time>2021-05-01T13:25:52Z</time></trkpt><trkpt lat="54.962147" lon="26.026085"><ele>150.916</ele><time>2021-05-01T13:25:50Z</time></trkpt><trkpt lat="54.962199" lon="26.026167"><ele>150.841</ele><time>2021-05-01T13:25:49Z</time></trkpt><trkpt lat="54.962249" lon="26.026235"><ele>151.573</ele><time>2021-05-01T13:25:48Z</time></trkpt><trkpt lat="54.962296" lon="26.026287"><ele>152.038</ele><time>2021-05-01T13:25:47Z</time></trkpt><trkpt lat="54.962374" lon="26.026333"><ele>152.416</ele><time>2021-05-01T13:25:46Z</time></trkpt><trkpt lat="54.962559" lon="26.02641"><ele>152.669</ele><time>2021-05-01T13:25:44Z</time></trkpt><trkpt lat="54.962666" lon="26.026454"><ele>152.286</ele><time>2021-05-01T13:25:43Z</time></trkpt><trkpt lat="54.962774" lon="26.026505"><ele>152.294</ele><time>2021-05-01T13:25:42Z</time></trkpt><trkpt lat="54.962987" lon="26.026636"><ele>151.852</ele><time>2021-05-01T13:25:40Z</time></trkpt><trkpt lat="54.963092" lon="26.026723"><ele>151.053</ele><time>2021-05-01T13:25:39Z</time></trkpt><trkpt lat="54.963317" lon="26.026939"><ele>150.508</ele><time>2021-05-01T13:25:37Z</time></trkpt><trkpt lat="54.963442" lon="26.027069"><ele>150.309</ele><time>2021-05-01T13:25:36Z</time></trkpt><trkpt lat="54.963576" lon="26.027197"><ele>150.066</ele><time>2021-05-01T13:25:35Z</time></trkpt><trkpt lat="54.963717" lon="26.027313"><ele>150.239</ele><time>2021-05-01T13:25:34Z</time></trkpt><trkpt lat="54.963998" lon="26.027499"><ele>149.884</ele><time>2021-05-01T13:25:32Z</time></trkpt><trkpt lat="54.964287" lon="26.027641"><ele>149.556</ele><time>2021-05-01T13:25:30Z</time></trkpt><trkpt lat="54.964439" lon="26.027712"><ele>149.741</ele><time>2021-05-01T13:25:29Z</time></trkpt><trkpt lat="54.964733" lon="26.027877"><ele>149.739</ele><time>2021-05-01T13:25:27Z</time></trkpt><trkpt lat="54.964871" lon="26.027979"><ele>149.722</ele><time>2021-05-01T13:25:26Z</time></trkpt><trkpt lat="54.965002" lon="26.028086"><ele>150.169</ele><time>2021-05-01T13:25:25Z</time></trkpt><trkpt lat="54.965128" lon="26.028199"><ele>149.997</ele><time>2021-05-01T13:25:24Z</time></trkpt><trkpt lat="54.965253" lon="26.028308"><ele>151.226</ele><time>2021-05-01T13:25:23Z</time></trkpt><trkpt lat="54.965373" lon="26.028398"><ele>151.547</ele><time>2021-05-01T13:25:22Z</time></trkpt><trkpt lat="54.965612" lon="26.028517"><ele>152.911</ele><time>2021-05-01T13:25:20Z</time></trkpt><trkpt lat="54.965744" lon="26.02855"><ele>153.409</ele><time>2021-05-01T13:25:19Z</time></trkpt><trkpt lat="54.966036" lon="26.028598"><ele>153.633</ele><time>2021-05-01T13:25:17Z</time></trkpt><trkpt lat="54.966184" lon="26.028628"><ele>154.076</ele><time>2021-05-01T13:25:16Z</time></trkpt><trkpt lat="54.966325" lon="26.028677"><ele>154.661</ele><time>2021-05-01T13:25:15Z</time></trkpt><trkpt lat="54.966466" lon="26.028748"><ele>154.513</ele><time>2021-05-01T13:25:14Z</time></trkpt><trkpt lat="54.966746" lon="26.028921"><ele>155.068</ele><time>2021-05-01T13:25:12Z</time></trkpt><trkpt lat="54.967039" lon="26.029054"><ele>154.666</ele><time>2021-05-01T13:25:10Z</time></trkpt><trkpt lat="54.96733" lon="26.029148"><ele>154.369</ele><time>2021-05-01T13:25:08Z</time></trkpt><trkpt lat="54.967466" lon="26.029209"><ele>153.456</ele><time>2021-05-01T13:25:07Z</time></trkpt><trkpt lat="54.967733" lon="26.029369"><ele>152.874</ele><time>2021-05-01T13:25:05Z</time></trkpt><trkpt lat="54.967868" lon="26.02947"><ele>152.235</ele><time>2021-05-01T13:25:04Z</time></trkpt><trkpt lat="54.968133" lon="26.029671"><ele>151.186</ele><time>2021-05-01T13:25:02Z</time></trkpt><trkpt lat="54.968398" lon="26.029831"><ele>151.214</ele><time>2021-05-01T13:25:00Z</time></trkpt><trkpt lat="54.96867" lon="26.030028"><ele>150.509</ele><time>2021-05-01T13:24:58Z</time></trkpt><trkpt lat="54.968799" lon="26.03015"><ele>150.214</ele><time>2021-05-01T13:24:57Z</time></trkpt><trkpt lat="54.968919" lon="26.030286"><ele>150.157</ele><time>2021-05-01T13:24:56Z</time></trkpt><trkpt lat="54.969131" lon="26.030607"><ele>150.052</ele><time>2021-05-01T13:24:54Z</time></trkpt><trkpt lat="54.969223" lon="26.030777"><ele>150.154</ele><time>2021-05-01T13:24:53Z</time></trkpt><trkpt lat="54.969312" lon="26.030936"><ele>150.249</ele><time>2021-05-01T13:24:52Z</time></trkpt><trkpt lat="54.96953" lon="26.031158"><ele>150.567</ele><time>2021-05-01T13:24:50Z</time></trkpt><trkpt lat="54.969819" lon="26.031192"><ele>150.370</ele><time>2021-05-01T13:24:48Z</time></trkpt><trkpt lat="54.969989" lon="26.031175"><ele>150.657</ele><time>2021-05-01T13:24:47Z</time></trkpt><trkpt lat="54.970303" lon="26.031249"><ele>150.175</ele><time>2021-05-01T13:24:45Z</time></trkpt><trkpt lat="54.970622" lon="26.031371"><ele>150.342</ele><time>2021-05-01T13:24:43Z</time></trkpt><trkpt lat="54.970767" lon="26.031449"><ele>149.522</ele><time>2021-05-01T13:24:42Z</time></trkpt><trkpt lat="54.97104" lon="26.03164"><ele>148.614</ele><time>2021-05-01T13:24:40Z</time></trkpt><trkpt lat="54.971311" lon="26.031883"><ele>148.409</ele><time>2021-05-01T13:24:38Z</time></trkpt><trkpt lat="54.971448" lon="26.032026"><ele>148.075</ele><time>2021-05-01T13:24:37Z</time></trkpt><trkpt lat="54.971712" lon="26.032335"><ele>148.128</ele><time>2021-05-01T13:24:35Z</time></trkpt><trkpt lat="54.971836" lon="26.032492"><ele>147.673</ele><time>2021-05-01T13:24:34Z</time></trkpt><trkpt lat="54.971958" lon="26.03265"><ele>147.015</ele><time>2021-05-01T13:24:33Z</time></trkpt><trkpt lat="54.972181" lon="26.032969"><ele>145.690</ele><time>2021-05-01T13:24:31Z</time></trkpt><trkpt lat="54.972283" lon="26.033139"><ele>145.428</ele><time>2021-05-01T13:24:30Z</time></trkpt><trkpt lat="54.97238" lon="26.033322"><ele>144.731</ele><time>2021-05-01T13:24:29Z</time></trkpt><trkpt lat="54.972583" lon="26.033709"><ele>143.868</ele><time>2021-05-01T13:24:27Z</time></trkpt><trkpt lat="54.972821" lon="26.034082"><ele>142.976</ele><time>2021-05-01T13:24:25Z</time></trkpt><trkpt lat="54.973089" lon="26.034428"><ele>141.128</ele><time>2021-05-01T13:24:23Z</time></trkpt><trkpt lat="54.973227" lon="26.034597"><ele>141.889</ele><time>2021-05-01T13:24:22Z</time></trkpt><trkpt lat="54.973364" lon="26.034759"><ele>141.717</ele><time>2021-05-01T13:24:21Z</time></trkpt><trkpt lat="54.97363" lon="26.035038"><ele>142.209</ele><time>2021-05-01T13:24:19Z</time></trkpt><trkpt lat="54.973758" lon="26.035142"><ele>142.223</ele><time>2021-05-01T13:24:18Z</time></trkpt><trkpt lat="54.973887" lon="26.035221"><ele>142.026</ele><time>2021-05-01T13:24:17Z</time></trkpt><trkpt lat="54.974144" lon="26.035358"><ele>142.361</ele><time>2021-05-01T13:24:15Z</time></trkpt><trkpt lat="54.97427" lon="26.035439"><ele>142.223</ele><time>2021-05-01T13:24:14Z</time></trkpt><trkpt lat="54.974379" lon="26.035539"><ele>142.628</ele><time>2021-05-01T13:24:13Z</time></trkpt><trkpt lat="54.974464" lon="26.035669"><ele>142.386</ele><time>2021-05-01T13:24:12Z</time></trkpt><trkpt lat="54.974569" lon="26.036008"><ele>142.669</ele><time>2021-05-01T13:24:10Z</time></trkpt><trkpt lat="54.974607" lon="26.036201"><ele>142.336</ele><time>2021-05-01T13:24:09Z</time></trkpt><trkpt lat="54.97466" lon="26.036676"><ele>142.574</ele><time>2021-05-01T13:24:07Z</time></trkpt><trkpt lat="54.974681" lon="26.036939"><ele>143.017</ele><time>2021-05-01T13:24:06Z</time></trkpt><trkpt lat="54.974736" lon="26.03748"><ele>143.387</ele><time>2021-05-01T13:24:04Z</time></trkpt><trkpt lat="54.974773" lon="26.037747"><ele>143.515</ele><time>2021-05-01T13:24:03Z</time></trkpt><trkpt lat="54.974856" lon="26.03826"><ele>143.709</ele><time>2021-05-01T13:24:01Z</time></trkpt><trkpt lat="54.974895" lon="26.03851"><ele>143.572</ele><time>2021-05-01T13:24:00Z</time></trkpt><trkpt lat="54.974927" lon="26.038759"><ele>143.945</ele><time>2021-05-01T13:23:59Z</time></trkpt><trkpt lat="54.974967" lon="26.039274"><ele>144.190</ele><time>2021-05-01T13:23:57Z</time></trkpt><trkpt lat="54.974993" lon="26.0398"><ele>145.012</ele><time>2021-05-01T13:23:55Z</time></trkpt><trkpt lat="54.975008" lon="26.04006"><ele>145.687</ele><time>2021-05-01T13:23:54Z</time></trkpt><trkpt lat="54.975025" lon="26.040305"><ele>146.375</ele><time>2021-05-01T13:23:53Z</time></trkpt><trkpt lat="54.975043" lon="26.040752"><ele>146.728</ele><time>2021-05-01T13:23:51Z</time></trkpt><trkpt lat="54.975042" lon="26.04096"><ele>146.515</ele><time>2021-05-01T13:23:50Z</time></trkpt><trkpt lat="54.975031" lon="26.041161"><ele>146.953</ele><time>2021-05-01T13:23:49Z</time></trkpt><trkpt lat="54.975019" lon="26.041363"><ele>147.217</ele><time>2021-05-01T13:23:48Z</time></trkpt><trkpt lat="54.974983" lon="26.041749"><ele>147.387</ele><time>2021-05-01T13:23:46Z</time></trkpt><trkpt lat="54.974973" lon="26.042097"><ele>146.815</ele><time>2021-05-01T13:23:44Z</time></trkpt><trkpt lat="54.97499" lon="26.042435"><ele>146.609</ele><time>2021-05-01T13:23:42Z</time></trkpt><trkpt lat="54.975007" lon="26.04262"><ele>146.922</ele><time>2021-05-01T13:23:41Z</time></trkpt><trkpt lat="54.975026" lon="26.042818"><ele>146.725</ele><time>2021-05-01T13:23:40Z</time></trkpt><trkpt lat="54.975072" lon="26.043226"><ele>147.040</ele><time>2021-05-01T13:23:38Z</time></trkpt><trkpt lat="54.975103" lon="26.043612"><ele>147.412</ele><time>2021-05-01T13:23:36Z</time></trkpt><trkpt lat="54.975116" lon="26.043805"><ele>148.067</ele><time>2021-05-01T13:23:35Z</time></trkpt><trkpt lat="54.975128" lon="26.04418"><ele>148.115</ele><time>2021-05-01T13:23:33Z</time></trkpt><trkpt lat="54.975153" lon="26.044542"><ele>147.938</ele><time>2021-05-01T13:23:31Z</time></trkpt><trkpt lat="54.975176" lon="26.044716"><ele>147.775</ele><time>2021-05-01T13:23:30Z</time></trkpt><trkpt lat="54.975236" lon="26.045071"><ele>147.133</ele><time>2021-05-01T13:23:28Z</time></trkpt><trkpt lat="54.975273" lon="26.045243"><ele>147.164</ele><time>2021-05-01T13:23:27Z</time></trkpt><trkpt lat="54.975346" lon="26.045585"><ele>146.106</ele><time>2021-05-01T13:23:25Z</time></trkpt><trkpt lat="54.975382" lon="26.045956"><ele>145.816</ele><time>2021-05-01T13:23:23Z</time></trkpt><trkpt lat="54.975383" lon="26.04635"><ele>145.509</ele><time>2021-05-01T13:23:21Z</time></trkpt><trkpt lat="54.97538" lon="26.046548"><ele>145.757</ele><time>2021-05-01T13:23:20Z</time></trkpt><trkpt lat="54.975377" lon="26.046743"><ele>144.970</ele><time>2021-05-01T13:23:19Z</time></trkpt><trkpt lat="54.975368" lon="26.047113"><ele>143.975</ele><time>2021-05-01T13:23:17Z</time></trkpt><trkpt lat="54.975353" lon="26.047292"><ele>143.537</ele><time>2021-05-01T13:23:16Z</time></trkpt><trkpt lat="54.975333" lon="26.04747"><ele>143.192</ele><time>2021-05-01T13:23:15Z</time></trkpt><trkpt lat="54.975298" lon="26.047788"><ele>143.130</ele><time>2021-05-01T13:23:13Z</time></trkpt><trkpt lat="54.975296" lon="26.047931"><ele>143.693</ele><time>2021-05-01T13:23:12Z</time></trkpt><trkpt lat="54.975306" lon="26.048065"><ele>144.590</ele><time>2021-05-01T13:23:11Z</time></trkpt><trkpt lat="54.975326" lon="26.048185"><ele>144.498</ele><time>2021-05-01T13:23:10Z</time></trkpt><trkpt lat="54.975349" lon="26.048277"><ele>145.636</ele><time>2021-05-01T13:23:09Z</time></trkpt><trkpt lat="54.975392" lon="26.048386"><ele>145.417</ele><time>2021-05-01T13:23:07Z</time></trkpt><trkpt lat="54.97544" lon="26.048389"><ele>145.318</ele><time>2021-05-01T13:23:05Z</time></trkpt><trkpt lat="54.975493" lon="26.048322"><ele>145.309</ele><time>2021-05-01T13:23:03Z</time></trkpt><trkpt lat="54.975518" lon="26.048406"><ele>145.664</ele><time>2021-05-01T13:23:01Z</time></trkpt><trkpt lat="54.975512" lon="26.048616"><ele>145.077</ele><time>2021-05-01T13:22:59Z</time></trkpt><trkpt lat="54.975497" lon="26.048762"><ele>144.492</ele><time>2021-05-01T13:22:58Z</time></trkpt><trkpt lat="54.975477" lon="26.048936"><ele>144.594</ele><time>2021-05-01T13:22:57Z</time></trkpt><trkpt lat="54.975423" lon="26.04936"><ele>144.519</ele><time>2021-05-01T13:22:55Z</time></trkpt><trkpt lat="54.975392" lon="26.049596"><ele>144.367</ele><time>2021-05-01T13:22:54Z</time></trkpt><trkpt lat="54.975364" lon="26.049841"><ele>143.990</ele><time>2021-05-01T13:22:53Z</time></trkpt><trkpt lat="54.975316" lon="26.050345"><ele>143.577</ele><time>2021-05-01T13:22:51Z</time></trkpt><trkpt lat="54.975294" lon="26.050596"><ele>143.135</ele><time>2021-05-01T13:22:50Z</time></trkpt><trkpt lat="54.975253" lon="26.051095"><ele>143.032</ele><time>2021-05-01T13:22:48Z</time></trkpt><trkpt lat="54.975235" lon="26.051338"><ele>143.392</ele><time>2021-05-01T13:22:47Z</time></trkpt><trkpt lat="54.975218" lon="26.051578"><ele>143.811</ele><time>2021-05-01T13:22:46Z</time></trkpt><trkpt lat="54.975181" lon="26.052035"><ele>144.309</ele><time>2021-05-01T13:22:44Z</time></trkpt><trkpt lat="54.975164" lon="26.052252"><ele>145.234</ele><time>2021-05-01T13:22:43Z</time></trkpt><trkpt lat="54.975139" lon="26.052681"><ele>145.787</ele><time>2021-05-01T13:22:41Z</time></trkpt><trkpt lat="54.975132" lon="26.052899"><ele>146.372</ele><time>2021-05-01T13:22:40Z</time></trkpt><trkpt lat="54.975127" lon="26.053124"><ele>146.854</ele><time>2021-05-01T13:22:39Z</time></trkpt><trkpt lat="54.975131" lon="26.053604"><ele>147.389</ele><time>2021-05-01T13:22:37Z</time></trkpt><trkpt lat="54.975137" lon="26.053856"><ele>147.627</ele><time>2021-05-01T13:22:36Z</time></trkpt><trkpt lat="54.975141" lon="26.054115"><ele>147.320</ele><time>2021-05-01T13:22:35Z</time></trkpt><trkpt lat="54.975142" lon="26.054636"><ele>147.637</ele><time>2021-05-01T13:22:33Z</time></trkpt><trkpt lat="54.975134" lon="26.055151"><ele>148.335</ele><time>2021-05-01T13:22:31Z</time></trkpt><trkpt lat="54.975127" lon="26.055408"><ele>148.827</ele><time>2021-05-01T13:22:30Z</time></trkpt><trkpt lat="54.975114" lon="26.055922"><ele>149.368</ele><time>2021-05-01T13:22:28Z</time></trkpt><trkpt lat="54.975111" lon="26.056184"><ele>148.914</ele><time>2021-05-01T13:22:27Z</time></trkpt><trkpt lat="54.97511" lon="26.05645"><ele>148.709</ele><time>2021-05-01T13:22:26Z</time></trkpt><trkpt lat="54.975103" lon="26.056969"><ele>148.273</ele><time>2021-05-01T13:22:24Z</time></trkpt><trkpt lat="54.975101" lon="26.057215"><ele>148.756</ele><time>2021-05-01T13:22:23Z</time></trkpt><trkpt lat="54.975102" lon="26.05745"><ele>148.671</ele><time>2021-05-01T13:22:22Z</time></trkpt><trkpt lat="54.975103" lon="26.057675"><ele>148.533</ele><time>2021-05-01T13:22:21Z</time></trkpt><trkpt lat="54.975099" lon="26.05812"><ele>148.538</ele><time>2021-05-01T13:22:19Z</time></trkpt><trkpt lat="54.975078" lon="26.058568"><ele>148.866</ele><time>2021-05-01T13:22:17Z</time></trkpt><trkpt lat="54.975071" lon="26.058802"><ele>149.379</ele><time>2021-05-01T13:22:16Z</time></trkpt><trkpt lat="54.975062" lon="26.0593"><ele>149.466</ele><time>2021-05-01T13:22:14Z</time></trkpt><trkpt lat="54.975056" lon="26.059549"><ele>150.044</ele><time>2021-05-01T13:22:13Z</time></trkpt><trkpt lat="54.975047" lon="26.059797"><ele>150.545</ele><time>2021-05-01T13:22:12Z</time></trkpt><trkpt lat="54.975036" lon="26.060048"><ele>150.947</ele><time>2021-05-01T13:22:11Z</time></trkpt><trkpt lat="54.975004" lon="26.060541"><ele>151.611</ele><time>2021-05-01T13:22:09Z</time></trkpt><trkpt lat="54.974989" lon="26.060775"><ele>152.609</ele><time>2021-05-01T13:22:08Z</time></trkpt><trkpt lat="54.974968" lon="26.061223"><ele>153.615</ele><time>2021-05-01T13:22:06Z</time></trkpt><trkpt lat="54.974963" lon="26.061441"><ele>154.678</ele><time>2021-05-01T13:22:05Z</time></trkpt><trkpt lat="54.974952" lon="26.061862"><ele>156.223</ele><time>2021-05-01T13:22:03Z</time></trkpt><trkpt lat="54.974944" lon="26.062068"><ele>156.935</ele><time>2021-05-01T13:22:02Z</time></trkpt><trkpt lat="54.97495" lon="26.062448"><ele>157.610</ele><time>2021-05-01T13:22:00Z</time></trkpt><trkpt lat="54.974962" lon="26.062631"><ele>158.418</ele><time>2021-05-01T13:21:59Z</time></trkpt><trkpt lat="54.974981" lon="26.062821"><ele>159.341</ele><time>2021-05-01T13:21:58Z</time></trkpt><trkpt lat="54.975037" lon="26.063253"><ele>159.128</ele><time>2021-05-01T13:21:56Z</time></trkpt><trkpt lat="54.975079" lon="26.063643"><ele>159.086</ele><time>2021-05-01T13:21:54Z</time></trkpt><trkpt lat="54.97509" lon="26.063783"><ele>158.651</ele><time>2021-05-01T13:21:53Z</time></trkpt><trkpt lat="54.975097" lon="26.063879"><ele>158.301</ele><time>2021-05-01T13:21:52Z</time></trkpt><trkpt lat="54.975109" lon="26.06396"><ele>156.811</ele><time>2021-05-01T13:21:37Z</time></trkpt><trkpt lat="54.975115" lon="26.064038"><ele>155.809</ele><time>2021-05-01T13:21:32Z</time></trkpt><trkpt lat="54.975098" lon="26.064142"><ele>155.346</ele><time>2021-05-01T13:21:30Z</time></trkpt><trkpt lat="54.975086" lon="26.064231"><ele>154.579</ele><time>2021-05-01T13:21:29Z</time></trkpt><trkpt lat="54.975077" lon="26.064538"><ele>153.874</ele><time>2021-05-01T13:21:27Z</time></trkpt><trkpt lat="54.975078" lon="26.064723"><ele>153.536</ele><time>2021-05-01T13:21:26Z</time></trkpt><trkpt lat="54.975095" lon="26.065144"><ele>152.531</ele><time>2021-05-01T13:21:24Z</time></trkpt><trkpt lat="54.975112" lon="26.065362"><ele>152.819</ele><time>2021-05-01T13:21:23Z</time></trkpt><trkpt lat="54.975136" lon="26.065588"><ele>151.912</ele><time>2021-05-01T13:21:22Z</time></trkpt><trkpt lat="54.975168" lon="26.065816"><ele>151.919</ele><time>2021-05-01T13:21:21Z</time></trkpt><trkpt lat="54.975205" lon="26.066045"><ele>151.517</ele><time>2021-05-01T13:21:20Z</time></trkpt><trkpt lat="54.975244" lon="26.066271"><ele>150.657</ele><time>2021-05-01T13:21:19Z</time></trkpt><trkpt lat="54.975325" lon="26.066717"><ele>150.800</ele><time>2021-05-01T13:21:17Z</time></trkpt><trkpt lat="54.975363" lon="26.066936"><ele>151.020</ele><time>2021-05-01T13:21:16Z</time></trkpt><trkpt lat="54.975394" lon="26.067155"><ele>152.009</ele><time>2021-05-01T13:21:15Z</time></trkpt><trkpt lat="54.975436" lon="26.067599"><ele>152.636</ele><time>2021-05-01T13:21:13Z</time></trkpt><trkpt lat="54.97545" lon="26.067831"><ele>152.749</ele><time>2021-05-01T13:21:12Z</time></trkpt><trkpt lat="54.975461" lon="26.068314"><ele>152.664</ele><time>2021-05-01T13:21:10Z</time></trkpt><trkpt lat="54.975459" lon="26.068548"><ele>153.056</ele><time>2021-05-01T13:21:09Z</time></trkpt><trkpt lat="54.975458" lon="26.068774"><ele>152.981</ele><time>2021-05-01T13:21:08Z</time></trkpt><trkpt lat="54.975463" lon="26.06919"><ele>153.069</ele><time>2021-05-01T13:21:06Z</time></trkpt><trkpt lat="54.975469" lon="26.069385"><ele>152.722</ele><time>2021-05-01T13:21:05Z</time></trkpt><trkpt lat="54.97549" lon="26.069784"><ele>153.379</ele><time>2021-05-01T13:21:03Z</time></trkpt><trkpt lat="54.975507" lon="26.069998"><ele>152.977</ele><time>2021-05-01T13:21:02Z</time></trkpt><trkpt lat="54.975548" lon="26.070466"><ele>151.951</ele><time>2021-05-01T13:21:00Z</time></trkpt><trkpt lat="54.975567" lon="26.070708"><ele>151.901</ele><time>2021-05-01T13:20:59Z</time></trkpt><trkpt lat="54.975579" lon="26.070947"><ele>152.011</ele><time>2021-05-01T13:20:58Z</time></trkpt><trkpt lat="54.975585" lon="26.071369"><ele>152.209</ele><time>2021-05-01T13:20:56Z</time></trkpt><trkpt lat="54.975585" lon="26.07154"><ele>151.356</ele><time>2021-05-01T13:20:55Z</time></trkpt><trkpt lat="54.975586" lon="26.071687"><ele>150.229</ele><time>2021-05-01T13:20:54Z</time></trkpt><trkpt lat="54.975592" lon="26.071905"><ele>149.594</ele><time>2021-05-01T13:20:52Z</time></trkpt><trkpt lat="54.975597" lon="26.07205"><ele>148.786</ele><time>2021-05-01T13:20:50Z</time></trkpt><trkpt lat="54.975619" lon="26.072118"><ele>148.791</ele><time>2021-05-01T13:20:48Z</time></trkpt><trkpt lat="54.975725" lon="26.072153"><ele>149.129</ele><time>2021-05-01T13:20:46Z</time></trkpt><trkpt lat="54.975803" lon="26.072166"><ele>149.472</ele><time>2021-05-01T13:20:45Z</time></trkpt><trkpt lat="54.975897" lon="26.072182"><ele>149.569</ele><time>2021-05-01T13:20:44Z</time></trkpt><trkpt lat="54.976009" lon="26.072198"><ele>149.677</ele><time>2021-05-01T13:20:43Z</time></trkpt><trkpt lat="54.976132" lon="26.072213"><ele>149.485</ele><time>2021-05-01T13:20:42Z</time></trkpt><trkpt lat="54.976408" lon="26.072253"><ele>149.889</ele><time>2021-05-01T13:20:40Z</time></trkpt><trkpt lat="54.976715" lon="26.0723"><ele>150.017</ele><time>2021-05-01T13:20:38Z</time></trkpt><trkpt lat="54.977041" lon="26.072352"><ele>150.709</ele><time>2021-05-01T13:20:36Z</time></trkpt><trkpt lat="54.977205" lon="26.072379"><ele>151.069</ele><time>2021-05-01T13:20:35Z</time></trkpt><trkpt lat="54.977548" lon="26.07244"><ele>150.722</ele><time>2021-05-01T13:20:33Z</time></trkpt><trkpt lat="54.977723" lon="26.072469"><ele>151.377</ele><time>2021-05-01T13:20:32Z</time></trkpt><trkpt lat="54.977895" lon="26.072494"><ele>151.679</ele><time>2021-05-01T13:20:31Z</time></trkpt><trkpt lat="54.978057" lon="26.07252"><ele>151.964</ele><time>2021-05-01T13:20:30Z</time></trkpt><trkpt lat="54.978208" lon="26.072548"><ele>152.472</ele><time>2021-05-01T13:20:29Z</time></trkpt><trkpt lat="54.978346" lon="26.072573"><ele>152.815</ele><time>2021-05-01T13:20:28Z</time></trkpt><trkpt lat="54.978598" lon="26.072613"><ele>153.542</ele><time>2021-05-01T13:20:26Z</time></trkpt><trkpt lat="54.978732" lon="26.072637"><ele>153.180</ele><time>2021-05-01T13:20:25Z</time></trkpt><trkpt lat="54.979052" lon="26.072714"><ele>152.972</ele><time>2021-05-01T13:20:23Z</time></trkpt><trkpt lat="54.97922" lon="26.072756"><ele>153.613</ele><time>2021-05-01T13:20:22Z</time></trkpt><trkpt lat="54.979544" lon="26.072834"><ele>153.314</ele><time>2021-05-01T13:20:20Z</time></trkpt><trkpt lat="54.979704" lon="26.072879"><ele>153.009</ele><time>2021-05-01T13:20:19Z</time></trkpt><trkpt lat="54.979874" lon="26.072929"><ele>153.458</ele><time>2021-05-01T13:20:18Z</time></trkpt><trkpt lat="54.980051" lon="26.072992"><ele>154.281</ele><time>2021-05-01T13:20:17Z</time></trkpt><trkpt lat="54.980231" lon="26.073061"><ele>154.516</ele><time>2021-05-01T13:20:16Z</time></trkpt><trkpt lat="54.980409" lon="26.073135"><ele>154.748</ele><time>2021-05-01T13:20:15Z</time></trkpt><trkpt lat="54.980756" lon="26.073273"><ele>155.013</ele><time>2021-05-01T13:20:13Z</time></trkpt><trkpt lat="54.980923" lon="26.073325"><ele>155.321</ele><time>2021-05-01T13:20:12Z</time></trkpt><trkpt lat="54.981087" lon="26.073373"><ele>155.824</ele><time>2021-05-01T13:20:11Z</time></trkpt><trkpt lat="54.981251" lon="26.073414"><ele>155.861</ele><time>2021-05-01T13:20:10Z</time></trkpt><trkpt lat="54.98158" lon="26.073486"><ele>156.089</ele><time>2021-05-01T13:20:08Z</time></trkpt><trkpt lat="54.981748" lon="26.073515"><ele>154.942</ele><time>2021-05-01T13:20:07Z</time></trkpt><trkpt lat="54.982093" lon="26.073579"><ele>154.622</ele><time>2021-05-01T13:20:05Z</time></trkpt><trkpt lat="54.982253" lon="26.073645"><ele>154.414</ele><time>2021-05-01T13:20:04Z</time></trkpt><trkpt lat="54.982534" lon="26.073853"><ele>154.809</ele><time>2021-05-01T13:20:02Z</time></trkpt><trkpt lat="54.982799" lon="26.074149"><ele>154.135</ele><time>2021-05-01T13:20:00Z</time></trkpt><trkpt lat="54.982938" lon="26.074319"><ele>154.018</ele><time>2021-05-01T13:19:59Z</time></trkpt><trkpt lat="54.983215" lon="26.074656"><ele>153.283</ele><time>2021-05-01T13:19:57Z</time></trkpt><trkpt lat="54.983351" lon="26.074818"><ele>152.725</ele><time>2021-05-01T13:19:56Z</time></trkpt><trkpt lat="54.983488" lon="26.074975"><ele>153.010</ele><time>2021-05-01T13:19:55Z</time></trkpt><trkpt lat="54.983625" lon="26.075127"><ele>152.318</ele><time>2021-05-01T13:19:54Z</time></trkpt><trkpt lat="54.983762" lon="26.075272"><ele>152.461</ele><time>2021-05-01T13:19:53Z</time></trkpt><trkpt lat="54.983894" lon="26.075411"><ele>152.328</ele><time>2021-05-01T13:19:52Z</time></trkpt><trkpt lat="54.98402" lon="26.075547"><ele>153.036</ele><time>2021-05-01T13:19:51Z</time></trkpt><trkpt lat="54.984259" lon="26.075796"><ele>152.749</ele><time>2021-05-01T13:19:49Z</time></trkpt><trkpt lat="54.984511" lon="26.076034"><ele>154.102</ele><time>2021-05-01T13:19:47Z</time></trkpt><trkpt lat="54.984645" lon="26.076152"><ele>154.822</ele><time>2021-05-01T13:19:46Z</time></trkpt><trkpt lat="54.984921" lon="26.076369"><ele>154.309</ele><time>2021-05-01T13:19:44Z</time></trkpt><trkpt lat="54.985059" lon="26.07647"><ele>153.945</ele><time>2021-05-01T13:19:43Z</time></trkpt><trkpt lat="54.985198" lon="26.076565"><ele>152.488</ele><time>2021-05-01T13:19:42Z</time></trkpt><trkpt lat="54.985485" lon="26.076772"><ele>152.113</ele><time>2021-05-01T13:19:40Z</time></trkpt><trkpt lat="54.985786" lon="26.076991"><ele>152.295</ele><time>2021-05-01T13:19:38Z</time></trkpt><trkpt lat="54.986094" lon="26.0772"><ele>152.430</ele><time>2021-05-01T13:19:36Z</time></trkpt><trkpt lat="54.986253" lon="26.077302"><ele>152.818</ele><time>2021-05-01T13:19:35Z</time></trkpt><trkpt lat="54.986415" lon="26.0774"><ele>152.651</ele><time>2021-05-01T13:19:34Z</time></trkpt><trkpt lat="54.986736" lon="26.077601"><ele>152.738</ele><time>2021-05-01T13:19:32Z</time></trkpt><trkpt lat="54.986897" lon="26.07771"><ele>153.526</ele><time>2021-05-01T13:19:31Z</time></trkpt><trkpt lat="54.987058" lon="26.077823"><ele>153.227</ele><time>2021-05-01T13:19:30Z</time></trkpt><trkpt lat="54.987388" lon="26.078057"><ele>153.668</ele><time>2021-05-01T13:19:28Z</time></trkpt><trkpt lat="54.98756" lon="26.078185"><ele>154.614</ele><time>2021-05-01T13:19:27Z</time></trkpt><trkpt lat="54.987739" lon="26.078307"><ele>154.809</ele><time>2021-05-01T13:19:26Z</time></trkpt><trkpt lat="54.98813" lon="26.078557"><ele>155.463</ele><time>2021-05-01T13:19:24Z</time></trkpt><trkpt lat="54.988548" lon="26.078823"><ele>155.836</ele><time>2021-05-01T13:19:22Z</time></trkpt><trkpt lat="54.988961" lon="26.079061"><ele>156.031</ele><time>2021-05-01T13:19:20Z</time></trkpt><trkpt lat="54.989362" lon="26.079331"><ele>156.343</ele><time>2021-05-01T13:19:18Z</time></trkpt><trkpt lat="54.989737" lon="26.079672"><ele>156.688</ele><time>2021-05-01T13:19:16Z</time></trkpt><trkpt lat="54.989921" lon="26.079861"><ele>156.366</ele><time>2021-05-01T13:19:15Z</time></trkpt><trkpt lat="54.990283" lon="26.080291"><ele>156.339</ele><time>2021-05-01T13:19:13Z</time></trkpt><trkpt lat="54.99046" lon="26.08052"><ele>156.386</ele><time>2021-05-01T13:19:12Z</time></trkpt><trkpt lat="54.990803" lon="26.080972"><ele>156.474</ele><time>2021-05-01T13:19:10Z</time></trkpt><trkpt lat="54.991147" lon="26.081341"><ele>156.672</ele><time>2021-05-01T13:19:08Z</time></trkpt><trkpt lat="54.991329" lon="26.081458"><ele>157.313</ele><time>2021-05-01T13:19:07Z</time></trkpt><trkpt lat="54.991521" lon="26.081531"><ele>157.514</ele><time>2021-05-01T13:19:06Z</time></trkpt><trkpt lat="54.991721" lon="26.081576"><ele>158.109</ele><time>2021-05-01T13:19:05Z</time></trkpt><trkpt lat="54.99193" lon="26.081605"><ele>159.128</ele><time>2021-05-01T13:19:04Z</time></trkpt><trkpt lat="54.992144" lon="26.081632"><ele>159.021</ele><time>2021-05-01T13:19:03Z</time></trkpt><trkpt lat="54.992572" lon="26.081685"><ele>159.676</ele><time>2021-05-01T13:19:01Z</time></trkpt><trkpt lat="54.992788" lon="26.081705"><ele>159.618</ele><time>2021-05-01T13:19:00Z</time></trkpt><trkpt lat="54.992999" lon="26.081725"><ele>159.883</ele><time>2021-05-01T13:18:59Z</time></trkpt><trkpt lat="54.993405" lon="26.081796"><ele>160.421</ele><time>2021-05-01T13:18:57Z</time></trkpt><trkpt lat="54.993599" lon="26.08184"><ele>161.024</ele><time>2021-05-01T13:18:56Z</time></trkpt><trkpt lat="54.993972" lon="26.081948"><ele>161.321</ele><time>2021-05-01T13:18:54Z</time></trkpt><trkpt lat="54.99415" lon="26.082015"><ele>162.399</ele><time>2021-05-01T13:18:53Z</time></trkpt><trkpt lat="54.994323" lon="26.082089"><ele>162.832</ele><time>2021-05-01T13:18:52Z</time></trkpt><trkpt lat="54.994649" lon="26.082186"><ele>162.992</ele><time>2021-05-01T13:18:50Z</time></trkpt><trkpt lat="54.99495" lon="26.082121"><ele>161.911</ele><time>2021-05-01T13:18:48Z</time></trkpt><trkpt lat="54.99522" lon="26.081902"><ele>161.909</ele><time>2021-05-01T13:18:46Z</time></trkpt><trkpt lat="54.995353" lon="26.081739"><ele>161.594</ele><time>2021-05-01T13:18:45Z</time></trkpt><trkpt lat="54.99549" lon="26.081545"><ele>160.857</ele><time>2021-05-01T13:18:44Z</time></trkpt><trkpt lat="54.995804" lon="26.081123"><ele>160.632</ele><time>2021-05-01T13:18:42Z</time></trkpt><trkpt lat="54.995982" lon="26.080915"><ele>160.294</ele><time>2021-05-01T13:18:41Z</time></trkpt><trkpt lat="54.996168" lon="26.080709"><ele>159.929</ele><time>2021-05-01T13:18:40Z</time></trkpt><trkpt lat="54.996552" lon="26.080316"><ele>159.767</ele><time>2021-05-01T13:18:38Z</time></trkpt><trkpt lat="54.996746" lon="26.080132"><ele>159.380</ele><time>2021-05-01T13:18:37Z</time></trkpt><trkpt lat="54.997137" lon="26.079783"><ele>158.287</ele><time>2021-05-01T13:18:35Z</time></trkpt><trkpt lat="54.997329" lon="26.079621"><ele>158.495</ele><time>2021-05-01T13:18:34Z</time></trkpt><trkpt lat="54.997717" lon="26.079335"><ele>157.425</ele><time>2021-05-01T13:18:32Z</time></trkpt><trkpt lat="54.997914" lon="26.079221"><ele>157.526</ele><time>2021-05-01T13:18:31Z</time></trkpt><trkpt lat="54.998111" lon="26.079122"><ele>157.608</ele><time>2021-05-01T13:18:30Z</time></trkpt><trkpt lat="54.998307" lon="26.07903"><ele>156.909</ele><time>2021-05-01T13:18:29Z</time></trkpt><trkpt lat="54.998501" lon="26.07894"><ele>156.673</ele><time>2021-05-01T13:18:28Z</time></trkpt><trkpt lat="54.998863" lon="26.078771"><ele>156.156</ele><time>2021-05-01T13:18:26Z</time></trkpt><trkpt lat="54.999193" lon="26.078618"><ele>156.271</ele><time>2021-05-01T13:18:24Z</time></trkpt><trkpt lat="54.99948" lon="26.078446"><ele>156.743</ele><time>2021-05-01T13:18:22Z</time></trkpt><trkpt lat="54.999614" lon="26.07835"><ele>155.838</ele><time>2021-05-01T13:18:21Z</time></trkpt><trkpt lat="54.999832" lon="26.078166"><ele>155.546</ele><time>2021-05-01T13:18:19Z</time></trkpt><trkpt lat="54.999907" lon="26.078121"><ele>155.579</ele><time>2021-05-01T13:18:18Z</time></trkpt><trkpt lat="54.999985" lon="26.078113"><ele>155.656</ele><time>2021-05-01T13:18:16Z</time></trkpt><trkpt lat="55.000019" lon="26.078191"><ele>155.564</ele><time>2021-05-01T13:18:15Z</time></trkpt><trkpt lat="55.000054" lon="26.07831"><ele>155.246</ele><time>2021-05-01T13:18:14Z</time></trkpt><trkpt lat="55.000104" lon="26.078651"><ele>154.788</ele><time>2021-05-01T13:18:12Z</time></trkpt><trkpt lat="55.000175" lon="26.079086"><ele>154.116</ele><time>2021-05-01T13:18:10Z</time></trkpt><trkpt lat="55.000275" lon="26.079552"><ele>153.909</ele><time>2021-05-01T13:18:08Z</time></trkpt><trkpt lat="55.000373" lon="26.080036"><ele>153.935</ele><time>2021-05-01T13:18:06Z</time></trkpt><trkpt lat="55.00044" lon="26.080266"><ele>153.418</ele><time>2021-05-01T13:18:05Z</time></trkpt><trkpt lat="55.000505" lon="26.080492"><ele>153.043</ele><time>2021-05-01T13:18:04Z</time></trkpt><trkpt lat="55.000569" lon="26.080719"><ele>153.915</ele><time>2021-05-01T13:18:03Z</time></trkpt><trkpt lat="55.000696" lon="26.081173"><ele>154.180</ele><time>2021-05-01T13:18:01Z</time></trkpt><trkpt lat="55.000834" lon="26.081616"><ele>154.728</ele><time>2021-05-01T13:17:59Z</time></trkpt><trkpt lat="55.000912" lon="26.081831"><ele>154.541</ele><time>2021-05-01T13:17:58Z</time></trkpt><trkpt lat="55.0011" lon="26.082259"><ele>155.168</ele><time>2021-05-01T13:17:56Z</time></trkpt><trkpt lat="55.001305" lon="26.082715"><ele>154.576</ele><time>2021-05-01T13:17:54Z</time></trkpt><trkpt lat="55.001509" lon="26.083208"><ele>154.044</ele><time>2021-05-01T13:17:52Z</time></trkpt><trkpt lat="55.001724" lon="26.083705"><ele>153.505</ele><time>2021-05-01T13:17:50Z</time></trkpt><trkpt lat="55.001831" lon="26.083951"><ele>153.215</ele><time>2021-05-01T13:17:49Z</time></trkpt><trkpt lat="55.002053" lon="26.084415"><ele>153.309</ele><time>2021-05-01T13:17:47Z</time></trkpt><trkpt lat="55.002174" lon="26.084631"><ele>153.065</ele><time>2021-05-01T13:17:46Z</time></trkpt><trkpt lat="55.002418" lon="26.085027"><ele>153.048</ele><time>2021-05-01T13:17:44Z</time></trkpt><trkpt lat="55.002537" lon="26.085212"><ele>152.353</ele><time>2021-05-01T13:17:43Z</time></trkpt><trkpt lat="55.002768" lon="26.085553"><ele>153.075</ele><time>2021-05-01T13:17:41Z</time></trkpt><trkpt lat="55.002887" lon="26.0857"><ele>153.390</ele><time>2021-05-01T13:17:40Z</time></trkpt><trkpt lat="55.003133" lon="26.085896"><ele>153.818</ele><time>2021-05-01T13:17:38Z</time></trkpt><trkpt lat="55.003408" lon="26.085979"><ele>153.771</ele><time>2021-05-01T13:17:36Z</time></trkpt><trkpt lat="55.003553" lon="26.086005"><ele>154.018</ele><time>2021-05-01T13:17:35Z</time></trkpt><trkpt lat="55.003703" lon="26.086013"><ele>153.716</ele><time>2021-05-01T13:17:34Z</time></trkpt><trkpt lat="55.004009" lon="26.086028"><ele>154.081</ele><time>2021-05-01T13:17:32Z</time></trkpt><trkpt lat="55.004312" lon="26.086102"><ele>153.461</ele><time>2021-05-01T13:17:30Z</time></trkpt><trkpt lat="55.004615" lon="26.086261"><ele>153.417</ele><time>2021-05-01T13:17:28Z</time></trkpt><trkpt lat="55.004888" lon="26.086483"><ele>152.409</ele><time>2021-05-01T13:17:26Z</time></trkpt><trkpt lat="55.005014" lon="26.086593"><ele>152.719</ele><time>2021-05-01T13:17:25Z</time></trkpt><trkpt lat="55.005138" lon="26.086703"><ele>152.942</ele><time>2021-05-01T13:17:24Z</time></trkpt><trkpt lat="55.005261" lon="26.086819"><ele>153.187</ele><time>2021-05-01T13:17:23Z</time></trkpt><trkpt lat="55.005383" lon="26.086937"><ele>153.499</ele><time>2021-05-01T13:17:22Z</time></trkpt><trkpt lat="55.005641" lon="26.087111"><ele>153.684</ele><time>2021-05-01T13:17:20Z</time></trkpt><trkpt lat="55.005918" lon="26.0872"><ele>153.832</ele><time>2021-05-01T13:17:18Z</time></trkpt><trkpt lat="55.006064" lon="26.087245"><ele>154.465</ele><time>2021-05-01T13:17:17Z</time></trkpt><trkpt lat="55.006354" lon="26.0874"><ele>154.942</ele><time>2021-05-01T13:17:15Z</time></trkpt><trkpt lat="55.006485" lon="26.087521"><ele>156.460</ele><time>2021-05-01T13:17:14Z</time></trkpt><trkpt lat="55.00672" lon="26.087836"><ele>156.693</ele><time>2021-05-01T13:17:12Z</time></trkpt><trkpt lat="55.006828" lon="26.088016"><ele>157.265</ele><time>2021-05-01T13:17:11Z</time></trkpt><trkpt lat="55.006924" lon="26.088211"><ele>157.421</ele><time>2021-05-01T13:17:10Z</time></trkpt><trkpt lat="55.0071" lon="26.08863"><ele>158.809</ele><time>2021-05-01T13:17:08Z</time></trkpt><trkpt lat="55.007233" lon="26.089037"><ele>158.030</ele><time>2021-05-01T13:17:06Z</time></trkpt><trkpt lat="55.007284" lon="26.089225"><ele>158.043</ele><time>2021-05-01T13:17:05Z</time></trkpt><trkpt lat="55.007326" lon="26.08941"><ele>158.948</ele><time>2021-05-01T13:17:04Z</time></trkpt><trkpt lat="55.007371" lon="26.089783"><ele>158.970</ele><time>2021-05-01T13:17:02Z</time></trkpt><trkpt lat="55.007357" lon="26.09014"><ele>158.895</ele><time>2021-05-01T13:17:00Z</time></trkpt><trkpt lat="55.007291" lon="26.090491"><ele>159.363</ele><time>2021-05-01T13:16:58Z</time></trkpt><trkpt lat="55.007264" lon="26.090742"><ele>158.926</ele><time>2021-05-01T13:16:56Z</time></trkpt><trkpt lat="55.007329" lon="26.090977"><ele>158.513</ele><time>2021-05-01T13:16:54Z</time></trkpt><trkpt lat="55.007378" lon="26.091118"><ele>157.861</ele><time>2021-05-01T13:16:53Z</time></trkpt><trkpt lat="55.00745" lon="26.091498"><ele>156.664</ele><time>2021-05-01T13:16:51Z</time></trkpt><trkpt lat="55.007468" lon="26.091732"><ele>156.506</ele><time>2021-05-01T13:16:50Z</time></trkpt><trkpt lat="55.007483" lon="26.091986"><ele>156.316</ele><time>2021-05-01T13:16:49Z</time></trkpt><trkpt lat="55.007491" lon="26.09225"><ele>156.209</ele><time>2021-05-01T13:16:48Z</time></trkpt><trkpt lat="55.007496" lon="26.092776"><ele>156.327</ele><time>2021-05-01T13:16:46Z</time></trkpt><trkpt lat="55.007503" lon="26.093049"><ele>156.130</ele><time>2021-05-01T13:16:45Z</time></trkpt><trkpt lat="55.007513" lon="26.093332"><ele>156.165</ele><time>2021-05-01T13:16:44Z</time></trkpt><trkpt lat="55.007528" lon="26.093905"><ele>156.547</ele><time>2021-05-01T13:16:42Z</time></trkpt><trkpt lat="55.007541" lon="26.09419"><ele>156.132</ele><time>2021-05-01T13:16:41Z</time></trkpt><trkpt lat="55.007563" lon="26.094467"><ele>155.850</ele><time>2021-05-01T13:16:40Z</time></trkpt><trkpt lat="55.007608" lon="26.09498"><ele>155.533</ele><time>2021-05-01T13:16:38Z</time></trkpt><trkpt lat="55.007619" lon="26.09521"><ele>156.020</ele><time>2021-05-01T13:16:37Z</time></trkpt><trkpt lat="55.007618" lon="26.095423"><ele>156.218</ele><time>2021-05-01T13:16:36Z</time></trkpt><trkpt lat="55.00761" lon="26.095627"><ele>156.616</ele><time>2021-05-01T13:16:35Z</time></trkpt><trkpt lat="55.007624" lon="26.09606"><ele>157.076</ele><time>2021-05-01T13:16:33Z</time></trkpt><trkpt lat="55.007651" lon="26.096284"><ele>157.113</ele><time>2021-05-01T13:16:32Z</time></trkpt><trkpt lat="55.007694" lon="26.096508"><ele>158.009</ele><time>2021-05-01T13:16:31Z</time></trkpt><trkpt lat="55.007826" lon="26.09695"><ele>158.342</ele><time>2021-05-01T13:16:29Z</time></trkpt><trkpt lat="55.007903" lon="26.097169"><ele>157.985</ele><time>2021-05-01T13:16:28Z</time></trkpt><trkpt lat="55.00807" lon="26.097568"><ele>158.190</ele><time>2021-05-01T13:16:26Z</time></trkpt><trkpt lat="55.008216" lon="26.097891"><ele>158.482</ele><time>2021-05-01T13:16:24Z</time></trkpt><trkpt lat="55.008283" lon="26.098028"><ele>158.697</ele><time>2021-05-01T13:16:23Z</time></trkpt><trkpt lat="55.008365" lon="26.098155"><ele>159.785</ele><time>2021-05-01T13:16:22Z</time></trkpt><trkpt lat="55.008575" lon="26.098422"><ele>160.658</ele><time>2021-05-01T13:16:20Z</time></trkpt><trkpt lat="55.008808" lon="26.098722"><ele>160.775</ele><time>2021-05-01T13:16:18Z</time></trkpt><trkpt lat="55.008921" lon="26.098887"><ele>161.053</ele><time>2021-05-01T13:16:17Z</time></trkpt><trkpt lat="55.00914" lon="26.099249"><ele>161.055</ele><time>2021-05-01T13:16:15Z</time></trkpt><trkpt lat="55.009251" lon="26.099437"><ele>160.507</ele><time>2021-05-01T13:16:14Z</time></trkpt><trkpt lat="55.009453" lon="26.099812"><ele>160.517</ele><time>2021-05-01T13:16:12Z</time></trkpt><trkpt lat="55.009538" lon="26.099995"><ele>160.809</ele><time>2021-05-01T13:16:11Z</time></trkpt><trkpt lat="55.009627" lon="26.100169"><ele>160.736</ele><time>2021-05-01T13:16:10Z</time></trkpt><trkpt lat="55.00973" lon="26.100328"><ele>160.239</ele><time>2021-05-01T13:16:09Z</time></trkpt><trkpt lat="55.009941" lon="26.100631"><ele>160.334</ele><time>2021-05-01T13:16:07Z</time></trkpt><trkpt lat="55.010042" lon="26.100797"><ele>160.396</ele><time>2021-05-01T13:16:06Z</time></trkpt><trkpt lat="55.010223" lon="26.101171"><ele>159.571</ele><time>2021-05-01T13:16:04Z</time></trkpt><trkpt lat="55.010303" lon="26.101374"><ele>159.119</ele><time>2021-05-01T13:16:03Z</time></trkpt><trkpt lat="55.010465" lon="26.101801"><ele>158.572</ele><time>2021-05-01T13:16:01Z</time></trkpt><trkpt lat="55.010549" lon="26.102015"><ele>158.859</ele><time>2021-05-01T13:16:00Z</time></trkpt><trkpt lat="55.010708" lon="26.102461"><ele>158.327</ele><time>2021-05-01T13:15:58Z</time></trkpt><trkpt lat="55.010839" lon="26.102902"><ele>157.887</ele><time>2021-05-01T13:15:56Z</time></trkpt><trkpt lat="55.010896" lon="26.103122"><ele>157.642</ele><time>2021-05-01T13:15:55Z</time></trkpt><trkpt lat="55.011014" lon="26.103562"><ele>157.826</ele><time>2021-05-01T13:15:53Z</time></trkpt><trkpt lat="55.011082" lon="26.103777"><ele>157.909</ele><time>2021-05-01T13:15:52Z</time></trkpt><trkpt lat="55.011232" lon="26.104174"><ele>158.869</ele><time>2021-05-01T13:15:50Z</time></trkpt><trkpt lat="55.011306" lon="26.104369"><ele>159.092</ele><time>2021-05-01T13:15:49Z</time></trkpt><trkpt lat="55.011429" lon="26.104813"><ele>159.767</ele><time>2021-05-01T13:15:47Z</time></trkpt><trkpt lat="55.011557" lon="26.105305"><ele>159.419</ele><time>2021-05-01T13:15:45Z</time></trkpt><trkpt lat="55.011618" lon="26.105544"><ele>159.484</ele><time>2021-05-01T13:15:44Z</time></trkpt><trkpt lat="55.011702" lon="26.106"><ele>159.312</ele><time>2021-05-01T13:15:42Z</time></trkpt><trkpt lat="55.011748" lon="26.106417"><ele>158.665</ele><time>2021-05-01T13:15:40Z</time></trkpt><trkpt lat="55.011779" lon="26.106794"><ele>157.492</ele><time>2021-05-01T13:15:38Z</time></trkpt><trkpt lat="55.011802" lon="26.106966"><ele>157.660</ele><time>2021-05-01T13:15:37Z</time></trkpt><trkpt lat="55.011877" lon="26.107267"><ele>157.715</ele><time>2021-05-01T13:15:35Z</time></trkpt><trkpt lat="55.011913" lon="26.107405"><ele>157.965</ele><time>2021-05-01T13:15:34Z</time></trkpt><trkpt lat="55.011941" lon="26.107543"><ele>157.011</ele><time>2021-05-01T13:15:33Z</time></trkpt><trkpt lat="55.011969" lon="26.107816"><ele>157.409</ele><time>2021-05-01T13:15:31Z</time></trkpt><trkpt lat="55.011979" lon="26.107939"><ele>157.552</ele><time>2021-05-01T13:15:30Z</time></trkpt><trkpt lat="55.011996" lon="26.108054"><ele>157.765</ele><time>2021-05-01T13:15:29Z</time></trkpt><trkpt lat="55.012045" lon="26.108305"><ele>157.650</ele><time>2021-05-01T13:15:27Z</time></trkpt><trkpt lat="55.012073" lon="26.108453"><ele>158.122</ele><time>2021-05-01T13:15:26Z</time></trkpt><trkpt lat="55.012133" lon="26.10879"><ele>157.957</ele><time>2021-05-01T13:15:24Z</time></trkpt><trkpt lat="55.012179" lon="26.109155"><ele>158.445</ele><time>2021-05-01T13:15:22Z</time></trkpt><trkpt lat="55.01217" lon="26.109516"><ele>158.368</ele><time>2021-05-01T13:15:20Z</time></trkpt><trkpt lat="55.012089" lon="26.109856"><ele>158.685</ele><time>2021-05-01T13:15:18Z</time></trkpt><trkpt lat="55.012028" lon="26.110024"><ele>158.483</ele><time>2021-05-01T13:15:17Z</time></trkpt><trkpt lat="55.01196" lon="26.110194"><ele>157.899</ele><time>2021-05-01T13:15:16Z</time></trkpt><trkpt lat="55.011819" lon="26.110546"><ele>157.307</ele><time>2021-05-01T13:15:14Z</time></trkpt><trkpt lat="55.011683" lon="26.11089"><ele>157.427</ele><time>2021-05-01T13:15:12Z</time></trkpt><trkpt lat="55.011551" lon="26.111201"><ele>156.409</ele><time>2021-05-01T13:15:10Z</time></trkpt><trkpt lat="55.011422" lon="26.111503"><ele>156.420</ele><time>2021-05-01T13:15:08Z</time></trkpt><trkpt lat="55.011302" lon="26.11181"><ele>156.223</ele><time>2021-05-01T13:15:06Z</time></trkpt><trkpt lat="55.011245" lon="26.111964"><ele>156.368</ele><time>2021-05-01T13:15:05Z</time></trkpt><trkpt lat="55.011123" lon="26.112266"><ele>156.290</ele><time>2021-05-01T13:15:03Z</time></trkpt><trkpt lat="55.011062" lon="26.112415"><ele>155.145</ele><time>2021-05-01T13:15:02Z</time></trkpt><trkpt lat="55.010949" lon="26.112695"><ele>154.823</ele><time>2021-05-01T13:15:00Z</time></trkpt><trkpt lat="55.010839" lon="26.11296"><ele>154.266</ele><time>2021-05-01T13:14:58Z</time></trkpt><trkpt lat="55.010736" lon="26.113209"><ele>154.123</ele><time>2021-05-01T13:14:56Z</time></trkpt><trkpt lat="55.01064" lon="26.11342"><ele>154.231</ele><time>2021-05-01T13:14:54Z</time></trkpt><trkpt lat="55.010594" lon="26.113517"><ele>154.521</ele><time>2021-05-01T13:14:53Z</time></trkpt><trkpt lat="55.010548" lon="26.113627"><ele>154.041</ele><time>2021-05-01T13:14:52Z</time></trkpt><trkpt lat="55.010499" lon="26.113759"><ele>154.105</ele><time>2021-05-01T13:14:51Z</time></trkpt><trkpt lat="55.010385" lon="26.11406"><ele>154.109</ele><time>2021-05-01T13:14:49Z</time></trkpt><trkpt lat="55.010235" lon="26.114388"><ele>154.123</ele><time>2021-05-01T13:14:47Z</time></trkpt><trkpt lat="55.010158" lon="26.11455"><ele>154.716</ele><time>2021-05-01T13:14:46Z</time></trkpt><trkpt lat="55.010027" lon="26.114849"><ele>154.581</ele><time>2021-05-01T13:14:44Z</time></trkpt><trkpt lat="55.009927" lon="26.115077"><ele>154.693</ele><time>2021-05-01T13:14:42Z</time></trkpt><trkpt lat="55.009884" lon="26.115156"><ele>154.748</ele><time>2021-05-01T13:14:41Z</time></trkpt><trkpt lat="55.009845" lon="26.115222"><ele>155.286</ele><time>2021-05-01T13:14:40Z</time></trkpt><trkpt lat="55.00978" lon="26.115349"><ele>154.829</ele><time>2021-05-01T13:14:38Z</time></trkpt><trkpt lat="55.009706" lon="26.115506"><ele>155.186</ele><time>2021-05-01T13:14:36Z</time></trkpt><trkpt lat="55.009578" lon="26.115746"><ele>154.854</ele><time>2021-05-01T13:14:34Z</time></trkpt><trkpt lat="55.009506" lon="26.115891"><ele>154.845</ele><time>2021-05-01T13:14:33Z</time></trkpt><trkpt lat="55.009351" lon="26.11621"><ele>154.747</ele><time>2021-05-01T13:14:31Z</time></trkpt><trkpt lat="55.009271" lon="26.116381"><ele>155.011</ele><time>2021-05-01T13:14:30Z</time></trkpt><trkpt lat="55.009108" lon="26.116736"><ele>155.509</ele><time>2021-05-01T13:14:28Z</time></trkpt><trkpt lat="55.008939" lon="26.11711"><ele>155.325</ele><time>2021-05-01T13:14:26Z</time></trkpt><trkpt lat="55.008851" lon="26.117294"><ele>155.788</ele><time>2021-05-01T13:14:25Z</time></trkpt><trkpt lat="55.008682" lon="26.117641"><ele>155.463</ele><time>2021-05-01T13:14:23Z</time></trkpt><trkpt lat="55.0086" lon="26.1178"><ele>155.085</ele><time>2021-05-01T13:14:22Z</time></trkpt><trkpt lat="55.008448" lon="26.11812"><ele>155.330</ele><time>2021-05-01T13:14:20Z</time></trkpt><trkpt lat="55.008375" lon="26.1183"><ele>155.978</ele><time>2021-05-01T13:14:19Z</time></trkpt><trkpt lat="55.008294" lon="26.118489"><ele>156.381</ele><time>2021-05-01T13:14:18Z</time></trkpt><trkpt lat="55.008207" lon="26.118679"><ele>156.368</ele><time>2021-05-01T13:14:17Z</time></trkpt><trkpt lat="55.008116" lon="26.118876"><ele>156.656</ele><time>2021-05-01T13:14:16Z</time></trkpt><trkpt lat="55.008019" lon="26.11908"><ele>156.967</ele><time>2021-05-01T13:14:15Z</time></trkpt><trkpt lat="55.007821" lon="26.119475"><ele>157.781</ele><time>2021-05-01T13:14:13Z</time></trkpt><trkpt lat="55.007725" lon="26.119652"><ele>158.819</ele><time>2021-05-01T13:14:12Z</time></trkpt><trkpt lat="55.007572" lon="26.119942"><ele>159.909</ele><time>2021-05-01T13:14:10Z</time></trkpt><trkpt lat="55.007451" lon="26.120162"><ele>160.887</ele><time>2021-05-01T13:14:08Z</time></trkpt><trkpt lat="55.007417" lon="26.120243"><ele>161.340</ele><time>2021-05-01T13:14:07Z</time></trkpt><trkpt lat="55.007447" lon="26.12033"><ele>162.935</ele><time>2021-05-01T13:14:05Z</time></trkpt><trkpt lat="55.007517" lon="26.120365"><ele>164.227</ele><time>2021-05-01T13:14:04Z</time></trkpt><trkpt lat="55.007723" lon="26.120443"><ele>165.122</ele><time>2021-05-01T13:14:02Z</time></trkpt><trkpt lat="55.007979" lon="26.120552"><ele>165.340</ele><time>2021-05-01T13:14:00Z</time></trkpt><trkpt lat="55.008104" lon="26.120606"><ele>165.493</ele><time>2021-05-01T13:13:59Z</time></trkpt><trkpt lat="55.008219" lon="26.120646"><ele>165.520</ele><time>2021-05-01T13:13:58Z</time></trkpt><trkpt lat="55.008308" lon="26.120683"><ele>165.898</ele><time>2021-05-01T13:13:57Z</time></trkpt><trkpt lat="55.008366" lon="26.120715"><ele>166.225</ele><time>2021-05-01T13:13:56Z</time></trkpt><trkpt lat="55.008422" lon="26.120773"><ele>166.026</ele><time>2021-05-01T13:13:54Z</time></trkpt><trkpt lat="55.008438" lon="26.120875"><ele>165.908</ele><time>2021-05-01T13:12:36Z</time></trkpt><trkpt lat="55.008463" lon="26.120945"><ele>165.609</ele><time>2021-05-01T13:12:35Z</time></trkpt><trkpt lat="55.008496" lon="26.121043"><ele>165.713</ele><time>2021-05-01T13:12:34Z</time></trkpt><trkpt lat="55.008577" lon="26.121349"><ele>166.136</ele><time>2021-05-01T13:12:32Z</time></trkpt><trkpt lat="55.008625" lon="26.121546"><ele>165.571</ele><time>2021-05-01T13:12:31Z</time></trkpt><trkpt lat="55.008672" lon="26.121746"><ele>165.873</ele><time>2021-05-01T13:12:30Z</time></trkpt><trkpt lat="55.008711" lon="26.121918"><ele>166.038</ele><time>2021-05-01T13:12:29Z</time></trkpt><trkpt lat="55.008744" lon="26.122059"><ele>166.156</ele><time>2021-05-01T13:12:28Z</time></trkpt><trkpt lat="55.008772" lon="26.122294"><ele>165.479</ele><time>2021-05-01T13:12:26Z</time></trkpt><trkpt lat="55.008768" lon="26.122441"><ele>165.446</ele><time>2021-05-01T13:12:24Z</time></trkpt><trkpt lat="55.008769" lon="26.122532"><ele>164.894</ele><time>2021-05-01T13:12:22Z</time></trkpt><trkpt lat="55.008772" lon="26.122614"><ele>165.181</ele><time>2021-05-01T13:12:18Z</time></trkpt><trkpt lat="55.008774" lon="26.122697"><ele>165.461</ele><time>2021-05-01T13:12:17Z</time></trkpt><trkpt lat="55.008775" lon="26.122945"><ele>165.617</ele><time>2021-05-01T13:12:15Z</time></trkpt><trkpt lat="55.008792" lon="26.123234"><ele>165.209</ele><time>2021-05-01T13:12:13Z</time></trkpt><trkpt lat="55.008803" lon="26.123374"><ele>164.879</ele><time>2021-05-01T13:12:12Z</time></trkpt><trkpt lat="55.008817" lon="26.123516"><ele>165.392</ele><time>2021-05-01T13:12:11Z</time></trkpt><trkpt lat="55.008857" lon="26.123834"><ele>165.397</ele><time>2021-05-01T13:12:09Z</time></trkpt><trkpt lat="55.008926" lon="26.12414"><ele>165.219</ele><time>2021-05-01T13:12:07Z</time></trkpt><trkpt lat="55.009018" lon="26.124392"><ele>164.934</ele><time>2021-05-01T13:12:05Z</time></trkpt><trkpt lat="55.009069" lon="26.124487"><ele>165.022</ele><time>2021-05-01T13:12:04Z</time></trkpt><trkpt lat="55.009184" lon="26.12463"><ele>165.185</ele><time>2021-05-01T13:12:02Z</time></trkpt><trkpt lat="55.009238" lon="26.124683"><ele>165.042</ele><time>2021-05-01T13:12:01Z</time></trkpt><trkpt lat="55.009317" lon="26.124752"><ele>164.430</ele><time>2021-05-01T13:11:59Z</time></trkpt><trkpt lat="55.009373" lon="26.124783"><ele>163.553</ele><time>2021-05-01T13:11:57Z</time></trkpt><trkpt lat="55.009431" lon="26.124809"><ele>163.004</ele><time>2021-05-01T13:11:55Z</time></trkpt><trkpt lat="55.009482" lon="26.124832"><ele>163.014</ele><time>2021-05-01T13:11:53Z</time></trkpt><trkpt lat="55.009546" lon="26.124872"><ele>162.509</ele><time>2021-05-01T13:11:51Z</time></trkpt><trkpt lat="55.009627" lon="26.124938"><ele>162.246</ele><time>2021-05-01T13:11:49Z</time></trkpt><trkpt lat="55.00972" lon="26.125056"><ele>162.289</ele><time>2021-05-01T13:11:47Z</time></trkpt><trkpt lat="55.009776" lon="26.125135"><ele>161.724</ele><time>2021-05-01T13:11:45Z</time></trkpt><trkpt lat="55.009803" lon="26.125204"><ele>162.196</ele><time>2021-05-01T13:11:44Z</time></trkpt><trkpt lat="55.009848" lon="26.125232"><ele>161.991</ele><time>2021-05-01T13:06:13Z</time></trkpt><trkpt lat="55.009893" lon="26.125291"><ele>161.989</ele><time>2021-05-01T13:06:12Z</time></trkpt><trkpt lat="55.00998" lon="26.12546"><ele>162.582</ele><time>2021-05-01T13:06:10Z</time></trkpt><trkpt lat="55.010009" lon="26.125586"><ele>162.729</ele><time>2021-05-01T13:06:08Z</time></trkpt><trkpt lat="55.009959" lon="26.125677"><ele>163.657</ele><time>2021-05-01T13:06:06Z</time></trkpt><trkpt lat="55.009902" lon="26.125713"><ele>164.034</ele><time>2021-05-01T13:06:05Z</time></trkpt><trkpt lat="55.009827" lon="26.12577"><ele>164.155</ele><time>2021-05-01T13:06:04Z</time></trkpt><trkpt lat="55.009648" lon="26.125977"><ele>165.010</ele><time>2021-05-01T13:06:02Z</time></trkpt><trkpt lat="55.009463" lon="26.126295"><ele>166.209</ele><time>2021-05-01T13:06:00Z</time></trkpt><trkpt lat="55.009367" lon="26.126492"><ele>166.724</ele><time>2021-05-01T13:05:59Z</time></trkpt><trkpt lat="55.009193" lon="26.12693"><ele>167.617</ele><time>2021-05-01T13:05:57Z</time></trkpt><trkpt lat="55.009123" lon="26.127149"><ele>168.572</ele><time>2021-05-01T13:05:56Z</time></trkpt><trkpt lat="55.008997" lon="26.127581"><ele>169.574</ele><time>2021-05-01T13:05:54Z</time></trkpt><trkpt lat="55.008936" lon="26.127795"><ele>170.139</ele><time>2021-05-01T13:05:53Z</time></trkpt><trkpt lat="55.008874" lon="26.128013"><ele>170.227</ele><time>2021-05-01T13:05:52Z</time></trkpt><trkpt lat="55.008733" lon="26.128482"><ele>171.260</ele><time>2021-05-01T13:05:50Z</time></trkpt><trkpt lat="55.008662" lon="26.128737"><ele>171.637</ele><time>2021-05-01T13:05:49Z</time></trkpt><trkpt lat="55.008519" lon="26.129257"><ele>172.145</ele><time>2021-05-01T13:05:47Z</time></trkpt><trkpt lat="55.008327" lon="26.129733"><ele>172.126</ele><time>2021-05-01T13:05:45Z</time></trkpt><trkpt lat="55.008217" lon="26.12997"><ele>172.447</ele><time>2021-05-01T13:05:44Z</time></trkpt><trkpt lat="55.007965" lon="26.130485"><ele>172.911</ele><time>2021-05-01T13:05:42Z</time></trkpt><trkpt lat="55.0077" lon="26.131049"><ele>172.509</ele><time>2021-05-01T13:05:40Z</time></trkpt><trkpt lat="55.007561" lon="26.131346"><ele>172.963</ele><time>2021-05-01T13:05:39Z</time></trkpt><trkpt lat="55.007417" lon="26.131646"><ele>172.436</ele><time>2021-05-01T13:05:38Z</time></trkpt><trkpt lat="55.007134" lon="26.13224"><ele>171.531</ele><time>2021-05-01T13:05:36Z</time></trkpt><trkpt lat="55.006853" lon="26.132835"><ele>171.843</ele><time>2021-05-01T13:05:34Z</time></trkpt><trkpt lat="55.006705" lon="26.133147"><ele>171.258</ele><time>2021-05-01T13:05:33Z</time></trkpt><trkpt lat="55.006396" lon="26.133802"><ele>170.416</ele><time>2021-05-01T13:05:31Z</time></trkpt><trkpt lat="55.006241" lon="26.134135"><ele>169.949</ele><time>2021-05-01T13:05:30Z</time></trkpt><trkpt lat="55.006087" lon="26.134465"><ele>169.136</ele><time>2021-05-01T13:05:29Z</time></trkpt><trkpt lat="55.005786" lon="26.135104"><ele>167.744</ele><time>2021-05-01T13:05:27Z</time></trkpt><trkpt lat="55.005639" lon="26.135414"><ele>167.169</ele><time>2021-05-01T13:05:26Z</time></trkpt><trkpt lat="55.005351" lon="26.136016"><ele>166.004</ele><time>2021-05-01T13:05:24Z</time></trkpt><trkpt lat="55.005219" lon="26.136303"><ele>165.624</ele><time>2021-05-01T13:05:23Z</time></trkpt><trkpt lat="55.004978" lon="26.136828"><ele>164.709</ele><time>2021-05-01T13:05:21Z</time></trkpt><trkpt lat="55.004868" lon="26.137064"><ele>164.147</ele><time>2021-05-01T13:05:20Z</time></trkpt><trkpt lat="55.004757" lon="26.137278"><ele>163.860</ele><time>2021-05-01T13:05:19Z</time></trkpt><trkpt lat="55.004514" lon="26.137637"><ele>164.035</ele><time>2021-05-01T13:05:17Z</time></trkpt><trkpt lat="55.004378" lon="26.137795"><ele>164.337</ele><time>2021-05-01T13:05:16Z</time></trkpt><trkpt lat="55.004085" lon="26.138106"><ele>164.242</ele><time>2021-05-01T13:05:14Z</time></trkpt><trkpt lat="55.003934" lon="26.13826"><ele>164.390</ele><time>2021-05-01T13:05:13Z</time></trkpt><trkpt lat="55.003635" lon="26.138564"><ele>164.013</ele><time>2021-05-01T13:05:11Z</time></trkpt><trkpt lat="55.00349" lon="26.138715"><ele>163.850</ele><time>2021-05-01T13:05:10Z</time></trkpt><trkpt lat="55.003207" lon="26.139009"><ele>164.078</ele><time>2021-05-01T13:05:08Z</time></trkpt><trkpt lat="55.003069" lon="26.139149"><ele>163.561</ele><time>2021-05-01T13:05:07Z</time></trkpt><trkpt lat="55.002938" lon="26.139291"><ele>163.821</ele><time>2021-05-01T13:05:06Z</time></trkpt><trkpt lat="55.002712" lon="26.139613"><ele>163.613</ele><time>2021-05-01T13:05:04Z</time></trkpt><trkpt lat="55.002525" lon="26.140044"><ele>163.209</ele><time>2021-05-01T13:05:02Z</time></trkpt><trkpt lat="55.002437" lon="26.140293"><ele>163.267</ele><time>2021-05-01T13:05:01Z</time></trkpt><trkpt lat="55.002279" lon="26.140783"><ele>162.860</ele><time>2021-05-01T13:04:59Z</time></trkpt><trkpt lat="55.002129" lon="26.141222"><ele>162.815</ele><time>2021-05-01T13:04:57Z</time></trkpt><trkpt lat="55.002038" lon="26.14141"><ele>163.377</ele><time>2021-05-01T13:04:56Z</time></trkpt><trkpt lat="55.001931" lon="26.14158"><ele>163.922</ele><time>2021-05-01T13:04:55Z</time></trkpt><trkpt lat="55.00169" lon="26.141884"><ele>163.840</ele><time>2021-05-01T13:04:53Z</time></trkpt><trkpt lat="55.001565" lon="26.142016"><ele>163.993</ele><time>2021-05-01T13:04:52Z</time></trkpt><trkpt lat="55.001344" lon="26.142249"><ele>164.760</ele><time>2021-05-01T13:04:50Z</time></trkpt><trkpt lat="55.001157" lon="26.142436"><ele>164.828</ele><time>2021-05-01T13:04:48Z</time></trkpt><trkpt lat="55.001004" lon="26.14261"><ele>165.122</ele><time>2021-05-01T13:04:46Z</time></trkpt><trkpt lat="55.000929" lon="26.142712"><ele>164.762</ele><time>2021-05-01T13:04:45Z</time></trkpt><trkpt lat="55.000771" lon="26.142923"><ele>165.208</ele><time>2021-05-01T13:04:43Z</time></trkpt><trkpt lat="55.0007" lon="26.143036"><ele>164.809</ele><time>2021-05-01T13:04:42Z</time></trkpt><trkpt lat="55.000639" lon="26.143159"><ele>164.583</ele><time>2021-05-01T13:04:41Z</time></trkpt><trkpt lat="55.000559" lon="26.14343"><ele>164.286</ele><time>2021-05-01T13:04:39Z</time></trkpt><trkpt lat="55.000542" lon="26.143576"><ele>163.711</ele><time>2021-05-01T13:04:38Z</time></trkpt><trkpt lat="55.000534" lon="26.143884"><ele>163.463</ele><time>2021-05-01T13:04:36Z</time></trkpt><trkpt lat="55.00053" lon="26.144229"><ele>164.178</ele><time>2021-05-01T13:04:34Z</time></trkpt><trkpt lat="55.000526" lon="26.144568"><ele>164.186</ele><time>2021-05-01T13:04:32Z</time></trkpt><trkpt lat="55.000523" lon="26.14473"><ele>164.259</ele><time>2021-05-01T13:04:31Z</time></trkpt><trkpt lat="55.000509" lon="26.145048"><ele>164.136</ele><time>2021-05-01T13:04:29Z</time></trkpt><trkpt lat="55.000492" lon="26.14521"><ele>163.494</ele><time>2021-05-01T13:04:28Z</time></trkpt><trkpt lat="55.000446" lon="26.145519"><ele>162.142</ele><time>2021-05-01T13:04:26Z</time></trkpt><trkpt lat="55.00042" lon="26.145659"><ele>161.222</ele><time>2021-05-01T13:04:25Z</time></trkpt><trkpt lat="55.000368" lon="26.145915"><ele>160.914</ele><time>2021-05-01T13:04:23Z</time></trkpt><trkpt lat="55.000344" lon="26.146038"><ele>160.709</ele><time>2021-05-01T13:04:22Z</time></trkpt><trkpt lat="55.000297" lon="26.146276"><ele>160.265</ele><time>2021-05-01T13:04:20Z</time></trkpt><trkpt lat="55.000251" lon="26.146515"><ele>160.888</ele><time>2021-05-01T13:04:18Z</time></trkpt><trkpt lat="55.00023" lon="26.146637"><ele>159.713</ele><time>2021-05-01T13:04:17Z</time></trkpt><trkpt lat="55.000208" lon="26.146757"><ele>159.935</ele><time>2021-05-01T13:04:16Z</time></trkpt><trkpt lat="55.000153" lon="26.147007"><ele>160.380</ele><time>2021-05-01T13:04:14Z</time></trkpt><trkpt lat="55.000067" lon="26.147299"><ele>160.628</ele><time>2021-05-01T13:04:12Z</time></trkpt><trkpt lat="54.999955" lon="26.147606"><ele>161.331</ele><time>2021-05-01T13:04:10Z</time></trkpt><trkpt lat="54.999859" lon="26.147908"><ele>161.468</ele><time>2021-05-01T13:04:08Z</time></trkpt><trkpt lat="54.999817" lon="26.148063"><ele>161.576</ele><time>2021-05-01T13:04:07Z</time></trkpt><trkpt lat="54.99978" lon="26.148216"><ele>162.353</ele><time>2021-05-01T13:04:06Z</time></trkpt><trkpt lat="54.999717" lon="26.148517"><ele>161.904</ele><time>2021-05-01T13:04:04Z</time></trkpt><trkpt lat="54.999676" lon="26.148816"><ele>162.014</ele><time>2021-05-01T13:04:02Z</time></trkpt><trkpt lat="54.999669" lon="26.148962"><ele>161.709</ele><time>2021-05-01T13:04:01Z</time></trkpt><trkpt lat="54.999667" lon="26.149222"><ele>161.746</ele><time>2021-05-01T13:03:59Z</time></trkpt><trkpt lat="54.99967" lon="26.149321"><ele>161.419</ele><time>2021-05-01T13:03:58Z</time></trkpt><trkpt lat="54.999676" lon="26.149459"><ele>161.554</ele><time>2021-05-01T13:03:56Z</time></trkpt><trkpt lat="54.999721" lon="26.149691"><ele>161.056</ele><time>2021-05-01T13:03:54Z</time></trkpt><trkpt lat="54.999787" lon="26.149974"><ele>160.651</ele><time>2021-05-01T13:03:52Z</time></trkpt><trkpt lat="54.999883" lon="26.15024"><ele>160.469</ele><time>2021-05-01T13:03:50Z</time></trkpt><trkpt lat="54.999943" lon="26.150356"><ele>160.312</ele><time>2021-05-01T13:03:49Z</time></trkpt><trkpt lat="55.000082" lon="26.150533"><ele>160.139</ele><time>2021-05-01T13:03:47Z</time></trkpt><trkpt lat="55.000156" lon="26.150603"><ele>160.457</ele><time>2021-05-01T13:03:46Z</time></trkpt><trkpt lat="55.000234" lon="26.150671"><ele>160.129</ele><time>2021-05-01T13:03:45Z</time></trkpt><trkpt lat="55.000321" lon="26.150745"><ele>159.700</ele><time>2021-05-01T13:03:44Z</time></trkpt><trkpt lat="55.000533" lon="26.150933"><ele>159.720</ele><time>2021-05-01T13:03:42Z</time></trkpt><trkpt lat="55.000653" lon="26.151058"><ele>159.609</ele><time>2021-05-01T13:03:41Z</time></trkpt><trkpt lat="55.000771" lon="26.151199"><ele>159.953</ele><time>2021-05-01T13:03:40Z</time></trkpt><trkpt lat="55.000997" lon="26.1515"><ele>160.416</ele><time>2021-05-01T13:03:38Z</time></trkpt><trkpt lat="55.001189" lon="26.151808"><ele>160.031</ele><time>2021-05-01T13:03:36Z</time></trkpt><trkpt lat="55.001334" lon="26.152104"><ele>159.823</ele><time>2021-05-01T13:03:34Z</time></trkpt><trkpt lat="55.001431" lon="26.152356"><ele>160.628</ele><time>2021-05-01T13:03:32Z</time></trkpt><trkpt lat="55.001447" lon="26.152479"><ele>160.886</ele><time>2021-05-01T13:03:30Z</time></trkpt><trkpt lat="55.001469" lon="26.152594"><ele>0.049</ele><time>2023-10-06T14:04:12Z</time></trkpt><trkpt lat="55.001507" lon="26.15278"><ele>0.036</ele><time>2023-10-06T14:04:52Z</time></trkpt><trkpt lat="55.001652" lon="26.153218"><ele>0.054</ele><time>2023-10-06T14:05:32Z</time></trkpt><trkpt lat="55.00186" lon="26.153492"><ele>0.099</ele><time>2023-10-06T14:06:12Z</time></trkpt><trkpt lat="55.002061" lon="26.153732"><ele>0.007</ele><time>2023-10-06T14:06:52Z</time></trkpt><trkpt lat="55.002521" lon="26.154115"><ele>0.027</ele><time>2023-10-06T14:07:32Z</time></trkpt><trkpt lat="55.002785" lon="26.154323"><ele>0.009</ele><time>2023-10-06T14:08:12Z</time></trkpt><trkpt lat="55.003301" lon="26.154716"><ele>0.030</ele><time>2023-10-06T14:08:52Z</time></trkpt><trkpt lat="55.003678" lon="26.155"><ele>0.063</ele><time>2023-10-06T14:09:32Z</time></trkpt><trkpt lat="55.004031" lon="26.155229"><ele>0.048</ele><time>2023-10-06T14:10:12Z</time></trkpt><trkpt lat="55.004396" lon="26.155448"><ele>0.090</ele><time>2023-10-06T14:10:52Z</time></trkpt><trkpt lat="55.004654" lon="26.155579"><ele>0.095</ele><time>2023-10-06T14:11:32Z</time></trkpt><trkpt lat="55.004926" lon="26.15573"><ele>0.033</ele><time>2023-10-06T14:12:12Z</time></trkpt><trkpt lat="55.005519" lon="26.155885"><ele>0.066</ele><time>2023-10-06T14:12:52Z</time></trkpt><trkpt lat="55.00604" lon="26.15579"><ele>0.013</ele><time>2023-10-06T14:13:32Z</time></trkpt><trkpt lat="55.006466" lon="26.155715"><ele>173.921</ele><time>2021-05-01T12:39:40Z</time></trkpt><trkpt lat="55.008025" lon="26.155793"><ele>169.143</ele><time>2021-05-01T12:39:26Z</time></trkpt><trkpt lat="55.009967" lon="26.155658"><ele>165.064</ele><time>2021-05-01T12:39:13Z</time></trkpt><trkpt lat="55.01055" lon="26.155267"><ele>164.010</ele><time>2021-05-01T12:39:09Z</time></trkpt><trkpt lat="55.01144" lon="26.15419"><ele>164.509</ele><time>2021-05-01T12:39:03Z</time></trkpt><trkpt lat="55.012052" lon="26.153704"><ele>164.745</ele><time>2021-05-01T12:38:59Z</time></trkpt><trkpt lat="55.013634" lon="26.152976"><ele>168.128</ele><time>2021-05-01T12:38:45Z</time></trkpt><trkpt lat="55.012999" lon="26.161188"><ele>175.263</ele><time>2021-05-01T12:38:06Z</time></trkpt><trkpt lat="55.013475" lon="26.161859"><ele>174.065</ele><time>2021-05-01T12:38:00Z</time></trkpt><trkpt lat="55.016774" lon="26.161843"><ele>169.850</ele><time>2021-05-01T12:37:40Z</time></trkpt><trkpt lat="55.017072" lon="26.162934"><ele>169.098</ele><time>2021-05-01T12:37:35Z</time></trkpt><trkpt lat="55.017286" lon="26.16539"><ele>171.651</ele><time>2021-05-01T12:37:27Z</time></trkpt><trkpt lat="55.017212" lon="26.168725"><ele>174.058</ele><time>2021-05-01T12:37:17Z</time></trkpt><trkpt lat="55.017517" lon="26.178759"><ele>177.126</ele><time>2021-05-01T12:36:41Z</time></trkpt><trkpt lat="55.018217" lon="26.178877"><ele>179.622</ele><time>2021-05-01T12:36:34Z</time></trkpt><trkpt lat="55.020271" lon="26.178505"><ele>183.062</ele><time>2021-05-01T12:36:21Z</time></trkpt><trkpt lat="55.02616" lon="26.178955"><ele>182.108</ele><time>2021-05-01T12:35:48Z</time></trkpt><trkpt lat="55.027952" lon="26.180125"><ele>178.009</ele><time>2021-05-01T12:35:36Z</time></trkpt><trkpt lat="55.028524" lon="26.180741"><ele>178.523</ele><time>2021-05-01T12:35:30Z</time></trkpt><trkpt lat="55.031133" lon="26.179763"><ele>182.186</ele><time>2021-05-01T12:35:14Z</time></trkpt><trkpt lat="55.031945" lon="26.179278"><ele>183.481</ele><time>2021-05-01T12:35:08Z</time></trkpt><trkpt lat="55.032322" lon="26.179237"><ele>188.153</ele><time>2021-05-01T12:35:02Z</time></trkpt><trkpt lat="55.033756" lon="26.188632"><ele>185.418</ele><time>2021-05-01T12:34:32Z</time></trkpt><trkpt lat="55.034126" lon="26.193633"><ele>194.556</ele><time>2021-05-01T12:34:16Z</time></trkpt><trkpt lat="55.034107" lon="26.19402"><ele>193.889</ele><time>2021-05-01T12:34:14Z</time></trkpt><trkpt lat="55.032465" lon="26.199095"><ele>191.126</ele><time>2021-05-01T12:33:47Z</time></trkpt><trkpt lat="55.032422" lon="26.201133"><ele>192.044</ele><time>2021-05-01T12:33:38Z</time></trkpt><trkpt lat="55.032975" lon="26.204273"><ele>189.988</ele><time>2021-05-01T12:33:28Z</time></trkpt><trkpt lat="55.035802" lon="26.212282"><ele>187.224</ele><time>2021-05-01T12:33:03Z</time></trkpt><trkpt lat="55.036533" lon="26.213878"><ele>188.526</ele><time>2021-05-01T12:32:57Z</time></trkpt><trkpt lat="55.038982" lon="26.217941"><ele>192.009</ele><time>2021-05-01T12:32:41Z</time></trkpt><trkpt lat="55.040194" lon="26.219152"><ele>196.379</ele><time>2021-05-01T12:32:33Z</time></trkpt><trkpt lat="55.042011" lon="26.222746"><ele>197.852</ele><time>2021-05-01T12:32:15Z</time></trkpt><trkpt lat="55.044928" lon="26.226017"><ele>202.447</ele><time>2021-05-01T12:31:56Z</time></trkpt><trkpt lat="55.046259" lon="26.228326"><ele>205.029</ele><time>2021-05-01T12:31:46Z</time></trkpt><trkpt lat="55.046894" lon="26.230324"><ele>205.664</ele><time>2021-05-01T12:30:16Z</time></trkpt><trkpt lat="55.047249" lon="26.231011"><ele>206.432</ele><time>2021-05-01T12:30:12Z</time></trkpt><trkpt lat="55.050363" lon="26.234728"><ele>205.645</ele><time>2021-05-01T12:29:48Z</time></trkpt><trkpt lat="55.051398" lon="26.236352"><ele>214.132</ele><time>2021-05-01T12:29:38Z</time></trkpt><trkpt lat="55.051916" lon="26.234198"><ele>215.730</ele><time>2021-05-01T12:29:26Z</time></trkpt><trkpt lat="55.051896" lon="26.232022"><ele>215.213</ele><time>2021-05-01T12:29:18Z</time></trkpt><trkpt lat="55.051441" lon="26.229275"><ele>216.643</ele><time>2021-05-01T12:29:08Z</time></trkpt><trkpt lat="55.051502" lon="26.227023"><ele>216.707</ele><time>2021-05-01T12:29:00Z</time></trkpt><trkpt lat="55.05107" lon="26.225363"><ele>209.709</ele><time>2021-05-01T12:28:53Z</time></trkpt><trkpt lat="55.051052" lon="26.221318"><ele>201.632</ele><time>2021-05-01T12:28:40Z</time></trkpt><trkpt lat="55.050494" lon="26.216445"><ele>211.995</ele><time>2021-05-01T12:28:25Z</time></trkpt><trkpt lat="55.050644" lon="26.211613"><ele>199.580</ele><time>2021-05-01T12:28:09Z</time></trkpt><trkpt lat="55.051816" lon="26.207954"><ele>198.522</ele><time>2021-05-01T12:27:55Z</time></trkpt><trkpt lat="55.05175" lon="26.206536"><ele>200.537</ele><time>2021-05-01T12:27:47Z</time></trkpt><trkpt lat="55.055008" lon="26.204294"><ele>200.425</ele><time>2021-05-01T12:27:25Z</time></trkpt><trkpt lat="55.055139" lon="26.203959"><ele>200.068</ele><time>2021-05-01T12:27:23Z</time></trkpt><trkpt lat="55.054882" lon="26.201349"><ele>197.425</ele><time>2021-05-01T12:27:14Z</time></trkpt><trkpt lat="55.054997" lon="26.198542"><ele>191.043</ele><time>2021-05-01T12:27:06Z</time></trkpt><trkpt lat="55.055638" lon="26.197006"><ele>190.154</ele><time>2021-05-01T12:27:00Z</time></trkpt><trkpt lat="55.056125" lon="26.194034"><ele>192.056</ele><time>2021-05-01T12:26:52Z</time></trkpt><trkpt lat="55.056528" lon="26.192642"><ele>192.011</ele><time>2021-05-01T12:26:48Z</time></trkpt><trkpt lat="55.057149" lon="26.190832"><ele>191.709</ele><time>2021-05-01T12:26:42Z</time></trkpt><trkpt lat="55.058083" lon="26.189"><ele>192.146</ele><time>2021-05-01T12:26:32Z</time></trkpt><trkpt lat="55.058674" lon="26.187021"><ele>190.059</ele><time>2021-05-01T12:26:19Z</time></trkpt><trkpt lat="55.060048" lon="26.187399"><ele>191.074</ele><time>2021-05-01T12:26:10Z</time></trkpt><trkpt lat="55.063236" lon="26.187894"><ele>192.026</ele><time>2021-05-01T12:25:53Z</time></trkpt><trkpt lat="55.064058" lon="26.18889"><ele>192.631</ele><time>2021-05-01T12:25:47Z</time></trkpt><trkpt lat="55.064738" lon="26.189211"><ele>193.239</ele><time>2021-05-01T12:25:43Z</time></trkpt><trkpt lat="55.066321" lon="26.190759"><ele>199.092</ele><time>2021-05-01T12:25:33Z</time></trkpt><trkpt lat="55.067632" lon="26.19172"><ele>197.589</ele><time>2021-05-01T12:25:23Z</time></trkpt><trkpt lat="55.068198" lon="26.191638"><ele>198.447</ele><time>2021-05-01T12:25:17Z</time></trkpt><trkpt lat="55.068864" lon="26.192506"><ele>199.044</ele><time>2021-05-01T12:25:10Z</time></trkpt><trkpt lat="55.069045" lon="26.192562"><ele>199.305</ele><time>2021-05-01T12:25:08Z</time></trkpt><trkpt lat="55.072308" lon="26.189134"><ele>200.315</ele><time>2021-05-01T12:24:44Z</time></trkpt><trkpt lat="55.072624" lon="26.189016"><ele>201.209</ele><time>2021-05-01T12:24:40Z</time></trkpt><trkpt lat="55.078729" lon="26.19771"><ele>203.415</ele><time>2021-05-01T12:24:00Z</time></trkpt><trkpt lat="55.080952" lon="26.200152"><ele>209.998</ele><time>2021-05-01T12:23:46Z</time></trkpt><trkpt lat="55.082359" lon="26.201406"><ele>215.523</ele><time>2021-05-01T12:23:36Z</time></trkpt><trkpt lat="55.082854" lon="26.204792"><ele>220.565</ele><time>2021-05-01T12:23:22Z</time></trkpt><trkpt lat="55.082955" lon="26.207037"><ele>226.140</ele><time>2021-05-01T12:23:12Z</time></trkpt><trkpt lat="55.083667" lon="26.210336"><ele>214.468</ele><time>2021-05-01T12:22:52Z</time></trkpt><trkpt lat="55.083669" lon="26.212736"><ele>213.271</ele><time>2021-05-01T12:22:43Z</time></trkpt><trkpt lat="55.08384" lon="26.214098"><ele>216.648</ele><time>2021-05-01T12:22:37Z</time></trkpt><trkpt lat="55.083596" lon="26.214609"><ele>215.656</ele><time>2021-05-01T12:22:33Z</time></trkpt><trkpt lat="55.081561" lon="26.21668"><ele>217.638</ele><time>2021-05-01T12:22:12Z</time></trkpt><trkpt lat="55.081453" lon="26.216967"><ele>217.270</ele><time>2021-05-01T12:22:08Z</time></trkpt><trkpt lat="55.082023" lon="26.218499"><ele>220.317</ele><time>2021-05-01T12:22:00Z</time></trkpt><trkpt lat="55.082632" lon="26.220984"><ele>219.809</ele><time>2021-05-01T12:21:44Z</time></trkpt><trkpt lat="55.082908" lon="26.221422"><ele>224.284</ele><time>2021-05-01T12:21:38Z</time></trkpt><trkpt lat="55.083807" lon="26.222072"><ele>227.167</ele><time>2021-05-01T12:21:25Z</time></trkpt><trkpt lat="55.084621" lon="26.223701"><ele>223.942</ele><time>2021-05-01T12:20:43Z</time></trkpt><trkpt lat="55.084867" lon="26.224527"><ele>224.524</ele><time>2021-05-01T12:20:38Z</time></trkpt><trkpt lat="55.084994" lon="26.225313"><ele>225.079</ele><time>2021-05-01T12:20:32Z</time></trkpt><trkpt lat="55.084933" lon="26.229429"><ele>229.917</ele><time>2021-05-01T12:20:11Z</time></trkpt><trkpt lat="55.085517" lon="26.232685"><ele>225.890</ele><time>2021-05-01T12:19:55Z</time></trkpt><trkpt lat="55.084922" lon="26.235015"><ele>226.757</ele><time>2021-05-01T12:19:43Z</time></trkpt><trkpt lat="55.084424" lon="26.236099"><ele>226.045</ele><time>2021-05-01T12:19:37Z</time></trkpt><trkpt lat="55.084028" lon="26.236689"><ele>227.023</ele><time>2021-05-01T12:19:33Z</time></trkpt><trkpt lat="55.083211" lon="26.237097"><ele>226.583</ele><time>2021-05-01T12:19:26Z</time></trkpt><trkpt lat="55.082798" lon="26.237776"><ele>225.911</ele><time>2021-05-01T12:19:20Z</time></trkpt><trkpt lat="55.082636" lon="26.240231"><ele>229.509</ele><time>2021-05-01T12:19:10Z</time></trkpt><trkpt lat="55.082277" lon="26.241785"><ele>228.693</ele><time>2021-05-01T12:19:02Z</time></trkpt><trkpt lat="55.080052" lon="26.246102"><ele>223.626</ele><time>2021-05-01T12:18:36Z</time></trkpt><trkpt lat="55.080191" lon="26.250262"><ele>215.361</ele><time>2021-05-01T12:18:15Z</time></trkpt><trkpt lat="55.081997" lon="26.254913"><ele>213.043</ele><time>2021-05-01T12:17:45Z</time></trkpt><trkpt lat="55.082618" lon="26.256909"><ele>216.498</ele><time>2021-05-01T12:17:24Z</time></trkpt><trkpt lat="55.084862" lon="26.254379"><ele>216.016</ele><time>2021-05-01T12:16:54Z</time></trkpt><trkpt lat="55.087246" lon="26.252522"><ele>219.269</ele><time>2021-05-01T12:16:31Z</time></trkpt><trkpt lat="55.088889" lon="26.250369"><ele>226.766</ele><time>2021-05-01T12:16:12Z</time></trkpt><trkpt lat="55.089413" lon="26.250374"><ele>227.384</ele><time>2021-05-01T12:15:56Z</time></trkpt><trkpt lat="55.093726" lon="26.237206"><ele>230.089</ele><time>2021-05-01T12:15:04Z</time></trkpt><trkpt lat="55.095052" lon="26.23271"><ele>230.606</ele><time>2021-05-01T12:14:46Z</time></trkpt><trkpt lat="55.100274" lon="26.217429"><ele>231.026</ele><time>2021-05-01T11:59:35Z</time></trkpt><trkpt lat="55.101975" lon="26.211849"><ele>226.709</ele><time>2021-05-01T11:59:12Z</time></trkpt><trkpt lat="55.10208" lon="26.21022"><ele>228.369</ele><time>2021-05-01T11:59:06Z</time></trkpt><trkpt lat="55.101455" lon="26.206497"><ele>225.192</ele><time>2021-05-01T11:58:52Z</time></trkpt><trkpt lat="55.101574" lon="26.205735"><ele>225.057</ele><time>2021-05-01T11:58:48Z</time></trkpt><trkpt lat="55.101848" lon="26.205241"><ele>227.089</ele><time>2021-05-01T11:58:44Z</time></trkpt><trkpt lat="55.102812" lon="26.204442"><ele>221.754</ele><time>2021-05-01T11:58:36Z</time></trkpt><trkpt lat="55.103257" lon="26.205033"><ele>221.642</ele><time>2021-05-01T11:58:30Z</time></trkpt><trkpt lat="55.103492" lon="26.204904"><ele>218.425</ele><time>2021-05-01T11:58:27Z</time></trkpt><trkpt lat="55.104625" lon="26.203442"><ele>222.392</ele><time>2021-05-01T11:58:17Z</time></trkpt><trkpt lat="55.106663" lon="26.200089"><ele>227.720</ele><time>2021-05-01T11:58:02Z</time></trkpt><trkpt lat="55.106894" lon="26.19977"><ele>227.032</ele><time>2021-05-01T11:58:00Z</time></trkpt><trkpt lat="55.107254" lon="26.199615"><ele>229.292</ele><time>2021-05-01T11:57:56Z</time></trkpt><trkpt lat="55.110795" lon="26.205957"><ele>230.211</ele><time>2021-05-01T11:57:00Z</time></trkpt><trkpt lat="55.112039" lon="26.210986"><ele>234.909</ele><time>2021-05-01T11:56:32Z</time></trkpt><trkpt lat="55.112661" lon="26.212972"><ele>240.634</ele><time>2021-05-01T11:56:24Z</time></trkpt><trkpt lat="55.112808" lon="26.215004"><ele>237.047</ele><time>2021-05-01T11:56:12Z</time></trkpt><trkpt lat="55.119309" lon="26.207587"><ele>241.692</ele><time>2021-05-01T11:55:24Z</time></trkpt><trkpt lat="55.122127" lon="26.201417"><ele>224.144</ele><time>2021-05-01T11:55:00Z</time></trkpt><trkpt lat="55.122394" lon="26.200239"><ele>222.649</ele><time>2021-05-01T11:54:56Z</time></trkpt><trkpt lat="55.122646" lon="26.197238"><ele>227.137</ele><time>2021-05-01T11:54:47Z</time></trkpt><trkpt lat="55.123508" lon="26.19393"><ele>220.930</ele><time>2021-05-01T11:54:36Z</time></trkpt><trkpt lat="55.123612" lon="26.19124"><ele>221.027</ele><time>2021-05-01T11:54:28Z</time></trkpt><trkpt lat="55.123858" lon="26.189472"><ele>224.495</ele><time>2021-05-01T11:54:22Z</time></trkpt><trkpt lat="55.12423" lon="26.188553"><ele>225.997</ele><time>2021-05-01T11:54:18Z</time></trkpt><trkpt lat="55.125112" lon="26.187157"><ele>229.023</ele><time>2021-05-01T11:54:11Z</time></trkpt><trkpt lat="55.126406" lon="26.183897"><ele>222.025</ele><time>2021-05-01T11:53:58Z</time></trkpt><trkpt lat="55.127488" lon="26.180102"><ele>225.009</ele><time>2021-05-01T11:53:45Z</time></trkpt><trkpt lat="55.128536" lon="26.175716"><ele>222.350</ele><time>2021-05-01T11:53:30Z</time></trkpt><trkpt lat="55.12913" lon="26.17451"><ele>221.073</ele><time>2021-05-01T11:53:24Z</time></trkpt><trkpt lat="55.129619" lon="26.17308"><ele>219.568</ele><time>2021-05-01T11:53:18Z</time></trkpt><trkpt lat="55.130101" lon="26.17047"><ele>211.850</ele><time>2021-05-01T11:53:08Z</time></trkpt><trkpt lat="55.131725" lon="26.165019"><ele>199.055</ele><time>2021-05-01T11:52:46Z</time></trkpt><trkpt lat="55.131886" lon="26.164443"><ele>0.093</ele><time>2023-10-06T15:47:32Z</time></trkpt><trkpt lat="55.132213" lon="26.163708"><ele>0.046</ele><time>2023-10-06T15:48:12Z</time></trkpt><trkpt lat="55.132476" lon="26.163148"><ele>0.053</ele><time>2023-10-06T15:48:52Z</time></trkpt><trkpt lat="55.132728" lon="26.16249"><ele>0.021</ele><time>2023-10-06T15:49:32Z</time></trkpt><trkpt lat="55.133205" lon="26.161348"><ele>0.039</ele><time>2023-10-06T15:50:12Z</time></trkpt><trkpt lat="55.133613" lon="26.160569"><ele>0.001</ele><time>2023-10-06T15:50:52Z</time></trkpt><trkpt lat="55.134033" lon="26.159888"><ele>0.021</ele><time>2023-10-06T15:51:32Z</time></trkpt><trkpt lat="55.134366" lon="26.159317"><ele>0.009</ele><time>2023-10-06T15:52:12Z</time></trkpt><trkpt lat="55.126602" lon="26.145803"><ele>202.044</ele><time>2021-05-01T10:31:30Z</time></trkpt><trkpt lat="55.126147" lon="26.145125"><ele>203.667</ele><time>2021-05-01T10:31:14Z</time></trkpt><trkpt lat="55.125853" lon="26.145385"><ele>201.712</ele><time>2021-05-01T10:31:08Z</time></trkpt><trkpt lat="55.125562" lon="26.144975"><ele>200.394</ele><time>2021-05-01T10:31:03Z</time></trkpt><trkpt lat="55.125655" lon="26.145382"><ele>200.369</ele><time>2021-05-01T10:27:06Z</time></trkpt><trkpt lat="55.125506" lon="26.145286"><ele>200.017</ele><time>2021-05-01T10:26:53Z</time></trkpt><trkpt lat="55.125581" lon="26.144715"><ele>203.270</ele><time>2021-05-01T10:26:47Z</time></trkpt><trkpt lat="55.125779" lon="26.144398"><ele>206.197</ele><time>2021-05-01T10:26:43Z</time></trkpt><trkpt lat="55.134405" lon="26.159303"><ele>200.965</ele><time>2021-05-01T10:24:42Z</time></trkpt><trkpt lat="55.134549" lon="26.159788"><ele>0.093</ele><time>2023-10-06T15:58:52Z</time></trkpt><trkpt lat="55.134745" lon="26.161115"><ele>0.065</ele><time>2023-10-06T15:59:32Z</time></trkpt><trkpt lat="55.135065" lon="26.164602"><ele>0.021</ele><time>2023-10-06T16:00:12Z</time></trkpt><trkpt lat="55.135319" lon="26.167419"><ele>0.009</ele><time>2023-10-06T16:00:52Z</time></trkpt><trkpt lat="55.135395" lon="26.168614"><ele>0.020</ele><time>2023-10-06T16:01:32Z</time></trkpt><trkpt lat="55.135465" lon="26.16948"><ele>0.043</ele><time>2023-10-06T16:02:12Z</time></trkpt><trkpt lat="55.135674" lon="26.171014"><ele>0.068</ele><time>2023-10-06T16:02:52Z</time></trkpt><trkpt lat="55.136313" lon="26.174447"><ele>199.540</ele><time>2021-05-01T10:23:07Z</time></trkpt><trkpt lat="55.136417" lon="26.179401"><ele>198.885</ele><time>2021-05-01T10:22:46Z</time></trkpt><trkpt lat="55.136455" lon="26.180671"><ele>0.083</ele><time>2023-10-06T16:04:52Z</time></trkpt><trkpt lat="55.136836" lon="26.183511"><ele>199.416</ele><time>2021-05-01T10:22:31Z</time></trkpt><trkpt lat="55.136996" lon="26.184176"><ele>0.013</ele><time>2023-10-06T16:06:12Z</time></trkpt><trkpt lat="55.138332" lon="26.187645"><ele>198.531</ele><time>2021-05-01T10:22:13Z</time></trkpt><trkpt lat="55.139104" lon="26.189716"><ele>0.035</ele><time>2023-10-06T16:07:32Z</time></trkpt><trkpt lat="55.140156" lon="26.191969"><ele>0.086</ele><time>2023-10-06T16:08:12Z</time></trkpt><trkpt lat="55.140994" lon="26.194316"><ele>0.014</ele><time>2023-10-06T16:08:52Z</time></trkpt><trkpt lat="55.141723" lon="26.195912"><ele>0.009</ele><time>2023-10-06T16:09:32Z</time></trkpt><trkpt lat="55.142317" lon="26.197461"><ele>0.084</ele><time>2023-10-06T16:10:12Z</time></trkpt><trkpt lat="55.143155" lon="26.2015"><ele>0.097</ele><time>2023-10-06T16:10:52Z</time></trkpt><trkpt lat="55.144264" lon="26.206806"><ele>0.012</ele><time>2023-10-06T16:11:32Z</time></trkpt><trkpt lat="55.145374" lon="26.212395"><ele>0.074</ele><time>2023-10-06T16:12:12Z</time></trkpt><trkpt lat="55.146672" lon="26.218312"><ele>0.019</ele><time>2023-10-06T16:12:52Z</time></trkpt><trkpt lat="55.146943" lon="26.220707"><ele>0.057</ele><time>2023-10-06T16:13:32Z</time></trkpt><trkpt lat="55.147188" lon="26.223197"><ele>0.090</ele><time>2023-10-06T16:14:12Z</time></trkpt><trkpt lat="55.147324" lon="26.225029"><ele>0.097</ele><time>2023-10-06T16:14:52Z</time></trkpt><trkpt lat="55.147595" lon="26.227425"><ele>0.095</ele><time>2023-10-06T16:15:32Z</time></trkpt><trkpt lat="55.147731" lon="26.228505"><ele>0.075</ele><time>2023-10-06T16:16:12Z</time></trkpt><trkpt lat="55.148002" lon="26.229679"><ele>0.028</ele><time>2023-10-06T16:16:52Z</time></trkpt><trkpt lat="55.148514" lon="26.230711"><ele>0.020</ele><time>2023-10-06T16:17:32Z</time></trkpt><trkpt lat="55.149027" lon="26.23165"><ele>0.009</ele><time>2023-10-06T16:18:12Z</time></trkpt><trkpt lat="55.14954" lon="26.23287"><ele>0.088</ele><time>2023-10-06T16:18:52Z</time></trkpt><trkpt lat="55.150026" lon="26.233856"><ele>0.031</ele><time>2023-10-06T16:19:32Z</time></trkpt><trkpt lat="55.150215" lon="26.234748"><ele>0.036</ele><time>2023-10-06T16:20:12Z</time></trkpt><trkpt lat="55.150406" lon="26.236956"><ele>0.078</ele><time>2023-10-06T16:20:52Z</time></trkpt><trkpt lat="55.150679" lon="26.241231"><ele>0.023</ele><time>2023-10-06T16:21:32Z</time></trkpt><trkpt lat="55.150816" lon="26.244519"><ele>0.041</ele><time>2023-10-06T16:22:12Z</time></trkpt><trkpt lat="55.151061" lon="26.247667"><ele>0.054</ele><time>2023-10-06T16:22:52Z</time></trkpt><trkpt lat="55.151143" lon="26.249499"><ele>0.091</ele><time>2023-10-06T16:23:32Z</time></trkpt><trkpt lat="55.151253" lon="26.251331"><ele>0.099</ele><time>2023-10-06T16:24:12Z</time></trkpt><trkpt lat="55.15147" lon="26.253398"><ele>0.022</ele><time>2023-10-06T16:24:52Z</time></trkpt><trkpt lat="55.151659" lon="26.25429"><ele>0.062</ele><time>2023-10-06T16:25:32Z</time></trkpt><trkpt lat="55.152416" lon="26.256497"><ele>0.008</ele><time>2023-10-06T16:26:12Z</time></trkpt><trkpt lat="55.15336" lon="26.258374"><ele>0.009</ele><time>2023-10-06T16:26:52Z</time></trkpt><trkpt lat="55.154116" lon="26.259406"><ele>0.053</ele><time>2023-10-06T16:27:32Z</time></trkpt><trkpt lat="55.154628" lon="26.260297"><ele>0.016</ele><time>2023-10-06T16:28:12Z</time></trkpt><trkpt lat="55.155376" lon="26.263401"><ele>0.081</ele><time>2023-10-06T16:28:52Z</time></trkpt><trkpt lat="55.156595" lon="26.270634"><ele>0.033</ele><time>2023-10-06T16:29:32Z</time></trkpt><trkpt lat="55.157056" lon="26.274204"><ele>0.058</ele><time>2023-10-06T16:30:12Z</time></trkpt><trkpt lat="55.157327" lon="26.27674"><ele>0.076</ele><time>2023-10-06T16:30:52Z</time></trkpt><trkpt lat="55.157653" lon="26.279559"><ele>0.059</ele><time>2023-10-06T16:31:32Z</time></trkpt><trkpt lat="55.157978" lon="26.282612"><ele>0.026</ele><time>2023-10-06T16:32:12Z</time></trkpt><trkpt lat="55.158359" lon="26.286182"><ele>0.074</ele><time>2023-10-06T16:32:52Z</time></trkpt><trkpt lat="55.159575" lon="26.291065"><ele>0.043</ele><time>2023-10-06T16:33:32Z</time></trkpt><trkpt lat="55.16082" lon="26.297029"><ele>0.064</ele><time>2023-10-06T16:34:12Z</time></trkpt><trkpt lat="55.164337" lon="26.312721"><ele>0.010</ele><time>2023-10-06T16:34:52Z</time></trkpt><trkpt lat="55.165852" lon="26.319624"><ele>0.009</ele><time>2023-10-06T16:35:32Z</time></trkpt><trkpt lat="55.166067" lon="26.321321"><ele>216.215</ele><time>2021-05-01T10:15:18Z</time></trkpt><trkpt lat="55.166661" lon="26.326414"><ele>224.088</ele><time>2021-05-01T10:15:04Z</time></trkpt><trkpt lat="55.167323" lon="26.340741"><ele>226.433</ele><time>2021-05-01T10:14:26Z</time></trkpt><trkpt lat="55.168455" lon="26.344506"><ele>224.485</ele><time>2021-05-01T10:14:13Z</time></trkpt><trkpt lat="55.168002" lon="26.353516"><ele>200.770</ele><time>2021-05-01T10:13:48Z</time></trkpt><trkpt lat="55.168038" lon="26.355589"><ele>207.188</ele><time>2021-05-01T10:13:42Z</time></trkpt><trkpt lat="55.169018" lon="26.360397"><ele>198.451</ele><time>2021-05-01T10:13:26Z</time></trkpt><trkpt lat="55.170582" lon="26.372263"><ele>182.068</ele><time>2021-05-01T10:12:52Z</time></trkpt><trkpt lat="55.171704" lon="26.378614"><ele>180.976</ele><time>2021-05-01T10:12:35Z</time></trkpt><trkpt lat="55.172189" lon="26.382134"><ele>0.034</ele><time>2023-10-06T16:42:12Z</time></trkpt><trkpt lat="55.172897" lon="26.39059"><ele>0.055</ele><time>2023-10-06T16:42:52Z</time></trkpt><trkpt lat="55.173252" lon="26.394784"><ele>170.410</ele><time>2021-05-01T10:11:52Z</time></trkpt><trkpt lat="55.173152" lon="26.39691"><ele>173.109</ele><time>2021-05-01T10:11:46Z</time></trkpt><trkpt lat="55.17293" lon="26.398229"><ele>173.214</ele><time>2021-05-01T10:11:42Z</time></trkpt><trkpt lat="55.170064" lon="26.409053"><ele>174.747</ele><time>2021-05-01T10:11:11Z</time></trkpt><trkpt lat="55.169499" lon="26.417454"><ele>179.032</ele><time>2021-05-01T10:10:49Z</time></trkpt><trkpt lat="55.168885" lon="26.438534"><ele>191.724</ele><time>2021-05-01T10:09:52Z</time></trkpt><trkpt lat="55.169227" lon="26.441905"><ele>192.169</ele><time>2021-05-01T10:09:40Z</time></trkpt><trkpt lat="55.17028" lon="26.44574"><ele>188.057</ele><time>2021-05-01T10:09:28Z</time></trkpt><trkpt lat="55.170482" lon="26.447026"><ele>184.780</ele><time>2021-05-01T10:09:24Z</time></trkpt><trkpt lat="55.170231" lon="26.4523"><ele>179.067</ele><time>2021-05-01T10:09:09Z</time></trkpt><trkpt lat="55.168898" lon="26.461612"><ele>179.235</ele><time>2021-05-01T10:08:42Z</time></trkpt><trkpt lat="55.1644" lon="26.48059"><ele>176.229</ele><time>2021-05-01T10:07:46Z</time></trkpt><trkpt lat="55.162989" lon="26.496137"><ele>167.000</ele><time>2021-05-01T10:07:03Z</time></trkpt><trkpt lat="55.16219" lon="26.506932"><ele>163.120</ele><time>2021-05-01T10:06:33Z</time></trkpt><trkpt lat="55.162234" lon="26.509059"><ele>163.009</ele><time>2021-05-01T10:06:27Z</time></trkpt><trkpt lat="55.163331" lon="26.519392"><ele>153.873</ele><time>2021-05-01T10:05:58Z</time></trkpt><trkpt lat="55.164528" lon="26.545702"><ele>155.416</ele><time>2021-05-01T10:04:47Z</time></trkpt><trkpt lat="55.165117" lon="26.553745"><ele>151.071</ele><time>2021-05-01T10:04:24Z</time></trkpt><trkpt lat="55.16564" lon="26.557831"><ele>153.073</ele><time>2021-05-01T10:04:12Z</time></trkpt><trkpt lat="55.165591" lon="26.559881"><ele>152.638</ele><time>2021-05-01T10:04:06Z</time></trkpt><trkpt lat="55.16494" lon="26.565697"><ele>154.026</ele><time>2021-05-01T10:03:48Z</time></trkpt><trkpt lat="55.163119" lon="26.569496"><ele>151.079</ele><time>2021-05-01T10:03:32Z</time></trkpt><trkpt lat="55.162992" lon="26.57005"><ele>150.296</ele><time>2021-05-01T10:03:30Z</time></trkpt><trkpt lat="55.161562" lon="26.579862"><ele>149.024</ele><time>2021-05-01T10:02:58Z</time></trkpt><trkpt lat="55.161178" lon="26.580673"><ele>149.864</ele><time>2021-05-01T10:02:54Z</time></trkpt><trkpt lat="55.158113" lon="26.584964"><ele>156.006</ele><time>2021-05-01T10:02:30Z</time></trkpt><trkpt lat="55.157107" lon="26.586019"><ele>148.716</ele><time>2021-05-01T10:02:21Z</time></trkpt><trkpt lat="55.15671" lon="26.586829"><ele>143.009</ele><time>2021-05-01T10:02:17Z</time></trkpt><trkpt lat="55.15663" lon="26.588319"><ele>143.317</ele><time>2021-05-01T10:02:11Z</time></trkpt><trkpt lat="55.156242" lon="26.589797"><ele>154.770</ele><time>2021-05-01T10:02:05Z</time></trkpt><trkpt lat="55.156127" lon="26.59137"><ele>156.985</ele><time>2021-05-01T10:01:59Z</time></trkpt><trkpt lat="55.156602" lon="26.597993"><ele>151.137</ele><time>2021-05-01T10:01:36Z</time></trkpt><trkpt lat="55.156822" lon="26.603914"><ele>150.492</ele><time>2021-05-01T10:01:15Z</time></trkpt><trkpt lat="55.151962" lon="26.618037"><ele>149.910</ele><time>2021-05-01T10:00:13Z</time></trkpt><trkpt lat="55.153073" lon="26.618598"><ele>147.053</ele><time>2021-05-01T09:59:51Z</time></trkpt><trkpt lat="55.15339" lon="26.61895"><ele>146.270</ele><time>2021-05-01T09:59:45Z</time></trkpt><trkpt lat="55.154404" lon="26.619512"><ele>148.528</ele><time>2021-05-01T09:59:31Z</time></trkpt><trkpt lat="55.15614" lon="26.621771"><ele>143.949</ele><time>2021-05-01T09:59:12Z</time></trkpt><trkpt lat="55.156729" lon="26.623578"><ele>141.802</ele><time>2021-05-01T09:59:02Z</time></trkpt><trkpt lat="55.157195" lon="26.624409"><ele>140.022</ele><time>2021-05-01T09:58:54Z</time></trkpt><trkpt lat="55.156865" lon="26.625212"><ele>141.309</ele><time>2021-05-01T09:58:47Z</time></trkpt><trkpt lat="55.156732" lon="26.626109"><ele>140.865</ele><time>2021-05-01T09:58:41Z</time></trkpt><trkpt lat="55.156682" lon="26.627229"><ele>141.128</ele><time>2021-05-01T09:58:32Z</time></trkpt><trkpt lat="55.15681" lon="26.628123"><ele>142.843</ele><time>2021-05-01T09:58:24Z</time></trkpt><trkpt lat="55.157675" lon="26.629988"><ele>140.655</ele><time>2021-05-01T09:58:02Z</time></trkpt><trkpt lat="55.159911" lon="26.634008"><ele>135.050</ele><time>2021-05-01T09:57:34Z</time></trkpt><trkpt lat="55.16012" lon="26.634144"><ele>135.028</ele><time>2021-05-01T09:57:30Z</time></trkpt><trkpt lat="55.160646" lon="26.633633"><ele>135.341</ele><time>2021-05-01T09:57:22Z</time></trkpt><trkpt lat="55.160883" lon="26.633627"><ele>136.268</ele><time>2021-05-01T09:57:18Z</time></trkpt><trkpt lat="55.163833" lon="26.638518"><ele>135.066</ele><time>2021-05-01T09:56:39Z</time></trkpt><trkpt lat="55.164038" lon="26.638456"><ele>135.092</ele><time>2021-05-01T09:56:26Z</time></trkpt><trkpt lat="55.165659" lon="26.63533"><ele>135.973</ele><time>2021-05-01T09:55:50Z</time></trkpt><trkpt lat="55.165923" lon="26.635051"><ele>136.020</ele><time>2021-05-01T09:55:46Z</time></trkpt><trkpt lat="55.169432" lon="26.641031"><ele>134.009</ele><time>2021-05-01T09:55:08Z</time></trkpt><trkpt lat="55.168595" lon="26.654969"><ele>132.960</ele><time>2021-05-01T09:54:01Z</time></trkpt><trkpt lat="55.168812" lon="26.659425"><ele>131.733</ele><time>2021-05-01T09:53:43Z</time></trkpt><trkpt lat="55.168633" lon="26.660325"><ele>0.078</ele><time>2023-10-06T17:20:52Z</time></trkpt><trkpt lat="55.168377" lon="26.661992"><ele>0.070</ele><time>2023-10-06T17:21:32Z</time></trkpt><trkpt lat="55.168152" lon="26.663232"><ele>0.015</ele><time>2023-10-06T17:22:12Z</time></trkpt><trkpt lat="55.167951" lon="26.664581"><ele>0.083</ele><time>2023-10-06T17:22:52Z</time></trkpt><trkpt lat="55.167858" lon="26.665272"><ele>0.066</ele><time>2023-10-06T17:23:32Z</time></trkpt><trkpt lat="55.167839" lon="26.665842"><ele>0.073</ele><time>2023-10-06T17:24:12Z</time></trkpt><trkpt lat="55.167833" lon="26.666357"><ele>131.021</ele><time>2021-05-01T09:53:01Z</time></trkpt><trkpt lat="55.16784" lon="26.666894"><ele>0.068</ele><time>2023-10-06T17:25:32Z</time></trkpt><trkpt lat="55.167853" lon="26.667453"><ele>0.042</ele><time>2023-10-06T17:26:12Z</time></trkpt><trkpt lat="55.167929" lon="26.668012"><ele>0.026</ele><time>2023-10-06T17:26:52Z</time></trkpt><trkpt lat="55.168049" lon="26.668725"><ele>0.009</ele><time>2023-10-06T17:27:32Z</time></trkpt><trkpt lat="55.168139" lon="26.668861"><ele>133.297</ele><time>2021-05-01T09:52:39Z</time></trkpt><trkpt lat="55.169592" lon="26.674922"><ele>132.060</ele><time>2021-05-01T09:52:06Z</time></trkpt><trkpt lat="55.169696" lon="26.675408"><ele>0.045</ele><time>2023-10-06T17:29:32Z</time></trkpt><trkpt lat="55.169885" lon="26.675868"><ele>0.087</ele><time>2023-10-06T17:30:12Z</time></trkpt><trkpt lat="55.170171" lon="26.676377"><ele>132.092</ele><time>2021-05-01T09:51:54Z</time></trkpt><trkpt lat="55.174578" lon="26.680856"><ele>131.110</ele><time>2021-05-01T09:38:08Z</time></trkpt><trkpt lat="55.174865" lon="26.680976"><ele>131.583</ele><time>2021-05-01T09:38:04Z</time></trkpt><trkpt lat="55.187646" lon="26.672102"><ele>131.760</ele><time>2021-05-01T09:36:15Z</time></trkpt><trkpt lat="55.187915" lon="26.671615"><ele>132.068</ele><time>2021-05-01T09:36:11Z</time></trkpt><trkpt lat="55.18785" lon="26.670518"><ele>131.873</ele><time>2021-05-01T09:36:05Z</time></trkpt><trkpt lat="55.186421" lon="26.661941"><ele>134.185</ele><time>2021-05-01T09:35:19Z</time></trkpt><trkpt lat="55.186319" lon="26.66151"><ele>0.013</ele><time>2023-10-06T17:35:32Z</time></trkpt><trkpt lat="55.186224" lon="26.661149"><ele>0.009</ele><time>2023-10-06T17:36:12Z</time></trkpt><trkpt lat="55.18613" lon="26.660995"><ele>0.028</ele><time>2023-10-06T17:36:52Z</time></trkpt><trkpt lat="55.186079" lon="26.660941"><ele>136.411</ele><time>2021-05-01T09:35:13Z</time></trkpt><trkpt lat="55.185979" lon="26.660809"><ele>0.086</ele><time>2023-10-06T17:38:12Z</time></trkpt><trkpt lat="55.186211" lon="26.660008"><ele>0.038</ele><time>2023-10-06T17:38:52Z</time></trkpt><trkpt lat="55.186731" lon="26.658012"><ele>0.093</ele><time>2023-10-06T17:39:32Z</time></trkpt><trkpt lat="55.187007" lon="26.656992"><ele>0.051</ele><time>2023-10-06T17:40:12Z</time></trkpt><trkpt lat="55.187107" lon="26.656772"><ele>0.054</ele><time>2023-10-06T17:40:52Z</time></trkpt><trkpt lat="55.18715" lon="26.656828"><ele>142.451</ele><time>2021-05-01T09:34:51Z</time></trkpt><trkpt lat="55.187403" lon="26.657122"><ele>0.029</ele><time>2023-10-06T17:42:12Z</time></trkpt><trkpt lat="55.188232" lon="26.658808"><ele>152.045</ele><time>2021-05-01T09:34:39Z</time></trkpt><trkpt lat="55.189339" lon="26.659966"><ele>150.147</ele><time>2021-05-01T09:34:31Z</time></trkpt><trkpt lat="55.189667" lon="26.66044"><ele>0.011</ele><time>2023-10-06T17:44:12Z</time></trkpt><trkpt lat="55.19069" lon="26.662387"><ele>149.009</ele><time>2021-05-01T09:34:19Z</time></trkpt><trkpt lat="55.191218" lon="26.662824"><ele>0.015</ele><time>2023-10-06T17:45:32Z</time></trkpt><trkpt lat="55.19141" lon="26.663097"><ele>149.938</ele><time>2021-05-01T09:34:13Z</time></trkpt><trkpt lat="55.191864" lon="26.663827"><ele>150.043</ele><time>2021-05-01T09:34:07Z</time></trkpt><trkpt lat="55.193527" lon="26.663761"><ele>0.065</ele><time>2023-10-06T17:47:32Z</time></trkpt><trkpt lat="55.194332" lon="26.663748"><ele>0.090</ele><time>2023-10-06T17:48:12Z</time></trkpt><trkpt lat="55.194562" lon="26.663825"><ele>143.098</ele><time>2021-05-01T09:33:20Z</time></trkpt><trkpt lat="55.194779" lon="26.663922"><ele>0.071</ele><time>2023-10-06T17:49:32Z</time></trkpt><trkpt lat="55.195169" lon="26.664469"><ele>0.058</ele><time>2023-10-06T17:50:12Z</time></trkpt><trkpt lat="55.195884" lon="26.665335"><ele>144.896</ele><time>2021-05-01T09:33:07Z</time></trkpt><trkpt lat="55.196137" lon="26.66545"><ele>141.074</ele><time>2021-05-01T09:33:05Z</time></trkpt><trkpt lat="55.201931" lon="26.664511"><ele>143.756</ele><time>2021-05-01T09:32:36Z</time></trkpt><trkpt lat="55.202363" lon="26.663809"><ele>147.921</ele><time>2021-05-01T09:32:32Z</time></trkpt><trkpt lat="55.202846" lon="26.661983"><ele>144.209</ele><time>2021-05-01T09:32:22Z</time></trkpt><trkpt lat="55.203399" lon="26.662335"><ele>143.578</ele><time>2021-05-01T09:32:16Z</time></trkpt><trkpt lat="55.203583" lon="26.662506"><ele>0.011</ele><time>2023-10-06T17:54:52Z</time></trkpt><trkpt lat="55.203791" lon="26.662944"><ele>0.066</ele><time>2023-10-06T17:55:32Z</time></trkpt><trkpt lat="55.204002" lon="26.663606"><ele>146.418</ele><time>2021-05-01T09:32:10Z</time></trkpt><trkpt lat="55.204667" lon="26.665968"><ele>0.063</ele><time>2023-10-06T17:56:52Z</time></trkpt><trkpt lat="55.204863" lon="26.666636"><ele>0.051</ele><time>2023-10-06T17:57:32Z</time></trkpt><trkpt lat="55.205538" lon="26.668516"><ele>133.074</ele><time>2021-05-01T09:31:47Z</time></trkpt><trkpt lat="55.205836" lon="26.669999"><ele>130.081</ele><time>2021-05-01T09:31:41Z</time></trkpt><trkpt lat="55.206481" lon="26.671534"><ele>131.069</ele><time>2021-05-01T09:31:33Z</time></trkpt><trkpt lat="55.206926" lon="26.671854"><ele>131.084</ele><time>2021-05-01T09:31:29Z</time></trkpt><trkpt lat="55.207494" lon="26.671809"><ele>0.007</ele><time>2023-10-06T18:00:52Z</time></trkpt><trkpt lat="55.207726" lon="26.671787"><ele>0.017</ele><time>2023-10-06T18:01:32Z</time></trkpt><trkpt lat="55.207854" lon="26.671949"><ele>128.309</ele><time>2021-05-01T09:31:21Z</time></trkpt><trkpt lat="55.209738" lon="26.67637"><ele>130.999</ele><time>2021-05-01T09:31:04Z</time></trkpt><trkpt lat="55.209956" lon="26.676967"><ele>0.032</ele><time>2023-10-06T18:03:32Z</time></trkpt><trkpt lat="55.210158" lon="26.678052"><ele>0.097</ele><time>2023-10-06T18:04:12Z</time></trkpt><trkpt lat="55.210322" lon="26.678611"><ele>0.069</ele><time>2023-10-06T18:04:52Z</time></trkpt><trkpt lat="55.210624" lon="26.679489"><ele>130.054</ele><time>2021-05-01T09:30:52Z</time></trkpt><trkpt lat="55.211228" lon="26.680556"><ele>130.432</ele><time>2021-05-01T09:30:47Z</time></trkpt><trkpt lat="55.212798" lon="26.6827"><ele>135.485</ele><time>2021-05-01T09:30:35Z</time></trkpt><trkpt lat="55.213096" lon="26.683373"><ele>135.432</ele><time>2021-05-01T09:30:31Z</time></trkpt><trkpt lat="55.213267" lon="26.684034"><ele>0.050</ele><time>2023-10-06T18:08:12Z</time></trkpt><trkpt lat="55.213614" lon="26.68514"><ele>0.088</ele><time>2023-10-06T18:08:52Z</time></trkpt><trkpt lat="55.213841" lon="26.6856"><ele>0.024</ele><time>2023-10-06T18:09:32Z</time></trkpt><trkpt lat="55.214024" lon="26.68617"><ele>0.026</ele><time>2023-10-06T18:10:12Z</time></trkpt><trkpt lat="55.214137" lon="26.686751"><ele>0.009</ele><time>2023-10-06T18:10:52Z</time></trkpt><trkpt lat="55.214702" lon="26.68844"><ele>0.069</ele><time>2023-10-06T18:11:32Z</time></trkpt><trkpt lat="55.214935" lon="26.689075"><ele>0.052</ele><time>2023-10-06T18:12:12Z</time></trkpt><trkpt lat="55.21503" lon="26.689382"><ele>0.077</ele><time>2023-10-06T18:12:52Z</time></trkpt><trkpt lat="55.215062" lon="26.689653"><ele>137.319</ele><time>2021-05-01T09:30:06Z</time></trkpt><trkpt lat="55.215601" lon="26.695472"><ele>133.714</ele><time>2021-05-01T09:29:42Z</time></trkpt><trkpt lat="55.215824" lon="26.695827"><ele>136.982</ele><time>2021-05-01T09:29:38Z</time></trkpt><trkpt lat="55.216972" lon="26.695686"><ele>140.735</ele><time>2021-05-01T09:29:26Z</time></trkpt><trkpt lat="55.217372" lon="26.702797"><ele>134.552</ele><time>2021-05-01T09:28:53Z</time></trkpt><trkpt lat="55.21743" lon="26.703174"><ele>0.090</ele><time>2023-10-06T18:16:52Z</time></trkpt><trkpt lat="55.217564" lon="26.703226"><ele>135.462</ele><time>2021-05-01T09:28:49Z</time></trkpt><trkpt lat="55.221731" lon="26.706094"><ele>140.383</ele><time>2021-05-01T09:28:22Z</time></trkpt><trkpt lat="55.221908" lon="26.706277"><ele>0.011</ele><time>2023-10-06T18:18:52Z</time></trkpt><trkpt lat="55.22204" lon="26.70642"><ele>0.009</ele><time>2023-10-06T18:19:32Z</time></trkpt><trkpt lat="55.222109" lon="26.706704"><ele>140.037</ele><time>2021-05-01T09:28:18Z</time></trkpt><trkpt lat="55.222224" lon="26.708064"><ele>138.330</ele><time>2021-05-01T09:28:11Z</time></trkpt><trkpt lat="55.222236" lon="26.708327"><ele>0.045</ele><time>2023-10-06T18:21:32Z</time></trkpt><trkpt lat="55.222386" lon="26.708392"><ele>138.067</ele><time>2021-05-01T09:28:07Z</time></trkpt><trkpt lat="55.228776" lon="26.707264"><ele>150.292</ele><time>2021-05-01T09:27:26Z</time></trkpt><trkpt lat="55.229485" lon="26.707008"><ele>150.130</ele><time>2021-05-01T09:27:18Z</time></trkpt><trkpt lat="55.229557" lon="26.70854"><ele>142.893</ele><time>2021-05-01T09:27:10Z</time></trkpt><trkpt lat="55.230069" lon="26.711142"><ele>140.370</ele><time>2021-05-01T09:27:00Z</time></trkpt><trkpt lat="55.230267" lon="26.713267"><ele>143.888</ele><time>2021-05-01T09:26:50Z</time></trkpt><trkpt lat="55.230336" lon="26.713643"><ele>0.048</ele><time>2023-10-06T18:26:12Z</time></trkpt><trkpt lat="55.2305" lon="26.713742"><ele>142.961</ele><time>2021-05-01T09:26:46Z</time></trkpt><trkpt lat="55.233089" lon="26.713214"><ele>0.017</ele><time>2023-10-06T18:27:32Z</time></trkpt><trkpt lat="55.234384" lon="26.712992"><ele>0.009</ele><time>2023-10-06T18:28:12Z</time></trkpt><trkpt lat="55.235451" lon="26.712888"><ele>138.295</ele><time>2021-05-01T09:26:14Z</time></trkpt><trkpt lat="55.237155" lon="26.712432"><ele>135.638</ele><time>2021-05-01T09:26:00Z</time></trkpt><trkpt lat="55.237238" lon="26.71247"><ele>0.023</ele><time>2023-10-06T18:30:12Z</time></trkpt><trkpt lat="55.237917" lon="26.723128"><ele>145.455</ele><time>2021-05-01T09:25:13Z</time></trkpt><trkpt lat="55.237885" lon="26.723467"><ele>0.030</ele><time>2023-10-06T18:31:32Z</time></trkpt><trkpt lat="55.238149" lon="26.724212"><ele>0.058</ele><time>2023-10-06T18:32:12Z</time></trkpt><trkpt lat="55.238559" lon="26.72523"><ele>0.081</ele><time>2023-10-06T18:32:52Z</time></trkpt><trkpt lat="55.238636" lon="26.725574"><ele>131.128</ele><time>2021-05-01T09:25:01Z</time></trkpt><trkpt lat="55.23887" lon="26.725917"><ele>132.386</ele><time>2021-05-01T09:24:57Z</time></trkpt><trkpt lat="55.239345" lon="26.725733"><ele>0.049</ele><time>2023-10-06T18:34:52Z</time></trkpt><trkpt lat="55.239723" lon="26.725743"><ele>0.002</ele><time>2023-10-06T18:35:32Z</time></trkpt><trkpt lat="55.240935" lon="26.725598"><ele>0.022</ele><time>2023-10-06T18:36:12Z</time></trkpt><trkpt lat="55.242889" lon="26.725221"><ele>0.009</ele><time>2023-10-06T18:36:52Z</time></trkpt><trkpt lat="55.243908" lon="26.725054"><ele>0.025</ele><time>2023-10-06T18:37:32Z</time></trkpt><trkpt lat="55.244813" lon="26.724887"><ele>0.018</ele><time>2023-10-06T18:38:12Z</time></trkpt><trkpt lat="55.24565" lon="26.724732"><ele>0.093</ele><time>2023-10-06T18:38:52Z</time></trkpt><trkpt lat="55.246843" lon="26.724548"><ele>0.095</ele><time>2023-10-06T18:39:32Z</time></trkpt><trkpt lat="55.24734" lon="26.724459"><ele>0.090</ele><time>2023-10-06T18:40:12Z</time></trkpt><trkpt lat="55.247522" lon="26.724404"><ele>143.098</ele><time>2021-05-01T09:24:08Z</time></trkpt><trkpt lat="55.249277" lon="26.723961"><ele>0.021</ele><time>2023-10-06T18:41:32Z</time></trkpt><trkpt lat="55.249865" lon="26.723931"><ele>134.098</ele><time>2021-05-01T09:23:54Z</time></trkpt><trkpt lat="55.250452" lon="26.72375"><ele>135.536</ele><time>2021-05-01T09:23:50Z</time></trkpt><trkpt lat="55.250773" lon="26.723782"><ele>137.322</ele><time>2021-05-01T09:23:48Z</time></trkpt><trkpt lat="55.251077" lon="26.727852"><ele>135.962</ele><time>2021-05-01T09:23:32Z</time></trkpt><trkpt lat="55.251702" lon="26.740811"><ele>138.508</ele><time>2021-05-01T09:22:47Z</time></trkpt><trkpt lat="55.25231" lon="26.741336"><ele>146.409</ele><time>2021-05-01T09:22:40Z</time></trkpt><trkpt lat="55.253072" lon="26.741571"><ele>142.283</ele><time>2021-05-01T09:22:34Z</time></trkpt><trkpt lat="55.254068" lon="26.74305"><ele>139.076</ele><time>2021-05-01T09:22:23Z</time></trkpt><trkpt lat="55.254171" lon="26.743306"><ele>0.091</ele><time>2023-10-06T18:47:32Z</time></trkpt><trkpt lat="55.254561" lon="26.743481"><ele>0.033</ele><time>2023-10-06T18:48:12Z</time></trkpt><trkpt lat="55.254844" lon="26.743579"><ele>0.088</ele><time>2023-10-06T18:48:52Z</time></trkpt><trkpt lat="55.254976" lon="26.743633"><ele>131.226</ele><time>2021-05-01T09:22:15Z</time></trkpt><trkpt lat="55.25523" lon="26.743672"><ele>129.369</ele><time>2021-05-01T09:22:11Z</time></trkpt><trkpt lat="55.256975" lon="26.753648"><ele>127.946</ele><time>2021-05-01T09:21:33Z</time></trkpt><trkpt lat="55.257541" lon="26.756179"><ele>128.074</ele><time>2021-05-01T09:21:25Z</time></trkpt><trkpt lat="55.258523" lon="26.759422"><ele>127.073</ele><time>2021-05-01T09:21:12Z</time></trkpt><trkpt lat="55.258637" lon="26.760967"><ele>0.085</ele><time>2023-10-06T18:52:52Z</time></trkpt><trkpt lat="55.258688" lon="26.761899"><ele>0.013</ele><time>2023-10-06T18:53:32Z</time></trkpt><trkpt lat="55.258732" lon="26.762305"><ele>0.009</ele><time>2023-10-06T18:54:12Z</time></trkpt><trkpt lat="55.25889" lon="26.762896"><ele>135.478</ele><time>2021-05-01T09:21:00Z</time></trkpt><trkpt lat="55.259482" lon="26.764178"><ele>133.961</ele><time>2021-05-01T09:20:54Z</time></trkpt><trkpt lat="55.259702" lon="26.764492"><ele>0.056</ele><time>2023-10-06T18:56:12Z</time></trkpt><trkpt lat="55.260162" lon="26.765006"><ele>0.038</ele><time>2023-10-06T18:56:52Z</time></trkpt><trkpt lat="55.26079" lon="26.765593"><ele>129.073</ele><time>2021-05-01T09:20:43Z</time></trkpt><trkpt lat="55.260904" lon="26.765969"><ele>0.051</ele><time>2023-10-06T18:58:12Z</time></trkpt><trkpt lat="55.260955" lon="26.766199"><ele>0.014</ele><time>2023-10-06T18:58:52Z</time></trkpt><trkpt lat="55.260993" lon="26.766473"><ele>0.031</ele><time>2023-10-06T18:59:32Z</time></trkpt><trkpt lat="55.261088" lon="26.766568"><ele>127.789</ele><time>2021-05-01T09:20:37Z</time></trkpt><trkpt lat="55.262032" lon="26.768225"><ele>0.068</ele><time>2023-10-06T19:00:52Z</time></trkpt><trkpt lat="55.262268" lon="26.768808"><ele>132.042</ele><time>2021-05-01T09:20:25Z</time></trkpt><trkpt lat="55.262391" lon="26.76909"><ele>0.026</ele><time>2023-10-06T19:02:12Z</time></trkpt><trkpt lat="55.262454" lon="26.76943"><ele>0.009</ele><time>2023-10-06T19:02:52Z</time></trkpt><trkpt lat="55.262516" lon="26.769944"><ele>133.447</ele><time>2021-05-01T09:20:19Z</time></trkpt><trkpt lat="55.262405" lon="26.770636"><ele>0.070</ele><time>2023-10-06T19:04:12Z</time></trkpt><trkpt lat="55.262349" lon="26.771699"><ele>0.045</ele><time>2023-10-06T19:04:52Z</time></trkpt><trkpt lat="55.262348" lon="26.77201"><ele>130.387</ele><time>2021-05-01T09:20:11Z</time></trkpt><trkpt lat="55.262396" lon="26.77375"><ele>129.182</ele><time>2021-05-01T09:20:05Z</time></trkpt><trkpt lat="55.262426" lon="26.774155"><ele>0.090</ele><time>2023-10-06T19:06:52Z</time></trkpt><trkpt lat="55.26254" lon="26.774637"><ele>0.043</ele><time>2023-10-06T19:07:32Z</time></trkpt><trkpt lat="55.262766" lon="26.775217"><ele>128.230</ele><time>2021-05-01T09:19:59Z</time></trkpt><trkpt lat="55.26332" lon="26.776764"><ele>129.918</ele><time>2021-05-01T09:19:53Z</time></trkpt><trkpt lat="55.26366" lon="26.77735"><ele>0.078</ele><time>2023-10-06T19:09:32Z</time></trkpt><trkpt lat="55.264" lon="26.777985"><ele>0.033</ele><time>2023-10-06T19:10:12Z</time></trkpt><trkpt lat="55.264881" lon="26.780031"><ele>133.726</ele><time>2021-05-01T09:19:39Z</time></trkpt><trkpt lat="55.265115" lon="26.780306"><ele>0.009</ele><time>2023-10-06T19:11:32Z</time></trkpt><trkpt lat="55.26579" lon="26.78162"><ele>132.338</ele><time>2021-05-01T09:19:31Z</time></trkpt><trkpt lat="55.266623" lon="26.782713"><ele>127.021</ele><time>2021-05-01T09:18:36Z</time></trkpt><trkpt lat="55.266803" lon="26.783217"><ele>0.076</ele><time>2023-10-06T19:13:32Z</time></trkpt><trkpt lat="55.266998" lon="26.784006"><ele>0.028</ele><time>2023-10-06T19:14:12Z</time></trkpt><trkpt lat="55.267041" lon="26.784262"><ele>126.693</ele><time>2021-05-01T09:18:27Z</time></trkpt><trkpt lat="55.267747" lon="26.784443"><ele>0.041</ele><time>2023-10-06T19:15:32Z</time></trkpt><trkpt lat="55.268577" lon="26.784737"><ele>0.084</ele><time>2023-10-06T19:16:12Z</time></trkpt><trkpt lat="55.270836" lon="26.785514"><ele>0.041</ele><time>2023-10-06T19:16:52Z</time></trkpt><trkpt lat="55.271534" lon="26.785743"><ele>0.029</ele><time>2023-10-06T19:17:32Z</time></trkpt><trkpt lat="55.272201" lon="26.785927"><ele>128.152</ele><time>2021-05-01T09:17:58Z</time></trkpt><trkpt lat="55.272748" lon="26.786047"><ele>129.053</ele><time>2021-05-01T09:17:54Z</time></trkpt><trkpt lat="55.273723" lon="26.785562"><ele>0.008</ele><time>2023-10-06T19:19:32Z</time></trkpt><trkpt lat="55.274043" lon="26.785331"><ele>0.009</ele><time>2023-10-06T19:20:12Z</time></trkpt><trkpt lat="55.274244" lon="26.785276"><ele>0.046</ele><time>2023-10-06T19:20:52Z</time></trkpt><trkpt lat="55.274368" lon="26.78531"><ele>127.119</ele><time>2021-05-01T09:17:43Z</time></trkpt><trkpt lat="55.274929" lon="26.785636"><ele>0.054</ele><time>2023-10-06T19:22:12Z</time></trkpt><trkpt lat="55.276074" lon="26.786434"><ele>0.036</ele><time>2023-10-06T19:22:52Z</time></trkpt><trkpt lat="55.276723" lon="26.787065"><ele>125.671</ele><time>2021-05-01T09:17:29Z</time></trkpt><trkpt lat="55.278216" lon="26.788729"><ele>0.079</ele><time>2023-10-06T19:24:12Z</time></trkpt><trkpt lat="55.278934" lon="26.789688"><ele>128.072</ele><time>2021-05-01T09:17:15Z</time></trkpt><trkpt lat="55.280286" lon="26.78982"><ele>0.029</ele><time>2023-10-06T19:25:32Z</time></trkpt><trkpt lat="55.280638" lon="26.789852"><ele>0.037</ele><time>2023-10-06T19:26:12Z</time></trkpt><trkpt lat="55.280839" lon="26.789873"><ele>127.093</ele><time>2021-05-01T09:17:03Z</time></trkpt><trkpt lat="55.282415" lon="26.785736"><ele>0.065</ele><time>2023-10-06T19:27:32Z</time></trkpt><trkpt lat="55.282735" lon="26.784825"><ele>0.021</ele><time>2023-10-06T19:28:12Z</time></trkpt><trkpt lat="55.282854" lon="26.784594"><ele>128.409</ele><time>2021-05-01T09:16:44Z</time></trkpt><trkpt lat="55.283615" lon="26.783"><ele>126.060</ele><time>2021-05-01T09:16:36Z</time></trkpt><trkpt lat="55.283771" lon="26.78263"><ele>0.063</ele><time>2023-10-06T19:30:12Z</time></trkpt><trkpt lat="55.283853" lon="26.782728"><ele>125.378</ele><time>2021-05-01T09:16:32Z</time></trkpt><trkpt lat="55.284086" lon="26.783406"><ele>0.040</ele><time>2023-10-06T19:31:32Z</time></trkpt><trkpt lat="55.284597" lon="26.784644"><ele>0.055</ele><time>2023-10-06T19:32:12Z</time></trkpt><trkpt lat="55.285365" lon="26.78644"><ele>0.023</ele><time>2023-10-06T19:32:52Z</time></trkpt><trkpt lat="55.285951" lon="26.787776"><ele>0.026</ele><time>2023-10-06T19:33:32Z</time></trkpt><trkpt lat="55.286587" lon="26.789167"><ele>0.033</ele><time>2023-10-06T19:34:12Z</time></trkpt><trkpt lat="55.286902" lon="26.789934"><ele>0.051</ele><time>2023-10-06T19:34:52Z</time></trkpt><trkpt lat="55.287272" lon="26.790669"><ele>124.855</ele><time>2021-05-01T09:15:55Z</time></trkpt><trkpt lat="55.29074" lon="26.793108"><ele>126.507</ele><time>2021-05-01T09:15:27Z</time></trkpt><trkpt lat="55.29259" lon="26.793297"><ele>126.917</ele><time>2021-05-01T09:15:06Z</time></trkpt><trkpt lat="55.292391" lon="26.793921"><ele>0.009</ele><time>2023-10-06T19:37:32Z</time></trkpt><trkpt lat="55.292253" lon="26.794492"><ele>0.046</ele><time>2023-10-06T19:38:12Z</time></trkpt><trkpt lat="55.292231" lon="26.794849"><ele>129.569</ele><time>2021-05-01T09:14:48Z</time></trkpt><trkpt lat="55.292159" lon="26.795281"><ele>0.034</ele><time>2023-10-06T19:39:32Z</time></trkpt><trkpt lat="55.292275" lon="26.798523"><ele>129.826</ele><time>2021-05-01T09:13:57Z</time></trkpt><trkpt lat="55.292138" lon="26.799834"><ele>130.061</ele><time>2021-05-01T09:13:38Z</time></trkpt><trkpt lat="55.297522" lon="26.80939"><ele>128.379</ele><time>2021-05-01T09:12:53Z</time></trkpt><trkpt lat="55.306771" lon="26.820511"><ele>130.992</ele><time>2021-05-01T09:11:49Z</time></trkpt><trkpt lat="55.30691" lon="26.819341"><ele>0.089</ele><time>2023-10-06T19:42:52Z</time></trkpt><trkpt lat="55.306972" lon="26.818661"><ele>0.087</ele><time>2023-10-06T19:43:32Z</time></trkpt><trkpt lat="55.30719" lon="26.817728"><ele>128.984</ele><time>2021-05-01T09:11:36Z</time></trkpt><trkpt lat="55.307444" lon="26.816247"><ele>0.007</ele><time>2023-10-06T19:44:52Z</time></trkpt><trkpt lat="55.30798" lon="26.813971"><ele>129.817</ele><time>2021-05-01T09:11:25Z</time></trkpt><trkpt lat="55.308183" lon="26.813164"><ele>0.009</ele><time>2023-10-06T19:46:12Z</time></trkpt><trkpt lat="55.309613" lon="26.808581"><ele>129.419</ele><time>2021-05-01T09:11:04Z</time></trkpt><trkpt lat="55.309695" lon="26.808282"><ele>0.052</ele><time>2023-10-06T19:47:32Z</time></trkpt><trkpt lat="55.309787" lon="26.808411"><ele>128.857</ele><time>2021-05-01T09:11:00Z</time></trkpt><trkpt lat="55.311974" lon="26.810101"><ele>129.829</ele><time>2021-05-01T09:10:34Z</time></trkpt><trkpt lat="55.312213" lon="26.810264"><ele>129.944</ele><time>2021-05-01T09:10:30Z</time></trkpt><trkpt lat="55.312307" lon="26.810198"><ele>130.352</ele><time>2021-05-01T09:10:28Z</time></trkpt><trkpt lat="55.312483" lon="26.809946"><ele>0.055</ele><time>2023-10-06T19:50:52Z</time></trkpt><trkpt lat="55.312696" lon="26.809277"><ele>0.072</ele><time>2023-10-06T19:51:32Z</time></trkpt><trkpt lat="55.313079" lon="26.808212"><ele>0.080</ele><time>2023-10-06T19:52:12Z</time></trkpt><trkpt lat="55.313179" lon="26.807993"><ele>131.096</ele><time>2021-05-01T09:10:14Z</time></trkpt><trkpt lat="55.313405" lon="26.807225"><ele>0.031</ele><time>2023-10-06T19:53:32Z</time></trkpt><trkpt lat="55.313593" lon="26.806632"><ele>0.024</ele><time>2023-10-06T19:54:12Z</time></trkpt><trkpt lat="55.313857" lon="26.806072"><ele>0.009</ele><time>2023-10-06T19:54:52Z</time></trkpt><trkpt lat="55.31407" lon="26.805633"><ele>0.070</ele><time>2023-10-06T19:55:32Z</time></trkpt><trkpt lat="55.314196" lon="26.805206"><ele>0.013</ele><time>2023-10-06T19:56:12Z</time></trkpt><trkpt lat="55.314258" lon="26.804855"><ele>130.828</ele><time>2021-05-01T09:09:54Z</time></trkpt><trkpt lat="55.314483" lon="26.804599"><ele>0.080</ele><time>2023-10-06T19:57:32Z</time></trkpt><trkpt lat="55.314722" lon="26.804062"><ele>0.025</ele><time>2023-10-06T19:58:12Z</time></trkpt><trkpt lat="55.315042" lon="26.803304"><ele>0.033</ele><time>2023-10-06T19:58:52Z</time></trkpt><trkpt lat="55.315167" lon="26.802975"><ele>133.046</ele><time>2021-05-01T09:09:42Z</time></trkpt><trkpt lat="55.315537" lon="26.801396"><ele>0.013</ele><time>2023-10-06T20:00:12Z</time></trkpt><trkpt lat="55.315706" lon="26.800387"><ele>135.481</ele><time>2021-05-01T09:09:26Z</time></trkpt><trkpt lat="55.315743" lon="26.800112"><ele>0.055</ele><time>2023-10-06T20:01:32Z</time></trkpt><trkpt lat="55.315775" lon="26.799926"><ele>0.007</ele><time>2023-10-06T20:02:12Z</time></trkpt><trkpt lat="55.315705" lon="26.799455"><ele>0.017</ele><time>2023-10-06T20:02:52Z</time></trkpt><trkpt lat="55.315629" lon="26.799126"><ele>134.009</ele><time>2021-05-01T09:09:18Z</time></trkpt><trkpt lat="55.315579" lon="26.798797"><ele>0.056</ele><time>2023-10-06T20:04:12Z</time></trkpt><trkpt lat="55.315597" lon="26.797712"><ele>0.079</ele><time>2023-10-06T20:04:52Z</time></trkpt><trkpt lat="55.315646" lon="26.796539"><ele>0.094</ele><time>2023-10-06T20:05:32Z</time></trkpt><trkpt lat="55.315627" lon="26.795618"><ele>0.096</ele><time>2023-10-06T20:06:12Z</time></trkpt><trkpt lat="55.315689" lon="26.794708"><ele>0.031</ele><time>2023-10-06T20:06:52Z</time></trkpt><trkpt lat="55.315789" lon="26.789826"><ele>131.839</ele><time>2021-05-01T09:08:42Z</time></trkpt><trkpt lat="55.315558" lon="26.785908"><ele>131.072</ele><time>2021-05-01T09:08:22Z</time></trkpt><trkpt lat="55.316133" lon="26.775336"><ele>132.819</ele><time>2021-05-01T09:07:50Z</time></trkpt><trkpt lat="55.314723" lon="26.759406"><ele>137.077</ele><time>2021-05-01T09:05:57Z</time></trkpt><trkpt lat="55.315126" lon="26.750114"><ele>138.525</ele><time>2021-05-01T09:05:28Z</time></trkpt><trkpt lat="55.314958" lon="26.731371"><ele>134.026</ele><time>2021-05-01T09:04:32Z</time></trkpt><trkpt lat="55.315919" lon="26.718469"><ele>134.308</ele><time>2021-05-01T09:03:55Z</time></trkpt><trkpt lat="55.316226" lon="26.709067"><ele>131.409</ele><time>2021-05-01T09:03:28Z</time></trkpt><trkpt lat="55.316592" lon="26.705269"><ele>0.083</ele><time>2023-10-06T20:12:52Z</time></trkpt><trkpt lat="55.317308" lon="26.699597"><ele>133.766</ele><time>2021-05-01T09:03:02Z</time></trkpt><trkpt lat="55.317706" lon="26.698117"><ele>134.031</ele><time>2021-05-01T09:02:57Z</time></trkpt><trkpt lat="55.318705" lon="26.695404"><ele>134.013</ele><time>2021-05-01T09:02:47Z</time></trkpt><trkpt lat="55.318934" lon="26.694288"><ele>133.588</ele><time>2021-05-01T09:02:43Z</time></trkpt><trkpt lat="55.319631" lon="26.68642"><ele>131.776</ele><time>2021-05-01T09:02:17Z</time></trkpt><trkpt lat="55.319541" lon="26.686236"><ele>132.349</ele><time>2021-05-01T09:02:13Z</time></trkpt><trkpt lat="55.317086" lon="26.685744"><ele>135.526</ele><time>2021-05-01T09:01:49Z</time></trkpt><trkpt lat="55.316765" lon="26.685559"><ele>134.424</ele><time>2021-05-01T09:01:43Z</time></trkpt><trkpt lat="55.317011" lon="26.673784"><ele>134.614</ele><time>2021-05-01T09:00:35Z</time></trkpt><trkpt lat="55.316936" lon="26.67364"><ele>134.854</ele><time>2021-05-01T09:00:31Z</time></trkpt><trkpt lat="55.316667" lon="26.673648"><ele>133.009</ele><time>2021-05-01T08:57:57Z</time></trkpt><trkpt lat="55.316939" lon="26.673662"><ele>134.809</ele><time>2021-05-01T08:57:50Z</time></trkpt><trkpt lat="55.317046" lon="26.673518"><ele>135.462</ele><time>2021-05-01T08:57:46Z</time></trkpt><trkpt lat="55.317079" lon="26.670155"><ele>0.035</ele><time>2023-10-06T20:22:12Z</time></trkpt><trkpt lat="55.317152" lon="26.666614"><ele>0.070</ele><time>2023-10-06T20:22:52Z</time></trkpt><trkpt lat="55.317175" lon="26.664333"><ele>0.092</ele><time>2023-10-06T20:23:32Z</time></trkpt><trkpt lat="55.317212" lon="26.663204"><ele>0.037</ele><time>2023-10-06T20:24:12Z</time></trkpt><trkpt lat="55.317369" lon="26.661388"><ele>136.125</ele><time>2021-05-01T08:56:52Z</time></trkpt><trkpt lat="55.317392" lon="26.660694"><ele>0.048</ele><time>2023-10-06T20:25:32Z</time></trkpt><trkpt lat="55.317554" lon="26.659444"><ele>0.055</ele><time>2023-10-06T20:26:12Z</time></trkpt><trkpt lat="55.318222" lon="26.655379"><ele>140.223</ele><time>2021-05-01T08:56:27Z</time></trkpt><trkpt lat="55.318097" lon="26.654509"><ele>0.062</ele><time>2023-10-06T20:27:32Z</time></trkpt><trkpt lat="55.317182" lon="26.650172"><ele>139.683</ele><time>2021-05-01T08:56:10Z</time></trkpt><trkpt lat="55.311847" lon="26.62721"><ele>133.011</ele><time>2021-05-01T08:54:58Z</time></trkpt><trkpt lat="55.311741" lon="26.626761"><ele>0.009</ele><time>2023-10-06T20:29:32Z</time></trkpt><trkpt lat="55.311898" lon="26.626519"><ele>0.027</ele><time>2023-10-06T20:30:12Z</time></trkpt><trkpt lat="55.311979" lon="26.626399"><ele>0.070</ele><time>2023-10-06T20:30:52Z</time></trkpt><trkpt lat="55.312042" lon="26.625927"><ele>0.055</ele><time>2023-10-06T20:31:32Z</time></trkpt><trkpt lat="55.312159" lon="26.623328"><ele>0.027</ele><time>2023-10-06T20:32:12Z</time></trkpt><trkpt lat="55.312194" lon="26.622382"><ele>136.182</ele><time>2021-05-01T08:51:56Z</time></trkpt><trkpt lat="55.311795" lon="26.611112"><ele>136.030</ele><time>2021-05-01T08:51:20Z</time></trkpt><trkpt lat="55.311781" lon="26.609979"><ele>0.023</ele><time>2023-10-06T20:34:12Z</time></trkpt><trkpt lat="55.311851" lon="26.608884"><ele>138.610</ele><time>2021-05-01T08:51:11Z</time></trkpt><trkpt lat="55.311855" lon="26.608411"><ele>0.088</ele><time>2023-10-06T20:35:32Z</time></trkpt><trkpt lat="55.312003" lon="26.608159"><ele>138.141</ele><time>2021-05-01T08:51:07Z</time></trkpt><trkpt lat="55.314135" lon="26.604543"><ele>139.081</ele><time>2021-05-01T08:50:42Z</time></trkpt><trkpt lat="55.314121" lon="26.603724"><ele>137.109</ele><time>2021-05-01T08:50:37Z</time></trkpt><trkpt lat="55.313837" lon="26.602585"><ele>0.009</ele><time>2023-10-06T20:38:12Z</time></trkpt><trkpt lat="55.313705" lon="26.601872"><ele>0.095</ele><time>2023-10-06T20:38:52Z</time></trkpt><trkpt lat="55.313697" lon="26.601569"><ele>136.198</ele><time>2021-05-01T08:50:25Z</time></trkpt><trkpt lat="55.313685" lon="26.601193"><ele>0.023</ele><time>2023-10-06T20:40:12Z</time></trkpt><trkpt lat="55.313854" lon="26.599231"><ele>0.025</ele><time>2023-10-06T20:40:52Z</time></trkpt><trkpt lat="55.314391" lon="26.594253"><ele>0.020</ele><time>2023-10-06T20:41:32Z</time></trkpt><trkpt lat="55.314884" lon="26.589658"><ele>0.068</ele><time>2023-10-06T20:42:12Z</time></trkpt><trkpt lat="55.314903" lon="26.589329"><ele>0.011</ele><time>2023-10-06T20:42:52Z</time></trkpt><trkpt lat="55.314783" lon="26.588781"><ele>0.038</ele><time>2023-10-06T20:43:32Z</time></trkpt><trkpt lat="55.314701" lon="26.588518"><ele>0.066</ele><time>2023-10-06T20:44:12Z</time></trkpt><trkpt lat="55.314784" lon="26.588414"><ele>132.819</ele><time>2021-05-01T08:49:25Z</time></trkpt><trkpt lat="55.315513" lon="26.587024"><ele>128.909</ele><time>2021-05-01T08:49:17Z</time></trkpt><trkpt lat="55.315855" lon="26.585919"><ele>131.019</ele><time>2021-05-01T08:49:13Z</time></trkpt><trkpt lat="55.316402" lon="26.583592"><ele>0.009</ele><time>2023-10-06T20:46:52Z</time></trkpt><trkpt lat="55.317405" lon="26.579632"><ele>0.022</ele><time>2023-10-06T20:47:32Z</time></trkpt><trkpt lat="55.318019" lon="26.577306"><ele>0.085</ele><time>2023-10-06T20:48:12Z</time></trkpt><trkpt lat="55.318723" lon="26.574988"><ele>131.040</ele><time>2021-05-01T08:48:39Z</time></trkpt><trkpt lat="55.318834" lon="26.57418"><ele>0.052</ele><time>2023-10-06T20:49:32Z</time></trkpt><trkpt lat="55.318886" lon="26.573151"><ele>131.377</ele><time>2021-05-01T08:48:33Z</time></trkpt><trkpt lat="55.318864" lon="26.572568"><ele>0.065</ele><time>2023-10-06T20:50:52Z</time></trkpt><trkpt lat="55.318719" lon="26.571604"><ele>0.038</ele><time>2023-10-06T20:51:32Z</time></trkpt><trkpt lat="55.318478" lon="26.57046"><ele>130.565</ele><time>2021-05-01T08:48:25Z</time></trkpt><trkpt lat="55.316023" lon="26.558336"><ele>135.363</ele><time>2021-05-01T08:47:48Z</time></trkpt><trkpt lat="55.315915" lon="26.557658"><ele>0.099</ele><time>2023-10-06T20:53:32Z</time></trkpt><trkpt lat="55.315337" lon="26.542649"><ele>133.107</ele><time>2021-05-01T08:47:04Z</time></trkpt><trkpt lat="55.315363" lon="26.54046"><ele>0.027</ele><time>2023-10-06T20:54:52Z</time></trkpt><trkpt lat="55.315374" lon="26.539243"><ele>0.009</ele><time>2023-10-06T20:55:32Z</time></trkpt><trkpt lat="55.31538" lon="26.538081"><ele>0.040</ele><time>2023-10-06T20:56:12Z</time></trkpt><trkpt lat="55.315305" lon="26.536838"><ele>135.053</ele><time>2021-05-01T08:46:47Z</time></trkpt><trkpt lat="55.315284" lon="26.536327"><ele>0.048</ele><time>2023-10-06T20:57:32Z</time></trkpt><trkpt lat="55.314899" lon="26.534684"><ele>0.010</ele><time>2023-10-06T20:58:12Z</time></trkpt><trkpt lat="55.314552" lon="26.533249"><ele>0.085</ele><time>2023-10-06T20:58:52Z</time></trkpt><trkpt lat="55.314495" lon="26.532744"><ele>0.083</ele><time>2023-10-06T20:59:32Z</time></trkpt><trkpt lat="55.314422" lon="26.531992"><ele>138.866</ele><time>2021-05-01T08:46:33Z</time></trkpt><trkpt lat="55.314318" lon="26.531155"><ele>0.033</ele><time>2023-10-06T21:00:52Z</time></trkpt><trkpt lat="55.314052" lon="26.528766"><ele>0.091</ele><time>2023-10-06T21:01:32Z</time></trkpt><trkpt lat="55.313735" lon="26.525609"><ele>0.026</ele><time>2023-10-06T21:02:12Z</time></trkpt><trkpt lat="55.313519" lon="26.523494"><ele>0.047</ele><time>2023-10-06T21:02:52Z</time></trkpt><trkpt lat="55.313539" lon="26.523155"><ele>0.011</ele><time>2023-10-06T21:03:32Z</time></trkpt><trkpt lat="55.313235" lon="26.520459"><ele>0.009</ele><time>2023-10-06T21:04:12Z</time></trkpt><trkpt lat="55.313225" lon="26.519701"><ele>139.073</ele><time>2021-05-01T08:45:59Z</time></trkpt><trkpt lat="55.313392" lon="26.518843"><ele>138.816</ele><time>2021-05-01T08:45:56Z</time></trkpt><trkpt lat="55.313517" lon="26.518288"><ele>0.081</ele><time>2023-10-06T21:06:12Z</time></trkpt><trkpt lat="55.314025" lon="26.516916"><ele>0.063</ele><time>2023-10-06T21:06:52Z</time></trkpt><trkpt lat="55.314383" lon="26.515962"><ele>0.088</ele><time>2023-10-06T21:07:32Z</time></trkpt><trkpt lat="55.31465" lon="26.515631"><ele>132.376</ele><time>2021-05-01T08:45:42Z</time></trkpt><trkpt lat="55.314891" lon="26.515281"><ele>0.059</ele><time>2023-10-06T21:08:52Z</time></trkpt><trkpt lat="55.31567" lon="26.514643"><ele>139.396</ele><time>2021-05-01T08:45:34Z</time></trkpt><trkpt lat="55.316004" lon="26.514489"><ele>0.084</ele><time>2023-10-06T21:10:12Z</time></trkpt><trkpt lat="55.316755" lon="26.514473"><ele>139.048</ele><time>2021-05-01T08:45:25Z</time></trkpt><trkpt lat="55.317334" lon="26.514448"><ele>141.061</ele><time>2021-05-01T08:44:24Z</time></trkpt><trkpt lat="55.317811" lon="26.514808"><ele>141.517</ele><time>2021-05-01T08:44:15Z</time></trkpt><trkpt lat="55.31796" lon="26.514955"><ele>0.009</ele><time>2023-10-06T21:12:52Z</time></trkpt><trkpt lat="55.318168" lon="26.515382"><ele>0.065</ele><time>2023-10-06T21:13:32Z</time></trkpt><trkpt lat="55.318339" lon="26.51617"><ele>147.028</ele><time>2021-05-01T08:44:07Z</time></trkpt><trkpt lat="55.318958" lon="26.516987"><ele>147.973</ele><time>2021-05-01T08:44:01Z</time></trkpt><trkpt lat="55.32028" lon="26.517555"><ele>0.085</ele><time>2023-10-06T21:15:32Z</time></trkpt><trkpt lat="55.320903" lon="26.517923"><ele>149.310</ele><time>2021-05-01T08:43:47Z</time></trkpt><trkpt lat="55.321255" lon="26.518112"><ele>0.098</ele><time>2023-10-06T21:16:52Z</time></trkpt><trkpt lat="55.322315" lon="26.519058"><ele>147.191</ele><time>2021-05-01T08:43:35Z</time></trkpt><trkpt lat="55.322463" lon="26.51915"><ele>0.038</ele><time>2023-10-06T21:18:12Z</time></trkpt><trkpt lat="55.322784" lon="26.51984"><ele>0.016</ele><time>2023-10-06T21:18:52Z</time></trkpt><trkpt lat="55.32308" lon="26.520432"><ele>0.014</ele><time>2023-10-06T21:19:32Z</time></trkpt><trkpt lat="55.323175" lon="26.520519"><ele>146.954</ele><time>2021-05-01T08:43:19Z</time></trkpt><trkpt lat="55.323433" lon="26.520628"><ele>145.009</ele><time>2021-05-01T08:43:14Z</time></trkpt><trkpt lat="55.324183" lon="26.5199"><ele>0.009</ele><time>2023-10-06T21:21:32Z</time></trkpt><trkpt lat="55.324541" lon="26.519647"><ele>0.022</ele><time>2023-10-06T21:22:12Z</time></trkpt><trkpt lat="55.325201" lon="26.519076"><ele>134.835</ele><time>2021-05-01T08:42:50Z</time></trkpt><trkpt lat="55.326112" lon="26.518876"><ele>136.040</ele><time>2021-05-01T08:42:30Z</time></trkpt><trkpt lat="55.326448" lon="26.51869"><ele>135.322</ele><time>2021-05-01T08:42:24Z</time></trkpt><trkpt lat="55.326997" lon="26.517654"><ele>134.217</ele><time>2021-05-01T08:42:14Z</time></trkpt><trkpt lat="55.327455" lon="26.516312"><ele>135.925</ele><time>2021-05-01T08:42:04Z</time></trkpt><trkpt lat="55.327595" lon="26.516218"><ele>0.028</ele><time>2023-10-06T21:26:12Z</time></trkpt><trkpt lat="55.32975" lon="26.516276"><ele>131.885</ele><time>2021-05-01T08:41:42Z</time></trkpt><trkpt lat="55.329813" lon="26.515753"><ele>0.073</ele><time>2023-10-06T21:27:32Z</time></trkpt><trkpt lat="55.329989" lon="26.515029"><ele>0.068</ele><time>2023-10-06T21:28:12Z</time></trkpt><trkpt lat="55.33024" lon="26.514228"><ele>0.042</ele><time>2023-10-06T21:28:52Z</time></trkpt><trkpt lat="55.330375" lon="26.51403"><ele>133.026</ele><time>2021-05-01T08:41:20Z</time></trkpt><trkpt lat="55.330962" lon="26.513503"><ele>0.009</ele><time>2023-10-06T21:30:12Z</time></trkpt><trkpt lat="55.330753" lon="26.513687"><ele>132.087</ele><time>2021-05-01T08:41:16Z</time></trkpt><trkpt lat="55.331704" lon="26.513183"><ele>0.070</ele><time>2023-10-06T21:31:32Z</time></trkpt><trkpt lat="55.332364" lon="26.512656"><ele>130.925</ele><time>2021-05-01T08:40:58Z</time></trkpt><trkpt lat="55.332439" lon="26.512403"><ele>0.017</ele><time>2023-10-06T21:32:52Z</time></trkpt><trkpt lat="55.33225" lon="26.51191"><ele>0.012</ele><time>2023-10-06T21:33:32Z</time></trkpt><trkpt lat="55.332232" lon="26.511672"><ele>131.090</ele><time>2021-05-01T08:40:46Z</time></trkpt><trkpt lat="55.332431" lon="26.510704"><ele>0.073</ele><time>2023-10-06T21:34:52Z</time></trkpt><trkpt lat="55.33265" lon="26.509212"><ele>0.020</ele><time>2023-10-06T21:35:32Z</time></trkpt><trkpt lat="55.332726" lon="26.508421"><ele>130.748</ele><time>2021-05-01T08:40:24Z</time></trkpt><trkpt lat="55.332786" lon="26.507788"><ele>0.074</ele><time>2023-10-06T21:36:52Z</time></trkpt><trkpt lat="55.332769" lon="26.506161"><ele>131.056</ele><time>2021-05-01T08:40:12Z</time></trkpt><trkpt lat="55.332853" lon="26.505048"><ele>132.521</ele><time>2021-05-01T08:40:03Z</time></trkpt><trkpt lat="55.332902" lon="26.504357"><ele>0.009</ele><time>2023-10-06T21:38:52Z</time></trkpt><trkpt lat="55.332801" lon="26.503928"><ele>133.998</ele><time>2021-05-01T08:39:55Z</time></trkpt><trkpt lat="55.332764" lon="26.503688"><ele>0.061</ele><time>2023-10-06T21:40:12Z</time></trkpt><trkpt lat="55.33302" lon="26.502471"><ele>0.046</ele><time>2023-10-06T21:40:52Z</time></trkpt><trkpt lat="55.333058" lon="26.502021"><ele>0.018</ele><time>2023-10-06T21:41:32Z</time></trkpt><trkpt lat="55.333208" lon="26.501462"><ele>0.023</ele><time>2023-10-06T21:42:12Z</time></trkpt><trkpt lat="55.333265" lon="26.501231"><ele>136.011</ele><time>2021-05-01T08:39:42Z</time></trkpt><trkpt lat="55.333302" lon="26.50087"><ele>0.074</ele><time>2023-10-06T21:43:32Z</time></trkpt><trkpt lat="55.333159" lon="26.500099"><ele>135.091</ele><time>2021-05-01T08:39:32Z</time></trkpt><trkpt lat="55.333132" lon="26.499839"><ele>0.079</ele><time>2023-10-06T21:44:52Z</time></trkpt><trkpt lat="55.333326" lon="26.49894"><ele>136.719</ele><time>2021-05-01T08:39:24Z</time></trkpt><trkpt lat="55.33318" lon="26.498559"><ele>138.009</ele><time>2021-05-01T08:39:20Z</time></trkpt><trkpt lat="55.331811" lon="26.496631"><ele>147.519</ele><time>2021-05-01T08:38:59Z</time></trkpt><trkpt lat="55.330784" lon="26.495844"><ele>144.809</ele><time>2021-05-01T08:38:44Z</time></trkpt><trkpt lat="55.330416" lon="26.494544"><ele>141.982</ele><time>2021-05-01T08:38:36Z</time></trkpt><trkpt lat="55.330467" lon="26.494384"><ele>141.085</ele><time>2021-05-01T08:38:34Z</time></trkpt><trkpt lat="55.331071" lon="26.493893"><ele>0.030</ele><time>2023-10-06T21:49:32Z</time></trkpt><trkpt lat="55.331911" lon="26.493412"><ele>144.922</ele><time>2021-05-01T08:38:20Z</time></trkpt><trkpt lat="55.332133" lon="26.492947"><ele>0.087</ele><time>2023-10-06T21:50:52Z</time></trkpt><trkpt lat="55.333011" lon="26.491777"><ele>136.835</ele><time>2021-05-01T08:38:08Z</time></trkpt><trkpt lat="55.333226" lon="26.491454"><ele>0.068</ele><time>2023-10-06T21:52:12Z</time></trkpt><trkpt lat="55.334389" lon="26.490881"><ele>0.065</ele><time>2023-10-06T21:52:52Z</time></trkpt><trkpt lat="55.334753" lon="26.490694"><ele>132.163</ele><time>2021-05-01T08:37:54Z</time></trkpt><trkpt lat="55.335186" lon="26.489772"><ele>134.865</ele><time>2021-05-01T08:37:48Z</time></trkpt><trkpt lat="55.335286" lon="26.489542"><ele>0.068</ele><time>2023-10-06T21:54:52Z</time></trkpt><trkpt lat="55.335512" lon="26.489443"><ele>0.014</ele><time>2023-10-06T21:55:32Z</time></trkpt><trkpt lat="55.335663" lon="26.489376"><ele>135.009</ele><time>2021-05-01T08:37:43Z</time></trkpt><trkpt lat="55.335839" lon="26.488948"><ele>0.047</ele><time>2023-10-06T21:56:52Z</time></trkpt><trkpt lat="55.336253" lon="26.487215"><ele>0.060</ele><time>2023-10-06T21:57:32Z</time></trkpt><trkpt lat="55.336641" lon="26.485636"><ele>0.065</ele><time>2023-10-06T21:58:12Z</time></trkpt><trkpt lat="55.337155" lon="26.483431"><ele>135.067</ele><time>2021-05-01T08:37:12Z</time></trkpt><trkpt lat="55.337205" lon="26.483036"><ele>0.032</ele><time>2023-10-06T21:59:32Z</time></trkpt><trkpt lat="55.337136" lon="26.482587"><ele>0.030</ele><time>2023-10-06T22:00:12Z</time></trkpt><trkpt lat="55.337173" lon="26.481599"><ele>136.043</ele><time>2021-05-01T08:37:03Z</time></trkpt><trkpt lat="55.337185" lon="26.481249"><ele>0.040</ele><time>2023-10-06T22:01:32Z</time></trkpt><trkpt lat="55.337307" lon="26.480815"><ele>135.018</ele><time>2021-05-01T08:36:59Z</time></trkpt><trkpt lat="55.337392" lon="26.480536"><ele>0.067</ele><time>2023-10-06T22:02:52Z</time></trkpt><trkpt lat="55.337807" lon="26.480162"><ele>0.081</ele><time>2023-10-06T22:03:32Z</time></trkpt><trkpt lat="55.338127" lon="26.479942"><ele>0.019</ele><time>2023-10-06T22:04:12Z</time></trkpt><trkpt lat="55.338436" lon="26.47982"><ele>134.309</ele><time>2021-05-01T08:36:46Z</time></trkpt><trkpt lat="55.339769" lon="26.478006"><ele>133.067</ele><time>2021-05-01T08:36:22Z</time></trkpt><trkpt lat="55.339715" lon="26.477206"><ele>134.010</ele><time>2021-05-01T08:36:13Z</time></trkpt><trkpt lat="55.340103" lon="26.473289"><ele>131.135</ele><time>2021-05-01T08:35:36Z</time></trkpt><trkpt lat="55.340151" lon="26.469691"><ele>132.587</ele><time>2021-05-01T08:34:58Z</time></trkpt><trkpt lat="55.339743" lon="26.469654"><ele>0.032</ele><time>2023-10-06T22:08:12Z</time></trkpt><trkpt lat="55.338014" lon="26.469866"><ele>0.010</ele><time>2023-10-06T22:08:52Z</time></trkpt><trkpt lat="55.33758" lon="26.469878"><ele>0.073</ele><time>2023-10-06T22:09:32Z</time></trkpt><trkpt lat="55.337309" lon="26.47005"><ele>137.640</ele><time>2021-05-01T08:34:15Z</time></trkpt><trkpt lat="55.337134" lon="26.470011"><ele>0.058</ele><time>2023-10-06T22:10:52Z</time></trkpt><trkpt lat="55.337061" lon="26.469847"><ele>138.887</ele><time>2021-05-01T08:34:11Z</time></trkpt><trkpt lat="55.336951" lon="26.469682"><ele>0.042</ele><time>2023-10-06T22:12:12Z</time></trkpt><trkpt lat="55.336808" lon="26.468838"><ele>139.526</ele><time>2021-05-01T08:34:03Z</time></trkpt><trkpt lat="55.336787" lon="26.468575"><ele>0.009</ele><time>2023-10-06T22:13:32Z</time></trkpt><trkpt lat="55.337043" lon="26.467997"><ele>138.339</ele><time>2021-05-01T08:33:57Z</time></trkpt><trkpt lat="55.337205" lon="26.464987"><ele>143.092</ele><time>2021-05-01T08:33:36Z</time></trkpt><trkpt lat="55.337219" lon="26.464607"><ele>0.087</ele><time>2023-10-06T22:15:32Z</time></trkpt><trkpt lat="55.337376" lon="26.464113"><ele>0.029</ele><time>2023-10-06T22:16:12Z</time></trkpt><trkpt lat="55.337501" lon="26.463642"><ele>0.084</ele><time>2023-10-06T22:16:52Z</time></trkpt><trkpt lat="55.337651" lon="26.463126"><ele>0.082</ele><time>2023-10-06T22:17:32Z</time></trkpt><trkpt lat="55.337834" lon="26.462797"><ele>0.035</ele><time>2023-10-06T22:18:12Z</time></trkpt><trkpt lat="55.33794" lon="26.462577"><ele>0.042</ele><time>2023-10-06T22:18:52Z</time></trkpt><trkpt lat="55.338009" lon="26.462139"><ele>0.060</ele><time>2023-10-06T22:19:32Z</time></trkpt><trkpt lat="55.338097" lon="26.461656"><ele>0.058</ele><time>2023-10-06T22:20:12Z</time></trkpt><trkpt lat="55.338235" lon="26.461162"><ele>0.052</ele><time>2023-10-06T22:20:52Z</time></trkpt><trkpt lat="55.338367" lon="26.460965"><ele>0.017</ele><time>2023-10-06T22:21:32Z</time></trkpt><trkpt lat="55.338492" lon="26.460822"><ele>0.009</ele><time>2023-10-06T22:22:12Z</time></trkpt><trkpt lat="55.338586" lon="26.460712"><ele>0.046</ele><time>2023-10-06T22:22:52Z</time></trkpt><trkpt lat="55.338643" lon="26.460591"><ele>0.049</ele><time>2023-10-06T22:23:32Z</time></trkpt><trkpt lat="55.338655" lon="26.460339"><ele>0.094</ele><time>2023-10-06T22:24:12Z</time></trkpt><trkpt lat="55.338655" lon="26.46012"><ele>0.066</ele><time>2023-10-06T22:24:52Z</time></trkpt><trkpt lat="55.338655" lon="26.459857"><ele>0.041</ele><time>2023-10-06T22:25:32Z</time></trkpt><trkpt lat="55.338661" lon="26.459626"><ele>0.069</ele><time>2023-10-06T22:26:12Z</time></trkpt><trkpt lat="55.338667" lon="26.459363"><ele>0.032</ele><time>2023-10-06T22:26:52Z</time></trkpt><trkpt lat="55.338673" lon="26.459155"><ele>0.049</ele><time>2023-10-06T22:27:32Z</time></trkpt><trkpt lat="55.338805" lon="26.458815"><ele>0.017</ele><time>2023-10-06T22:28:12Z</time></trkpt><trkpt lat="55.338905" lon="26.458475"><ele>0.083</ele><time>2023-10-06T22:28:52Z</time></trkpt><trkpt lat="55.338974" lon="26.458168"><ele>0.025</ele><time>2023-10-06T22:29:32Z</time></trkpt><trkpt lat="55.338949" lon="26.457937"><ele>0.017</ele><time>2023-10-06T22:30:12Z</time></trkpt><trkpt lat="55.338861" lon="26.457751"><ele>0.009</ele><time>2023-10-06T22:30:52Z</time></trkpt><trkpt lat="55.338823" lon="26.45762"><ele>0.039</ele><time>2023-10-06T22:31:32Z</time></trkpt><trkpt lat="55.338779" lon="26.457477"><ele>0.092</ele><time>2023-10-06T22:32:12Z</time></trkpt><trkpt lat="55.338747" lon="26.457324"><ele>0.097</ele><time>2023-10-06T22:32:52Z</time></trkpt><trkpt lat="55.338728" lon="26.457214"><ele>0.019</ele><time>2023-10-06T22:33:32Z</time></trkpt><trkpt lat="55.338697" lon="26.457105"><ele>0.024</ele><time>2023-10-06T22:34:12Z</time></trkpt><trkpt lat="55.338665" lon="26.456951"><ele>0.012</ele><time>2023-10-06T22:34:52Z</time></trkpt><trkpt lat="55.338634" lon="26.456809"><ele>0.035</ele><time>2023-10-06T22:35:32Z</time></trkpt><trkpt lat="55.338596" lon="26.456677"><ele>0.032</ele><time>2023-10-06T22:36:12Z</time></trkpt><trkpt lat="55.338564" lon="26.456579"><ele>0.050</ele><time>2023-10-06T22:36:52Z</time></trkpt><trkpt lat="55.338527" lon="26.45648"><ele>0.025</ele><time>2023-10-06T22:37:32Z</time></trkpt><trkpt lat="55.338489" lon="26.456404"><ele>0.026</ele><time>2023-10-06T22:38:12Z</time></trkpt><trkpt lat="55.338445" lon="26.456305"><ele>0.008</ele><time>2023-10-06T22:38:52Z</time></trkpt><trkpt lat="55.338419" lon="26.456152"><ele>0.009</ele><time>2023-10-06T22:39:32Z</time></trkpt><trkpt lat="55.338432" lon="26.455943"><ele>0.033</ele><time>2023-10-06T22:40:12Z</time></trkpt><trkpt lat="55.338469" lon="26.455713"><ele>0.086</ele><time>2023-10-06T22:40:52Z</time></trkpt><trkpt lat="55.338501" lon="26.455614"><ele>0.051</ele><time>2023-10-06T22:41:32Z</time></trkpt><trkpt lat="55.338538" lon="26.455494"><ele>0.083</ele><time>2023-10-06T22:42:12Z</time></trkpt><trkpt lat="55.338683" lon="26.455373"><ele>0.078</ele><time>2023-10-06T22:42:52Z</time></trkpt><trkpt lat="55.338828" lon="26.455394"><ele>0.096</ele><time>2023-10-06T22:43:32Z</time></trkpt><trkpt lat="55.338903" lon="26.455427"><ele>0.029</ele><time>2023-10-06T22:44:12Z</time></trkpt><trkpt lat="55.339016" lon="26.455492"><ele>0.046</ele><time>2023-10-06T22:44:52Z</time></trkpt><trkpt lat="55.339104" lon="26.455547"><ele>0.054</ele><time>2023-10-06T22:45:32Z</time></trkpt><trkpt lat="55.33918" lon="26.455602"><ele>0.036</ele><time>2023-10-06T22:46:12Z</time></trkpt><trkpt lat="55.339337" lon="26.455645"><ele>0.017</ele><time>2023-10-06T22:46:52Z</time></trkpt><trkpt lat="55.339519" lon="26.455502"><ele>0.018</ele><time>2023-10-06T22:47:32Z</time></trkpt><trkpt lat="55.339632" lon="26.455206"><ele>0.009</ele><time>2023-10-06T22:48:12Z</time></trkpt><trkpt lat="55.339682" lon="26.454997"><ele>0.084</ele><time>2023-10-06T22:48:52Z</time></trkpt><trkpt lat="55.339695" lon="26.454712"><ele>0.087</ele><time>2023-10-06T22:49:32Z</time></trkpt><trkpt lat="55.339669" lon="26.454416"><ele>0.042</ele><time>2023-10-06T22:50:12Z</time></trkpt><trkpt lat="55.339619" lon="26.454186"><ele>0.094</ele><time>2023-10-06T22:50:52Z</time></trkpt><trkpt lat="55.339594" lon="26.454055"><ele>0.039</ele><time>2023-10-06T22:51:32Z</time></trkpt><trkpt lat="55.339537" lon="26.453836"><ele>0.057</ele><time>2023-10-06T22:52:12Z</time></trkpt><trkpt lat="55.339474" lon="26.453704"><ele>0.050</ele><time>2023-10-06T22:52:52Z</time></trkpt><trkpt lat="55.339405" lon="26.453573"><ele>0.097</ele><time>2023-10-06T22:53:32Z</time></trkpt><trkpt lat="55.339335" lon="26.453474"><ele>0.095</ele><time>2023-10-06T22:54:12Z</time></trkpt><trkpt lat="55.339247" lon="26.453376"><ele>0.052</ele><time>2023-10-06T22:54:52Z</time></trkpt><trkpt lat="55.339222" lon="26.453299"><ele>0.053</ele><time>2023-10-06T22:55:32Z</time></trkpt><trkpt lat="55.339247" lon="26.453179"><ele>0.008</ele><time>2023-10-06T22:56:12Z</time></trkpt><trkpt lat="55.33926" lon="26.453069"><ele>0.009</ele><time>2023-10-06T22:56:52Z</time></trkpt><trkpt lat="55.339291" lon="26.45297"><ele>0.086</ele><time>2023-10-06T22:57:32Z</time></trkpt><trkpt lat="55.339429" lon="26.452564"><ele>0.019</ele><time>2023-10-06T22:58:12Z</time></trkpt><trkpt lat="55.339554" lon="26.452158"><ele>0.094</ele><time>2023-10-06T22:58:52Z</time></trkpt><trkpt lat="55.339724" lon="26.451654"><ele>0.056</ele><time>2023-10-06T22:59:32Z</time></trkpt><trkpt lat="55.339874" lon="26.451248"><ele>0.051</ele><time>2023-10-06T23:00:12Z</time></trkpt><trkpt lat="55.339987" lon="26.451061"><ele>0.089</ele><time>2023-10-06T23:00:52Z</time></trkpt><trkpt lat="55.340138" lon="26.450973"><ele>0.062</ele><time>2023-10-06T23:01:32Z</time></trkpt><trkpt lat="55.340182" lon="26.450896"><ele>0.059</ele><time>2023-10-06T23:02:12Z</time></trkpt><trkpt lat="55.340245" lon="26.450753"><ele>0.057</ele><time>2023-10-06T23:02:52Z</time></trkpt><trkpt lat="55.340295" lon="26.450567"><ele>0.026</ele><time>2023-10-06T23:03:32Z</time></trkpt><trkpt lat="55.340326" lon="26.450326"><ele>0.047</ele><time>2023-10-06T23:04:12Z</time></trkpt><trkpt lat="55.340345" lon="26.45015"><ele>0.011</ele><time>2023-10-06T23:04:52Z</time></trkpt><trkpt lat="55.340383" lon="26.449953"><ele>0.009</ele><time>2023-10-06T23:05:32Z</time></trkpt><trkpt lat="55.340595" lon="26.449514"><ele>0.073</ele><time>2023-10-06T23:06:12Z</time></trkpt><trkpt lat="55.340727" lon="26.449316"><ele>0.056</ele><time>2023-10-06T23:06:52Z</time></trkpt><trkpt lat="55.340884" lon="26.44914"><ele>0.051</ele><time>2023-10-06T23:07:32Z</time></trkpt><trkpt lat="55.341041" lon="26.448932"><ele>0.013</ele><time>2023-10-06T23:08:12Z</time></trkpt><trkpt lat="55.341173" lon="26.448646"><ele>0.098</ele><time>2023-10-06T23:08:52Z</time></trkpt><trkpt lat="55.341273" lon="26.44846"><ele>0.056</ele><time>2023-10-06T23:09:32Z</time></trkpt><trkpt lat="55.341374" lon="26.448284"><ele>0.079</ele><time>2023-10-06T23:10:12Z</time></trkpt><trkpt lat="55.341468" lon="26.448141"><ele>0.066</ele><time>2023-10-06T23:10:52Z</time></trkpt><trkpt lat="55.341543" lon="26.447944"><ele>0.034</ele><time>2023-10-06T23:11:32Z</time></trkpt><trkpt lat="55.341612" lon="26.447702"><ele>0.024</ele><time>2023-10-06T23:12:12Z</time></trkpt><trkpt lat="55.341675" lon="26.44745"><ele>0.004</ele><time>2023-10-06T23:12:52Z</time></trkpt><trkpt lat="55.3417" lon="26.44711"><ele>0.014</ele><time>2023-10-06T23:13:32Z</time></trkpt><trkpt lat="55.341819" lon="26.446562"><ele>0.009</ele><time>2023-10-06T23:14:12Z</time></trkpt><trkpt lat="55.341957" lon="26.445871"><ele>0.093</ele><time>2023-10-06T23:14:52Z</time></trkpt><trkpt lat="55.342019" lon="26.445607"><ele>0.036</ele><time>2023-10-06T23:15:32Z</time></trkpt><trkpt lat="55.342082" lon="26.445377"><ele>0.081</ele><time>2023-10-06T23:16:12Z</time></trkpt><trkpt lat="55.342113" lon="26.445081"><ele>0.043</ele><time>2023-10-06T23:16:52Z</time></trkpt><trkpt lat="55.342151" lon="26.444719"><ele>0.038</ele><time>2023-10-06T23:17:32Z</time></trkpt><trkpt lat="55.342195" lon="26.4445"><ele>0.056</ele><time>2023-10-06T23:18:12Z</time></trkpt><trkpt lat="55.342303" lon="26.444289"><ele>136.449</ele><time>2021-05-01T08:30:51Z</time></trkpt><trkpt lat="55.342489" lon="26.4436"><ele>0.056</ele><time>2023-10-06T23:19:32Z</time></trkpt><trkpt lat="55.342803" lon="26.442558"><ele>0.084</ele><time>2023-10-06T23:20:12Z</time></trkpt><trkpt lat="55.343255" lon="26.441252"><ele>0.036</ele><time>2023-10-06T23:20:52Z</time></trkpt><trkpt lat="55.343512" lon="26.440495"><ele>0.017</ele><time>2023-10-06T23:21:32Z</time></trkpt><trkpt lat="55.343757" lon="26.439771"><ele>0.018</ele><time>2023-10-06T23:22:12Z</time></trkpt><trkpt lat="55.34392" lon="26.439167"><ele>0.009</ele><time>2023-10-06T23:22:52Z</time></trkpt><trkpt lat="55.344158" lon="26.438465"><ele>0.054</ele><time>2023-10-06T23:23:32Z</time></trkpt><trkpt lat="55.344657" lon="26.437316"><ele>0.047</ele><time>2023-10-06T23:24:12Z</time></trkpt><trkpt lat="55.34487" lon="26.436724"><ele>0.022</ele><time>2023-10-06T23:24:52Z</time></trkpt><trkpt lat="55.34519" lon="26.435977"><ele>0.044</ele><time>2023-10-06T23:25:32Z</time></trkpt><trkpt lat="55.345378" lon="26.435505"><ele>0.079</ele><time>2023-10-06T23:26:12Z</time></trkpt><trkpt lat="55.345485" lon="26.435297"><ele>135.247</ele><time>2021-05-01T08:29:37Z</time></trkpt><trkpt lat="55.345567" lon="26.435143"><ele>0.030</ele><time>2023-10-06T23:27:32Z</time></trkpt><trkpt lat="55.345555" lon="26.43408"><ele>136.097</ele><time>2021-05-01T08:29:25Z</time></trkpt><trkpt lat="55.345215" lon="26.433792"><ele>136.755</ele><time>2021-05-01T08:29:19Z</time></trkpt><trkpt lat="55.345043" lon="26.433401"><ele>0.031</ele><time>2023-10-06T23:29:32Z</time></trkpt><trkpt lat="55.343958" lon="26.432008"><ele>145.861</ele><time>2021-05-01T08:28:59Z</time></trkpt><trkpt lat="55.343954" lon="26.431858"><ele>0.007</ele><time>2023-10-06T23:30:52Z</time></trkpt><trkpt lat="55.345557" lon="26.430089"><ele>0.009</ele><time>2023-10-06T23:31:32Z</time></trkpt><trkpt lat="55.346649" lon="26.428733"><ele>137.094</ele><time>2021-05-01T08:28:31Z</time></trkpt><trkpt lat="55.347763" lon="26.426963"><ele>135.127</ele><time>2021-05-01T08:27:19Z</time></trkpt><trkpt lat="55.348628" lon="26.425022"><ele>135.072</ele><time>2021-05-01T08:27:11Z</time></trkpt><trkpt lat="55.349884" lon="26.420863"><ele>139.544</ele><time>2021-05-01T08:26:52Z</time></trkpt><trkpt lat="55.350976" lon="26.421228"><ele>137.059</ele><time>2021-05-01T08:26:28Z</time></trkpt><trkpt lat="55.351987" lon="26.421811"><ele>137.077</ele><time>2021-05-01T08:26:15Z</time></trkpt><trkpt lat="55.352335" lon="26.422322"><ele>0.010</ele><time>2023-10-06T23:36:12Z</time></trkpt><trkpt lat="55.352517" lon="26.422705"><ele>0.067</ele><time>2023-10-06T23:36:52Z</time></trkpt><trkpt lat="55.352656" lon="26.422957"><ele>0.095</ele><time>2023-10-06T23:37:32Z</time></trkpt><trkpt lat="55.352675" lon="26.423077"><ele>0.055</ele><time>2023-10-06T23:38:12Z</time></trkpt><trkpt lat="55.3526" lon="26.423242"><ele>0.007</ele><time>2023-10-06T23:38:52Z</time></trkpt><trkpt lat="55.352587" lon="26.423406"><ele>0.017</ele><time>2023-10-06T23:39:32Z</time></trkpt><trkpt lat="55.352594" lon="26.423571"><ele>0.009</ele><time>2023-10-06T23:40:12Z</time></trkpt><trkpt lat="55.352625" lon="26.42368"><ele>0.016</ele><time>2023-10-06T23:40:52Z</time></trkpt><trkpt lat="55.352644" lon="26.4239"><ele>0.079</ele><time>2023-10-06T23:41:32Z</time></trkpt><trkpt lat="55.352682" lon="26.424064"><ele>0.064</ele><time>2023-10-06T23:42:12Z</time></trkpt><trkpt lat="55.352764" lon="26.423965"><ele>0.086</ele><time>2023-10-06T23:42:52Z</time></trkpt><trkpt lat="55.352852" lon="26.423866"><ele>0.041</ele><time>2023-10-06T23:43:32Z</time></trkpt><trkpt lat="55.353002" lon="26.423734"><ele>0.079</ele><time>2023-10-06T23:44:12Z</time></trkpt><trkpt lat="55.353185" lon="26.423657"><ele>0.022</ele><time>2023-10-06T23:44:52Z</time></trkpt><trkpt lat="55.353493" lon="26.423624"><ele>0.079</ele><time>2023-10-06T23:45:32Z</time></trkpt><trkpt lat="55.353776" lon="26.423634"><ele>0.097</ele><time>2023-10-06T23:46:12Z</time></trkpt><trkpt lat="55.354634" lon="26.423244"><ele>137.056</ele><time>2021-05-01T08:15:28Z</time></trkpt><trkpt lat="55.355154" lon="26.425231"><ele>0.059</ele><time>2023-10-06T23:47:32Z</time></trkpt><trkpt lat="55.355514" lon="26.426502"><ele>0.014</ele><time>2023-10-06T23:48:12Z</time></trkpt><trkpt lat="55.355803" lon="26.428118"><ele>143.709</ele><time>2021-05-01T08:15:12Z</time></trkpt><trkpt lat="55.356248" lon="26.435631"><ele>156.116</ele><time>2021-05-01T08:14:48Z</time></trkpt><trkpt lat="55.356247" lon="26.436154"><ele>0.039</ele><time>2023-10-06T23:50:12Z</time></trkpt><trkpt lat="55.356414" lon="26.436614"><ele>160.164</ele><time>2021-05-01T08:14:44Z</time></trkpt><trkpt lat="55.35781" lon="26.439931"><ele>0.036</ele><time>2023-10-06T23:51:32Z</time></trkpt><trkpt lat="55.358768" lon="26.442198"><ele>0.011</ele><time>2023-10-06T23:52:12Z</time></trkpt><trkpt lat="55.359366" lon="26.443513"><ele>0.089</ele><time>2023-10-06T23:52:52Z</time></trkpt><trkpt lat="55.359567" lon="26.44377"><ele>152.822</ele><time>2021-05-01T08:14:19Z</time></trkpt><trkpt lat="55.360208" lon="26.444629"><ele>154.579</ele><time>2021-05-01T08:14:15Z</time></trkpt><trkpt lat="55.362423" lon="26.446838"><ele>152.877</ele><time>2021-05-01T08:14:03Z</time></trkpt><trkpt lat="55.363361" lon="26.448128"><ele>152.329</ele><time>2021-05-01T08:13:57Z</time></trkpt><trkpt lat="55.364956" lon="26.451808"><ele>157.800</ele><time>2021-05-01T08:13:45Z</time></trkpt><trkpt lat="55.365533" lon="26.453954"><ele>0.020</ele><time>2023-10-06T23:56:52Z</time></trkpt><trkpt lat="55.366" lon="26.455394"><ele>158.509</ele><time>2021-05-01T08:13:32Z</time></trkpt><trkpt lat="55.366413" lon="26.455697"><ele>158.543</ele><time>2021-05-01T08:13:28Z</time></trkpt><trkpt lat="55.373248" lon="26.454779"><ele>146.876</ele><time>2021-05-01T08:12:56Z</time></trkpt><trkpt lat="55.37368" lon="26.454863"><ele>0.041</ele><time>2023-10-06T23:59:32Z</time></trkpt><trkpt lat="55.374026" lon="26.455127"><ele>146.013</ele><time>2021-05-01T08:12:52Z</time></trkpt><trkpt lat="55.374455" lon="26.455506"><ele>0.028</ele><time>2023-10-07T00:00:52Z</time></trkpt><trkpt lat="55.374984" lon="26.456031"><ele>0.066</ele><time>2023-10-07T00:01:32Z</time></trkpt><trkpt lat="55.375494" lon="26.456704"><ele>146.849</ele><time>2021-05-01T08:12:43Z</time></trkpt><trkpt lat="55.37574" lon="26.457268"><ele>0.056</ele><time>2023-10-07T00:02:52Z</time></trkpt><trkpt lat="55.376031" lon="26.458347"><ele>149.354</ele><time>2021-05-01T08:12:37Z</time></trkpt><trkpt lat="55.376129" lon="26.459492"><ele>150.016</ele><time>2021-05-01T08:12:33Z</time></trkpt><trkpt lat="55.376031" lon="26.460555"><ele>0.076</ele><time>2023-10-07T00:04:52Z</time></trkpt><trkpt lat="55.37564" lon="26.467758"><ele>0.013</ele><time>2023-10-07T00:05:32Z</time></trkpt><trkpt lat="55.375442" lon="26.471541"><ele>0.009</ele><time>2023-10-07T00:06:12Z</time></trkpt><trkpt lat="55.375482" lon="26.472088"><ele>149.342</ele><time>2021-05-01T08:11:51Z</time></trkpt><trkpt lat="55.3755" lon="26.472517"><ele>0.055</ele><time>2023-10-07T00:07:32Z</time></trkpt><trkpt lat="55.375676" lon="26.473021"><ele>0.070</ele><time>2023-10-07T00:08:12Z</time></trkpt><trkpt lat="55.376704" lon="26.47463"><ele>0.042</ele><time>2023-10-07T00:08:52Z</time></trkpt><trkpt lat="55.377317" lon="26.475624"><ele>154.777</ele><time>2021-05-01T08:07:45Z</time></trkpt><trkpt lat="55.377844" lon="26.477083"><ele>0.045</ele><time>2023-10-07T00:10:12Z</time></trkpt><trkpt lat="55.378204" lon="26.478069"><ele>0.068</ele><time>2023-10-07T00:10:52Z</time></trkpt><trkpt lat="55.378517" lon="26.478576"><ele>152.865</ele><time>2021-05-01T08:07:29Z</time></trkpt><trkpt lat="55.379041" lon="26.479383"><ele>0.053</ele><time>2023-10-07T00:12:12Z</time></trkpt><trkpt lat="55.380294" lon="26.481145"><ele>0.024</ele><time>2023-10-07T00:12:52Z</time></trkpt><trkpt lat="55.381704" lon="26.482896"><ele>151.004</ele><time>2021-05-01T08:07:06Z</time></trkpt><trkpt lat="55.384368" lon="26.485753"><ele>0.014</ele><time>2023-10-07T00:14:12Z</time></trkpt><trkpt lat="55.385562" lon="26.487169"><ele>145.209</ele><time>2021-05-01T08:06:37Z</time></trkpt><trkpt lat="55.386223" lon="26.4882"><ele>0.093</ele><time>2023-10-07T00:15:32Z</time></trkpt><trkpt lat="55.387048" lon="26.489635"><ele>0.096</ele><time>2023-10-07T00:16:12Z</time></trkpt><trkpt lat="55.391062" lon="26.496595"><ele>147.311</ele><time>2021-05-01T08:05:59Z</time></trkpt><trkpt lat="55.39132" lon="26.496975"><ele>0.083</ele><time>2023-10-07T00:17:32Z</time></trkpt><trkpt lat="55.391779" lon="26.497339"><ele>148.898</ele><time>2021-05-01T08:05:55Z</time></trkpt><trkpt lat="55.39251" lon="26.497827"><ele>0.086</ele><time>2023-10-07T00:18:52Z</time></trkpt><trkpt lat="55.393821" lon="26.498786"><ele>0.099</ele><time>2023-10-07T00:19:32Z</time></trkpt><trkpt lat="55.394576" lon="26.499344"><ele>0.046</ele><time>2023-10-07T00:20:12Z</time></trkpt><trkpt lat="55.395186" lon="26.499975"><ele>142.374</ele><time>2021-05-01T08:05:35Z</time></trkpt><trkpt lat="55.395809" lon="26.500503"><ele>0.094</ele><time>2023-10-07T00:21:32Z</time></trkpt><trkpt lat="55.396312" lon="26.500896"><ele>0.057</ele><time>2023-10-07T00:22:12Z</time></trkpt><trkpt lat="55.396596" lon="26.501126"><ele>0.022</ele><time>2023-10-07T00:22:52Z</time></trkpt><trkpt lat="55.397004" lon="26.501399"><ele>0.009</ele><time>2023-10-07T00:23:32Z</time></trkpt><trkpt lat="55.397235" lon="26.501471"><ele>0.030</ele><time>2023-10-07T00:24:12Z</time></trkpt><trkpt lat="55.397644" lon="26.501689"><ele>0.023</ele><time>2023-10-07T00:24:52Z</time></trkpt><trkpt lat="55.397939" lon="26.501864"><ele>0.078</ele><time>2023-10-07T00:25:32Z</time></trkpt><trkpt lat="55.398424" lon="26.502203"><ele>0.010</ele><time>2023-10-07T00:26:12Z</time></trkpt><trkpt lat="55.398965" lon="26.502695"><ele>0.015</ele><time>2023-10-07T00:26:52Z</time></trkpt><trkpt lat="55.399223" lon="26.502837"><ele>0.013</ele><time>2023-10-07T00:27:32Z</time></trkpt><trkpt lat="55.399531" lon="26.503154"><ele>0.046</ele><time>2023-10-07T00:28:12Z</time></trkpt><trkpt lat="55.399739" lon="26.503395"><ele>0.073</ele><time>2023-10-07T00:28:52Z</time></trkpt><trkpt lat="55.399934" lon="26.503844"><ele>0.081</ele><time>2023-10-07T00:29:32Z</time></trkpt><trkpt lat="55.400142" lon="26.504424"><ele>0.025</ele><time>2023-10-07T00:30:12Z</time></trkpt><trkpt lat="55.400256" lon="26.505562"><ele>0.026</ele><time>2023-10-07T00:30:52Z</time></trkpt><trkpt lat="55.400345" lon="26.506757"><ele>0.008</ele><time>2023-10-07T00:31:32Z</time></trkpt><trkpt lat="55.40046" lon="26.509695"><ele>0.009</ele><time>2023-10-07T00:32:12Z</time></trkpt><trkpt lat="55.40053" lon="26.510427"><ele>137.513</ele><time>2021-05-01T08:04:44Z</time></trkpt><trkpt lat="55.400612" lon="26.511218"><ele>0.046</ele><time>2023-10-07T00:33:32Z</time></trkpt><trkpt lat="55.400811" lon="26.511783"><ele>137.091</ele><time>2021-05-01T08:04:39Z</time></trkpt><trkpt lat="55.401203" lon="26.512717"><ele>0.093</ele><time>2023-10-07T00:34:52Z</time></trkpt><trkpt lat="55.40194" lon="26.514239"><ele>0.028</ele><time>2023-10-07T00:35:32Z</time></trkpt><trkpt lat="55.406881" lon="26.52378"><ele>150.426</ele><time>2021-05-01T08:03:52Z</time></trkpt><trkpt lat="55.4072" lon="26.52384"><ele>151.799</ele><time>2021-05-01T08:03:48Z</time></trkpt><trkpt lat="55.407495" lon="26.523571"><ele>0.086</ele><time>2023-10-07T00:37:32Z</time></trkpt><trkpt lat="55.409673" lon="26.522246"><ele>0.044</ele><time>2023-10-07T00:38:12Z</time></trkpt><trkpt lat="55.410463" lon="26.521803"><ele>148.776</ele><time>2021-05-01T08:03:25Z</time></trkpt><trkpt lat="55.411106" lon="26.521481"><ele>144.790</ele><time>2021-05-01T08:03:21Z</time></trkpt><trkpt lat="55.411433" lon="26.521332"><ele>0.019</ele><time>2023-10-07T00:40:12Z</time></trkpt><trkpt lat="55.411738" lon="26.521355"><ele>142.009</ele><time>2021-05-01T08:03:17Z</time></trkpt><trkpt lat="55.424352" lon="26.522757"><ele>153.928</ele><time>2021-05-01T08:02:14Z</time></trkpt><trkpt lat="55.424855" lon="26.522529"><ele>153.611</ele><time>2021-05-01T08:02:11Z</time></trkpt><trkpt lat="55.42622" lon="26.521401"><ele>0.086</ele><time>2023-10-07T00:42:52Z</time></trkpt><trkpt lat="55.427288" lon="26.520554"><ele>0.078</ele><time>2023-10-07T00:43:32Z</time></trkpt><trkpt lat="55.427999" lon="26.520081"><ele>0.073</ele><time>2023-10-07T00:44:12Z</time></trkpt><trkpt lat="55.428313" lon="26.519959"><ele>145.161</ele><time>2021-05-01T08:01:51Z</time></trkpt><trkpt lat="55.428779" lon="26.519728"><ele>0.094</ele><time>2023-10-07T00:45:32Z</time></trkpt><trkpt lat="55.430658" lon="26.519197"><ele>0.031</ele><time>2023-10-07T00:46:12Z</time></trkpt><trkpt lat="55.432217" lon="26.518804"><ele>146.039</ele><time>2021-05-01T08:01:31Z</time></trkpt><trkpt lat="55.432544" lon="26.518715"><ele>0.072</ele><time>2023-10-07T00:47:32Z</time></trkpt><trkpt lat="55.432883" lon="26.51843"><ele>147.013</ele><time>2021-05-01T08:01:27Z</time></trkpt><trkpt lat="55.433273" lon="26.517957"><ele>0.014</ele><time>2023-10-07T00:48:52Z</time></trkpt><trkpt lat="55.434026" lon="26.516958"><ele>0.009</ele><time>2023-10-07T00:49:32Z</time></trkpt><trkpt lat="55.434359" lon="26.516584"><ele>151.328</ele><time>2021-05-01T08:01:15Z</time></trkpt><trkpt lat="55.435276" lon="26.514872"><ele>146.861</ele><time>2021-05-01T08:01:05Z</time></trkpt><trkpt lat="55.435572" lon="26.515299"><ele>0.046</ele><time>2023-10-07T00:51:32Z</time></trkpt><trkpt lat="55.435797" lon="26.515867"><ele>148.018</ele><time>2021-05-01T08:00:57Z</time></trkpt><trkpt lat="55.435994" lon="26.516361"><ele>0.053</ele><time>2023-10-07T00:52:52Z</time></trkpt><trkpt lat="55.436337" lon="26.517498"><ele>0.071</ele><time>2023-10-07T00:53:32Z</time></trkpt><trkpt lat="55.436803" lon="26.51867"><ele>0.094</ele><time>2023-10-07T00:54:12Z</time></trkpt><trkpt lat="55.437137" lon="26.519722"><ele>148.971</ele><time>2021-05-01T08:00:39Z</time></trkpt><trkpt lat="55.437579" lon="26.521847"><ele>150.229</ele><time>2021-05-01T08:00:29Z</time></trkpt><trkpt lat="55.437919" lon="26.522567"><ele>153.423</ele><time>2021-05-01T08:00:25Z</time></trkpt><trkpt lat="55.438379" lon="26.522998"><ele>152.083</ele><time>2021-05-01T08:00:21Z</time></trkpt><trkpt lat="55.438884" lon="26.52314"><ele>152.311</ele><time>2021-05-01T08:00:17Z</time></trkpt><trkpt lat="55.439125" lon="26.523137"><ele>153.109</ele><time>2021-05-01T08:00:15Z</time></trkpt><trkpt lat="55.439372" lon="26.523115"><ele>0.073</ele><time>2023-10-07T00:58:52Z</time></trkpt><trkpt lat="55.439661" lon="26.522763"><ele>0.026</ele><time>2023-10-07T00:59:32Z</time></trkpt><trkpt lat="55.439881" lon="26.522587"><ele>0.061</ele><time>2023-10-07T01:00:12Z</time></trkpt><trkpt lat="55.440047" lon="26.522566"><ele>154.613</ele><time>2021-05-01T08:00:07Z</time></trkpt><trkpt lat="55.440828" lon="26.522828"><ele>151.098</ele><time>2021-05-01T08:00:01Z</time></trkpt><trkpt lat="55.44105" lon="26.522908"><ele>0.056</ele><time>2023-10-07T01:02:12Z</time></trkpt><trkpt lat="55.441529" lon="26.523367"><ele>0.089</ele><time>2023-10-07T01:02:52Z</time></trkpt><trkpt lat="55.441826" lon="26.523667"><ele>155.456</ele><time>2021-05-01T07:59:53Z</time></trkpt><trkpt lat="55.44252" lon="26.524032"><ele>156.494</ele><time>2021-05-01T07:59:47Z</time></trkpt><trkpt lat="55.442825" lon="26.524318"><ele>0.095</ele><time>2023-10-07T01:04:52Z</time></trkpt><trkpt lat="55.443264" lon="26.524991"><ele>153.249</ele><time>2021-05-01T07:59:39Z</time></trkpt><trkpt lat="55.443933" lon="26.525509"><ele>0.023</ele><time>2023-10-07T01:06:12Z</time></trkpt><trkpt lat="55.444411" lon="26.525848"><ele>0.009</ele><time>2023-10-07T01:06:52Z</time></trkpt><trkpt lat="55.444776" lon="26.52622"><ele>0.030</ele><time>2023-10-07T01:07:32Z</time></trkpt><trkpt lat="55.444956" lon="26.526485"><ele>148.253</ele><time>2021-05-01T07:59:21Z</time></trkpt><trkpt lat="55.445357" lon="26.527781"><ele>149.728</ele><time>2021-05-01T07:59:13Z</time></trkpt><trkpt lat="55.445419" lon="26.528279"><ele>0.060</ele><time>2023-10-07T01:09:32Z</time></trkpt><trkpt lat="55.445596" lon="26.529123"><ele>0.015</ele><time>2023-10-07T01:10:12Z</time></trkpt><trkpt lat="55.445877" lon="26.530465"><ele>151.573</ele><time>2021-05-01T07:58:59Z</time></trkpt><trkpt lat="55.44746" lon="26.533003"><ele>153.716</ele><time>2021-05-01T07:58:41Z</time></trkpt><trkpt lat="55.448091" lon="26.53559"><ele>156.083</ele><time>2021-05-01T07:58:29Z</time></trkpt><trkpt lat="55.448221" lon="26.536029"><ele>0.051</ele><time>2023-10-07T01:12:52Z</time></trkpt><trkpt lat="55.448309" lon="26.536412"><ele>0.088</ele><time>2023-10-07T01:13:32Z</time></trkpt><trkpt lat="55.448435" lon="26.53662"><ele>0.024</ele><time>2023-10-07T01:14:12Z</time></trkpt><trkpt lat="55.448838" lon="26.537356"><ele>155.026</ele><time>2021-05-01T07:58:17Z</time></trkpt><trkpt lat="55.449115" lon="26.537452"><ele>0.009</ele><time>2023-10-07T01:15:32Z</time></trkpt><trkpt lat="55.449442" lon="26.537583"><ele>0.059</ele><time>2023-10-07T01:16:12Z</time></trkpt><trkpt lat="55.44965" lon="26.537834"><ele>154.292</ele><time>2021-05-01T07:58:09Z</time></trkpt><trkpt lat="55.449926" lon="26.538152"><ele>0.037</ele><time>2023-10-07T01:17:32Z</time></trkpt><trkpt lat="55.450229" lon="26.538611"><ele>0.079</ele><time>2023-10-07T01:18:12Z</time></trkpt><trkpt lat="55.450594" lon="26.539213"><ele>150.614</ele><time>2021-05-01T07:57:57Z</time></trkpt><trkpt lat="55.450927" lon="26.538471"><ele>148.022</ele><time>2021-05-01T07:57:49Z</time></trkpt><trkpt lat="55.45113" lon="26.538416"><ele>148.085</ele><time>2021-05-01T07:57:47Z</time></trkpt><trkpt lat="55.451268" lon="26.538442"><ele>0.022</ele><time>2023-10-07T01:20:52Z</time></trkpt><trkpt lat="55.451684" lon="26.538803"><ele>0.090</ele><time>2023-10-07T01:21:32Z</time></trkpt><trkpt lat="55.451979" lon="26.538901"><ele>148.965</ele><time>2021-05-01T07:57:40Z</time></trkpt><trkpt lat="55.452526" lon="26.538768"><ele>0.068</ele><time>2023-10-07T01:22:52Z</time></trkpt><trkpt lat="55.452985" lon="26.53869"><ele>0.014</ele><time>2023-10-07T01:23:32Z</time></trkpt><trkpt lat="55.453265" lon="26.538769"><ele>148.609</ele><time>2021-05-01T07:57:30Z</time></trkpt><trkpt lat="55.453419" lon="26.53882"><ele>0.097</ele><time>2023-10-07T01:24:52Z</time></trkpt><trkpt lat="55.45376" lon="26.539554"><ele>152.790</ele><time>2021-05-01T07:57:24Z</time></trkpt><trkpt lat="55.454495" lon="26.539903"><ele>0.035</ele><time>2023-10-07T01:26:12Z</time></trkpt><trkpt lat="55.45475" lon="26.540185"><ele>0.077</ele><time>2023-10-07T01:26:52Z</time></trkpt><trkpt lat="55.455286" lon="26.540449"><ele>148.432</ele><time>2021-05-01T07:57:12Z</time></trkpt><trkpt lat="55.455404" lon="26.540567"><ele>0.070</ele><time>2023-10-07T01:28:12Z</time></trkpt><trkpt lat="55.45553" lon="26.541016"><ele>0.093</ele><time>2023-10-07T01:28:52Z</time></trkpt><trkpt lat="55.455643" lon="26.541411"><ele>0.060</ele><time>2023-10-07T01:29:32Z</time></trkpt><trkpt lat="55.45603" lon="26.542339"><ele>148.448</ele><time>2021-05-01T07:57:00Z</time></trkpt><trkpt lat="55.457863" lon="26.543725"><ele>148.481</ele><time>2021-05-01T07:56:47Z</time></trkpt><trkpt lat="55.458507" lon="26.544374"><ele>146.661</ele><time>2021-05-01T07:56:41Z</time></trkpt><trkpt lat="55.459076" lon="26.545745"><ele>145.317</ele><time>2021-05-01T07:56:33Z</time></trkpt><trkpt lat="55.459559" lon="26.546582"><ele>146.809</ele><time>2021-05-01T07:56:27Z</time></trkpt><trkpt lat="55.459956" lon="26.546951"><ele>147.049</ele><time>2021-05-01T07:56:23Z</time></trkpt><trkpt lat="55.46043" lon="26.546866"><ele>147.592</ele><time>2021-05-01T07:56:19Z</time></trkpt><trkpt lat="55.460972" lon="26.546119"><ele>0.037</ele><time>2023-10-07T01:34:52Z</time></trkpt><trkpt lat="55.461581" lon="26.54535"><ele>150.359</ele><time>2021-05-01T07:56:07Z</time></trkpt><trkpt lat="55.46177" lon="26.544955"><ele>0.014</ele><time>2023-10-07T01:36:12Z</time></trkpt><trkpt lat="55.462064" lon="26.543858"><ele>0.012</ele><time>2023-10-07T01:36:52Z</time></trkpt><trkpt lat="55.462233" lon="26.543013"><ele>148.355</ele><time>2021-05-01T07:55:53Z</time></trkpt><trkpt lat="55.462717" lon="26.542398"><ele>0.022</ele><time>2023-10-07T01:38:12Z</time></trkpt><trkpt lat="55.462836" lon="26.542167"><ele>0.040</ele><time>2023-10-07T01:38:52Z</time></trkpt><trkpt lat="55.462899" lon="26.541926"><ele>149.721</ele><time>2021-05-01T07:55:45Z</time></trkpt><trkpt lat="55.463112" lon="26.541246"><ele>149.041</ele><time>2021-05-01T07:55:38Z</time></trkpt><trkpt lat="55.463175" lon="26.541191"><ele>0.005</ele><time>2023-10-07T01:40:52Z</time></trkpt><trkpt lat="55.463992" lon="26.54189"><ele>147.309</ele><time>2021-05-01T07:55:30Z</time></trkpt><trkpt lat="55.464456" lon="26.541929"><ele>144.923</ele><time>2021-05-01T07:55:27Z</time></trkpt><trkpt lat="55.464694" lon="26.541979"><ele>0.036</ele><time>2023-10-07T01:42:52Z</time></trkpt><trkpt lat="55.465883" lon="26.541543"><ele>145.341</ele><time>2021-05-01T07:55:19Z</time></trkpt><trkpt lat="55.466291" lon="26.541592"><ele>0.093</ele><time>2023-10-07T01:44:12Z</time></trkpt><trkpt lat="55.4666" lon="26.541805"><ele>149.018</ele><time>2021-05-01T07:55:15Z</time></trkpt><trkpt lat="55.468607" lon="26.543043"><ele>151.176</ele><time>2021-05-01T07:54:53Z</time></trkpt><trkpt lat="55.469986" lon="26.542978"><ele>158.369</ele><time>2021-05-01T07:54:34Z</time></trkpt><trkpt lat="55.470547" lon="26.542078"><ele>161.986</ele><time>2021-05-01T07:54:22Z</time></trkpt><trkpt lat="55.470675" lon="26.542047"><ele>161.084</ele><time>2021-05-01T07:54:20Z</time></trkpt><trkpt lat="55.470847" lon="26.542282"><ele>161.886</ele><time>2021-05-01T07:46:19Z</time></trkpt><trkpt lat="55.47068" lon="26.541949"><ele>160.160</ele><time>2021-05-01T07:46:11Z</time></trkpt><trkpt lat="55.470517" lon="26.542008"><ele>161.026</ele><time>2021-05-01T07:46:08Z</time></trkpt><trkpt lat="55.470036" lon="26.542912"><ele>159.409</ele><time>2021-05-01T07:45:59Z</time></trkpt><trkpt lat="55.469292" lon="26.542943"><ele>152.589</ele><time>2021-05-01T07:45:49Z</time></trkpt><trkpt lat="55.469055" lon="26.543131"><ele>151.242</ele><time>2021-05-01T07:45:40Z</time></trkpt><trkpt lat="55.468599" lon="26.543102"><ele>150.937</ele><time>2021-05-01T07:45:31Z</time></trkpt><trkpt lat="55.46854" lon="26.542986"><ele>151.539</ele><time>2021-05-01T07:45:27Z</time></trkpt><trkpt lat="55.469108" lon="26.541739"><ele>0.054</ele><time>2023-10-07T01:53:32Z</time></trkpt><trkpt lat="55.470728" lon="26.538775"><ele>0.062</ele><time>2023-10-07T01:54:12Z</time></trkpt><trkpt lat="55.471739" lon="26.536953"><ele>0.015</ele><time>2023-10-07T01:54:52Z</time></trkpt><trkpt lat="55.47236" lon="26.536009"><ele>145.732</ele><time>2021-05-01T07:44:53Z</time></trkpt><trkpt lat="55.472619" lon="26.5357"><ele>0.020</ele><time>2023-10-07T01:56:12Z</time></trkpt><trkpt lat="55.472884" lon="26.535595"><ele>148.242</ele><time>2021-05-01T07:44:49Z</time></trkpt><trkpt lat="55.47401" lon="26.535042"><ele>0.022</ele><time>2023-10-07T01:57:32Z</time></trkpt><trkpt lat="55.475648" lon="26.534462"><ele>153.614</ele><time>2021-05-01T07:44:33Z</time></trkpt><trkpt lat="55.477006" lon="26.534291"><ele>0.009</ele><time>2023-10-07T01:58:52Z</time></trkpt><trkpt lat="55.478422" lon="26.53426"><ele>146.725</ele><time>2021-05-01T07:44:17Z</time></trkpt><trkpt lat="55.478684" lon="26.534096"><ele>147.038</ele><time>2021-05-01T07:44:15Z</time></trkpt><trkpt lat="55.48013" lon="26.531121"><ele>0.073</ele><time>2023-10-07T02:00:52Z</time></trkpt><trkpt lat="55.480702" lon="26.529925"><ele>0.095</ele><time>2023-10-07T02:01:32Z</time></trkpt><trkpt lat="55.481135" lon="26.529112"><ele>0.010</ele><time>2023-10-07T02:02:12Z</time></trkpt><trkpt lat="55.481343" lon="26.528916"><ele>142.028</ele><time>2021-05-01T07:43:53Z</time></trkpt><trkpt lat="55.485238" lon="26.522938"><ele>153.961</ele><time>2021-05-01T07:43:23Z</time></trkpt><trkpt lat="55.486421" lon="26.520749"><ele>0.078</ele><time>2023-10-07T02:04:12Z</time></trkpt><trkpt lat="55.487068" lon="26.519508"><ele>146.466</ele><time>2021-05-01T07:40:02Z</time></trkpt><trkpt lat="55.487294" lon="26.519069"><ele>0.056</ele><time>2023-10-07T02:05:32Z</time></trkpt><trkpt lat="55.48782" lon="26.517062"><ele>0.059</ele><time>2023-10-07T02:06:12Z</time></trkpt><trkpt lat="55.48819" lon="26.51569"><ele>0.014</ele><time>2023-10-07T02:06:52Z</time></trkpt><trkpt lat="55.491225" lon="26.505675"><ele>150.209</ele><time>2021-05-01T07:39:16Z</time></trkpt><trkpt lat="55.491392" lon="26.505006"><ele>0.026</ele><time>2023-10-07T02:08:12Z</time></trkpt><trkpt lat="55.493495" lon="26.500285"><ele>151.039</ele><time>2021-05-01T07:38:52Z</time></trkpt><trkpt lat="55.493542" lon="26.500196"><ele>0.064</ele><time>2023-10-07T02:09:32Z</time></trkpt><trkpt lat="55.493675" lon="26.500941"><ele>0.056</ele><time>2023-10-07T02:10:12Z</time></trkpt><trkpt lat="55.493795" lon="26.501643"><ele>0.091</ele><time>2023-10-07T02:10:52Z</time></trkpt><trkpt lat="55.493921" lon="26.502278"><ele>0.089</ele><time>2023-10-07T02:11:32Z</time></trkpt><trkpt lat="55.494279" lon="26.50354"><ele>151.292</ele><time>2021-05-01T07:38:32Z</time></trkpt><trkpt lat="55.494532" lon="26.506008"><ele>144.149</ele><time>2021-05-01T07:38:20Z</time></trkpt><trkpt lat="55.494724" lon="26.50662"><ele>143.087</ele><time>2021-05-01T07:38:14Z</time></trkpt><trkpt lat="55.494998" lon="26.506207"><ele>0.056</ele><time>2023-10-07T02:14:12Z</time></trkpt><trkpt lat="55.495157" lon="26.506101"><ele>144.859</ele><time>2021-05-01T07:38:08Z</time></trkpt><trkpt lat="55.495596" lon="26.506238"><ele>0.014</ele><time>2023-10-07T02:15:32Z</time></trkpt><trkpt lat="55.495734" lon="26.506282"><ele>0.009</ele><time>2023-10-07T02:16:12Z</time></trkpt><trkpt lat="55.495935" lon="26.506227"><ele>150.466</ele><time>2021-05-01T07:38:02Z</time></trkpt><trkpt lat="55.496671" lon="26.505962"><ele>0.039</ele><time>2023-10-07T02:17:32Z</time></trkpt><trkpt lat="55.497273" lon="26.505742"><ele>0.074</ele><time>2023-10-07T02:18:12Z</time></trkpt><trkpt lat="55.497858" lon="26.505598"><ele>0.036</ele><time>2023-10-07T02:18:52Z</time></trkpt><trkpt lat="55.498102" lon="26.505618"><ele>153.421</ele><time>2021-05-01T07:37:46Z</time></trkpt><trkpt lat="55.498273" lon="26.505542"><ele>0.049</ele><time>2023-10-07T02:20:12Z</time></trkpt><trkpt lat="55.498726" lon="26.505826"><ele>0.052</ele><time>2023-10-07T02:20:52Z</time></trkpt><trkpt lat="55.498776" lon="26.505967"><ele>152.969</ele><time>2021-05-01T07:37:40Z</time></trkpt><trkpt lat="55.498999" lon="26.505918"><ele>152.677</ele><time>2021-05-01T07:37:38Z</time></trkpt><trkpt lat="55.499273" lon="26.505594"><ele>0.055</ele><time>2023-10-07T02:22:52Z</time></trkpt><trkpt lat="55.499857" lon="26.505056"><ele>0.007</ele><time>2023-10-07T02:23:32Z</time></trkpt><trkpt lat="55.500271" lon="26.504748"><ele>0.017</ele><time>2023-10-07T02:24:12Z</time></trkpt><trkpt lat="55.500415" lon="26.504638"><ele>0.009</ele><time>2023-10-07T02:24:52Z</time></trkpt><trkpt lat="55.501398" lon="26.504004"><ele>151.086</ele><time>2021-05-01T07:37:14Z</time></trkpt><trkpt lat="55.503088" lon="26.501497"><ele>151.479</ele><time>2021-05-01T07:36:54Z</time></trkpt><trkpt lat="55.503249" lon="26.501002"><ele>0.014</ele><time>2023-10-07T02:26:52Z</time></trkpt><trkpt lat="55.503331" lon="26.50076"><ele>0.056</ele><time>2023-10-07T02:27:32Z</time></trkpt><trkpt lat="55.503468" lon="26.500612"><ele>148.021</ele><time>2021-05-01T07:36:46Z</time></trkpt><trkpt lat="55.504085" lon="26.499761"><ele>0.039</ele><time>2023-10-07T02:28:52Z</time></trkpt><trkpt lat="55.504386" lon="26.499376"><ele>0.082</ele><time>2023-10-07T02:29:32Z</time></trkpt><trkpt lat="55.505092" lon="26.498251"><ele>144.349</ele><time>2021-05-01T07:36:14Z</time></trkpt><trkpt lat="55.505246" lon="26.497741"><ele>0.017</ele><time>2023-10-07T02:30:52Z</time></trkpt><trkpt lat="55.505389" lon="26.497061"><ele>0.077</ele><time>2023-10-07T02:31:32Z</time></trkpt><trkpt lat="55.50549" lon="26.496644"><ele>0.061</ele><time>2023-10-07T02:32:12Z</time></trkpt><trkpt lat="55.505558" lon="26.496261"><ele>0.027</ele><time>2023-10-07T02:32:52Z</time></trkpt><trkpt lat="55.505671" lon="26.49569"><ele>0.009</ele><time>2023-10-07T02:33:32Z</time></trkpt><trkpt lat="55.505765" lon="26.495284"><ele>0.088</ele><time>2023-10-07T02:34:12Z</time></trkpt><trkpt lat="55.505765" lon="26.494846"><ele>0.091</ele><time>2023-10-07T02:34:52Z</time></trkpt><trkpt lat="55.505739" lon="26.494462"><ele>0.046</ele><time>2023-10-07T02:35:32Z</time></trkpt><trkpt lat="55.505714" lon="26.494276"><ele>0.078</ele><time>2023-10-07T02:36:12Z</time></trkpt><trkpt lat="55.505695" lon="26.494133"><ele>0.033</ele><time>2023-10-07T02:36:52Z</time></trkpt><trkpt lat="55.505695" lon="26.493859"><ele>0.041</ele><time>2023-10-07T02:37:32Z</time></trkpt><trkpt lat="55.505751" lon="26.493618"><ele>0.094</ele><time>2023-10-07T02:38:12Z</time></trkpt><trkpt lat="55.505864" lon="26.493486"><ele>0.011</ele><time>2023-10-07T02:38:52Z</time></trkpt><trkpt lat="55.506003" lon="26.493442"><ele>0.019</ele><time>2023-10-07T02:39:32Z</time></trkpt><trkpt lat="55.506147" lon="26.493376"><ele>0.075</ele><time>2023-10-07T02:40:12Z</time></trkpt><trkpt lat="55.506292" lon="26.493299"><ele>0.028</ele><time>2023-10-07T02:40:52Z</time></trkpt><trkpt lat="55.50643" lon="26.493222"><ele>0.020</ele><time>2023-10-07T02:41:32Z</time></trkpt><trkpt lat="55.506581" lon="26.493123"><ele>0.009</ele><time>2023-10-07T02:42:12Z</time></trkpt><trkpt lat="55.506738" lon="26.492958"><ele>0.018</ele><time>2023-10-07T02:42:52Z</time></trkpt><trkpt lat="55.506857" lon="26.492749"><ele>0.061</ele><time>2023-10-07T02:43:32Z</time></trkpt><trkpt lat="55.506951" lon="26.492519"><ele>0.076</ele><time>2023-10-07T02:44:12Z</time></trkpt><trkpt lat="55.507014" lon="26.49231"><ele>0.038</ele><time>2023-10-07T02:44:52Z</time></trkpt><trkpt lat="55.507108" lon="26.491981"><ele>0.083</ele><time>2023-10-07T02:45:32Z</time></trkpt><trkpt lat="55.507171" lon="26.491707"><ele>0.041</ele><time>2023-10-07T02:46:12Z</time></trkpt><trkpt lat="55.507139" lon="26.491389"><ele>0.024</ele><time>2023-10-07T02:46:52Z</time></trkpt><trkpt lat="55.507139" lon="26.491093"><ele>0.091</ele><time>2023-10-07T02:47:32Z</time></trkpt><trkpt lat="55.507164" lon="26.490808"><ele>0.059</ele><time>2023-10-07T02:48:12Z</time></trkpt><trkpt lat="55.507271" lon="26.490512"><ele>0.076</ele><time>2023-10-07T02:48:52Z</time></trkpt><trkpt lat="55.507352" lon="26.490205"><ele>0.090</ele><time>2023-10-07T02:49:32Z</time></trkpt><trkpt lat="55.50749" lon="26.489678"><ele>0.019</ele><time>2023-10-07T02:50:12Z</time></trkpt><trkpt lat="55.507597" lon="26.489195"><ele>0.009</ele><time>2023-10-07T02:50:52Z</time></trkpt><trkpt lat="55.507684" lon="26.488768"><ele>0.028</ele><time>2023-10-07T02:51:32Z</time></trkpt><trkpt lat="55.50781" lon="26.488252"><ele>0.071</ele><time>2023-10-07T02:52:12Z</time></trkpt><trkpt lat="55.507904" lon="26.487824"><ele>0.086</ele><time>2023-10-07T02:52:52Z</time></trkpt><trkpt lat="55.50796" lon="26.487506"><ele>0.068</ele><time>2023-10-07T02:53:32Z</time></trkpt><trkpt lat="55.508023" lon="26.487166"><ele>0.083</ele><time>2023-10-07T02:54:12Z</time></trkpt><trkpt lat="55.508035" lon="26.487057"><ele>0.031</ele><time>2023-10-07T02:54:52Z</time></trkpt><trkpt lat="55.508041" lon="26.486859"><ele>0.084</ele><time>2023-10-07T02:55:32Z</time></trkpt><trkpt lat="55.508123" lon="26.486409"><ele>0.021</ele><time>2023-10-07T02:56:12Z</time></trkpt><trkpt lat="55.508267" lon="26.486102"><ele>0.099</ele><time>2023-10-07T02:56:52Z</time></trkpt><trkpt lat="55.50838" lon="26.485762"><ele>0.026</ele><time>2023-10-07T02:57:32Z</time></trkpt><trkpt lat="55.508461" lon="26.485432"><ele>0.047</ele><time>2023-10-07T02:58:12Z</time></trkpt><trkpt lat="55.508442" lon="26.485071"><ele>0.011</ele><time>2023-10-07T02:58:52Z</time></trkpt><trkpt lat="55.508442" lon="26.484501"><ele>0.009</ele><time>2023-10-07T02:59:32Z</time></trkpt><trkpt lat="55.508404" lon="26.483931"><ele>0.093</ele><time>2023-10-07T03:00:12Z</time></trkpt><trkpt lat="55.508243" lon="26.48039"><ele>143.996</ele><time>2021-05-01T07:31:42Z</time></trkpt><trkpt lat="55.508237" lon="26.479897"><ele>0.081</ele><time>2023-10-07T03:01:32Z</time></trkpt><trkpt lat="55.508268" lon="26.479699"><ele>142.763</ele><time>2021-05-01T07:31:38Z</time></trkpt><trkpt lat="55.508595" lon="26.479424"><ele>0.048</ele><time>2023-10-07T03:02:52Z</time></trkpt><trkpt lat="55.509242" lon="26.479094"><ele>0.096</ele><time>2023-10-07T03:03:32Z</time></trkpt><trkpt lat="55.509636" lon="26.47893"><ele>0.079</ele><time>2023-10-07T03:04:12Z</time></trkpt><trkpt lat="55.509912" lon="26.478831"><ele>146.166</ele><time>2021-05-01T07:31:25Z</time></trkpt><trkpt lat="55.511463" lon="26.478366"><ele>146.754</ele><time>2021-05-01T07:31:11Z</time></trkpt><trkpt lat="55.512395" lon="26.478146"><ele>144.287</ele><time>2021-05-01T07:31:03Z</time></trkpt><trkpt lat="55.513204" lon="26.476915"><ele>145.642</ele><time>2021-05-01T07:30:55Z</time></trkpt><trkpt lat="55.5134" lon="26.476696"><ele>0.026</ele><time>2023-10-07T03:07:32Z</time></trkpt><trkpt lat="55.513609" lon="26.476689"><ele>144.909</ele><time>2021-05-01T07:30:51Z</time></trkpt><trkpt lat="55.513752" lon="26.476696"><ele>0.099</ele><time>2023-10-07T03:08:52Z</time></trkpt><trkpt lat="55.514862" lon="26.477474"><ele>143.012</ele><time>2021-05-01T07:30:40Z</time></trkpt><trkpt lat="55.515069" lon="26.477392"><ele>0.027</ele><time>2023-10-07T03:10:12Z</time></trkpt><trkpt lat="55.515654" lon="26.477335"><ele>144.079</ele><time>2021-05-01T07:30:34Z</time></trkpt><trkpt lat="55.518207" lon="26.477823"><ele>142.754</ele><time>2021-05-01T07:30:16Z</time></trkpt><trkpt lat="55.518709" lon="26.477811"><ele>143.032</ele><time>2021-05-01T07:30:12Z</time></trkpt><trkpt lat="55.519067" lon="26.477514"><ele>0.085</ele><time>2023-10-07T03:12:52Z</time></trkpt><trkpt lat="55.519401" lon="26.476982"><ele>142.092</ele><time>2021-05-01T07:30:06Z</time></trkpt><trkpt lat="55.519658" lon="26.476417"><ele>0.070</ele><time>2023-10-07T03:14:12Z</time></trkpt><trkpt lat="55.519808" lon="26.476011"><ele>0.046</ele><time>2023-10-07T03:14:52Z</time></trkpt><trkpt lat="55.520191" lon="26.47487"><ele>0.088</ele><time>2023-10-07T03:15:32Z</time></trkpt><trkpt lat="55.520292" lon="26.474584"><ele>0.016</ele><time>2023-10-07T03:16:12Z</time></trkpt><trkpt lat="55.520455" lon="26.474233"><ele>0.009</ele><time>2023-10-07T03:16:52Z</time></trkpt><trkpt lat="55.520612" lon="26.474035"><ele>0.055</ele><time>2023-10-07T03:17:32Z</time></trkpt><trkpt lat="55.520901" lon="26.47398"><ele>0.028</ele><time>2023-10-07T03:18:12Z</time></trkpt><trkpt lat="55.52114" lon="26.473946"><ele>0.023</ele><time>2023-10-07T03:18:52Z</time></trkpt><trkpt lat="55.521429" lon="26.473847"><ele>0.085</ele><time>2023-10-07T03:19:32Z</time></trkpt><trkpt lat="55.521649" lon="26.473847"><ele>0.020</ele><time>2023-10-07T03:20:12Z</time></trkpt><trkpt lat="55.52185" lon="26.473868"><ele>0.028</ele><time>2023-10-07T03:20:52Z</time></trkpt><trkpt lat="55.521983" lon="26.473879"><ele>0.011</ele><time>2023-10-07T03:21:32Z</time></trkpt><trkpt lat="55.522177" lon="26.473801"><ele>0.018</ele><time>2023-10-07T03:22:12Z</time></trkpt><trkpt lat="55.522334" lon="26.473604"><ele>0.066</ele><time>2023-10-07T03:22:52Z</time></trkpt><trkpt lat="55.522397" lon="26.473505"><ele>0.031</ele><time>2023-10-07T03:23:32Z</time></trkpt><trkpt lat="55.522567" lon="26.473033"><ele>0.061</ele><time>2023-10-07T03:24:12Z</time></trkpt><trkpt lat="55.522862" lon="26.472506"><ele>0.007</ele><time>2023-10-07T03:24:52Z</time></trkpt><trkpt lat="55.523163" lon="26.47188"><ele>0.009</ele><time>2023-10-07T03:25:32Z</time></trkpt><trkpt lat="55.523326" lon="26.471453"><ele>0.014</ele><time>2023-10-07T03:26:12Z</time></trkpt><trkpt lat="55.523401" lon="26.471058"><ele>0.097</ele><time>2023-10-07T03:26:52Z</time></trkpt><trkpt lat="55.523527" lon="26.470476"><ele>0.052</ele><time>2023-10-07T03:27:32Z</time></trkpt><trkpt lat="55.523811" lon="26.469904"><ele>0.054</ele><time>2023-10-07T03:28:12Z</time></trkpt><trkpt lat="55.52425" lon="26.469289"><ele>0.069</ele><time>2023-10-07T03:28:52Z</time></trkpt><trkpt lat="55.524495" lon="26.468894"><ele>0.057</ele><time>2023-10-07T03:29:32Z</time></trkpt><trkpt lat="55.524646" lon="26.46863"><ele>0.080</ele><time>2023-10-07T03:30:12Z</time></trkpt><trkpt lat="55.524828" lon="26.468466"><ele>0.097</ele><time>2023-10-07T03:30:52Z</time></trkpt><trkpt lat="55.524927" lon="26.468448"><ele>144.755</ele><time>2021-05-01T07:29:14Z</time></trkpt><trkpt lat="55.526617" lon="26.468222"><ele>149.689</ele><time>2021-05-01T07:29:01Z</time></trkpt><trkpt lat="55.526738" lon="26.468336"><ele>149.706</ele><time>2021-05-01T07:28:59Z</time></trkpt><trkpt lat="55.527046" lon="26.469855"><ele>147.326</ele><time>2021-05-01T07:28:52Z</time></trkpt><trkpt lat="55.527401" lon="26.470845"><ele>147.709</ele><time>2021-05-01T07:28:48Z</time></trkpt><trkpt lat="55.529141" lon="26.473425"><ele>151.779</ele><time>2021-05-01T07:28:36Z</time></trkpt><trkpt lat="55.529652" lon="26.474942"><ele>147.252</ele><time>2021-05-01T07:28:30Z</time></trkpt><trkpt lat="55.529871" lon="26.47537"><ele>0.067</ele><time>2023-10-07T03:36:12Z</time></trkpt><trkpt lat="55.530381" lon="26.475884"><ele>0.079</ele><time>2023-10-07T03:36:52Z</time></trkpt><trkpt lat="55.530721" lon="26.476333"><ele>0.094</ele><time>2023-10-07T03:37:32Z</time></trkpt><trkpt lat="55.530859" lon="26.476644"><ele>146.872</ele><time>2021-05-01T07:28:21Z</time></trkpt><trkpt lat="55.531015" lon="26.477672"><ele>146.655</ele><time>2021-05-01T07:28:17Z</time></trkpt><trkpt lat="55.530936" lon="26.478533"><ele>0.042</ele><time>2023-10-07T03:39:32Z</time></trkpt><trkpt lat="55.530969" lon="26.480605"><ele>0.040</ele><time>2023-10-07T03:40:12Z</time></trkpt><trkpt lat="55.530932" lon="26.481493"><ele>0.036</ele><time>2023-10-07T03:40:52Z</time></trkpt><trkpt lat="55.530857" lon="26.482633"><ele>0.017</ele><time>2023-10-07T03:41:32Z</time></trkpt><trkpt lat="55.530807" lon="26.483225"><ele>0.018</ele><time>2023-10-07T03:42:12Z</time></trkpt><trkpt lat="55.530801" lon="26.483807"><ele>145.009</ele><time>2021-05-01T07:27:57Z</time></trkpt><trkpt lat="55.530972" lon="26.48487"><ele>149.154</ele><time>2021-05-01T07:27:50Z</time></trkpt><trkpt lat="55.531992" lon="26.483912"><ele>149.367</ele><time>2021-05-01T07:27:42Z</time></trkpt><trkpt lat="55.532735" lon="26.482894"><ele>0.092</ele><time>2023-10-07T03:44:52Z</time></trkpt><trkpt lat="55.533725" lon="26.481816"><ele>152.194</ele><time>2021-05-01T07:27:28Z</time></trkpt><trkpt lat="55.534349" lon="26.480248"><ele>0.089</ele><time>2023-10-07T03:46:12Z</time></trkpt><trkpt lat="55.53465" lon="26.479348"><ele>147.857</ele><time>2021-05-01T07:27:12Z</time></trkpt><trkpt lat="55.535558" lon="26.476881"><ele>148.040</ele><time>2021-05-01T07:26:58Z</time></trkpt><trkpt lat="55.535666" lon="26.476627"><ele>0.087</ele><time>2023-10-07T03:48:12Z</time></trkpt><trkpt lat="55.535773" lon="26.476528"><ele>0.015</ele><time>2023-10-07T03:48:52Z</time></trkpt><trkpt lat="55.535918" lon="26.476473"><ele>148.553</ele><time>2021-05-01T07:26:54Z</time></trkpt><trkpt lat="55.536031" lon="26.476495"><ele>0.004</ele><time>2023-10-07T03:50:12Z</time></trkpt><trkpt lat="55.536537" lon="26.476848"><ele>146.614</ele><time>2021-05-01T07:26:44Z</time></trkpt><trkpt lat="55.537278" lon="26.476869"><ele>146.009</ele><time>2021-05-01T07:26:38Z</time></trkpt><trkpt lat="55.537701" lon="26.477142"><ele>146.736</ele><time>2021-05-01T07:26:35Z</time></trkpt><trkpt lat="55.538882" lon="26.478893"><ele>149.069</ele><time>2021-05-01T07:26:25Z</time></trkpt><trkpt lat="55.542649" lon="26.482232"><ele>154.564</ele><time>2021-05-01T07:26:02Z</time></trkpt><trkpt lat="55.544723" lon="26.482184"><ele>157.196</ele><time>2021-05-01T07:25:50Z</time></trkpt><trkpt lat="55.547495" lon="26.480946"><ele>166.651</ele><time>2021-05-01T07:25:33Z</time></trkpt><trkpt lat="55.547648" lon="26.480845"><ele>0.099</ele><time>2023-10-07T03:55:32Z</time></trkpt><trkpt lat="55.547737" lon="26.481087"><ele>166.962</ele><time>2021-05-01T07:25:29Z</time></trkpt><trkpt lat="55.5479" lon="26.481878"><ele>165.739</ele><time>2021-05-01T07:25:23Z</time></trkpt><trkpt lat="55.547543" lon="26.482534"><ele>0.027</ele><time>2023-10-07T03:57:32Z</time></trkpt><trkpt lat="55.547267" lon="26.483241"><ele>164.815</ele><time>2021-05-01T07:25:13Z</time></trkpt><trkpt lat="55.547127" lon="26.484151"><ele>167.665</ele><time>2021-05-01T07:25:07Z</time></trkpt><trkpt lat="55.547136" lon="26.484475"><ele>0.011</ele><time>2023-10-07T03:59:32Z</time></trkpt><trkpt lat="55.54723" lon="26.484636"><ele>169.009</ele><time>2021-05-01T07:25:03Z</time></trkpt><trkpt lat="55.547576" lon="26.485187"><ele>0.072</ele><time>2023-10-07T04:00:52Z</time></trkpt><trkpt lat="55.547746" lon="26.485556"><ele>167.055</ele><time>2021-05-01T07:24:55Z</time></trkpt><trkpt lat="55.547791" lon="26.485844"><ele>0.080</ele><time>2023-10-07T04:02:12Z</time></trkpt><trkpt lat="55.547697" lon="26.486261"><ele>0.062</ele><time>2023-10-07T04:02:52Z</time></trkpt><trkpt lat="55.547653" lon="26.486414"><ele>0.027</ele><time>2023-10-07T04:03:32Z</time></trkpt><trkpt lat="55.547634" lon="26.486601"><ele>0.035</ele><time>2023-10-07T04:04:12Z</time></trkpt><trkpt lat="55.547622" lon="26.486995"><ele>0.018</ele><time>2023-10-07T04:04:52Z</time></trkpt><trkpt lat="55.54763" lon="26.487345"><ele>164.555</ele><time>2021-05-01T07:24:43Z</time></trkpt><trkpt lat="55.547783" lon="26.487666"><ele>164.053</ele><time>2021-05-01T07:24:39Z</time></trkpt><trkpt lat="55.548261" lon="26.488054"><ele>159.524</ele><time>2021-05-01T07:24:33Z</time></trkpt><trkpt lat="55.548787" lon="26.489154"><ele>158.404</ele><time>2021-05-01T07:24:25Z</time></trkpt><trkpt lat="55.549644" lon="26.490111"><ele>162.414</ele><time>2021-05-01T07:24:16Z</time></trkpt><trkpt lat="55.550986" lon="26.492431"><ele>158.109</ele><time>2021-05-01T07:23:56Z</time></trkpt><trkpt lat="55.551086" lon="26.492894"><ele>0.013</ele><time>2023-10-07T04:09:32Z</time></trkpt><trkpt lat="55.551155" lon="26.493365"><ele>0.026</ele><time>2023-10-07T04:10:12Z</time></trkpt><trkpt lat="55.551162" lon="26.49411"><ele>0.031</ele><time>2023-10-07T04:10:52Z</time></trkpt><trkpt lat="55.551182" lon="26.494593"><ele>0.033</ele><time>2023-10-07T04:11:32Z</time></trkpt><trkpt lat="55.551241" lon="26.494854"><ele>158.248</ele><time>2021-05-01T07:23:38Z</time></trkpt><trkpt lat="55.551312" lon="26.495191"><ele>0.016</ele><time>2023-10-07T04:12:52Z</time></trkpt><trkpt lat="55.551753" lon="26.496286"><ele>0.099</ele><time>2023-10-07T04:13:32Z</time></trkpt><trkpt lat="55.551968" lon="26.497196"><ele>0.016</ele><time>2023-10-07T04:14:12Z</time></trkpt><trkpt lat="55.552088" lon="26.497612"><ele>0.024</ele><time>2023-10-07T04:14:52Z</time></trkpt><trkpt lat="55.552188" lon="26.497875"><ele>0.087</ele><time>2023-10-07T04:15:32Z</time></trkpt><trkpt lat="55.552278" lon="26.497963"><ele>161.042</ele><time>2021-05-01T07:23:16Z</time></trkpt><trkpt lat="55.552548" lon="26.499255"><ele>0.026</ele><time>2023-10-07T04:16:52Z</time></trkpt><trkpt lat="55.552817" lon="26.500155"><ele>162.009</ele><time>2021-05-01T07:23:00Z</time></trkpt><trkpt lat="55.553214" lon="26.504479"><ele>160.679</ele><time>2021-05-01T07:22:32Z</time></trkpt><trkpt lat="55.553101" lon="26.505362"><ele>161.312</ele><time>2021-05-01T07:22:26Z</time></trkpt><trkpt lat="55.552805" lon="26.50603"><ele>0.077</ele><time>2023-10-07T04:19:32Z</time></trkpt><trkpt lat="55.552704" lon="26.506304"><ele>0.079</ele><time>2023-10-07T04:20:12Z</time></trkpt><trkpt lat="55.552763" lon="26.506369"><ele>164.994</ele><time>2021-05-01T07:22:16Z</time></trkpt><trkpt lat="55.553184" lon="26.50656"><ele>164.692</ele><time>2021-05-01T07:22:05Z</time></trkpt><trkpt lat="55.553379" lon="26.507006"><ele>165.265</ele><time>2021-05-01T07:21:57Z</time></trkpt><trkpt lat="55.554182" lon="26.511026"><ele>161.922</ele><time>2021-05-01T07:21:22Z</time></trkpt><trkpt lat="55.55377" lon="26.513581"><ele>149.540</ele><time>2021-05-01T07:21:01Z</time></trkpt><trkpt lat="55.55329" lon="26.514857"><ele>148.281</ele><time>2021-05-01T07:20:46Z</time></trkpt><trkpt lat="55.552965" lon="26.515223"><ele>149.061</ele><time>2021-05-01T07:20:38Z</time></trkpt><trkpt lat="55.553169" lon="26.516664"><ele>148.017</ele><time>2021-05-01T07:20:26Z</time></trkpt><trkpt lat="55.553498" lon="26.517195"><ele>148.609</ele><time>2021-05-01T07:20:20Z</time></trkpt><trkpt lat="55.554468" lon="26.517677"><ele>0.089</ele><time>2023-10-07T04:26:52Z</time></trkpt><trkpt lat="55.55477" lon="26.517742"><ele>0.042</ele><time>2023-10-07T04:27:32Z</time></trkpt><trkpt lat="55.555141" lon="26.517894"><ele>0.077</ele><time>2023-10-07T04:28:12Z</time></trkpt><trkpt lat="55.555368" lon="26.518212"><ele>0.019</ele><time>2023-10-07T04:28:52Z</time></trkpt><trkpt lat="55.555594" lon="26.518474"><ele>0.044</ele><time>2023-10-07T04:29:32Z</time></trkpt><trkpt lat="55.555915" lon="26.518704"><ele>0.092</ele><time>2023-10-07T04:30:12Z</time></trkpt><trkpt lat="55.556223" lon="26.518911"><ele>0.055</ele><time>2023-10-07T04:30:52Z</time></trkpt><trkpt lat="55.556553" lon="26.519204"><ele>0.072</ele><time>2023-10-07T04:31:32Z</time></trkpt><trkpt lat="55.556824" lon="26.519598"><ele>0.050</ele><time>2023-10-07T04:32:12Z</time></trkpt><trkpt lat="55.557113" lon="26.519861"><ele>0.068</ele><time>2023-10-07T04:32:52Z</time></trkpt><trkpt lat="55.557528" lon="26.520189"><ele>0.042</ele><time>2023-10-07T04:33:32Z</time></trkpt><trkpt lat="55.55806" lon="26.520735"><ele>151.626</ele><time>2021-05-01T07:19:17Z</time></trkpt><trkpt lat="55.558202" lon="26.521053"><ele>0.009</ele><time>2023-10-07T04:34:52Z</time></trkpt><trkpt lat="55.558854" lon="26.521968"><ele>149.587</ele><time>2021-05-01T07:19:01Z</time></trkpt><trkpt lat="55.559607" lon="26.522712"><ele>149.350</ele><time>2021-05-01T07:18:46Z</time></trkpt><trkpt lat="55.560075" lon="26.524142"><ele>150.485</ele><time>2021-05-01T07:18:30Z</time></trkpt><trkpt lat="55.561908" lon="26.527086"><ele>156.817</ele><time>2021-05-01T07:18:01Z</time></trkpt><trkpt lat="55.561849" lon="26.527729"><ele>0.082</ele><time>2023-10-07T04:38:12Z</time></trkpt><trkpt lat="55.561792" lon="26.527971"><ele>0.060</ele><time>2023-10-07T04:38:52Z</time></trkpt><trkpt lat="55.561818" lon="26.528288"><ele>0.023</ele><time>2023-10-07T04:39:32Z</time></trkpt><trkpt lat="55.5619" lon="26.528475"><ele>0.070</ele><time>2023-10-07T04:40:12Z</time></trkpt><trkpt lat="55.561938" lon="26.528727"><ele>0.098</ele><time>2023-10-07T04:40:52Z</time></trkpt><trkpt lat="55.561938" lon="26.528847"><ele>0.058</ele><time>2023-10-07T04:41:32Z</time></trkpt><trkpt lat="55.561844" lon="26.529187"><ele>0.052</ele><time>2023-10-07T04:42:12Z</time></trkpt><trkpt lat="55.56175" lon="26.529473"><ele>0.017</ele><time>2023-10-07T04:42:52Z</time></trkpt><trkpt lat="55.561655" lon="26.529703"><ele>0.009</ele><time>2023-10-07T04:43:32Z</time></trkpt><trkpt lat="55.561561" lon="26.529955"><ele>0.056</ele><time>2023-10-07T04:44:12Z</time></trkpt><trkpt lat="55.561467" lon="26.530263"><ele>0.039</ele><time>2023-10-07T04:44:52Z</time></trkpt><trkpt lat="55.561361" lon="26.530482"><ele>0.044</ele><time>2023-10-07T04:45:32Z</time></trkpt><trkpt lat="55.561254" lon="26.530745"><ele>0.066</ele><time>2023-10-07T04:46:12Z</time></trkpt><trkpt lat="55.561172" lon="26.530965"><ele>0.021</ele><time>2023-10-07T04:46:52Z</time></trkpt><trkpt lat="55.56111" lon="26.531228"><ele>0.039</ele><time>2023-10-07T04:47:32Z</time></trkpt><trkpt lat="55.561079" lon="26.531645"><ele>0.092</ele><time>2023-10-07T04:48:12Z</time></trkpt><trkpt lat="55.561035" lon="26.532577"><ele>0.099</ele><time>2023-10-07T04:48:52Z</time></trkpt><trkpt lat="55.561036" lon="26.533443"><ele>0.037</ele><time>2023-10-07T04:49:32Z</time></trkpt><trkpt lat="55.560948" lon="26.534046"><ele>0.069</ele><time>2023-10-07T04:50:12Z</time></trkpt><trkpt lat="55.560905" lon="26.534463"><ele>0.004</ele><time>2023-10-07T04:50:52Z</time></trkpt><trkpt lat="55.560829" lon="26.534792"><ele>0.024</ele><time>2023-10-07T04:51:32Z</time></trkpt><trkpt lat="55.560754" lon="26.535176"><ele>0.009</ele><time>2023-10-07T04:52:12Z</time></trkpt><trkpt lat="55.560717" lon="26.535724"><ele>0.047</ele><time>2023-10-07T04:52:52Z</time></trkpt><trkpt lat="55.56073" lon="26.536009"><ele>0.030</ele><time>2023-10-07T04:53:32Z</time></trkpt><trkpt lat="55.56078" lon="26.536195"><ele>0.075</ele><time>2023-10-07T04:54:12Z</time></trkpt><trkpt lat="55.561008" lon="26.536616"><ele>151.947</ele><time>2021-05-01T07:15:45Z</time></trkpt><trkpt lat="55.56129" lon="26.536841"><ele>0.022</ele><time>2023-10-07T04:55:32Z</time></trkpt><trkpt lat="55.561664" lon="26.537235"><ele>149.050</ele><time>2021-05-01T07:15:38Z</time></trkpt><trkpt lat="55.561972" lon="26.538104"><ele>150.093</ele><time>2021-05-01T07:15:31Z</time></trkpt><trkpt lat="55.562241" lon="26.538198"><ele>0.050</ele><time>2023-10-07T04:57:32Z</time></trkpt><trkpt lat="55.562355" lon="26.538309"><ele>149.628</ele><time>2021-05-01T07:15:27Z</time></trkpt><trkpt lat="55.563055" lon="26.538179"><ele>151.446</ele><time>2021-05-01T07:15:19Z</time></trkpt><trkpt lat="55.563274" lon="26.538344"><ele>0.088</ele><time>2023-10-07T04:59:32Z</time></trkpt><trkpt lat="55.563745" lon="26.539099"><ele>151.216</ele><time>2021-05-01T07:15:11Z</time></trkpt><trkpt lat="55.563865" lon="26.539286"><ele>0.009</ele><time>2023-10-07T05:00:52Z</time></trkpt><trkpt lat="55.56403" lon="26.540077"><ele>150.075</ele><time>2021-05-01T07:15:05Z</time></trkpt><trkpt lat="55.56408" lon="26.539965"><ele>0.088</ele><time>2023-10-07T05:02:12Z</time></trkpt><trkpt lat="55.56418" lon="26.539756"><ele>0.013</ele><time>2023-10-07T05:02:52Z</time></trkpt><trkpt lat="55.56428" lon="26.539449"><ele>0.085</ele><time>2023-10-07T05:03:32Z</time></trkpt><trkpt lat="55.564375" lon="26.539186"><ele>0.030</ele><time>2023-10-07T05:04:12Z</time></trkpt><trkpt lat="55.5645" lon="26.539043"><ele>0.018</ele><time>2023-10-07T05:04:52Z</time></trkpt><trkpt lat="55.564582" lon="26.538933"><ele>0.021</ele><time>2023-10-07T05:05:32Z</time></trkpt><trkpt lat="55.564751" lon="26.538593"><ele>0.088</ele><time>2023-10-07T05:06:12Z</time></trkpt><trkpt lat="55.564858" lon="26.538351"><ele>0.086</ele><time>2023-10-07T05:06:52Z</time></trkpt><trkpt lat="55.564952" lon="26.538121"><ele>0.011</ele><time>2023-10-07T05:07:32Z</time></trkpt><trkpt lat="55.565034" lon="26.537836"><ele>0.021</ele><time>2023-10-07T05:08:12Z</time></trkpt><trkpt lat="55.565115" lon="26.53754"><ele>0.003</ele><time>2023-10-07T05:08:52Z</time></trkpt><trkpt lat="55.565209" lon="26.537298"><ele>0.009</ele><time>2023-10-07T05:09:32Z</time></trkpt><trkpt lat="55.565278" lon="26.537134"><ele>0.082</ele><time>2023-10-07T05:10:12Z</time></trkpt><trkpt lat="55.565366" lon="26.53698"><ele>0.015</ele><time>2023-10-07T05:10:52Z</time></trkpt><trkpt lat="55.565505" lon="26.536859"><ele>0.010</ele><time>2023-10-07T05:11:32Z</time></trkpt><trkpt lat="55.565611" lon="26.536782"><ele>0.032</ele><time>2023-10-07T05:12:12Z</time></trkpt><trkpt lat="55.565712" lon="26.536727"><ele>0.047</ele><time>2023-10-07T05:12:52Z</time></trkpt><trkpt lat="55.565794" lon="26.53665"><ele>0.095</ele><time>2023-10-07T05:13:32Z</time></trkpt><trkpt lat="55.565888" lon="26.536573"><ele>0.028</ele><time>2023-10-07T05:14:12Z</time></trkpt><trkpt lat="55.565995" lon="26.536496"><ele>0.045</ele><time>2023-10-07T05:14:52Z</time></trkpt><trkpt lat="55.566039" lon="26.536452"><ele>0.053</ele><time>2023-10-07T05:15:32Z</time></trkpt><trkpt lat="55.565932" lon="26.536299"><ele>0.046</ele><time>2023-10-07T05:16:12Z</time></trkpt><trkpt lat="55.565869" lon="26.536211"><ele>0.088</ele><time>2023-10-07T05:16:52Z</time></trkpt><trkpt lat="55.5658" lon="26.536113"><ele>0.016</ele><time>2023-10-07T05:17:32Z</time></trkpt><trkpt lat="55.565718" lon="26.535938"><ele>0.009</ele><time>2023-10-07T05:18:12Z</time></trkpt><trkpt lat="55.565648" lon="26.53585"><ele>0.085</ele><time>2023-10-07T05:18:52Z</time></trkpt><trkpt lat="55.565598" lon="26.535773"><ele>0.028</ele><time>2023-10-07T05:19:32Z</time></trkpt><trkpt lat="55.565535" lon="26.535708"><ele>0.063</ele><time>2023-10-07T05:20:12Z</time></trkpt><trkpt lat="55.565434" lon="26.535642"><ele>0.065</ele><time>2023-10-07T05:20:52Z</time></trkpt><trkpt lat="55.565328" lon="26.535588"><ele>0.010</ele><time>2023-10-07T05:21:32Z</time></trkpt><trkpt lat="55.565265" lon="26.535533"><ele>0.018</ele><time>2023-10-07T05:22:12Z</time></trkpt><trkpt lat="55.565195" lon="26.535435"><ele>0.011</ele><time>2023-10-07T05:22:52Z</time></trkpt><trkpt lat="55.565126" lon="26.535281"><ele>0.078</ele><time>2023-10-07T05:23:32Z</time></trkpt><trkpt lat="55.565032" lon="26.535007"><ele>0.026</ele><time>2023-10-07T05:24:12Z</time></trkpt><trkpt lat="55.564975" lon="26.534799"><ele>0.051</ele><time>2023-10-07T05:24:52Z</time></trkpt><trkpt lat="55.564943" lon="26.53469"><ele>0.001</ele><time>2023-10-07T05:25:32Z</time></trkpt><trkpt lat="55.56488" lon="26.534514"><ele>0.011</ele><time>2023-10-07T05:26:12Z</time></trkpt><trkpt lat="55.564811" lon="26.534361"><ele>0.009</ele><time>2023-10-07T05:26:52Z</time></trkpt><trkpt lat="55.564748" lon="26.534273"><ele>0.086</ele><time>2023-10-07T05:27:32Z</time></trkpt><trkpt lat="55.564672" lon="26.534186"><ele>0.069</ele><time>2023-10-07T05:28:12Z</time></trkpt><trkpt lat="55.56461" lon="26.534109"><ele>0.064</ele><time>2023-10-07T05:28:52Z</time></trkpt><trkpt lat="55.564553" lon="26.534033"><ele>0.056</ele><time>2023-10-07T05:29:32Z</time></trkpt><trkpt lat="55.564509" lon="26.533945"><ele>0.011</ele><time>2023-10-07T05:30:12Z</time></trkpt><trkpt lat="55.564452" lon="26.533814"><ele>0.069</ele><time>2023-10-07T05:30:52Z</time></trkpt><trkpt lat="55.564395" lon="26.533606"><ele>0.092</ele><time>2023-10-07T05:31:32Z</time></trkpt><trkpt lat="55.564313" lon="26.533288"><ele>0.079</ele><time>2023-10-07T05:32:12Z</time></trkpt><trkpt lat="55.564238" lon="26.533003"><ele>0.067</ele><time>2023-10-07T05:32:52Z</time></trkpt><trkpt lat="55.564187" lon="26.532817"><ele>0.051</ele><time>2023-10-07T05:33:32Z</time></trkpt><trkpt lat="55.564093" lon="26.532477"><ele>0.001</ele><time>2023-10-07T05:34:12Z</time></trkpt><trkpt lat="55.564067" lon="26.532291"><ele>0.011</ele><time>2023-10-07T05:34:52Z</time></trkpt><trkpt lat="55.564048" lon="26.532181"><ele>0.009</ele><time>2023-10-07T05:35:32Z</time></trkpt><trkpt lat="55.564042" lon="26.531984"><ele>0.076</ele><time>2023-10-07T05:36:12Z</time></trkpt><trkpt lat="55.564042" lon="26.531556"><ele>0.099</ele><time>2023-10-07T05:36:52Z</time></trkpt><trkpt lat="55.564079" lon="26.531172"><ele>0.074</ele><time>2023-10-07T05:37:32Z</time></trkpt><trkpt lat="55.564098" lon="26.530866"><ele>0.086</ele><time>2023-10-07T05:38:12Z</time></trkpt><trkpt lat="55.56411" lon="26.530449"><ele>0.021</ele><time>2023-10-07T05:38:52Z</time></trkpt><trkpt lat="55.564154" lon="26.53001"><ele>0.039</ele><time>2023-10-07T05:39:32Z</time></trkpt><trkpt lat="55.564166" lon="26.529901"><ele>0.022</ele><time>2023-10-07T05:40:12Z</time></trkpt><trkpt lat="55.564197" lon="26.529604"><ele>0.079</ele><time>2023-10-07T05:40:52Z</time></trkpt><trkpt lat="55.564184" lon="26.529363"><ele>0.047</ele><time>2023-10-07T05:41:32Z</time></trkpt><trkpt lat="55.564172" lon="26.529243"><ele>0.026</ele><time>2023-10-07T05:42:12Z</time></trkpt><trkpt lat="55.564159" lon="26.529078"><ele>0.047</ele><time>2023-10-07T05:42:52Z</time></trkpt><trkpt lat="55.564115" lon="26.528804"><ele>0.011</ele><time>2023-10-07T05:43:32Z</time></trkpt><trkpt lat="55.564083" lon="26.528585"><ele>0.009</ele><time>2023-10-07T05:44:12Z</time></trkpt><trkpt lat="55.563982" lon="26.528421"><ele>0.073</ele><time>2023-10-07T05:44:52Z</time></trkpt><trkpt lat="55.5638" lon="26.528312"><ele>0.016</ele><time>2023-10-07T05:45:32Z</time></trkpt><trkpt lat="55.563668" lon="26.528181"><ele>0.031</ele><time>2023-10-07T05:46:12Z</time></trkpt><trkpt lat="55.563529" lon="26.528016"><ele>0.053</ele><time>2023-10-07T05:46:52Z</time></trkpt><trkpt lat="55.563189" lon="26.52737"><ele>0.028</ele><time>2023-10-07T05:47:32Z</time></trkpt><trkpt lat="55.562956" lon="26.526922"><ele>0.096</ele><time>2023-10-07T05:48:12Z</time></trkpt><trkpt lat="55.562856" lon="26.526626"><ele>0.079</ele><time>2023-10-07T05:48:52Z</time></trkpt><trkpt lat="55.562824" lon="26.52633"><ele>0.046</ele><time>2023-10-07T05:49:32Z</time></trkpt><trkpt lat="55.562798" lon="26.525738"><ele>0.094</ele><time>2023-10-07T05:50:12Z</time></trkpt><trkpt lat="55.562779" lon="26.525288"><ele>0.017</ele><time>2023-10-07T05:50:52Z</time></trkpt><trkpt lat="55.562854" lon="26.524795"><ele>0.087</ele><time>2023-10-07T05:51:32Z</time></trkpt><trkpt lat="55.562892" lon="26.524488"><ele>0.015</ele><time>2023-10-07T05:52:12Z</time></trkpt><trkpt lat="55.562954" lon="26.524214"><ele>0.009</ele><time>2023-10-07T05:52:52Z</time></trkpt><trkpt lat="55.562966" lon="26.523731"><ele>0.042</ele><time>2023-10-07T05:53:32Z</time></trkpt><trkpt lat="55.562985" lon="26.52303"><ele>0.035</ele><time>2023-10-07T05:54:12Z</time></trkpt><trkpt lat="55.563003" lon="26.522613"><ele>0.020</ele><time>2023-10-07T05:54:52Z</time></trkpt><trkpt lat="55.563003" lon="26.522229"><ele>0.022</ele><time>2023-10-07T05:55:32Z</time></trkpt><trkpt lat="55.562996" lon="26.521867"><ele>0.077</ele><time>2023-10-07T05:56:12Z</time></trkpt><trkpt lat="55.56299" lon="26.521758"><ele>0.035</ele><time>2023-10-07T05:56:52Z</time></trkpt><trkpt lat="55.562971" lon="26.521528"><ele>0.028</ele><time>2023-10-07T05:57:32Z</time></trkpt><trkpt lat="55.562952" lon="26.521286"><ele>0.055</ele><time>2023-10-07T05:58:12Z</time></trkpt><trkpt lat="55.562939" lon="26.520651"><ele>0.033</ele><time>2023-10-07T05:58:52Z</time></trkpt><trkpt lat="55.562951" lon="26.520168"><ele>0.083</ele><time>2023-10-07T05:59:32Z</time></trkpt><trkpt lat="55.562988" lon="26.519762"><ele>0.025</ele><time>2023-10-07T06:00:12Z</time></trkpt><trkpt lat="55.562998" lon="26.519392"><ele>0.017</ele><time>2023-10-07T06:00:52Z</time></trkpt><trkpt lat="55.562966" lon="26.518964"><ele>0.009</ele><time>2023-10-07T06:01:32Z</time></trkpt><trkpt lat="55.56296" lon="26.51857"><ele>0.079</ele><time>2023-10-07T06:02:12Z</time></trkpt><trkpt lat="55.562985" lon="26.518241"><ele>0.092</ele><time>2023-10-07T06:02:52Z</time></trkpt><trkpt lat="55.563035" lon="26.517879"><ele>0.077</ele><time>2023-10-07T06:03:32Z</time></trkpt><trkpt lat="55.563066" lon="26.517528"><ele>0.069</ele><time>2023-10-07T06:04:12Z</time></trkpt><trkpt lat="55.563059" lon="26.517199"><ele>0.014</ele><time>2023-10-07T06:04:52Z</time></trkpt><trkpt lat="55.563084" lon="26.516892"><ele>0.082</ele><time>2023-10-07T06:05:32Z</time></trkpt><trkpt lat="55.563134" lon="26.516519"><ele>0.085</ele><time>2023-10-07T06:06:12Z</time></trkpt><trkpt lat="55.563159" lon="26.516409"><ele>0.022</ele><time>2023-10-07T06:06:52Z</time></trkpt><trkpt lat="55.563241" lon="26.516036"><ele>0.030</ele><time>2023-10-07T06:07:32Z</time></trkpt><trkpt lat="55.563322" lon="26.515455"><ele>0.022</ele><time>2023-10-07T06:08:12Z</time></trkpt><trkpt lat="55.563378" lon="26.515071"><ele>0.062</ele><time>2023-10-07T06:08:52Z</time></trkpt><trkpt lat="55.563416" lon="26.514731"><ele>0.008</ele><time>2023-10-07T06:09:32Z</time></trkpt><trkpt lat="55.563453" lon="26.514446"><ele>0.009</ele><time>2023-10-07T06:10:12Z</time></trkpt><trkpt lat="55.56351" lon="26.514106"><ele>0.043</ele><time>2023-10-07T06:10:52Z</time></trkpt><trkpt lat="55.563522" lon="26.513997"><ele>0.056</ele><time>2023-10-07T06:11:32Z</time></trkpt><trkpt lat="55.563553" lon="26.513777"><ele>0.011</ele><time>2023-10-07T06:12:12Z</time></trkpt><trkpt lat="55.563578" lon="26.513547"><ele>0.053</ele><time>2023-10-07T06:12:52Z</time></trkpt><trkpt lat="55.563628" lon="26.51335"><ele>0.048</ele><time>2023-10-07T06:13:32Z</time></trkpt><trkpt lat="55.563704" lon="26.513218"><ele>0.046</ele><time>2023-10-07T06:14:12Z</time></trkpt><trkpt lat="55.563817" lon="26.513097"><ele>0.039</ele><time>2023-10-07T06:14:52Z</time></trkpt><trkpt lat="55.563899" lon="26.512987"><ele>0.056</ele><time>2023-10-07T06:15:32Z</time></trkpt><trkpt lat="55.563961" lon="26.512866"><ele>0.064</ele><time>2023-10-07T06:16:12Z</time></trkpt><trkpt lat="55.563993" lon="26.51257"><ele>0.018</ele><time>2023-10-07T06:16:52Z</time></trkpt><trkpt lat="55.563999" lon="26.512252"><ele>0.098</ele><time>2023-10-07T06:17:32Z</time></trkpt><trkpt lat="55.563992" lon="26.511814"><ele>0.017</ele><time>2023-10-07T06:18:12Z</time></trkpt><trkpt lat="55.563979" lon="26.511529"><ele>0.009</ele><time>2023-10-07T06:18:52Z</time></trkpt><trkpt lat="55.56396" lon="26.511145"><ele>0.022</ele><time>2023-10-07T06:19:32Z</time></trkpt><trkpt lat="55.56396" lon="26.511036"><ele>0.085</ele><time>2023-10-07T06:20:12Z</time></trkpt><trkpt lat="55.563953" lon="26.510838"><ele>0.030</ele><time>2023-10-07T06:20:52Z</time></trkpt><trkpt lat="55.563947" lon="26.510652"><ele>0.062</ele><time>2023-10-07T06:21:32Z</time></trkpt><trkpt lat="55.563815" lon="26.510082"><ele>0.027</ele><time>2023-10-07T06:22:12Z</time></trkpt><trkpt lat="55.563796" lon="26.509972"><ele>0.075</ele><time>2023-10-07T06:22:52Z</time></trkpt><trkpt lat="55.563764" lon="26.509677"><ele>0.038</ele><time>2023-10-07T06:23:32Z</time></trkpt><trkpt lat="55.563568" lon="26.508592"><ele>0.045</ele><time>2023-10-07T06:24:12Z</time></trkpt><trkpt lat="55.563347" lon="26.50743"><ele>0.063</ele><time>2023-10-07T06:24:52Z</time></trkpt><trkpt lat="55.563196" lon="26.506937"><ele>0.044</ele><time>2023-10-07T06:25:32Z</time></trkpt><trkpt lat="55.563101" lon="26.506356"><ele>0.005</ele><time>2023-10-07T06:26:12Z</time></trkpt><trkpt lat="55.562815" lon="26.505027"><ele>154.015</ele><time>2021-05-01T07:03:16Z</time></trkpt><trkpt lat="55.562655" lon="26.503604"><ele>154.009</ele><time>2021-05-01T07:03:08Z</time></trkpt><trkpt lat="55.562664" lon="26.503003"><ele>0.035</ele><time>2023-10-07T06:28:12Z</time></trkpt><trkpt lat="55.562777" lon="26.501994"><ele>0.078</ele><time>2023-10-07T06:28:52Z</time></trkpt><trkpt lat="55.562789" lon="26.501588"><ele>0.053</ele><time>2023-10-07T06:29:32Z</time></trkpt><trkpt lat="55.562883" lon="26.501171"><ele>0.045</ele><time>2023-10-07T06:30:12Z</time></trkpt><trkpt lat="55.562983" lon="26.500739"><ele>150.770</ele><time>2021-05-01T07:02:56Z</time></trkpt><trkpt lat="55.563285" lon="26.500041"><ele>0.018</ele><time>2023-10-07T06:31:32Z</time></trkpt><trkpt lat="55.564443" lon="26.497799"><ele>151.081</ele><time>2021-05-01T07:02:40Z</time></trkpt><trkpt lat="55.564924" lon="26.497494"><ele>151.718</ele><time>2021-05-01T07:02:36Z</time></trkpt><trkpt lat="55.565436" lon="26.497715"><ele>151.246</ele><time>2021-05-01T07:02:32Z</time></trkpt><trkpt lat="55.56578" lon="26.498149"><ele>0.021</ele><time>2023-10-07T06:34:12Z</time></trkpt><trkpt lat="55.566598" lon="26.499419"><ele>0.041</ele><time>2023-10-07T06:34:52Z</time></trkpt><trkpt lat="55.567254" lon="26.500605"><ele>149.105</ele><time>2021-05-01T07:02:14Z</time></trkpt><trkpt lat="55.56769" lon="26.5008"><ele>150.709</ele><time>2021-05-01T07:02:08Z</time></trkpt><trkpt lat="55.567958" lon="26.500551"><ele>151.673</ele><time>2021-05-01T07:02:05Z</time></trkpt><trkpt lat="55.568378" lon="26.499285"><ele>152.536</ele><time>2021-05-01T07:01:59Z</time></trkpt><trkpt lat="55.568809" lon="26.4986"><ele>152.721</ele><time>2021-05-01T07:01:55Z</time></trkpt><trkpt lat="55.569353" lon="26.498261"><ele>152.933</ele><time>2021-05-01T07:01:51Z</time></trkpt><trkpt lat="55.570224" lon="26.497996"><ele>155.858</ele><time>2021-05-01T07:01:45Z</time></trkpt><trkpt lat="55.570717" lon="26.49753"><ele>154.856</ele><time>2021-05-01T07:01:41Z</time></trkpt><trkpt lat="55.571141" lon="26.496807"><ele>152.789</ele><time>2021-05-01T07:01:37Z</time></trkpt><trkpt lat="55.571874" lon="26.494944"><ele>152.616</ele><time>2021-05-01T07:01:29Z</time></trkpt><trkpt lat="55.572326" lon="26.494554"><ele>153.544</ele><time>2021-05-01T07:01:25Z</time></trkpt><trkpt lat="55.573118" lon="26.49457"><ele>157.421</ele><time>2021-05-01T07:01:19Z</time></trkpt><trkpt lat="55.577506" lon="26.497057"><ele>159.641</ele><time>2021-05-01T07:00:43Z</time></trkpt><trkpt lat="55.579669" lon="26.500427"><ele>161.505</ele><time>2021-05-01T07:00:21Z</time></trkpt><trkpt lat="55.580411" lon="26.501154"><ele>157.109</ele><time>2021-05-01T07:00:15Z</time></trkpt><trkpt lat="55.580713" lon="26.501401"><ele>0.043</ele><time>2023-10-07T06:45:32Z</time></trkpt><trkpt lat="55.581172" lon="26.501619"><ele>0.056</ele><time>2023-10-07T06:46:12Z</time></trkpt><trkpt lat="55.581819" lon="26.502009"><ele>0.021</ele><time>2023-10-07T06:46:52Z</time></trkpt><trkpt lat="55.582547" lon="26.502368"><ele>0.023</ele><time>2023-10-07T06:47:32Z</time></trkpt><trkpt lat="55.583221" lon="26.502773"><ele>0.088</ele><time>2023-10-07T06:48:12Z</time></trkpt><trkpt lat="55.584102" lon="26.503257"><ele>0.026</ele><time>2023-10-07T06:48:52Z</time></trkpt><trkpt lat="55.584901" lon="26.503709"><ele>0.079</ele><time>2023-10-07T06:49:32Z</time></trkpt><trkpt lat="55.58589" lon="26.50427"><ele>0.066</ele><time>2023-10-07T06:50:12Z</time></trkpt><trkpt lat="55.586573" lon="26.504645"><ele>0.094</ele><time>2023-10-07T06:50:52Z</time></trkpt><trkpt lat="55.587283" lon="26.505019"><ele>0.048</ele><time>2023-10-07T06:51:32Z</time></trkpt><trkpt lat="55.588121" lon="26.505531"><ele>0.061</ele><time>2023-10-07T06:52:12Z</time></trkpt><trkpt lat="55.58884" lon="26.50589"><ele>0.017</ele><time>2023-10-07T06:52:52Z</time></trkpt><trkpt lat="55.589236" lon="26.506092"><ele>0.009</ele><time>2023-10-07T06:53:32Z</time></trkpt><trkpt lat="55.589407" lon="26.506186"><ele>0.085</ele><time>2023-10-07T06:54:12Z</time></trkpt><trkpt lat="55.589102" lon="26.506985"><ele>0.028</ele><time>2023-10-07T06:54:52Z</time></trkpt><trkpt lat="55.588761" lon="26.507895"><ele>0.093</ele><time>2023-10-07T06:55:32Z</time></trkpt><trkpt lat="55.588367" lon="26.509493"><ele>0.025</ele><time>2023-10-07T06:56:12Z</time></trkpt><trkpt lat="55.588171" lon="26.510793"><ele>0.030</ele><time>2023-10-07T06:56:52Z</time></trkpt><trkpt lat="55.588019" lon="26.512407"><ele>0.068</ele><time>2023-10-07T06:57:32Z</time></trkpt><trkpt lat="55.588011" lon="26.514067"><ele>0.021</ele><time>2023-10-07T06:58:12Z</time></trkpt><trkpt lat="55.588022" lon="26.515727"><ele>0.038</ele><time>2023-10-07T06:58:52Z</time></trkpt><trkpt lat="55.588033" lon="26.518405"><ele>0.066</ele><time>2023-10-07T06:59:32Z</time></trkpt><trkpt lat="55.588007" lon="26.520316"><ele>0.013</ele><time>2023-10-07T07:00:12Z</time></trkpt><trkpt lat="55.588028" lon="26.523354"><ele>0.043</ele><time>2023-10-07T07:00:52Z</time></trkpt><trkpt lat="55.588065" lon="26.525359"><ele>0.007</ele><time>2023-10-07T07:01:32Z</time></trkpt><trkpt lat="55.588103" lon="26.527505"><ele>0.009</ele><time>2023-10-07T07:02:12Z</time></trkpt><trkpt lat="55.588095" lon="26.529149"><ele>0.072</ele><time>2023-10-07T07:02:52Z</time></trkpt><trkpt lat="55.588106" lon="26.530935"><ele>0.075</ele><time>2023-10-07T07:03:32Z</time></trkpt><trkpt lat="55.588057" lon="26.534467"><ele>0.070</ele><time>2023-10-07T07:04:12Z</time></trkpt><trkpt lat="55.588094" lon="26.535297"><ele>0.052</ele><time>2023-10-07T07:04:52Z</time></trkpt><trkpt lat="55.588077" lon="26.53691"><ele>0.067</ele><time>2023-10-07T07:05:32Z</time></trkpt><trkpt lat="55.588097" lon="26.539745"><ele>0.025</ele><time>2023-10-07T07:06:12Z</time></trkpt><trkpt lat="55.588108" lon="26.542219"><ele>0.048</ele><time>2023-10-07T07:06:52Z</time></trkpt><trkpt lat="55.58811" lon="26.544694"><ele>0.025</ele><time>2023-10-07T07:07:32Z</time></trkpt><trkpt lat="55.588103" lon="26.546714"><ele>0.043</ele><time>2023-10-07T07:08:12Z</time></trkpt><trkpt lat="55.588122" lon="26.54792"><ele>0.081</ele><time>2023-10-07T07:08:52Z</time></trkpt><trkpt lat="55.588141" lon="26.54933"><ele>0.061</ele><time>2023-10-07T07:09:32Z</time></trkpt><trkpt lat="55.588142" lon="26.550567"><ele>0.017</ele><time>2023-10-07T07:10:12Z</time></trkpt><trkpt lat="55.588259" lon="26.551177"><ele>0.009</ele><time>2023-10-07T07:10:52Z</time></trkpt><trkpt lat="55.588925" lon="26.552131"><ele>0.069</ele><time>2023-10-07T07:11:32Z</time></trkpt><trkpt lat="55.589437" lon="26.552835"><ele>0.072</ele><time>2023-10-07T07:12:12Z</time></trkpt><trkpt lat="55.591375" lon="26.555371"><ele>0.047</ele><time>2023-10-07T07:12:52Z</time></trkpt><trkpt lat="55.592319" lon="26.556559"><ele>0.069</ele><time>2023-10-07T07:13:32Z</time></trkpt><trkpt lat="55.593282" lon="26.557888"><ele>0.014</ele><time>2023-10-07T07:14:12Z</time></trkpt><trkpt lat="55.593992" lon="26.558748"><ele>0.022</ele><time>2023-10-07T07:14:52Z</time></trkpt><trkpt lat="55.594595" lon="26.559498"><ele>0.015</ele><time>2023-10-07T07:15:32Z</time></trkpt><trkpt lat="55.595224" lon="26.560045"><ele>0.012</ele><time>2023-10-07T07:16:12Z</time></trkpt><trkpt lat="55.595898" lon="26.560309"><ele>0.080</ele><time>2023-10-07T07:16:52Z</time></trkpt><trkpt lat="55.597338" lon="26.560421"><ele>0.053</ele><time>2023-10-07T07:17:32Z</time></trkpt><trkpt lat="55.598407" lon="26.560309"><ele>0.004</ele><time>2023-10-07T07:18:12Z</time></trkpt><trkpt lat="55.599691" lon="26.560321"><ele>0.014</ele><time>2023-10-07T07:18:52Z</time></trkpt><trkpt lat="55.601073" lon="26.560326"><ele>0.009</ele><time>2023-10-07T07:19:32Z</time></trkpt><trkpt lat="55.600544" lon="26.560366"><ele>0.096</ele><time>2023-10-07T07:20:12Z</time></trkpt><trkpt lat="55.599341" lon="26.560369"><ele>0.089</ele><time>2023-10-07T07:20:52Z</time></trkpt><trkpt lat="55.598442" lon="26.560403"><ele>0.084</ele><time>2023-10-07T07:21:32Z</time></trkpt><trkpt lat="55.597364" lon="26.560437"><ele>0.066</ele><time>2023-10-07T07:22:12Z</time></trkpt><trkpt lat="55.596376" lon="26.560345"><ele>0.081</ele><time>2023-10-07T07:22:52Z</time></trkpt><trkpt lat="55.595837" lon="26.560346"><ele>0.039</ele><time>2023-10-07T07:23:32Z</time></trkpt><trkpt lat="55.595154" lon="26.560066"><ele>0.012</ele><time>2023-10-07T07:24:12Z</time></trkpt><trkpt lat="55.594471" lon="26.559379"><ele>0.029</ele><time>2023-10-07T07:24:52Z</time></trkpt><trkpt lat="55.593662" lon="26.558347"><ele>0.077</ele><time>2023-10-07T07:25:32Z</time></trkpt><trkpt lat="55.593068" lon="26.557596"><ele>0.096</ele><time>2023-10-07T07:26:12Z</time></trkpt><trkpt lat="55.592457" lon="26.556815"><ele>0.031</ele><time>2023-10-07T07:26:52Z</time></trkpt><trkpt lat="55.591583" lon="26.555656"><ele>0.024</ele><time>2023-10-07T07:27:32Z</time></trkpt><trkpt lat="55.589969" lon="26.553482"><ele>0.009</ele><time>2023-10-07T07:28:12Z</time></trkpt><trkpt lat="55.588874" lon="26.552126"><ele>0.070</ele><time>2023-10-07T07:28:52Z</time></trkpt><trkpt lat="55.588477" lon="26.551578"><ele>0.033</ele><time>2023-10-07T07:29:32Z</time></trkpt><trkpt lat="55.588175" lon="26.550866"><ele>0.038</ele><time>2023-10-07T07:30:12Z</time></trkpt><trkpt lat="55.58808" lon="26.549661"><ele>0.040</ele><time>2023-10-07T07:30:52Z</time></trkpt><trkpt lat="55.588072" lon="26.547753"><ele>0.085</ele><time>2023-10-07T07:31:32Z</time></trkpt><trkpt lat="55.588051" lon="26.545352"><ele>0.023</ele><time>2023-10-07T07:32:12Z</time></trkpt><trkpt lat="55.588062" lon="26.543499"><ele>0.076</ele><time>2023-10-07T07:32:52Z</time></trkpt><trkpt lat="55.588083" lon="26.538732"><ele>0.073</ele><time>2023-10-07T07:33:32Z</time></trkpt><trkpt lat="55.58805" lon="26.536298"><ele>0.011</ele><time>2023-10-07T07:34:12Z</time></trkpt><trkpt lat="55.588068" lon="26.534653"><ele>0.037</ele><time>2023-10-07T07:34:52Z</time></trkpt><trkpt lat="55.588047" lon="26.532713"><ele>0.049</ele><time>2023-10-07T07:35:32Z</time></trkpt><trkpt lat="55.588034" lon="26.53154"><ele>0.013</ele><time>2023-10-07T07:36:12Z</time></trkpt><trkpt lat="55.588045" lon="26.529731"><ele>0.009</ele><time>2023-10-07T07:36:52Z</time></trkpt><trkpt lat="55.588038" lon="26.526937"><ele>0.064</ele><time>2023-10-07T07:37:32Z</time></trkpt><trkpt lat="55.588005" lon="26.524547"><ele>0.047</ele><time>2023-10-07T07:38:12Z</time></trkpt><trkpt lat="55.588002" lon="26.521762"><ele>0.012</ele><time>2023-10-07T07:38:52Z</time></trkpt><trkpt lat="55.587988" lon="26.519964"><ele>0.044</ele><time>2023-10-07T07:39:32Z</time></trkpt><trkpt lat="55.588019" lon="26.518407"><ele>0.049</ele><time>2023-10-07T07:40:12Z</time></trkpt><trkpt lat="55.588017" lon="26.516423"><ele>0.067</ele><time>2023-10-07T07:40:52Z</time></trkpt><trkpt lat="55.587972" lon="26.514713"><ele>0.050</ele><time>2023-10-07T07:41:32Z</time></trkpt><trkpt lat="55.587983" lon="26.513617"><ele>0.067</ele><time>2023-10-07T07:42:12Z</time></trkpt><trkpt lat="55.588029" lon="26.511765"><ele>0.015</ele><time>2023-10-07T07:42:52Z</time></trkpt><trkpt lat="55.588166" lon="26.510537"><ele>0.073</ele><time>2023-10-07T07:43:32Z</time></trkpt><trkpt lat="55.58841" lon="26.509374"><ele>0.085</ele><time>2023-10-07T07:44:12Z</time></trkpt><trkpt lat="55.588874" lon="26.507553"><ele>0.013</ele><time>2023-10-07T07:44:52Z</time></trkpt><trkpt lat="55.589439" lon="26.506072"><ele>0.009</ele><time>2023-10-07T07:45:32Z</time></trkpt><trkpt lat="55.589721" lon="26.505282"><ele>0.078</ele><time>2023-10-07T07:46:12Z</time></trkpt><trkpt lat="55.590235" lon="26.503873"><ele>0.081</ele><time>2023-10-07T07:46:52Z</time></trkpt><trkpt lat="55.590831" lon="26.502271"><ele>0.076</ele><time>2023-10-07T07:47:32Z</time></trkpt><trkpt lat="55.591314" lon="26.500976"><ele>0.018</ele><time>2023-10-07T07:48:12Z</time></trkpt><trkpt lat="55.591672" lon="26.499999"><ele>0.063</ele><time>2023-10-07T07:48:52Z</time></trkpt><trkpt lat="55.592136" lon="26.49888"><ele>0.061</ele><time>2023-10-07T07:49:32Z</time></trkpt><trkpt lat="55.592594" lon="26.497585"><ele>0.084</ele><time>2023-10-07T07:50:12Z</time></trkpt><trkpt lat="55.593084" lon="26.496279"><ele>0.091</ele><time>2023-10-07T07:50:52Z</time></trkpt><trkpt lat="55.593561" lon="26.494973"><ele>0.099</ele><time>2023-10-07T07:51:32Z</time></trkpt><trkpt lat="55.594119" lon="26.493371"><ele>0.095</ele><time>2023-10-07T07:52:12Z</time></trkpt><trkpt lat="55.594539" lon="26.492263"><ele>0.049</ele><time>2023-10-07T07:52:52Z</time></trkpt><trkpt lat="55.594972" lon="26.491199"><ele>0.023</ele><time>2023-10-07T07:53:32Z</time></trkpt><trkpt lat="55.59517" lon="26.490667"><ele>0.009</ele><time>2023-10-07T07:54:12Z</time></trkpt><trkpt lat="55.595286" lon="26.490307"><ele>0.070</ele><time>2023-10-07T07:54:52Z</time></trkpt><trkpt lat="55.595452" lon="26.48979"><ele>0.013</ele><time>2023-10-07T07:55:32Z</time></trkpt><trkpt lat="55.595595" lon="26.489147"><ele>0.098</ele><time>2023-10-07T07:56:12Z</time></trkpt><trkpt lat="55.595684" lon="26.488301"><ele>0.040</ele><time>2023-10-07T07:56:52Z</time></trkpt><trkpt lat="55.595729" lon="26.487682"><ele>0.025</ele><time>2023-10-07T07:57:32Z</time></trkpt><trkpt lat="55.595692" lon="26.487048"><ele>0.043</ele><time>2023-10-07T07:58:12Z</time></trkpt><trkpt lat="55.595647" lon="26.486665"><ele>0.076</ele><time>2023-10-07T07:58:52Z</time></trkpt><trkpt lat="55.595471" lon="26.485906"><ele>0.063</ele><time>2023-10-07T07:59:32Z</time></trkpt><trkpt lat="55.595354" lon="26.485287"><ele>0.081</ele><time>2023-10-07T08:00:12Z</time></trkpt><trkpt lat="55.595237" lon="26.4847"><ele>0.012</ele><time>2023-10-07T08:00:52Z</time></trkpt><trkpt lat="55.595111" lon="26.484199"><ele>0.032</ele><time>2023-10-07T08:01:32Z</time></trkpt><trkpt lat="55.59502" lon="26.483777"><ele>0.005</ele><time>2023-10-07T08:02:12Z</time></trkpt><trkpt lat="55.594944" lon="26.483276"><ele>0.009</ele><time>2023-10-07T08:02:52Z</time></trkpt><trkpt lat="55.594898" lon="26.482775"><ele>0.012</ele><time>2023-10-07T08:03:32Z</time></trkpt><trkpt lat="55.594866" lon="26.482117"><ele>0.095</ele><time>2023-10-07T08:04:12Z</time></trkpt><trkpt lat="55.59488" lon="26.482039"><ele>0.020</ele><time>2023-10-07T08:04:52Z</time></trkpt><trkpt lat="55.594919" lon="26.481005"><ele>0.032</ele><time>2023-10-07T08:05:32Z</time></trkpt><trkpt lat="55.595013" lon="26.480042"><ele>0.017</ele><time>2023-10-07T08:06:12Z</time></trkpt><trkpt lat="55.595075" lon="26.479125"><ele>0.095</ele><time>2023-10-07T08:06:52Z</time></trkpt><trkpt lat="55.595128" lon="26.477951"><ele>0.048</ele><time>2023-10-07T08:07:32Z</time></trkpt><trkpt lat="55.595186" lon="26.477042"><ele>0.075</ele><time>2023-10-07T08:08:12Z</time></trkpt><trkpt lat="55.595257" lon="26.476196"><ele>0.023</ele><time>2023-10-07T08:08:52Z</time></trkpt><trkpt lat="55.59527" lon="26.475405"><ele>0.013</ele><time>2023-10-07T08:09:32Z</time></trkpt><trkpt lat="55.595269" lon="26.474653"><ele>0.043</ele><time>2023-10-07T08:10:12Z</time></trkpt><trkpt lat="55.595279" lon="26.473586"><ele>0.007</ele><time>2023-10-07T08:10:52Z</time></trkpt><trkpt lat="55.595259" lon="26.472308"><ele>0.009</ele><time>2023-10-07T08:11:32Z</time></trkpt><trkpt lat="55.595231" lon="26.470987"><ele>0.032</ele><time>2023-10-07T08:12:12Z</time></trkpt><trkpt lat="55.595228" lon="26.470165"><ele>0.085</ele><time>2023-10-07T08:12:52Z</time></trkpt><trkpt lat="55.595211" lon="26.469066"><ele>0.020</ele><time>2023-10-07T08:13:32Z</time></trkpt><trkpt lat="55.595196" lon="26.467426"><ele>0.022</ele><time>2023-10-07T08:14:12Z</time></trkpt><trkpt lat="55.59517" lon="26.465942"><ele>0.057</ele><time>2023-10-07T08:14:52Z</time></trkpt><trkpt lat="55.595172" lon="26.464941"><ele>0.045</ele><time>2023-10-07T08:15:32Z</time></trkpt><trkpt lat="55.59515" lon="26.463846"><ele>0.098</ele><time>2023-10-07T08:16:12Z</time></trkpt><trkpt lat="55.595116" lon="26.461889"><ele>0.075</ele><time>2023-10-07T08:16:52Z</time></trkpt><trkpt lat="55.595099" lon="26.460954"><ele>0.083</ele><time>2023-10-07T08:17:32Z</time></trkpt><trkpt lat="55.595096" lon="26.460362"><ele>0.021</ele><time>2023-10-07T08:18:12Z</time></trkpt><trkpt lat="55.595058" lon="26.459798"><ele>0.041</ele><time>2023-10-07T08:18:52Z</time></trkpt><trkpt lat="55.595023" lon="26.459455"><ele>0.005</ele><time>2023-10-07T08:19:32Z</time></trkpt><trkpt lat="55.594987" lon="26.459126"><ele>0.009</ele><time>2023-10-07T08:20:12Z</time></trkpt><trkpt lat="55.594906" lon="26.458614"><ele>0.023</ele><time>2023-10-07T08:20:52Z</time></trkpt><trkpt lat="55.5948" lon="26.458088"><ele>0.066</ele><time>2023-10-07T08:21:32Z</time></trkpt><trkpt lat="55.594709" lon="26.457684"><ele>0.081</ele><time>2023-10-07T08:22:12Z</time></trkpt><trkpt lat="55.59459" lon="26.457159"><ele>0.093</ele><time>2023-10-07T08:22:52Z</time></trkpt><trkpt lat="55.594503" lon="26.456839"><ele>0.038</ele><time>2023-10-07T08:23:32Z</time></trkpt><trkpt lat="55.594398" lon="26.456459"><ele>0.026</ele><time>2023-10-07T08:24:12Z</time></trkpt><trkpt lat="55.594363" lon="26.456183"><ele>0.019</ele><time>2023-10-07T08:24:52Z</time></trkpt><trkpt lat="55.594257" lon="26.455761"><ele>0.096</ele><time>2023-10-07T08:25:32Z</time></trkpt><trkpt lat="55.594176" lon="26.455465"><ele>0.054</ele><time>2023-10-07T08:26:12Z</time></trkpt><trkpt lat="55.594103" lon="26.455127"><ele>0.032</ele><time>2023-10-07T08:26:52Z</time></trkpt><trkpt lat="55.594081" lon="26.455062"><ele>0.092</ele><time>2023-10-07T08:27:32Z</time></trkpt><trkpt lat="55.594069" lon="26.454993"><ele>0.011</ele><time>2023-10-07T08:28:12Z</time></trkpt><trkpt lat="55.594078" lon="26.454852"><ele>0.009</ele><time>2023-10-07T08:28:52Z</time></trkpt><trkpt lat="55.59414" lon="26.454699"><ele>0.054</ele><time>2023-10-07T08:29:32Z</time></trkpt><trkpt lat="55.594274" lon="26.454507"><ele>0.077</ele><time>2023-10-07T08:30:12Z</time></trkpt><trkpt lat="55.594494" lon="26.454052"><ele>0.032</ele><time>2023-10-07T08:30:52Z</time></trkpt><trkpt lat="55.5947" lon="26.453574"><ele>0.014</ele><time>2023-10-07T08:31:32Z</time></trkpt><trkpt lat="55.595018" lon="26.452923"><ele>0.099</ele><time>2023-10-07T08:32:12Z</time></trkpt><trkpt lat="55.595498" lon="26.451881"><ele>0.017</ele><time>2023-10-07T08:32:52Z</time></trkpt><trkpt lat="55.596" lon="26.450822"><ele>0.070</ele><time>2023-10-07T08:33:32Z</time></trkpt><trkpt lat="55.59653" lon="26.449756"><ele>0.047</ele><time>2023-10-07T08:34:12Z</time></trkpt><trkpt lat="55.597924" lon="26.446808"><ele>0.035</ele><time>2023-10-07T08:34:52Z</time></trkpt><trkpt lat="55.598228" lon="26.44615"><ele>0.096</ele><time>2023-10-07T08:35:32Z</time></trkpt><trkpt lat="55.598148" lon="26.446017"><ele>0.031</ele><time>2023-10-07T08:36:12Z</time></trkpt><trkpt lat="55.597927" lon="26.445697"><ele>0.024</ele><time>2023-10-07T08:36:52Z</time></trkpt><trkpt lat="55.597459" lon="26.444946"><ele>0.009</ele><time>2023-10-07T08:37:32Z</time></trkpt><trkpt lat="55.597099" lon="26.444468"><ele>0.090</ele><time>2023-10-07T08:38:12Z</time></trkpt><trkpt lat="55.596824" lon="26.444093"><ele>0.063</ele><time>2023-10-07T08:38:52Z</time></trkpt><trkpt lat="55.596622" lon="26.443819"><ele>0.098</ele><time>2023-10-07T08:39:32Z</time></trkpt><trkpt lat="55.596411" lon="26.443475"><ele>0.090</ele><time>2023-10-07T08:40:12Z</time></trkpt><trkpt lat="55.59619" lon="26.443147"><ele>0.095</ele><time>2023-10-07T08:40:52Z</time></trkpt><trkpt lat="55.596015" lon="26.442896"><ele>0.093</ele><time>2023-10-07T08:41:32Z</time></trkpt><trkpt lat="55.595534" lon="26.442201"><ele>0.016</ele><time>2023-10-07T08:42:12Z</time></trkpt><trkpt lat="55.59525" lon="26.441771"><ele>0.083</ele><time>2023-10-07T08:42:52Z</time></trkpt><trkpt lat="55.595053" lon="26.44145"><ele>0.031</ele><time>2023-10-07T08:43:32Z</time></trkpt><trkpt lat="55.594882" lon="26.4412"><ele>0.071</ele><time>2023-10-07T08:44:12Z</time></trkpt><trkpt lat="55.594711" lon="26.44095"><ele>0.041</ele><time>2023-10-07T08:44:52Z</time></trkpt><trkpt lat="55.594509" lon="26.440684"><ele>0.015</ele><time>2023-10-07T08:45:32Z</time></trkpt><trkpt lat="55.594315" lon="26.440363"><ele>0.009</ele><time>2023-10-07T08:46:12Z</time></trkpt><trkpt lat="55.594059" lon="26.440012"><ele>0.078</ele><time>2023-10-07T08:46:52Z</time></trkpt><trkpt lat="55.594417" lon="26.43882"><ele>0.011</ele><time>2023-10-07T08:47:32Z</time></trkpt><trkpt lat="55.594375" lon="26.438614"><ele>0.076</ele><time>2023-10-07T08:48:12Z</time></trkpt><trkpt lat="55.594143" lon="26.438336"><ele>0.038</ele><time>2023-10-07T08:48:52Z</time></trkpt><trkpt lat="55.594243" lon="26.438095"><ele>0.013</ele><time>2023-10-07T08:49:32Z</time></trkpt><trkpt lat="55.594525" lon="26.437507"><ele>0.091</ele><time>2023-10-07T08:50:12Z</time></trkpt><trkpt lat="55.594731" lon="26.437052"><ele>0.074</ele><time>2023-10-07T08:50:52Z</time></trkpt><trkpt lat="55.595193" lon="26.436017"><ele>0.031</ele><time>2023-10-07T08:51:32Z</time></trkpt><trkpt lat="55.595458" lon="26.435531"><ele>0.079</ele><time>2023-10-07T08:52:12Z</time></trkpt><trkpt lat="55.595785" lon="26.434849"><ele>0.011</ele><time>2023-10-07T08:52:52Z</time></trkpt><trkpt lat="55.596153" lon="26.434144"><ele>0.021</ele><time>2023-10-07T08:53:32Z</time></trkpt><trkpt lat="55.596431" lon="26.433532"><ele>0.003</ele><time>2023-10-07T08:54:12Z</time></trkpt><trkpt lat="55.596579" lon="26.432984"><ele>0.009</ele><time>2023-10-07T08:54:52Z</time></trkpt><trkpt lat="55.596673" lon="26.432584"><ele>0.092</ele><time>2023-10-07T08:55:32Z</time></trkpt><trkpt lat="55.596695" lon="26.43213"><ele>0.025</ele><time>2023-10-07T08:56:12Z</time></trkpt><trkpt lat="55.596735" lon="26.431414"><ele>0.090</ele><time>2023-10-07T08:56:52Z</time></trkpt><trkpt lat="55.596739" lon="26.430709"><ele>0.072</ele><time>2023-10-07T08:57:32Z</time></trkpt><trkpt lat="55.596797" lon="26.430216"><ele>0.057</ele><time>2023-10-07T08:58:12Z</time></trkpt><trkpt lat="55.596823" lon="26.429339"><ele>0.075</ele><time>2023-10-07T08:58:52Z</time></trkpt><trkpt lat="55.596832" lon="26.428696"><ele>0.048</ele><time>2023-10-07T08:59:32Z</time></trkpt><trkpt lat="55.596845" lon="26.427804"><ele>0.025</ele><time>2023-10-07T09:00:12Z</time></trkpt><trkpt lat="55.596853" lon="26.427091"><ele>0.093</ele><time>2023-10-07T09:00:52Z</time></trkpt><trkpt lat="55.596875" lon="26.426425"><ele>0.042</ele><time>2023-10-07T09:01:32Z</time></trkpt><trkpt lat="55.596955" lon="26.425767"><ele>0.022</ele><time>2023-10-07T09:02:12Z</time></trkpt><trkpt lat="55.597022" lon="26.42518"><ele>0.014</ele><time>2023-10-07T09:02:52Z</time></trkpt><trkpt lat="55.597278" lon="26.424412"><ele>0.009</ele><time>2023-10-07T09:03:32Z</time></trkpt><trkpt lat="55.597705" lon="26.423518"><ele>0.015</ele><time>2023-10-07T09:04:12Z</time></trkpt><trkpt lat="55.597983" lon="26.422938"><ele>0.068</ele><time>2023-10-07T09:04:52Z</time></trkpt><trkpt lat="55.598275" lon="26.422264"><ele>0.063</ele><time>2023-10-07T09:05:32Z</time></trkpt><trkpt lat="55.598521" lon="26.421778"><ele>0.085</ele><time>2023-10-07T09:06:12Z</time></trkpt><trkpt lat="55.59875" lon="26.421323"><ele>0.020</ele><time>2023-10-07T09:06:52Z</time></trkpt><trkpt lat="55.598925" lon="26.420986"><ele>0.028</ele><time>2023-10-07T09:07:32Z</time></trkpt><trkpt lat="55.599015" lon="26.420665"><ele>0.051</ele><time>2023-10-07T09:08:12Z</time></trkpt><trkpt lat="55.599055" lon="26.420539"><ele>0.048</ele><time>2023-10-07T09:08:52Z</time></trkpt><trkpt lat="55.598704" lon="26.42007"><ele>0.066</ele><time>2023-10-07T09:09:32Z</time></trkpt><trkpt lat="55.598425" lon="26.419648"><ele>0.091</ele><time>2023-10-07T09:10:12Z</time></trkpt><trkpt lat="55.598241" lon="26.419328"><ele>0.081</ele><time>2023-10-07T09:10:52Z</time></trkpt><trkpt lat="55.598007" lon="26.419007"><ele>0.019</ele><time>2023-10-07T09:11:32Z</time></trkpt><trkpt lat="55.597818" lon="26.4186"><ele>0.009</ele><time>2023-10-07T09:12:12Z</time></trkpt><trkpt lat="55.597598" lon="26.418006"><ele>0.070</ele><time>2023-10-07T09:12:52Z</time></trkpt><trkpt lat="55.597462" lon="26.417473"><ele>0.093</ele><time>2023-10-07T09:13:32Z</time></trkpt><trkpt lat="55.597438" lon="26.417108"><ele>0.018</ele><time>2023-10-07T09:14:12Z</time></trkpt><trkpt lat="55.597379" lon="26.416387"><ele>0.060</ele><time>2023-10-07T09:14:52Z</time></trkpt><trkpt lat="55.597369" lon="26.415737"><ele>0.065</ele><time>2023-10-07T09:15:32Z</time></trkpt><trkpt lat="55.597378" lon="26.415001"><ele>0.073</ele><time>2023-10-07T09:16:12Z</time></trkpt><trkpt lat="55.597463" lon="26.414249"><ele>0.086</ele><time>2023-10-07T09:16:52Z</time></trkpt><trkpt lat="55.59757" lon="26.41349"><ele>0.073</ele><time>2023-10-07T09:17:32Z</time></trkpt><trkpt lat="55.597686" lon="26.412722"><ele>0.041</ele><time>2023-10-07T09:18:12Z</time></trkpt><trkpt lat="55.597753" lon="26.412033"><ele>0.067</ele><time>2023-10-07T09:18:52Z</time></trkpt><trkpt lat="55.59782" lon="26.4115"><ele>0.081</ele><time>2023-10-07T09:19:32Z</time></trkpt><trkpt lat="55.597837" lon="26.411195"><ele>0.019</ele><time>2023-10-07T09:20:12Z</time></trkpt><trkpt lat="55.597828" lon="26.410631"><ele>0.009</ele><time>2023-10-07T09:20:52Z</time></trkpt><trkpt lat="55.59781" lon="26.410224"><ele>0.087</ele><time>2023-10-07T09:21:32Z</time></trkpt><trkpt lat="55.597787" lon="26.409746"><ele>0.060</ele><time>2023-10-07T09:22:12Z</time></trkpt><trkpt lat="55.597732" lon="26.409104"><ele>0.065</ele><time>2023-10-07T09:22:52Z</time></trkpt><trkpt lat="55.597701" lon="26.408524"><ele>0.047</ele><time>2023-10-07T09:23:32Z</time></trkpt><trkpt lat="55.597637" lon="26.407593"><ele>0.032</ele><time>2023-10-07T09:24:12Z</time></trkpt><trkpt lat="55.597454" lon="26.404802"><ele>0.090</ele><time>2023-10-07T09:24:52Z</time></trkpt><trkpt lat="55.597377" lon="26.40416"><ele>0.063</ele><time>2023-10-07T09:25:32Z</time></trkpt><trkpt lat="55.597219" lon="26.403322"><ele>0.010</ele><time>2023-10-07T09:26:12Z</time></trkpt><trkpt lat="55.596989" lon="26.402555"><ele>0.058</ele><time>2023-10-07T09:26:52Z</time></trkpt><trkpt lat="55.596728" lon="26.401945"><ele>0.025</ele><time>2023-10-07T09:27:32Z</time></trkpt><trkpt lat="55.596297" lon="26.401273"><ele>0.026</ele><time>2023-10-07T09:28:12Z</time></trkpt><trkpt lat="55.596013" lon="26.400866"><ele>0.008</ele><time>2023-10-07T09:28:52Z</time></trkpt><trkpt lat="55.595729" lon="26.40053"><ele>0.009</ele><time>2023-10-07T09:29:32Z</time></trkpt><trkpt lat="55.595288" lon="26.400116"><ele>0.083</ele><time>2023-10-07T09:30:12Z</time></trkpt><trkpt lat="55.594807" lon="26.399866"><ele>0.026</ele><time>2023-10-07T09:30:52Z</time></trkpt><trkpt lat="55.594246" lon="26.399672"><ele>0.021</ele><time>2023-10-07T09:31:32Z</time></trkpt><trkpt lat="55.593473" lon="26.399619"><ele>0.093</ele><time>2023-10-07T09:32:12Z</time></trkpt><trkpt lat="55.592125" lon="26.399544"><ele>0.018</ele><time>2023-10-07T09:32:52Z</time></trkpt><trkpt lat="55.589792" lon="26.399483"><ele>0.086</ele><time>2023-10-07T09:33:32Z</time></trkpt><trkpt lat="55.587087" lon="26.399391"><ele>0.019</ele><time>2023-10-07T09:34:12Z</time></trkpt><trkpt lat="55.586435" lon="26.399416"><ele>0.096</ele><time>2023-10-07T09:34:52Z</time></trkpt><trkpt lat="55.586036" lon="26.399456"><ele>0.074</ele><time>2023-10-07T09:35:32Z</time></trkpt><trkpt lat="55.585368" lon="26.3996"><ele>0.092</ele><time>2023-10-07T09:36:12Z</time></trkpt><trkpt lat="55.585088" lon="26.399759"><ele>0.073</ele><time>2023-10-07T09:36:52Z</time></trkpt><trkpt lat="55.584453" lon="26.400046"><ele>0.020</ele><time>2023-10-07T09:37:32Z</time></trkpt><trkpt lat="55.583624" lon="26.400585"><ele>0.009</ele><time>2023-10-07T09:38:12Z</time></trkpt><trkpt lat="55.582983" lon="26.401146"><ele>0.010</ele><time>2023-10-07T09:38:52Z</time></trkpt><trkpt lat="55.582644" lon="26.401453"><ele>0.063</ele><time>2023-10-07T09:39:32Z</time></trkpt><trkpt lat="55.582292" lon="26.401805"><ele>0.038</ele><time>2023-10-07T09:40:12Z</time></trkpt><trkpt lat="55.582166" lon="26.401531"><ele>0.090</ele><time>2023-10-07T09:40:52Z</time></trkpt><trkpt lat="55.581992" lon="26.401177"><ele>0.085</ele><time>2023-10-07T09:41:32Z</time></trkpt><trkpt lat="55.581507" lon="26.400378"><ele>0.083</ele><time>2023-10-07T09:42:12Z</time></trkpt><trkpt lat="55.581104" lon="26.399622"><ele>0.036</ele><time>2023-10-07T09:42:52Z</time></trkpt><trkpt lat="55.580878" lon="26.399261"><ele>0.093</ele><time>2023-10-07T09:43:32Z</time></trkpt><trkpt lat="55.580651" lon="26.399163"><ele>0.061</ele><time>2023-10-07T09:44:12Z</time></trkpt><trkpt lat="55.580393" lon="26.399131"><ele>0.084</ele><time>2023-10-07T09:44:52Z</time></trkpt><trkpt lat="55.580337" lon="26.399514"><ele>0.007</ele><time>2023-10-07T09:45:32Z</time></trkpt><trkpt lat="55.580325" lon="26.39981"><ele>0.017</ele><time>2023-10-07T09:46:12Z</time></trkpt><trkpt lat="55.579935" lon="26.399855"><ele>0.009</ele><time>2023-10-07T09:46:52Z</time></trkpt><trkpt lat="55.579564" lon="26.399856"><ele>0.069</ele><time>2023-10-07T09:47:32Z</time></trkpt><trkpt lat="55.579375" lon="26.399911"><ele>0.042</ele><time>2023-10-07T09:48:12Z</time></trkpt><trkpt lat="55.57918" lon="26.399945"><ele>0.047</ele><time>2023-10-07T09:48:52Z</time></trkpt><trkpt lat="55.578872" lon="26.399924"><ele>0.099</ele><time>2023-10-07T09:49:32Z</time></trkpt><trkpt lat="55.578902" lon="26.399532"><ele>0.094</ele><time>2023-10-07T09:50:12Z</time></trkpt><trkpt lat="55.578948" lon="26.39953"><ele>0.072</ele><time>2023-10-07T09:50:52Z</time></trkpt><trkpt lat="55.578966" lon="26.399924"><ele>0.025</ele><time>2023-10-07T09:51:32Z</time></trkpt><trkpt lat="55.57911" lon="26.399955"><ele>0.072</ele><time>2023-10-07T09:52:12Z</time></trkpt><trkpt lat="55.57928" lon="26.399923"><ele>0.050</ele><time>2023-10-07T09:52:52Z</time></trkpt><trkpt lat="55.579397" lon="26.399908"><ele>0.022</ele><time>2023-10-07T09:53:32Z</time></trkpt><trkpt lat="55.579559" lon="26.399844"><ele>0.062</ele><time>2023-10-07T09:54:12Z</time></trkpt><trkpt lat="55.579729" lon="26.399797"><ele>0.008</ele><time>2023-10-07T09:54:52Z</time></trkpt><trkpt lat="55.580075" lon="26.399835"><ele>0.009</ele><time>2023-10-07T09:55:32Z</time></trkpt><trkpt lat="55.580331" lon="26.39985"><ele>0.073</ele><time>2023-10-07T09:56:12Z</time></trkpt><trkpt lat="55.580345" lon="26.399733"><ele>0.026</ele><time>2023-10-07T09:56:52Z</time></trkpt><trkpt lat="55.580362" lon="26.399138"><ele>0.031</ele><time>2023-10-07T09:57:32Z</time></trkpt><trkpt lat="55.580388" lon="26.398104"><ele>0.053</ele><time>2023-10-07T09:58:12Z</time></trkpt><trkpt lat="55.580401" lon="26.397572"><ele>0.038</ele><time>2023-10-07T09:58:52Z</time></trkpt><trkpt lat="55.580419" lon="26.397172"><ele>0.026</ele><time>2023-10-07T09:59:32Z</time></trkpt><trkpt lat="55.58045" lon="26.396843"><ele>0.029</ele><time>2023-10-07T10:00:12Z</time></trkpt><trkpt lat="55.580504" lon="26.396679"><ele>0.026</ele><time>2023-10-07T10:00:52Z</time></trkpt><trkpt lat="55.580688" lon="26.396255"><ele>0.044</ele><time>2023-10-07T10:01:32Z</time></trkpt><trkpt lat="55.580867" lon="26.39591"><ele>0.098</ele><time>2023-10-07T10:02:12Z</time></trkpt><trkpt lat="55.580984" lon="26.395589"><ele>0.015</ele><time>2023-10-07T10:02:52Z</time></trkpt><trkpt lat="55.58114" lon="26.395221"><ele>0.026</ele><time>2023-10-07T10:03:32Z</time></trkpt><trkpt lat="55.581244" lon="26.394931"><ele>0.009</ele><time>2023-10-07T10:04:12Z</time></trkpt><trkpt lat="55.581288" lon="26.394758"><ele>0.010</ele><time>2023-10-07T10:04:52Z</time></trkpt><trkpt lat="55.581306" lon="26.394578"><ele>0.063</ele><time>2023-10-07T10:05:32Z</time></trkpt><trkpt lat="55.581328" lon="26.394296"><ele>0.018</ele><time>2023-10-07T10:06:12Z</time></trkpt><trkpt lat="55.581342" lon="26.394061"><ele>0.010</ele><time>2023-10-07T10:06:52Z</time></trkpt><trkpt lat="55.581333" lon="26.393787"><ele>0.045</ele><time>2023-10-07T10:07:32Z</time></trkpt><trkpt lat="55.581332" lon="26.393521"><ele>0.033</ele><time>2023-10-07T10:08:12Z</time></trkpt><trkpt lat="55.581337" lon="26.393286"><ele>0.056</ele><time>2023-10-07T10:08:52Z</time></trkpt><trkpt lat="55.581363" lon="26.393082"><ele>0.033</ele><time>2023-10-07T10:09:32Z</time></trkpt><trkpt lat="55.581408" lon="26.392661"><ele>0.091</ele><time>2023-10-07T10:10:12Z</time></trkpt><trkpt lat="55.581484" lon="26.3923"><ele>0.094</ele><time>2023-10-07T10:10:52Z</time></trkpt><trkpt lat="55.58156" lon="26.391885"><ele>0.057</ele><time>2023-10-07T10:11:32Z</time></trkpt><trkpt lat="55.5816" lon="26.391603"><ele>0.022</ele><time>2023-10-07T10:12:12Z</time></trkpt><trkpt lat="55.581708" lon="26.391603"><ele>0.009</ele><time>2023-10-07T10:12:52Z</time></trkpt><trkpt lat="55.581932" lon="26.391594"><ele>0.020</ele><time>2023-10-07T10:13:32Z</time></trkpt><trkpt lat="55.582197" lon="26.391586"><ele>0.043</ele><time>2023-10-07T10:14:12Z</time></trkpt><trkpt lat="55.582399" lon="26.391609"><ele>0.058</ele><time>2023-10-07T10:14:52Z</time></trkpt><trkpt lat="55.582579" lon="26.391608"><ele>0.080</ele><time>2023-10-07T10:15:32Z</time></trkpt><trkpt lat="55.582759" lon="26.391655"><ele>0.065</ele><time>2023-10-07T10:16:12Z</time></trkpt><trkpt lat="55.583015" lon="26.391607"><ele>0.043</ele><time>2023-10-07T10:16:52Z</time></trkpt><trkpt lat="55.583358" lon="26.391602"><ele>0.086</ele><time>2023-10-07T10:17:32Z</time></trkpt><trkpt lat="55.583762" lon="26.391648"><ele>0.093</ele><time>2023-10-07T10:18:12Z</time></trkpt><trkpt lat="55.584085" lon="26.391655"><ele>0.011</ele><time>2023-10-07T10:18:52Z</time></trkpt><trkpt lat="55.58427" lon="26.391686"><ele>0.033</ele><time>2023-10-07T10:19:32Z</time></trkpt><trkpt lat="55.584548" lon="26.391717"><ele>0.023</ele><time>2023-10-07T10:20:12Z</time></trkpt><trkpt lat="55.584777" lon="26.391692"><ele>0.015</ele><time>2023-10-07T10:20:52Z</time></trkpt><trkpt lat="55.584984" lon="26.3917"><ele>0.009</ele><time>2023-10-07T10:21:32Z</time></trkpt><trkpt lat="55.585306" lon="26.391712"><ele>0.074</ele><time>2023-10-07T10:22:12Z</time></trkpt><trkpt lat="55.585459" lon="26.391704"><ele>0.097</ele><time>2023-10-07T10:22:52Z</time></trkpt><trkpt lat="55.585621" lon="26.391719"><ele>0.062</ele><time>2023-10-07T10:23:32Z</time></trkpt><trkpt lat="55.585805" lon="26.39175"><ele>0.054</ele><time>2023-10-07T10:24:12Z</time></trkpt><trkpt lat="55.585962" lon="26.391742"><ele>0.079</ele><time>2023-10-07T10:24:52Z</time></trkpt><trkpt lat="55.586128" lon="26.391757"><ele>0.067</ele><time>2023-10-07T10:25:32Z</time></trkpt><trkpt lat="55.586259" lon="26.391725"><ele>0.020</ele><time>2023-10-07T10:26:12Z</time></trkpt><trkpt lat="55.586492" lon="26.39174"><ele>0.037</ele><time>2023-10-07T10:26:52Z</time></trkpt><trkpt lat="55.587081" lon="26.391778"><ele>0.075</ele><time>2023-10-07T10:27:32Z</time></trkpt><trkpt lat="55.587462" lon="26.391771"><ele>0.017</ele><time>2023-10-07T10:28:12Z</time></trkpt><trkpt lat="55.587543" lon="26.391802"><ele>0.087</ele><time>2023-10-07T10:28:52Z</time></trkpt><trkpt lat="55.58757" lon="26.391864"><ele>0.015</ele><time>2023-10-07T10:29:32Z</time></trkpt><trkpt lat="55.587597" lon="26.391998"><ele>0.009</ele><time>2023-10-07T10:30:12Z</time></trkpt><trkpt lat="55.587642" lon="26.392123"><ele>0.012</ele><time>2023-10-07T10:30:52Z</time></trkpt><trkpt lat="55.587696" lon="26.39224"><ele>0.085</ele><time>2023-10-07T10:31:32Z</time></trkpt><trkpt lat="55.587772" lon="26.392326"><ele>0.080</ele><time>2023-10-07T10:32:12Z</time></trkpt><trkpt lat="55.587844" lon="26.392389"><ele>0.092</ele><time>2023-10-07T10:32:52Z</time></trkpt><trkpt lat="55.587939" lon="26.392451"><ele>0.047</ele><time>2023-10-07T10:33:32Z</time></trkpt><trkpt lat="55.588019" lon="26.392506"><ele>0.095</ele><time>2023-10-07T10:34:12Z</time></trkpt><trkpt lat="55.588019" lon="26.39238"><ele>0.068</ele><time>2023-10-07T10:34:52Z</time></trkpt><trkpt lat="55.588019" lon="26.392247"><ele>0.045</ele><time>2023-10-07T10:35:32Z</time></trkpt><trkpt lat="55.588019" lon="26.392091"><ele>0.023</ele><time>2023-10-07T10:36:12Z</time></trkpt><trkpt lat="55.588006" lon="26.391934"><ele>0.098</ele><time>2023-10-07T10:36:52Z</time></trkpt><trkpt lat="55.588006" lon="26.391801"><ele>0.015</ele><time>2023-10-07T10:37:32Z</time></trkpt><trkpt lat="55.58801" lon="26.391676"><ele>0.026</ele><time>2023-10-07T10:38:12Z</time></trkpt><trkpt lat="55.588005" lon="26.391472"><ele>0.009</ele><time>2023-10-07T10:38:52Z</time></trkpt><trkpt lat="55.588014" lon="26.391229"><ele>0.020</ele><time>2023-10-07T10:39:32Z</time></trkpt><trkpt lat="55.588036" lon="26.391049"><ele>0.023</ele><time>2023-10-07T10:40:12Z</time></trkpt><trkpt lat="55.58805" lon="26.390838"><ele>0.028</ele><time>2023-10-07T10:40:52Z</time></trkpt><trkpt lat="55.588041" lon="26.390692"><ele>0.080</ele><time>2023-10-07T10:41:32Z</time></trkpt><trkpt lat="55.588046" lon="26.390584"><ele>0.075</ele><time>2023-10-07T10:42:12Z</time></trkpt><trkpt lat="55.588051" lon="26.390438"><ele>0.033</ele><time>2023-10-07T10:42:52Z</time></trkpt><trkpt lat="55.588051" lon="26.390246"><ele>0.076</ele><time>2023-10-07T10:43:32Z</time></trkpt><trkpt lat="55.588056" lon="26.390109"><ele>0.013</ele><time>2023-10-07T10:44:12Z</time></trkpt><trkpt lat="55.58807" lon="26.389884"><ele>0.051</ele><time>2023-10-07T10:44:52Z</time></trkpt><trkpt lat="55.58808" lon="26.389766"><ele>0.049</ele><time>2023-10-07T10:45:32Z</time></trkpt><trkpt lat="55.588108" lon="26.389775"><ele>0.002</ele><time>2023-10-07T10:46:12Z</time></trkpt><trkpt lat="55.588259" lon="26.389895"><ele>0.022</ele><time>2023-10-07T10:46:52Z</time></trkpt><trkpt lat="55.588265" lon="26.38916"><ele>0.009</ele><time>2023-10-07T10:47:32Z</time></trkpt><trkpt lat="55.588264" lon="26.388163"><ele>0.025</ele><time>2023-10-07T10:48:12Z</time></trkpt><trkpt lat="55.588228" lon="26.386839"><ele>0.068</ele><time>2023-10-07T10:48:52Z</time></trkpt><trkpt lat="55.588164" lon="26.385524"><ele>0.043</ele><time>2023-10-07T10:49:32Z</time></trkpt><trkpt lat="55.588114" lon="26.384753"><ele>168.695</ele><time>2023-10-07T10:50:12Z</time></trkpt><trkpt lat="55.588063" lon="26.383964"><ele>0.020</ele><time>2023-10-07T10:50:52Z</time></trkpt><trkpt lat="55.587848" lon="26.382233"><ele>0.088</ele><time>2023-10-07T10:51:32Z</time></trkpt><trkpt lat="55.587614" lon="26.38083"><ele>165.861</ele><time>2023-10-07T10:52:12Z</time></trkpt><trkpt lat="55.586857" lon="26.377663"><ele>0.058</ele><time>2023-10-07T10:52:52Z</time></trkpt><trkpt lat="55.586296" lon="26.375257"><ele>158.046</ele><time>2023-10-07T10:53:32Z</time></trkpt><trkpt lat="55.5861" lon="26.373796"><ele>0.091</ele><time>2023-10-07T10:54:12Z</time></trkpt><trkpt lat="55.58601" lon="26.372295"><ele>0.081</ele><time>2023-10-07T10:54:52Z</time></trkpt><trkpt lat="55.585971" lon="26.370508"><ele>157.219</ele><time>2023-10-07T10:55:32Z</time></trkpt><trkpt lat="55.585996" lon="26.369521"><ele>0.009</ele><time>2023-10-07T10:56:12Z</time></trkpt><trkpt lat="55.58612" lon="26.367997"><ele>0.050</ele><time>2023-10-07T10:56:52Z</time></trkpt><trkpt lat="55.586296" lon="26.366674"><ele>163.763</ele><time>2023-10-07T10:57:32Z</time></trkpt><trkpt lat="55.584" lon="26.365365"><ele>160.878</ele><time>2023-10-07T10:58:12Z</time></trkpt><trkpt lat="55.584086" lon="26.357383"><ele>167.070</ele><time>2023-10-07T10:58:52Z</time></trkpt><trkpt lat="55.58488" lon="26.356568"><ele>165.875</ele><time>2023-10-07T10:59:32Z</time></trkpt><trkpt lat="55.585459" lon="26.355044"><ele>167.353</ele><time>2023-10-07T11:00:12Z</time></trkpt><trkpt lat="55.585631" lon="26.351825"><ele>166.536</ele><time>2023-10-07T11:00:52Z</time></trkpt><trkpt lat="55.585373" lon="26.350924"><ele>166.073</ele><time>2023-10-07T11:01:32Z</time></trkpt><trkpt lat="55.584901" lon="26.350066"><ele>163.421</ele><time>2023-10-07T11:02:12Z</time></trkpt><trkpt lat="55.584107" lon="26.349379"><ele>166.623</ele><time>2023-10-07T11:02:52Z</time></trkpt><trkpt lat="55.583421" lon="26.347191"><ele>167.783</ele><time>2023-10-07T11:03:32Z</time></trkpt><trkpt lat="55.582562" lon="26.345603"><ele>168.411</ele><time>2023-10-07T11:04:12Z</time></trkpt><trkpt lat="55.581962" lon="26.342856"><ele>167.109</ele><time>2023-10-07T11:04:52Z</time></trkpt><trkpt lat="55.581232" lon="26.340539"><ele>164.923</ele><time>2023-10-07T11:05:32Z</time></trkpt><trkpt lat="55.581039" lon="26.33865"><ele>166.186</ele><time>2023-10-07T11:06:12Z</time></trkpt><trkpt lat="55.581189" lon="26.336977"><ele>165.341</ele><time>2023-10-07T11:06:52Z</time></trkpt><trkpt lat="55.58179" lon="26.335818"><ele>166.013</ele><time>2023-10-07T11:07:32Z</time></trkpt><trkpt lat="55.582128" lon="26.334424"><ele>0.068</ele><time>2023-10-07T11:08:12Z</time></trkpt><trkpt lat="55.582575" lon="26.331636"><ele>0.016</ele><time>2023-10-07T11:08:52Z</time></trkpt><trkpt lat="55.582798" lon="26.32981"><ele>171.379</ele><time>2023-10-07T11:09:32Z</time></trkpt><trkpt lat="55.583345" lon="26.329081"><ele>0.086</ele><time>2023-10-07T11:10:12Z</time></trkpt><trkpt lat="55.583592" lon="26.328522"><ele>173.094</ele><time>2023-10-07T11:10:52Z</time></trkpt><trkpt lat="55.583829" lon="26.32803"><ele>0.039</ele><time>2023-10-07T11:11:32Z</time></trkpt><trkpt lat="55.583928" lon="26.327717"><ele>0.001</ele><time>2023-10-07T11:12:12Z</time></trkpt><trkpt lat="55.584064" lon="26.327149"><ele>171.421</ele><time>2023-10-07T11:12:52Z</time></trkpt><trkpt lat="55.584178" lon="26.326244"><ele>0.009</ele><time>2023-10-07T11:13:32Z</time></trkpt><trkpt lat="55.584187" lon="26.325195"><ele>0.054</ele><time>2023-10-07T11:14:12Z</time></trkpt><trkpt lat="55.584321" lon="26.324349"><ele>0.087</ele><time>2023-10-07T11:14:52Z</time></trkpt><trkpt lat="55.584451" lon="26.324016"><ele>173.022</ele><time>2023-10-07T11:15:32Z</time></trkpt><trkpt lat="55.584607" lon="26.32344"><ele>0.034</ele><time>2023-10-07T11:16:12Z</time></trkpt><trkpt lat="55.585361" lon="26.322248"><ele>0.019</ele><time>2023-10-07T11:16:52Z</time></trkpt><trkpt lat="55.585781" lon="26.32127"><ele>167.017</ele><time>2023-10-07T11:17:32Z</time></trkpt><trkpt lat="55.586572" lon="26.320209"><ele>0.020</ele><time>2023-10-07T11:18:12Z</time></trkpt><trkpt lat="55.587605" lon="26.318995"><ele>174.787</ele><time>2023-10-07T11:18:52Z</time></trkpt><trkpt lat="55.588227" lon="26.317922"><ele>175.515</ele><time>2023-10-07T11:19:32Z</time></trkpt><trkpt lat="55.588699" lon="26.317536"><ele>172.249</ele><time>2023-10-07T11:20:12Z</time></trkpt><trkpt lat="55.588819" lon="26.317128"><ele>0.002</ele><time>2023-10-07T11:20:52Z</time></trkpt><trkpt lat="55.589" lon="26.315951"><ele>0.022</ele><time>2023-10-07T11:21:32Z</time></trkpt><trkpt lat="55.589126" lon="26.315465"><ele>174.009</ele><time>2023-10-07T11:22:12Z</time></trkpt><trkpt lat="55.589816" lon="26.313725"><ele>176.955</ele><time>2023-10-07T11:22:52Z</time></trkpt><trkpt lat="55.59003" lon="26.312901"><ele>177.018</ele><time>2023-10-07T11:23:32Z</time></trkpt><trkpt lat="55.590588" lon="26.311657"><ele>177.043</ele><time>2023-10-07T11:24:12Z</time></trkpt><trkpt lat="55.59048" lon="26.31097"><ele>177.335</ele><time>2023-10-07T11:24:52Z</time></trkpt><trkpt lat="55.590588" lon="26.310283"><ele>177.190</ele><time>2023-10-07T11:25:32Z</time></trkpt><trkpt lat="55.591124" lon="26.30921"><ele>172.278</ele><time>2023-10-07T11:26:12Z</time></trkpt><trkpt lat="55.59124" lon="26.308319"><ele>0.011</ele><time>2023-10-07T11:26:52Z</time></trkpt><trkpt lat="55.591365" lon="26.307567"><ele>0.038</ele><time>2023-10-07T11:27:32Z</time></trkpt><trkpt lat="55.591625" lon="26.306892"><ele>169.656</ele><time>2023-10-07T11:28:12Z</time></trkpt><trkpt lat="55.592792" lon="26.305684"><ele>0.058</ele><time>2023-10-07T11:28:52Z</time></trkpt><trkpt lat="55.593304" lon="26.30504"><ele>169.052</ele><time>2023-10-07T11:29:32Z</time></trkpt><trkpt lat="55.592905" lon="26.304447"><ele>172.017</ele><time>2023-10-07T11:30:12Z</time></trkpt><trkpt lat="55.592916" lon="26.303538"><ele>0.009</ele><time>2023-10-07T11:30:52Z</time></trkpt><trkpt lat="55.592916" lon="26.303178"><ele>0.086</ele><time>2023-10-07T11:31:32Z</time></trkpt><trkpt lat="55.592819" lon="26.302601"><ele>170.549</ele><time>2023-10-07T11:32:12Z</time></trkpt><trkpt lat="55.592492" lon="26.30155"><ele>0.014</ele><time>2023-10-07T11:32:52Z</time></trkpt><trkpt lat="55.59224" lon="26.300928"><ele>160.166</ele><time>2023-10-07T11:33:32Z</time></trkpt><trkpt lat="55.592159" lon="26.300673"><ele>0.011</ele><time>2023-10-07T11:34:12Z</time></trkpt><trkpt lat="55.591811" lon="26.300284"><ele>160.989</ele><time>2023-10-07T11:34:52Z</time></trkpt><trkpt lat="55.591553" lon="26.299512"><ele>163.172</ele><time>2023-10-07T11:35:32Z</time></trkpt><trkpt lat="55.591864" lon="26.297514"><ele>0.029</ele><time>2023-10-07T11:36:12Z</time></trkpt><trkpt lat="55.591954" lon="26.297123"><ele>0.087</ele><time>2023-10-07T11:36:52Z</time></trkpt><trkpt lat="55.592047" lon="26.296121"><ele>172.142</ele><time>2023-10-07T11:37:32Z</time></trkpt><trkpt lat="55.592052" lon="26.295634"><ele>0.022</ele><time>2023-10-07T11:38:12Z</time></trkpt><trkpt lat="55.591982" lon="26.295306"><ele>171.314</ele><time>2023-10-07T11:38:52Z</time></trkpt><trkpt lat="55.592391" lon="26.293739"><ele>0.009</ele><time>2023-10-07T11:39:32Z</time></trkpt><trkpt lat="55.592598" lon="26.293127"><ele>0.015</ele><time>2023-10-07T11:40:12Z</time></trkpt><trkpt lat="55.592714" lon="26.292595"><ele>0.048</ele><time>2023-10-07T11:40:52Z</time></trkpt><trkpt lat="55.592798" lon="26.291701"><ele>175.033</ele><time>2023-10-07T11:41:32Z</time></trkpt><trkpt lat="55.593098" lon="26.291186"><ele>177.265</ele><time>2023-10-07T11:42:12Z</time></trkpt><trkpt lat="55.593313" lon="26.289684"><ele>180.850</ele><time>2023-10-07T11:42:52Z</time></trkpt><trkpt lat="55.593935" lon="26.288225"><ele>185.618</ele><time>2023-10-07T11:43:32Z</time></trkpt><trkpt lat="55.593914" lon="26.287784"><ele>0.031</ele><time>2023-10-07T11:44:12Z</time></trkpt><trkpt lat="55.594183" lon="26.287031"><ele>0.038</ele><time>2023-10-07T11:44:52Z</time></trkpt><trkpt lat="55.594326" lon="26.286201"><ele>0.086</ele><time>2023-10-07T11:45:32Z</time></trkpt><trkpt lat="55.59454" lon="26.284368"><ele>0.087</ele><time>2023-10-07T11:46:12Z</time></trkpt><trkpt lat="55.595501" lon="26.276852"><ele>180.842</ele><time>2023-10-07T11:46:52Z</time></trkpt><trkpt lat="55.595396" lon="26.276284"><ele>0.026</ele><time>2023-10-07T11:47:32Z</time></trkpt><trkpt lat="55.59545" lon="26.275924"><ele>0.009</ele><time>2023-10-07T11:48:12Z</time></trkpt><trkpt lat="55.595437" lon="26.275779"><ele>181.139</ele><time>2023-10-07T11:48:52Z</time></trkpt><trkpt lat="55.594972" lon="26.274719"><ele>0.092</ele><time>2023-10-07T11:49:32Z</time></trkpt><trkpt lat="55.594765" lon="26.274124"><ele>0.057</ele><time>2023-10-07T11:50:12Z</time></trkpt><trkpt lat="55.594432" lon="26.273499"><ele>0.099</ele><time>2023-10-07T11:50:52Z</time></trkpt><trkpt lat="55.593871" lon="26.272561"><ele>179.724</ele><time>2023-10-07T11:51:32Z</time></trkpt><trkpt lat="55.59312" lon="26.270415"><ele>180.092</ele><time>2023-10-07T11:52:12Z</time></trkpt><trkpt lat="55.592905" lon="26.269213"><ele>175.475</ele><time>2023-10-07T11:52:52Z</time></trkpt><trkpt lat="55.592725" lon="26.268149"><ele>0.032</ele><time>2023-10-07T11:53:32Z</time></trkpt><trkpt lat="55.592472" lon="26.266944"><ele>0.060</ele><time>2023-10-07T11:54:12Z</time></trkpt><trkpt lat="55.592157" lon="26.265645"><ele>0.039</ele><time>2023-10-07T11:54:52Z</time></trkpt><trkpt lat="55.591967" lon="26.264611"><ele>0.001</ele><time>2023-10-07T11:55:32Z</time></trkpt><trkpt lat="55.591922" lon="26.264079"><ele>0.021</ele><time>2023-10-07T11:56:12Z</time></trkpt><trkpt lat="55.591957" lon="26.263311"><ele>172.409</ele><time>2023-10-07T11:56:52Z</time></trkpt><trkpt lat="55.591928" lon="26.259866"><ele>0.024</ele><time>2023-10-07T11:57:32Z</time></trkpt><trkpt lat="55.591918" lon="26.258958"><ele>0.027</ele><time>2023-10-07T11:58:12Z</time></trkpt><trkpt lat="55.592025" lon="26.258566"><ele>0.042</ele><time>2023-10-07T11:58:52Z</time></trkpt><trkpt lat="55.592097" lon="26.257939"><ele>0.034</ele><time>2023-10-07T11:59:32Z</time></trkpt><trkpt lat="55.592123" lon="26.257516"><ele>0.059</ele><time>2023-10-07T12:00:12Z</time></trkpt><trkpt lat="55.592087" lon="26.257062"><ele>0.017</ele><time>2023-10-07T12:00:52Z</time></trkpt><trkpt lat="55.591897" lon="26.25621"><ele>159.010</ele><time>2023-10-07T12:01:32Z</time></trkpt><trkpt lat="55.59166" lon="26.255309"><ele>158.897</ele><time>2023-10-07T12:02:12Z</time></trkpt><trkpt lat="55.591403" lon="26.255075"><ele>0.065</ele><time>2023-10-07T12:02:52Z</time></trkpt><trkpt lat="55.59106" lon="26.254322"><ele>151.947</ele><time>2023-10-07T12:03:32Z</time></trkpt><trkpt lat="55.590791" lon="26.254512"><ele>0.029</ele><time>2023-10-07T12:04:12Z</time></trkpt><trkpt lat="55.590558" lon="26.254889"><ele>0.021</ele><time>2023-10-07T12:04:52Z</time></trkpt><trkpt lat="55.590397" lon="26.255343"><ele>0.009</ele><time>2023-10-07T12:05:32Z</time></trkpt><trkpt lat="55.590191" lon="26.255735"><ele>0.095</ele><time>2023-10-07T12:06:12Z</time></trkpt><trkpt lat="55.589944" lon="26.255867"><ele>154.968</ele><time>2023-10-07T12:06:52Z</time></trkpt><trkpt lat="55.589544" lon="26.256129"><ele>0.033</ele><time>2023-10-07T12:07:32Z</time></trkpt><trkpt lat="55.588978" lon="26.256811"><ele>156.445</ele><time>2023-10-07T12:08:12Z</time></trkpt><trkpt lat="55.588656" lon="26.257525"><ele>0.010</ele><time>2023-10-07T12:08:52Z</time></trkpt><trkpt lat="55.581361" lon="26.270286"><ele>162.318</ele><time>2023-10-07T12:09:32Z</time></trkpt><trkpt lat="55.579172" lon="26.272689"><ele>162.651</ele><time>2023-10-07T12:10:12Z</time></trkpt><trkpt lat="55.578246" lon="26.273065"><ele>0.068</ele><time>2023-10-07T12:10:52Z</time></trkpt><trkpt lat="55.577501" lon="26.27338"><ele>0.096</ele><time>2023-10-07T12:11:32Z</time></trkpt><trkpt lat="55.576899" lon="26.273412"><ele>0.069</ele><time>2023-10-07T12:12:12Z</time></trkpt><trkpt lat="55.576572" lon="26.273369"><ele>167.204</ele><time>2023-10-07T12:12:52Z</time></trkpt><trkpt lat="55.575907" lon="26.272963"><ele>0.024</ele><time>2023-10-07T12:13:32Z</time></trkpt><trkpt lat="55.575385" lon="26.272432"><ele>168.409</ele><time>2023-10-07T12:14:12Z</time></trkpt><trkpt lat="55.575169" lon="26.272056"><ele>0.017</ele><time>2023-10-07T12:14:52Z</time></trkpt><trkpt lat="55.574225" lon="26.271354"><ele>0.070</ele><time>2023-10-07T12:15:32Z</time></trkpt><trkpt lat="55.573534" lon="26.271011"><ele>0.095</ele><time>2023-10-07T12:16:12Z</time></trkpt><trkpt lat="55.572338" lon="26.27009"><ele>0.057</ele><time>2023-10-07T12:16:52Z</time></trkpt><trkpt lat="55.571889" lon="26.26984"><ele>0.012</ele><time>2023-10-07T12:17:32Z</time></trkpt><trkpt lat="55.571223" lon="26.2692"><ele>0.030</ele><time>2023-10-07T12:18:12Z</time></trkpt><trkpt lat="55.570792" lon="26.268825"><ele>0.033</ele><time>2023-10-07T12:18:52Z</time></trkpt><trkpt lat="55.570446" lon="26.268758"><ele>173.080</ele><time>2023-10-07T12:19:32Z</time></trkpt><trkpt lat="55.565096" lon="26.269943"><ele>172.998</ele><time>2023-10-07T12:20:12Z</time></trkpt><trkpt lat="55.564578" lon="26.270542"><ele>0.094</ele><time>2023-10-07T12:20:52Z</time></trkpt><trkpt lat="55.563905" lon="26.271248"><ele>0.057</ele><time>2023-10-07T12:21:32Z</time></trkpt><trkpt lat="55.563187" lon="26.271657"><ele>0.022</ele><time>2023-10-07T12:22:12Z</time></trkpt><trkpt lat="55.562235" lon="26.272583"><ele>0.009</ele><time>2023-10-07T12:22:52Z</time></trkpt><trkpt lat="55.561454" lon="26.273337"><ele>0.010</ele><time>2023-10-07T12:23:32Z</time></trkpt><trkpt lat="55.56061" lon="26.273887"><ele>0.043</ele><time>2023-10-07T12:24:12Z</time></trkpt><trkpt lat="55.559416" lon="26.274971"><ele>0.068</ele><time>2023-10-07T12:24:52Z</time></trkpt><trkpt lat="55.559084" lon="26.275316"><ele>0.020</ele><time>2023-10-07T12:25:32Z</time></trkpt><trkpt lat="55.55883" lon="26.27535"><ele>171.285</ele><time>2023-10-07T12:26:12Z</time></trkpt><trkpt lat="55.558697" lon="26.274706"><ele>0.053</ele><time>2023-10-07T12:26:52Z</time></trkpt><trkpt lat="55.558385" lon="26.273756"><ele>0.016</ele><time>2023-10-07T12:27:32Z</time></trkpt><trkpt lat="55.558016" lon="26.272692"><ele>0.063</ele><time>2023-10-07T12:28:12Z</time></trkpt><trkpt lat="55.557772" lon="26.271769"><ele>0.021</ele><time>2023-10-07T12:28:52Z</time></trkpt><trkpt lat="55.557371" lon="26.269986"><ele>171.545</ele><time>2023-10-07T12:29:32Z</time></trkpt><trkpt lat="55.555483" lon="26.271574"><ele>170.547</ele><time>2023-10-07T12:30:12Z</time></trkpt><trkpt lat="55.555011" lon="26.271681"><ele>170.011</ele><time>2023-10-07T12:30:52Z</time></trkpt><trkpt lat="55.554152" lon="26.271338"><ele>173.809</ele><time>2023-10-07T12:31:32Z</time></trkpt><trkpt lat="55.553316" lon="26.271681"><ele>169.175</ele><time>2023-10-07T12:32:12Z</time></trkpt><trkpt lat="55.552163" lon="26.271737"><ele>0.028</ele><time>2023-10-07T12:32:52Z</time></trkpt><trkpt lat="55.551835" lon="26.27166"><ele>177.123</ele><time>2023-10-07T12:33:32Z</time></trkpt><trkpt lat="55.551492" lon="26.271831"><ele>174.935</ele><time>2023-10-07T12:34:12Z</time></trkpt><trkpt lat="55.551154" lon="26.272337"><ele>0.090</ele><time>2023-10-07T12:34:52Z</time></trkpt><trkpt lat="55.550481" lon="26.273059"><ele>0.048</ele><time>2023-10-07T12:35:32Z</time></trkpt><trkpt lat="55.549904" lon="26.273483"><ele>175.191</ele><time>2023-10-07T12:36:12Z</time></trkpt><trkpt lat="55.548874" lon="26.274234"><ele>171.938</ele><time>2023-10-07T12:36:52Z</time></trkpt><trkpt lat="55.546792" lon="26.274535"><ele>165.646</ele><time>2023-10-07T12:37:32Z</time></trkpt><trkpt lat="55.545913" lon="26.275436"><ele>160.588</ele><time>2023-10-07T12:38:12Z</time></trkpt><trkpt lat="55.545484" lon="26.276423"><ele>164.024</ele><time>2023-10-07T12:38:52Z</time></trkpt><trkpt lat="55.543853" lon="26.278354"><ele>167.426</ele><time>2023-10-07T12:39:32Z</time></trkpt><trkpt lat="55.543716" lon="26.278842"><ele>0.009</ele><time>2023-10-07T12:40:12Z</time></trkpt><trkpt lat="55.542684" lon="26.280128"><ele>0.059</ele><time>2023-10-07T12:40:52Z</time></trkpt><trkpt lat="55.542172" lon="26.280756"><ele>0.022</ele><time>2023-10-07T12:41:32Z</time></trkpt><trkpt lat="55.54175" lon="26.281487"><ele>164.437</ele><time>2023-10-07T12:42:12Z</time></trkpt><trkpt lat="55.541688" lon="26.282135"><ele>0.099</ele><time>2023-10-07T12:42:52Z</time></trkpt><trkpt lat="55.541492" lon="26.28342"><ele>0.084</ele><time>2023-10-07T12:43:32Z</time></trkpt><trkpt lat="55.541213" lon="26.284491"><ele>166.452</ele><time>2023-10-07T12:44:12Z</time></trkpt><trkpt lat="55.538853" lon="26.284234"><ele>165.725</ele><time>2023-10-07T12:44:52Z</time></trkpt><trkpt lat="55.53675" lon="26.28432"><ele>161.282</ele><time>2023-10-07T12:45:32Z</time></trkpt><trkpt lat="55.536648" lon="26.283793"><ele>0.010</ele><time>2023-10-07T12:46:12Z</time></trkpt><trkpt lat="55.536235" lon="26.283075"><ele>162.625</ele><time>2023-10-07T12:46:52Z</time></trkpt><trkpt lat="55.535178" lon="26.281559"><ele>0.026</ele><time>2023-10-07T12:47:32Z</time></trkpt><trkpt lat="55.534583" lon="26.280929"><ele>167.208</ele><time>2023-10-07T12:48:12Z</time></trkpt><trkpt lat="55.532802" lon="26.277281"><ele>164.009</ele><time>2023-10-07T12:48:52Z</time></trkpt><trkpt lat="55.532166" lon="26.278355"><ele>0.083</ele><time>2023-10-07T12:49:32Z</time></trkpt><trkpt lat="55.530937" lon="26.280285"><ele>0.026</ele><time>2023-10-07T12:50:12Z</time></trkpt><trkpt lat="55.529295" lon="26.282497"><ele>0.011</ele><time>2023-10-07T12:50:52Z</time></trkpt><trkpt lat="55.528639" lon="26.283504"><ele>159.983</ele><time>2023-10-07T12:51:32Z</time></trkpt><trkpt lat="55.528023" lon="26.284149"><ele>0.098</ele><time>2023-10-07T12:52:12Z</time></trkpt><trkpt lat="55.527691" lon="26.284494"><ele>0.036</ele><time>2023-10-07T12:52:52Z</time></trkpt><trkpt lat="55.52743" lon="26.284683"><ele>163.089</ele><time>2023-10-07T12:53:32Z</time></trkpt><trkpt lat="55.525657" lon="26.275436"><ele>170.926</ele><time>2023-10-07T12:54:12Z</time></trkpt><trkpt lat="55.525337" lon="26.272206"><ele>169.214</ele><time>2023-10-07T12:54:52Z</time></trkpt><trkpt lat="55.518773" lon="26.264395"><ele>157.079</ele><time>2023-10-07T12:55:32Z</time></trkpt><trkpt lat="55.518504" lon="26.264286"><ele>0.005</ele><time>2023-10-07T12:56:12Z</time></trkpt><trkpt lat="55.518046" lon="26.264334"><ele>0.025</ele><time>2023-10-07T12:56:52Z</time></trkpt><trkpt lat="55.517498" lon="26.264774"><ele>0.009</ele><time>2023-10-07T12:57:32Z</time></trkpt><trkpt lat="55.516699" lon="26.26534"><ele>0.018</ele><time>2023-10-07T12:58:12Z</time></trkpt><trkpt lat="55.51634" lon="26.265717"><ele>0.021</ele><time>2023-10-07T12:58:52Z</time></trkpt><trkpt lat="55.516071" lon="26.265796"><ele>0.076</ele><time>2023-10-07T12:59:32Z</time></trkpt><trkpt lat="55.515846" lon="26.265734"><ele>148.028</ele><time>2023-10-07T13:00:12Z</time></trkpt><trkpt lat="55.51483" lon="26.264333"><ele>0.043</ele><time>2023-10-07T13:00:52Z</time></trkpt><trkpt lat="55.5142" lon="26.263489"><ele>0.011</ele><time>2023-10-07T13:01:32Z</time></trkpt><trkpt lat="55.51402" lon="26.263207"><ele>159.734</ele><time>2023-10-07T13:02:12Z</time></trkpt><trkpt lat="55.513023" lon="26.262317"><ele>0.011</ele><time>2023-10-07T13:02:52Z</time></trkpt><trkpt lat="55.512285" lon="26.261661"><ele>0.029</ele><time>2023-10-07T13:03:32Z</time></trkpt><trkpt lat="55.511629" lon="26.261036"><ele>0.095</ele><time>2023-10-07T13:04:12Z</time></trkpt><trkpt lat="55.511198" lon="26.260567"><ele>0.049</ele><time>2023-10-07T13:04:52Z</time></trkpt><trkpt lat="55.510964" lon="26.260458"><ele>0.023</ele><time>2023-10-07T13:05:32Z</time></trkpt><trkpt lat="55.510469" lon="26.259755"><ele>0.009</ele><time>2023-10-07T13:06:12Z</time></trkpt><trkpt lat="55.510199" lon="26.259317"><ele>0.070</ele><time>2023-10-07T13:06:52Z</time></trkpt><trkpt lat="55.509585" lon="26.258785"><ele>162.843</ele><time>2023-10-07T13:07:32Z</time></trkpt><trkpt lat="55.509372" lon="26.258661"><ele>0.058</ele><time>2023-10-07T13:08:12Z</time></trkpt><trkpt lat="55.509318" lon="26.258222"><ele>0.080</ele><time>2023-10-07T13:08:52Z</time></trkpt><trkpt lat="55.509273" lon="26.257346"><ele>0.015</ele><time>2023-10-07T13:09:32Z</time></trkpt><trkpt lat="55.509245" lon="26.256735"><ele>0.073</ele><time>2023-10-07T13:10:12Z</time></trkpt><trkpt lat="55.50902" lon="26.255545"><ele>0.066</ele><time>2023-10-07T13:10:52Z</time></trkpt><trkpt lat="55.508902" lon="26.254574"><ele>0.013</ele><time>2023-10-07T13:11:32Z</time></trkpt><trkpt lat="55.508884" lon="26.253838"><ele>0.091</ele><time>2023-10-07T13:12:12Z</time></trkpt><trkpt lat="55.5087" lon="26.252919"><ele>0.099</ele><time>2023-10-07T13:12:52Z</time></trkpt><trkpt lat="55.508493" lon="26.251761"><ele>0.007</ele><time>2023-10-07T13:13:32Z</time></trkpt><trkpt lat="55.50804" lon="26.249816"><ele>156.927</ele><time>2023-10-07T13:14:12Z</time></trkpt><trkpt lat="55.507565" lon="26.249398"><ele>0.009</ele><time>2023-10-07T13:14:52Z</time></trkpt><trkpt lat="55.507188" lon="26.249133"><ele>0.090</ele><time>2023-10-07T13:15:32Z</time></trkpt><trkpt lat="55.506873" lon="26.248726"><ele>0.043</ele><time>2023-10-07T13:16:12Z</time></trkpt><trkpt lat="55.50598" lon="26.247541"><ele>160.988</ele><time>2023-10-07T13:16:52Z</time></trkpt><trkpt lat="55.506066" lon="26.246704"><ele>163.220</ele><time>2023-10-07T13:17:32Z</time></trkpt><trkpt lat="55.506045" lon="26.246332"><ele>0.055</ele><time>2023-10-07T13:18:12Z</time></trkpt><trkpt lat="55.505722" lon="26.245073"><ele>165.633</ele><time>2023-10-07T13:18:52Z</time></trkpt><trkpt lat="55.506196" lon="26.243873"><ele>0.016</ele><time>2023-10-07T13:19:32Z</time></trkpt><trkpt lat="55.506751" lon="26.242352"><ele>0.093</ele><time>2023-10-07T13:20:12Z</time></trkpt><trkpt lat="55.507388" lon="26.240534"><ele>0.021</ele><time>2023-10-07T13:20:52Z</time></trkpt><trkpt lat="55.507525" lon="26.239902"><ele>168.761</ele><time>2023-10-07T13:21:32Z</time></trkpt><trkpt lat="55.501452" lon="26.23295"><ele>153.221</ele><time>2023-10-07T13:22:12Z</time></trkpt><trkpt lat="55.500693" lon="26.231642"><ele>0.013</ele><time>2023-10-07T13:22:52Z</time></trkpt><trkpt lat="55.500441" lon="26.231111"><ele>0.009</ele><time>2023-10-07T13:23:32Z</time></trkpt><trkpt lat="55.500477" lon="26.230876"><ele>151.017</ele><time>2023-10-07T13:24:12Z</time></trkpt><trkpt lat="55.5008" lon="26.230295"><ele>149.910</ele><time>2023-10-07T13:24:52Z</time></trkpt><trkpt lat="55.500898" lon="26.229559"><ele>0.075</ele><time>2023-10-07T13:25:32Z</time></trkpt><trkpt lat="55.500942" lon="26.228463"><ele>0.097</ele><time>2023-10-07T13:26:12Z</time></trkpt><trkpt lat="55.501058" lon="26.227241"><ele>0.012</ele><time>2023-10-07T13:26:52Z</time></trkpt><trkpt lat="55.501066" lon="26.225941"><ele>0.040</ele><time>2023-10-07T13:27:32Z</time></trkpt><trkpt lat="55.501037" lon="26.224077"><ele>0.073</ele><time>2023-10-07T13:28:12Z</time></trkpt><trkpt lat="55.501009" lon="26.222041"><ele>0.070</ele><time>2023-10-07T13:28:52Z</time></trkpt><trkpt lat="55.500979" lon="26.218329"><ele>0.018</ele><time>2023-10-07T13:29:32Z</time></trkpt><trkpt lat="55.500964" lon="26.213476"><ele>0.058</ele><time>2023-10-07T13:30:12Z</time></trkpt><trkpt lat="55.500855" lon="26.212599"><ele>0.052</ele><time>2023-10-07T13:30:52Z</time></trkpt><trkpt lat="55.500937" lon="26.210634"><ele>163.117</ele><time>2023-10-07T13:31:32Z</time></trkpt><trkpt lat="55.500638" lon="26.209389"><ele>0.009</ele><time>2023-10-07T13:32:12Z</time></trkpt><trkpt lat="55.500551" lon="26.208574"><ele>164.156</ele><time>2023-10-07T13:32:52Z</time></trkpt><trkpt lat="55.500637" lon="26.2066"><ele>166.519</ele><time>2023-10-07T13:33:32Z</time></trkpt><trkpt lat="55.501245" lon="26.20447"><ele>0.044</ele><time>2023-10-07T13:34:12Z</time></trkpt><trkpt lat="55.5018" lon="26.202385"><ele>0.076</ele><time>2023-10-07T13:34:52Z</time></trkpt><trkpt lat="55.502015" lon="26.201382"><ele>0.031</ele><time>2023-10-07T13:35:32Z</time></trkpt><trkpt lat="55.502257" lon="26.199831"><ele>163.729</ele><time>2023-10-07T13:36:12Z</time></trkpt><trkpt lat="55.502102" lon="26.197874"><ele>0.052</ele><time>2023-10-07T13:36:52Z</time></trkpt><trkpt lat="55.502083" lon="26.195775"><ele>156.219</ele><time>2023-10-07T13:37:32Z</time></trkpt><trkpt lat="55.502163" lon="26.194961"><ele>0.057</ele><time>2023-10-07T13:38:12Z</time></trkpt><trkpt lat="55.502288" lon="26.194491"><ele>155.911</ele><time>2023-10-07T13:38:52Z</time></trkpt><trkpt lat="55.50174" lon="26.19374"><ele>0.021</ele><time>2023-10-07T13:39:32Z</time></trkpt><trkpt lat="55.500912" lon="26.192771"><ele>0.003</ele><time>2023-10-07T13:40:12Z</time></trkpt><trkpt lat="55.500337" lon="26.192266"><ele>152.409</ele><time>2023-10-07T13:40:52Z</time></trkpt><trkpt lat="55.498942" lon="26.192094"><ele>149.972</ele><time>2023-10-07T13:41:32Z</time></trkpt><trkpt lat="55.497416" lon="26.191279"><ele>0.045</ele><time>2023-10-07T13:42:12Z</time></trkpt><trkpt lat="55.497075" lon="26.191217"><ele>0.030</ele><time>2023-10-07T13:42:52Z</time></trkpt><trkpt lat="55.496257" lon="26.190608"><ele>0.072</ele><time>2023-10-07T13:43:32Z</time></trkpt><trkpt lat="55.495771" lon="26.19017"><ele>0.097</ele><time>2023-10-07T13:44:12Z</time></trkpt><trkpt lat="55.495421" lon="26.189827"><ele>0.035</ele><time>2023-10-07T13:44:52Z</time></trkpt><trkpt lat="55.495034" lon="26.189577"><ele>0.068</ele><time>2023-10-07T13:45:32Z</time></trkpt><trkpt lat="55.494495" lon="26.189375"><ele>0.025</ele><time>2023-10-07T13:46:12Z</time></trkpt><trkpt lat="55.493599" lon="26.18909"><ele>159.013</ele><time>2023-10-07T13:46:52Z</time></trkpt><trkpt lat="55.492977" lon="26.189526"><ele>0.065</ele><time>2023-10-07T13:47:32Z</time></trkpt><trkpt lat="55.492124" lon="26.189904"><ele>0.068</ele><time>2023-10-07T13:48:12Z</time></trkpt><trkpt lat="55.491154" lon="26.190204"><ele>151.914</ele><time>2023-10-07T13:48:52Z</time></trkpt><trkpt lat="55.490435" lon="26.18925"><ele>0.009</ele><time>2023-10-07T13:49:32Z</time></trkpt><trkpt lat="55.489886" lon="26.188641"><ele>0.057</ele><time>2023-10-07T13:50:12Z</time></trkpt><trkpt lat="55.489491" lon="26.188313"><ele>0.090</ele><time>2023-10-07T13:50:52Z</time></trkpt><trkpt lat="55.489185" lon="26.187984"><ele>0.025</ele><time>2023-10-07T13:51:32Z</time></trkpt><trkpt lat="55.488825" lon="26.187594"><ele>0.047</ele><time>2023-10-07T13:52:12Z</time></trkpt><trkpt lat="55.488041" lon="26.18643"><ele>153.682</ele><time>2023-10-07T13:52:52Z</time></trkpt><trkpt lat="55.487144" lon="26.186"><ele>0.080</ele><time>2023-10-07T13:53:32Z</time></trkpt><trkpt lat="55.48665" lon="26.185861"><ele>0.023</ele><time>2023-10-07T13:54:12Z</time></trkpt><trkpt lat="55.486075" lon="26.185486"><ele>0.090</ele><time>2023-10-07T13:54:52Z</time></trkpt><trkpt lat="55.485191" lon="26.18487"><ele>0.088</ele><time>2023-10-07T13:55:32Z</time></trkpt><trkpt lat="55.484751" lon="26.184715"><ele>0.071</ele><time>2023-10-07T13:56:12Z</time></trkpt><trkpt lat="55.484499" lon="26.184527"><ele>149.941</ele><time>2023-10-07T13:56:52Z</time></trkpt><trkpt lat="55.483826" lon="26.184513"><ele>0.015</ele><time>2023-10-07T13:57:32Z</time></trkpt><trkpt lat="55.483179" lon="26.184624"><ele>158.509</ele><time>2023-10-07T13:58:12Z</time></trkpt><trkpt lat="55.482325" lon="26.183843"><ele>160.038</ele><time>2023-10-07T13:58:52Z</time></trkpt><trkpt lat="55.481089" lon="26.183597"><ele>158.911</ele><time>2023-10-07T13:59:32Z</time></trkpt><trkpt lat="55.480385" lon="26.183157"><ele>0.036</ele><time>2023-10-07T14:00:12Z</time></trkpt><trkpt lat="55.479405" lon="26.182611"><ele>0.088</ele><time>2023-10-07T14:00:52Z</time></trkpt><trkpt lat="55.478902" lon="26.182315"><ele>0.023</ele><time>2023-10-07T14:01:32Z</time></trkpt><trkpt lat="55.477141" lon="26.181646"><ele>0.061</ele><time>2023-10-07T14:02:12Z</time></trkpt><trkpt lat="55.475834" lon="26.181056"><ele>153.494</ele><time>2023-10-07T14:02:52Z</time></trkpt><trkpt lat="55.475456" lon="26.180337"><ele>0.031</ele><time>2023-10-07T14:03:32Z</time></trkpt><trkpt lat="55.475033" lon="26.179899"><ele>156.599</ele><time>2023-10-07T14:04:12Z</time></trkpt><trkpt lat="55.47451" lon="26.179762"><ele>0.033</ele><time>2023-10-07T14:04:52Z</time></trkpt><trkpt lat="55.473557" lon="26.179826"><ele>0.023</ele><time>2023-10-07T14:05:32Z</time></trkpt><trkpt lat="55.472623" lon="26.179844"><ele>0.015</ele><time>2023-10-07T14:06:12Z</time></trkpt><trkpt lat="55.471527" lon="26.179628"><ele>0.009</ele><time>2023-10-07T14:06:52Z</time></trkpt><trkpt lat="55.471114" lon="26.179613"><ele>0.014</ele><time>2023-10-07T14:07:32Z</time></trkpt><trkpt lat="55.470725" lon="26.179649"><ele>166.497</ele><time>2023-10-07T14:08:12Z</time></trkpt><trkpt lat="55.470226" lon="26.179103"><ele>0.042</ele><time>2023-10-07T14:08:52Z</time></trkpt><trkpt lat="55.469345" lon="26.178385"><ele>0.074</ele><time>2023-10-07T14:09:32Z</time></trkpt><trkpt lat="55.468429" lon="26.177525"><ele>0.049</ele><time>2023-10-07T14:10:12Z</time></trkpt><trkpt lat="55.46726" lon="26.176401"><ele>0.047</ele><time>2023-10-07T14:10:52Z</time></trkpt><trkpt lat="55.466067" lon="26.175264"><ele>0.080</ele><time>2023-10-07T14:11:32Z</time></trkpt><trkpt lat="55.465285" lon="26.174593"><ele>0.057</ele><time>2023-10-07T14:12:12Z</time></trkpt><trkpt lat="55.464637" lon="26.174203"><ele>0.025</ele><time>2023-10-07T14:12:52Z</time></trkpt><trkpt lat="55.463472" lon="26.173555"><ele>173.765</ele><time>2023-10-07T14:13:32Z</time></trkpt><trkpt lat="55.462275" lon="26.173847"><ele>0.068</ele><time>2023-10-07T14:14:12Z</time></trkpt><trkpt lat="55.461916" lon="26.173989"><ele>0.014</ele><time>2023-10-07T14:14:52Z</time></trkpt><trkpt lat="55.461287" lon="26.174194"><ele>0.009</ele><time>2023-10-07T14:15:32Z</time></trkpt><trkpt lat="55.460281" lon="26.174337"><ele>0.067</ele><time>2023-10-07T14:16:12Z</time></trkpt><trkpt lat="55.459662" lon="26.174542"><ele>0.010</ele><time>2023-10-07T14:16:52Z</time></trkpt><trkpt lat="55.459204" lon="26.174669"><ele>0.025</ele><time>2023-10-07T14:17:32Z</time></trkpt><trkpt lat="55.45755" lon="26.174671"><ele>174.257</ele><time>2023-10-07T14:18:12Z</time></trkpt><trkpt lat="55.457056" lon="26.174173"><ele>0.072</ele><time>2023-10-07T14:18:52Z</time></trkpt><trkpt lat="55.456643" lon="26.173845"><ele>0.070</ele><time>2023-10-07T14:19:32Z</time></trkpt><trkpt lat="55.456346" lon="26.173532"><ele>0.023</ele><time>2023-10-07T14:20:12Z</time></trkpt><trkpt lat="55.456013" lon="26.172687"><ele>0.010</ele><time>2023-10-07T14:20:52Z</time></trkpt><trkpt lat="55.455823" lon="26.172202"><ele>182.858</ele><time>2023-10-07T14:21:32Z</time></trkpt><trkpt lat="55.455256" lon="26.171874"><ele>0.018</ele><time>2023-10-07T14:22:12Z</time></trkpt><trkpt lat="55.454834" lon="26.171531"><ele>0.098</ele><time>2023-10-07T14:22:52Z</time></trkpt><trkpt lat="55.454375" lon="26.170937"><ele>176.017</ele><time>2023-10-07T14:23:32Z</time></trkpt><trkpt lat="55.453065" lon="26.167547"><ele>169.609</ele><time>2023-10-07T14:24:12Z</time></trkpt><trkpt lat="55.449972" lon="26.163704"><ele>157.042</ele><time>2023-10-07T14:24:52Z</time></trkpt><trkpt lat="55.448605" lon="26.162204"><ele>0.045</ele><time>2023-10-07T14:25:32Z</time></trkpt><trkpt lat="55.447616" lon="26.161125"><ele>0.050</ele><time>2023-10-07T14:26:12Z</time></trkpt><trkpt lat="55.44722" lon="26.160641"><ele>0.042</ele><time>2023-10-07T14:26:52Z</time></trkpt><trkpt lat="55.446879" lon="26.160454"><ele>152.597</ele><time>2023-10-07T14:27:32Z</time></trkpt><trkpt lat="55.446492" lon="26.160204"><ele>0.065</ele><time>2023-10-07T14:28:12Z</time></trkpt><trkpt lat="55.446231" lon="26.159657"><ele>159.078</ele><time>2023-10-07T14:28:52Z</time></trkpt><trkpt lat="55.445817" lon="26.158702"><ele>0.035</ele><time>2023-10-07T14:29:32Z</time></trkpt><trkpt lat="55.445448" lon="26.157168"><ele>159.653</ele><time>2023-10-07T14:30:12Z</time></trkpt><trkpt lat="55.444925" lon="26.154617"><ele>158.095</ele><time>2023-10-07T14:30:52Z</time></trkpt><trkpt lat="55.444367" lon="26.153365"><ele>0.049</ele><time>2023-10-07T14:31:32Z</time></trkpt><trkpt lat="55.443926" lon="26.15263"><ele>156.823</ele><time>2023-10-07T14:32:12Z</time></trkpt><trkpt lat="55.443539" lon="26.152083"><ele>0.009</ele><time>2023-10-07T14:32:52Z</time></trkpt><trkpt lat="55.442894" lon="26.151582"><ele>154.760</ele><time>2023-10-07T14:33:32Z</time></trkpt><trkpt lat="55.442271" lon="26.150034"><ele>155.383</ele><time>2023-10-07T14:34:12Z</time></trkpt><trkpt lat="55.441135" lon="26.14566"><ele>162.098</ele><time>2023-10-07T14:34:52Z</time></trkpt><trkpt lat="55.439958" lon="26.141429"><ele>0.080</ele><time>2023-10-07T14:35:32Z</time></trkpt><trkpt lat="55.439598" lon="26.14013"><ele>0.045</ele><time>2023-10-07T14:36:12Z</time></trkpt><trkpt lat="55.43949" lon="26.13977"><ele>155.653</ele><time>2023-10-07T14:36:52Z</time></trkpt><trkpt lat="55.439418" lon="26.139316"><ele>0.066</ele><time>2023-10-07T14:37:32Z</time></trkpt><trkpt lat="55.439381" lon="26.138627"><ele>0.083</ele><time>2023-10-07T14:38:12Z</time></trkpt><trkpt lat="55.439354" lon="26.137859"><ele>0.011</ele><time>2023-10-07T14:38:52Z</time></trkpt><trkpt lat="55.439344" lon="26.137249"><ele>0.052</ele><time>2023-10-07T14:39:32Z</time></trkpt><trkpt lat="55.439483" lon="26.134674"><ele>160.353</ele><time>2023-10-07T14:40:12Z</time></trkpt><trkpt lat="55.439197" lon="26.133005"><ele>0.008</ele><time>2023-10-07T14:40:52Z</time></trkpt><trkpt lat="55.438872" lon="26.131314"><ele>0.009</ele><time>2023-10-07T14:41:32Z</time></trkpt><trkpt lat="55.438584" lon="26.129999"><ele>0.066</ele><time>2023-10-07T14:42:12Z</time></trkpt><trkpt lat="55.438326" lon="26.128822"><ele>0.069</ele><time>2023-10-07T14:42:52Z</time></trkpt><trkpt lat="55.437935" lon="26.127651"><ele>156.544</ele><time>2023-10-07T14:43:32Z</time></trkpt><trkpt lat="55.437305" lon="26.125645"><ele>0.016</ele><time>2023-10-07T14:44:12Z</time></trkpt><trkpt lat="55.437008" lon="26.124582"><ele>0.071</ele><time>2023-10-07T14:44:52Z</time></trkpt><trkpt lat="55.436806" lon="26.123706"><ele>170.989</ele><time>2023-10-07T14:45:32Z</time></trkpt><trkpt lat="55.436793" lon="26.122818"><ele>0.092</ele><time>2023-10-07T14:46:12Z</time></trkpt><trkpt lat="55.436868" lon="26.121677"><ele>0.049</ele><time>2023-10-07T14:46:52Z</time></trkpt><trkpt lat="55.436917" lon="26.120811"><ele>173.237</ele><time>2023-10-07T14:47:32Z</time></trkpt><trkpt lat="55.436975" lon="26.120412"><ele>0.073</ele><time>2023-10-07T14:48:12Z</time></trkpt><trkpt lat="55.436817" lon="26.119557"><ele>0.085</ele><time>2023-10-07T14:48:52Z</time></trkpt><trkpt lat="55.436577" lon="26.118768"><ele>0.013</ele><time>2023-10-07T14:49:32Z</time></trkpt><trkpt lat="55.436445" lon="26.118023"><ele>0.009</ele><time>2023-10-07T14:50:12Z</time></trkpt><trkpt lat="55.43642" lon="26.117913"><ele>0.048</ele><time>2023-10-07T14:50:52Z</time></trkpt><trkpt lat="55.436261" lon="26.116686"><ele>0.011</ele><time>2023-10-07T14:51:32Z</time></trkpt><trkpt lat="55.43616" lon="26.115677"><ele>0.056</ele><time>2023-10-07T14:52:12Z</time></trkpt><trkpt lat="55.435951" lon="26.114395"><ele>0.088</ele><time>2023-10-07T14:52:52Z</time></trkpt><trkpt lat="55.435712" lon="26.113124"><ele>0.053</ele><time>2023-10-07T14:53:32Z</time></trkpt><trkpt lat="55.435415" lon="26.111678"><ele>0.021</ele><time>2023-10-07T14:54:12Z</time></trkpt><trkpt lat="55.435125" lon="26.110374"><ele>166.034</ele><time>2023-10-07T14:54:52Z</time></trkpt><trkpt lat="55.434891" lon="26.109662"><ele>0.011</ele><time>2023-10-07T14:55:32Z</time></trkpt><trkpt lat="55.434482" lon="26.108588"><ele>0.049</ele><time>2023-10-07T14:56:12Z</time></trkpt><trkpt lat="55.434223" lon="26.107778"><ele>0.073</ele><time>2023-10-07T14:56:52Z</time></trkpt><trkpt lat="55.433908" lon="26.107252"><ele>0.085</ele><time>2023-10-07T14:57:32Z</time></trkpt><trkpt lat="55.433348" lon="26.10619"><ele>163.913</ele><time>2023-10-07T14:58:12Z</time></trkpt><trkpt lat="55.432814" lon="26.105297"><ele>0.009</ele><time>2023-10-07T14:58:52Z</time></trkpt><trkpt lat="55.432298" lon="26.104574"><ele>0.018</ele><time>2023-10-07T14:59:32Z</time></trkpt><trkpt lat="55.431618" lon="26.103765"><ele>0.011</ele><time>2023-10-07T15:00:12Z</time></trkpt><trkpt lat="55.431045" lon="26.102933"><ele>0.026</ele><time>2023-10-07T15:00:52Z</time></trkpt><trkpt lat="55.428424" lon="26.099152"><ele>0.038</ele><time>2023-10-07T15:01:32Z</time></trkpt><trkpt lat="55.426436" lon="26.096393"><ele>172.883</ele><time>2023-10-07T15:02:12Z</time></trkpt><trkpt lat="55.426322" lon="26.095879"><ele>0.031</ele><time>2023-10-07T15:02:52Z</time></trkpt><trkpt lat="55.426044" lon="26.094904"><ele>0.034</ele><time>2023-10-07T15:03:32Z</time></trkpt><trkpt lat="55.425689" lon="26.09381"><ele>0.031</ele><time>2023-10-07T15:04:12Z</time></trkpt><trkpt lat="55.425493" lon="26.093142"><ele>0.089</ele><time>2023-10-07T15:04:52Z</time></trkpt><trkpt lat="55.425313" lon="26.09234"><ele>177.991</ele><time>2023-10-07T15:05:32Z</time></trkpt><trkpt lat="55.42526" lon="26.091794"><ele>0.081</ele><time>2023-10-07T15:06:12Z</time></trkpt><trkpt lat="55.425228" lon="26.091421"><ele>0.019</ele><time>2023-10-07T15:06:52Z</time></trkpt><trkpt lat="55.42529" lon="26.09038"><ele>0.009</ele><time>2023-10-07T15:07:32Z</time></trkpt><trkpt lat="55.425296" lon="26.090259"><ele>0.040</ele><time>2023-10-07T15:08:12Z</time></trkpt><trkpt lat="55.425289" lon="26.089229"><ele>170.173</ele><time>2023-10-07T15:08:52Z</time></trkpt><trkpt lat="55.425314" lon="26.08879"><ele>0.048</ele><time>2023-10-07T15:09:32Z</time></trkpt><trkpt lat="55.425282" lon="26.087935"><ele>0.040</ele><time>2023-10-07T15:10:12Z</time></trkpt><trkpt lat="55.425162" lon="26.087168"><ele>0.065</ele><time>2023-10-07T15:10:52Z</time></trkpt><trkpt lat="55.42506" lon="26.086258"><ele>0.043</ele><time>2023-10-07T15:11:32Z</time></trkpt><trkpt lat="55.42499" lon="26.085447"><ele>0.096</ele><time>2023-10-07T15:12:12Z</time></trkpt><trkpt lat="55.424858" lon="26.084548"><ele>0.013</ele><time>2023-10-07T15:12:52Z</time></trkpt><trkpt lat="55.42482" lon="26.084044"><ele>174.811</ele><time>2023-10-07T15:13:32Z</time></trkpt><trkpt lat="55.424769" lon="26.083299"><ele>0.051</ele><time>2023-10-07T15:14:12Z</time></trkpt><trkpt lat="55.424724" lon="26.082235"><ele>0.001</ele><time>2023-10-07T15:14:52Z</time></trkpt><trkpt lat="55.424723" lon="26.081709"><ele>0.011</ele><time>2023-10-07T15:15:32Z</time></trkpt><trkpt lat="55.424791" lon="26.080163"><ele>0.009</ele><time>2023-10-07T15:16:12Z</time></trkpt><trkpt lat="55.424803" lon="26.079461"><ele>0.066</ele><time>2023-10-07T15:16:52Z</time></trkpt><trkpt lat="55.424784" lon="26.078626"><ele>177.899</ele><time>2023-10-07T15:17:32Z</time></trkpt><trkpt lat="55.424468" lon="26.077083"><ele>0.014</ele><time>2023-10-07T15:18:12Z</time></trkpt><trkpt lat="55.424273" lon="26.076316"><ele>0.096</ele><time>2023-10-07T15:18:52Z</time></trkpt><trkpt lat="55.424172" lon="26.075977"><ele>0.091</ele><time>2023-10-07T15:19:32Z</time></trkpt><trkpt lat="55.424052" lon="26.075615"><ele>0.089</ele><time>2023-10-07T15:20:12Z</time></trkpt><trkpt lat="55.42402" lon="26.075045"><ele>0.092</ele><time>2023-10-07T15:20:52Z</time></trkpt><trkpt lat="55.42402" lon="26.074651"><ele>175.129</ele><time>2023-10-07T15:21:32Z</time></trkpt><trkpt lat="55.423981" lon="26.073489"><ele>0.067</ele><time>2023-10-07T15:22:12Z</time></trkpt><trkpt lat="55.423949" lon="26.073006"><ele>0.035</ele><time>2023-10-07T15:22:52Z</time></trkpt><trkpt lat="55.423943" lon="26.072513"><ele>0.086</ele><time>2023-10-07T15:23:32Z</time></trkpt><trkpt lat="55.423992" lon="26.071197"><ele>175.014</ele><time>2023-10-07T15:24:12Z</time></trkpt><trkpt lat="55.423954" lon="26.070518"><ele>0.009</ele><time>2023-10-07T15:24:52Z</time></trkpt><trkpt lat="55.423827" lon="26.069652"><ele>0.024</ele><time>2023-10-07T15:25:32Z</time></trkpt><trkpt lat="55.423732" lon="26.069082"><ele>0.057</ele><time>2023-10-07T15:26:12Z</time></trkpt><trkpt lat="55.423606" lon="26.06849"><ele>0.072</ele><time>2023-10-07T15:26:52Z</time></trkpt><trkpt lat="55.423561" lon="26.068241"><ele>175.734</ele><time>2023-10-07T15:27:32Z</time></trkpt><trkpt lat="55.423411" lon="26.067679"><ele>0.089</ele><time>2023-10-07T15:28:12Z</time></trkpt><trkpt lat="55.423366" lon="26.067033"><ele>0.057</ele><time>2023-10-07T15:28:52Z</time></trkpt><trkpt lat="55.423296" lon="26.066386"><ele>0.090</ele><time>2023-10-07T15:29:32Z</time></trkpt><trkpt lat="55.423271" lon="26.065816"><ele>0.067</ele><time>2023-10-07T15:30:12Z</time></trkpt><trkpt lat="55.42327" lon="26.065312"><ele>0.015</ele><time>2023-10-07T15:30:52Z</time></trkpt><trkpt lat="55.423165" lon="26.064584"><ele>0.017</ele><time>2023-10-07T15:31:32Z</time></trkpt><trkpt lat="55.423051" lon="26.063992"><ele>0.087</ele><time>2023-10-07T15:32:12Z</time></trkpt><trkpt lat="55.422988" lon="26.063466"><ele>0.015</ele><time>2023-10-07T15:32:52Z</time></trkpt><trkpt lat="55.423025" lon="26.063177"><ele>174.209</ele><time>2023-10-07T15:33:32Z</time></trkpt><trkpt lat="55.422931" lon="26.062578"><ele>0.032</ele><time>2023-10-07T15:34:12Z</time></trkpt><trkpt lat="55.422773" lon="26.061964"><ele>0.055</ele><time>2023-10-07T15:34:52Z</time></trkpt><trkpt lat="55.422672" lon="26.061482"><ele>0.030</ele><time>2023-10-07T15:35:32Z</time></trkpt><trkpt lat="55.422287" lon="26.060201"><ele>0.052</ele><time>2023-10-07T15:36:12Z</time></trkpt><trkpt lat="55.422111" lon="26.05951"><ele>0.027</ele><time>2023-10-07T15:36:52Z</time></trkpt><trkpt lat="55.422016" lon="26.058886"><ele>0.015</ele><time>2023-10-07T15:37:32Z</time></trkpt><trkpt lat="55.421858" lon="26.058162"><ele>0.098</ele><time>2023-10-07T15:38:12Z</time></trkpt><trkpt lat="55.421807" lon="26.05756"><ele>0.065</ele><time>2023-10-07T15:38:52Z</time></trkpt><trkpt lat="55.421713" lon="26.057143"><ele>0.023</ele><time>2023-10-07T15:39:32Z</time></trkpt><trkpt lat="55.421542" lon="26.056398"><ele>0.054</ele><time>2023-10-07T15:40:12Z</time></trkpt><trkpt lat="55.421473" lon="26.056058"><ele>0.056</ele><time>2023-10-07T15:40:52Z</time></trkpt><trkpt lat="55.42141" lon="26.055784"><ele>171.811</ele><time>2023-10-07T15:41:32Z</time></trkpt><trkpt lat="55.421322" lon="26.055445"><ele>0.009</ele><time>2023-10-07T15:42:12Z</time></trkpt><trkpt lat="55.421296" lon="26.055039"><ele>0.066</ele><time>2023-10-07T15:42:52Z</time></trkpt><trkpt lat="55.42144" lon="26.053504"><ele>175.229</ele><time>2023-10-07T15:43:32Z</time></trkpt><trkpt lat="55.42159" lon="26.052901"><ele>0.074</ele><time>2023-10-07T15:44:12Z</time></trkpt><trkpt lat="55.421709" lon="26.052517"><ele>0.016</ele><time>2023-10-07T15:44:52Z</time></trkpt><trkpt lat="55.421803" lon="26.051771"><ele>0.021</ele><time>2023-10-07T15:45:32Z</time></trkpt><trkpt lat="55.42189" lon="26.050762"><ele>172.329</ele><time>2023-10-07T15:46:12Z</time></trkpt><trkpt lat="55.421826" lon="26.048942"><ele>173.692</ele><time>2023-10-07T15:46:52Z</time></trkpt><trkpt lat="55.421756" lon="26.047857"><ele>0.089</ele><time>2023-10-07T15:47:32Z</time></trkpt><trkpt lat="55.421755" lon="26.046476"><ele>0.097</ele><time>2023-10-07T15:48:12Z</time></trkpt><trkpt lat="55.421716" lon="26.045667"><ele>170.038</ele><time>2023-10-07T15:48:52Z</time></trkpt><trkpt lat="55.421718" lon="26.045096"><ele>0.070</ele><time>2023-10-07T15:49:32Z</time></trkpt><trkpt lat="55.421585" lon="26.044264"><ele>0.017</ele><time>2023-10-07T15:50:12Z</time></trkpt><trkpt lat="55.421547" lon="26.043639"><ele>0.009</ele><time>2023-10-07T15:50:52Z</time></trkpt><trkpt lat="55.421591" lon="26.043134"><ele>0.074</ele><time>2023-10-07T15:51:32Z</time></trkpt><trkpt lat="55.421578" lon="26.042597"><ele>0.027</ele><time>2023-10-07T15:52:12Z</time></trkpt><trkpt lat="55.421508" lon="26.041918"><ele>0.032</ele><time>2023-10-07T15:52:52Z</time></trkpt><trkpt lat="55.421482" lon="26.041315"><ele>0.014</ele><time>2023-10-07T15:53:32Z</time></trkpt><trkpt lat="55.421438" lon="26.041052"><ele>166.029</ele><time>2023-10-07T15:54:12Z</time></trkpt><trkpt lat="55.421473" lon="26.040468"><ele>0.037</ele><time>2023-10-07T15:54:52Z</time></trkpt><trkpt lat="55.421547" lon="26.039711"><ele>0.030</ele><time>2023-10-07T15:55:32Z</time></trkpt><trkpt lat="55.421732" lon="26.038891"><ele>162.027</ele><time>2023-10-07T15:56:12Z</time></trkpt><trkpt lat="55.422124" lon="26.037583"><ele>0.035</ele><time>2023-10-07T15:56:52Z</time></trkpt><trkpt lat="55.422614" lon="26.036266"><ele>0.085</ele><time>2023-10-07T15:57:32Z</time></trkpt><trkpt lat="55.422959" lon="26.035235"><ele>0.089</ele><time>2023-10-07T15:58:12Z</time></trkpt><trkpt lat="55.423373" lon="26.034214"><ele>0.017</ele><time>2023-10-07T15:58:52Z</time></trkpt><trkpt lat="55.423931" lon="26.03248"><ele>0.009</ele><time>2023-10-07T15:59:32Z</time></trkpt><trkpt lat="55.424458" lon="26.030944"><ele>0.079</ele><time>2023-10-07T16:00:12Z</time></trkpt><trkpt lat="55.424816" lon="26.02999"><ele>0.012</ele><time>2023-10-07T16:00:52Z</time></trkpt><trkpt lat="55.425123" lon="26.029243"><ele>0.087</ele><time>2023-10-07T16:01:32Z</time></trkpt><trkpt lat="55.425268" lon="26.028958"><ele>0.029</ele><time>2023-10-07T16:02:12Z</time></trkpt><trkpt lat="55.425431" lon="26.028508"><ele>0.084</ele><time>2023-10-07T16:02:52Z</time></trkpt><trkpt lat="55.425581" lon="26.028135"><ele>0.032</ele><time>2023-10-07T16:03:32Z</time></trkpt><trkpt lat="55.425701" lon="26.027707"><ele>0.095</ele><time>2023-10-07T16:04:12Z</time></trkpt><trkpt lat="55.425763" lon="26.027312"><ele>0.092</ele><time>2023-10-07T16:04:52Z</time></trkpt><trkpt lat="55.425816" lon="26.026789"><ele>148.720</ele><time>2023-10-07T16:05:32Z</time></trkpt><trkpt lat="55.425694" lon="26.026677"><ele>0.013</ele><time>2023-10-07T16:06:12Z</time></trkpt><trkpt lat="55.425542" lon="26.026293"><ele>0.043</ele><time>2023-10-07T16:06:52Z</time></trkpt><trkpt lat="55.425586" lon="26.025899"><ele>0.007</ele><time>2023-10-07T16:07:32Z</time></trkpt><trkpt lat="55.42563" lon="26.025493"><ele>152.009</ele><time>2023-10-07T16:08:12Z</time></trkpt><trkpt lat="55.425802" lon="26.024321"><ele>0.092</ele><time>2023-10-07T16:08:52Z</time></trkpt><trkpt lat="55.425859" lon="26.024124"><ele>0.085</ele><time>2023-10-07T16:09:32Z</time></trkpt><trkpt lat="55.425871" lon="26.0234"><ele>0.070</ele><time>2023-10-07T16:10:12Z</time></trkpt><trkpt lat="55.425921" lon="26.022633"><ele>0.022</ele><time>2023-10-07T16:10:52Z</time></trkpt><trkpt lat="55.426265" lon="26.01936"><ele>159.037</ele><time>2023-10-07T16:11:32Z</time></trkpt><trkpt lat="55.425746" lon="26.016801"><ele>0.085</ele><time>2023-10-07T16:12:12Z</time></trkpt><trkpt lat="55.425323" lon="26.015114"><ele>0.018</ele><time>2023-10-07T16:12:52Z</time></trkpt><trkpt lat="55.425109" lon="26.014391"><ele>0.095</ele><time>2023-10-07T16:13:32Z</time></trkpt><trkpt lat="55.424844" lon="26.012922"><ele>0.033</ele><time>2023-10-07T16:14:12Z</time></trkpt><trkpt lat="55.424334" lon="26.01052"><ele>155.977</ele><time>2023-10-07T16:14:52Z</time></trkpt><trkpt lat="55.42393" lon="26.010096"><ele>0.061</ele><time>2023-10-07T16:15:32Z</time></trkpt><trkpt lat="55.423036" lon="26.008947"><ele>0.027</ele><time>2023-10-07T16:16:12Z</time></trkpt><trkpt lat="55.4224" lon="26.008093"><ele>0.009</ele><time>2023-10-07T16:16:52Z</time></trkpt><trkpt lat="55.421903" lon="26.007546"><ele>0.028</ele><time>2023-10-07T16:17:32Z</time></trkpt><trkpt lat="55.421431" lon="26.006835"><ele>0.071</ele><time>2023-10-07T16:18:12Z</time></trkpt><trkpt lat="55.421091" lon="26.006309"><ele>0.046</ele><time>2023-10-07T16:18:52Z</time></trkpt><trkpt lat="55.420915" lon="26.006047"><ele>0.068</ele><time>2023-10-07T16:19:32Z</time></trkpt><trkpt lat="55.420751" lon="26.005861"><ele>155.553</ele><time>2023-10-07T16:20:12Z</time></trkpt><trkpt lat="55.420232" lon="26.005005"><ele>0.021</ele><time>2023-10-07T16:20:52Z</time></trkpt><trkpt lat="55.41986" lon="26.004534"><ele>0.094</ele><time>2023-10-07T16:21:32Z</time></trkpt><trkpt lat="55.418922" lon="26.003308"><ele>0.061</ele><time>2023-10-07T16:22:12Z</time></trkpt><trkpt lat="55.41874" lon="26.003166"><ele>0.059</ele><time>2023-10-07T16:22:52Z</time></trkpt><trkpt lat="55.418614" lon="26.003035"><ele>160.443</ele><time>2023-10-07T16:23:32Z</time></trkpt><trkpt lat="55.418046" lon="26.002709"><ele>166.364</ele><time>2023-10-07T16:24:12Z</time></trkpt><trkpt lat="55.41751" lon="26.001679"><ele>168.010</ele><time>2023-10-07T16:24:52Z</time></trkpt><trkpt lat="55.416909" lon="26.00125"><ele>170.109</ele><time>2023-10-07T16:25:32Z</time></trkpt><trkpt lat="55.416591" lon="26.000471"><ele>0.075</ele><time>2023-10-07T16:26:12Z</time></trkpt><trkpt lat="55.416238" lon="25.999583"><ele>0.038</ele><time>2023-10-07T16:26:52Z</time></trkpt><trkpt lat="55.415967" lon="25.998893"><ele>0.093</ele><time>2023-10-07T16:27:32Z</time></trkpt><trkpt lat="55.415747" lon="25.998247"><ele>0.035</ele><time>2023-10-07T16:28:12Z</time></trkpt><trkpt lat="55.415501" lon="25.997634"><ele>0.010</ele><time>2023-10-07T16:28:52Z</time></trkpt><trkpt lat="55.41518" lon="25.997108"><ele>0.018</ele><time>2023-10-07T16:29:32Z</time></trkpt><trkpt lat="55.414934" lon="25.996813"><ele>0.081</ele><time>2023-10-07T16:30:12Z</time></trkpt><trkpt lat="55.414752" lon="25.996463"><ele>0.088</ele><time>2023-10-07T16:30:52Z</time></trkpt><trkpt lat="55.414592" lon="25.996014"><ele>170.886</ele><time>2023-10-07T16:31:32Z</time></trkpt><trkpt lat="55.414266" lon="25.994666"><ele>0.064</ele><time>2023-10-07T16:32:12Z</time></trkpt><trkpt lat="55.414034" lon="25.99404"><ele>171.006</ele><time>2023-10-07T16:32:52Z</time></trkpt><trkpt lat="55.413956" lon="25.993727"><ele>0.016</ele><time>2023-10-07T16:33:32Z</time></trkpt><trkpt lat="55.413476" lon="25.992667"><ele>170.609</ele><time>2023-10-07T16:34:12Z</time></trkpt><trkpt lat="55.413338" lon="25.99193"><ele>0.097</ele><time>2023-10-07T16:34:52Z</time></trkpt><trkpt lat="55.413262" lon="25.991437"><ele>0.080</ele><time>2023-10-07T16:35:32Z</time></trkpt><trkpt lat="55.413218" lon="25.991109"><ele>0.085</ele><time>2023-10-07T16:36:12Z</time></trkpt><trkpt lat="55.413136" lon="25.990813"><ele>0.077</ele><time>2023-10-07T16:36:52Z</time></trkpt><trkpt lat="55.41294" lon="25.990264"><ele>165.982</ele><time>2023-10-07T16:37:32Z</time></trkpt><trkpt lat="55.412821" lon="25.989893"><ele>0.080</ele><time>2023-10-07T16:38:12Z</time></trkpt><trkpt lat="55.412676" lon="25.989772"><ele>0.043</ele><time>2023-10-07T16:38:52Z</time></trkpt><trkpt lat="55.41255" lon="25.989652"><ele>0.010</ele><time>2023-10-07T16:39:32Z</time></trkpt><trkpt lat="55.412449" lon="25.989499"><ele>0.068</ele><time>2023-10-07T16:40:12Z</time></trkpt><trkpt lat="55.412446" lon="25.989234"><ele>163.084</ele><time>2023-10-07T16:40:52Z</time></trkpt><trkpt lat="55.412317" lon="25.988984"><ele>0.007</ele><time>2023-10-07T16:41:32Z</time></trkpt><trkpt lat="55.412078" lon="25.988864"><ele>0.017</ele><time>2023-10-07T16:42:12Z</time></trkpt><trkpt lat="55.411958" lon="25.988787"><ele>0.009</ele><time>2023-10-07T16:42:52Z</time></trkpt><trkpt lat="55.411652" lon="25.988289"><ele>160.169</ele><time>2023-10-07T16:43:32Z</time></trkpt><trkpt lat="55.411437" lon="25.98653"><ele>162.762</ele><time>2023-10-07T16:44:12Z</time></trkpt><trkpt lat="55.411384" lon="25.986147"><ele>0.077</ele><time>2023-10-07T16:44:52Z</time></trkpt><trkpt lat="55.411116" lon="25.985285"><ele>160.069</ele><time>2023-10-07T16:45:32Z</time></trkpt><trkpt lat="55.410408" lon="25.983698"><ele>161.364</ele><time>2023-10-07T16:46:12Z</time></trkpt><trkpt lat="55.410313" lon="25.98343"><ele>0.052</ele><time>2023-10-07T16:46:52Z</time></trkpt><trkpt lat="55.410199" lon="25.982926"><ele>0.095</ele><time>2023-10-07T16:47:32Z</time></trkpt><trkpt lat="55.410107" lon="25.982324"><ele>159.472</ele><time>2023-10-07T16:48:12Z</time></trkpt><trkpt lat="55.410186" lon="25.982159"><ele>0.050</ele><time>2023-10-07T16:48:52Z</time></trkpt><trkpt lat="55.410173" lon="25.981896"><ele>0.094</ele><time>2023-10-07T16:49:32Z</time></trkpt><trkpt lat="55.410148" lon="25.98172"><ele>0.057</ele><time>2023-10-07T16:50:12Z</time></trkpt><trkpt lat="55.410185" lon="25.981194"><ele>0.022</ele><time>2023-10-07T16:50:52Z</time></trkpt><trkpt lat="55.410216" lon="25.980569"><ele>0.009</ele><time>2023-10-07T16:51:32Z</time></trkpt><trkpt lat="55.410241" lon="25.979999"><ele>0.060</ele><time>2023-10-07T16:52:12Z</time></trkpt><trkpt lat="55.410247" lon="25.979637"><ele>0.083</ele><time>2023-10-07T16:52:52Z</time></trkpt><trkpt lat="55.410171" lon="25.979406"><ele>158.588</ele><time>2023-10-07T16:53:32Z</time></trkpt><trkpt lat="55.410021" lon="25.979041"><ele>157.220</ele><time>2023-10-07T16:54:12Z</time></trkpt><trkpt lat="55.409721" lon="25.978934"><ele>155.865</ele><time>2023-10-07T16:54:52Z</time></trkpt><trkpt lat="55.409249" lon="25.978967"><ele>0.043</ele><time>2023-10-07T16:55:32Z</time></trkpt><trkpt lat="55.40896" lon="25.979012"><ele>0.036</ele><time>2023-10-07T16:56:12Z</time></trkpt><trkpt lat="55.408646" lon="25.979067"><ele>0.043</ele><time>2023-10-07T16:56:52Z</time></trkpt><trkpt lat="55.407866" lon="25.978905"><ele>157.111</ele><time>2023-10-07T16:57:32Z</time></trkpt><trkpt lat="55.407564" lon="25.978763"><ele>0.028</ele><time>2023-10-07T16:58:12Z</time></trkpt><trkpt lat="55.407275" lon="25.978665"><ele>0.089</ele><time>2023-10-07T16:58:52Z</time></trkpt><trkpt lat="55.407092" lon="25.978435"><ele>0.017</ele><time>2023-10-07T16:59:32Z</time></trkpt><trkpt lat="55.406884" lon="25.978184"><ele>0.009</ele><time>2023-10-07T17:00:12Z</time></trkpt><trkpt lat="55.40674" lon="25.97803"><ele>0.083</ele><time>2023-10-07T17:00:52Z</time></trkpt><trkpt lat="55.406626" lon="25.97791"><ele>0.016</ele><time>2023-10-07T17:01:32Z</time></trkpt><trkpt lat="55.406459" lon="25.977904"><ele>161.091</ele><time>2023-10-07T17:02:12Z</time></trkpt><trkpt lat="55.405709" lon="25.978691"><ele>163.793</ele><time>2023-10-07T17:02:52Z</time></trkpt><trkpt lat="55.405602" lon="25.978921"><ele>0.088</ele><time>2023-10-07T17:03:32Z</time></trkpt><trkpt lat="55.405565" lon="25.979195"><ele>0.056</ele><time>2023-10-07T17:04:12Z</time></trkpt><trkpt lat="55.405572" lon="25.980094"><ele>0.079</ele><time>2023-10-07T17:04:52Z</time></trkpt><trkpt lat="55.405553" lon="25.980599"><ele>0.046</ele><time>2023-10-07T17:05:32Z</time></trkpt><trkpt lat="55.405547" lon="25.981048"><ele>158.694</ele><time>2023-10-07T17:06:12Z</time></trkpt><trkpt lat="55.405403" lon="25.98141"><ele>0.058</ele><time>2023-10-07T17:06:52Z</time></trkpt><trkpt lat="55.405095" lon="25.981937"><ele>0.052</ele><time>2023-10-07T17:07:32Z</time></trkpt><trkpt lat="55.404721" lon="25.982539"><ele>156.017</ele><time>2023-10-07T17:08:12Z</time></trkpt><trkpt lat="55.404292" lon="25.982839"><ele>158.509</ele><time>2023-10-07T17:08:52Z</time></trkpt><trkpt lat="55.403627" lon="25.983826"><ele>158.786</ele><time>2023-10-07T17:09:32Z</time></trkpt><trkpt lat="55.403284" lon="25.98374"><ele>156.129</ele><time>2023-10-07T17:10:12Z</time></trkpt><trkpt lat="55.402854" lon="25.983397"><ele>155.754</ele><time>2023-10-07T17:10:52Z</time></trkpt><trkpt lat="55.402447" lon="25.983483"><ele>157.626</ele><time>2023-10-07T17:11:32Z</time></trkpt><trkpt lat="55.401854" lon="25.984299"><ele>0.091</ele><time>2023-10-07T17:12:12Z</time></trkpt><trkpt lat="55.40125" lon="25.985068"><ele>0.039</ele><time>2023-10-07T17:12:52Z</time></trkpt><trkpt lat="55.400794" lon="25.985457"><ele>155.112</ele><time>2023-10-07T17:13:32Z</time></trkpt><trkpt lat="55.400509" lon="25.985574"><ele>0.019</ele><time>2023-10-07T17:14:12Z</time></trkpt><trkpt lat="55.400062" lon="25.985662"><ele>0.077</ele><time>2023-10-07T17:14:52Z</time></trkpt><trkpt lat="55.398402" lon="25.985546"><ele>0.057</ele><time>2023-10-07T17:15:32Z</time></trkpt><trkpt lat="55.398176" lon="25.985601"><ele>157.400</ele><time>2023-10-07T17:16:12Z</time></trkpt><trkpt lat="55.397554" lon="25.985843"><ele>154.620</ele><time>2023-10-07T17:16:52Z</time></trkpt><trkpt lat="55.396857" lon="25.985673"><ele>0.009</ele><time>2023-10-07T17:17:32Z</time></trkpt><trkpt lat="55.396366" lon="25.985444"><ele>0.066</ele><time>2023-10-07T17:18:12Z</time></trkpt><trkpt lat="55.396071" lon="25.985324"><ele>0.089</ele><time>2023-10-07T17:18:52Z</time></trkpt><trkpt lat="55.395645" lon="25.985242"><ele>153.684</ele><time>2023-10-07T17:19:32Z</time></trkpt><trkpt lat="55.395146" lon="25.98525"><ele>0.086</ele><time>2023-10-07T17:20:12Z</time></trkpt><trkpt lat="55.39465" lon="25.985383"><ele>0.071</ele><time>2023-10-07T17:20:52Z</time></trkpt><trkpt lat="55.394153" lon="25.985581"><ele>0.049</ele><time>2023-10-07T17:21:32Z</time></trkpt><trkpt lat="55.393474" lon="25.985758"><ele>0.072</ele><time>2023-10-07T17:22:12Z</time></trkpt><trkpt lat="55.393119" lon="25.985881"><ele>155.979</ele><time>2023-10-07T17:22:52Z</time></trkpt><trkpt lat="55.392679" lon="25.985992"><ele>0.077</ele><time>2023-10-07T17:23:32Z</time></trkpt><trkpt lat="55.392308" lon="25.986092"><ele>0.084</ele><time>2023-10-07T17:24:12Z</time></trkpt><trkpt lat="55.392075" lon="25.986158"><ele>0.007</ele><time>2023-10-07T17:24:52Z</time></trkpt><trkpt lat="55.391818" lon="25.986279"><ele>0.017</ele><time>2023-10-07T17:25:32Z</time></trkpt><trkpt lat="55.391466" lon="25.986543"><ele>0.009</ele><time>2023-10-07T17:26:12Z</time></trkpt><trkpt lat="55.391271" lon="25.98673"><ele>0.069</ele><time>2023-10-07T17:26:52Z</time></trkpt><trkpt lat="55.390875" lon="25.986895"><ele>0.012</ele><time>2023-10-07T17:27:32Z</time></trkpt><trkpt lat="55.390573" lon="25.986984"><ele>0.077</ele><time>2023-10-07T17:28:12Z</time></trkpt><trkpt lat="55.390397" lon="25.987005"><ele>156.899</ele><time>2023-10-07T17:28:52Z</time></trkpt><trkpt lat="55.389222" lon="25.987282"><ele>0.044</ele><time>2023-10-07T17:29:32Z</time></trkpt><trkpt lat="55.388794" lon="25.987338"><ele>0.092</ele><time>2023-10-07T17:30:12Z</time></trkpt><trkpt lat="55.388549" lon="25.98747"><ele>0.055</ele><time>2023-10-07T17:30:52Z</time></trkpt><trkpt lat="55.388279" lon="25.987602"><ele>141.752</ele><time>2023-10-07T17:31:32Z</time></trkpt><trkpt lat="55.387952" lon="25.987888"><ele>0.070</ele><time>2023-10-07T17:32:12Z</time></trkpt><trkpt lat="55.387506" lon="25.988591"><ele>0.028</ele><time>2023-10-07T17:32:52Z</time></trkpt><trkpt lat="55.387393" lon="25.988865"><ele>0.089</ele><time>2023-10-07T17:33:32Z</time></trkpt><trkpt lat="55.387236" lon="25.98915"><ele>0.017</ele><time>2023-10-07T17:34:12Z</time></trkpt><trkpt lat="55.386976" lon="25.989362"><ele>139.009</ele><time>2023-10-07T17:34:52Z</time></trkpt><trkpt lat="55.38678" lon="25.989445"><ele>0.013</ele><time>2023-10-07T17:35:32Z</time></trkpt><trkpt lat="55.38571" lon="25.989362"><ele>142.496</ele><time>2023-10-07T17:36:12Z</time></trkpt><trkpt lat="55.385045" lon="25.990178"><ele>140.871</ele><time>2023-10-07T17:36:52Z</time></trkpt><trkpt lat="55.384916" lon="25.991122"><ele>142.043</ele><time>2023-10-07T17:37:32Z</time></trkpt><trkpt lat="55.382727" lon="25.996315"><ele>143.478</ele><time>2023-10-07T17:38:12Z</time></trkpt><trkpt lat="55.382528" lon="25.996542"><ele>0.036</ele><time>2023-10-07T17:38:52Z</time></trkpt><trkpt lat="55.382289" lon="25.996696"><ele>0.029</ele><time>2023-10-07T17:39:32Z</time></trkpt><trkpt lat="55.382126" lon="25.996729"><ele>0.086</ele><time>2023-10-07T17:40:12Z</time></trkpt><trkpt lat="55.381981" lon="25.996785"><ele>0.074</ele><time>2023-10-07T17:40:52Z</time></trkpt><trkpt lat="55.381504" lon="25.997044"><ele>143.742</ele><time>2023-10-07T17:41:32Z</time></trkpt><trkpt lat="55.380281" lon="25.998117"><ele>143.222</ele><time>2023-10-07T17:42:12Z</time></trkpt><trkpt lat="55.379952" lon="25.998762"><ele>0.014</ele><time>2023-10-07T17:42:52Z</time></trkpt><trkpt lat="55.379744" lon="25.99949"><ele>142.109</ele><time>2023-10-07T17:43:32Z</time></trkpt><trkpt lat="55.379457" lon="26.000473"><ele>0.035</ele><time>2023-10-07T17:44:12Z</time></trkpt><trkpt lat="55.37935" lon="26.000956"><ele>0.078</ele><time>2023-10-07T17:44:52Z</time></trkpt><trkpt lat="55.37898" lon="26.002053"><ele>0.073</ele><time>2023-10-07T17:45:32Z</time></trkpt><trkpt lat="55.378742" lon="26.0027"><ele>0.045</ele><time>2023-10-07T17:46:12Z</time></trkpt><trkpt lat="55.377899" lon="26.005584"><ele>159.450</ele><time>2023-10-07T17:46:52Z</time></trkpt><trkpt lat="55.377406" lon="26.006614"><ele>158.858</ele><time>2023-10-07T17:47:32Z</time></trkpt><trkpt lat="55.376483" lon="26.009661"><ele>157.181</ele><time>2023-10-07T17:48:12Z</time></trkpt><trkpt lat="55.376266" lon="26.010053"><ele>0.088</ele><time>2023-10-07T17:48:52Z</time></trkpt><trkpt lat="55.376116" lon="26.010328"><ele>0.086</ele><time>2023-10-07T17:49:32Z</time></trkpt><trkpt lat="55.376009" lon="26.010591"><ele>0.078</ele><time>2023-10-07T17:50:12Z</time></trkpt><trkpt lat="55.37577" lon="26.011304"><ele>0.033</ele><time>2023-10-07T17:50:52Z</time></trkpt><trkpt lat="55.375551" lon="26.011919"><ele>0.026</ele><time>2023-10-07T17:51:32Z</time></trkpt><trkpt lat="55.375303" lon="26.012537"><ele>158.209</ele><time>2023-10-07T17:52:12Z</time></trkpt><trkpt lat="55.375024" lon="26.013696"><ele>0.058</ele><time>2023-10-07T17:52:52Z</time></trkpt><trkpt lat="55.374773" lon="26.01476"><ele>0.091</ele><time>2023-10-07T17:53:32Z</time></trkpt><trkpt lat="55.374554" lon="26.015638"><ele>0.076</ele><time>2023-10-07T17:54:12Z</time></trkpt><trkpt lat="55.374353" lon="26.016504"><ele>0.058</ele><time>2023-10-07T17:54:52Z</time></trkpt><trkpt lat="55.374165" lon="26.017858"><ele>153.093</ele><time>2023-10-07T17:55:32Z</time></trkpt><trkpt lat="55.373466" lon="26.019366"><ele>0.061</ele><time>2023-10-07T17:56:12Z</time></trkpt><trkpt lat="55.373158" lon="26.020024"><ele>0.084</ele><time>2023-10-07T17:56:52Z</time></trkpt><trkpt lat="55.372981" lon="26.020454"><ele>151.141</ele><time>2023-10-07T17:57:32Z</time></trkpt><trkpt lat="55.372578" lon="26.021785"><ele>159.329</ele><time>2023-10-07T17:58:12Z</time></trkpt><trkpt lat="55.37187" lon="26.022746"><ele>0.098</ele><time>2023-10-07T17:58:52Z</time></trkpt><trkpt lat="55.371399" lon="26.023383"><ele>0.015</ele><time>2023-10-07T17:59:32Z</time></trkpt><trkpt lat="55.371154" lon="26.02368"><ele>0.026</ele><time>2023-10-07T18:00:12Z</time></trkpt><trkpt lat="55.370367" lon="26.02451"><ele>156.309</ele><time>2023-10-07T18:00:52Z</time></trkpt><trkpt lat="55.369509" lon="26.02245"><ele>155.460</ele><time>2023-10-07T18:01:32Z</time></trkpt><trkpt lat="55.368883" lon="26.0218"><ele>0.053</ele><time>2023-10-07T18:02:12Z</time></trkpt><trkpt lat="55.368574" lon="26.021439"><ele>0.078</ele><time>2023-10-07T18:02:52Z</time></trkpt><trkpt lat="55.368297" lon="26.021089"><ele>0.050</ele><time>2023-10-07T18:03:32Z</time></trkpt><trkpt lat="55.368027" lon="26.020848"><ele>0.015</ele><time>2023-10-07T18:04:12Z</time></trkpt><trkpt lat="55.367517" lon="26.020509"><ele>152.613</ele><time>2023-10-07T18:04:52Z</time></trkpt><trkpt lat="55.367402" lon="26.020378"><ele>0.076</ele><time>2023-10-07T18:05:32Z</time></trkpt><trkpt lat="55.367295" lon="26.020302"><ele>0.073</ele><time>2023-10-07T18:06:12Z</time></trkpt><trkpt lat="55.366773" lon="26.020194"><ele>0.081</ele><time>2023-10-07T18:06:52Z</time></trkpt><trkpt lat="55.366207" lon="26.020063"><ele>0.065</ele><time>2023-10-07T18:07:32Z</time></trkpt><trkpt lat="55.365427" lon="26.019868"><ele>0.068</ele><time>2023-10-07T18:08:12Z</time></trkpt><trkpt lat="55.365019" lon="26.019792"><ele>0.014</ele><time>2023-10-07T18:08:52Z</time></trkpt><trkpt lat="55.364704" lon="26.019749"><ele>0.009</ele><time>2023-10-07T18:09:32Z</time></trkpt><trkpt lat="55.364566" lon="26.019716"><ele>0.037</ele><time>2023-10-07T18:10:12Z</time></trkpt><trkpt lat="55.364402" lon="26.019532"><ele>151.030</ele><time>2023-10-07T18:10:52Z</time></trkpt><trkpt lat="55.364118" lon="26.019466"><ele>0.035</ele><time>2023-10-07T18:11:32Z</time></trkpt><trkpt lat="55.363804" lon="26.019609"><ele>0.037</ele><time>2023-10-07T18:12:12Z</time></trkpt><trkpt lat="55.363522" lon="26.019532"><ele>149.882</ele><time>2023-10-07T18:12:52Z</time></trkpt><trkpt lat="55.363269" lon="26.019533"><ele>0.070</ele><time>2023-10-07T18:13:32Z</time></trkpt><trkpt lat="55.362929" lon="26.019337"><ele>0.053</ele><time>2023-10-07T18:14:12Z</time></trkpt><trkpt lat="55.36247" lon="26.018834"><ele>150.310</ele><time>2023-10-07T18:14:52Z</time></trkpt><trkpt lat="55.362124" lon="26.018517"><ele>0.068</ele><time>2023-10-07T18:15:32Z</time></trkpt><trkpt lat="55.361941" lon="26.018265"><ele>0.064</ele><time>2023-10-07T18:16:12Z</time></trkpt><trkpt lat="55.361866" lon="26.018145"><ele>0.006</ele><time>2023-10-07T18:16:52Z</time></trkpt><trkpt lat="55.361591" lon="26.017515"><ele>155.416</ele><time>2023-10-07T18:17:32Z</time></trkpt><trkpt lat="55.361487" lon="26.016907"><ele>0.009</ele><time>2023-10-07T18:18:12Z</time></trkpt><trkpt lat="55.361462" lon="26.016238"><ele>0.027</ele><time>2023-10-07T18:18:52Z</time></trkpt><trkpt lat="55.361398" lon="26.015841"><ele>155.970</ele><time>2023-10-07T18:19:32Z</time></trkpt><trkpt lat="55.361493" lon="26.015405"><ele>0.025</ele><time>2023-10-07T18:20:12Z</time></trkpt><trkpt lat="55.3617" lon="26.014779"><ele>0.047</ele><time>2023-10-07T18:20:52Z</time></trkpt><trkpt lat="55.361951" lon="26.014384"><ele>0.092</ele><time>2023-10-07T18:21:32Z</time></trkpt><trkpt lat="55.36217" lon="26.013868"><ele>0.060</ele><time>2023-10-07T18:22:12Z</time></trkpt><trkpt lat="55.362277" lon="26.013605"><ele>0.073</ele><time>2023-10-07T18:22:52Z</time></trkpt><trkpt lat="55.362299" lon="26.013395"><ele>153.020</ele><time>2023-10-07T18:23:32Z</time></trkpt><trkpt lat="55.362327" lon="26.013155"><ele>0.098</ele><time>2023-10-07T18:24:12Z</time></trkpt><trkpt lat="55.362295" lon="26.012859"><ele>0.035</ele><time>2023-10-07T18:24:52Z</time></trkpt><trkpt lat="55.362201" lon="26.012553"><ele>148.886</ele><time>2023-10-07T18:25:32Z</time></trkpt><trkpt lat="55.361999" lon="26.012279"><ele>0.014</ele><time>2023-10-07T18:26:12Z</time></trkpt><trkpt lat="55.361849" lon="26.012065"><ele>149.109</ele><time>2023-10-07T18:26:52Z</time></trkpt><trkpt lat="55.361548" lon="26.012107"><ele>148.894</ele><time>2023-10-07T18:27:32Z</time></trkpt><trkpt lat="55.36099" lon="26.012665"><ele>149.587</ele><time>2023-10-07T18:28:12Z</time></trkpt><trkpt lat="55.360723" lon="26.012786"><ele>0.072</ele><time>2023-10-07T18:28:52Z</time></trkpt><trkpt lat="55.360579" lon="26.01282"><ele>0.074</ele><time>2023-10-07T18:29:32Z</time></trkpt><trkpt lat="55.360497" lon="26.012708"><ele>148.199</ele><time>2023-10-07T18:30:12Z</time></trkpt><trkpt lat="55.360304" lon="26.012537"><ele>152.367</ele><time>2023-10-07T18:30:52Z</time></trkpt><trkpt lat="55.360235" lon="26.012426"><ele>0.070</ele><time>2023-10-07T18:31:32Z</time></trkpt><trkpt lat="55.360247" lon="26.012097"><ele>0.067</ele><time>2023-10-07T18:32:12Z</time></trkpt><trkpt lat="55.360285" lon="26.011724"><ele>0.075</ele><time>2023-10-07T18:32:52Z</time></trkpt><trkpt lat="55.360366" lon="26.011341"><ele>0.024</ele><time>2023-10-07T18:33:32Z</time></trkpt><trkpt lat="55.360397" lon="26.011231"><ele>0.004</ele><time>2023-10-07T18:34:12Z</time></trkpt><trkpt lat="55.360636" lon="26.010551"><ele>0.014</ele><time>2023-10-07T18:34:52Z</time></trkpt><trkpt lat="55.360862" lon="26.009804"><ele>154.409</ele><time>2023-10-07T18:35:32Z</time></trkpt><trkpt lat="55.361169" lon="26.008872"><ele>0.043</ele><time>2023-10-07T18:36:12Z</time></trkpt><trkpt lat="55.361407" lon="26.007907"><ele>147.356</ele><time>2023-10-07T18:36:52Z</time></trkpt><trkpt lat="55.361626" lon="26.006119"><ele>158.271</ele><time>2023-10-07T18:37:32Z</time></trkpt><trkpt lat="55.361531" lon="26.005615"><ele>0.023</ele><time>2023-10-07T18:38:12Z</time></trkpt><trkpt lat="55.361418" lon="26.005067"><ele>0.048</ele><time>2023-10-07T18:38:52Z</time></trkpt><trkpt lat="55.361367" lon="26.004837"><ele>0.086</ele><time>2023-10-07T18:39:32Z</time></trkpt><trkpt lat="55.361398" lon="26.004597"><ele>160.749</ele><time>2023-10-07T18:40:12Z</time></trkpt><trkpt lat="55.361422" lon="26.003357"><ele>0.026</ele><time>2023-10-07T18:40:52Z</time></trkpt><trkpt lat="55.361428" lon="26.003105"><ele>0.024</ele><time>2023-10-07T18:41:32Z</time></trkpt><trkpt lat="55.36151" lon="26.002403"><ele>155.363</ele><time>2023-10-07T18:42:12Z</time></trkpt><trkpt lat="55.361447" lon="26.002184"><ele>0.044</ele><time>2023-10-07T18:42:52Z</time></trkpt><trkpt lat="55.361358" lon="26.001778"><ele>0.018</ele><time>2023-10-07T18:43:32Z</time></trkpt><trkpt lat="55.361276" lon="26.001461"><ele>0.009</ele><time>2023-10-07T18:44:12Z</time></trkpt><trkpt lat="55.361106" lon="26.001176"><ele>168.517</ele><time>2023-10-07T18:44:52Z</time></trkpt><trkpt lat="55.360766" lon="26.000629"><ele>0.030</ele><time>2023-10-07T18:45:32Z</time></trkpt><trkpt lat="55.360527" lon="26.000421"><ele>0.015</ele><time>2023-10-07T18:46:12Z</time></trkpt><trkpt lat="55.360401" lon="26.000136"><ele>0.077</ele><time>2023-10-07T18:46:52Z</time></trkpt><trkpt lat="55.360181" lon="25.999906"><ele>0.022</ele><time>2023-10-07T18:47:32Z</time></trkpt><trkpt lat="55.360036" lon="25.999731"><ele>0.020</ele><time>2023-10-07T18:48:12Z</time></trkpt><trkpt lat="55.359967" lon="25.999238"><ele>175.053</ele><time>2023-10-07T18:48:52Z</time></trkpt><trkpt lat="55.360016" lon="25.998745"><ele>0.080</ele><time>2023-10-07T18:49:32Z</time></trkpt><trkpt lat="55.360092" lon="25.998416"><ele>0.058</ele><time>2023-10-07T18:50:12Z</time></trkpt><trkpt lat="55.360091" lon="25.998163"><ele>0.079</ele><time>2023-10-07T18:50:52Z</time></trkpt><trkpt lat="55.360022" lon="25.997857"><ele>0.005</ele><time>2023-10-07T18:51:32Z</time></trkpt><trkpt lat="55.359946" lon="25.997396"><ele>0.025</ele><time>2023-10-07T18:52:12Z</time></trkpt><trkpt lat="55.35987" lon="25.996783"><ele>163.409</ele><time>2023-10-07T18:52:52Z</time></trkpt><trkpt lat="55.358695" lon="25.993525"><ele>160.268</ele><time>2023-10-07T18:53:32Z</time></trkpt><trkpt lat="55.357386" lon="25.992688"><ele>146.551</ele><time>2023-10-07T18:54:12Z</time></trkpt><trkpt lat="55.356935" lon="25.993139"><ele>146.786</ele><time>2023-10-07T18:54:52Z</time></trkpt><trkpt lat="55.357407" lon="25.993632"><ele>148.978</ele><time>2023-10-07T18:55:32Z</time></trkpt><trkpt lat="55.357493" lon="25.994555"><ele>146.043</ele><time>2023-10-07T18:56:12Z</time></trkpt><trkpt lat="55.357509" lon="25.994784"><ele>0.071</ele><time>2023-10-07T18:56:52Z</time></trkpt><trkpt lat="55.357408" lon="25.995212"><ele>0.084</ele><time>2023-10-07T18:57:32Z</time></trkpt><trkpt lat="55.357296" lon="25.995783"><ele>0.091</ele><time>2023-10-07T18:58:12Z</time></trkpt><trkpt lat="55.357202" lon="25.996167"><ele>0.059</ele><time>2023-10-07T18:58:52Z</time></trkpt><trkpt lat="55.356978" lon="25.998139"><ele>155.481</ele><time>2023-10-07T18:59:32Z</time></trkpt><trkpt lat="55.356312" lon="25.999951"><ele>0.061</ele><time>2023-10-07T19:00:12Z</time></trkpt><trkpt lat="55.356167" lon="26.000434"><ele>0.017</ele><time>2023-10-07T19:00:52Z</time></trkpt><trkpt lat="55.356055" lon="26.000741"><ele>0.009</ele><time>2023-10-07T19:01:32Z</time></trkpt><trkpt lat="55.355985" lon="26.000999"><ele>0.049</ele><time>2023-10-07T19:02:12Z</time></trkpt><trkpt lat="55.355785" lon="26.001246"><ele>0.042</ele><time>2023-10-07T19:02:52Z</time></trkpt><trkpt lat="55.355565" lon="26.001838"><ele>0.047</ele><time>2023-10-07T19:03:32Z</time></trkpt><trkpt lat="55.355288" lon="26.002525"><ele>0.039</ele><time>2023-10-07T19:04:12Z</time></trkpt><trkpt lat="55.355" lon="26.00349"><ele>141.874</ele><time>2023-10-07T19:04:52Z</time></trkpt><trkpt lat="55.355006" lon="26.003665"><ele>0.042</ele><time>2023-10-07T19:05:32Z</time></trkpt><trkpt lat="55.355031" lon="26.003819"><ele>0.035</ele><time>2023-10-07T19:06:12Z</time></trkpt><trkpt lat="55.355369" lon="26.004383"><ele>143.842</ele><time>2023-10-07T19:06:52Z</time></trkpt><trkpt lat="55.355472" lon="26.004585"><ele>0.040</ele><time>2023-10-07T19:07:32Z</time></trkpt><trkpt lat="55.355476" lon="26.005048"><ele>145.055</ele><time>2023-10-07T19:08:12Z</time></trkpt><trkpt lat="55.355391" lon="26.005583"><ele>0.007</ele><time>2023-10-07T19:08:52Z</time></trkpt><trkpt lat="55.355222" lon="26.006395"><ele>0.017</ele><time>2023-10-07T19:09:32Z</time></trkpt><trkpt lat="55.355141" lon="26.0068"><ele>0.009</ele><time>2023-10-07T19:10:12Z</time></trkpt><trkpt lat="55.354971" lon="26.007108"><ele>141.856</ele><time>2023-10-07T19:10:52Z</time></trkpt><trkpt lat="55.354188" lon="26.006614"><ele>144.199</ele><time>2023-10-07T19:11:32Z</time></trkpt><trkpt lat="55.353352" lon="26.006486"><ele>139.984</ele><time>2023-10-07T19:12:12Z</time></trkpt><trkpt lat="55.352921" lon="26.006821"><ele>0.066</ele><time>2023-10-07T19:12:52Z</time></trkpt><trkpt lat="55.352311" lon="26.007141"><ele>0.051</ele><time>2023-10-07T19:13:32Z</time></trkpt><trkpt lat="55.351777" lon="26.007548"><ele>0.059</ele><time>2023-10-07T19:14:12Z</time></trkpt><trkpt lat="55.35127" lon="26.00773"><ele>142.832</ele><time>2023-10-07T19:14:52Z</time></trkpt><trkpt lat="55.351016" lon="26.007604"><ele>0.089</ele><time>2023-10-07T19:15:32Z</time></trkpt><trkpt lat="55.350734" lon="26.007601"><ele>143.787</ele><time>2023-10-07T19:16:12Z</time></trkpt><trkpt lat="55.350111" lon="26.006958"><ele>146.871</ele><time>2023-10-07T19:16:52Z</time></trkpt><trkpt lat="55.349864" lon="26.006653"><ele>0.041</ele><time>2023-10-07T19:17:32Z</time></trkpt><trkpt lat="55.348566" lon="26.004726"><ele>150.315</ele><time>2023-10-07T19:18:12Z</time></trkpt><trkpt lat="55.347601" lon="26.002752"><ele>150.709</ele><time>2023-10-07T19:18:52Z</time></trkpt><trkpt lat="55.346419" lon="26.002629"><ele>146.298</ele><time>2023-10-07T19:19:32Z</time></trkpt><trkpt lat="55.345756" lon="26.002795"><ele>143.161</ele><time>2023-10-07T19:20:12Z</time></trkpt><trkpt lat="55.345638" lon="26.001359"><ele>0.056</ele><time>2023-10-07T19:20:52Z</time></trkpt><trkpt lat="55.345537" lon="26.000361"><ele>0.078</ele><time>2023-10-07T19:21:32Z</time></trkpt><trkpt lat="55.345511" lon="25.999835"><ele>0.053</ele><time>2023-10-07T19:22:12Z</time></trkpt><trkpt lat="55.345724" lon="25.999067"><ele>150.071</ele><time>2023-10-07T19:22:52Z</time></trkpt><trkpt lat="55.346007" lon="25.998332"><ele>0.054</ele><time>2023-10-07T19:23:32Z</time></trkpt><trkpt lat="55.346189" lon="25.997772"><ele>0.061</ele><time>2023-10-07T19:24:12Z</time></trkpt><trkpt lat="55.346271" lon="25.997473"><ele>153.659</ele><time>2023-10-07T19:24:52Z</time></trkpt><trkpt lat="55.347344" lon="25.995994"><ele>0.091</ele><time>2023-10-07T19:25:32Z</time></trkpt><trkpt lat="55.347773" lon="25.995328"><ele>148.281</ele><time>2023-10-07T19:26:12Z</time></trkpt><trkpt lat="55.347727" lon="25.995094"><ele>0.019</ele><time>2023-10-07T19:26:52Z</time></trkpt><trkpt lat="55.347201" lon="25.99377"><ele>146.109</ele><time>2023-10-07T19:27:32Z</time></trkpt><trkpt lat="55.347084" lon="25.993286"><ele>0.040</ele><time>2023-10-07T19:28:12Z</time></trkpt><trkpt lat="55.347009" lon="25.992804"><ele>0.093</ele><time>2023-10-07T19:28:52Z</time></trkpt><trkpt lat="55.346958" lon="25.992486"><ele>0.098</ele><time>2023-10-07T19:29:32Z</time></trkpt><trkpt lat="55.346788" lon="25.992004"><ele>0.050</ele><time>2023-10-07T19:30:12Z</time></trkpt><trkpt lat="55.346488" lon="25.990944"><ele>158.555</ele><time>2023-10-07T19:30:52Z</time></trkpt><trkpt lat="55.346494" lon="25.990527"><ele>0.043</ele><time>2023-10-07T19:31:32Z</time></trkpt><trkpt lat="55.346764" lon="25.989491"><ele>156.426</ele><time>2023-10-07T19:32:12Z</time></trkpt><trkpt lat="55.346863" lon="25.988059"><ele>0.093</ele><time>2023-10-07T19:32:52Z</time></trkpt><trkpt lat="55.346951" lon="25.987544"><ele>158.041</ele><time>2023-10-07T19:33:32Z</time></trkpt><trkpt lat="55.345549" lon="25.987657"><ele>0.096</ele><time>2023-10-07T19:34:12Z</time></trkpt><trkpt lat="55.345159" lon="25.987778"><ele>156.731</ele><time>2023-10-07T19:34:52Z</time></trkpt><trkpt lat="55.345435" lon="25.986912"><ele>0.024</ele><time>2023-10-07T19:35:32Z</time></trkpt><trkpt lat="55.345717" lon="25.985935"><ele>0.009</ele><time>2023-10-07T19:36:12Z</time></trkpt><trkpt lat="55.346651" lon="25.982502"><ele>169.570</ele><time>2023-10-07T19:36:52Z</time></trkpt><trkpt lat="55.346569" lon="25.982348"><ele>0.023</ele><time>2023-10-07T19:37:32Z</time></trkpt><trkpt lat="55.345927" lon="25.982024"><ele>166.168</ele><time>2023-10-07T19:38:12Z</time></trkpt><trkpt lat="55.345751" lon="25.981758"><ele>0.010</ele><time>2023-10-07T19:38:52Z</time></trkpt><trkpt lat="55.345184" lon="25.980323"><ele>164.535</ele><time>2023-10-07T19:39:32Z</time></trkpt><trkpt lat="55.344543" lon="25.9797"><ele>0.083</ele><time>2023-10-07T19:40:12Z</time></trkpt><trkpt lat="55.344278" lon="25.979449"><ele>0.026</ele><time>2023-10-07T19:40:52Z</time></trkpt><trkpt lat="55.344146" lon="25.979191"><ele>167.713</ele><time>2023-10-07T19:41:32Z</time></trkpt><trkpt lat="55.344132" lon="25.978013"><ele>0.041</ele><time>2023-10-07T19:42:12Z</time></trkpt><trkpt lat="55.344082" lon="25.977646"><ele>169.379</ele><time>2023-10-07T19:42:52Z</time></trkpt><trkpt lat="55.344041" lon="25.977389"><ele>0.005</ele><time>2023-10-07T19:43:32Z</time></trkpt><trkpt lat="55.343871" lon="25.977192"><ele>0.025</ele><time>2023-10-07T19:44:12Z</time></trkpt><trkpt lat="55.343462" lon="25.976502"><ele>0.009</ele><time>2023-10-07T19:44:52Z</time></trkpt><trkpt lat="55.343267" lon="25.97625"><ele>0.018</ele><time>2023-10-07T19:45:32Z</time></trkpt><trkpt lat="55.342927" lon="25.975714"><ele>0.021</ele><time>2023-10-07T19:46:12Z</time></trkpt><trkpt lat="55.342266" lon="25.97429"><ele>0.036</ele><time>2023-10-07T19:46:52Z</time></trkpt><trkpt lat="55.342022" lon="25.973913"><ele>165.568</ele><time>2023-10-07T19:47:32Z</time></trkpt><trkpt lat="55.341517" lon="25.973557"><ele>0.013</ele><time>2023-10-07T19:48:12Z</time></trkpt><trkpt lat="55.341196" lon="25.973383"><ele>0.051</ele><time>2023-10-07T19:48:52Z</time></trkpt><trkpt lat="55.340787" lon="25.973165"><ele>0.074</ele><time>2023-10-07T19:49:32Z</time></trkpt><trkpt lat="55.340372" lon="25.972935"><ele>0.091</ele><time>2023-10-07T19:50:12Z</time></trkpt><trkpt lat="55.339988" lon="25.972673"><ele>0.099</ele><time>2023-10-07T19:50:52Z</time></trkpt><trkpt lat="55.33973" lon="25.972455"><ele>0.097</ele><time>2023-10-07T19:51:32Z</time></trkpt><trkpt lat="55.339428" lon="25.972203"><ele>0.023</ele><time>2023-10-07T19:52:12Z</time></trkpt><trkpt lat="55.338805" lon="25.971558"><ele>169.025</ele><time>2023-10-07T19:52:52Z</time></trkpt><trkpt lat="55.338383" lon="25.970495"><ele>0.009</ele><time>2023-10-07T19:53:32Z</time></trkpt><trkpt lat="55.337816" lon="25.969235"><ele>165.810</ele><time>2023-10-07T19:54:12Z</time></trkpt><trkpt lat="55.337113" lon="25.968562"><ele>0.063</ele><time>2023-10-07T19:54:52Z</time></trkpt><trkpt lat="55.336282" lon="25.96795"><ele>0.048</ele><time>2023-10-07T19:55:32Z</time></trkpt><trkpt lat="55.335721" lon="25.967525"><ele>165.070</ele><time>2023-10-07T19:56:12Z</time></trkpt><trkpt lat="55.334469" lon="25.967132"><ele>164.365</ele><time>2023-10-07T19:56:52Z</time></trkpt><trkpt lat="55.333678" lon="25.9663"><ele>0.093</ele><time>2023-10-07T19:57:32Z</time></trkpt><trkpt lat="55.333168" lon="25.965907"><ele>0.056</ele><time>2023-10-07T19:58:12Z</time></trkpt><trkpt lat="55.332652" lon="25.965503"><ele>0.043</ele><time>2023-10-07T19:58:52Z</time></trkpt><trkpt lat="55.332237" lon="25.965109"><ele>0.061</ele><time>2023-10-07T19:59:32Z</time></trkpt><trkpt lat="55.331851" lon="25.964686"><ele>157.036</ele><time>2023-10-07T20:00:12Z</time></trkpt><trkpt lat="55.331057" lon="25.964214"><ele>156.217</ele><time>2023-10-07T20:00:52Z</time></trkpt><trkpt lat="55.330006" lon="25.963055"><ele>154.018</ele><time>2023-10-07T20:01:32Z</time></trkpt><trkpt lat="55.328687" lon="25.962697"><ele>155.209</ele><time>2023-10-07T20:02:12Z</time></trkpt><trkpt lat="55.327856" lon="25.962085"><ele>0.054</ele><time>2023-10-07T20:02:52Z</time></trkpt><trkpt lat="55.327491" lon="25.961812"><ele>0.077</ele><time>2023-10-07T20:03:32Z</time></trkpt><trkpt lat="55.326554" lon="25.961222"><ele>0.082</ele><time>2023-10-07T20:04:12Z</time></trkpt><trkpt lat="55.326145" lon="25.960927"><ele>0.064</ele><time>2023-10-07T20:04:52Z</time></trkpt><trkpt lat="55.326036" lon="25.960952"><ele>151.349</ele><time>2023-10-07T20:05:32Z</time></trkpt><trkpt lat="55.325026" lon="25.960753"><ele>0.067</ele><time>2023-10-07T20:06:12Z</time></trkpt><trkpt lat="55.324724" lon="25.960765"><ele>150.260</ele><time>2023-10-07T20:06:52Z</time></trkpt><trkpt lat="55.323063" lon="25.959541"><ele>150.147</ele><time>2023-10-07T20:07:32Z</time></trkpt><trkpt lat="55.322346" lon="25.95951"><ele>154.555</ele><time>2023-10-07T20:08:12Z</time></trkpt><trkpt lat="55.322128" lon="25.959415"><ele>0.093</ele><time>2023-10-07T20:08:52Z</time></trkpt><trkpt lat="55.321549" lon="25.959"><ele>0.065</ele><time>2023-10-07T20:09:32Z</time></trkpt><trkpt lat="55.321171" lon="25.958825"><ele>0.021</ele><time>2023-10-07T20:10:12Z</time></trkpt><trkpt lat="55.320901" lon="25.958749"><ele>0.009</ele><time>2023-10-07T20:10:52Z</time></trkpt><trkpt lat="55.320643" lon="25.95864"><ele>0.010</ele><time>2023-10-07T20:11:32Z</time></trkpt><trkpt lat="55.320316" lon="25.958268"><ele>0.023</ele><time>2023-10-07T20:12:12Z</time></trkpt><trkpt lat="55.320114" lon="25.958006"><ele>0.088</ele><time>2023-10-07T20:12:52Z</time></trkpt><trkpt lat="55.31941" lon="25.957382"><ele>0.030</ele><time>2023-10-07T20:13:32Z</time></trkpt><trkpt lat="55.318988" lon="25.957044"><ele>0.065</ele><time>2023-10-07T20:14:12Z</time></trkpt><trkpt lat="55.318887" lon="25.956934"><ele>151.923</ele><time>2023-10-07T20:14:52Z</time></trkpt><trkpt lat="55.318711" lon="25.956544"><ele>0.056</ele><time>2023-10-07T20:15:32Z</time></trkpt><trkpt lat="55.318516" lon="25.955689"><ele>0.053</ele><time>2023-10-07T20:16:12Z</time></trkpt><trkpt lat="55.318484" lon="25.955273"><ele>0.041</ele><time>2023-10-07T20:16:52Z</time></trkpt><trkpt lat="55.318295" lon="25.954659"><ele>0.093</ele><time>2023-10-07T20:17:32Z</time></trkpt><trkpt lat="55.318131" lon="25.954035"><ele>0.065</ele><time>2023-10-07T20:18:12Z</time></trkpt><trkpt lat="55.317986" lon="25.953421"><ele>0.021</ele><time>2023-10-07T20:18:52Z</time></trkpt><trkpt lat="55.316466" lon="25.946318"><ele>151.009</ele><time>2023-10-07T20:19:32Z</time></trkpt><trkpt lat="55.31642" lon="25.945893"><ele>0.090</ele><time>2023-10-07T20:20:12Z</time></trkpt><trkpt lat="55.316489" lon="25.9454"><ele>0.023</ele><time>2023-10-07T20:20:52Z</time></trkpt><trkpt lat="55.316665" lon="25.944775"><ele>0.098</ele><time>2023-10-07T20:21:32Z</time></trkpt><trkpt lat="55.316916" lon="25.94405"><ele>0.090</ele><time>2023-10-07T20:22:12Z</time></trkpt><trkpt lat="55.316981" lon="25.9437"><ele>160.425</ele><time>2023-10-07T20:22:52Z</time></trkpt><trkpt lat="55.316419" lon="25.943416"><ele>0.093</ele><time>2023-10-07T20:23:32Z</time></trkpt><trkpt lat="55.315736" lon="25.942971"><ele>151.326</ele><time>2023-10-07T20:24:12Z</time></trkpt><trkpt lat="55.314084" lon="25.940568"><ele>150.663</ele><time>2023-10-07T20:24:52Z</time></trkpt><trkpt lat="55.312971" lon="25.938284"><ele>0.031</ele><time>2023-10-07T20:25:32Z</time></trkpt><trkpt lat="55.311352" lon="25.934724"><ele>0.017</ele><time>2023-10-07T20:26:12Z</time></trkpt><trkpt lat="55.311252" lon="25.934593"><ele>0.087</ele><time>2023-10-07T20:26:52Z</time></trkpt><trkpt lat="55.311056" lon="25.934078"><ele>165.215</ele><time>2023-10-07T20:27:32Z</time></trkpt><trkpt lat="55.310961" lon="25.933278"><ele>0.009</ele><time>2023-10-07T20:28:12Z</time></trkpt><trkpt lat="55.310923" lon="25.93273"><ele>0.022</ele><time>2023-10-07T20:28:52Z</time></trkpt><trkpt lat="55.310853" lon="25.930625"><ele>160.035</ele><time>2023-10-07T20:29:32Z</time></trkpt><trkpt lat="55.310688" lon="25.929825"><ele>0.090</ele><time>2023-10-07T20:30:12Z</time></trkpt><trkpt lat="55.31055" lon="25.929311"><ele>0.062</ele><time>2023-10-07T20:30:52Z</time></trkpt><trkpt lat="55.310461" lon="25.928697"><ele>0.037</ele><time>2023-10-07T20:31:32Z</time></trkpt><trkpt lat="55.310353" lon="25.927283"><ele>164.055</ele><time>2023-10-07T20:32:12Z</time></trkpt><trkpt lat="55.31044" lon="25.926077"><ele>168.868</ele><time>2023-10-07T20:32:52Z</time></trkpt><trkpt lat="55.310333" lon="25.925573"><ele>0.075</ele><time>2023-10-07T20:33:32Z</time></trkpt><trkpt lat="55.310232" lon="25.924992"><ele>0.023</ele><time>2023-10-07T20:34:12Z</time></trkpt><trkpt lat="55.309904" lon="25.923951"><ele>0.038</ele><time>2023-10-07T20:34:52Z</time></trkpt><trkpt lat="55.309607" lon="25.923131"><ele>0.070</ele><time>2023-10-07T20:35:32Z</time></trkpt><trkpt lat="55.308801" lon="25.921215"><ele>0.017</ele><time>2023-10-07T20:36:12Z</time></trkpt><trkpt lat="55.308492" lon="25.920262"><ele>0.009</ele><time>2023-10-07T20:36:52Z</time></trkpt><trkpt lat="55.308119" lon="25.919453"><ele>168.294</ele><time>2023-10-07T20:37:32Z</time></trkpt><trkpt lat="55.308013" lon="25.91921"><ele>0.087</ele><time>2023-10-07T20:38:12Z</time></trkpt><trkpt lat="55.307327" lon="25.918379"><ele>0.082</ele><time>2023-10-07T20:38:52Z</time></trkpt><trkpt lat="55.306166" lon="25.916964"><ele>156.594</ele><time>2023-10-07T20:39:32Z</time></trkpt><trkpt lat="55.305651" lon="25.915505"><ele>167.599</ele><time>2023-10-07T20:40:12Z</time></trkpt><trkpt lat="55.305651" lon="25.914346"><ele>165.897</ele><time>2023-10-07T20:40:52Z</time></trkpt><trkpt lat="55.305222" lon="25.911643"><ele>163.310</ele><time>2023-10-07T20:41:32Z</time></trkpt><trkpt lat="55.305265" lon="25.910098"><ele>160.117</ele><time>2023-10-07T20:42:12Z</time></trkpt><trkpt lat="55.3049" lon="25.907222"><ele>160.785</ele><time>2023-10-07T20:42:52Z</time></trkpt><trkpt lat="55.304892" lon="25.906991"><ele>0.055</ele><time>2023-10-07T20:43:32Z</time></trkpt><trkpt lat="55.304697" lon="25.906586"><ele>0.007</ele><time>2023-10-07T20:44:12Z</time></trkpt><trkpt lat="55.304577" lon="25.906334"><ele>0.017</ele><time>2023-10-07T20:44:52Z</time></trkpt><trkpt lat="55.304482" lon="25.906126"><ele>0.009</ele><time>2023-10-07T20:45:32Z</time></trkpt><trkpt lat="55.304278" lon="25.905034"><ele>163.726</ele><time>2023-10-07T20:46:12Z</time></trkpt><trkpt lat="55.30269" lon="25.903231"><ele>150.769</ele><time>2023-10-07T20:46:52Z</time></trkpt><trkpt lat="55.302508" lon="25.903051"><ele>0.074</ele><time>2023-10-07T20:47:32Z</time></trkpt><trkpt lat="55.301896" lon="25.902931"><ele>149.876</ele><time>2023-10-07T20:48:12Z</time></trkpt><trkpt lat="55.301822" lon="25.902658"><ele>0.041</ele><time>2023-10-07T20:48:52Z</time></trkpt><trkpt lat="55.301545" lon="25.902362"><ele>0.079</ele><time>2023-10-07T20:49:32Z</time></trkpt><trkpt lat="55.301438" lon="25.902001"><ele>0.012</ele><time>2023-10-07T20:50:12Z</time></trkpt><trkpt lat="55.301211" lon="25.901804"><ele>0.019</ele><time>2023-10-07T20:50:52Z</time></trkpt><trkpt lat="55.301102" lon="25.901729"><ele>152.747</ele><time>2023-10-07T20:51:32Z</time></trkpt><trkpt lat="55.301048" lon="25.901596"><ele>0.082</ele><time>2023-10-07T20:52:12Z</time></trkpt><trkpt lat="55.301092" lon="25.901256"><ele>0.043</ele><time>2023-10-07T20:52:52Z</time></trkpt><trkpt lat="55.301173" lon="25.900576"><ele>0.017</ele><time>2023-10-07T20:53:32Z</time></trkpt><trkpt lat="55.301216" lon="25.900149"><ele>0.009</ele><time>2023-10-07T20:54:12Z</time></trkpt><trkpt lat="55.301184" lon="25.899019"><ele>0.099</ele><time>2023-10-07T20:54:52Z</time></trkpt><trkpt lat="55.301165" lon="25.898603"><ele>0.022</ele><time>2023-10-07T20:55:32Z</time></trkpt><trkpt lat="55.301127" lon="25.898329"><ele>160.097</ele><time>2023-10-07T20:56:12Z</time></trkpt><trkpt lat="55.300935" lon="25.897947"><ele>0.089</ele><time>2023-10-07T20:56:52Z</time></trkpt><trkpt lat="55.300589" lon="25.897543"><ele>0.034</ele><time>2023-10-07T20:57:32Z</time></trkpt><trkpt lat="55.300337" lon="25.897225"><ele>0.022</ele><time>2023-10-07T20:58:12Z</time></trkpt><trkpt lat="55.299956" lon="25.896885"><ele>155.825</ele><time>2023-10-07T20:58:52Z</time></trkpt><trkpt lat="55.299733" lon="25.896657"><ele>0.022</ele><time>2023-10-07T20:59:32Z</time></trkpt><trkpt lat="55.299588" lon="25.896525"><ele>0.050</ele><time>2023-10-07T21:00:12Z</time></trkpt><trkpt lat="55.2996" lon="25.896365"><ele>152.853</ele><time>2023-10-07T21:00:52Z</time></trkpt><trkpt lat="55.299531" lon="25.896131"><ele>0.004</ele><time>2023-10-07T21:01:32Z</time></trkpt><trkpt lat="55.299562" lon="25.895813"><ele>0.014</ele><time>2023-10-07T21:02:12Z</time></trkpt><trkpt lat="55.299643" lon="25.895635"><ele>152.309</ele><time>2023-10-07T21:02:52Z</time></trkpt><trkpt lat="55.298656" lon="25.896021"><ele>147.366</ele><time>2023-10-07T21:03:32Z</time></trkpt><trkpt lat="55.298098" lon="25.895764"><ele>148.239</ele><time>2023-10-07T21:04:12Z</time></trkpt><trkpt lat="55.297781" lon="25.894962"><ele>0.054</ele><time>2023-10-07T21:04:52Z</time></trkpt><trkpt lat="55.29754" lon="25.894176"><ele>151.986</ele><time>2023-10-07T21:05:32Z</time></trkpt><trkpt lat="55.297749" lon="25.893943"><ele>0.081</ele><time>2023-10-07T21:06:12Z</time></trkpt><trkpt lat="55.29795" lon="25.893745"><ele>0.079</ele><time>2023-10-07T21:06:52Z</time></trkpt><trkpt lat="55.298245" lon="25.893174"><ele>0.072</ele><time>2023-10-07T21:07:32Z</time></trkpt><trkpt lat="55.29886" lon="25.892296"><ele>0.059</ele><time>2023-10-07T21:08:12Z</time></trkpt><trkpt lat="55.298999" lon="25.891987"><ele>162.147</ele><time>2023-10-07T21:08:52Z</time></trkpt><trkpt lat="55.299536" lon="25.8907"><ele>165.867</ele><time>2023-10-07T21:09:32Z</time></trkpt><trkpt lat="55.299622" lon="25.889927"><ele>172.281</ele><time>2023-10-07T21:10:12Z</time></trkpt><trkpt lat="55.299633" lon="25.889735"><ele>0.019</ele><time>2023-10-07T21:10:52Z</time></trkpt><trkpt lat="55.299274" lon="25.888727"><ele>0.009</ele><time>2023-10-07T21:11:32Z</time></trkpt><trkpt lat="55.298871" lon="25.887782"><ele>173.967</ele><time>2023-10-07T21:12:12Z</time></trkpt><trkpt lat="55.298883" lon="25.886623"><ele>172.340</ele><time>2023-10-07T21:12:52Z</time></trkpt><trkpt lat="55.298913" lon="25.88511"><ele>0.055</ele><time>2023-10-07T21:13:32Z</time></trkpt><trkpt lat="55.298978" lon="25.884477"><ele>163.137</ele><time>2023-10-07T21:14:12Z</time></trkpt><trkpt lat="55.298975" lon="25.884299"><ele>0.082</ele><time>2023-10-07T21:14:52Z</time></trkpt><trkpt lat="55.299088" lon="25.883937"><ele>0.070</ele><time>2023-10-07T21:15:32Z</time></trkpt><trkpt lat="55.299182" lon="25.883344"><ele>0.043</ele><time>2023-10-07T21:16:12Z</time></trkpt><trkpt lat="55.299351" lon="25.882445"><ele>0.060</ele><time>2023-10-07T21:16:52Z</time></trkpt><trkpt lat="55.299451" lon="25.882182"><ele>0.098</ele><time>2023-10-07T21:17:32Z</time></trkpt><trkpt lat="55.299428" lon="25.881859"><ele>171.022</ele><time>2023-10-07T21:18:12Z</time></trkpt><trkpt lat="55.299364" lon="25.878984"><ele>170.262</ele><time>2023-10-07T21:18:52Z</time></trkpt><trkpt lat="55.299336" lon="25.878783"><ele>0.008</ele><time>2023-10-07T21:19:32Z</time></trkpt><trkpt lat="55.298939" lon="25.878149"><ele>0.009</ele><time>2023-10-07T21:20:12Z</time></trkpt><trkpt lat="55.298441" lon="25.877225"><ele>171.883</ele><time>2023-10-07T21:20:52Z</time></trkpt><trkpt lat="55.298089" lon="25.876769"><ele>0.026</ele><time>2023-10-07T21:21:32Z</time></trkpt><trkpt lat="55.298026" lon="25.876682"><ele>0.031</ele><time>2023-10-07T21:22:12Z</time></trkpt><trkpt lat="55.297944" lon="25.876441"><ele>163.993</ele><time>2023-10-07T21:22:52Z</time></trkpt><trkpt lat="55.297887" lon="25.876057"><ele>0.018</ele><time>2023-10-07T21:23:32Z</time></trkpt><trkpt lat="55.297912" lon="25.875739"><ele>0.076</ele><time>2023-10-07T21:24:12Z</time></trkpt><trkpt lat="55.297975" lon="25.875268"><ele>0.079</ele><time>2023-10-07T21:24:52Z</time></trkpt><trkpt lat="55.29805" lon="25.874862"><ele>0.046</ele><time>2023-10-07T21:25:32Z</time></trkpt><trkpt lat="55.297991" lon="25.874521"><ele>158.894</ele><time>2023-10-07T21:26:12Z</time></trkpt><trkpt lat="55.29769" lon="25.873514"><ele>0.013</ele><time>2023-10-07T21:26:52Z</time></trkpt><trkpt lat="55.29752" lon="25.872944"><ele>0.043</ele><time>2023-10-07T21:27:32Z</time></trkpt><trkpt lat="55.297444" lon="25.872649"><ele>0.007</ele><time>2023-10-07T21:28:12Z</time></trkpt><trkpt lat="55.297249" lon="25.872342"><ele>0.009</ele><time>2023-10-07T21:28:52Z</time></trkpt><trkpt lat="55.297117" lon="25.872178"><ele>0.062</ele><time>2023-10-07T21:29:32Z</time></trkpt><trkpt lat="55.297004" lon="25.872003"><ele>0.025</ele><time>2023-10-07T21:30:12Z</time></trkpt><trkpt lat="55.297004" lon="25.871688"><ele>160.960</ele><time>2023-10-07T21:30:52Z</time></trkpt><trkpt lat="55.297193" lon="25.869976"><ele>0.092</ele><time>2023-10-07T21:31:32Z</time></trkpt><trkpt lat="55.29733" lon="25.869088"><ele>0.027</ele><time>2023-10-07T21:32:12Z</time></trkpt><trkpt lat="55.297399" lon="25.868298"><ele>0.045</ele><time>2023-10-07T21:32:52Z</time></trkpt><trkpt lat="55.29743" lon="25.867574"><ele>0.018</ele><time>2023-10-07T21:33:32Z</time></trkpt><trkpt lat="55.297461" lon="25.866544"><ele>0.085</ele><time>2023-10-07T21:34:12Z</time></trkpt><trkpt lat="55.297438" lon="25.865888"><ele>169.013</ele><time>2023-10-07T21:34:52Z</time></trkpt><trkpt lat="55.297394" lon="25.86523"><ele>0.089</ele><time>2023-10-07T21:35:32Z</time></trkpt><trkpt lat="55.297311" lon="25.864649"><ele>0.006</ele><time>2023-10-07T21:36:12Z</time></trkpt><trkpt lat="55.297217" lon="25.864036"><ele>0.026</ele><time>2023-10-07T21:36:52Z</time></trkpt><trkpt lat="55.297128" lon="25.863466"><ele>0.009</ele><time>2023-10-07T21:37:32Z</time></trkpt><trkpt lat="55.29692" lon="25.862512"><ele>171.229</ele><time>2023-10-07T21:38:12Z</time></trkpt><trkpt lat="55.296744" lon="25.862239"><ele>0.062</ele><time>2023-10-07T21:38:52Z</time></trkpt><trkpt lat="55.296624" lon="25.861932"><ele>0.047</ele><time>2023-10-07T21:39:32Z</time></trkpt><trkpt lat="55.296479" lon="25.861647"><ele>0.049</ele><time>2023-10-07T21:40:12Z</time></trkpt><trkpt lat="55.296196" lon="25.861462"><ele>0.044</ele><time>2023-10-07T21:40:52Z</time></trkpt><trkpt lat="55.295693" lon="25.861167"><ele>0.082</ele><time>2023-10-07T21:41:32Z</time></trkpt><trkpt lat="55.294214" lon="25.860304"><ele>168.085</ele><time>2023-10-07T21:42:12Z</time></trkpt><trkpt lat="55.293843" lon="25.860218"><ele>0.082</ele><time>2023-10-07T21:42:52Z</time></trkpt><trkpt lat="55.293592" lon="25.86024"><ele>0.060</ele><time>2023-10-07T21:43:32Z</time></trkpt><trkpt lat="55.293378" lon="25.860328"><ele>0.064</ele><time>2023-10-07T21:44:12Z</time></trkpt><trkpt lat="55.292856" lon="25.86056"><ele>167.706</ele><time>2023-10-07T21:44:52Z</time></trkpt><trkpt lat="55.292668" lon="25.860648"><ele>0.016</ele><time>2023-10-07T21:45:32Z</time></trkpt><trkpt lat="55.292353" lon="25.860605"><ele>0.009</ele><time>2023-10-07T21:46:12Z</time></trkpt><trkpt lat="55.292089" lon="25.860419"><ele>0.057</ele><time>2023-10-07T21:46:52Z</time></trkpt><trkpt lat="55.291825" lon="25.8602"><ele>0.050</ele><time>2023-10-07T21:47:32Z</time></trkpt><trkpt lat="55.291466" lon="25.859894"><ele>0.015</ele><time>2023-10-07T21:48:12Z</time></trkpt><trkpt lat="55.290738" lon="25.859586"><ele>166.377</ele><time>2023-10-07T21:48:52Z</time></trkpt><trkpt lat="55.290245" lon="25.859518"><ele>0.072</ele><time>2023-10-07T21:49:32Z</time></trkpt><trkpt lat="55.2899" lon="25.859486"><ele>0.080</ele><time>2023-10-07T21:50:12Z</time></trkpt><trkpt lat="55.289598" lon="25.8593"><ele>0.093</ele><time>2023-10-07T21:50:52Z</time></trkpt><trkpt lat="55.289536" lon="25.859157"><ele>168.040</ele><time>2023-10-07T21:51:32Z</time></trkpt><trkpt lat="55.288399" lon="25.858213"><ele>159.478</ele><time>2023-10-07T21:52:12Z</time></trkpt><trkpt lat="55.287766" lon="25.857222"><ele>0.088</ele><time>2023-10-07T21:52:52Z</time></trkpt><trkpt lat="55.287562" lon="25.857011"><ele>154.224</ele><time>2023-10-07T21:53:32Z</time></trkpt><trkpt lat="55.287382" lon="25.856795"><ele>0.026</ele><time>2023-10-07T21:54:12Z</time></trkpt><trkpt lat="55.28621" lon="25.856239"><ele>154.009</ele><time>2023-10-07T21:54:52Z</time></trkpt><trkpt lat="55.286124" lon="25.856189"><ele>0.039</ele><time>2023-10-07T21:55:32Z</time></trkpt><trkpt lat="55.285998" lon="25.85643"><ele>0.072</ele><time>2023-10-07T21:56:12Z</time></trkpt><trkpt lat="55.285759" lon="25.856551"><ele>0.017</ele><time>2023-10-07T21:56:52Z</time></trkpt><trkpt lat="55.285495" lon="25.856563"><ele>0.079</ele><time>2023-10-07T21:57:32Z</time></trkpt><trkpt lat="55.285344" lon="25.856552"><ele>154.044</ele><time>2023-10-07T21:58:12Z</time></trkpt><trkpt lat="55.284307" lon="25.856347"><ele>155.872</ele><time>2023-10-07T21:58:52Z</time></trkpt><trkpt lat="55.283676" lon="25.856304"><ele>0.045</ele><time>2023-10-07T21:59:32Z</time></trkpt><trkpt lat="55.283368" lon="25.856305"><ele>0.042</ele><time>2023-10-07T22:00:12Z</time></trkpt><trkpt lat="55.282897" lon="25.856427"><ele>0.090</ele><time>2023-10-07T22:00:52Z</time></trkpt><trkpt lat="55.282645" lon="25.856515"><ele>0.028</ele><time>2023-10-07T22:01:32Z</time></trkpt><trkpt lat="55.282337" lon="25.85656"><ele>0.089</ele><time>2023-10-07T22:02:12Z</time></trkpt><trkpt lat="55.282048" lon="25.856496"><ele>159.817</ele><time>2023-10-07T22:02:52Z</time></trkpt><trkpt lat="55.281769" lon="25.856387"><ele>0.009</ele><time>2023-10-07T22:03:32Z</time></trkpt><trkpt lat="55.281329" lon="25.856333"><ele>0.023</ele><time>2023-10-07T22:04:12Z</time></trkpt><trkpt lat="55.281122" lon="25.856279"><ele>0.066</ele><time>2023-10-07T22:04:52Z</time></trkpt><trkpt lat="55.280902" lon="25.85628"><ele>0.031</ele><time>2023-10-07T22:05:32Z</time></trkpt><trkpt lat="55.280675" lon="25.856423"><ele>0.083</ele><time>2023-10-07T22:06:12Z</time></trkpt><trkpt lat="55.280525" lon="25.856511"><ele>0.028</ele><time>2023-10-07T22:06:52Z</time></trkpt><trkpt lat="55.28033" lon="25.856511"><ele>0.086</ele><time>2023-10-07T22:07:32Z</time></trkpt><trkpt lat="55.279602" lon="25.856411"><ele>155.189</ele><time>2023-10-07T22:08:12Z</time></trkpt><trkpt lat="55.279224" lon="25.856605"><ele>0.056</ele><time>2023-10-07T22:08:52Z</time></trkpt><trkpt lat="55.278979" lon="25.85684"><ele>157.634</ele><time>2023-10-07T22:09:32Z</time></trkpt><trkpt lat="55.278779" lon="25.857307"><ele>0.052</ele><time>2023-10-07T22:10:12Z</time></trkpt><trkpt lat="55.278572" lon="25.85787"><ele>163.453</ele><time>2023-10-07T22:10:52Z</time></trkpt><trkpt lat="55.278163" lon="25.858054"><ele>0.008</ele><time>2023-10-07T22:11:32Z</time></trkpt><trkpt lat="55.277585" lon="25.858626"><ele>161.609</ele><time>2023-10-07T22:12:12Z</time></trkpt><trkpt lat="55.277308" lon="25.859043"><ele>0.036</ele><time>2023-10-07T22:12:52Z</time></trkpt><trkpt lat="55.27702" lon="25.859482"><ele>0.079</ele><time>2023-10-07T22:13:32Z</time></trkpt><trkpt lat="55.27685" lon="25.859647"><ele>0.044</ele><time>2023-10-07T22:14:12Z</time></trkpt><trkpt lat="55.276693" lon="25.859878"><ele>0.026</ele><time>2023-10-07T22:14:52Z</time></trkpt><trkpt lat="55.276492" lon="25.860372"><ele>0.081</ele><time>2023-10-07T22:15:32Z</time></trkpt><trkpt lat="55.276235" lon="25.861107"><ele>159.389</ele><time>2023-10-07T22:16:12Z</time></trkpt><trkpt lat="55.276072" lon="25.861897"><ele>0.072</ele><time>2023-10-07T22:16:52Z</time></trkpt><trkpt lat="55.275921" lon="25.862401"><ele>0.079</ele><time>2023-10-07T22:17:32Z</time></trkpt><trkpt lat="55.275815" lon="25.862829"><ele>0.027</ele><time>2023-10-07T22:18:12Z</time></trkpt><trkpt lat="55.275728" lon="25.863695"><ele>0.065</ele><time>2023-10-07T22:18:52Z</time></trkpt><trkpt lat="55.275697" lon="25.864276"><ele>0.068</ele><time>2023-10-07T22:19:32Z</time></trkpt><trkpt lat="55.275684" lon="25.864638"><ele>0.014</ele><time>2023-10-07T22:20:12Z</time></trkpt><trkpt lat="55.275659" lon="25.865022"><ele>0.009</ele><time>2023-10-07T22:20:52Z</time></trkpt><trkpt lat="55.275635" lon="25.865395"><ele>0.017</ele><time>2023-10-07T22:21:32Z</time></trkpt><trkpt lat="55.275628" lon="25.865735"><ele>0.070</ele><time>2023-10-07T22:22:12Z</time></trkpt><trkpt lat="55.275572" lon="25.866162"><ele>0.095</ele><time>2023-10-07T22:22:52Z</time></trkpt><trkpt lat="55.275503" lon="25.866426"><ele>0.017</ele><time>2023-10-07T22:23:32Z</time></trkpt><trkpt lat="55.275353" lon="25.86671"><ele>167.872</ele><time>2023-10-07T22:24:12Z</time></trkpt><trkpt lat="55.274852" lon="25.867976"><ele>0.030</ele><time>2023-10-07T22:24:52Z</time></trkpt><trkpt lat="55.27472" lon="25.868152"><ele>0.093</ele><time>2023-10-07T22:25:32Z</time></trkpt><trkpt lat="55.274551" lon="25.868415"><ele>0.040</ele><time>2023-10-07T22:26:12Z</time></trkpt><trkpt lat="55.274438" lon="25.868756"><ele>0.058</ele><time>2023-10-07T22:26:52Z</time></trkpt><trkpt lat="55.27428" lon="25.869285"><ele>159.249</ele><time>2023-10-07T22:27:32Z</time></trkpt><trkpt lat="55.273984" lon="25.870282"><ele>0.002</ele><time>2023-10-07T22:28:12Z</time></trkpt><trkpt lat="55.27379" lon="25.870896"><ele>0.022</ele><time>2023-10-07T22:28:52Z</time></trkpt><trkpt lat="55.273715" lon="25.871269"><ele>0.009</ele><time>2023-10-07T22:29:32Z</time></trkpt><trkpt lat="55.273583" lon="25.871631"><ele>0.085</ele><time>2023-10-07T22:30:12Z</time></trkpt><trkpt lat="55.273414" lon="25.872114"><ele>0.058</ele><time>2023-10-07T22:30:52Z</time></trkpt><trkpt lat="55.273326" lon="25.872367"><ele>162.393</ele><time>2023-10-07T22:31:32Z</time></trkpt><trkpt lat="55.273276" lon="25.872685"><ele>0.015</ele><time>2023-10-07T22:32:12Z</time></trkpt><trkpt lat="55.273245" lon="25.873649"><ele>0.040</ele><time>2023-10-07T22:32:52Z</time></trkpt><trkpt lat="55.273252" lon="25.874165"><ele>0.018</ele><time>2023-10-07T22:33:32Z</time></trkpt><trkpt lat="55.273265" lon="25.874789"><ele>0.071</ele><time>2023-10-07T22:34:12Z</time></trkpt><trkpt lat="55.273322" lon="25.87525"><ele>0.068</ele><time>2023-10-07T22:34:52Z</time></trkpt><trkpt lat="55.273397" lon="25.875622"><ele>0.066</ele><time>2023-10-07T22:35:32Z</time></trkpt><trkpt lat="55.273379" lon="25.876182"><ele>163.062</ele><time>2023-10-07T22:36:12Z</time></trkpt><trkpt lat="55.273279" lon="25.876379"><ele>0.083</ele><time>2023-10-07T22:36:52Z</time></trkpt><trkpt lat="55.273128" lon="25.876478"><ele>0.011</ele><time>2023-10-07T22:37:32Z</time></trkpt><trkpt lat="55.271932" lon="25.876536"><ele>0.009</ele><time>2023-10-07T22:38:12Z</time></trkpt><trkpt lat="55.270863" lon="25.876659"><ele>0.077</ele><time>2023-10-07T22:38:52Z</time></trkpt><trkpt lat="55.269863" lon="25.876749"><ele>0.090</ele><time>2023-10-07T22:39:32Z</time></trkpt><trkpt lat="55.267929" lon="25.876949"><ele>0.035</ele><time>2023-10-07T22:40:12Z</time></trkpt><trkpt lat="55.266948" lon="25.877017"><ele>0.027</ele><time>2023-10-07T22:40:52Z</time></trkpt><trkpt lat="55.266545" lon="25.877062"><ele>0.082</ele><time>2023-10-07T22:41:32Z</time></trkpt><trkpt lat="55.266426" lon="25.877084"><ele>0.080</ele><time>2023-10-07T22:42:12Z</time></trkpt><trkpt lat="55.266448" lon="25.877182"><ele>166.983</ele><time>2023-10-07T22:42:52Z</time></trkpt><trkpt lat="55.266515" lon="25.877775"><ele>0.090</ele><time>2023-10-07T22:43:32Z</time></trkpt><trkpt lat="55.266767" lon="25.87898"><ele>0.068</ele><time>2023-10-07T22:44:12Z</time></trkpt><trkpt lat="55.266812" lon="25.879509"><ele>164.132</ele><time>2023-10-07T22:44:52Z</time></trkpt><trkpt lat="55.266662" lon="25.879718"><ele>0.092</ele><time>2023-10-07T22:45:32Z</time></trkpt><trkpt lat="55.266549" lon="25.880003"><ele>0.011</ele><time>2023-10-07T22:46:12Z</time></trkpt><trkpt lat="55.266423" lon="25.880124"><ele>0.009</ele><time>2023-10-07T22:46:52Z</time></trkpt><trkpt lat="55.266171" lon="25.880081"><ele>0.014</ele><time>2023-10-07T22:47:32Z</time></trkpt><trkpt lat="55.265932" lon="25.880191"><ele>160.217</ele><time>2023-10-07T22:48:12Z</time></trkpt><trkpt lat="55.265637" lon="25.880345"><ele>0.072</ele><time>2023-10-07T22:48:52Z</time></trkpt><trkpt lat="55.265285" lon="25.880543"><ele>0.064</ele><time>2023-10-07T22:49:32Z</time></trkpt><trkpt lat="55.264977" lon="25.880763"><ele>0.099</ele><time>2023-10-07T22:50:12Z</time></trkpt><trkpt lat="55.264795" lon="25.880873"><ele>0.057</ele><time>2023-10-07T22:50:52Z</time></trkpt><trkpt lat="55.264543" lon="25.881049"><ele>0.080</ele><time>2023-10-07T22:51:32Z</time></trkpt><trkpt lat="55.264324" lon="25.881423"><ele>157.497</ele><time>2023-10-07T22:52:12Z</time></trkpt><trkpt lat="55.263947" lon="25.88207"><ele>157.745</ele><time>2023-10-07T22:52:52Z</time></trkpt><trkpt lat="55.263771" lon="25.882301"><ele>0.096</ele><time>2023-10-07T22:53:32Z</time></trkpt><trkpt lat="55.263557" lon="25.882334"><ele>0.031</ele><time>2023-10-07T22:54:12Z</time></trkpt><trkpt lat="55.263387" lon="25.882368"><ele>0.024</ele><time>2023-10-07T22:54:52Z</time></trkpt><trkpt lat="55.263262" lon="25.882412"><ele>0.009</ele><time>2023-10-07T22:55:32Z</time></trkpt><trkpt lat="55.263092" lon="25.882467"><ele>0.060</ele><time>2023-10-07T22:56:12Z</time></trkpt><trkpt lat="55.262495" lon="25.882863"><ele>161.733</ele><time>2023-10-07T22:56:52Z</time></trkpt><trkpt lat="55.262287" lon="25.88282"><ele>0.098</ele><time>2023-10-07T22:57:32Z</time></trkpt><trkpt lat="55.262118" lon="25.882754"><ele>0.030</ele><time>2023-10-07T22:58:12Z</time></trkpt><trkpt lat="55.261979" lon="25.8827"><ele>0.095</ele><time>2023-10-07T22:58:52Z</time></trkpt><trkpt lat="55.261753" lon="25.88247"><ele>0.073</ele><time>2023-10-07T22:59:32Z</time></trkpt><trkpt lat="55.261614" lon="25.882306"><ele>0.056</ele><time>2023-10-07T23:00:12Z</time></trkpt><trkpt lat="55.261432" lon="25.882208"><ele>165.773</ele><time>2023-10-07T23:00:52Z</time></trkpt><trkpt lat="55.261186" lon="25.882147"><ele>0.031</ele><time>2023-10-07T23:01:32Z</time></trkpt><trkpt lat="55.26079" lon="25.882093"><ele>0.024</ele><time>2023-10-07T23:02:12Z</time></trkpt><trkpt lat="55.260262" lon="25.882226"><ele>0.004</ele><time>2023-10-07T23:02:52Z</time></trkpt><trkpt lat="55.259935" lon="25.882304"><ele>0.014</ele><time>2023-10-07T23:03:32Z</time></trkpt><trkpt lat="55.259765" lon="25.882337"><ele>0.009</ele><time>2023-10-07T23:04:12Z</time></trkpt><trkpt lat="55.258959" lon="25.882417"><ele>166.033</ele><time>2023-10-07T23:04:52Z</time></trkpt><trkpt lat="55.257736" lon="25.881988"><ele>167.186</ele><time>2023-10-07T23:05:32Z</time></trkpt><trkpt lat="55.257423" lon="25.881917"><ele>0.071</ele><time>2023-10-07T23:06:12Z</time></trkpt><trkpt lat="55.256964" lon="25.881962"><ele>0.033</ele><time>2023-10-07T23:06:52Z</time></trkpt><trkpt lat="55.25685" lon="25.881962"><ele>0.058</ele><time>2023-10-07T23:07:32Z</time></trkpt><trkpt lat="55.256813" lon="25.882074"><ele>166.716</ele><time>2023-10-07T23:08:12Z</time></trkpt><trkpt lat="55.25643" lon="25.882445"><ele>0.069</ele><time>2023-10-07T23:08:52Z</time></trkpt><trkpt lat="55.25609" lon="25.882863"><ele>0.086</ele><time>2023-10-07T23:09:32Z</time></trkpt><trkpt lat="55.255889" lon="25.883072"><ele>0.094</ele><time>2023-10-07T23:10:12Z</time></trkpt><trkpt lat="55.255619" lon="25.883171"><ele>0.093</ele><time>2023-10-07T23:10:52Z</time></trkpt><trkpt lat="55.255349" lon="25.883281"><ele>0.065</ele><time>2023-10-07T23:11:32Z</time></trkpt><trkpt lat="55.255016" lon="25.883567"><ele>0.021</ele><time>2023-10-07T23:12:12Z</time></trkpt><trkpt lat="55.254727" lon="25.883919"><ele>0.009</ele><time>2023-10-07T23:12:52Z</time></trkpt><trkpt lat="55.254588" lon="25.884061"><ele>0.010</ele><time>2023-10-07T23:13:32Z</time></trkpt><trkpt lat="55.25445" lon="25.884106"><ele>0.053</ele><time>2023-10-07T23:14:12Z</time></trkpt><trkpt lat="55.25428" lon="25.884062"><ele>0.098</ele><time>2023-10-07T23:14:52Z</time></trkpt><trkpt lat="55.254142" lon="25.884008"><ele>0.090</ele><time>2023-10-07T23:15:32Z</time></trkpt><trkpt lat="55.254131" lon="25.88422"><ele>162.525</ele><time>2023-10-07T23:16:12Z</time></trkpt><trkpt lat="55.254017" lon="25.884918"><ele>0.083</ele><time>2023-10-07T23:16:52Z</time></trkpt><trkpt lat="55.254005" lon="25.885455"><ele>0.076</ele><time>2023-10-07T23:17:32Z</time></trkpt><trkpt lat="55.253948" lon="25.885795"><ele>0.043</ele><time>2023-10-07T23:18:12Z</time></trkpt><trkpt lat="55.253823" lon="25.886267"><ele>0.091</ele><time>2023-10-07T23:18:52Z</time></trkpt><trkpt lat="55.253735" lon="25.886453"><ele>0.044</ele><time>2023-10-07T23:19:32Z</time></trkpt><trkpt lat="55.253654" lon="25.88668"><ele>151.805</ele><time>2023-10-07T23:20:12Z</time></trkpt><trkpt lat="55.253491" lon="25.886987"><ele>0.015</ele><time>2023-10-07T23:20:52Z</time></trkpt><trkpt lat="55.253271" lon="25.88724"><ele>0.009</ele><time>2023-10-07T23:21:32Z</time></trkpt><trkpt lat="55.2529" lon="25.887657"><ele>0.015</ele><time>2023-10-07T23:22:12Z</time></trkpt><trkpt lat="55.252787" lon="25.887822"><ele>0.098</ele><time>2023-10-07T23:22:52Z</time></trkpt><trkpt lat="55.252705" lon="25.887888"><ele>0.043</ele><time>2023-10-07T23:23:32Z</time></trkpt><trkpt lat="55.252435" lon="25.888075"><ele>160.265</ele><time>2023-10-07T23:24:12Z</time></trkpt><trkpt lat="55.252358" lon="25.888197"><ele>0.030</ele><time>2023-10-07T23:24:52Z</time></trkpt><trkpt lat="55.252251" lon="25.888318"><ele>0.058</ele><time>2023-10-07T23:25:32Z</time></trkpt><trkpt lat="55.252138" lon="25.888439"><ele>0.071</ele><time>2023-10-07T23:26:12Z</time></trkpt><trkpt lat="55.252056" lon="25.888428"><ele>0.018</ele><time>2023-10-07T23:26:52Z</time></trkpt><trkpt lat="55.251981" lon="25.888286"><ele>0.086</ele><time>2023-10-07T23:27:32Z</time></trkpt><trkpt lat="55.251955" lon="25.88799"><ele>0.085</ele><time>2023-10-07T23:28:12Z</time></trkpt><trkpt lat="55.251873" lon="25.887529"><ele>0.089</ele><time>2023-10-07T23:28:52Z</time></trkpt><trkpt lat="55.25181" lon="25.887387"><ele>0.017</ele><time>2023-10-07T23:29:32Z</time></trkpt><trkpt lat="55.251722" lon="25.887113"><ele>0.009</ele><time>2023-10-07T23:30:12Z</time></trkpt><trkpt lat="55.251659" lon="25.886861"><ele>0.059</ele><time>2023-10-07T23:30:52Z</time></trkpt><trkpt lat="55.251602" lon="25.88662"><ele>0.072</ele><time>2023-10-07T23:31:32Z</time></trkpt><trkpt lat="55.251507" lon="25.886215"><ele>160.967</ele><time>2023-10-07T23:32:12Z</time></trkpt><trkpt lat="55.251138" lon="25.885654"><ele>0.059</ele><time>2023-10-07T23:32:52Z</time></trkpt><trkpt lat="55.249927" lon="25.883686"><ele>164.344</ele><time>2023-10-07T23:33:32Z</time></trkpt><trkpt lat="55.249797" lon="25.883454"><ele>0.032</ele><time>2023-10-07T23:34:12Z</time></trkpt><trkpt lat="55.249696" lon="25.883322"><ele>0.055</ele><time>2023-10-07T23:34:52Z</time></trkpt><trkpt lat="55.249526" lon="25.883279"><ele>0.052</ele><time>2023-10-07T23:35:32Z</time></trkpt><trkpt lat="55.249256" lon="25.883356"><ele>0.040</ele><time>2023-10-07T23:36:12Z</time></trkpt><trkpt lat="55.249124" lon="25.8834"><ele>166.076</ele><time>2023-10-07T23:36:52Z</time></trkpt><trkpt lat="55.248791" lon="25.883401"><ele>0.090</ele><time>2023-10-07T23:37:32Z</time></trkpt><trkpt lat="55.248715" lon="25.883436"><ele>0.019</ele><time>2023-10-07T23:38:12Z</time></trkpt><trkpt lat="55.248697" lon="25.883349"><ele>0.009</ele><time>2023-10-07T23:38:52Z</time></trkpt><trkpt lat="55.248693" lon="25.883107"><ele>0.018</ele><time>2023-10-07T23:39:32Z</time></trkpt><trkpt lat="55.248697" lon="25.882934"><ele>0.021</ele><time>2023-10-07T23:40:12Z</time></trkpt><trkpt lat="55.248661" lon="25.882676"><ele>0.066</ele><time>2023-10-07T23:40:52Z</time></trkpt><trkpt lat="55.248643" lon="25.882418"><ele>0.028</ele><time>2023-10-07T23:41:32Z</time></trkpt><trkpt lat="55.248638" lon="25.882183"><ele>0.033</ele><time>2023-10-07T23:42:12Z</time></trkpt><trkpt lat="55.24862" lon="25.881964"><ele>0.091</ele><time>2023-10-07T23:42:52Z</time></trkpt><trkpt lat="55.248647" lon="25.881635"><ele>0.064</ele><time>2023-10-07T23:43:32Z</time></trkpt><trkpt lat="55.24866" lon="25.88147"><ele>0.041</ele><time>2023-10-07T23:44:12Z</time></trkpt><trkpt lat="55.248696" lon="25.881251"><ele>0.099</ele><time>2023-10-07T23:44:52Z</time></trkpt><trkpt lat="55.248723" lon="25.881094"><ele>0.054</ele><time>2023-10-07T23:45:32Z</time></trkpt><trkpt lat="55.248727" lon="25.880851"><ele>0.056</ele><time>2023-10-07T23:46:12Z</time></trkpt><trkpt lat="55.248731" lon="25.880742"><ele>0.011</ele><time>2023-10-07T23:46:52Z</time></trkpt><trkpt lat="55.248758" lon="25.880585"><ele>0.009</ele><time>2023-10-07T23:47:32Z</time></trkpt><trkpt lat="55.24878" lon="25.880444"><ele>0.066</ele><time>2023-10-07T23:48:12Z</time></trkpt><trkpt lat="55.248821" lon="25.880225"><ele>0.029</ele><time>2023-10-07T23:48:52Z</time></trkpt><trkpt lat="55.248745" lon="25.880624"><ele>0.054</ele><time>2023-10-07T23:49:32Z</time></trkpt><trkpt lat="55.248736" lon="25.88075"><ele>0.016</ele><time>2023-10-07T23:50:12Z</time></trkpt><trkpt lat="55.248722" lon="25.880906"><ele>0.031</ele><time>2023-10-07T23:50:52Z</time></trkpt><trkpt lat="55.248727" lon="25.881016"><ele>0.029</ele><time>2023-10-07T23:51:32Z</time></trkpt><trkpt lat="55.2487" lon="25.88122"><ele>0.042</ele><time>2023-10-07T23:52:12Z</time></trkpt><trkpt lat="55.248682" lon="25.881337"><ele>0.029</ele><time>2023-10-07T23:52:52Z</time></trkpt><trkpt lat="55.248678" lon="25.881415"><ele>0.027</ele><time>2023-10-07T23:53:32Z</time></trkpt><trkpt lat="55.248674" lon="25.881548"><ele>0.015</ele><time>2023-10-07T23:54:12Z</time></trkpt><trkpt lat="55.248674" lon="25.881627"><ele>0.065</ele><time>2023-10-07T23:54:52Z</time></trkpt><trkpt lat="55.248642" lon="25.881807"><ele>0.011</ele><time>2023-10-07T23:55:32Z</time></trkpt><trkpt lat="55.248633" lon="25.881885"><ele>0.009</ele><time>2023-10-07T23:56:12Z</time></trkpt><trkpt lat="55.248625" lon="25.882011"><ele>0.032</ele><time>2023-10-07T23:56:52Z</time></trkpt><trkpt lat="55.248638" lon="25.882245"><ele>0.095</ele><time>2023-10-07T23:57:32Z</time></trkpt><trkpt lat="55.248661" lon="25.882465"><ele>0.010</ele><time>2023-10-07T23:58:12Z</time></trkpt><trkpt lat="55.24867" lon="25.882613"><ele>0.022</ele><time>2023-10-07T23:58:52Z</time></trkpt><trkpt lat="55.248679" lon="25.882786"><ele>0.017</ele><time>2023-10-07T23:59:32Z</time></trkpt><trkpt lat="55.248679" lon="25.882966"><ele>0.085</ele><time>2023-10-08T00:00:12Z</time></trkpt><trkpt lat="55.248688" lon="25.883162"><ele>0.098</ele><time>2023-10-08T00:00:52Z</time></trkpt><trkpt lat="55.248688" lon="25.883224"><ele>0.035</ele><time>2023-10-08T00:01:32Z</time></trkpt><trkpt lat="55.248693" lon="25.883318"><ele>0.043</ele><time>2023-10-08T00:02:12Z</time></trkpt><trkpt lat="55.248698" lon="25.883451"><ele>0.048</ele><time>2023-10-08T00:02:52Z</time></trkpt><trkpt lat="55.248612" lon="25.883522"><ele>0.061</ele><time>2023-10-08T00:03:32Z</time></trkpt><trkpt lat="55.248116" lon="25.883701"><ele>161.517</ele><time>2023-10-08T00:04:12Z</time></trkpt><trkpt lat="55.247948" lon="25.883743"><ele>0.009</ele><time>2023-10-08T00:04:52Z</time></trkpt><trkpt lat="55.247791" lon="25.883776"><ele>0.075</ele><time>2023-10-08T00:05:32Z</time></trkpt><trkpt lat="55.24764" lon="25.883711"><ele>0.018</ele><time>2023-10-08T00:06:12Z</time></trkpt><trkpt lat="55.247357" lon="25.883438"><ele>0.023</ele><time>2023-10-08T00:06:52Z</time></trkpt><trkpt lat="55.247055" lon="25.883131"><ele>0.065</ele><time>2023-10-08T00:07:32Z</time></trkpt><trkpt lat="55.246854" lon="25.883066"><ele>0.070</ele><time>2023-10-08T00:08:12Z</time></trkpt><trkpt lat="55.246652" lon="25.882836"><ele>0.028</ele><time>2023-10-08T00:08:52Z</time></trkpt><trkpt lat="55.246451" lon="25.882661"><ele>0.011</ele><time>2023-10-08T00:09:32Z</time></trkpt><trkpt lat="55.246249" lon="25.882388"><ele>159.068</ele><time>2023-10-08T00:10:12Z</time></trkpt><trkpt lat="55.246147" lon="25.882295"><ele>0.086</ele><time>2023-10-08T00:10:52Z</time></trkpt><trkpt lat="55.246027" lon="25.882109"><ele>0.039</ele><time>2023-10-08T00:11:32Z</time></trkpt><trkpt lat="55.245952" lon="25.881813"><ele>0.001</ele><time>2023-10-08T00:12:12Z</time></trkpt><trkpt lat="55.245844" lon="25.88144"><ele>0.021</ele><time>2023-10-08T00:12:52Z</time></trkpt><trkpt lat="55.245719" lon="25.881298"><ele>0.009</ele><time>2023-10-08T00:13:32Z</time></trkpt><trkpt lat="55.24558" lon="25.881189"><ele>0.044</ele><time>2023-10-08T00:14:12Z</time></trkpt><trkpt lat="55.245486" lon="25.881058"><ele>0.057</ele><time>2023-10-08T00:14:52Z</time></trkpt><trkpt lat="55.245429" lon="25.880948"><ele>0.022</ele><time>2023-10-08T00:15:32Z</time></trkpt><trkpt lat="55.245397" lon="25.880838"><ele>0.074</ele><time>2023-10-08T00:16:12Z</time></trkpt><trkpt lat="55.245341" lon="25.880532"><ele>0.089</ele><time>2023-10-08T00:16:52Z</time></trkpt><trkpt lat="55.245309" lon="25.880225"><ele>0.017</ele><time>2023-10-08T00:17:32Z</time></trkpt><trkpt lat="55.24524" lon="25.879896"><ele>0.090</ele><time>2023-10-08T00:18:12Z</time></trkpt><trkpt lat="55.24517" lon="25.879567"><ele>0.077</ele><time>2023-10-08T00:18:52Z</time></trkpt><trkpt lat="55.24512" lon="25.879359"><ele>0.045</ele><time>2023-10-08T00:19:32Z</time></trkpt><trkpt lat="55.245069" lon="25.879129"><ele>0.023</ele><time>2023-10-08T00:20:12Z</time></trkpt><trkpt lat="55.245038" lon="25.879009"><ele>0.083</ele><time>2023-10-08T00:20:52Z</time></trkpt><trkpt lat="55.244981" lon="25.8788"><ele>0.011</ele><time>2023-10-08T00:21:32Z</time></trkpt><trkpt lat="55.244937" lon="25.878592"><ele>0.009</ele><time>2023-10-08T00:22:12Z</time></trkpt><trkpt lat="55.244905" lon="25.878417"><ele>0.043</ele><time>2023-10-08T00:22:52Z</time></trkpt><trkpt lat="55.24488" lon="25.878263"><ele>0.046</ele><time>2023-10-08T00:23:32Z</time></trkpt><trkpt lat="55.244836" lon="25.878033"><ele>0.081</ele><time>2023-10-08T00:24:12Z</time></trkpt><trkpt lat="55.24476" lon="25.877694"><ele>0.093</ele><time>2023-10-08T00:24:52Z</time></trkpt><trkpt lat="55.244735" lon="25.877573"><ele>0.018</ele><time>2023-10-08T00:25:32Z</time></trkpt><trkpt lat="55.244722" lon="25.877463"><ele>0.016</ele><time>2023-10-08T00:26:12Z</time></trkpt><trkpt lat="55.244709" lon="25.877398"><ele>0.019</ele><time>2023-10-08T00:26:52Z</time></trkpt><trkpt lat="55.244697" lon="25.877233"><ele>0.026</ele><time>2023-10-08T00:27:32Z</time></trkpt><trkpt lat="55.244715" lon="25.877014"><ele>0.084</ele><time>2023-10-08T00:28:12Z</time></trkpt><trkpt lat="55.244797" lon="25.87674"><ele>0.055</ele><time>2023-10-08T00:28:52Z</time></trkpt><trkpt lat="55.244841" lon="25.876476"><ele>0.007</ele><time>2023-10-08T00:29:32Z</time></trkpt><trkpt lat="55.244853" lon="25.876224"><ele>0.017</ele><time>2023-10-08T00:30:12Z</time></trkpt><trkpt lat="55.244771" lon="25.876049"><ele>0.009</ele><time>2023-10-08T00:30:52Z</time></trkpt><trkpt lat="55.244652" lon="25.875874"><ele>0.086</ele><time>2023-10-08T00:31:32Z</time></trkpt><trkpt lat="55.244588" lon="25.875545"><ele>0.079</ele><time>2023-10-08T00:32:12Z</time></trkpt><trkpt lat="55.244494" lon="25.875348"><ele>0.044</ele><time>2023-10-08T00:32:52Z</time></trkpt><trkpt lat="55.244444" lon="25.875206"><ele>0.076</ele><time>2023-10-08T00:33:32Z</time></trkpt><trkpt lat="55.244393" lon="25.874987"><ele>0.051</ele><time>2023-10-08T00:34:12Z</time></trkpt><trkpt lat="55.244343" lon="25.874767"><ele>0.039</ele><time>2023-10-08T00:34:52Z</time></trkpt><trkpt lat="55.244305" lon="25.874658"><ele>0.082</ele><time>2023-10-08T00:35:32Z</time></trkpt><trkpt lat="55.24421" lon="25.874472"><ele>0.019</ele><time>2023-10-08T00:36:12Z</time></trkpt><trkpt lat="55.244191" lon="25.874209"><ele>0.027</ele><time>2023-10-08T00:36:52Z</time></trkpt><trkpt lat="55.244172" lon="25.874055"><ele>0.067</ele><time>2023-10-08T00:37:32Z</time></trkpt><trkpt lat="55.244172" lon="25.873858"><ele>0.081</ele><time>2023-10-08T00:38:12Z</time></trkpt><trkpt lat="55.244159" lon="25.873693"><ele>0.019</ele><time>2023-10-08T00:38:52Z</time></trkpt><trkpt lat="55.244134" lon="25.87354"><ele>0.009</ele><time>2023-10-08T00:39:32Z</time></trkpt><trkpt lat="55.24409" lon="25.873266"><ele>0.017</ele><time>2023-10-08T00:40:12Z</time></trkpt><trkpt lat="55.24402" lon="25.873003"><ele>0.060</ele><time>2023-10-08T00:40:52Z</time></trkpt><trkpt lat="55.243967" lon="25.872862"><ele>163.015</ele><time>2023-10-08T00:41:32Z</time></trkpt><trkpt lat="55.243256" lon="25.871921"><ele>164.187</ele><time>2023-10-08T00:42:12Z</time></trkpt><trkpt lat="55.242866" lon="25.87167"><ele>0.092</ele><time>2023-10-08T00:42:52Z</time></trkpt><trkpt lat="55.242702" lon="25.871593"><ele>0.060</ele><time>2023-10-08T00:43:32Z</time></trkpt><trkpt lat="55.242513" lon="25.871462"><ele>0.053</ele><time>2023-10-08T00:44:12Z</time></trkpt><trkpt lat="55.242337" lon="25.871309"><ele>0.010</ele><time>2023-10-08T00:44:52Z</time></trkpt><trkpt lat="55.242092" lon="25.871178"><ele>0.068</ele><time>2023-10-08T00:45:32Z</time></trkpt><trkpt lat="55.241935" lon="25.871168"><ele>0.014</ele><time>2023-10-08T00:46:12Z</time></trkpt><trkpt lat="55.24174" lon="25.871102"><ele>0.054</ele><time>2023-10-08T00:46:52Z</time></trkpt><trkpt lat="55.241608" lon="25.871026"><ele>0.009</ele><time>2023-10-08T00:47:32Z</time></trkpt><trkpt lat="55.241507" lon="25.870982"><ele>0.009</ele><time>2023-10-08T00:48:12Z</time></trkpt><trkpt lat="55.241387" lon="25.870895"><ele>0.052</ele><time>2023-10-08T00:48:52Z</time></trkpt><trkpt lat="55.241331" lon="25.870829"><ele>0.035</ele><time>2023-10-08T00:49:32Z</time></trkpt><trkpt lat="55.241249" lon="25.870687"><ele>0.010</ele><time>2023-10-08T00:50:12Z</time></trkpt><trkpt lat="55.241098" lon="25.870402"><ele>0.042</ele><time>2023-10-08T00:50:52Z</time></trkpt><trkpt lat="55.240984" lon="25.870238"><ele>0.047</ele><time>2023-10-08T00:51:32Z</time></trkpt><trkpt lat="55.240833" lon="25.87003"><ele>0.065</ele><time>2023-10-08T00:52:12Z</time></trkpt><trkpt lat="55.240726" lon="25.869932"><ele>0.078</ele><time>2023-10-08T00:52:52Z</time></trkpt><trkpt lat="55.240619" lon="25.869899"><ele>0.065</ele><time>2023-10-08T00:53:32Z</time></trkpt><trkpt lat="55.240437" lon="25.869801"><ele>0.023</ele><time>2023-10-08T00:54:12Z</time></trkpt><trkpt lat="55.240324" lon="25.869735"><ele>0.084</ele><time>2023-10-08T00:54:52Z</time></trkpt><trkpt lat="55.240198" lon="25.869615"><ele>0.007</ele><time>2023-10-08T00:55:32Z</time></trkpt><trkpt lat="55.239996" lon="25.869341"><ele>0.017</ele><time>2023-10-08T00:56:12Z</time></trkpt><trkpt lat="55.239852" lon="25.86921"><ele>0.009</ele><time>2023-10-08T00:56:52Z</time></trkpt><trkpt lat="55.2396" lon="25.868959"><ele>0.039</ele><time>2023-10-08T00:57:32Z</time></trkpt><trkpt lat="55.239336" lon="25.86874"><ele>0.072</ele><time>2023-10-08T00:58:12Z</time></trkpt><trkpt lat="55.23909" lon="25.868423"><ele>0.087</ele><time>2023-10-08T00:58:52Z</time></trkpt><trkpt lat="55.23882" lon="25.868138"><ele>0.039</ele><time>2023-10-08T00:59:32Z</time></trkpt><trkpt lat="55.238423" lon="25.867712"><ele>159.654</ele><time>2023-10-08T01:00:12Z</time></trkpt><trkpt lat="55.238244" lon="25.867549"><ele>0.062</ele><time>2023-10-08T01:00:52Z</time></trkpt><trkpt lat="55.238055" lon="25.867451"><ele>0.045</ele><time>2023-10-08T01:01:32Z</time></trkpt><trkpt lat="55.237942" lon="25.867243"><ele>0.082</ele><time>2023-10-08T01:02:12Z</time></trkpt><trkpt lat="55.237762" lon="25.866551"><ele>164.160</ele><time>2023-10-08T01:02:52Z</time></trkpt><trkpt lat="55.237627" lon="25.866301"><ele>0.086</ele><time>2023-10-08T01:03:32Z</time></trkpt><trkpt lat="55.237507" lon="25.866038"><ele>0.060</ele><time>2023-10-08T01:04:12Z</time></trkpt><trkpt lat="55.237469" lon="25.865775"><ele>0.026</ele><time>2023-10-08T01:04:52Z</time></trkpt><trkpt lat="55.237463" lon="25.865512"><ele>0.009</ele><time>2023-10-08T01:05:32Z</time></trkpt><trkpt lat="55.237462" lon="25.865304"><ele>0.069</ele><time>2023-10-08T01:06:12Z</time></trkpt><trkpt lat="55.237443" lon="25.865106"><ele>0.082</ele><time>2023-10-08T01:06:52Z</time></trkpt><trkpt lat="55.237412" lon="25.864942"><ele>0.037</ele><time>2023-10-08T01:07:32Z</time></trkpt><trkpt lat="55.237361" lon="25.864789"><ele>0.039</ele><time>2023-10-08T01:08:12Z</time></trkpt><trkpt lat="55.237311" lon="25.864613"><ele>0.084</ele><time>2023-10-08T01:08:52Z</time></trkpt><trkpt lat="55.237267" lon="25.864449"><ele>0.092</ele><time>2023-10-08T01:09:32Z</time></trkpt><trkpt lat="55.237147" lon="25.864263"><ele>0.095</ele><time>2023-10-08T01:10:12Z</time></trkpt><trkpt lat="55.236999" lon="25.8639"><ele>164.072</ele><time>2023-10-08T01:10:52Z</time></trkpt><trkpt lat="55.237105" lon="25.862979"><ele>156.880</ele><time>2023-10-08T01:11:32Z</time></trkpt><trkpt lat="55.237328" lon="25.862728"><ele>0.018</ele><time>2023-10-08T01:12:12Z</time></trkpt><trkpt lat="55.237759" lon="25.862484"><ele>159.798</ele><time>2023-10-08T01:12:52Z</time></trkpt><trkpt lat="55.238622" lon="25.86119"><ele>0.017</ele><time>2023-10-08T01:13:32Z</time></trkpt><trkpt lat="55.238811" lon="25.861014"><ele>0.009</ele><time>2023-10-08T01:14:12Z</time></trkpt><trkpt lat="55.238943" lon="25.860882"><ele>0.042</ele><time>2023-10-08T01:14:52Z</time></trkpt><trkpt lat="55.239125" lon="25.860651"><ele>0.095</ele><time>2023-10-08T01:15:32Z</time></trkpt><trkpt lat="55.239222" lon="25.86031"><ele>159.670</ele><time>2023-10-08T01:16:12Z</time></trkpt><trkpt lat="55.239398" lon="25.859509"><ele>155.222</ele><time>2023-10-08T01:16:52Z</time></trkpt><trkpt lat="55.239545" lon="25.859155"><ele>0.037</ele><time>2023-10-08T01:17:32Z</time></trkpt><trkpt lat="55.240023" lon="25.858529"><ele>0.095</ele><time>2023-10-08T01:18:12Z</time></trkpt><trkpt lat="55.240283" lon="25.858202"><ele>159.618</ele><time>2023-10-08T01:18:52Z</time></trkpt><trkpt lat="55.240475" lon="25.858057"><ele>0.075</ele><time>2023-10-08T01:19:32Z</time></trkpt><trkpt lat="55.240695" lon="25.857684"><ele>0.053</ele><time>2023-10-08T01:20:12Z</time></trkpt><trkpt lat="55.240971" lon="25.857135"><ele>0.031</ele><time>2023-10-08T01:20:52Z</time></trkpt><trkpt lat="55.241159" lon="25.856729"><ele>0.061</ele><time>2023-10-08T01:21:32Z</time></trkpt><trkpt lat="55.241435" lon="25.855972"><ele>0.007</ele><time>2023-10-08T01:22:12Z</time></trkpt><trkpt lat="55.24163" lon="25.855752"><ele>0.009</ele><time>2023-10-08T01:22:52Z</time></trkpt><trkpt lat="55.241869" lon="25.855554"><ele>0.054</ele><time>2023-10-08T01:23:32Z</time></trkpt><trkpt lat="55.241951" lon="25.855477"><ele>0.057</ele><time>2023-10-08T01:24:12Z</time></trkpt><trkpt lat="55.242108" lon="25.855257"><ele>0.032</ele><time>2023-10-08T01:24:52Z</time></trkpt><trkpt lat="55.24234" lon="25.855081"><ele>0.064</ele><time>2023-10-08T01:25:32Z</time></trkpt><trkpt lat="55.242623" lon="25.854927"><ele>0.059</ele><time>2023-10-08T01:26:12Z</time></trkpt><trkpt lat="55.243957" lon="25.85466"><ele>0.077</ele><time>2023-10-08T01:26:52Z</time></trkpt><trkpt lat="55.24434" lon="25.854637"><ele>0.040</ele><time>2023-10-08T01:27:32Z</time></trkpt><trkpt lat="55.244686" lon="25.854691"><ele>0.067</ele><time>2023-10-08T01:28:12Z</time></trkpt><trkpt lat="55.244969" lon="25.854679"><ele>0.025</ele><time>2023-10-08T01:28:52Z</time></trkpt><trkpt lat="55.245139" lon="25.854668"><ele>0.017</ele><time>2023-10-08T01:29:32Z</time></trkpt><trkpt lat="55.245302" lon="25.854602"><ele>0.087</ele><time>2023-10-08T01:30:12Z</time></trkpt><trkpt lat="55.245484" lon="25.854349"><ele>0.015</ele><time>2023-10-08T01:30:52Z</time></trkpt><trkpt lat="55.245579" lon="25.854152"><ele>0.009</ele><time>2023-10-08T01:31:32Z</time></trkpt><trkpt lat="55.245648" lon="25.85402"><ele>0.062</ele><time>2023-10-08T01:32:12Z</time></trkpt><trkpt lat="55.245761" lon="25.853735"><ele>0.015</ele><time>2023-10-08T01:32:52Z</time></trkpt><trkpt lat="55.245917" lon="25.853597"><ele>0.020</ele><time>2023-10-08T01:33:32Z</time></trkpt><trkpt lat="55.246257" lon="25.853629"><ele>0.032</ele><time>2023-10-08T01:34:12Z</time></trkpt><trkpt lat="55.246596" lon="25.853716"><ele>0.047</ele><time>2023-10-08T01:34:52Z</time></trkpt><trkpt lat="55.246779" lon="25.853814"><ele>0.025</ele><time>2023-10-08T01:35:32Z</time></trkpt><trkpt lat="55.246923" lon="25.85388"><ele>0.038</ele><time>2023-10-08T01:36:12Z</time></trkpt><trkpt lat="55.247093" lon="25.853901"><ele>0.055</ele><time>2023-10-08T01:36:52Z</time></trkpt><trkpt lat="55.247326" lon="25.853758"><ele>0.083</ele><time>2023-10-08T01:37:32Z</time></trkpt><trkpt lat="55.247432" lon="25.853605"><ele>160.525</ele><time>2023-10-08T01:38:12Z</time></trkpt><trkpt lat="55.247696" lon="25.853187"><ele>0.026</ele><time>2023-10-08T01:38:52Z</time></trkpt><trkpt lat="55.247872" lon="25.853001"><ele>0.008</ele><time>2023-10-08T01:39:32Z</time></trkpt><trkpt lat="55.248092" lon="25.852836"><ele>162.909</ele><time>2023-10-08T01:40:12Z</time></trkpt><trkpt lat="55.248784" lon="25.852538"><ele>0.083</ele><time>2023-10-08T01:40:52Z</time></trkpt><trkpt lat="55.24906" lon="25.852395"><ele>0.026</ele><time>2023-10-08T01:41:32Z</time></trkpt><trkpt lat="55.249267" lon="25.852153"><ele>163.271</ele><time>2023-10-08T01:42:12Z</time></trkpt><trkpt lat="55.249675" lon="25.851023"><ele>0.043</ele><time>2023-10-08T01:42:52Z</time></trkpt><trkpt lat="55.24992" lon="25.850485"><ele>0.028</ele><time>2023-10-08T01:43:32Z</time></trkpt><trkpt lat="55.250165" lon="25.849958"><ele>0.056</ele><time>2023-10-08T01:44:12Z</time></trkpt><trkpt lat="55.250353" lon="25.849508"><ele>0.019</ele><time>2023-10-08T01:44:52Z</time></trkpt><trkpt lat="55.250535" lon="25.848861"><ele>0.046</ele><time>2023-10-08T01:45:32Z</time></trkpt><trkpt lat="55.250554" lon="25.848477"><ele>0.014</ele><time>2023-10-08T01:46:12Z</time></trkpt><trkpt lat="55.250541" lon="25.848181"><ele>0.061</ele><time>2023-10-08T01:46:52Z</time></trkpt><trkpt lat="55.250698" lon="25.847666"><ele>0.021</ele><time>2023-10-08T01:47:32Z</time></trkpt><trkpt lat="55.250977" lon="25.847098"><ele>165.313</ele><time>2023-10-08T01:48:12Z</time></trkpt><trkpt lat="55.251087" lon="25.846875"><ele>0.009</ele><time>2023-10-08T01:48:52Z</time></trkpt><trkpt lat="55.251124" lon="25.846393"><ele>0.097</ele><time>2023-10-08T01:49:32Z</time></trkpt><trkpt lat="55.251155" lon="25.845932"><ele>0.040</ele><time>2023-10-08T01:50:12Z</time></trkpt><trkpt lat="55.251218" lon="25.845516"><ele>0.065</ele><time>2023-10-08T01:50:52Z</time></trkpt><trkpt lat="55.251287" lon="25.844934"><ele>0.027</ele><time>2023-10-08T01:51:32Z</time></trkpt><trkpt lat="55.251324" lon="25.844386"><ele>166.292</ele><time>2023-10-08T01:52:12Z</time></trkpt><trkpt lat="55.251338" lon="25.843895"><ele>0.010</ele><time>2023-10-08T01:52:52Z</time></trkpt><trkpt lat="55.251325" lon="25.843335"><ele>0.063</ele><time>2023-10-08T01:53:32Z</time></trkpt><trkpt lat="55.251275" lon="25.842875"><ele>0.040</ele><time>2023-10-08T01:54:12Z</time></trkpt><trkpt lat="55.251211" lon="25.84225"><ele>0.038</ele><time>2023-10-08T01:54:52Z</time></trkpt><trkpt lat="55.251167" lon="25.841735"><ele>0.064</ele><time>2023-10-08T01:55:32Z</time></trkpt><trkpt lat="55.251122" lon="25.841385"><ele>0.006</ele><time>2023-10-08T01:56:12Z</time></trkpt><trkpt lat="55.251059" lon="25.841045"><ele>0.016</ele><time>2023-10-08T01:56:52Z</time></trkpt><trkpt lat="55.251002" lon="25.840749"><ele>0.009</ele><time>2023-10-08T01:57:32Z</time></trkpt><trkpt lat="55.250782" lon="25.840179"><ele>151.597</ele><time>2023-10-08T01:58:12Z</time></trkpt><trkpt lat="55.250662" lon="25.839763"><ele>0.090</ele><time>2023-10-08T01:58:52Z</time></trkpt><trkpt lat="55.250162" lon="25.838729"><ele>156.055</ele><time>2023-10-08T01:59:32Z</time></trkpt><trkpt lat="55.250095" lon="25.838482"><ele>0.027</ele><time>2023-10-08T02:00:12Z</time></trkpt><trkpt lat="55.250057" lon="25.838109"><ele>0.092</ele><time>2023-10-08T02:00:52Z</time></trkpt><trkpt lat="55.250033" lon="25.837485"><ele>160.190</ele><time>2023-10-08T02:01:32Z</time></trkpt><trkpt lat="55.250119" lon="25.836366"><ele>0.023</ele><time>2023-10-08T02:02:12Z</time></trkpt><trkpt lat="55.250168" lon="25.835664"><ele>0.020</ele><time>2023-10-08T02:02:52Z</time></trkpt><trkpt lat="55.250181" lon="25.835554"><ele>0.048</ele><time>2023-10-08T02:03:32Z</time></trkpt><trkpt lat="55.250212" lon="25.835236"><ele>0.018</ele><time>2023-10-08T02:04:12Z</time></trkpt><trkpt lat="55.250224" lon="25.834853"><ele>155.798</ele><time>2023-10-08T02:04:52Z</time></trkpt><trkpt lat="55.250205" lon="25.83448"><ele>0.017</ele><time>2023-10-08T02:05:32Z</time></trkpt><trkpt lat="55.250192" lon="25.834118"><ele>0.009</ele><time>2023-10-08T02:06:12Z</time></trkpt><trkpt lat="55.250098" lon="25.833614"><ele>0.062</ele><time>2023-10-08T02:06:52Z</time></trkpt><trkpt lat="55.249896" lon="25.832825"><ele>0.065</ele><time>2023-10-08T02:07:32Z</time></trkpt><trkpt lat="55.249814" lon="25.832376"><ele>0.060</ele><time>2023-10-08T02:08:12Z</time></trkpt><trkpt lat="55.249725" lon="25.832069"><ele>0.082</ele><time>2023-10-08T02:08:52Z</time></trkpt><trkpt lat="55.249656" lon="25.83174"><ele>0.027</ele><time>2023-10-08T02:09:32Z</time></trkpt><trkpt lat="55.249549" lon="25.831379"><ele>0.015</ele><time>2023-10-08T02:10:12Z</time></trkpt><trkpt lat="55.249467" lon="25.831182"><ele>0.088</ele><time>2023-10-08T02:10:52Z</time></trkpt><trkpt lat="55.249404" lon="25.831029"><ele>0.095</ele><time>2023-10-08T02:11:32Z</time></trkpt><trkpt lat="55.249366" lon="25.830941"><ele>0.083</ele><time>2023-10-08T02:12:12Z</time></trkpt><trkpt lat="55.249334" lon="25.830678"><ele>0.067</ele><time>2023-10-08T02:12:52Z</time></trkpt><trkpt lat="55.249322" lon="25.830305"><ele>165.181</ele><time>2023-10-08T02:13:32Z</time></trkpt><trkpt lat="55.24929" lon="25.830064"><ele>0.019</ele><time>2023-10-08T02:14:12Z</time></trkpt><trkpt lat="55.249176" lon="25.829746"><ele>0.009</ele><time>2023-10-08T02:14:52Z</time></trkpt><trkpt lat="55.249082" lon="25.829648"><ele>0.047</ele><time>2023-10-08T02:15:32Z</time></trkpt><trkpt lat="55.248761" lon="25.829561"><ele>0.030</ele><time>2023-10-08T02:16:12Z</time></trkpt><trkpt lat="55.248472" lon="25.829485"><ele>0.025</ele><time>2023-10-08T02:16:52Z</time></trkpt><trkpt lat="55.248227" lon="25.829464"><ele>0.017</ele><time>2023-10-08T02:17:32Z</time></trkpt><trkpt lat="55.24808" lon="25.829374"><ele>162.152</ele><time>2023-10-08T02:18:12Z</time></trkpt><trkpt lat="55.247925" lon="25.829344"><ele>0.060</ele><time>2023-10-08T02:18:52Z</time></trkpt><trkpt lat="55.24773" lon="25.829081"><ele>0.053</ele><time>2023-10-08T02:19:32Z</time></trkpt><trkpt lat="55.247635" lon="25.828917"><ele>0.050</ele><time>2023-10-08T02:20:12Z</time></trkpt><trkpt lat="55.247541" lon="25.828577"><ele>0.088</ele><time>2023-10-08T02:20:52Z</time></trkpt><trkpt lat="55.247503" lon="25.828325"><ele>0.055</ele><time>2023-10-08T02:21:32Z</time></trkpt><trkpt lat="55.247383" lon="25.82804"><ele>0.007</ele><time>2023-10-08T02:22:12Z</time></trkpt><trkpt lat="55.247207" lon="25.827811"><ele>0.017</ele><time>2023-10-08T02:22:52Z</time></trkpt><trkpt lat="55.247075" lon="25.827657"><ele>0.009</ele><time>2023-10-08T02:23:32Z</time></trkpt><trkpt lat="55.246898" lon="25.827417"><ele>0.046</ele><time>2023-10-08T02:24:12Z</time></trkpt><trkpt lat="55.246804" lon="25.827285"><ele>0.089</ele><time>2023-10-08T02:24:52Z</time></trkpt><trkpt lat="55.246697" lon="25.827088"><ele>0.054</ele><time>2023-10-08T02:25:32Z</time></trkpt><trkpt lat="55.246508" lon="25.826694"><ele>0.056</ele><time>2023-10-08T02:26:12Z</time></trkpt><trkpt lat="55.246382" lon="25.826365"><ele>0.051</ele><time>2023-10-08T02:26:52Z</time></trkpt><trkpt lat="55.246313" lon="25.826168"><ele>0.069</ele><time>2023-10-08T02:27:32Z</time></trkpt><trkpt lat="55.246224" lon="25.82573"><ele>0.082</ele><time>2023-10-08T02:28:12Z</time></trkpt><trkpt lat="55.246186" lon="25.825412"><ele>0.059</ele><time>2023-10-08T02:28:52Z</time></trkpt><trkpt lat="55.246079" lon="25.824963"><ele>0.067</ele><time>2023-10-08T02:29:32Z</time></trkpt><trkpt lat="55.245909" lon="25.824591"><ele>175.595</ele><time>2023-10-08T02:30:12Z</time></trkpt><trkpt lat="55.245734" lon="25.824109"><ele>0.049</ele><time>2023-10-08T02:30:52Z</time></trkpt><trkpt lat="55.245488" lon="25.823836"><ele>0.023</ele><time>2023-10-08T02:31:32Z</time></trkpt><trkpt lat="55.245086" lon="25.823497"><ele>0.009</ele><time>2023-10-08T02:32:12Z</time></trkpt><trkpt lat="55.24467" lon="25.823082"><ele>0.030</ele><time>2023-10-08T02:32:52Z</time></trkpt><trkpt lat="55.244454" lon="25.82298"><ele>173.013</ele><time>2023-10-08T02:33:32Z</time></trkpt><trkpt lat="55.24428" lon="25.822808"><ele>0.078</ele><time>2023-10-08T02:34:12Z</time></trkpt><trkpt lat="55.244123" lon="25.8226"><ele>0.090</ele><time>2023-10-08T02:34:52Z</time></trkpt><trkpt lat="55.243934" lon="25.822173"><ele>0.075</ele><time>2023-10-08T02:35:32Z</time></trkpt><trkpt lat="55.243833" lon="25.821647"><ele>171.043</ele><time>2023-10-08T02:36:12Z</time></trkpt><trkpt lat="55.243706" lon="25.820168"><ele>0.076</ele><time>2023-10-08T02:36:52Z</time></trkpt><trkpt lat="55.24368" lon="25.819839"><ele>0.093</ele><time>2023-10-08T02:37:32Z</time></trkpt><trkpt lat="55.243687" lon="25.819718"><ele>0.081</ele><time>2023-10-08T02:38:12Z</time></trkpt><trkpt lat="55.243668" lon="25.819521"><ele>0.064</ele><time>2023-10-08T02:38:52Z</time></trkpt><trkpt lat="55.243553" lon="25.819117"><ele>166.406</ele><time>2023-10-08T02:39:32Z</time></trkpt><trkpt lat="55.243308" lon="25.818436"><ele>0.016</ele><time>2023-10-08T02:40:12Z</time></trkpt><trkpt lat="55.243208" lon="25.818305"><ele>0.009</ele><time>2023-10-08T02:40:52Z</time></trkpt><trkpt lat="55.243075" lon="25.8179"><ele>0.017</ele><time>2023-10-08T02:41:32Z</time></trkpt><trkpt lat="55.242955" lon="25.817418"><ele>0.090</ele><time>2023-10-08T02:42:12Z</time></trkpt><trkpt lat="55.242735" lon="25.816793"><ele>0.015</ele><time>2023-10-08T02:42:52Z</time></trkpt><trkpt lat="55.242694" lon="25.816499"><ele>161.587</ele><time>2023-10-08T02:43:32Z</time></trkpt><trkpt lat="55.242155" lon="25.814997"><ele>0.032</ele><time>2023-10-08T02:44:12Z</time></trkpt><trkpt lat="55.241972" lon="25.814548"><ele>0.030</ele><time>2023-10-08T02:44:52Z</time></trkpt><trkpt lat="55.241764" lon="25.814099"><ele>0.093</ele><time>2023-10-08T02:45:32Z</time></trkpt><trkpt lat="55.24155" lon="25.813584"><ele>0.030</ele><time>2023-10-08T02:46:12Z</time></trkpt><trkpt lat="55.241418" lon="25.813179"><ele>0.088</ele><time>2023-10-08T02:46:52Z</time></trkpt><trkpt lat="55.241336" lon="25.812905"><ele>0.052</ele><time>2023-10-08T02:47:32Z</time></trkpt><trkpt lat="55.241273" lon="25.812554"><ele>0.053</ele><time>2023-10-08T02:48:12Z</time></trkpt><trkpt lat="55.24121" lon="25.812379"><ele>159.708</ele><time>2023-10-08T02:48:52Z</time></trkpt><trkpt lat="55.24042" lon="25.813753"><ele>147.209</ele><time>2023-10-08T02:49:32Z</time></trkpt><trkpt lat="55.240254" lon="25.814059"><ele>0.046</ele><time>2023-10-08T02:50:12Z</time></trkpt><trkpt lat="55.23999" lon="25.814355"><ele>0.089</ele><time>2023-10-08T02:50:52Z</time></trkpt><trkpt lat="55.239476" lon="25.81474"><ele>152.024</ele><time>2023-10-08T02:51:32Z</time></trkpt><trkpt lat="55.23898" lon="25.81498"><ele>0.036</ele><time>2023-10-08T02:52:12Z</time></trkpt><trkpt lat="55.238553" lon="25.815168"><ele>0.091</ele><time>2023-10-08T02:52:52Z</time></trkpt><trkpt lat="55.238201" lon="25.815344"><ele>0.099</ele><time>2023-10-08T02:53:32Z</time></trkpt><trkpt lat="55.237824" lon="25.815465"><ele>0.032</ele><time>2023-10-08T02:54:12Z</time></trkpt><trkpt lat="55.237188" lon="25.815566"><ele>0.079</ele><time>2023-10-08T02:54:52Z</time></trkpt><trkpt lat="55.236818" lon="25.815621"><ele>0.037</ele><time>2023-10-08T02:55:32Z</time></trkpt><trkpt lat="55.236491" lon="25.81571"><ele>0.018</ele><time>2023-10-08T02:56:12Z</time></trkpt><trkpt lat="55.235249" lon="25.816113"><ele>157.298</ele><time>2023-10-08T02:56:52Z</time></trkpt><trkpt lat="55.234827" lon="25.815639"><ele>0.017</ele><time>2023-10-08T02:57:32Z</time></trkpt><trkpt lat="55.234519" lon="25.815321"><ele>0.009</ele><time>2023-10-08T02:58:12Z</time></trkpt><trkpt lat="55.23423" lon="25.815147"><ele>0.022</ele><time>2023-10-08T02:58:52Z</time></trkpt><trkpt lat="55.23395" lon="25.815045"><ele>161.535</ele><time>2023-10-08T02:59:32Z</time></trkpt><trkpt lat="55.233535" lon="25.815035"><ele>0.020</ele><time>2023-10-08T03:00:12Z</time></trkpt><trkpt lat="55.231021" lon="25.815555"><ele>162.072</ele><time>2023-10-08T03:00:52Z</time></trkpt><trkpt lat="55.228704" lon="25.815555"><ele>154.387</ele><time>2023-10-08T03:01:32Z</time></trkpt><trkpt lat="55.227459" lon="25.814954"><ele>149.185</ele><time>2023-10-08T03:02:12Z</time></trkpt><trkpt lat="55.226472" lon="25.814268"><ele>160.368</ele><time>2023-10-08T03:02:52Z</time></trkpt><trkpt lat="55.224412" lon="25.813367"><ele>163.025</ele><time>2023-10-08T03:03:32Z</time></trkpt><trkpt lat="55.223447" lon="25.811907"><ele>165.483</ele><time>2023-10-08T03:04:12Z</time></trkpt><trkpt lat="55.223167" lon="25.811452"><ele>0.016</ele><time>2023-10-08T03:04:52Z</time></trkpt><trkpt lat="55.222059" lon="25.80878"><ele>0.076</ele><time>2023-10-08T03:05:32Z</time></trkpt><trkpt lat="55.221384" lon="25.807181"><ele>0.013</ele><time>2023-10-08T03:06:12Z</time></trkpt><trkpt lat="55.220748" lon="25.805604"><ele>0.009</ele><time>2023-10-08T03:06:52Z</time></trkpt><trkpt lat="55.220421" lon="25.804947"><ele>0.022</ele><time>2023-10-08T03:07:32Z</time></trkpt><trkpt lat="55.220185" lon="25.804419"><ele>149.925</ele><time>2023-10-08T03:08:12Z</time></trkpt><trkpt lat="55.219305" lon="25.804011"><ele>147.460</ele><time>2023-10-08T03:08:52Z</time></trkpt><trkpt lat="55.219297" lon="25.803722"><ele>0.092</ele><time>2023-10-08T03:09:32Z</time></trkpt><trkpt lat="55.219435" lon="25.803415"><ele>0.057</ele><time>2023-10-08T03:10:12Z</time></trkpt><trkpt lat="55.219554" lon="25.803119"><ele>0.015</ele><time>2023-10-08T03:10:52Z</time></trkpt><trkpt lat="55.219585" lon="25.802845"><ele>0.018</ele><time>2023-10-08T03:11:32Z</time></trkpt><trkpt lat="55.219584" lon="25.802681"><ele>148.085</ele><time>2023-10-08T03:12:12Z</time></trkpt><trkpt lat="55.219263" lon="25.801865"><ele>148.363</ele><time>2023-10-08T03:12:52Z</time></trkpt><trkpt lat="55.219176" lon="25.801661"><ele>0.044</ele><time>2023-10-08T03:13:32Z</time></trkpt><trkpt lat="55.218812" lon="25.801522"><ele>148.505</ele><time>2023-10-08T03:14:12Z</time></trkpt><trkpt lat="55.21842" lon="25.800786"><ele>0.015</ele><time>2023-10-08T03:14:52Z</time></trkpt><trkpt lat="55.218156" lon="25.800315"><ele>0.009</ele><time>2023-10-08T03:15:32Z</time></trkpt><trkpt lat="55.217835" lon="25.799823"><ele>0.055</ele><time>2023-10-08T03:16:12Z</time></trkpt><trkpt lat="55.217524" lon="25.799591"><ele>157.548</ele><time>2023-10-08T03:16:52Z</time></trkpt><trkpt lat="55.217435" lon="25.799371"><ele>0.043</ele><time>2023-10-08T03:17:32Z</time></trkpt><trkpt lat="55.216931" lon="25.798769"><ele>0.025</ele><time>2023-10-08T03:18:12Z</time></trkpt><trkpt lat="55.216283" lon="25.798124"><ele>0.020</ele><time>2023-10-08T03:18:52Z</time></trkpt><trkpt lat="55.215553" lon="25.797533"><ele>0.078</ele><time>2023-10-08T03:19:32Z</time></trkpt><trkpt lat="55.21537" lon="25.797391"><ele>0.061</ele><time>2023-10-08T03:20:12Z</time></trkpt><trkpt lat="55.214087" lon="25.796156"><ele>0.018</ele><time>2023-10-08T03:20:52Z</time></trkpt><trkpt lat="55.213829" lon="25.795981"><ele>0.016</ele><time>2023-10-08T03:21:32Z</time></trkpt><trkpt lat="55.213665" lon="25.795872"><ele>0.092</ele><time>2023-10-08T03:22:12Z</time></trkpt><trkpt lat="55.213508" lon="25.795773"><ele>0.073</ele><time>2023-10-08T03:22:52Z</time></trkpt><trkpt lat="55.213379" lon="25.795481"><ele>0.020</ele><time>2023-10-08T03:23:32Z</time></trkpt><trkpt lat="55.212911" lon="25.794956"><ele>157.209</ele><time>2023-10-08T03:24:12Z</time></trkpt><trkpt lat="55.21224" lon="25.794541"><ele>0.060</ele><time>2023-10-08T03:24:52Z</time></trkpt><trkpt lat="55.211747" lon="25.794114"><ele>159.893</ele><time>2023-10-08T03:25:32Z</time></trkpt><trkpt lat="55.211547" lon="25.793709"><ele>0.098</ele><time>2023-10-08T03:26:12Z</time></trkpt><trkpt lat="55.211431" lon="25.793239"><ele>161.810</ele><time>2023-10-08T03:26:52Z</time></trkpt><trkpt lat="55.211389" lon="25.792109"><ele>0.085</ele><time>2023-10-08T03:27:32Z</time></trkpt><trkpt lat="55.211451" lon="25.791649"><ele>0.083</ele><time>2023-10-08T03:28:12Z</time></trkpt><trkpt lat="55.211401" lon="25.791331"><ele>0.036</ele><time>2023-10-08T03:28:52Z</time></trkpt><trkpt lat="55.211338" lon="25.791188"><ele>163.633</ele><time>2023-10-08T03:29:32Z</time></trkpt><trkpt lat="55.211155" lon="25.790783"><ele>0.011</ele><time>2023-10-08T03:30:12Z</time></trkpt><trkpt lat="55.210922" lon="25.790411"><ele>0.079</ele><time>2023-10-08T03:30:52Z</time></trkpt><trkpt lat="55.210765" lon="25.790181"><ele>0.005</ele><time>2023-10-08T03:31:32Z</time></trkpt><trkpt lat="55.21025" lon="25.789506"><ele>156.225</ele><time>2023-10-08T03:32:12Z</time></trkpt><trkpt lat="55.21011" lon="25.789262"><ele>0.009</ele><time>2023-10-08T03:32:52Z</time></trkpt><trkpt lat="55.209845" lon="25.788418"><ele>0.038</ele><time>2023-10-08T03:33:32Z</time></trkpt><trkpt lat="55.209669" lon="25.787739"><ele>0.051</ele><time>2023-10-08T03:34:12Z</time></trkpt><trkpt lat="55.209423" lon="25.787169"><ele>0.026</ele><time>2023-10-08T03:34:52Z</time></trkpt><trkpt lat="55.209222" lon="25.786699"><ele>0.028</ele><time>2023-10-08T03:35:32Z</time></trkpt><trkpt lat="55.209095" lon="25.786227"><ele>0.023</ele><time>2023-10-08T03:36:12Z</time></trkpt><trkpt lat="55.208969" lon="25.785756"><ele>0.071</ele><time>2023-10-08T03:36:52Z</time></trkpt><trkpt lat="55.208843" lon="25.78523"><ele>0.044</ele><time>2023-10-08T03:37:32Z</time></trkpt><trkpt lat="55.208805" lon="25.784891"><ele>0.061</ele><time>2023-10-08T03:38:12Z</time></trkpt><trkpt lat="55.208705" lon="25.784957"><ele>165.419</ele><time>2023-10-08T03:38:52Z</time></trkpt><trkpt lat="55.207461" lon="25.785343"><ele>163.943</ele><time>2023-10-08T03:39:32Z</time></trkpt><trkpt lat="55.206871" lon="25.784992"><ele>0.064</ele><time>2023-10-08T03:40:12Z</time></trkpt><trkpt lat="55.206569" lon="25.784949"><ele>0.010</ele><time>2023-10-08T03:40:52Z</time></trkpt><trkpt lat="55.206242" lon="25.784719"><ele>0.009</ele><time>2023-10-08T03:41:32Z</time></trkpt><trkpt lat="55.206002" lon="25.784527"><ele>156.315</ele><time>2023-10-08T03:42:12Z</time></trkpt><trkpt lat="55.20549" lon="25.783949"><ele>0.068</ele><time>2023-10-08T03:42:52Z</time></trkpt><trkpt lat="55.205188" lon="25.783588"><ele>0.083</ele><time>2023-10-08T03:43:32Z</time></trkpt><trkpt lat="55.204917" lon="25.783238"><ele>0.025</ele><time>2023-10-08T03:44:12Z</time></trkpt><trkpt lat="55.204804" lon="25.783096"><ele>0.080</ele><time>2023-10-08T03:44:52Z</time></trkpt><trkpt lat="55.204274" lon="25.782907"><ele>161.648</ele><time>2023-10-08T03:45:32Z</time></trkpt><trkpt lat="55.203962" lon="25.782762"><ele>0.071</ele><time>2023-10-08T03:46:12Z</time></trkpt><trkpt lat="55.203641" lon="25.782621"><ele>0.068</ele><time>2023-10-08T03:46:52Z</time></trkpt><trkpt lat="55.203428" lon="25.782577"><ele>0.056</ele><time>2023-10-08T03:47:32Z</time></trkpt><trkpt lat="55.203148" lon="25.782682"><ele>159.427</ele><time>2023-10-08T03:48:12Z</time></trkpt><trkpt lat="55.202676" lon="25.782425"><ele>155.368</ele><time>2023-10-08T03:48:52Z</time></trkpt><trkpt lat="55.202277" lon="25.782383"><ele>0.014</ele><time>2023-10-08T03:49:32Z</time></trkpt><trkpt lat="55.20171" lon="25.782553"><ele>157.809</ele><time>2023-10-08T03:50:12Z</time></trkpt><trkpt lat="55.200787" lon="25.782982"><ele>154.833</ele><time>2023-10-08T03:50:52Z</time></trkpt><trkpt lat="55.200635" lon="25.783922"><ele>156.366</ele><time>2023-10-08T03:51:32Z</time></trkpt><trkpt lat="55.200655" lon="25.784766"><ele>0.051</ele><time>2023-10-08T03:52:12Z</time></trkpt><trkpt lat="55.200668" lon="25.785095"><ele>0.083</ele><time>2023-10-08T03:52:52Z</time></trkpt><trkpt lat="55.200655" lon="25.785511"><ele>156.638</ele><time>2023-10-08T03:53:32Z</time></trkpt><trkpt lat="55.200467" lon="25.785961"><ele>0.016</ele><time>2023-10-08T03:54:12Z</time></trkpt><trkpt lat="55.20036" lon="25.786203"><ele>0.039</ele><time>2023-10-08T03:54:52Z</time></trkpt><trkpt lat="55.200254" lon="25.786477"><ele>0.096</ele><time>2023-10-08T03:55:32Z</time></trkpt><trkpt lat="55.200197" lon="25.786686"><ele>0.024</ele><time>2023-10-08T03:56:12Z</time></trkpt><trkpt lat="55.199984" lon="25.786993"><ele>0.018</ele><time>2023-10-08T03:56:52Z</time></trkpt><trkpt lat="55.199701" lon="25.787312"><ele>161.198</ele><time>2023-10-08T03:57:32Z</time></trkpt><trkpt lat="55.199487" lon="25.787553"><ele>0.017</ele><time>2023-10-08T03:58:12Z</time></trkpt><trkpt lat="55.199073" lon="25.787785"><ele>0.009</ele><time>2023-10-08T03:58:52Z</time></trkpt><trkpt lat="55.198381" lon="25.788126"><ele>154.642</ele><time>2023-10-08T03:59:32Z</time></trkpt><trkpt lat="55.197783" lon="25.788862"><ele>159.135</ele><time>2023-10-08T04:00:12Z</time></trkpt><trkpt lat="55.197603" lon="25.789542"><ele>0.030</ele><time>2023-10-08T04:00:52Z</time></trkpt><trkpt lat="55.197528" lon="25.790255"><ele>0.072</ele><time>2023-10-08T04:01:32Z</time></trkpt><trkpt lat="55.197503" lon="25.790726"><ele>0.037</ele><time>2023-10-08T04:02:12Z</time></trkpt><trkpt lat="55.197396" lon="25.791286"><ele>0.075</ele><time>2023-10-08T04:02:52Z</time></trkpt><trkpt lat="55.197365" lon="25.791735"><ele>0.098</ele><time>2023-10-08T04:03:32Z</time></trkpt><trkpt lat="55.197296" lon="25.791977"><ele>0.095</ele><time>2023-10-08T04:04:12Z</time></trkpt><trkpt lat="55.197202" lon="25.792251"><ele>154.253</ele><time>2023-10-08T04:04:52Z</time></trkpt><trkpt lat="55.196978" lon="25.792617"><ele>0.035</ele><time>2023-10-08T04:05:32Z</time></trkpt><trkpt lat="55.196739" lon="25.792913"><ele>0.086</ele><time>2023-10-08T04:06:12Z</time></trkpt><trkpt lat="55.196346" lon="25.793153"><ele>151.714</ele><time>2023-10-08T04:06:52Z</time></trkpt><trkpt lat="55.19572" lon="25.793086"><ele>0.009</ele><time>2023-10-08T04:07:32Z</time></trkpt><trkpt lat="55.195588" lon="25.79302"><ele>0.014</ele><time>2023-10-08T04:08:12Z</time></trkpt><trkpt lat="55.195443" lon="25.792922"><ele>0.057</ele><time>2023-10-08T04:08:52Z</time></trkpt><trkpt lat="55.195242" lon="25.792944"><ele>0.042</ele><time>2023-10-08T04:09:32Z</time></trkpt><trkpt lat="55.19494" lon="25.792989"><ele>0.074</ele><time>2023-10-08T04:10:12Z</time></trkpt><trkpt lat="55.19472" lon="25.792967"><ele>0.069</ele><time>2023-10-08T04:10:52Z</time></trkpt><trkpt lat="55.194613" lon="25.792924"><ele>0.027</ele><time>2023-10-08T04:11:32Z</time></trkpt><trkpt lat="55.194525" lon="25.792803"><ele>160.780</ele><time>2023-10-08T04:12:12Z</time></trkpt><trkpt lat="55.194071" lon="25.792103"><ele>159.087</ele><time>2023-10-08T04:12:52Z</time></trkpt><trkpt lat="55.193807" lon="25.791917"><ele>0.085</ele><time>2023-10-08T04:13:32Z</time></trkpt><trkpt lat="55.193386" lon="25.791918"><ele>0.093</ele><time>2023-10-08T04:14:12Z</time></trkpt><trkpt lat="55.192939" lon="25.79193"><ele>0.065</ele><time>2023-10-08T04:14:52Z</time></trkpt><trkpt lat="55.192455" lon="25.791888"><ele>0.021</ele><time>2023-10-08T04:15:32Z</time></trkpt><trkpt lat="55.192229" lon="25.791888"><ele>0.009</ele><time>2023-10-08T04:16:12Z</time></trkpt><trkpt lat="55.191883" lon="25.791823"><ele>158.060</ele><time>2023-10-08T04:16:52Z</time></trkpt><trkpt lat="55.191543" lon="25.791572"><ele>0.083</ele><time>2023-10-08T04:17:32Z</time></trkpt><trkpt lat="55.191342" lon="25.791419"><ele>0.098</ele><time>2023-10-08T04:18:12Z</time></trkpt><trkpt lat="55.191203" lon="25.791288"><ele>0.010</ele><time>2023-10-08T04:18:52Z</time></trkpt><trkpt lat="55.191046" lon="25.791156"><ele>0.045</ele><time>2023-10-08T04:19:32Z</time></trkpt><trkpt lat="55.190745" lon="25.79075"><ele>157.473</ele><time>2023-10-08T04:20:12Z</time></trkpt><trkpt lat="55.190564" lon="25.79065"><ele>0.026</ele><time>2023-10-08T04:20:52Z</time></trkpt><trkpt lat="55.190243" lon="25.790661"><ele>0.073</ele><time>2023-10-08T04:21:32Z</time></trkpt><trkpt lat="55.189564" lon="25.790762"><ele>0.051</ele><time>2023-10-08T04:22:12Z</time></trkpt><trkpt lat="55.18875" lon="25.790836"><ele>156.018</ele><time>2023-10-08T04:22:52Z</time></trkpt><trkpt lat="55.188464" lon="25.790808"><ele>0.098</ele><time>2023-10-08T04:23:32Z</time></trkpt><trkpt lat="55.188137" lon="25.790579"><ele>0.017</ele><time>2023-10-08T04:24:12Z</time></trkpt><trkpt lat="55.187847" lon="25.790371"><ele>0.009</ele><time>2023-10-08T04:24:52Z</time></trkpt><trkpt lat="55.187591" lon="25.790021"><ele>158.382</ele><time>2023-10-08T04:25:32Z</time></trkpt><trkpt lat="55.187183" lon="25.794441"><ele>160.875</ele><time>2023-10-08T04:26:12Z</time></trkpt><trkpt lat="55.179652" lon="25.79311"><ele>162.220</ele><time>2023-10-08T04:26:52Z</time></trkpt><trkpt lat="55.179741" lon="25.792016"><ele>0.082</ele><time>2023-10-08T04:27:32Z</time></trkpt><trkpt lat="55.179913" lon="25.787016"><ele>0.037</ele><time>2023-10-08T04:28:12Z</time></trkpt><trkpt lat="55.179993" lon="25.784604"><ele>0.025</ele><time>2023-10-08T04:28:52Z</time></trkpt><trkpt lat="55.179995" lon="25.784055"><ele>156.078</ele><time>2023-10-08T04:29:32Z</time></trkpt><trkpt lat="55.17998" lon="25.783662"><ele>0.075</ele><time>2023-10-08T04:30:12Z</time></trkpt><trkpt lat="55.179891" lon="25.783146"><ele>0.073</ele><time>2023-10-08T04:30:52Z</time></trkpt><trkpt lat="55.179671" lon="25.782522"><ele>0.026</ele><time>2023-10-08T04:31:32Z</time></trkpt><trkpt lat="55.179406" lon="25.781766"><ele>0.047</ele><time>2023-10-08T04:32:12Z</time></trkpt><trkpt lat="55.178965" lon="25.780579"><ele>156.011</ele><time>2023-10-08T04:32:52Z</time></trkpt><trkpt lat="55.178789" lon="25.780079"><ele>0.009</ele><time>2023-10-08T04:33:32Z</time></trkpt><trkpt lat="55.178618" lon="25.779269"><ele>0.073</ele><time>2023-10-08T04:34:12Z</time></trkpt><trkpt lat="55.178498" lon="25.778973"><ele>0.016</ele><time>2023-10-08T04:34:52Z</time></trkpt><trkpt lat="55.178429" lon="25.778611"><ele>0.031</ele><time>2023-10-08T04:35:32Z</time></trkpt><trkpt lat="55.178378" lon="25.777997"><ele>0.023</ele><time>2023-10-08T04:36:12Z</time></trkpt><trkpt lat="55.1783" lon="25.777318"><ele>155.598</ele><time>2023-10-08T04:36:52Z</time></trkpt><trkpt lat="55.176905" lon="25.776459"><ele>161.136</ele><time>2023-10-08T04:37:32Z</time></trkpt><trkpt lat="55.176685" lon="25.776427"><ele>0.049</ele><time>2023-10-08T04:38:12Z</time></trkpt><trkpt lat="55.176478" lon="25.776559"><ele>0.096</ele><time>2023-10-08T04:38:52Z</time></trkpt><trkpt lat="55.176277" lon="25.776713"><ele>0.064</ele><time>2023-10-08T04:39:32Z</time></trkpt><trkpt lat="55.176019" lon="25.776889"><ele>0.091</ele><time>2023-10-08T04:40:12Z</time></trkpt><trkpt lat="55.176402" lon="25.776614"><ele>157.881</ele><time>2023-10-08T04:40:52Z</time></trkpt><trkpt lat="55.175566" lon="25.777208"><ele>159.019</ele><time>2023-10-08T04:41:32Z</time></trkpt><trkpt lat="55.175309" lon="25.777264"><ele>0.009</ele><time>2023-10-08T04:42:12Z</time></trkpt><trkpt lat="55.175026" lon="25.777243"><ele>0.030</ele><time>2023-10-08T04:42:52Z</time></trkpt><trkpt lat="55.174699" lon="25.777178"><ele>0.093</ele><time>2023-10-08T04:43:32Z</time></trkpt><trkpt lat="55.174391" lon="25.777102"><ele>0.078</ele><time>2023-10-08T04:44:12Z</time></trkpt><trkpt lat="55.174126" lon="25.777102"><ele>0.070</ele><time>2023-10-08T04:44:52Z</time></trkpt><trkpt lat="55.173655" lon="25.776994"><ele>0.065</ele><time>2023-10-08T04:45:32Z</time></trkpt><trkpt lat="55.172013" lon="25.776459"><ele>153.513</ele><time>2023-10-08T04:46:12Z</time></trkpt><trkpt lat="55.171202" lon="25.775214"><ele>0.056</ele><time>2023-10-08T04:46:52Z</time></trkpt><trkpt lat="55.170396" lon="25.773999"><ele>0.073</ele><time>2023-10-08T04:47:32Z</time></trkpt><trkpt lat="55.169996" lon="25.773498"><ele>163.051</ele><time>2023-10-08T04:48:12Z</time></trkpt><trkpt lat="55.168601" lon="25.771782"><ele>156.126</ele><time>2023-10-08T04:48:52Z</time></trkpt><trkpt lat="55.167571" lon="25.771224"><ele>159.747</ele><time>2023-10-08T04:49:32Z</time></trkpt><trkpt lat="55.16725" lon="25.771308"><ele>0.011</ele><time>2023-10-08T04:50:12Z</time></trkpt><trkpt lat="55.166515" lon="25.771661"><ele>0.009</ele><time>2023-10-08T04:50:52Z</time></trkpt><trkpt lat="55.16583" lon="25.772068"><ele>0.043</ele><time>2023-10-08T04:51:32Z</time></trkpt><trkpt lat="55.165572" lon="25.772184"><ele>165.026</ele><time>2023-10-08T04:52:12Z</time></trkpt><trkpt lat="55.164829" lon="25.771934"><ele>165.981</ele><time>2023-10-08T04:52:52Z</time></trkpt><trkpt lat="55.164559" lon="25.771836"><ele>0.063</ele><time>2023-10-08T04:53:32Z</time></trkpt><trkpt lat="55.164238" lon="25.771464"><ele>0.078</ele><time>2023-10-08T04:54:12Z</time></trkpt><trkpt lat="55.163473" lon="25.77058"><ele>167.056</ele><time>2023-10-08T04:54:52Z</time></trkpt><trkpt lat="55.162807" lon="25.770451"><ele>167.489</ele><time>2023-10-08T04:55:32Z</time></trkpt><trkpt lat="55.162056" lon="25.770537"><ele>166.656</ele><time>2023-10-08T04:56:12Z</time></trkpt><trkpt lat="55.160554" lon="25.76925"><ele>164.014</ele><time>2023-10-08T04:56:52Z</time></trkpt><trkpt lat="55.159529" lon="25.768906"><ele>163.959</ele><time>2023-10-08T04:57:32Z</time></trkpt><trkpt lat="55.158983" lon="25.768999"><ele>0.003</ele><time>2023-10-08T04:58:12Z</time></trkpt><trkpt lat="55.158568" lon="25.769165"><ele>0.023</ele><time>2023-10-08T04:58:52Z</time></trkpt><trkpt lat="55.158409" lon="25.76925"><ele>166.909</ele><time>2023-10-08T04:59:32Z</time></trkpt><trkpt lat="55.15637" lon="25.76955"><ele>165.586</ele><time>2023-10-08T05:00:12Z</time></trkpt><trkpt lat="55.15611" lon="25.769674"><ele>0.099</ele><time>2023-10-08T05:00:52Z</time></trkpt><trkpt lat="55.155771" lon="25.770004"><ele>0.064</ele><time>2023-10-08T05:01:32Z</time></trkpt><trkpt lat="55.155538" lon="25.770234"><ele>0.016</ele><time>2023-10-08T05:02:12Z</time></trkpt><trkpt lat="55.154868" lon="25.770623"><ele>167.491</ele><time>2023-10-08T05:02:52Z</time></trkpt><trkpt lat="55.154375" lon="25.770623"><ele>163.839</ele><time>2023-10-08T05:03:32Z</time></trkpt><trkpt lat="55.153624" lon="25.770151"><ele>156.662</ele><time>2023-10-08T05:04:12Z</time></trkpt><trkpt lat="55.152851" lon="25.769078"><ele>153.749</ele><time>2023-10-08T05:04:52Z</time></trkpt><trkpt lat="55.152438" lon="25.768348"><ele>0.027</ele><time>2023-10-08T05:05:32Z</time></trkpt><trkpt lat="55.152142" lon="25.767845"><ele>0.099</ele><time>2023-10-08T05:06:12Z</time></trkpt><trkpt lat="55.151991" lon="25.767593"><ele>0.007</ele><time>2023-10-08T05:06:52Z</time></trkpt><trkpt lat="55.1518" lon="25.766932"><ele>152.427</ele><time>2023-10-08T05:07:32Z</time></trkpt><trkpt lat="55.151456" lon="25.765516"><ele>148.009</ele><time>2023-10-08T05:08:12Z</time></trkpt><trkpt lat="55.151134" lon="25.765237"><ele>143.280</ele><time>2023-10-08T05:08:52Z</time></trkpt><trkpt lat="55.149589" lon="25.765087"><ele>140.543</ele><time>2023-10-08T05:09:32Z</time></trkpt><trkpt lat="55.148838" lon="25.764851"><ele>145.468</ele><time>2023-10-08T05:10:12Z</time></trkpt><trkpt lat="55.148493" lon="25.764434"><ele>0.090</ele><time>2023-10-08T05:10:52Z</time></trkpt><trkpt lat="55.148302" lon="25.764035"><ele>148.085</ele><time>2023-10-08T05:11:32Z</time></trkpt><trkpt lat="55.148087" lon="25.763971"><ele>150.833</ele><time>2023-10-08T05:12:12Z</time></trkpt><trkpt lat="55.147186" lon="25.764765"><ele>159.046</ele><time>2023-10-08T05:12:52Z</time></trkpt><trkpt lat="55.146607" lon="25.766503"><ele>157.483</ele><time>2023-10-08T05:13:32Z</time></trkpt><trkpt lat="55.145534" lon="25.768649"><ele>155.951</ele><time>2023-10-08T05:14:12Z</time></trkpt><trkpt lat="55.145407" lon="25.76921"><ele>0.076</ele><time>2023-10-08T05:14:52Z</time></trkpt><trkpt lat="55.145314" lon="25.770219"><ele>0.090</ele><time>2023-10-08T05:15:32Z</time></trkpt><trkpt lat="55.145289" lon="25.770789"><ele>0.019</ele><time>2023-10-08T05:16:12Z</time></trkpt><trkpt lat="55.145183" lon="25.771359"><ele>0.009</ele><time>2023-10-08T05:16:52Z</time></trkpt><trkpt lat="55.14512" lon="25.771721"><ele>0.088</ele><time>2023-10-08T05:17:32Z</time></trkpt><trkpt lat="55.145076" lon="25.771985"><ele>0.041</ele><time>2023-10-08T05:18:12Z</time></trkpt><trkpt lat="55.145045" lon="25.772336"><ele>0.046</ele><time>2023-10-08T05:18:52Z</time></trkpt><trkpt lat="55.145039" lon="25.772675"><ele>0.018</ele><time>2023-10-08T05:19:32Z</time></trkpt><trkpt lat="55.145033" lon="25.773004"><ele>0.093</ele><time>2023-10-08T05:20:12Z</time></trkpt><trkpt lat="55.145027" lon="25.773114"><ele>0.071</ele><time>2023-10-08T05:20:52Z</time></trkpt><trkpt lat="55.145015" lon="25.773355"><ele>0.024</ele><time>2023-10-08T05:21:32Z</time></trkpt><trkpt lat="55.144952" lon="25.77364"><ele>0.021</ele><time>2023-10-08T05:22:12Z</time></trkpt><trkpt lat="55.144783" lon="25.774314"><ele>148.959</ele><time>2023-10-08T05:22:52Z</time></trkpt><trkpt lat="55.144588" lon="25.774781"><ele>0.014</ele><time>2023-10-08T05:23:32Z</time></trkpt><trkpt lat="55.144092" lon="25.775462"><ele>0.054</ele><time>2023-10-08T05:24:12Z</time></trkpt><trkpt lat="55.143929" lon="25.775726"><ele>0.009</ele><time>2023-10-08T05:24:52Z</time></trkpt><trkpt lat="55.143753" lon="25.776095"><ele>158.009</ele><time>2023-10-08T05:25:32Z</time></trkpt><trkpt lat="55.143477" lon="25.776637"><ele>0.062</ele><time>2023-10-08T05:26:12Z</time></trkpt><trkpt lat="55.143251" lon="25.777262"><ele>0.065</ele><time>2023-10-08T05:26:52Z</time></trkpt><trkpt lat="55.143045" lon="25.778047"><ele>158.110</ele><time>2023-10-08T05:27:32Z</time></trkpt><trkpt lat="55.142723" lon="25.780107"><ele>149.482</ele><time>2023-10-08T05:28:12Z</time></trkpt><trkpt lat="55.14253" lon="25.780816"><ele>0.077</ele><time>2023-10-08T05:28:52Z</time></trkpt><trkpt lat="55.142185" lon="25.781727"><ele>0.035</ele><time>2023-10-08T05:29:32Z</time></trkpt><trkpt lat="55.141972" lon="25.782103"><ele>142.248</ele><time>2023-10-08T05:30:12Z</time></trkpt><trkpt lat="55.141819" lon="25.782397"><ele>0.035</ele><time>2023-10-08T05:30:52Z</time></trkpt><trkpt lat="55.141549" lon="25.78266"><ele>0.093</ele><time>2023-10-08T05:31:32Z</time></trkpt><trkpt lat="55.141135" lon="25.782961"><ele>157.416</ele><time>2023-10-08T05:32:12Z</time></trkpt><trkpt lat="55.140663" lon="25.783755"><ele>168.076</ele><time>2023-10-08T05:32:52Z</time></trkpt><trkpt lat="55.140491" lon="25.784356"><ele>168.613</ele><time>2023-10-08T05:33:32Z</time></trkpt><trkpt lat="55.13929" lon="25.78575"><ele>170.209</ele><time>2023-10-08T05:34:12Z</time></trkpt><trkpt lat="55.136608" lon="25.785429"><ele>169.562</ele><time>2023-10-08T05:34:52Z</time></trkpt><trkpt lat="55.135256" lon="25.785514"><ele>170.365</ele><time>2023-10-08T05:35:32Z</time></trkpt><trkpt lat="55.134805" lon="25.786716"><ele>171.040</ele><time>2023-10-08T05:36:12Z</time></trkpt><trkpt lat="55.134247" lon="25.787489"><ele>172.772</ele><time>2023-10-08T05:36:52Z</time></trkpt><trkpt lat="55.133904" lon="25.789205"><ele>172.927</ele><time>2023-10-08T05:37:32Z</time></trkpt><trkpt lat="55.133496" lon="25.790214"><ele>171.685</ele><time>2023-10-08T05:38:12Z</time></trkpt><trkpt lat="55.133599" lon="25.792085"><ele>0.068</ele><time>2023-10-08T05:38:52Z</time></trkpt><trkpt lat="55.133637" lon="25.792786"><ele>0.025</ele><time>2023-10-08T05:39:32Z</time></trkpt><trkpt lat="55.133604" lon="25.793347"><ele>172.053</ele><time>2023-10-08T05:40:12Z</time></trkpt><trkpt lat="55.133764" lon="25.79408"><ele>0.033</ele><time>2023-10-08T05:40:52Z</time></trkpt><trkpt lat="55.133928" lon="25.794825"><ele>0.023</ele><time>2023-10-08T05:41:32Z</time></trkpt><trkpt lat="55.134042" lon="25.795778"><ele>0.015</ele><time>2023-10-08T05:42:12Z</time></trkpt><trkpt lat="55.134175" lon="25.796918"><ele>0.009</ele><time>2023-10-08T05:42:52Z</time></trkpt><trkpt lat="55.134232" lon="25.797499"><ele>0.024</ele><time>2023-10-08T05:43:32Z</time></trkpt><trkpt lat="55.134282" lon="25.797795"><ele>0.097</ele><time>2023-10-08T05:44:12Z</time></trkpt><trkpt lat="55.134419" lon="25.798496"><ele>157.852</ele><time>2023-10-08T05:44:52Z</time></trkpt><trkpt lat="55.134465" lon="25.79877"><ele>0.024</ele><time>2023-10-08T05:45:32Z</time></trkpt><trkpt lat="55.134491" lon="25.799263"><ele>0.029</ele><time>2023-10-08T05:46:12Z</time></trkpt><trkpt lat="55.134472" lon="25.799483"><ele>0.027</ele><time>2023-10-08T05:46:52Z</time></trkpt><trkpt lat="55.134334" lon="25.79979"><ele>0.050</ele><time>2023-10-08T05:47:32Z</time></trkpt><trkpt lat="55.134158" lon="25.800043"><ele>0.077</ele><time>2023-10-08T05:48:12Z</time></trkpt><trkpt lat="55.13402" lon="25.800273"><ele>0.075</ele><time>2023-10-08T05:48:52Z</time></trkpt><trkpt lat="55.133907" lon="25.800504"><ele>159.915</ele><time>2023-10-08T05:49:32Z</time></trkpt><trkpt lat="55.133841" lon="25.800681"><ele>0.065</ele><time>2023-10-08T05:50:12Z</time></trkpt><trkpt lat="55.133823" lon="25.801032"><ele>0.011</ele><time>2023-10-08T05:50:52Z</time></trkpt><trkpt lat="55.133947" lon="25.802316"><ele>161.209</ele><time>2023-10-08T05:51:32Z</time></trkpt><trkpt lat="55.134006" lon="25.802544"><ele>0.032</ele><time>2023-10-08T05:52:12Z</time></trkpt><trkpt lat="55.133768" lon="25.803455"><ele>0.045</ele><time>2023-10-08T05:52:52Z</time></trkpt><trkpt lat="55.133768" lon="25.803773"><ele>0.050</ele><time>2023-10-08T05:53:32Z</time></trkpt><trkpt lat="55.133781" lon="25.804113"><ele>0.042</ele><time>2023-10-08T05:54:12Z</time></trkpt><trkpt lat="55.133763" lon="25.804452"><ele>0.037</ele><time>2023-10-08T05:54:52Z</time></trkpt><trkpt lat="55.133694" lon="25.804792"><ele>0.085</ele><time>2023-10-08T05:55:32Z</time></trkpt><trkpt lat="55.13353" lon="25.805166"><ele>0.038</ele><time>2023-10-08T05:56:12Z</time></trkpt><trkpt lat="55.133342" lon="25.805495"><ele>0.085</ele><time>2023-10-08T05:56:52Z</time></trkpt><trkpt lat="55.133081" lon="25.805965"><ele>149.423</ele><time>2023-10-08T05:57:32Z</time></trkpt><trkpt lat="55.132645" lon="25.806056"><ele>0.024</ele><time>2023-10-08T05:58:12Z</time></trkpt><trkpt lat="55.132186" lon="25.80609"><ele>0.004</ele><time>2023-10-08T05:58:52Z</time></trkpt><trkpt lat="55.131814" lon="25.806025"><ele>0.014</ele><time>2023-10-08T05:59:32Z</time></trkpt><trkpt lat="55.131588" lon="25.80596"><ele>0.009</ele><time>2023-10-08T06:00:12Z</time></trkpt><trkpt lat="55.131418" lon="25.805872"><ele>0.083</ele><time>2023-10-08T06:00:52Z</time></trkpt><trkpt lat="55.131223" lon="25.805884"><ele>0.066</ele><time>2023-10-08T06:01:32Z</time></trkpt><trkpt lat="55.130947" lon="25.805972"><ele>0.031</ele><time>2023-10-08T06:02:12Z</time></trkpt><trkpt lat="55.130208" lon="25.806184"><ele>0.023</ele><time>2023-10-08T06:02:52Z</time></trkpt><trkpt lat="55.129837" lon="25.806283"><ele>0.068</ele><time>2023-10-08T06:03:32Z</time></trkpt><trkpt lat="55.129177" lon="25.806252"><ele>0.026</ele><time>2023-10-08T06:04:12Z</time></trkpt><trkpt lat="55.128743" lon="25.806319"><ele>0.019</ele><time>2023-10-08T06:04:52Z</time></trkpt><trkpt lat="55.128346" lon="25.8062"><ele>153.746</ele><time>2023-10-08T06:05:32Z</time></trkpt><trkpt lat="55.127992" lon="25.806185"><ele>0.054</ele><time>2023-10-08T06:06:12Z</time></trkpt><trkpt lat="55.127684" lon="25.806043"><ele>0.056</ele><time>2023-10-08T06:06:52Z</time></trkpt><trkpt lat="55.127351" lon="25.805825"><ele>0.059</ele><time>2023-10-08T06:07:32Z</time></trkpt><trkpt lat="55.12713" lon="25.805771"><ele>0.014</ele><time>2023-10-08T06:08:12Z</time></trkpt><trkpt lat="55.126885" lon="25.805706"><ele>0.009</ele><time>2023-10-08T06:08:52Z</time></trkpt><trkpt lat="55.126759" lon="25.805695"><ele>0.046</ele><time>2023-10-08T06:09:32Z</time></trkpt><trkpt lat="55.126501" lon="25.805608"><ele>0.059</ele><time>2023-10-08T06:10:12Z</time></trkpt><trkpt lat="55.126111" lon="25.805302"><ele>0.074</ele><time>2023-10-08T06:10:52Z</time></trkpt><trkpt lat="55.125935" lon="25.805138"><ele>0.076</ele><time>2023-10-08T06:11:32Z</time></trkpt><trkpt lat="55.125715" lon="25.805029"><ele>0.031</ele><time>2023-10-08T06:12:12Z</time></trkpt><trkpt lat="55.125532" lon="25.804876"><ele>0.039</ele><time>2023-10-08T06:12:52Z</time></trkpt><trkpt lat="55.12535" lon="25.804733"><ele>0.022</ele><time>2023-10-08T06:13:32Z</time></trkpt><trkpt lat="55.125061" lon="25.80469"><ele>0.049</ele><time>2023-10-08T06:14:12Z</time></trkpt><trkpt lat="55.124325" lon="25.804407"><ele>0.037</ele><time>2023-10-08T06:14:52Z</time></trkpt><trkpt lat="55.123586" lon="25.803983"><ele>164.491</ele><time>2023-10-08T06:15:32Z</time></trkpt><trkpt lat="55.12341" lon="25.803819"><ele>0.081</ele><time>2023-10-08T06:16:12Z</time></trkpt><trkpt lat="55.123189" lon="25.803655"><ele>0.019</ele><time>2023-10-08T06:16:52Z</time></trkpt><trkpt lat="55.123032" lon="25.803557"><ele>0.009</ele><time>2023-10-08T06:17:32Z</time></trkpt><trkpt lat="55.122805" lon="25.80325"><ele>0.060</ele><time>2023-10-08T06:18:12Z</time></trkpt><trkpt lat="55.122516" lon="25.802802"><ele>0.013</ele><time>2023-10-08T06:18:52Z</time></trkpt><trkpt lat="55.122339" lon="25.802495"><ele>0.048</ele><time>2023-10-08T06:19:32Z</time></trkpt><trkpt lat="55.122138" lon="25.802199"><ele>0.080</ele><time>2023-10-08T06:20:12Z</time></trkpt><trkpt lat="55.122018" lon="25.801959"><ele>0.095</ele><time>2023-10-08T06:20:52Z</time></trkpt><trkpt lat="55.121495" lon="25.800293"><ele>164.073</ele><time>2023-10-08T06:21:32Z</time></trkpt><trkpt lat="55.12123" lon="25.799581"><ele>0.036</ele><time>2023-10-08T06:22:12Z</time></trkpt><trkpt lat="55.12106" lon="25.799253"><ele>0.023</ele><time>2023-10-08T06:22:52Z</time></trkpt><trkpt lat="55.121003" lon="25.798924"><ele>0.031</ele><time>2023-10-08T06:23:32Z</time></trkpt><trkpt lat="55.12089" lon="25.79808"><ele>162.529</ele><time>2023-10-08T06:24:12Z</time></trkpt><trkpt lat="55.120407" lon="25.794183"><ele>161.900</ele><time>2023-10-08T06:24:52Z</time></trkpt><trkpt lat="55.120383" lon="25.794058"><ele>0.020</ele><time>2023-10-08T06:25:32Z</time></trkpt><trkpt lat="55.114203" lon="25.789917"><ele>168.309</ele><time>2023-10-08T06:26:12Z</time></trkpt><trkpt lat="55.109546" lon="25.789076"><ele>170.493</ele><time>2023-10-08T06:26:52Z</time></trkpt><trkpt lat="55.109596" lon="25.788415"><ele>0.026</ele><time>2023-10-08T06:27:32Z</time></trkpt><trkpt lat="55.109703" lon="25.787888"><ele>0.051</ele><time>2023-10-08T06:28:12Z</time></trkpt><trkpt lat="55.109784" lon="25.787625"><ele>0.043</ele><time>2023-10-08T06:28:52Z</time></trkpt><trkpt lat="55.109871" lon="25.787446"><ele>173.038</ele><time>2023-10-08T06:29:32Z</time></trkpt><trkpt lat="55.11023" lon="25.786341"><ele>0.026</ele><time>2023-10-08T06:30:12Z</time></trkpt><trkpt lat="55.11033" lon="25.78599"><ele>0.039</ele><time>2023-10-08T06:30:52Z</time></trkpt><trkpt lat="55.110675" lon="25.785035"><ele>174.196</ele><time>2023-10-08T06:31:32Z</time></trkpt><trkpt lat="55.110285" lon="25.784894"><ele>0.054</ele><time>2023-10-08T06:32:12Z</time></trkpt><trkpt lat="55.109996" lon="25.784884"><ele>0.073</ele><time>2023-10-08T06:32:52Z</time></trkpt><trkpt lat="55.109694" lon="25.784786"><ele>0.085</ele><time>2023-10-08T06:33:32Z</time></trkpt><trkpt lat="55.109474" lon="25.784698"><ele>0.013</ele><time>2023-10-08T06:34:12Z</time></trkpt><trkpt lat="55.109291" lon="25.784469"><ele>0.009</ele><time>2023-10-08T06:34:52Z</time></trkpt><trkpt lat="55.109084" lon="25.784327"><ele>0.018</ele><time>2023-10-08T06:35:32Z</time></trkpt><trkpt lat="55.108914" lon="25.784316"><ele>165.311</ele><time>2023-10-08T06:36:12Z</time></trkpt><trkpt lat="55.108669" lon="25.784382"><ele>0.016</ele><time>2023-10-08T06:36:52Z</time></trkpt><trkpt lat="55.108449" lon="25.784646"><ele>0.058</ele><time>2023-10-08T06:37:32Z</time></trkpt><trkpt lat="55.108254" lon="25.784921"><ele>0.083</ele><time>2023-10-08T06:38:12Z</time></trkpt><trkpt lat="55.10809" lon="25.784914"><ele>167.371</ele><time>2023-10-08T06:38:52Z</time></trkpt><trkpt lat="55.107921" lon="25.784834"><ele>0.054</ele><time>2023-10-08T06:39:32Z</time></trkpt><trkpt lat="55.107153" lon="25.78409"><ele>177.471</ele><time>2023-10-08T06:40:12Z</time></trkpt><trkpt lat="55.107113" lon="25.783662"><ele>0.029</ele><time>2023-10-08T06:40:52Z</time></trkpt><trkpt lat="55.107025" lon="25.783246"><ele>0.057</ele><time>2023-10-08T06:41:32Z</time></trkpt><trkpt lat="55.106889" lon="25.782811"><ele>175.300</ele><time>2023-10-08T06:42:12Z</time></trkpt><trkpt lat="55.106792" lon="25.782512"><ele>0.020</ele><time>2023-10-08T06:42:52Z</time></trkpt><trkpt lat="55.106685" lon="25.78226"><ele>0.009</ele><time>2023-10-08T06:43:32Z</time></trkpt><trkpt lat="55.10649" lon="25.782074"><ele>0.076</ele><time>2023-10-08T06:44:12Z</time></trkpt><trkpt lat="55.106332" lon="25.781724"><ele>0.089</ele><time>2023-10-08T06:44:52Z</time></trkpt><trkpt lat="55.10625" lon="25.781516"><ele>0.024</ele><time>2023-10-08T06:45:32Z</time></trkpt><trkpt lat="55.106124" lon="25.781319"><ele>0.026</ele><time>2023-10-08T06:46:12Z</time></trkpt><trkpt lat="55.105929" lon="25.781144"><ele>0.081</ele><time>2023-10-08T06:46:52Z</time></trkpt><trkpt lat="55.105728" lon="25.781024"><ele>0.099</ele><time>2023-10-08T06:47:32Z</time></trkpt><trkpt lat="55.105558" lon="25.780827"><ele>0.082</ele><time>2023-10-08T06:48:12Z</time></trkpt><trkpt lat="55.105387" lon="25.780493"><ele>167.849</ele><time>2023-10-08T06:48:52Z</time></trkpt><trkpt lat="55.105275" lon="25.780213"><ele>0.047</ele><time>2023-10-08T06:49:32Z</time></trkpt><trkpt lat="55.10523" lon="25.779797"><ele>0.081</ele><time>2023-10-08T06:50:12Z</time></trkpt><trkpt lat="55.105192" lon="25.779227"><ele>0.061</ele><time>2023-10-08T06:50:52Z</time></trkpt><trkpt lat="55.10516" lon="25.778942"><ele>0.017</ele><time>2023-10-08T06:51:32Z</time></trkpt><trkpt lat="55.105065" lon="25.778391"><ele>174.009</ele><time>2023-10-08T06:52:12Z</time></trkpt><trkpt lat="55.104896" lon="25.778066"><ele>0.039</ele><time>2023-10-08T06:52:52Z</time></trkpt><trkpt lat="55.104531" lon="25.777683"><ele>0.032</ele><time>2023-10-08T06:53:32Z</time></trkpt><trkpt lat="55.104184" lon="25.777157"><ele>0.067</ele><time>2023-10-08T06:54:12Z</time></trkpt><trkpt lat="55.103914" lon="25.776818"><ele>0.059</ele><time>2023-10-08T06:54:52Z</time></trkpt><trkpt lat="55.103561" lon="25.776479"><ele>0.064</ele><time>2023-10-08T06:55:32Z</time></trkpt><trkpt lat="55.101803" lon="25.774442"><ele>166.522</ele><time>2023-10-08T06:56:12Z</time></trkpt><trkpt lat="55.100773" lon="25.773584"><ele>164.385</ele><time>2023-10-08T06:56:52Z</time></trkpt><trkpt lat="55.100451" lon="25.772897"><ele>165.892</ele><time>2023-10-08T06:57:32Z</time></trkpt><trkpt lat="55.100454" lon="25.772533"><ele>0.080</ele><time>2023-10-08T06:58:12Z</time></trkpt><trkpt lat="55.100448" lon="25.772182"><ele>0.075</ele><time>2023-10-08T06:58:52Z</time></trkpt><trkpt lat="55.100422" lon="25.771974"><ele>0.028</ele><time>2023-10-08T06:59:32Z</time></trkpt><trkpt lat="55.100323" lon="25.771352"><ele>165.020</ele><time>2023-10-08T07:00:12Z</time></trkpt><trkpt lat="55.099918" lon="25.770188"><ele>0.009</ele><time>2023-10-08T07:00:52Z</time></trkpt><trkpt lat="55.099748" lon="25.769607"><ele>0.028</ele><time>2023-10-08T07:01:32Z</time></trkpt><trkpt lat="55.099615" lon="25.769421"><ele>166.381</ele><time>2023-10-08T07:02:12Z</time></trkpt><trkpt lat="55.099433" lon="25.768972"><ele>0.056</ele><time>2023-10-08T07:02:52Z</time></trkpt><trkpt lat="55.098961" lon="25.768195"><ele>0.068</ele><time>2023-10-08T07:03:32Z</time></trkpt><trkpt lat="55.098633" lon="25.767637"><ele>0.053</ele><time>2023-10-08T07:04:12Z</time></trkpt><trkpt lat="55.098425" lon="25.767275"><ele>0.091</ele><time>2023-10-08T07:04:52Z</time></trkpt><trkpt lat="55.09789" lon="25.766674"><ele>0.054</ele><time>2023-10-08T07:05:32Z</time></trkpt><trkpt lat="55.097576" lon="25.766324"><ele>0.041</ele><time>2023-10-08T07:06:12Z</time></trkpt><trkpt lat="55.097292" lon="25.765853"><ele>0.039</ele><time>2023-10-08T07:06:52Z</time></trkpt><trkpt lat="55.097066" lon="25.765568"><ele>0.087</ele><time>2023-10-08T07:07:32Z</time></trkpt><trkpt lat="55.096908" lon="25.76536"><ele>167.342</ele><time>2023-10-08T07:08:12Z</time></trkpt><trkpt lat="55.096612" lon="25.765065"><ele>0.026</ele><time>2023-10-08T07:08:52Z</time></trkpt><trkpt lat="55.096292" lon="25.764901"><ele>0.009</ele><time>2023-10-08T07:09:32Z</time></trkpt><trkpt lat="55.09599" lon="25.764836"><ele>0.029</ele><time>2023-10-08T07:10:12Z</time></trkpt><trkpt lat="55.095726" lon="25.764727"><ele>0.042</ele><time>2023-10-08T07:10:52Z</time></trkpt><trkpt lat="55.095556" lon="25.764662"><ele>0.067</ele><time>2023-10-08T07:11:32Z</time></trkpt><trkpt lat="55.09538" lon="25.764399"><ele>161.719</ele><time>2023-10-08T07:12:12Z</time></trkpt><trkpt lat="55.095184" lon="25.764049"><ele>0.034</ele><time>2023-10-08T07:12:52Z</time></trkpt><trkpt lat="55.093927" lon="25.760242"><ele>0.042</ele><time>2023-10-08T07:13:32Z</time></trkpt><trkpt lat="55.093763" lon="25.759628"><ele>0.045</ele><time>2023-10-08T07:14:12Z</time></trkpt><trkpt lat="55.093606" lon="25.759422"><ele>148.912</ele><time>2023-10-08T07:14:52Z</time></trkpt><trkpt lat="55.093366" lon="25.759081"><ele>0.090</ele><time>2023-10-08T07:15:32Z</time></trkpt><trkpt lat="55.093165" lon="25.758917"><ele>0.082</ele><time>2023-10-08T07:16:12Z</time></trkpt><trkpt lat="55.093045" lon="25.758797"><ele>0.043</ele><time>2023-10-08T07:16:52Z</time></trkpt><trkpt lat="55.092969" lon="25.75872"><ele>0.017</ele><time>2023-10-08T07:17:32Z</time></trkpt><trkpt lat="55.09277" lon="25.758134"><ele>148.009</ele><time>2023-10-08T07:18:12Z</time></trkpt><trkpt lat="55.092089" lon="25.75869"><ele>0.099</ele><time>2023-10-08T07:18:52Z</time></trkpt><trkpt lat="55.091681" lon="25.758998"><ele>0.022</ele><time>2023-10-08T07:19:32Z</time></trkpt><trkpt lat="55.091291" lon="25.759294"><ele>0.037</ele><time>2023-10-08T07:20:12Z</time></trkpt><trkpt lat="55.090933" lon="25.759547"><ele>0.089</ele><time>2023-10-08T07:20:52Z</time></trkpt><trkpt lat="55.090688" lon="25.7598"><ele>0.034</ele><time>2023-10-08T07:21:32Z</time></trkpt><trkpt lat="55.090495" lon="25.759851"><ele>146.572</ele><time>2023-10-08T07:22:12Z</time></trkpt><trkpt lat="55.090014" lon="25.75933"><ele>0.035</ele><time>2023-10-08T07:22:52Z</time></trkpt><trkpt lat="55.089749" lon="25.759144"><ele>0.042</ele><time>2023-10-08T07:23:32Z</time></trkpt><trkpt lat="55.089573" lon="25.759013"><ele>0.080</ele><time>2023-10-08T07:24:12Z</time></trkpt><trkpt lat="55.089145" lon="25.758608"><ele>0.078</ele><time>2023-10-08T07:24:52Z</time></trkpt><trkpt lat="55.088635" lon="25.758006"><ele>0.033</ele><time>2023-10-08T07:25:32Z</time></trkpt><trkpt lat="55.088145" lon="25.757503"><ele>0.026</ele><time>2023-10-08T07:26:12Z</time></trkpt><trkpt lat="55.087641" lon="25.756934"><ele>0.009</ele><time>2023-10-08T07:26:52Z</time></trkpt><trkpt lat="55.085388" lon="25.7541"><ele>146.028</ele><time>2023-10-08T07:27:32Z</time></trkpt><trkpt lat="55.084165" lon="25.754186"><ele>148.111</ele><time>2023-10-08T07:28:12Z</time></trkpt><trkpt lat="55.083895" lon="25.753989"><ele>0.026</ele><time>2023-10-08T07:28:52Z</time></trkpt><trkpt lat="55.083593" lon="25.753749"><ele>0.098</ele><time>2023-10-08T07:29:32Z</time></trkpt><trkpt lat="55.083379" lon="25.753618"><ele>0.093</ele><time>2023-10-08T07:30:12Z</time></trkpt><trkpt lat="55.082977" lon="25.753421"><ele>0.041</ele><time>2023-10-08T07:30:52Z</time></trkpt><trkpt lat="55.082662" lon="25.753302"><ele>0.054</ele><time>2023-10-08T07:31:32Z</time></trkpt><trkpt lat="55.081848" lon="25.75307"><ele>148.081</ele><time>2023-10-08T07:32:12Z</time></trkpt><trkpt lat="55.081487" lon="25.753084"><ele>0.039</ele><time>2023-10-08T07:32:52Z</time></trkpt><trkpt lat="55.080795" lon="25.753371"><ele>144.884</ele><time>2023-10-08T07:33:32Z</time></trkpt><trkpt lat="55.080449" lon="25.753273"><ele>0.007</ele><time>2023-10-08T07:34:12Z</time></trkpt><trkpt lat="55.07999" lon="25.75312"><ele>0.017</ele><time>2023-10-08T07:34:52Z</time></trkpt><trkpt lat="55.074899" lon="25.750071"><ele>144.809</ele><time>2023-10-08T07:35:32Z</time></trkpt><trkpt lat="55.074615" lon="25.749853"><ele>0.029</ele><time>2023-10-08T07:36:12Z</time></trkpt><trkpt lat="55.074414" lon="25.749601"><ele>0.092</ele><time>2023-10-08T07:36:52Z</time></trkpt><trkpt lat="55.074187" lon="25.749295"><ele>0.097</ele><time>2023-10-08T07:37:32Z</time></trkpt><trkpt lat="55.07403" lon="25.748933"><ele>0.079</ele><time>2023-10-08T07:38:12Z</time></trkpt><trkpt lat="55.073803" lon="25.748298"><ele>144.544</ele><time>2023-10-08T07:38:52Z</time></trkpt><trkpt lat="55.07265" lon="25.744946"><ele>0.022</ele><time>2023-10-08T07:39:32Z</time></trkpt><trkpt lat="55.07202" lon="25.7432"><ele>145.525</ele><time>2023-10-08T07:40:12Z</time></trkpt><trkpt lat="55.071906" lon="25.742854"><ele>0.092</ele><time>2023-10-08T07:40:52Z</time></trkpt><trkpt lat="55.071616" lon="25.742427"><ele>0.070</ele><time>2023-10-08T07:41:32Z</time></trkpt><trkpt lat="55.071346" lon="25.742131"><ele>0.022</ele><time>2023-10-08T07:42:12Z</time></trkpt><trkpt lat="55.070624" lon="25.741467"><ele>0.062</ele><time>2023-10-08T07:42:52Z</time></trkpt><trkpt lat="55.069931" lon="25.740833"><ele>0.008</ele><time>2023-10-08T07:43:32Z</time></trkpt><trkpt lat="55.069409" lon="25.740407"><ele>0.009</ele><time>2023-10-08T07:44:12Z</time></trkpt><trkpt lat="55.068767" lon="25.739893"><ele>0.043</ele><time>2023-10-08T07:44:52Z</time></trkpt><trkpt lat="55.065306" lon="25.737512"><ele>0.056</ele><time>2023-10-08T07:45:32Z</time></trkpt><trkpt lat="55.063438" lon="25.736145"><ele>0.061</ele><time>2023-10-08T07:46:12Z</time></trkpt><trkpt lat="55.062734" lon="25.735543"><ele>0.043</ele><time>2023-10-08T07:46:52Z</time></trkpt><trkpt lat="55.062564" lon="25.73539"><ele>141.078</ele><time>2023-10-08T07:47:32Z</time></trkpt><trkpt lat="55.062362" lon="25.735095"><ele>0.066</ele><time>2023-10-08T07:48:12Z</time></trkpt><trkpt lat="55.062173" lon="25.734799"><ele>0.069</ele><time>2023-10-08T07:48:52Z</time></trkpt><trkpt lat="55.061313" lon="25.732729"><ele>139.096</ele><time>2023-10-08T07:49:32Z</time></trkpt><trkpt lat="55.056978" lon="25.738479"><ele>136.094</ele><time>2023-10-08T07:50:12Z</time></trkpt><trkpt lat="55.056851" lon="25.738576"><ele>0.014</ele><time>2023-10-08T07:50:52Z</time></trkpt><trkpt lat="55.0567" lon="25.738587"><ele>0.054</ele><time>2023-10-08T07:51:32Z</time></trkpt><trkpt lat="55.056467" lon="25.738489"><ele>0.009</ele><time>2023-10-08T07:52:12Z</time></trkpt><trkpt lat="55.056292" lon="25.738308"><ele>135.309</ele><time>2023-10-08T07:52:52Z</time></trkpt><trkpt lat="55.056184" lon="25.73815"><ele>0.062</ele><time>2023-10-08T07:53:32Z</time></trkpt><trkpt lat="55.055801" lon="25.738173"><ele>0.055</ele><time>2023-10-08T07:54:12Z</time></trkpt><trkpt lat="55.054914" lon="25.738153"><ele>0.080</ele><time>2023-10-08T07:54:52Z</time></trkpt><trkpt lat="55.054593" lon="25.738176"><ele>0.092</ele><time>2023-10-08T07:55:32Z</time></trkpt><trkpt lat="55.054266" lon="25.738198"><ele>0.027</ele><time>2023-10-08T07:56:12Z</time></trkpt><trkpt lat="55.054002" lon="25.73821"><ele>0.095</ele><time>2023-10-08T07:56:52Z</time></trkpt><trkpt lat="55.053738" lon="25.738136"><ele>141.018</ele><time>2023-10-08T07:57:32Z</time></trkpt><trkpt lat="55.05318" lon="25.73835"><ele>150.265</ele><time>2023-10-08T07:58:12Z</time></trkpt><trkpt lat="55.052481" lon="25.737982"><ele>0.063</ele><time>2023-10-08T07:58:52Z</time></trkpt><trkpt lat="55.052084" lon="25.737753"><ele>0.029</ele><time>2023-10-08T07:59:32Z</time></trkpt><trkpt lat="55.051927" lon="25.737556"><ele>0.000</ele><time>2023-10-08T08:00:12Z</time></trkpt><trkpt lat="55.051732" lon="25.737414"><ele>0.020</ele><time>2023-10-08T08:00:52Z</time></trkpt><trkpt lat="55.051367" lon="25.737196"><ele>0.009</ele><time>2023-10-08T08:01:32Z</time></trkpt><trkpt lat="55.051115" lon="25.736944"><ele>150.073</ele><time>2023-10-08T08:02:12Z</time></trkpt><trkpt lat="55.051336" lon="25.737689"><ele>0.026</ele><time>2023-10-08T08:02:52Z</time></trkpt><trkpt lat="55.051607" lon="25.738445"><ele>0.011</ele><time>2023-10-08T08:03:32Z</time></trkpt><trkpt lat="55.052319" lon="25.739934"><ele>150.263</ele><time>2023-10-08T08:04:12Z</time></trkpt><trkpt lat="55.052687" lon="25.74114"><ele>151.238</ele><time>2023-10-08T08:04:52Z</time></trkpt><trkpt lat="55.052635" lon="25.7416"><ele>0.016</ele><time>2023-10-08T08:05:32Z</time></trkpt><trkpt lat="55.052541" lon="25.742093"><ele>0.049</ele><time>2023-10-08T08:06:12Z</time></trkpt><trkpt lat="55.052386" lon="25.742385"><ele>146.276</ele><time>2023-10-08T08:06:52Z</time></trkpt><trkpt lat="55.05212" lon="25.742829"><ele>150.924</ele><time>2023-10-08T08:07:32Z</time></trkpt><trkpt lat="55.052051" lon="25.743377"><ele>0.042</ele><time>2023-10-08T08:08:12Z</time></trkpt><trkpt lat="55.051888" lon="25.743893"><ele>0.022</ele><time>2023-10-08T08:08:52Z</time></trkpt><trkpt lat="55.0517" lon="25.744444"><ele>154.914</ele><time>2023-10-08T08:09:32Z</time></trkpt><trkpt lat="55.051871" lon="25.745989"><ele>153.009</ele><time>2023-10-08T08:10:12Z</time></trkpt><trkpt lat="55.052054" lon="25.746776"><ele>0.015</ele><time>2023-10-08T08:10:52Z</time></trkpt><trkpt lat="55.052451" lon="25.747882"><ele>0.028</ele><time>2023-10-08T08:11:32Z</time></trkpt><trkpt lat="55.052778" lon="25.748671"><ele>0.083</ele><time>2023-10-08T08:12:12Z</time></trkpt><trkpt lat="55.052936" lon="25.749098"><ele>0.075</ele><time>2023-10-08T08:12:52Z</time></trkpt><trkpt lat="55.0531" lon="25.749876"><ele>157.340</ele><time>2023-10-08T08:13:32Z</time></trkpt><trkpt lat="55.053308" lon="25.750204"><ele>0.058</ele><time>2023-10-08T08:14:12Z</time></trkpt><trkpt lat="55.053761" lon="25.750664"><ele>157.131</ele><time>2023-10-08T08:14:52Z</time></trkpt><trkpt lat="55.054233" lon="25.751561"><ele>0.088</ele><time>2023-10-08T08:15:32Z</time></trkpt><trkpt lat="55.05458" lon="25.75212"><ele>0.076</ele><time>2023-10-08T08:16:12Z</time></trkpt><trkpt lat="55.055178" lon="25.753258"><ele>0.045</ele><time>2023-10-08T08:16:52Z</time></trkpt><trkpt lat="55.055283" lon="25.753585"><ele>147.847</ele><time>2023-10-08T08:17:32Z</time></trkpt><trkpt lat="55.054745" lon="25.754652"><ele>0.011</ele><time>2023-10-08T08:18:12Z</time></trkpt><trkpt lat="55.054557" lon="25.755113"><ele>0.009</ele><time>2023-10-08T08:18:52Z</time></trkpt><trkpt lat="55.054339" lon="25.755388"><ele>157.865</ele><time>2023-10-08T08:19:32Z</time></trkpt><trkpt lat="55.053727" lon="25.75586"><ele>0.038</ele><time>2023-10-08T08:20:12Z</time></trkpt><trkpt lat="55.053539" lon="25.756036"><ele>0.063</ele><time>2023-10-08T08:20:52Z</time></trkpt><trkpt lat="55.053159" lon="25.756504"><ele>156.845</ele><time>2023-10-08T08:21:32Z</time></trkpt><trkpt lat="55.052698" lon="25.757595"><ele>0.080</ele><time>2023-10-08T08:22:12Z</time></trkpt><trkpt lat="55.052402" lon="25.75821"><ele>0.018</ele><time>2023-10-08T08:22:52Z</time></trkpt><trkpt lat="55.052195" lon="25.758539"><ele>0.011</ele><time>2023-10-08T08:23:32Z</time></trkpt><trkpt lat="55.051971" lon="25.758909"><ele>0.078</ele><time>2023-10-08T08:24:12Z</time></trkpt><trkpt lat="55.05177" lon="25.759283"><ele>0.086</ele><time>2023-10-08T08:24:52Z</time></trkpt><trkpt lat="55.051658" lon="25.759699"><ele>0.039</ele><time>2023-10-08T08:25:32Z</time></trkpt><trkpt lat="55.051549" lon="25.760066"><ele>155.601</ele><time>2023-10-08T08:26:12Z</time></trkpt><trkpt lat="55.05157" lon="25.760401"><ele>0.021</ele><time>2023-10-08T08:26:52Z</time></trkpt><trkpt lat="55.051583" lon="25.761092"><ele>0.009</ele><time>2023-10-08T08:27:32Z</time></trkpt><trkpt lat="55.05147" lon="25.761553"><ele>0.034</ele><time>2023-10-08T08:28:12Z</time></trkpt><trkpt lat="55.051376" lon="25.761728"><ele>151.797</ele><time>2023-10-08T08:28:52Z</time></trkpt><trkpt lat="55.050987" lon="25.762475"><ele>152.752</ele><time>2023-10-08T08:29:32Z</time></trkpt><trkpt lat="55.0508" lon="25.76273"><ele>0.044</ele><time>2023-10-08T08:30:12Z</time></trkpt><trkpt lat="55.050618" lon="25.763005"><ele>0.099</ele><time>2023-10-08T08:30:52Z</time></trkpt><trkpt lat="55.050429" lon="25.763126"><ele>0.047</ele><time>2023-10-08T08:31:32Z</time></trkpt><trkpt lat="55.050115" lon="25.763203"><ele>0.060</ele><time>2023-10-08T08:32:12Z</time></trkpt><trkpt lat="55.04992" lon="25.763313"><ele>0.077</ele><time>2023-10-08T08:32:52Z</time></trkpt><trkpt lat="55.049662" lon="25.7635"><ele>0.085</ele><time>2023-10-08T08:33:32Z</time></trkpt><trkpt lat="55.049202" lon="25.763865"><ele>155.626</ele><time>2023-10-08T08:34:12Z</time></trkpt><trkpt lat="55.04885" lon="25.764041"><ele>0.047</ele><time>2023-10-08T08:34:52Z</time></trkpt><trkpt lat="55.04346" lon="25.765473"><ele>151.811</ele><time>2023-10-08T08:35:32Z</time></trkpt><trkpt lat="55.043155" lon="25.765521"><ele>0.009</ele><time>2023-10-08T08:36:12Z</time></trkpt><trkpt lat="55.042947" lon="25.765489"><ele>0.023</ele><time>2023-10-08T08:36:52Z</time></trkpt><trkpt lat="55.042545" lon="25.765413"><ele>0.026</ele><time>2023-10-08T08:37:32Z</time></trkpt><trkpt lat="55.042194" lon="25.765387"><ele>139.391</ele><time>2023-10-08T08:38:12Z</time></trkpt><trkpt lat="55.041822" lon="25.765886"><ele>0.033</ele><time>2023-10-08T08:38:52Z</time></trkpt><trkpt lat="55.041677" lon="25.766084"><ele>0.018</ele><time>2023-10-08T08:39:32Z</time></trkpt><trkpt lat="55.041421" lon="25.766245"><ele>141.436</ele><time>2023-10-08T08:40:12Z</time></trkpt><trkpt lat="55.039812" lon="25.766374"><ele>142.389</ele><time>2023-10-08T08:40:52Z</time></trkpt><trkpt lat="55.039608" lon="25.766177"><ele>0.056</ele><time>2023-10-08T08:41:32Z</time></trkpt><trkpt lat="55.039482" lon="25.765958"><ele>0.064</ele><time>2023-10-08T08:42:12Z</time></trkpt><trkpt lat="55.039362" lon="25.765564"><ele>0.025</ele><time>2023-10-08T08:42:52Z</time></trkpt><trkpt lat="55.039267" lon="25.765389"><ele>0.026</ele><time>2023-10-08T08:43:32Z</time></trkpt><trkpt lat="55.03904" lon="25.764615"><ele>148.108</ele><time>2023-10-08T08:44:12Z</time></trkpt><trkpt lat="55.038911" lon="25.763907"><ele>150.509</ele><time>2023-10-08T08:44:52Z</time></trkpt><trkpt lat="55.037709" lon="25.761761"><ele>153.143</ele><time>2023-10-08T08:45:32Z</time></trkpt><trkpt lat="55.037296" lon="25.761489"><ele>0.036</ele><time>2023-10-08T08:46:12Z</time></trkpt><trkpt lat="55.036207" lon="25.761139"><ele>157.421</ele><time>2023-10-08T08:46:52Z</time></trkpt><trkpt lat="55.036126" lon="25.761108"><ele>0.093</ele><time>2023-10-08T08:47:32Z</time></trkpt><trkpt lat="55.036132" lon="25.760505"><ele>0.098</ele><time>2023-10-08T08:48:12Z</time></trkpt><trkpt lat="55.036144" lon="25.759946"><ele>0.096</ele><time>2023-10-08T08:48:52Z</time></trkpt><trkpt lat="55.036119" lon="25.759508"><ele>0.029</ele><time>2023-10-08T08:49:32Z</time></trkpt><trkpt lat="55.035999" lon="25.758456"><ele>0.096</ele><time>2023-10-08T08:50:12Z</time></trkpt><trkpt lat="55.035986" lon="25.758346"><ele>0.024</ele><time>2023-10-08T08:50:52Z</time></trkpt><trkpt lat="55.035834" lon="25.75713"><ele>0.054</ele><time>2023-10-08T08:51:32Z</time></trkpt><trkpt lat="55.035739" lon="25.756472"><ele>0.056</ele><time>2023-10-08T08:52:12Z</time></trkpt><trkpt lat="55.035692" lon="25.755667"><ele>152.411</ele><time>2023-10-08T08:52:52Z</time></trkpt><trkpt lat="55.035694" lon="25.755025"><ele>0.009</ele><time>2023-10-08T08:53:32Z</time></trkpt><trkpt lat="55.035735" lon="25.753929"><ele>156.616</ele><time>2023-10-08T08:54:12Z</time></trkpt><trkpt lat="55.035749" lon="25.753402"><ele>0.039</ele><time>2023-10-08T08:54:52Z</time></trkpt><trkpt lat="55.035711" lon="25.75292"><ele>0.094</ele><time>2023-10-08T08:55:32Z</time></trkpt><trkpt lat="55.035563" lon="25.751762"><ele>155.196</ele><time>2023-10-08T08:56:12Z</time></trkpt><trkpt lat="55.0357" lon="25.751113"><ele>0.021</ele><time>2023-10-08T08:56:52Z</time></trkpt><trkpt lat="55.03575" lon="25.75085"><ele>0.079</ele><time>2023-10-08T08:57:32Z</time></trkpt><trkpt lat="55.035842" lon="25.750023"><ele>156.072</ele><time>2023-10-08T08:58:12Z</time></trkpt><trkpt lat="55.035781" lon="25.749633"><ele>0.019</ele><time>2023-10-08T08:58:52Z</time></trkpt><trkpt lat="55.03573" lon="25.749129"><ele>0.097</ele><time>2023-10-08T08:59:32Z</time></trkpt><trkpt lat="55.035735" lon="25.74865"><ele>159.997</ele><time>2023-10-08T09:00:12Z</time></trkpt><trkpt lat="55.0361" lon="25.746247"><ele>165.023</ele><time>2023-10-08T09:00:52Z</time></trkpt><trkpt lat="55.036143" lon="25.745762"><ele>0.025</ele><time>2023-10-08T09:01:32Z</time></trkpt><trkpt lat="55.036098" lon="25.745488"><ele>0.009</ele><time>2023-10-08T09:02:12Z</time></trkpt><trkpt lat="55.035993" lon="25.745346"><ele>162.730</ele><time>2023-10-08T09:02:52Z</time></trkpt><trkpt lat="55.035947" lon="25.745061"><ele>0.093</ele><time>2023-10-08T09:03:32Z</time></trkpt><trkpt lat="55.035263" lon="25.743758"><ele>164.688</ele><time>2023-10-08T09:04:12Z</time></trkpt><trkpt lat="55.03521" lon="25.743352"><ele>0.030</ele><time>2023-10-08T09:04:52Z</time></trkpt><trkpt lat="55.034989" lon="25.742794"><ele>0.045</ele><time>2023-10-08T09:05:32Z</time></trkpt><trkpt lat="55.0348" lon="25.742169"><ele>0.083</ele><time>2023-10-08T09:06:12Z</time></trkpt><trkpt lat="55.034592" lon="25.741512"><ele>0.036</ele><time>2023-10-08T09:06:52Z</time></trkpt><trkpt lat="55.034523" lon="25.741073"><ele>0.023</ele><time>2023-10-08T09:07:32Z</time></trkpt><trkpt lat="55.034447" lon="25.740438"><ele>0.041</ele><time>2023-10-08T09:08:12Z</time></trkpt><trkpt lat="55.034302" lon="25.739758"><ele>0.048</ele><time>2023-10-08T09:08:52Z</time></trkpt><trkpt lat="55.034238" lon="25.739441"><ele>0.061</ele><time>2023-10-08T09:09:32Z</time></trkpt><trkpt lat="55.034188" lon="25.738991"><ele>0.017</ele><time>2023-10-08T09:10:12Z</time></trkpt><trkpt lat="55.034106" lon="25.738575"><ele>0.009</ele><time>2023-10-08T09:10:52Z</time></trkpt><trkpt lat="55.033961" lon="25.738203"><ele>0.035</ele><time>2023-10-08T09:11:32Z</time></trkpt><trkpt lat="55.033753" lon="25.737885"><ele>0.078</ele><time>2023-10-08T09:12:12Z</time></trkpt><trkpt lat="55.033646" lon="25.737666"><ele>0.053</ele><time>2023-10-08T09:12:52Z</time></trkpt><trkpt lat="55.033675" lon="25.737492"><ele>146.115</ele><time>2023-10-08T09:13:32Z</time></trkpt><trkpt lat="55.033734" lon="25.737304"><ele>0.060</ele><time>2023-10-08T09:14:12Z</time></trkpt><trkpt lat="55.033991" lon="25.737183"><ele>0.028</ele><time>2023-10-08T09:14:52Z</time></trkpt><trkpt lat="55.034287" lon="25.736963"><ele>0.061</ele><time>2023-10-08T09:15:32Z</time></trkpt><trkpt lat="55.034544" lon="25.736721"><ele>0.068</ele><time>2023-10-08T09:16:12Z</time></trkpt><trkpt lat="55.035016" lon="25.73661"><ele>0.046</ele><time>2023-10-08T09:16:52Z</time></trkpt><trkpt lat="55.035242" lon="25.7365"><ele>0.036</ele><time>2023-10-08T09:17:32Z</time></trkpt><trkpt lat="55.035406" lon="25.736445"><ele>0.017</ele><time>2023-10-08T09:18:12Z</time></trkpt><trkpt lat="55.035478" lon="25.736291"><ele>138.718</ele><time>2023-10-08T09:18:52Z</time></trkpt><trkpt lat="55.035435" lon="25.735518"><ele>136.709</ele><time>2023-10-08T09:19:32Z</time></trkpt><trkpt lat="55.035512" lon="25.735491"><ele>0.024</ele><time>2023-10-08T09:20:12Z</time></trkpt><trkpt lat="55.035562" lon="25.735304"><ele>0.087</ele><time>2023-10-08T09:20:52Z</time></trkpt><trkpt lat="55.035563" lon="25.735089"><ele>138.622</ele><time>2023-10-08T09:21:32Z</time></trkpt><trkpt lat="55.035505" lon="25.734438"><ele>0.054</ele><time>2023-10-08T09:22:12Z</time></trkpt><trkpt lat="55.035529" lon="25.73286"><ele>0.049</ele><time>2023-10-08T09:22:52Z</time></trkpt><trkpt lat="55.03549" lon="25.731763"><ele>0.067</ele><time>2023-10-08T09:23:32Z</time></trkpt><trkpt lat="55.035435" lon="25.730454"><ele>156.090</ele><time>2023-10-08T09:24:12Z</time></trkpt><trkpt lat="55.034078" lon="25.730612"><ele>0.047</ele><time>2023-10-08T09:24:52Z</time></trkpt><trkpt lat="55.033361" lon="25.730668"><ele>0.075</ele><time>2023-10-08T09:25:32Z</time></trkpt><trkpt lat="55.032091" lon="25.730825"><ele>0.022</ele><time>2023-10-08T09:26:12Z</time></trkpt><trkpt lat="55.031699" lon="25.73086"><ele>163.262</ele><time>2023-10-08T09:26:52Z</time></trkpt><trkpt lat="55.019663" lon="25.732128"><ele>164.708</ele><time>2023-10-08T09:27:32Z</time></trkpt><trkpt lat="55.019615" lon="25.731482"><ele>0.009</ele><time>2023-10-08T09:28:12Z</time></trkpt><trkpt lat="55.019526" lon="25.730989"><ele>0.033</ele><time>2023-10-08T09:28:52Z</time></trkpt><trkpt lat="55.019492" lon="25.730883"><ele>161.026</ele><time>2023-10-08T09:29:32Z</time></trkpt><trkpt lat="55.019193" lon="25.731077"><ele>0.021</ele><time>2023-10-08T09:30:12Z</time></trkpt><trkpt lat="55.018898" lon="25.73121"><ele>0.073</ele><time>2023-10-08T09:30:52Z</time></trkpt><trkpt lat="55.018621" lon="25.731342"><ele>0.028</ele><time>2023-10-08T09:31:32Z</time></trkpt><trkpt lat="55.018311" lon="25.73142"><ele>149.786</ele><time>2023-10-08T09:32:12Z</time></trkpt><trkpt lat="55.01781" lon="25.731333"><ele>0.069</ele><time>2023-10-08T09:32:52Z</time></trkpt><trkpt lat="55.017401" lon="25.731147"><ele>0.026</ele><time>2023-10-08T09:33:32Z</time></trkpt><trkpt lat="55.014578" lon="25.730239"><ele>138.184</ele><time>2023-10-08T09:34:12Z</time></trkpt><trkpt lat="55.014241" lon="25.730087"><ele>0.063</ele><time>2023-10-08T09:34:52Z</time></trkpt><trkpt lat="55.013827" lon="25.729682"><ele>150.844</ele><time>2023-10-08T09:35:32Z</time></trkpt><trkpt lat="55.013033" lon="25.728523"><ele>158.918</ele><time>2023-10-08T09:36:12Z</time></trkpt><trkpt lat="55.012475" lon="25.728008"><ele>156.909</ele><time>2023-10-08T09:36:52Z</time></trkpt><trkpt lat="55.012389" lon="25.727407"><ele>157.687</ele><time>2023-10-08T09:37:32Z</time></trkpt><trkpt lat="55.01181" lon="25.72612"><ele>152.610</ele><time>2023-10-08T09:38:12Z</time></trkpt><trkpt lat="55.011721" lon="25.725346"><ele>0.035</ele><time>2023-10-08T09:38:52Z</time></trkpt><trkpt lat="55.011595" lon="25.724327"><ele>0.047</ele><time>2023-10-08T09:39:32Z</time></trkpt><trkpt lat="55.011519" lon="25.723724"><ele>0.052</ele><time>2023-10-08T09:40:12Z</time></trkpt><trkpt lat="55.011468" lon="25.723198"><ele>0.050</ele><time>2023-10-08T09:40:52Z</time></trkpt><trkpt lat="55.011342" lon="25.722749"><ele>0.013</ele><time>2023-10-08T09:41:32Z</time></trkpt><trkpt lat="55.011209" lon="25.722214"><ele>163.030</ele><time>2023-10-08T09:42:12Z</time></trkpt><trkpt lat="55.010586" lon="25.721018"><ele>0.088</ele><time>2023-10-08T09:42:52Z</time></trkpt><trkpt lat="55.010391" lon="25.720613"><ele>0.013</ele><time>2023-10-08T09:43:32Z</time></trkpt><trkpt lat="55.010208" lon="25.720263"><ele>0.043</ele><time>2023-10-08T09:44:12Z</time></trkpt><trkpt lat="55.010038" lon="25.719814"><ele>0.007</ele><time>2023-10-08T09:44:52Z</time></trkpt><trkpt lat="55.009905" lon="25.719441"><ele>0.009</ele><time>2023-10-08T09:45:32Z</time></trkpt><trkpt lat="55.009723" lon="25.719233"><ele>0.032</ele><time>2023-10-08T09:46:12Z</time></trkpt><trkpt lat="55.009515" lon="25.719015"><ele>0.045</ele><time>2023-10-08T09:46:52Z</time></trkpt><trkpt lat="55.009301" lon="25.71884"><ele>0.040</ele><time>2023-10-08T09:47:32Z</time></trkpt><trkpt lat="55.009125" lon="25.71861"><ele>0.022</ele><time>2023-10-08T09:48:12Z</time></trkpt><trkpt lat="55.008917" lon="25.718325"><ele>0.067</ele><time>2023-10-08T09:48:52Z</time></trkpt><trkpt lat="55.00871" lon="25.718096"><ele>0.055</ele><time>2023-10-08T09:49:32Z</time></trkpt><trkpt lat="55.008596" lon="25.717876"><ele>0.028</ele><time>2023-10-08T09:50:12Z</time></trkpt><trkpt lat="55.008495" lon="25.717636"><ele>0.035</ele><time>2023-10-08T09:50:52Z</time></trkpt><trkpt lat="55.008419" lon="25.7173"><ele>155.793</ele><time>2023-10-08T09:51:32Z</time></trkpt><trkpt lat="55.008343" lon="25.716993"><ele>0.061</ele><time>2023-10-08T09:52:12Z</time></trkpt><trkpt lat="55.008361" lon="25.716324"><ele>0.021</ele><time>2023-10-08T09:52:52Z</time></trkpt><trkpt lat="55.008336" lon="25.715798"><ele>0.013</ele><time>2023-10-08T09:53:32Z</time></trkpt><trkpt lat="55.008247" lon="25.715206"><ele>0.009</ele><time>2023-10-08T09:54:12Z</time></trkpt><trkpt lat="55.008215" lon="25.714296"><ele>0.067</ele><time>2023-10-08T09:54:52Z</time></trkpt><trkpt lat="55.008209" lon="25.714187"><ele>0.090</ele><time>2023-10-08T09:55:32Z</time></trkpt><trkpt lat="55.008126" lon="25.713474"><ele>0.045</ele><time>2023-10-08T09:56:12Z</time></trkpt><trkpt lat="55.008119" lon="25.712687"><ele>156.427</ele><time>2023-10-08T09:56:52Z</time></trkpt><trkpt lat="55.007949" lon="25.712104"><ele>0.082</ele><time>2023-10-08T09:57:32Z</time></trkpt><trkpt lat="55.00776" lon="25.711798"><ele>0.080</ele><time>2023-10-08T09:58:12Z</time></trkpt><trkpt lat="55.007729" lon="25.711513"><ele>154.793</ele><time>2023-10-08T09:58:52Z</time></trkpt><trkpt lat="55.007766" lon="25.710921"><ele>0.040</ele><time>2023-10-08T09:59:32Z</time></trkpt><trkpt lat="55.007741" lon="25.710373"><ele>152.088</ele><time>2023-10-08T10:00:12Z</time></trkpt><trkpt lat="55.007665" lon="25.710022"><ele>0.077</ele><time>2023-10-08T10:00:52Z</time></trkpt><trkpt lat="55.007282" lon="25.709297"><ele>152.661</ele><time>2023-10-08T10:01:32Z</time></trkpt><trkpt lat="55.007019" lon="25.708511"><ele>0.027</ele><time>2023-10-08T10:02:12Z</time></trkpt><trkpt lat="55.006779" lon="25.707931"><ele>0.009</ele><time>2023-10-08T10:02:52Z</time></trkpt><trkpt lat="55.006426" lon="25.706846"><ele>0.048</ele><time>2023-10-08T10:03:32Z</time></trkpt><trkpt lat="55.006205" lon="25.706112"><ele>0.011</ele><time>2023-10-08T10:04:12Z</time></trkpt><trkpt lat="55.006067" lon="25.705608"><ele>0.086</ele><time>2023-10-08T10:04:52Z</time></trkpt><trkpt lat="55.005887" lon="25.704877"><ele>157.648</ele><time>2023-10-08T10:05:32Z</time></trkpt><trkpt lat="55.005858" lon="25.704271"><ele>0.043</ele><time>2023-10-08T10:06:12Z</time></trkpt><trkpt lat="55.005839" lon="25.703592"><ele>0.071</ele><time>2023-10-08T10:06:52Z</time></trkpt><trkpt lat="55.005838" lon="25.703241"><ele>0.074</ele><time>2023-10-08T10:07:32Z</time></trkpt><trkpt lat="55.005909" lon="25.702774"><ele>155.461</ele><time>2023-10-08T10:08:12Z</time></trkpt><trkpt lat="55.006338" lon="25.700285"><ele>152.739</ele><time>2023-10-08T10:08:52Z</time></trkpt><trkpt lat="55.006351" lon="25.698898"><ele>0.069</ele><time>2023-10-08T10:09:32Z</time></trkpt><trkpt lat="55.00635" lon="25.698361"><ele>0.004</ele><time>2023-10-08T10:10:12Z</time></trkpt><trkpt lat="55.006382" lon="25.698131"><ele>156.924</ele><time>2023-10-08T10:10:52Z</time></trkpt><trkpt lat="55.006425" lon="25.697506"><ele>0.009</ele><time>2023-10-08T10:11:32Z</time></trkpt><trkpt lat="55.006393" lon="25.69721"><ele>0.037</ele><time>2023-10-08T10:12:12Z</time></trkpt><trkpt lat="55.006349" lon="25.696815"><ele>157.560</ele><time>2023-10-08T10:12:52Z</time></trkpt><trkpt lat="55.005965" lon="25.695808"><ele>0.095</ele><time>2023-10-08T10:13:32Z</time></trkpt><trkpt lat="55.005882" lon="25.695303"><ele>151.317</ele><time>2023-10-08T10:14:12Z</time></trkpt><trkpt lat="55.005838" lon="25.694163"><ele>0.062</ele><time>2023-10-08T10:14:52Z</time></trkpt><trkpt lat="55.005881" lon="25.693758"><ele>0.030</ele><time>2023-10-08T10:15:32Z</time></trkpt><trkpt lat="55.005806" lon="25.69344"><ele>0.083</ele><time>2023-10-08T10:16:12Z</time></trkpt><trkpt lat="55.005716" lon="25.693032"><ele>145.060</ele><time>2023-10-08T10:16:52Z</time></trkpt><trkpt lat="55.005509" lon="25.692465"><ele>0.018</ele><time>2023-10-08T10:17:32Z</time></trkpt><trkpt lat="55.005408" lon="25.692136"><ele>0.051</ele><time>2023-10-08T10:18:12Z</time></trkpt><trkpt lat="55.005414" lon="25.691533"><ele>151.401</ele><time>2023-10-08T10:18:52Z</time></trkpt><trkpt lat="55.00542" lon="25.691084"><ele>0.011</ele><time>2023-10-08T10:19:32Z</time></trkpt><trkpt lat="55.005464" lon="25.690568"><ele>0.009</ele><time>2023-10-08T10:20:12Z</time></trkpt><trkpt lat="55.005551" lon="25.690119"><ele>0.076</ele><time>2023-10-08T10:20:52Z</time></trkpt><trkpt lat="55.005652" lon="25.68968"><ele>0.059</ele><time>2023-10-08T10:21:32Z</time></trkpt><trkpt lat="55.005737" lon="25.689277"><ele>157.034</ele><time>2023-10-08T10:22:12Z</time></trkpt><trkpt lat="55.005443" lon="25.687882"><ele>158.616</ele><time>2023-10-08T10:22:52Z</time></trkpt><trkpt lat="55.00538" lon="25.687652"><ele>0.091</ele><time>2023-10-08T10:23:32Z</time></trkpt><trkpt lat="55.005265" lon="25.68771"><ele>158.219</ele><time>2023-10-08T10:24:12Z</time></trkpt><trkpt lat="55.003828" lon="25.689577"><ele>159.022</ele><time>2023-10-08T10:24:52Z</time></trkpt><trkpt lat="55.003634" lon="25.690178"><ele>158.829</ele><time>2023-10-08T10:25:32Z</time></trkpt><trkpt lat="55.002132" lon="25.692345"><ele>160.767</ele><time>2023-10-08T10:26:12Z</time></trkpt><trkpt lat="55.001746" lon="25.692324"><ele>160.065</ele><time>2023-10-08T10:26:52Z</time></trkpt><trkpt lat="55.001553" lon="25.692538"><ele>160.468</ele><time>2023-10-08T10:27:32Z</time></trkpt><trkpt lat="55.001188" lon="25.692474"><ele>161.114</ele><time>2023-10-08T10:28:12Z</time></trkpt><trkpt lat="55.000566" lon="25.692989"><ele>162.909</ele><time>2023-10-08T10:28:52Z</time></trkpt><trkpt lat="55.000423" lon="25.693501"><ele>0.067</ele><time>2023-10-08T10:29:32Z</time></trkpt><trkpt lat="55.000322" lon="25.693786"><ele>0.010</ele><time>2023-10-08T10:30:12Z</time></trkpt><trkpt lat="55.000201" lon="25.693997"><ele>164.815</ele><time>2023-10-08T10:30:52Z</time></trkpt><trkpt lat="55.00018" lon="25.692495"><ele>164.497</ele><time>2023-10-08T10:31:32Z</time></trkpt><trkpt lat="54.999876" lon="25.691823"><ele>0.082</ele><time>2023-10-08T10:32:12Z</time></trkpt><trkpt lat="54.999624" lon="25.691165"><ele>0.050</ele><time>2023-10-08T10:32:52Z</time></trkpt><trkpt lat="54.999479" lon="25.690793"><ele>0.043</ele><time>2023-10-08T10:33:32Z</time></trkpt><trkpt lat="54.99941" lon="25.69053"><ele>0.030</ele><time>2023-10-08T10:34:12Z</time></trkpt><trkpt lat="54.999321" lon="25.690178"><ele>161.568</ele><time>2023-10-08T10:34:52Z</time></trkpt><trkpt lat="54.999275" lon="25.689691"><ele>0.011</ele><time>2023-10-08T10:35:32Z</time></trkpt><trkpt lat="54.99928" lon="25.688989"><ele>0.021</ele><time>2023-10-08T10:36:12Z</time></trkpt><trkpt lat="54.999299" lon="25.688375"><ele>0.003</ele><time>2023-10-08T10:36:52Z</time></trkpt><trkpt lat="54.999336" lon="25.687487"><ele>0.009</ele><time>2023-10-08T10:37:32Z</time></trkpt><trkpt lat="54.999429" lon="25.686313"><ele>0.092</ele><time>2023-10-08T10:38:12Z</time></trkpt><trkpt lat="54.99945" lon="25.686058"><ele>159.835</ele><time>2023-10-08T10:38:52Z</time></trkpt><trkpt lat="54.999529" lon="25.685962"><ele>0.020</ele><time>2023-10-08T10:39:32Z</time></trkpt><trkpt lat="54.999598" lon="25.685798"><ele>0.042</ele><time>2023-10-08T10:40:12Z</time></trkpt><trkpt lat="54.99951" lon="25.685644"><ele>0.047</ele><time>2023-10-08T10:40:52Z</time></trkpt><trkpt lat="54.999429" lon="25.685601"><ele>0.025</ele><time>2023-10-08T10:41:32Z</time></trkpt><trkpt lat="54.999284" lon="25.685601"><ele>0.058</ele><time>2023-10-08T10:42:12Z</time></trkpt><trkpt lat="54.99919" lon="25.685722"><ele>0.075</ele><time>2023-10-08T10:42:52Z</time></trkpt><trkpt lat="54.999089" lon="25.685777"><ele>0.073</ele><time>2023-10-08T10:43:32Z</time></trkpt><trkpt lat="54.998951" lon="25.68569"><ele>0.048</ele><time>2023-10-08T10:44:12Z</time></trkpt><trkpt lat="54.998818" lon="25.685449"><ele>0.061</ele><time>2023-10-08T10:44:52Z</time></trkpt><trkpt lat="54.998785" lon="25.685286"><ele>156.617</ele><time>2023-10-08T10:45:32Z</time></trkpt><trkpt lat="54.998717" lon="25.684802"><ele>143.309</ele><time>2023-10-08T10:46:12Z</time></trkpt><trkpt lat="54.998635" lon="25.684178"><ele>0.025</ele><time>2023-10-08T10:46:52Z</time></trkpt><trkpt lat="54.998534" lon="25.683783"><ele>0.068</ele><time>2023-10-08T10:47:32Z</time></trkpt><trkpt lat="54.998377" lon="25.683455"><ele>0.013</ele><time>2023-10-08T10:48:12Z</time></trkpt><trkpt lat="54.998141" lon="25.683076"><ele>138.025</ele><time>2023-10-08T10:48:52Z</time></trkpt><trkpt lat="54.99808" lon="25.68288"><ele>0.080</ele><time>2023-10-08T10:49:32Z</time></trkpt><trkpt lat="54.997653" lon="25.682393"><ele>167.668</ele><time>2023-10-08T10:50:12Z</time></trkpt><trkpt lat="54.997438" lon="25.682037"><ele>0.081</ele><time>2023-10-08T10:50:52Z</time></trkpt><trkpt lat="54.99735" lon="25.681862"><ele>0.078</ele><time>2023-10-08T10:51:32Z</time></trkpt><trkpt lat="54.997206" lon="25.681418"><ele>170.336</ele><time>2023-10-08T10:52:12Z</time></trkpt><trkpt lat="54.997192" lon="25.68127"><ele>0.035</ele><time>2023-10-08T10:52:52Z</time></trkpt><trkpt lat="54.997167" lon="25.680985"><ele>0.086</ele><time>2023-10-08T10:53:32Z</time></trkpt><trkpt lat="54.997129" lon="25.68081"><ele>0.014</ele><time>2023-10-08T10:54:12Z</time></trkpt><trkpt lat="54.997053" lon="25.680679"><ele>0.009</ele><time>2023-10-08T10:54:52Z</time></trkpt><trkpt lat="54.996852" lon="25.680581"><ele>0.014</ele><time>2023-10-08T10:55:32Z</time></trkpt><trkpt lat="54.996626" lon="25.680395"><ele>0.017</ele><time>2023-10-08T10:56:12Z</time></trkpt><trkpt lat="54.996449" lon="25.680253"><ele>0.042</ele><time>2023-10-08T10:56:52Z</time></trkpt><trkpt lat="54.996261" lon="25.6801"><ele>0.064</ele><time>2023-10-08T10:57:32Z</time></trkpt><trkpt lat="54.996198" lon="25.67999"><ele>0.019</ele><time>2023-10-08T10:58:12Z</time></trkpt><trkpt lat="54.996081" lon="25.679771"><ele>171.877</ele><time>2023-10-08T10:58:52Z</time></trkpt><trkpt lat="54.995867" lon="25.678827"><ele>169.960</ele><time>2023-10-08T10:59:32Z</time></trkpt><trkpt lat="54.995652" lon="25.678677"><ele>168.687</ele><time>2023-10-08T11:00:12Z</time></trkpt><trkpt lat="54.995266" lon="25.678913"><ele>168.295</ele><time>2023-10-08T11:00:52Z</time></trkpt><trkpt lat="54.995128" lon="25.678831"><ele>0.051</ele><time>2023-10-08T11:01:32Z</time></trkpt><trkpt lat="54.994876" lon="25.678864"><ele>0.001</ele><time>2023-10-08T11:02:12Z</time></trkpt><trkpt lat="54.994644" lon="25.678934"><ele>170.411</ele><time>2023-10-08T11:02:52Z</time></trkpt><trkpt lat="54.994365" lon="25.679578"><ele>176.909</ele><time>2023-10-08T11:03:32Z</time></trkpt><trkpt lat="54.993678" lon="25.679943"><ele>177.066</ele><time>2023-10-08T11:04:12Z</time></trkpt><trkpt lat="54.993532" lon="25.680194"><ele>0.039</ele><time>2023-10-08T11:04:52Z</time></trkpt><trkpt lat="54.993378" lon="25.680286"><ele>179.174</ele><time>2023-10-08T11:05:32Z</time></trkpt><trkpt lat="54.993003" lon="25.680239"><ele>0.056</ele><time>2023-10-08T11:06:12Z</time></trkpt><trkpt lat="54.992627" lon="25.680329"><ele>188.211</ele><time>2023-10-08T11:06:52Z</time></trkpt><trkpt lat="54.992391" lon="25.681209"><ele>195.199</ele><time>2023-10-08T11:07:32Z</time></trkpt><trkpt lat="54.991957" lon="25.682272"><ele>0.012</ele><time>2023-10-08T11:08:12Z</time></trkpt><trkpt lat="54.991693" lon="25.682777"><ele>195.669</ele><time>2023-10-08T11:08:52Z</time></trkpt><trkpt lat="54.991404" lon="25.683505"><ele>195.197</ele><time>2023-10-08T11:09:32Z</time></trkpt><trkpt lat="54.991103" lon="25.684041"><ele>193.515</ele><time>2023-10-08T11:10:12Z</time></trkpt><trkpt lat="54.990966" lon="25.685585"><ele>190.465</ele><time>2023-10-08T11:10:52Z</time></trkpt><trkpt lat="54.99091" lon="25.685848"><ele>0.011</ele><time>2023-10-08T11:11:32Z</time></trkpt><trkpt lat="54.990702" lon="25.686156"><ele>0.009</ele><time>2023-10-08T11:12:12Z</time></trkpt><trkpt lat="54.990438" lon="25.686509"><ele>188.162</ele><time>2023-10-08T11:12:52Z</time></trkpt><trkpt lat="54.989987" lon="25.686852"><ele>188.735</ele><time>2023-10-08T11:13:32Z</time></trkpt><trkpt lat="54.989794" lon="25.687474"><ele>179.930</ele><time>2023-10-08T11:14:12Z</time></trkpt><trkpt lat="54.989635" lon="25.687814"><ele>0.052</ele><time>2023-10-08T11:14:52Z</time></trkpt><trkpt lat="54.989138" lon="25.688363"><ele>166.337</ele><time>2023-10-08T11:15:32Z</time></trkpt><trkpt lat="54.988849" lon="25.688057"><ele>0.055</ele><time>2023-10-08T11:16:12Z</time></trkpt><trkpt lat="54.988616" lon="25.687926"><ele>0.058</ele><time>2023-10-08T11:16:52Z</time></trkpt><trkpt lat="54.988464" lon="25.687904"><ele>173.275</ele><time>2023-10-08T11:17:32Z</time></trkpt><trkpt lat="54.988251" lon="25.687949"><ele>0.093</ele><time>2023-10-08T11:18:12Z</time></trkpt><trkpt lat="54.987091" lon="25.688912"><ele>171.049</ele><time>2023-10-08T11:18:52Z</time></trkpt><trkpt lat="54.986882" lon="25.689487"><ele>0.002</ele><time>2023-10-08T11:19:32Z</time></trkpt><trkpt lat="54.986475" lon="25.690543"><ele>0.022</ele><time>2023-10-08T11:20:12Z</time></trkpt><trkpt lat="54.986092" lon="25.691268"><ele>0.009</ele><time>2023-10-08T11:20:52Z</time></trkpt><trkpt lat="54.985841" lon="25.69186"><ele>0.065</ele><time>2023-10-08T11:21:32Z</time></trkpt><trkpt lat="54.985659" lon="25.692233"><ele>0.098</ele><time>2023-10-08T11:22:12Z</time></trkpt><trkpt lat="54.985489" lon="25.692409"><ele>0.043</ele><time>2023-10-08T11:22:52Z</time></trkpt><trkpt lat="54.98531" lon="25.692731"><ele>160.375</ele><time>2023-10-08T11:23:32Z</time></trkpt><trkpt lat="54.985031" lon="25.693869"><ele>158.020</ele><time>2023-10-08T11:24:12Z</time></trkpt><trkpt lat="54.98479" lon="25.690372"><ele>163.488</ele><time>2023-10-08T11:24:52Z</time></trkpt><trkpt lat="54.98385" lon="25.690607"><ele>155.051</ele><time>2023-10-08T11:25:32Z</time></trkpt><trkpt lat="54.98355" lon="25.689534"><ele>154.248</ele><time>2023-10-08T11:26:12Z</time></trkpt><trkpt lat="54.982885" lon="25.688118"><ele>150.986</ele><time>2023-10-08T11:26:52Z</time></trkpt><trkpt lat="54.982666" lon="25.687879"><ele>0.097</ele><time>2023-10-08T11:27:32Z</time></trkpt><trkpt lat="54.982427" lon="25.687573"><ele>0.023</ele><time>2023-10-08T11:28:12Z</time></trkpt><trkpt lat="54.982257" lon="25.687376"><ele>0.025</ele><time>2023-10-08T11:28:52Z</time></trkpt><trkpt lat="54.982124" lon="25.68719"><ele>0.009</ele><time>2023-10-08T11:29:32Z</time></trkpt><trkpt lat="54.982048" lon="25.686831"><ele>150.730</ele><time>2023-10-08T11:30:12Z</time></trkpt><trkpt lat="54.981841" lon="25.686072"><ele>0.013</ele><time>2023-10-08T11:30:52Z</time></trkpt><trkpt lat="54.981664" lon="25.685459"><ele>0.028</ele><time>2023-10-08T11:31:32Z</time></trkpt><trkpt lat="54.98149" lon="25.685093"><ele>147.780</ele><time>2023-10-08T11:32:12Z</time></trkpt><trkpt lat="54.978507" lon="25.658313"><ele>163.435</ele><time>2023-10-08T11:32:52Z</time></trkpt><trkpt lat="54.978229" lon="25.657498"><ele>158.733</ele><time>2023-10-08T11:33:32Z</time></trkpt><trkpt lat="54.978382" lon="25.657045"><ele>0.046</ele><time>2023-10-08T11:34:12Z</time></trkpt><trkpt lat="54.978513" lon="25.656212"><ele>160.553</ele><time>2023-10-08T11:34:52Z</time></trkpt><trkpt lat="54.978544" lon="25.655718"><ele>0.061</ele><time>2023-10-08T11:35:32Z</time></trkpt><trkpt lat="54.978486" lon="25.655266"><ele>154.932</ele><time>2023-10-08T11:36:12Z</time></trkpt><trkpt lat="54.977896" lon="25.654974"><ele>0.092</ele><time>2023-10-08T11:36:52Z</time></trkpt><trkpt lat="54.977638" lon="25.654953"><ele>0.011</ele><time>2023-10-08T11:37:32Z</time></trkpt><trkpt lat="54.977405" lon="25.654844"><ele>0.009</ele><time>2023-10-08T11:38:12Z</time></trkpt><trkpt lat="54.977198" lon="25.654713"><ele>0.044</ele><time>2023-10-08T11:38:52Z</time></trkpt><trkpt lat="54.977113" lon="25.654537"><ele>157.117</ele><time>2023-10-08T11:39:32Z</time></trkpt><trkpt lat="54.977048" lon="25.650975"><ele>155.452</ele><time>2023-10-08T11:40:12Z</time></trkpt><trkpt lat="54.977037" lon="25.650788"><ele>0.044</ele><time>2023-10-08T11:40:52Z</time></trkpt><trkpt lat="54.976716" lon="25.650416"><ele>0.039</ele><time>2023-10-08T11:41:32Z</time></trkpt><trkpt lat="54.97632" lon="25.649683"><ele>0.097</ele><time>2023-10-08T11:42:12Z</time></trkpt><trkpt lat="54.975936" lon="25.649103"><ele>0.070</ele><time>2023-10-08T11:42:52Z</time></trkpt><trkpt lat="54.975564" lon="25.648512"><ele>0.097</ele><time>2023-10-08T11:43:32Z</time></trkpt><trkpt lat="54.975457" lon="25.648336"><ele>160.465</ele><time>2023-10-08T11:44:12Z</time></trkpt><trkpt lat="54.975312" lon="25.648297"><ele>0.042</ele><time>2023-10-08T11:44:52Z</time></trkpt><trkpt lat="54.973143" lon="25.649224"><ele>159.622</ele><time>2023-10-08T11:45:32Z</time></trkpt><trkpt lat="54.972861" lon="25.649663"><ele>0.014</ele><time>2023-10-08T11:46:12Z</time></trkpt><trkpt lat="54.972748" lon="25.649838"><ele>0.009</ele><time>2023-10-08T11:46:52Z</time></trkpt><trkpt lat="54.972698" lon="25.650124"><ele>159.475</ele><time>2023-10-08T11:47:32Z</time></trkpt><trkpt lat="54.97261" lon="25.65054"><ele>0.038</ele><time>2023-10-08T11:48:12Z</time></trkpt><trkpt lat="54.972573" lon="25.651209"><ele>158.343</ele><time>2023-10-08T11:48:52Z</time></trkpt><trkpt lat="54.97256" lon="25.651297"><ele>0.045</ele><time>2023-10-08T11:49:32Z</time></trkpt><trkpt lat="54.972214" lon="25.651155"><ele>0.080</ele><time>2023-10-08T11:50:12Z</time></trkpt><trkpt lat="54.971988" lon="25.651079"><ele>0.048</ele><time>2023-10-08T11:50:52Z</time></trkpt><trkpt lat="54.971684" lon="25.651104"><ele>160.061</ele><time>2023-10-08T11:51:32Z</time></trkpt><trkpt lat="54.971191" lon="25.650854"><ele>0.098</ele><time>2023-10-08T11:52:12Z</time></trkpt><trkpt lat="54.970977" lon="25.650657"><ele>0.066</ele><time>2023-10-08T11:52:52Z</time></trkpt><trkpt lat="54.970719" lon="25.650362"><ele>0.044</ele><time>2023-10-08T11:53:32Z</time></trkpt><trkpt lat="54.970593" lon="25.650241"><ele>0.005</ele><time>2023-10-08T11:54:12Z</time></trkpt><trkpt lat="54.970504" lon="25.650288"><ele>160.815</ele><time>2023-10-08T11:54:52Z</time></trkpt><trkpt lat="54.970118" lon="25.650374"><ele>159.709</ele><time>2023-10-08T11:55:32Z</time></trkpt><trkpt lat="54.969838" lon="25.650287"><ele>0.075</ele><time>2023-10-08T11:56:12Z</time></trkpt><trkpt lat="54.969624" lon="25.650101"><ele>0.098</ele><time>2023-10-08T11:56:52Z</time></trkpt><trkpt lat="54.969452" lon="25.649902"><ele>163.023</ele><time>2023-10-08T11:57:32Z</time></trkpt><trkpt lat="54.96936" lon="25.649674"><ele>0.095</ele><time>2023-10-08T11:58:12Z</time></trkpt><trkpt lat="54.969045" lon="25.647885"><ele>162.470</ele><time>2023-10-08T11:58:52Z</time></trkpt><trkpt lat="54.969025" lon="25.647691"><ele>0.038</ele><time>2023-10-08T11:59:32Z</time></trkpt><trkpt lat="54.968874" lon="25.647549"><ele>0.011</ele><time>2023-10-08T12:00:12Z</time></trkpt><trkpt lat="54.968723" lon="25.647352"><ele>0.018</ele><time>2023-10-08T12:00:52Z</time></trkpt><trkpt lat="54.968622" lon="25.647187"><ele>0.026</ele><time>2023-10-08T12:01:32Z</time></trkpt><trkpt lat="54.968465" lon="25.646769"><ele>160.817</ele><time>2023-10-08T12:02:12Z</time></trkpt><trkpt lat="54.967864" lon="25.646597"><ele>161.687</ele><time>2023-10-08T12:02:52Z</time></trkpt><trkpt lat="54.965618" lon="25.643605"><ele>0.015</ele><time>2023-10-08T12:03:32Z</time></trkpt><trkpt lat="54.965492" lon="25.643408"><ele>0.009</ele><time>2023-10-08T12:04:12Z</time></trkpt><trkpt lat="54.965354" lon="25.643379"><ele>163.032</ele><time>2023-10-08T12:04:52Z</time></trkpt><trkpt lat="54.964945" lon="25.643151"><ele>0.055</ele><time>2023-10-08T12:05:32Z</time></trkpt><trkpt lat="54.964706" lon="25.643031"><ele>0.060</ele><time>2023-10-08T12:06:12Z</time></trkpt><trkpt lat="54.964328" lon="25.642791"><ele>0.022</ele><time>2023-10-08T12:06:52Z</time></trkpt><trkpt lat="54.964001" lon="25.642627"><ele>0.037</ele><time>2023-10-08T12:07:32Z</time></trkpt><trkpt lat="54.963957" lon="25.642594"><ele>0.055</ele><time>2023-10-08T12:08:12Z</time></trkpt><trkpt lat="54.963873" lon="25.642692"><ele>159.328</ele><time>2023-10-08T12:08:52Z</time></trkpt><trkpt lat="54.963467" lon="25.642595"><ele>0.085</ele><time>2023-10-08T12:09:32Z</time></trkpt><trkpt lat="54.963265" lon="25.642563"><ele>0.083</ele><time>2023-10-08T12:10:12Z</time></trkpt><trkpt lat="54.963014" lon="25.642553"><ele>0.027</ele><time>2023-10-08T12:10:52Z</time></trkpt><trkpt lat="54.962875" lon="25.642553"><ele>0.068</ele><time>2023-10-08T12:11:32Z</time></trkpt><trkpt lat="54.962574" lon="25.642466"><ele>0.014</ele><time>2023-10-08T12:12:12Z</time></trkpt><trkpt lat="54.962416" lon="25.642401"><ele>0.009</ele><time>2023-10-08T12:12:52Z</time></trkpt><trkpt lat="54.96219" lon="25.642215"><ele>0.013</ele><time>2023-10-08T12:13:32Z</time></trkpt><trkpt lat="54.962007" lon="25.642055"><ele>155.756</ele><time>2023-10-08T12:14:12Z</time></trkpt><trkpt lat="54.961529" lon="25.641651"><ele>0.081</ele><time>2023-10-08T12:14:52Z</time></trkpt><trkpt lat="54.96129" lon="25.641487"><ele>0.093</ele><time>2023-10-08T12:15:32Z</time></trkpt><trkpt lat="54.961151" lon="25.641356"><ele>0.048</ele><time>2023-10-08T12:16:12Z</time></trkpt><trkpt lat="54.960891" lon="25.64089"><ele>155.426</ele><time>2023-10-08T12:16:52Z</time></trkpt><trkpt lat="54.960566" lon="25.640557"><ele>0.079</ele><time>2023-10-08T12:17:32Z</time></trkpt><trkpt lat="54.960157" lon="25.640262"><ele>0.046</ele><time>2023-10-08T12:18:12Z</time></trkpt><trkpt lat="54.959453" lon="25.63986"><ele>157.574</ele><time>2023-10-08T12:18:52Z</time></trkpt><trkpt lat="54.958423" lon="25.639602"><ele>154.069</ele><time>2023-10-08T12:19:32Z</time></trkpt><trkpt lat="54.957064" lon="25.639724"><ele>0.004</ele><time>2023-10-08T12:20:12Z</time></trkpt><trkpt lat="54.956901" lon="25.639736"><ele>0.024</ele><time>2023-10-08T12:20:52Z</time></trkpt><trkpt lat="54.95653" lon="25.63966"><ele>0.009</ele><time>2023-10-08T12:21:32Z</time></trkpt><trkpt lat="54.955819" lon="25.639716"><ele>0.057</ele><time>2023-10-08T12:22:12Z</time></trkpt><trkpt lat="54.955215" lon="25.63974"><ele>0.040</ele><time>2023-10-08T12:22:52Z</time></trkpt><trkpt lat="54.954788" lon="25.639708"><ele>0.025</ele><time>2023-10-08T12:23:32Z</time></trkpt><trkpt lat="54.954549" lon="25.639621"><ele>0.017</ele><time>2023-10-08T12:24:12Z</time></trkpt><trkpt lat="54.954348" lon="25.639643"><ele>0.022</ele><time>2023-10-08T12:24:52Z</time></trkpt><trkpt lat="54.95419" lon="25.639709"><ele>0.080</ele><time>2023-10-08T12:25:32Z</time></trkpt><trkpt lat="54.954046" lon="25.63983"><ele>0.023</ele><time>2023-10-08T12:26:12Z</time></trkpt><trkpt lat="54.953947" lon="25.639943"><ele>0.010</ele><time>2023-10-08T12:26:52Z</time></trkpt><trkpt lat="54.95384" lon="25.639965"><ele>0.038</ele><time>2023-10-08T12:27:32Z</time></trkpt><trkpt lat="54.953607" lon="25.639944"><ele>0.057</ele><time>2023-10-08T12:28:12Z</time></trkpt><trkpt lat="54.953482" lon="25.639856"><ele>0.000</ele><time>2023-10-08T12:28:52Z</time></trkpt><trkpt lat="54.953349" lon="25.639802"><ele>0.020</ele><time>2023-10-08T12:29:32Z</time></trkpt><trkpt lat="54.953023" lon="25.639847"><ele>0.009</ele><time>2023-10-08T12:30:12Z</time></trkpt><trkpt lat="54.952639" lon="25.639858"><ele>0.066</ele><time>2023-10-08T12:30:52Z</time></trkpt><trkpt lat="54.951342" lon="25.639881"><ele>143.949</ele><time>2023-10-08T12:31:32Z</time></trkpt><trkpt lat="54.950903" lon="25.640016"><ele>0.074</ele><time>2023-10-08T12:32:12Z</time></trkpt><trkpt lat="54.950363" lon="25.640281"><ele>0.056</ele><time>2023-10-08T12:32:52Z</time></trkpt><trkpt lat="54.950055" lon="25.640588"><ele>0.081</ele><time>2023-10-08T12:33:32Z</time></trkpt><trkpt lat="54.949659" lon="25.640743"><ele>0.059</ele><time>2023-10-08T12:34:12Z</time></trkpt><trkpt lat="54.949382" lon="25.640875"><ele>0.082</ele><time>2023-10-08T12:34:52Z</time></trkpt><trkpt lat="54.949175" lon="25.64105"><ele>0.089</ele><time>2023-10-08T12:35:32Z</time></trkpt><trkpt lat="54.948868" lon="25.641237"><ele>0.077</ele><time>2023-10-08T12:36:12Z</time></trkpt><trkpt lat="54.94856" lon="25.641457"><ele>0.047</ele><time>2023-10-08T12:36:52Z</time></trkpt><trkpt lat="54.948166" lon="25.641576"><ele>141.029</ele><time>2023-10-08T12:37:32Z</time></trkpt><trkpt lat="54.947462" lon="25.641373"><ele>0.021</ele><time>2023-10-08T12:38:12Z</time></trkpt><trkpt lat="54.947028" lon="25.641298"><ele>0.009</ele><time>2023-10-08T12:38:52Z</time></trkpt><trkpt lat="54.946859" lon="25.641254"><ele>0.075</ele><time>2023-10-08T12:39:32Z</time></trkpt><trkpt lat="54.946569" lon="25.641266"><ele>139.088</ele><time>2023-10-08T12:40:12Z</time></trkpt><trkpt lat="54.946291" lon="25.641367"><ele>0.033</ele><time>2023-10-08T12:40:52Z</time></trkpt><trkpt lat="54.946096" lon="25.641444"><ele>0.025</ele><time>2023-10-08T12:41:32Z</time></trkpt><trkpt lat="54.945895" lon="25.641565"><ele>0.030</ele><time>2023-10-08T12:42:12Z</time></trkpt><trkpt lat="54.945681" lon="25.641741"><ele>0.088</ele><time>2023-10-08T12:42:52Z</time></trkpt><trkpt lat="54.945323" lon="25.642016"><ele>0.081</ele><time>2023-10-08T12:43:32Z</time></trkpt><trkpt lat="54.94516" lon="25.641961"><ele>0.058</ele><time>2023-10-08T12:44:12Z</time></trkpt><trkpt lat="54.945078" lon="25.641863"><ele>0.096</ele><time>2023-10-08T12:44:52Z</time></trkpt><trkpt lat="54.945071" lon="25.641633"><ele>0.088</ele><time>2023-10-08T12:45:32Z</time></trkpt><trkpt lat="54.945128" lon="25.641183"><ele>0.024</ele><time>2023-10-08T12:46:12Z</time></trkpt><trkpt lat="54.945184" lon="25.640701"><ele>0.026</ele><time>2023-10-08T12:46:52Z</time></trkpt><trkpt lat="54.945391" lon="25.639944"><ele>0.009</ele><time>2023-10-08T12:47:32Z</time></trkpt><trkpt lat="54.945485" lon="25.639658"><ele>0.099</ele><time>2023-10-08T12:48:12Z</time></trkpt><trkpt lat="54.945516" lon="25.639428"><ele>137.942</ele><time>2023-10-08T12:48:52Z</time></trkpt><trkpt lat="54.946192" lon="25.635826"><ele>144.717</ele><time>2023-10-08T12:49:32Z</time></trkpt><trkpt lat="54.946267" lon="25.635403"><ele>0.069</ele><time>2023-10-08T12:50:12Z</time></trkpt><trkpt lat="54.946474" lon="25.634865"><ele>0.084</ele><time>2023-10-08T12:50:52Z</time></trkpt><trkpt lat="54.946707" lon="25.634216"><ele>143.572</ele><time>2023-10-08T12:51:32Z</time></trkpt><trkpt lat="54.947029" lon="25.63162"><ele>139.025</ele><time>2023-10-08T12:52:12Z</time></trkpt><trkpt lat="54.947044" lon="25.631323"><ele>0.052</ele><time>2023-10-08T12:52:52Z</time></trkpt><trkpt lat="54.946918" lon="25.630577"><ele>0.030</ele><time>2023-10-08T12:53:32Z</time></trkpt><trkpt lat="54.94688" lon="25.630468"><ele>0.084</ele><time>2023-10-08T12:54:12Z</time></trkpt><trkpt lat="54.946772" lon="25.630032"><ele>138.007</ele><time>2023-10-08T12:54:52Z</time></trkpt><trkpt lat="54.946471" lon="25.629539"><ele>136.117</ele><time>2023-10-08T12:55:32Z</time></trkpt><trkpt lat="54.946385" lon="25.628316"><ele>139.109</ele><time>2023-10-08T12:56:12Z</time></trkpt><trkpt lat="54.946514" lon="25.627114"><ele>141.549</ele><time>2023-10-08T12:56:52Z</time></trkpt><trkpt lat="54.946171" lon="25.626213"><ele>138.932</ele><time>2023-10-08T12:57:32Z</time></trkpt><trkpt lat="54.946042" lon="25.62499"><ele>139.067</ele><time>2023-10-08T12:58:12Z</time></trkpt><trkpt lat="54.946578" lon="25.621986"><ele>136.629</ele><time>2023-10-08T12:58:52Z</time></trkpt><trkpt lat="54.946321" lon="25.621363"><ele>136.584</ele><time>2023-10-08T12:59:32Z</time></trkpt><trkpt lat="54.946192" lon="25.620183"><ele>137.322</ele><time>2023-10-08T13:00:12Z</time></trkpt><trkpt lat="54.945355" lon="25.61896"><ele>134.875</ele><time>2023-10-08T13:00:52Z</time></trkpt><trkpt lat="54.942991" lon="25.618251"><ele>141.652</ele><time>2023-10-08T13:01:32Z</time></trkpt><trkpt lat="54.942751" lon="25.617572"><ele>0.030</ele><time>2023-10-08T13:02:12Z</time></trkpt><trkpt lat="54.942613" lon="25.617419"><ele>0.077</ele><time>2023-10-08T13:02:52Z</time></trkpt><trkpt lat="54.94255" lon="25.617134"><ele>0.061</ele><time>2023-10-08T13:03:32Z</time></trkpt><trkpt lat="54.942382" lon="25.616249"><ele>0.027</ele><time>2023-10-08T13:04:12Z</time></trkpt><trkpt lat="54.942313" lon="25.615877"><ele>0.009</ele><time>2023-10-08T13:04:52Z</time></trkpt><trkpt lat="54.942224" lon="25.615691"><ele>0.018</ele><time>2023-10-08T13:05:32Z</time></trkpt><trkpt lat="54.942029" lon="25.615656"><ele>134.141</ele><time>2023-10-08T13:06:12Z</time></trkpt><trkpt lat="54.94027" lon="25.614518"><ele>128.226</ele><time>2023-10-08T13:06:52Z</time></trkpt><trkpt lat="54.939905" lon="25.614497"><ele>127.148</ele><time>2023-10-08T13:07:32Z</time></trkpt><trkpt lat="54.939669" lon="25.615226"><ele>128.293</ele><time>2023-10-08T13:08:12Z</time></trkpt><trkpt lat="54.939722" lon="25.615531"><ele>0.041</ele><time>2023-10-08T13:08:52Z</time></trkpt><trkpt lat="54.939691" lon="25.615959"><ele>0.074</ele><time>2023-10-08T13:09:32Z</time></trkpt><trkpt lat="54.939669" lon="25.616492"><ele>128.021</ele><time>2023-10-08T13:10:12Z</time></trkpt><trkpt lat="54.939176" lon="25.615784"><ele>129.069</ele><time>2023-10-08T13:10:52Z</time></trkpt><trkpt lat="54.938451" lon="25.615052"><ele>0.021</ele><time>2023-10-08T13:11:32Z</time></trkpt><trkpt lat="54.938011" lon="25.614592"><ele>0.041</ele><time>2023-10-08T13:12:12Z</time></trkpt><trkpt lat="54.937802" lon="25.614432"><ele>129.005</ele><time>2023-10-08T13:12:52Z</time></trkpt><trkpt lat="54.936922" lon="25.613789"><ele>138.609</ele><time>2023-10-08T13:13:32Z</time></trkpt><trkpt lat="54.93679" lon="25.613417"><ele>0.043</ele><time>2023-10-08T13:14:12Z</time></trkpt><trkpt lat="54.936463" lon="25.612629"><ele>0.016</ele><time>2023-10-08T13:14:52Z</time></trkpt><trkpt lat="54.93633" lon="25.612256"><ele>0.011</ele><time>2023-10-08T13:15:32Z</time></trkpt><trkpt lat="54.935745" lon="25.611216"><ele>0.093</ele><time>2023-10-08T13:16:12Z</time></trkpt><trkpt lat="54.935455" lon="25.610669"><ele>0.078</ele><time>2023-10-08T13:16:52Z</time></trkpt><trkpt lat="54.935241" lon="25.610176"><ele>0.056</ele><time>2023-10-08T13:17:32Z</time></trkpt><trkpt lat="54.934691" lon="25.608961"><ele>152.299</ele><time>2023-10-08T13:18:12Z</time></trkpt><trkpt lat="54.934069" lon="25.608446"><ele>152.876</ele><time>2023-10-08T13:18:52Z</time></trkpt><trkpt lat="54.93385" lon="25.608217"><ele>0.094</ele><time>2023-10-08T13:19:32Z</time></trkpt><trkpt lat="54.933774" lon="25.608042"><ele>0.064</ele><time>2023-10-08T13:20:12Z</time></trkpt><trkpt lat="54.933532" lon="25.608102"><ele>152.006</ele><time>2023-10-08T13:20:52Z</time></trkpt><trkpt lat="54.933321" lon="25.607999"><ele>0.016</ele><time>2023-10-08T13:21:32Z</time></trkpt><trkpt lat="54.932938" lon="25.608044"><ele>0.009</ele><time>2023-10-08T13:22:12Z</time></trkpt><trkpt lat="54.932592" lon="25.608154"><ele>0.067</ele><time>2023-10-08T13:22:52Z</time></trkpt><trkpt lat="54.932372" lon="25.608144"><ele>0.090</ele><time>2023-10-08T13:23:32Z</time></trkpt><trkpt lat="54.931236" lon="25.608188"><ele>153.915</ele><time>2023-10-08T13:24:12Z</time></trkpt><trkpt lat="54.93093" lon="25.60823"><ele>0.067</ele><time>2023-10-08T13:24:52Z</time></trkpt><trkpt lat="54.930035" lon="25.60866"><ele>156.752</ele><time>2023-10-08T13:25:32Z</time></trkpt><trkpt lat="54.929585" lon="25.609077"><ele>0.050</ele><time>2023-10-08T13:26:12Z</time></trkpt><trkpt lat="54.929302" lon="25.609352"><ele>0.053</ele><time>2023-10-08T13:26:52Z</time></trkpt><trkpt lat="54.929126" lon="25.609539"><ele>0.050</ele><time>2023-10-08T13:27:32Z</time></trkpt><trkpt lat="54.928743" lon="25.609923"><ele>0.098</ele><time>2023-10-08T13:28:12Z</time></trkpt><trkpt lat="54.928404" lon="25.610308"><ele>0.095</ele><time>2023-10-08T13:28:52Z</time></trkpt><trkpt lat="54.928247" lon="25.610506"><ele>0.049</ele><time>2023-10-08T13:29:32Z</time></trkpt><trkpt lat="54.927953" lon="25.611021"><ele>146.623</ele><time>2023-10-08T13:30:12Z</time></trkpt><trkpt lat="54.927914" lon="25.611756"><ele>0.009</ele><time>2023-10-08T13:30:52Z</time></trkpt><trkpt lat="54.927908" lon="25.612206"><ele>0.050</ele><time>2023-10-08T13:31:32Z</time></trkpt><trkpt lat="54.92791" lon="25.613124"><ele>130.643</ele><time>2023-10-08T13:32:12Z</time></trkpt><trkpt lat="54.92779" lon="25.613423"><ele>0.088</ele><time>2023-10-08T13:32:52Z</time></trkpt><trkpt lat="54.927702" lon="25.613719"><ele>0.050</ele><time>2023-10-08T13:33:32Z</time></trkpt><trkpt lat="54.92762" lon="25.613928"><ele>0.085</ele><time>2023-10-08T13:34:12Z</time></trkpt><trkpt lat="54.927608" lon="25.614048"><ele>0.073</ele><time>2023-10-08T13:34:52Z</time></trkpt><trkpt lat="54.927545" lon="25.614312"><ele>0.096</ele><time>2023-10-08T13:35:32Z</time></trkpt><trkpt lat="54.927508" lon="25.614575"><ele>0.023</ele><time>2023-10-08T13:36:12Z</time></trkpt><trkpt lat="54.927417" lon="25.615226"><ele>144.361</ele><time>2023-10-08T13:36:52Z</time></trkpt><trkpt lat="54.926945" lon="25.615784"><ele>154.021</ele><time>2023-10-08T13:37:32Z</time></trkpt><trkpt lat="54.926554" lon="25.616856"><ele>154.041</ele><time>2023-10-08T13:38:12Z</time></trkpt><trkpt lat="54.926171" lon="25.617658"><ele>0.005</ele><time>2023-10-08T13:38:52Z</time></trkpt><trkpt lat="54.926065" lon="25.618042"><ele>0.009</ele><time>2023-10-08T13:39:32Z</time></trkpt><trkpt lat="54.9257" lon="25.618634"><ele>155.623</ele><time>2023-10-08T13:40:12Z</time></trkpt><trkpt lat="54.925489" lon="25.618994"><ele>0.076</ele><time>2023-10-08T13:40:52Z</time></trkpt><trkpt lat="54.925012" lon="25.619379"><ele>0.091</ele><time>2023-10-08T13:41:32Z</time></trkpt><trkpt lat="54.924572" lon="25.619764"><ele>0.073</ele><time>2023-10-08T13:42:12Z</time></trkpt><trkpt lat="54.924251" lon="25.620126"><ele>0.058</ele><time>2023-10-08T13:42:52Z</time></trkpt><trkpt lat="54.923705" lon="25.620762"><ele>151.716</ele><time>2023-10-08T13:43:32Z</time></trkpt><trkpt lat="54.923028" lon="25.622051"><ele>150.989</ele><time>2023-10-08T13:44:12Z</time></trkpt><trkpt lat="54.922513" lon="25.622688"><ele>148.116</ele><time>2023-10-08T13:44:52Z</time></trkpt><trkpt lat="54.922098" lon="25.62338"><ele>0.074</ele><time>2023-10-08T13:45:32Z</time></trkpt><trkpt lat="54.921163" lon="25.625048"><ele>0.017</ele><time>2023-10-08T13:46:12Z</time></trkpt><trkpt lat="54.919888" lon="25.627266"><ele>0.087</ele><time>2023-10-08T13:46:52Z</time></trkpt><trkpt lat="54.917606" lon="25.631483"><ele>0.015</ele><time>2023-10-08T13:47:32Z</time></trkpt><trkpt lat="54.916702" lon="25.633185"><ele>0.009</ele><time>2023-10-08T13:48:12Z</time></trkpt><trkpt lat="54.91463" lon="25.637038"><ele>0.052</ele><time>2023-10-08T13:48:52Z</time></trkpt><trkpt lat="54.914052" lon="25.638158"><ele>0.065</ele><time>2023-10-08T13:49:32Z</time></trkpt><trkpt lat="54.913715" lon="25.638776"><ele>118.960</ele><time>2023-10-08T13:50:12Z</time></trkpt><trkpt lat="54.913722" lon="25.639126"><ele>0.082</ele><time>2023-10-08T13:50:52Z</time></trkpt><trkpt lat="54.913842" lon="25.639554"><ele>0.077</ele><time>2023-10-08T13:51:32Z</time></trkpt><trkpt lat="54.914049" lon="25.640117"><ele>108.035</ele><time>2023-10-08T13:52:12Z</time></trkpt><trkpt lat="54.915121" lon="25.642435"><ele>112.928</ele><time>2023-10-08T13:52:52Z</time></trkpt><trkpt lat="54.915096" lon="25.642905"><ele>0.045</ele><time>2023-10-08T13:53:32Z</time></trkpt><trkpt lat="54.915002" lon="25.6433"><ele>0.053</ele><time>2023-10-08T13:54:12Z</time></trkpt><trkpt lat="54.914928" lon="25.643465"><ele>116.334</ele><time>2023-10-08T13:54:52Z</time></trkpt><trkpt lat="54.913469" lon="25.647027"><ele>128.755</ele><time>2023-10-08T13:55:32Z</time></trkpt><trkpt lat="54.913325" lon="25.646758"><ele>0.010</ele><time>2023-10-08T13:56:12Z</time></trkpt><trkpt lat="54.912916" lon="25.646518"><ele>0.009</ele><time>2023-10-08T13:56:52Z</time></trkpt><trkpt lat="54.91247" lon="25.646069"><ele>0.094</ele><time>2023-10-08T13:57:32Z</time></trkpt><trkpt lat="54.911595" lon="25.645183"><ele>0.017</ele><time>2023-10-08T13:58:12Z</time></trkpt><trkpt lat="54.911211" lon="25.644822"><ele>0.082</ele><time>2023-10-08T13:58:52Z</time></trkpt><trkpt lat="54.910766" lon="25.644366"><ele>130.984</ele><time>2023-10-08T13:59:32Z</time></trkpt><trkpt lat="54.910229" lon="25.643422"><ele>128.159</ele><time>2023-10-08T14:00:12Z</time></trkpt><trkpt lat="54.909769" lon="25.643598"><ele>0.067</ele><time>2023-10-08T14:00:52Z</time></trkpt><trkpt lat="54.909385" lon="25.643698"><ele>0.020</ele><time>2023-10-08T14:01:32Z</time></trkpt><trkpt lat="54.909002" lon="25.643819"><ele>0.047</ele><time>2023-10-08T14:02:12Z</time></trkpt><trkpt lat="54.908706" lon="25.643842"><ele>0.035</ele><time>2023-10-08T14:02:52Z</time></trkpt><trkpt lat="54.908423" lon="25.643733"><ele>0.087</ele><time>2023-10-08T14:03:32Z</time></trkpt><trkpt lat="54.908285" lon="25.643733"><ele>0.042</ele><time>2023-10-08T14:04:12Z</time></trkpt><trkpt lat="54.90792" lon="25.643899"><ele>0.026</ele><time>2023-10-08T14:04:52Z</time></trkpt><trkpt lat="54.907669" lon="25.643987"><ele>0.009</ele><time>2023-10-08T14:05:32Z</time></trkpt><trkpt lat="54.907178" lon="25.644142"><ele>0.019</ele><time>2023-10-08T14:06:12Z</time></trkpt><trkpt lat="54.906757" lon="25.644165"><ele>0.032</ele><time>2023-10-08T14:06:52Z</time></trkpt><trkpt lat="54.906438" lon="25.644212"><ele>0.047</ele><time>2023-10-08T14:07:32Z</time></trkpt><trkpt lat="54.906117" lon="25.644312"><ele>0.059</ele><time>2023-10-08T14:08:12Z</time></trkpt><trkpt lat="54.905728" lon="25.644466"><ele>0.084</ele><time>2023-10-08T14:08:52Z</time></trkpt><trkpt lat="54.905438" lon="25.644555"><ele>0.042</ele><time>2023-10-08T14:09:32Z</time></trkpt><trkpt lat="54.904885" lon="25.644644"><ele>0.065</ele><time>2023-10-08T14:10:12Z</time></trkpt><trkpt lat="54.90469" lon="25.644677"><ele>0.022</ele><time>2023-10-08T14:10:52Z</time></trkpt><trkpt lat="54.904495" lon="25.644688"><ele>0.030</ele><time>2023-10-08T14:11:32Z</time></trkpt><trkpt lat="54.904269" lon="25.644831"><ele>0.033</ele><time>2023-10-08T14:12:12Z</time></trkpt><trkpt lat="54.904124" lon="25.64493"><ele>0.023</ele><time>2023-10-08T14:12:52Z</time></trkpt><trkpt lat="54.904018" lon="25.644953"><ele>0.015</ele><time>2023-10-08T14:13:32Z</time></trkpt><trkpt lat="54.903878" lon="25.644924"><ele>120.509</ele><time>2023-10-08T14:14:12Z</time></trkpt><trkpt lat="54.901024" lon="25.643293"><ele>116.124</ele><time>2023-10-08T14:14:52Z</time></trkpt><trkpt lat="54.900796" lon="25.643112"><ele>0.057</ele><time>2023-10-08T14:15:32Z</time></trkpt><trkpt lat="54.899822" lon="25.642799"><ele>105.662</ele><time>2023-10-08T14:16:12Z</time></trkpt><trkpt lat="54.897333" lon="25.641297"><ele>119.464</ele><time>2023-10-08T14:16:52Z</time></trkpt><trkpt lat="54.897269" lon="25.640933"><ele>120.819</ele><time>2023-10-08T14:17:32Z</time></trkpt><trkpt lat="54.896046" lon="25.640289"><ele>124.287</ele><time>2023-10-08T14:18:12Z</time></trkpt><trkpt lat="54.894672" lon="25.639323"><ele>127.750</ele><time>2023-10-08T14:18:52Z</time></trkpt><trkpt lat="54.894372" lon="25.639023"><ele>128.957</ele><time>2023-10-08T14:19:32Z</time></trkpt><trkpt lat="54.894206" lon="25.638852"><ele>0.085</ele><time>2023-10-08T14:20:12Z</time></trkpt><trkpt lat="54.894149" lon="25.638469"><ele>0.085</ele><time>2023-10-08T14:20:52Z</time></trkpt><trkpt lat="54.894118" lon="25.63814"><ele>0.089</ele><time>2023-10-08T14:21:32Z</time></trkpt><trkpt lat="54.894111" lon="25.6378"><ele>0.017</ele><time>2023-10-08T14:22:12Z</time></trkpt><trkpt lat="54.894111" lon="25.637701"><ele>0.009</ele><time>2023-10-08T14:22:52Z</time></trkpt><trkpt lat="54.894123" lon="25.637537"><ele>0.099</ele><time>2023-10-08T14:23:32Z</time></trkpt><trkpt lat="54.893621" lon="25.637263"><ele>134.072</ele><time>2023-10-08T14:24:12Z</time></trkpt><trkpt lat="54.890359" lon="25.634989"><ele>127.477</ele><time>2023-10-08T14:24:52Z</time></trkpt><trkpt lat="54.890104" lon="25.634721"><ele>0.079</ele><time>2023-10-08T14:25:32Z</time></trkpt><trkpt lat="54.889966" lon="25.634579"><ele>0.094</ele><time>2023-10-08T14:26:12Z</time></trkpt><trkpt lat="54.889887" lon="25.634302"><ele>130.122</ele><time>2023-10-08T14:26:52Z</time></trkpt><trkpt lat="54.889859" lon="25.633943"><ele>0.015</ele><time>2023-10-08T14:27:32Z</time></trkpt><trkpt lat="54.889777" lon="25.633626"><ele>0.042</ele><time>2023-10-08T14:28:12Z</time></trkpt><trkpt lat="54.889651" lon="25.633444"><ele>129.740</ele><time>2023-10-08T14:28:52Z</time></trkpt><trkpt lat="54.889424" lon="25.633221"><ele>0.021</ele><time>2023-10-08T14:29:32Z</time></trkpt><trkpt lat="54.889201" lon="25.633144"><ele>124.741</ele><time>2023-10-08T14:30:12Z</time></trkpt><trkpt lat="54.888921" lon="25.632729"><ele>0.005</ele><time>2023-10-08T14:30:52Z</time></trkpt><trkpt lat="54.888751" lon="25.632466"><ele>0.009</ele><time>2023-10-08T14:31:32Z</time></trkpt><trkpt lat="54.88865" lon="25.632335"><ele>0.023</ele><time>2023-10-08T14:32:12Z</time></trkpt><trkpt lat="54.888235" lon="25.632049"><ele>120.016</ele><time>2023-10-08T14:32:52Z</time></trkpt><trkpt lat="54.888215" lon="25.631782"><ele>0.031</ele><time>2023-10-08T14:33:32Z</time></trkpt><trkpt lat="54.887975" lon="25.630993"><ele>0.063</ele><time>2023-10-08T14:34:12Z</time></trkpt><trkpt lat="54.887843" lon="25.630687"><ele>0.028</ele><time>2023-10-08T14:34:52Z</time></trkpt><trkpt lat="54.887692" lon="25.63027"><ele>0.076</ele><time>2023-10-08T14:35:32Z</time></trkpt><trkpt lat="54.88749" lon="25.629492"><ele>0.079</ele><time>2023-10-08T14:36:12Z</time></trkpt><trkpt lat="54.886905" lon="25.627135"><ele>122.376</ele><time>2023-10-08T14:36:52Z</time></trkpt><trkpt lat="54.886941" lon="25.626797"><ele>0.094</ele><time>2023-10-08T14:37:32Z</time></trkpt><trkpt lat="54.887098" lon="25.626384"><ele>122.423</ele><time>2023-10-08T14:38:12Z</time></trkpt><trkpt lat="54.887128" lon="25.625886"><ele>0.083</ele><time>2023-10-08T14:38:52Z</time></trkpt><trkpt lat="54.887122" lon="25.625426"><ele>0.011</ele><time>2023-10-08T14:39:32Z</time></trkpt><trkpt lat="54.887076" lon="25.625075"><ele>116.709</ele><time>2023-10-08T14:40:12Z</time></trkpt><trkpt lat="54.887065" lon="25.624757"><ele>0.013</ele><time>2023-10-08T14:40:52Z</time></trkpt><trkpt lat="54.886869" lon="25.624144"><ele>0.096</ele><time>2023-10-08T14:41:32Z</time></trkpt><trkpt lat="54.886712" lon="25.62375"><ele>0.041</ele><time>2023-10-08T14:42:12Z</time></trkpt><trkpt lat="54.886573" lon="25.623443"><ele>0.083</ele><time>2023-10-08T14:42:52Z</time></trkpt><trkpt lat="54.886428" lon="25.62307"><ele>0.068</ele><time>2023-10-08T14:43:32Z</time></trkpt><trkpt lat="54.886308" lon="25.62261"><ele>0.016</ele><time>2023-10-08T14:44:12Z</time></trkpt><trkpt lat="54.886233" lon="25.622336"><ele>0.049</ele><time>2023-10-08T14:44:52Z</time></trkpt><trkpt lat="54.886132" lon="25.62192"><ele>0.046</ele><time>2023-10-08T14:45:32Z</time></trkpt><trkpt lat="54.886025" lon="25.621363"><ele>119.234</ele><time>2023-10-08T14:46:12Z</time></trkpt><trkpt lat="54.885929" lon="25.620528"><ele>0.092</ele><time>2023-10-08T14:46:52Z</time></trkpt><trkpt lat="54.885885" lon="25.619881"><ele>0.073</ele><time>2023-10-08T14:47:32Z</time></trkpt><trkpt lat="54.885834" lon="25.619443"><ele>0.020</ele><time>2023-10-08T14:48:12Z</time></trkpt><trkpt lat="54.885828" lon="25.619333"><ele>0.009</ele><time>2023-10-08T14:48:52Z</time></trkpt><trkpt lat="54.885815" lon="25.619048"><ele>0.050</ele><time>2023-10-08T14:49:32Z</time></trkpt><trkpt lat="54.885815" lon="25.618555"><ele>0.023</ele><time>2023-10-08T14:50:12Z</time></trkpt><trkpt lat="54.88577" lon="25.61827"><ele>117.128</ele><time>2023-10-08T14:50:52Z</time></trkpt><trkpt lat="54.885639" lon="25.617522"><ele>120.210</ele><time>2023-10-08T14:51:32Z</time></trkpt><trkpt lat="54.885386" lon="25.616923"><ele>0.055</ele><time>2023-10-08T14:52:12Z</time></trkpt><trkpt lat="54.884673" lon="25.615763"><ele>124.853</ele><time>2023-10-08T14:52:52Z</time></trkpt><trkpt lat="54.884312" lon="25.614137"><ele>0.066</ele><time>2023-10-08T14:53:32Z</time></trkpt><trkpt lat="54.884148" lon="25.61349"><ele>0.013</ele><time>2023-10-08T14:54:12Z</time></trkpt><trkpt lat="54.88411" lon="25.613238"><ele>0.011</ele><time>2023-10-08T14:54:52Z</time></trkpt><trkpt lat="54.88375" lon="25.611965"><ele>125.529</ele><time>2023-10-08T14:55:32Z</time></trkpt><trkpt lat="54.88375" lon="25.611496"><ele>0.000</ele><time>2023-10-08T14:56:12Z</time></trkpt><trkpt lat="54.88363" lon="25.610762"><ele>0.020</ele><time>2023-10-08T14:56:52Z</time></trkpt><trkpt lat="54.883429" lon="25.609497"><ele>125.009</ele><time>2023-10-08T14:57:32Z</time></trkpt><trkpt lat="54.882849" lon="25.607072"><ele>127.733</ele><time>2023-10-08T14:58:12Z</time></trkpt><trkpt lat="54.882551" lon="25.606061"><ele>0.016</ele><time>2023-10-08T14:58:52Z</time></trkpt><trkpt lat="54.882431" lon="25.605634"><ele>0.031</ele><time>2023-10-08T14:59:32Z</time></trkpt><trkpt lat="54.881626" lon="25.602395"><ele>126.723</ele><time>2023-10-08T15:00:12Z</time></trkpt><trkpt lat="54.880188" lon="25.598618"><ele>128.088</ele><time>2023-10-08T15:00:52Z</time></trkpt><trkpt lat="54.879936" lon="25.597906"><ele>0.036</ele><time>2023-10-08T15:01:32Z</time></trkpt><trkpt lat="54.879791" lon="25.597424"><ele>0.029</ele><time>2023-10-08T15:02:12Z</time></trkpt><trkpt lat="54.879539" lon="25.596043"><ele>0.056</ele><time>2023-10-08T15:02:52Z</time></trkpt><trkpt lat="54.879438" lon="25.595572"><ele>0.044</ele><time>2023-10-08T15:03:32Z</time></trkpt><trkpt lat="54.879349" lon="25.595101"><ele>129.255</ele><time>2023-10-08T15:04:12Z</time></trkpt><trkpt lat="54.879116" lon="25.594378"><ele>0.007</ele><time>2023-10-08T15:04:52Z</time></trkpt><trkpt lat="54.878952" lon="25.593961"><ele>0.017</ele><time>2023-10-08T15:05:32Z</time></trkpt><trkpt lat="54.878839" lon="25.593611"><ele>0.009</ele><time>2023-10-08T15:06:12Z</time></trkpt><trkpt lat="54.878493" lon="25.592782"><ele>129.676</ele><time>2023-10-08T15:06:52Z</time></trkpt><trkpt lat="54.878301" lon="25.592402"><ele>0.099</ele><time>2023-10-08T15:07:32Z</time></trkpt><trkpt lat="54.877879" lon="25.592053"><ele>0.034</ele><time>2023-10-08T15:08:12Z</time></trkpt><trkpt lat="54.87759" lon="25.59179"><ele>0.066</ele><time>2023-10-08T15:08:52Z</time></trkpt><trkpt lat="54.877307" lon="25.591593"><ele>0.051</ele><time>2023-10-08T15:09:32Z</time></trkpt><trkpt lat="54.877156" lon="25.591517"><ele>0.079</ele><time>2023-10-08T15:10:12Z</time></trkpt><trkpt lat="54.876954" lon="25.591408"><ele>0.012</ele><time>2023-10-08T15:10:52Z</time></trkpt><trkpt lat="54.876772" lon="25.591178"><ele>0.029</ele><time>2023-10-08T15:11:32Z</time></trkpt><trkpt lat="54.876608" lon="25.590937"><ele>0.017</ele><time>2023-10-08T15:12:12Z</time></trkpt><trkpt lat="54.876476" lon="25.5907"><ele>131.716</ele><time>2023-10-08T15:12:52Z</time></trkpt><trkpt lat="54.876256" lon="25.590423"><ele>0.076</ele><time>2023-10-08T15:13:32Z</time></trkpt><trkpt lat="54.875922" lon="25.589733"><ele>0.013</ele><time>2023-10-08T15:14:12Z</time></trkpt><trkpt lat="54.875632" lon="25.588966"><ele>0.009</ele><time>2023-10-08T15:14:52Z</time></trkpt><trkpt lat="54.875544" lon="25.588649"><ele>0.092</ele><time>2023-10-08T15:15:32Z</time></trkpt><trkpt lat="54.875373" lon="25.588265"><ele>0.085</ele><time>2023-10-08T15:16:12Z</time></trkpt><trkpt lat="54.875216" lon="25.587981"><ele>0.060</ele><time>2023-10-08T15:16:52Z</time></trkpt><trkpt lat="54.875039" lon="25.587761"><ele>132.142</ele><time>2023-10-08T15:17:32Z</time></trkpt><trkpt lat="54.874288" lon="25.586795"><ele>128.297</ele><time>2023-10-08T15:18:12Z</time></trkpt><trkpt lat="54.87369" lon="25.585395"><ele>0.015</ele><time>2023-10-08T15:18:52Z</time></trkpt><trkpt lat="54.873494" lon="25.584957"><ele>0.068</ele><time>2023-10-08T15:19:32Z</time></trkpt><trkpt lat="54.873337" lon="25.584606"><ele>0.045</ele><time>2023-10-08T15:20:12Z</time></trkpt><trkpt lat="54.873135" lon="25.584102"><ele>0.093</ele><time>2023-10-08T15:20:52Z</time></trkpt><trkpt lat="54.872922" lon="25.583471"><ele>0.011</ele><time>2023-10-08T15:21:32Z</time></trkpt><trkpt lat="54.872795" lon="25.583029"><ele>0.021</ele><time>2023-10-08T15:22:12Z</time></trkpt><trkpt lat="54.872651" lon="25.582672"><ele>127.503</ele><time>2023-10-08T15:22:52Z</time></trkpt><trkpt lat="54.872488" lon="25.582683"><ele>0.009</ele><time>2023-10-08T15:23:32Z</time></trkpt><trkpt lat="54.871872" lon="25.583123"><ele>0.092</ele><time>2023-10-08T15:24:12Z</time></trkpt><trkpt lat="54.871425" lon="25.583486"><ele>0.025</ele><time>2023-10-08T15:24:52Z</time></trkpt><trkpt lat="54.871136" lon="25.583695"><ele>0.060</ele><time>2023-10-08T15:25:32Z</time></trkpt><trkpt lat="54.870897" lon="25.583984"><ele>131.742</ele><time>2023-10-08T15:26:12Z</time></trkpt><trkpt lat="54.870896" lon="25.584157"><ele>0.067</ele><time>2023-10-08T15:26:52Z</time></trkpt><trkpt lat="54.870884" lon="25.584497"><ele>0.075</ele><time>2023-10-08T15:27:32Z</time></trkpt><trkpt lat="54.870695" lon="25.584848"><ele>0.018</ele><time>2023-10-08T15:28:12Z</time></trkpt><trkpt lat="54.870582" lon="25.585112"><ele>0.025</ele><time>2023-10-08T15:28:52Z</time></trkpt><trkpt lat="54.870526" lon="25.585452"><ele>0.023</ele><time>2023-10-08T15:29:32Z</time></trkpt><trkpt lat="54.870489" lon="25.585836"><ele>0.075</ele><time>2023-10-08T15:30:12Z</time></trkpt><trkpt lat="54.870483" lon="25.586395"><ele>139.928</ele><time>2023-10-08T15:30:52Z</time></trkpt><trkpt lat="54.870511" lon="25.587825"><ele>140.820</ele><time>2023-10-08T15:31:32Z</time></trkpt><trkpt lat="54.870339" lon="25.588233"><ele>141.109</ele><time>2023-10-08T15:32:12Z</time></trkpt><trkpt lat="54.868668" lon="25.590197"><ele>0.098</ele><time>2023-10-08T15:32:52Z</time></trkpt><trkpt lat="54.868301" lon="25.5907"><ele>136.211</ele><time>2023-10-08T15:33:32Z</time></trkpt><trkpt lat="54.867493" lon="25.591099"><ele>0.086</ele><time>2023-10-08T15:34:12Z</time></trkpt><trkpt lat="54.867323" lon="25.591307"><ele>0.018</ele><time>2023-10-08T15:34:52Z</time></trkpt><trkpt lat="54.867135" lon="25.591439"><ele>0.013</ele><time>2023-10-08T15:35:32Z</time></trkpt><trkpt lat="54.867022" lon="25.591484"><ele>0.021</ele><time>2023-10-08T15:36:12Z</time></trkpt><trkpt lat="54.866885" lon="25.591473"><ele>134.234</ele><time>2023-10-08T15:36:52Z</time></trkpt><trkpt lat="54.866858" lon="25.590837"><ele>0.081</ele><time>2023-10-08T15:37:32Z</time></trkpt><trkpt lat="54.866813" lon="25.590322"><ele>0.039</ele><time>2023-10-08T15:38:12Z</time></trkpt><trkpt lat="54.866794" lon="25.590212"><ele>0.049</ele><time>2023-10-08T15:38:52Z</time></trkpt><trkpt lat="54.866788" lon="25.589949"><ele>0.002</ele><time>2023-10-08T15:39:32Z</time></trkpt><trkpt lat="54.866806" lon="25.589258"><ele>0.022</ele><time>2023-10-08T15:40:12Z</time></trkpt><trkpt lat="54.866799" lon="25.58871"><ele>0.009</ele><time>2023-10-08T15:40:52Z</time></trkpt><trkpt lat="54.866825" lon="25.588568"><ele>0.065</ele><time>2023-10-08T15:41:32Z</time></trkpt><trkpt lat="54.866799" lon="25.588383"><ele>125.568</ele><time>2023-10-08T15:42:12Z</time></trkpt><trkpt lat="54.86673" lon="25.588009"><ele>0.053</ele><time>2023-10-08T15:42:52Z</time></trkpt><trkpt lat="54.866241" lon="25.586924"><ele>149.365</ele><time>2023-10-08T15:43:32Z</time></trkpt><trkpt lat="54.865846" lon="25.58311"><ele>0.030</ele><time>2023-10-08T15:44:12Z</time></trkpt><trkpt lat="54.865726" lon="25.58242"><ele>0.048</ele><time>2023-10-08T15:44:52Z</time></trkpt><trkpt lat="54.865706" lon="25.581828"><ele>0.091</ele><time>2023-10-08T15:45:32Z</time></trkpt><trkpt lat="54.865656" lon="25.58139"><ele>0.098</ele><time>2023-10-08T15:46:12Z</time></trkpt><trkpt lat="54.86563" lon="25.58116"><ele>0.046</ele><time>2023-10-08T15:46:52Z</time></trkpt><trkpt lat="54.86564" lon="25.580873"><ele>142.154</ele><time>2023-10-08T15:47:32Z</time></trkpt><trkpt lat="54.865605" lon="25.580524"><ele>0.056</ele><time>2023-10-08T15:48:12Z</time></trkpt><trkpt lat="54.865566" lon="25.579877"><ele>0.011</ele><time>2023-10-08T15:48:52Z</time></trkpt><trkpt lat="54.865579" lon="25.579592"><ele>0.009</ele><time>2023-10-08T15:49:32Z</time></trkpt><trkpt lat="54.865534" lon="25.579285"><ele>128.916</ele><time>2023-10-08T15:50:12Z</time></trkpt><trkpt lat="54.865465" lon="25.579066"><ele>0.019</ele><time>2023-10-08T15:50:52Z</time></trkpt><trkpt lat="54.865433" lon="25.578858"><ele>0.044</ele><time>2023-10-08T15:51:32Z</time></trkpt><trkpt lat="54.865238" lon="25.578628"><ele>0.066</ele><time>2023-10-08T15:52:12Z</time></trkpt><trkpt lat="54.864996" lon="25.578384"><ele>128.211</ele><time>2023-10-08T15:52:52Z</time></trkpt><trkpt lat="54.863881" lon="25.577611"><ele>130.589</ele><time>2023-10-08T15:53:32Z</time></trkpt><trkpt lat="54.863559" lon="25.57656"><ele>128.422</ele><time>2023-10-08T15:54:12Z</time></trkpt><trkpt lat="54.863617" lon="25.576037"><ele>0.049</ele><time>2023-10-08T15:54:52Z</time></trkpt><trkpt lat="54.863617" lon="25.575708"><ele>0.057</ele><time>2023-10-08T15:55:32Z</time></trkpt><trkpt lat="54.863654" lon="25.575488"><ele>0.067</ele><time>2023-10-08T15:56:12Z</time></trkpt><trkpt lat="54.863692" lon="25.57539"><ele>0.081</ele><time>2023-10-08T15:56:52Z</time></trkpt><trkpt lat="54.863786" lon="25.575115"><ele>0.019</ele><time>2023-10-08T15:57:32Z</time></trkpt><trkpt lat="54.863874" lon="25.574808"><ele>0.009</ele><time>2023-10-08T15:58:12Z</time></trkpt><trkpt lat="54.863937" lon="25.574468"><ele>0.047</ele><time>2023-10-08T15:58:52Z</time></trkpt><trkpt lat="54.863943" lon="25.574347"><ele>0.030</ele><time>2023-10-08T15:59:32Z</time></trkpt><trkpt lat="54.863961" lon="25.574062"><ele>0.085</ele><time>2023-10-08T16:00:12Z</time></trkpt><trkpt lat="54.864031" lon="25.573362"><ele>129.087</ele><time>2023-10-08T16:00:52Z</time></trkpt><trkpt lat="54.864023" lon="25.573054"><ele>0.032</ele><time>2023-10-08T16:01:32Z</time></trkpt><trkpt lat="54.863902" lon="25.572762"><ele>129.180</ele><time>2023-10-08T16:02:12Z</time></trkpt><trkpt lat="54.863438" lon="25.572419"><ele>0.093</ele><time>2023-10-08T16:02:52Z</time></trkpt><trkpt lat="54.863044" lon="25.571968"><ele>129.150</ele><time>2023-10-08T16:03:32Z</time></trkpt><trkpt lat="54.86301" lon="25.571499"><ele>0.038</ele><time>2023-10-08T16:04:12Z</time></trkpt><trkpt lat="54.862978" lon="25.571346"><ele>0.064</ele><time>2023-10-08T16:04:52Z</time></trkpt><trkpt lat="54.862872" lon="25.571195"><ele>129.006</ele><time>2023-10-08T16:05:32Z</time></trkpt><trkpt lat="54.862207" lon="25.571002"><ele>128.916</ele><time>2023-10-08T16:06:12Z</time></trkpt><trkpt lat="54.86167" lon="25.570509"><ele>127.209</ele><time>2023-10-08T16:06:52Z</time></trkpt><trkpt lat="54.860769" lon="25.570423"><ele>128.597</ele><time>2023-10-08T16:07:32Z</time></trkpt><trkpt lat="54.858403" lon="25.569093"><ele>0.010</ele><time>2023-10-08T16:08:12Z</time></trkpt><trkpt lat="54.857293" lon="25.568363"><ele>129.055</ele><time>2023-10-08T16:08:52Z</time></trkpt><trkpt lat="54.857166" lon="25.568217"><ele>0.037</ele><time>2023-10-08T16:09:32Z</time></trkpt><trkpt lat="54.857119" lon="25.56812"><ele>0.022</ele><time>2023-10-08T16:10:12Z</time></trkpt><trkpt lat="54.857085" lon="25.568073"><ele>0.070</ele><time>2023-10-08T16:10:52Z</time></trkpt><trkpt lat="54.857036" lon="25.56802"><ele>0.053</ele><time>2023-10-08T16:11:32Z</time></trkpt><trkpt lat="54.856987" lon="25.567964"><ele>0.010</ele><time>2023-10-08T16:12:12Z</time></trkpt><trkpt lat="54.856953" lon="25.567917"><ele>0.048</ele><time>2023-10-08T16:12:52Z</time></trkpt><trkpt lat="54.856903" lon="25.567861"><ele>0.047</ele><time>2023-10-08T16:13:32Z</time></trkpt><trkpt lat="54.85682" lon="25.567836"><ele>0.029</ele><time>2023-10-08T16:14:12Z</time></trkpt><trkpt lat="54.856774" lon="25.567823"><ele>0.021</ele><time>2023-10-08T16:14:52Z</time></trkpt><trkpt lat="54.856736" lon="25.56782"><ele>0.009</ele><time>2023-10-08T16:15:32Z</time></trkpt><trkpt lat="54.856692" lon="25.567783"><ele>132.845</ele><time>2023-10-08T16:16:12Z</time></trkpt><trkpt lat="54.856413" lon="25.567161"><ele>131.858</ele><time>2023-10-08T16:16:52Z</time></trkpt><trkpt lat="54.85636" lon="25.567088"><ele>0.083</ele><time>2023-10-08T16:17:32Z</time></trkpt><trkpt lat="54.85632" lon="25.567003"><ele>0.065</ele><time>2023-10-08T16:18:12Z</time></trkpt><trkpt lat="54.856308" lon="25.566981"><ele>0.040</ele><time>2023-10-08T16:18:52Z</time></trkpt><trkpt lat="54.856322" lon="25.567144"><ele>0.098</ele><time>2023-10-08T16:19:32Z</time></trkpt><trkpt lat="54.856335" lon="25.567229"><ele>0.081</ele><time>2023-10-08T16:20:12Z</time></trkpt><trkpt lat="54.856346" lon="25.567292"><ele>0.028</ele><time>2023-10-08T16:20:52Z</time></trkpt><trkpt lat="54.856367" lon="25.567342"><ele>0.016</ele><time>2023-10-08T16:21:32Z</time></trkpt><trkpt lat="54.856382" lon="25.567388"><ele>0.017</ele><time>2023-10-08T16:22:12Z</time></trkpt><trkpt lat="54.856389" lon="25.567436"><ele>0.087</ele><time>2023-10-08T16:22:52Z</time></trkpt><trkpt lat="54.856391" lon="25.567486"><ele>0.015</ele><time>2023-10-08T16:23:32Z</time></trkpt><trkpt lat="54.856376" lon="25.567529"><ele>0.009</ele><time>2023-10-08T16:24:12Z</time></trkpt><trkpt lat="54.856353" lon="25.567583"><ele>0.042</ele><time>2023-10-08T16:24:52Z</time></trkpt><trkpt lat="54.856346" lon="25.567614"><ele>0.055</ele><time>2023-10-08T16:25:32Z</time></trkpt><trkpt lat="54.856321" lon="25.567642"><ele>132.560</ele><time>2023-10-08T16:26:12Z</time></trkpt><trkpt lat="54.856064" lon="25.567795"><ele>0.032</ele><time>2023-10-08T16:26:52Z</time></trkpt><trkpt lat="54.855898" lon="25.567889"><ele>0.077</ele><time>2023-10-08T16:27:32Z</time></trkpt><trkpt lat="54.855835" lon="25.567897"><ele>0.095</ele><time>2023-10-08T16:28:12Z</time></trkpt><trkpt lat="54.855791" lon="25.567826"><ele>142.478</ele><time>2023-10-08T16:28:52Z</time></trkpt><trkpt lat="54.854117" lon="25.565445"><ele>143.755</ele><time>2023-10-08T16:29:32Z</time></trkpt><trkpt lat="54.853942" lon="25.565866"><ele>0.053</ele><time>2023-10-08T16:30:12Z</time></trkpt><trkpt lat="54.853695" lon="25.566391"><ele>0.027</ele><time>2023-10-08T16:30:52Z</time></trkpt><trkpt lat="54.85335" lon="25.567065"><ele>0.068</ele><time>2023-10-08T16:31:32Z</time></trkpt><trkpt lat="54.853139" lon="25.567363"><ele>0.014</ele><time>2023-10-08T16:32:12Z</time></trkpt><trkpt lat="54.852942" lon="25.567763"><ele>0.009</ele><time>2023-10-08T16:32:52Z</time></trkpt><trkpt lat="54.852798" lon="25.568186"><ele>0.043</ele><time>2023-10-08T16:33:32Z</time></trkpt><trkpt lat="54.852731" lon="25.568492"><ele>0.086</ele><time>2023-10-08T16:34:12Z</time></trkpt><trkpt lat="54.852633" lon="25.568774"><ele>0.091</ele><time>2023-10-08T16:34:52Z</time></trkpt><trkpt lat="54.852565" lon="25.568907"><ele>0.093</ele><time>2023-10-08T16:35:32Z</time></trkpt><trkpt lat="54.85231" lon="25.56926"><ele>0.088</ele><time>2023-10-08T16:36:12Z</time></trkpt><trkpt lat="54.852079" lon="25.569607"><ele>153.846</ele><time>2023-10-08T16:36:52Z</time></trkpt><trkpt lat="54.851838" lon="25.569778"><ele>0.099</ele><time>2023-10-08T16:37:32Z</time></trkpt><trkpt lat="54.85156" lon="25.569849"><ele>153.886</ele><time>2023-10-08T16:38:12Z</time></trkpt><trkpt lat="54.851529" lon="25.570048"><ele>0.014</ele><time>2023-10-08T16:38:52Z</time></trkpt><trkpt lat="54.851529" lon="25.571098"><ele>0.016</ele><time>2023-10-08T16:39:32Z</time></trkpt><trkpt lat="54.851507" lon="25.571505"><ele>0.076</ele><time>2023-10-08T16:40:12Z</time></trkpt><trkpt lat="54.851521" lon="25.571925"><ele>150.613</ele><time>2023-10-08T16:40:52Z</time></trkpt><trkpt lat="54.85149" lon="25.572092"><ele>0.009</ele><time>2023-10-08T16:41:32Z</time></trkpt><trkpt lat="54.850461" lon="25.572103"><ele>0.072</ele><time>2023-10-08T16:42:12Z</time></trkpt><trkpt lat="54.850021" lon="25.572104"><ele>0.085</ele><time>2023-10-08T16:42:52Z</time></trkpt><trkpt lat="54.849976" lon="25.571989"><ele>157.910</ele><time>2023-10-08T16:43:32Z</time></trkpt><trkpt lat="54.84985" lon="25.571454"><ele>0.082</ele><time>2023-10-08T16:44:12Z</time></trkpt><trkpt lat="54.849728" lon="25.571173"><ele>0.067</ele><time>2023-10-08T16:44:52Z</time></trkpt><trkpt lat="54.849521" lon="25.570367"><ele>0.095</ele><time>2023-10-08T16:45:32Z</time></trkpt><trkpt lat="54.849341" lon="25.56956"><ele>0.028</ele><time>2023-10-08T16:46:12Z</time></trkpt><trkpt lat="54.849237" lon="25.569122"><ele>0.035</ele><time>2023-10-08T16:46:52Z</time></trkpt><trkpt lat="54.849125" lon="25.5687"><ele>157.183</ele><time>2023-10-08T16:47:32Z</time></trkpt><trkpt lat="54.849008" lon="25.568445"><ele>0.087</ele><time>2023-10-08T16:48:12Z</time></trkpt><trkpt lat="54.848769" lon="25.568077"><ele>0.042</ele><time>2023-10-08T16:48:52Z</time></trkpt><trkpt lat="54.848693" lon="25.567858"><ele>0.026</ele><time>2023-10-08T16:49:32Z</time></trkpt><trkpt lat="54.848522" lon="25.567584"><ele>0.009</ele><time>2023-10-08T16:50:12Z</time></trkpt><trkpt lat="54.848486" lon="25.56753"><ele>0.089</ele><time>2023-10-08T16:50:52Z</time></trkpt><trkpt lat="54.848292" lon="25.567256"><ele>0.042</ele><time>2023-10-08T16:51:32Z</time></trkpt><trkpt lat="54.848256" lon="25.567194"><ele>0.047</ele><time>2023-10-08T16:52:12Z</time></trkpt><trkpt lat="54.848045" lon="25.566873"><ele>0.069</ele><time>2023-10-08T16:52:52Z</time></trkpt><trkpt lat="54.847915" lon="25.566678"><ele>0.054</ele><time>2023-10-08T16:53:32Z</time></trkpt><trkpt lat="54.847703" lon="25.566404"><ele>0.012</ele><time>2023-10-08T16:54:12Z</time></trkpt><trkpt lat="54.847191" lon="25.565661"><ele>157.025</ele><time>2023-10-08T16:54:52Z</time></trkpt><trkpt lat="54.847002" lon="25.565544"><ele>0.092</ele><time>2023-10-08T16:55:32Z</time></trkpt><trkpt lat="54.846822" lon="25.565427"><ele>0.060</ele><time>2023-10-08T16:56:12Z</time></trkpt><trkpt lat="54.84662" lon="25.565365"><ele>0.032</ele><time>2023-10-08T16:56:52Z</time></trkpt><trkpt lat="54.846346" lon="25.565366"><ele>0.092</ele><time>2023-10-08T16:57:32Z</time></trkpt><trkpt lat="54.846126" lon="25.565351"><ele>0.011</ele><time>2023-10-08T16:58:12Z</time></trkpt><trkpt lat="54.845964" lon="25.56539"><ele>0.009</ele><time>2023-10-08T16:58:52Z</time></trkpt><trkpt lat="54.845865" lon="25.565343"><ele>0.054</ele><time>2023-10-08T16:59:32Z</time></trkpt><trkpt lat="54.84547" lon="25.565101"><ele>157.067</ele><time>2023-10-08T17:00:12Z</time></trkpt><trkpt lat="54.844967" lon="25.56476"><ele>0.012</ele><time>2023-10-08T17:00:52Z</time></trkpt><trkpt lat="54.844486" lon="25.56444"><ele>0.034</ele><time>2023-10-08T17:01:32Z</time></trkpt><trkpt lat="54.84401" lon="25.564026"><ele>0.069</ele><time>2023-10-08T17:02:12Z</time></trkpt><trkpt lat="54.841672" lon="25.562226"><ele>149.097</ele><time>2023-10-08T17:02:52Z</time></trkpt><trkpt lat="54.841549" lon="25.562005"><ele>0.090</ele><time>2023-10-08T17:03:32Z</time></trkpt><trkpt lat="54.841549" lon="25.561786"><ele>0.017</ele><time>2023-10-08T17:04:12Z</time></trkpt><trkpt lat="54.841558" lon="25.561645"><ele>0.015</ele><time>2023-10-08T17:04:52Z</time></trkpt><trkpt lat="54.841571" lon="25.561472"><ele>0.043</ele><time>2023-10-08T17:05:32Z</time></trkpt><trkpt lat="54.841571" lon="25.561323"><ele>0.064</ele><time>2023-10-08T17:06:12Z</time></trkpt><trkpt lat="54.841584" lon="25.561159"><ele>0.010</ele><time>2023-10-08T17:06:52Z</time></trkpt><trkpt lat="54.841598" lon="25.561034"><ele>0.009</ele><time>2023-10-08T17:07:32Z</time></trkpt><trkpt lat="54.841539" lon="25.561034"><ele>0.085</ele><time>2023-10-08T17:08:12Z</time></trkpt><trkpt lat="54.841404" lon="25.561089"><ele>0.038</ele><time>2023-10-08T17:08:52Z</time></trkpt><trkpt lat="54.84127" lon="25.561136"><ele>0.073</ele><time>2023-10-08T17:09:32Z</time></trkpt><trkpt lat="54.841247" lon="25.561144"><ele>0.065</ele><time>2023-10-08T17:10:12Z</time></trkpt><trkpt lat="54.84122" lon="25.561152"><ele>0.090</ele><time>2023-10-08T17:10:52Z</time></trkpt><trkpt lat="54.84114" lon="25.561191"><ele>0.028</ele><time>2023-10-08T17:11:32Z</time></trkpt><trkpt lat="54.841045" lon="25.561184"><ele>0.051</ele><time>2023-10-08T17:12:12Z</time></trkpt><trkpt lat="54.840946" lon="25.561137"><ele>149.948</ele><time>2023-10-08T17:12:52Z</time></trkpt><trkpt lat="54.840803" lon="25.56113"><ele>0.066</ele><time>2023-10-08T17:13:32Z</time></trkpt><trkpt lat="54.84056" lon="25.561349"><ele>0.068</ele><time>2023-10-08T17:14:12Z</time></trkpt><trkpt lat="54.840435" lon="25.561483"><ele>0.042</ele><time>2023-10-08T17:14:52Z</time></trkpt><trkpt lat="54.840313" lon="25.561569"><ele>0.026</ele><time>2023-10-08T17:15:32Z</time></trkpt><trkpt lat="54.839972" lon="25.561695"><ele>148.109</ele><time>2023-10-08T17:16:12Z</time></trkpt><trkpt lat="54.839896" lon="25.561508"><ele>145.427</ele><time>2023-10-08T17:16:52Z</time></trkpt><trkpt lat="54.839709" lon="25.560874"><ele>0.070</ele><time>2023-10-08T17:17:32Z</time></trkpt><trkpt lat="54.839475" lon="25.559943"><ele>0.075</ele><time>2023-10-08T17:18:12Z</time></trkpt><trkpt lat="54.839367" lon="25.55952"><ele>0.067</ele><time>2023-10-08T17:18:52Z</time></trkpt><trkpt lat="54.839033" lon="25.559479"><ele>140.982</ele><time>2023-10-08T17:19:32Z</time></trkpt><trkpt lat="54.838716" lon="25.559172"><ele>0.060</ele><time>2023-10-08T17:20:12Z</time></trkpt><trkpt lat="54.83824" lon="25.558594"><ele>144.143</ele><time>2023-10-08T17:20:52Z</time></trkpt><trkpt lat="54.838069" lon="25.558398"><ele>0.040</ele><time>2023-10-08T17:21:32Z</time></trkpt><trkpt lat="54.837911" lon="25.55807"><ele>0.048</ele><time>2023-10-08T17:22:12Z</time></trkpt><trkpt lat="54.837551" lon="25.557154"><ele>149.126</ele><time>2023-10-08T17:22:52Z</time></trkpt><trkpt lat="54.837398" lon="25.556881"><ele>0.047</ele><time>2023-10-08T17:23:32Z</time></trkpt><trkpt lat="54.837034" lon="25.556419"><ele>0.011</ele><time>2023-10-08T17:24:12Z</time></trkpt><trkpt lat="54.836719" lon="25.555989"><ele>0.009</ele><time>2023-10-08T17:24:52Z</time></trkpt><trkpt lat="54.836472" lon="25.555653"><ele>0.063</ele><time>2023-10-08T17:25:32Z</time></trkpt><trkpt lat="54.836193" lon="25.55527"><ele>0.066</ele><time>2023-10-08T17:26:12Z</time></trkpt><trkpt lat="54.836103" lon="25.555083"><ele>0.041</ele><time>2023-10-08T17:26:52Z</time></trkpt><trkpt lat="54.835964" lon="25.554856"><ele>0.083</ele><time>2023-10-08T17:27:32Z</time></trkpt><trkpt lat="54.835825" lon="25.554645"><ele>0.078</ele><time>2023-10-08T17:28:12Z</time></trkpt><trkpt lat="54.83564" lon="25.554426"><ele>0.056</ele><time>2023-10-08T17:28:52Z</time></trkpt><trkpt lat="54.835375" lon="25.554129"><ele>0.049</ele><time>2023-10-08T17:29:32Z</time></trkpt><trkpt lat="54.83524" lon="25.553949"><ele>0.046</ele><time>2023-10-08T17:30:12Z</time></trkpt><trkpt lat="54.83497" lon="25.553613"><ele>144.074</ele><time>2023-10-08T17:30:52Z</time></trkpt><trkpt lat="54.834927" lon="25.553576"><ele>0.059</ele><time>2023-10-08T17:31:32Z</time></trkpt><trkpt lat="54.834253" lon="25.55415"><ele>0.003</ele><time>2023-10-08T17:32:12Z</time></trkpt><trkpt lat="54.833797" lon="25.554501"><ele>147.323</ele><time>2023-10-08T17:32:52Z</time></trkpt><trkpt lat="54.833602" lon="25.554668"><ele>0.009</ele><time>2023-10-08T17:33:32Z</time></trkpt><trkpt lat="54.833252" lon="25.554778"><ele>0.076</ele><time>2023-10-08T17:34:12Z</time></trkpt><trkpt lat="54.832875" lon="25.554912"><ele>0.079</ele><time>2023-10-08T17:34:52Z</time></trkpt><trkpt lat="54.832628" lon="25.554921"><ele>0.054</ele><time>2023-10-08T17:35:32Z</time></trkpt><trkpt lat="54.832426" lon="25.55507"><ele>0.086</ele><time>2023-10-08T17:36:12Z</time></trkpt><trkpt lat="54.832155" lon="25.555229"><ele>150.421</ele><time>2023-10-08T17:36:52Z</time></trkpt><trkpt lat="54.831908" lon="25.555511"><ele>0.059</ele><time>2023-10-08T17:37:32Z</time></trkpt><trkpt lat="54.831674" lon="25.55577"><ele>0.032</ele><time>2023-10-08T17:38:12Z</time></trkpt><trkpt lat="54.831154" lon="25.556601"><ele>147.469</ele><time>2023-10-08T17:38:52Z</time></trkpt><trkpt lat="54.830757" lon="25.557066"><ele>0.067</ele><time>2023-10-08T17:39:32Z</time></trkpt><trkpt lat="54.830254" lon="25.557584"><ele>0.036</ele><time>2023-10-08T17:40:12Z</time></trkpt><trkpt lat="54.830003" lon="25.557866"><ele>0.017</ele><time>2023-10-08T17:40:52Z</time></trkpt><trkpt lat="54.829698" lon="25.558227"><ele>0.018</ele><time>2023-10-08T17:41:32Z</time></trkpt><trkpt lat="54.829393" lon="25.558502"><ele>0.009</ele><time>2023-10-08T17:42:12Z</time></trkpt><trkpt lat="54.828819" lon="25.559007"><ele>146.354</ele><time>2023-10-08T17:42:52Z</time></trkpt><trkpt lat="54.828317" lon="25.559227"><ele>0.087</ele><time>2023-10-08T17:43:32Z</time></trkpt><trkpt lat="54.827719" lon="25.559417"><ele>0.092</ele><time>2023-10-08T17:44:12Z</time></trkpt><trkpt lat="54.827066" lon="25.559583"><ele>0.034</ele><time>2023-10-08T17:44:52Z</time></trkpt><trkpt lat="54.826635" lon="25.559769"><ele>149.999</ele><time>2023-10-08T17:45:32Z</time></trkpt><trkpt lat="54.826397" lon="25.559874"><ele>0.017</ele><time>2023-10-08T17:46:12Z</time></trkpt><trkpt lat="54.825899" lon="25.560149"><ele>0.090</ele><time>2023-10-08T17:46:52Z</time></trkpt><trkpt lat="54.824682" lon="25.561006"><ele>0.037</ele><time>2023-10-08T17:47:32Z</time></trkpt><trkpt lat="54.824406" lon="25.561111"><ele>139.875</ele><time>2023-10-08T17:48:12Z</time></trkpt><trkpt lat="54.824213" lon="25.561079"><ele>0.056</ele><time>2023-10-08T17:48:52Z</time></trkpt><trkpt lat="54.823889" lon="25.56086"><ele>0.059</ele><time>2023-10-08T17:49:32Z</time></trkpt><trkpt lat="54.822968" lon="25.56022"><ele>0.014</ele><time>2023-10-08T17:50:12Z</time></trkpt><trkpt lat="54.821356" lon="25.559177"><ele>0.009</ele><time>2023-10-08T17:50:52Z</time></trkpt><trkpt lat="54.820281" lon="25.558553"><ele>139.016</ele><time>2023-10-08T17:51:32Z</time></trkpt><trkpt lat="54.818815" lon="25.558107"><ele>0.099</ele><time>2023-10-08T17:52:12Z</time></trkpt><trkpt lat="54.817186" lon="25.557464"><ele>146.444</ele><time>2023-10-08T17:52:52Z</time></trkpt><trkpt lat="54.816814" lon="25.557762"><ele>0.026</ele><time>2023-10-08T17:53:32Z</time></trkpt><trkpt lat="54.816373" lon="25.557934"><ele>143.481</ele><time>2023-10-08T17:54:12Z</time></trkpt><trkpt lat="54.815871" lon="25.55817"><ele>0.019</ele><time>2023-10-08T17:54:52Z</time></trkpt><trkpt lat="54.815557" lon="25.558214"><ele>0.012</ele><time>2023-10-08T17:55:32Z</time></trkpt><trkpt lat="54.814777" lon="25.558687"><ele>138.469</ele><time>2023-10-08T17:56:12Z</time></trkpt><trkpt lat="54.813176" lon="25.560338"><ele>136.777</ele><time>2023-10-08T17:56:52Z</time></trkpt><trkpt lat="54.81191" lon="25.560681"><ele>136.227</ele><time>2023-10-08T17:57:32Z</time></trkpt><trkpt lat="54.811326" lon="25.561163"><ele>140.368</ele><time>2023-10-08T17:58:12Z</time></trkpt><trkpt lat="54.810675" lon="25.56155"><ele>0.014</ele><time>2023-10-08T17:58:52Z</time></trkpt><trkpt lat="54.81026" lon="25.561903"><ele>138.709</ele><time>2023-10-08T17:59:32Z</time></trkpt><trkpt lat="54.808949" lon="25.563728"><ele>135.873</ele><time>2023-10-08T18:00:12Z</time></trkpt><trkpt lat="54.808565" lon="25.564241"><ele>0.066</ele><time>2023-10-08T18:00:52Z</time></trkpt><trkpt lat="54.808068" lon="25.56468"><ele>0.081</ele><time>2023-10-08T18:01:32Z</time></trkpt><trkpt lat="54.807812" lon="25.564801"><ele>139.353</ele><time>2023-10-08T18:02:12Z</time></trkpt><trkpt lat="54.807146" lon="25.565144"><ele>139.838</ele><time>2023-10-08T18:02:52Z</time></trkpt><trkpt lat="54.807007" lon="25.565801"><ele>0.036</ele><time>2023-10-08T18:03:32Z</time></trkpt><trkpt lat="54.80691" lon="25.56596"><ele>136.779</ele><time>2023-10-08T18:04:12Z</time></trkpt><trkpt lat="54.806718" lon="25.566416"><ele>0.096</ele><time>2023-10-08T18:04:52Z</time></trkpt><trkpt lat="54.805544" lon="25.568754"><ele>0.034</ele><time>2023-10-08T18:05:32Z</time></trkpt><trkpt lat="54.805022" lon="25.56965"><ele>139.165</ele><time>2023-10-08T18:06:12Z</time></trkpt><trkpt lat="54.80444" lon="25.569729"><ele>0.068</ele><time>2023-10-08T18:06:52Z</time></trkpt><trkpt lat="54.804315" lon="25.569685"><ele>0.014</ele><time>2023-10-08T18:07:32Z</time></trkpt><trkpt lat="54.804142" lon="25.569822"><ele>151.709</ele><time>2023-10-08T18:08:12Z</time></trkpt><trkpt lat="54.804082" lon="25.570223"><ele>0.017</ele><time>2023-10-08T18:08:52Z</time></trkpt><trkpt lat="54.803901" lon="25.570925"><ele>0.050</ele><time>2023-10-08T18:09:32Z</time></trkpt><trkpt lat="54.80385" lon="25.571177"><ele>0.065</ele><time>2023-10-08T18:10:12Z</time></trkpt><trkpt lat="54.803735" lon="25.57141"><ele>153.037</ele><time>2023-10-08T18:10:52Z</time></trkpt><trkpt lat="54.803662" lon="25.571748"><ele>0.022</ele><time>2023-10-08T18:11:32Z</time></trkpt><trkpt lat="54.803429" lon="25.572207"><ele>153.240</ele><time>2023-10-08T18:12:12Z</time></trkpt><trkpt lat="54.803022" lon="25.573907"><ele>156.643</ele><time>2023-10-08T18:12:52Z</time></trkpt><trkpt lat="54.80294" lon="25.574258"><ele>0.010</ele><time>2023-10-08T18:13:32Z</time></trkpt><trkpt lat="54.802947" lon="25.574598"><ele>0.088</ele><time>2023-10-08T18:14:12Z</time></trkpt><trkpt lat="54.802979" lon="25.575267"><ele>0.051</ele><time>2023-10-08T18:14:52Z</time></trkpt><trkpt lat="54.803017" lon="25.575782"><ele>0.001</ele><time>2023-10-08T18:15:32Z</time></trkpt><trkpt lat="54.803036" lon="25.576001"><ele>0.011</ele><time>2023-10-08T18:16:12Z</time></trkpt><trkpt lat="54.802992" lon="25.576308"><ele>149.309</ele><time>2023-10-08T18:16:52Z</time></trkpt><trkpt lat="54.802848" lon="25.576703"><ele>0.066</ele><time>2023-10-08T18:17:32Z</time></trkpt><trkpt lat="54.80276" lon="25.577021"><ele>0.099</ele><time>2023-10-08T18:18:12Z</time></trkpt><trkpt lat="54.802698" lon="25.577449"><ele>156.294</ele><time>2023-10-08T18:18:52Z</time></trkpt><trkpt lat="54.802635" lon="25.578129"><ele>0.066</ele><time>2023-10-08T18:19:32Z</time></trkpt><trkpt lat="54.802604" lon="25.578414"><ele>0.051</ele><time>2023-10-08T18:20:12Z</time></trkpt><trkpt lat="54.802579" lon="25.578831"><ele>149.869</ele><time>2023-10-08T18:20:52Z</time></trkpt><trkpt lat="54.802397" lon="25.579401"><ele>0.012</ele><time>2023-10-08T18:21:32Z</time></trkpt><trkpt lat="54.80231" lon="25.579708"><ele>0.039</ele><time>2023-10-08T18:22:12Z</time></trkpt><trkpt lat="54.802077" lon="25.58006"><ele>147.747</ele><time>2023-10-08T18:22:52Z</time></trkpt><trkpt lat="54.801782" lon="25.580258"><ele>0.066</ele><time>2023-10-08T18:23:32Z</time></trkpt><trkpt lat="54.801587" lon="25.580499"><ele>0.029</ele><time>2023-10-08T18:24:12Z</time></trkpt><trkpt lat="54.801493" lon="25.580565"><ele>0.021</ele><time>2023-10-08T18:24:52Z</time></trkpt><trkpt lat="54.80143" lon="25.580686"><ele>145.209</ele><time>2023-10-08T18:25:32Z</time></trkpt><trkpt lat="54.801726" lon="25.581716"><ele>0.067</ele><time>2023-10-08T18:26:12Z</time></trkpt><trkpt lat="54.801975" lon="25.582482"><ele>140.060</ele><time>2023-10-08T18:26:52Z</time></trkpt><trkpt lat="54.802511" lon="25.588018"><ele>0.055</ele><time>2023-10-08T18:27:32Z</time></trkpt><trkpt lat="54.802721" lon="25.59067"><ele>143.747</ele><time>2023-10-08T18:28:12Z</time></trkpt><trkpt lat="54.802777" lon="25.591293"><ele>0.052</ele><time>2023-10-08T18:28:52Z</time></trkpt><trkpt lat="54.802853" lon="25.591753"><ele>0.020</ele><time>2023-10-08T18:29:32Z</time></trkpt><trkpt lat="54.802941" lon="25.59217"><ele>0.023</ele><time>2023-10-08T18:30:12Z</time></trkpt><trkpt lat="54.803017" lon="25.592564"><ele>0.090</ele><time>2023-10-08T18:30:52Z</time></trkpt><trkpt lat="54.803011" lon="25.592882"><ele>0.078</ele><time>2023-10-08T18:31:32Z</time></trkpt><trkpt lat="54.802936" lon="25.593255"><ele>0.055</ele><time>2023-10-08T18:32:12Z</time></trkpt><trkpt lat="54.802739" lon="25.593464"><ele>0.007</ele><time>2023-10-08T18:32:52Z</time></trkpt><trkpt lat="54.802494" lon="25.593662"><ele>0.017</ele><time>2023-10-08T18:33:32Z</time></trkpt><trkpt lat="54.802287" lon="25.593794"><ele>0.009</ele><time>2023-10-08T18:34:12Z</time></trkpt><trkpt lat="54.802061" lon="25.593904"><ele>0.086</ele><time>2023-10-08T18:34:52Z</time></trkpt><trkpt lat="54.801653" lon="25.59394"><ele>157.069</ele><time>2023-10-08T18:35:32Z</time></trkpt><trkpt lat="54.800929" lon="25.593798"><ele>0.074</ele><time>2023-10-08T18:36:12Z</time></trkpt><trkpt lat="54.800671" lon="25.593732"><ele>0.046</ele><time>2023-10-08T18:36:52Z</time></trkpt><trkpt lat="54.800099" lon="25.593723"><ele>160.061</ele><time>2023-10-08T18:37:32Z</time></trkpt><trkpt lat="54.799507" lon="25.592573"><ele>158.999</ele><time>2023-10-08T18:38:12Z</time></trkpt><trkpt lat="54.798877" lon="25.591917"><ele>0.042</ele><time>2023-10-08T18:38:52Z</time></trkpt><trkpt lat="54.79804" lon="25.59102"><ele>149.989</ele><time>2023-10-08T18:39:32Z</time></trkpt><trkpt lat="54.797908" lon="25.590856"><ele>0.077</ele><time>2023-10-08T18:40:12Z</time></trkpt><trkpt lat="54.797669" lon="25.590977"><ele>0.031</ele><time>2023-10-08T18:40:52Z</time></trkpt><trkpt lat="54.797411" lon="25.591054"><ele>157.061</ele><time>2023-10-08T18:41:32Z</time></trkpt><trkpt lat="54.797034" lon="25.591395"><ele>0.007</ele><time>2023-10-08T18:42:12Z</time></trkpt><trkpt lat="54.796865" lon="25.591604"><ele>0.009</ele><time>2023-10-08T18:42:52Z</time></trkpt><trkpt lat="54.796568" lon="25.591666"><ele>149.714</ele><time>2023-10-08T18:43:32Z</time></trkpt><trkpt lat="54.796077" lon="25.591047"><ele>0.087</ele><time>2023-10-08T18:44:12Z</time></trkpt><trkpt lat="54.795863" lon="25.590828"><ele>0.072</ele><time>2023-10-08T18:44:52Z</time></trkpt><trkpt lat="54.795713" lon="25.590784"><ele>160.774</ele><time>2023-10-08T18:45:32Z</time></trkpt><trkpt lat="54.795203" lon="25.59083"><ele>162.769</ele><time>2023-10-08T18:46:12Z</time></trkpt><trkpt lat="54.794826" lon="25.590951"><ele>0.047</ele><time>2023-10-08T18:46:52Z</time></trkpt><trkpt lat="54.794342" lon="25.591369"><ele>0.070</ele><time>2023-10-08T18:47:32Z</time></trkpt><trkpt lat="54.794078" lon="25.591655"><ele>0.057</ele><time>2023-10-08T18:48:12Z</time></trkpt><trkpt lat="54.793908" lon="25.591765"><ele>0.095</ele><time>2023-10-08T18:48:52Z</time></trkpt><trkpt lat="54.793735" lon="25.591795"><ele>162.044</ele><time>2023-10-08T18:49:32Z</time></trkpt><trkpt lat="54.793406" lon="25.591659"><ele>0.005</ele><time>2023-10-08T18:50:12Z</time></trkpt><trkpt lat="54.79323" lon="25.59144"><ele>0.015</ele><time>2023-10-08T18:50:52Z</time></trkpt><trkpt lat="54.79306" lon="25.591189"><ele>0.009</ele><time>2023-10-08T18:51:32Z</time></trkpt><trkpt lat="54.792941" lon="25.591035"><ele>0.035</ele><time>2023-10-08T18:52:12Z</time></trkpt><trkpt lat="54.792683" lon="25.590762"><ele>0.048</ele><time>2023-10-08T18:52:52Z</time></trkpt><trkpt lat="54.792538" lon="25.590587"><ele>0.053</ele><time>2023-10-08T18:53:32Z</time></trkpt><trkpt lat="54.79245" lon="25.590456"><ele>0.015</ele><time>2023-10-08T18:54:12Z</time></trkpt><trkpt lat="54.792343" lon="25.590291"><ele>0.020</ele><time>2023-10-08T18:54:52Z</time></trkpt><trkpt lat="54.792273" lon="25.590215"><ele>0.048</ele><time>2023-10-08T18:55:32Z</time></trkpt><trkpt lat="54.792126" lon="25.590207"><ele>160.731</ele><time>2023-10-08T18:56:12Z</time></trkpt><trkpt lat="54.791846" lon="25.590073"><ele>0.088</ele><time>2023-10-08T18:56:52Z</time></trkpt><trkpt lat="54.791626" lon="25.59014"><ele>0.056</ele><time>2023-10-08T18:57:32Z</time></trkpt><trkpt lat="54.791368" lon="25.590195"><ele>0.047</ele><time>2023-10-08T18:58:12Z</time></trkpt><trkpt lat="54.791022" lon="25.590108"><ele>0.029</ele><time>2023-10-08T18:58:52Z</time></trkpt><trkpt lat="54.790752" lon="25.590131"><ele>0.021</ele><time>2023-10-08T18:59:32Z</time></trkpt><trkpt lat="54.790475" lon="25.590307"><ele>0.009</ele><time>2023-10-08T19:00:12Z</time></trkpt><trkpt lat="54.790259" lon="25.590293"><ele>163.145</ele><time>2023-10-08T19:00:52Z</time></trkpt><trkpt lat="54.790052" lon="25.590308"><ele>0.038</ele><time>2023-10-08T19:01:32Z</time></trkpt><trkpt lat="54.789508" lon="25.589992"><ele>164.063</ele><time>2023-10-08T19:02:12Z</time></trkpt><trkpt lat="54.788886" lon="25.590078"><ele>163.085</ele><time>2023-10-08T19:02:52Z</time></trkpt><trkpt lat="54.78855" lon="25.590301"><ele>0.030</ele><time>2023-10-08T19:03:32Z</time></trkpt><trkpt lat="54.788305" lon="25.590597"><ele>0.068</ele><time>2023-10-08T19:04:12Z</time></trkpt><trkpt lat="54.788022" lon="25.591004"><ele>0.071</ele><time>2023-10-08T19:04:52Z</time></trkpt><trkpt lat="54.787865" lon="25.591245"><ele>0.078</ele><time>2023-10-08T19:05:32Z</time></trkpt><trkpt lat="54.787712" lon="25.591394"><ele>163.036</ele><time>2023-10-08T19:06:12Z</time></trkpt><trkpt lat="54.787105" lon="25.591451"><ele>161.493</ele><time>2023-10-08T19:06:52Z</time></trkpt><trkpt lat="54.7868" lon="25.591396"><ele>0.065</ele><time>2023-10-08T19:07:32Z</time></trkpt><trkpt lat="54.786492" lon="25.591287"><ele>0.021</ele><time>2023-10-08T19:08:12Z</time></trkpt><trkpt lat="54.78614" lon="25.591047"><ele>0.009</ele><time>2023-10-08T19:08:52Z</time></trkpt><trkpt lat="54.785964" lon="25.590927"><ele>0.060</ele><time>2023-10-08T19:09:32Z</time></trkpt><trkpt lat="54.785706" lon="25.590621"><ele>165.633</ele><time>2023-10-08T19:10:12Z</time></trkpt><trkpt lat="54.785466" lon="25.590194"><ele>0.048</ele><time>2023-10-08T19:10:52Z</time></trkpt><trkpt lat="54.785246" lon="25.589745"><ele>0.080</ele><time>2023-10-08T19:11:32Z</time></trkpt><trkpt lat="54.785107" lon="25.589482"><ele>0.055</ele><time>2023-10-08T19:12:12Z</time></trkpt><trkpt lat="54.78471" lon="25.588145"><ele>160.063</ele><time>2023-10-08T19:12:52Z</time></trkpt><trkpt lat="54.784553" lon="25.587729"><ele>0.076</ele><time>2023-10-08T19:13:32Z</time></trkpt><trkpt lat="54.784414" lon="25.587466"><ele>0.083</ele><time>2023-10-08T19:14:12Z</time></trkpt><trkpt lat="54.784005" lon="25.587084"><ele>164.721</ele><time>2023-10-08T19:14:52Z</time></trkpt><trkpt lat="54.78369" lon="25.586986"><ele>0.034</ele><time>2023-10-08T19:15:32Z</time></trkpt><trkpt lat="54.783401" lon="25.587074"><ele>0.055</ele><time>2023-10-08T19:16:12Z</time></trkpt><trkpt lat="54.783225" lon="25.587195"><ele>0.010</ele><time>2023-10-08T19:16:52Z</time></trkpt><trkpt lat="54.782964" lon="25.587074"><ele>163.009</ele><time>2023-10-08T19:17:32Z</time></trkpt><trkpt lat="54.782631" lon="25.58688"><ele>0.064</ele><time>2023-10-08T19:18:12Z</time></trkpt><trkpt lat="54.782511" lon="25.58687"><ele>0.037</ele><time>2023-10-08T19:18:52Z</time></trkpt><trkpt lat="54.782361" lon="25.586892"><ele>0.012</ele><time>2023-10-08T19:19:32Z</time></trkpt><trkpt lat="54.782266" lon="25.586881"><ele>0.054</ele><time>2023-10-08T19:20:12Z</time></trkpt><trkpt lat="54.78214" lon="25.586838"><ele>0.029</ele><time>2023-10-08T19:20:52Z</time></trkpt><trkpt lat="54.781996" lon="25.586783"><ele>0.017</ele><time>2023-10-08T19:21:32Z</time></trkpt><trkpt lat="54.781889" lon="25.586717"><ele>0.050</ele><time>2023-10-08T19:22:12Z</time></trkpt><trkpt lat="54.781757" lon="25.586619"><ele>0.097</ele><time>2023-10-08T19:22:52Z</time></trkpt><trkpt lat="54.781631" lon="25.586554"><ele>0.045</ele><time>2023-10-08T19:23:32Z</time></trkpt><trkpt lat="54.78153" lon="25.58651"><ele>0.019</ele><time>2023-10-08T19:24:12Z</time></trkpt><trkpt lat="54.781455" lon="25.586466"><ele>0.009</ele><time>2023-10-08T19:24:52Z</time></trkpt><trkpt lat="54.781348" lon="25.586401"><ele>0.019</ele><time>2023-10-08T19:25:32Z</time></trkpt><trkpt lat="54.781272" lon="25.586346"><ele>0.009</ele><time>2023-10-08T19:26:12Z</time></trkpt><trkpt lat="54.781241" lon="25.586259"><ele>0.032</ele><time>2023-10-08T19:26:52Z</time></trkpt><trkpt lat="54.781228" lon="25.586094"><ele>0.015</ele><time>2023-10-08T19:27:32Z</time></trkpt><trkpt lat="54.781178" lon="25.585897"><ele>0.020</ele><time>2023-10-08T19:28:12Z</time></trkpt><trkpt lat="54.781133" lon="25.585777"><ele>0.022</ele><time>2023-10-08T19:28:52Z</time></trkpt><trkpt lat="54.780948" lon="25.5856"><ele>157.897</ele><time>2023-10-08T19:29:32Z</time></trkpt><trkpt lat="54.780684" lon="25.585404"><ele>0.055</ele><time>2023-10-08T19:30:12Z</time></trkpt><trkpt lat="54.780545" lon="25.58524"><ele>0.058</ele><time>2023-10-08T19:30:52Z</time></trkpt><trkpt lat="54.780375" lon="25.585043"><ele>0.035</ele><time>2023-10-08T19:31:32Z</time></trkpt><trkpt lat="54.78023" lon="25.584692"><ele>0.013</ele><time>2023-10-08T19:32:12Z</time></trkpt><trkpt lat="54.780104" lon="25.584342"><ele>0.032</ele><time>2023-10-08T19:32:52Z</time></trkpt><trkpt lat="54.780022" lon="25.584046"><ele>0.092</ele><time>2023-10-08T19:33:32Z</time></trkpt><trkpt lat="54.779947" lon="25.583794"><ele>0.011</ele><time>2023-10-08T19:34:12Z</time></trkpt><trkpt lat="54.779783" lon="25.583389"><ele>0.009</ele><time>2023-10-08T19:34:52Z</time></trkpt><trkpt lat="54.779682" lon="25.583192"><ele>0.094</ele><time>2023-10-08T19:35:32Z</time></trkpt><trkpt lat="54.779613" lon="25.583017"><ele>0.017</ele><time>2023-10-08T19:36:12Z</time></trkpt><trkpt lat="54.779581" lon="25.582863"><ele>0.072</ele><time>2023-10-08T19:36:52Z</time></trkpt><trkpt lat="54.779518" lon="25.582688"><ele>151.474</ele><time>2023-10-08T19:37:32Z</time></trkpt><trkpt lat="54.779379" lon="25.582326"><ele>0.069</ele><time>2023-10-08T19:38:12Z</time></trkpt><trkpt lat="54.77926" lon="25.582086"><ele>0.067</ele><time>2023-10-08T19:38:52Z</time></trkpt><trkpt lat="54.779084" lon="25.581933"><ele>0.090</ele><time>2023-10-08T19:39:32Z</time></trkpt><trkpt lat="54.779027" lon="25.581878"><ele>0.097</ele><time>2023-10-08T19:40:12Z</time></trkpt><trkpt lat="54.778926" lon="25.581779"><ele>0.035</ele><time>2023-10-08T19:40:52Z</time></trkpt><trkpt lat="54.778788" lon="25.581637"><ele>0.082</ele><time>2023-10-08T19:41:32Z</time></trkpt><trkpt lat="54.778681" lon="25.58144"><ele>0.043</ele><time>2023-10-08T19:42:12Z</time></trkpt><trkpt lat="54.778637" lon="25.581353"><ele>0.017</ele><time>2023-10-08T19:42:52Z</time></trkpt><trkpt lat="54.778561" lon="25.581188"><ele>0.009</ele><time>2023-10-08T19:43:32Z</time></trkpt><trkpt lat="54.778511" lon="25.581123"><ele>0.089</ele><time>2023-10-08T19:44:12Z</time></trkpt><trkpt lat="54.778391" lon="25.580926"><ele>0.082</ele><time>2023-10-08T19:44:52Z</time></trkpt><trkpt lat="54.778341" lon="25.58086"><ele>0.027</ele><time>2023-10-08T19:45:32Z</time></trkpt><trkpt lat="54.778284" lon="25.580739"><ele>0.029</ele><time>2023-10-08T19:46:12Z</time></trkpt><trkpt lat="54.778183" lon="25.580575"><ele>0.084</ele><time>2023-10-08T19:46:52Z</time></trkpt><trkpt lat="54.778139" lon="25.580477"><ele>0.052</ele><time>2023-10-08T19:47:32Z</time></trkpt><trkpt lat="54.778114" lon="25.5804"><ele>0.045</ele><time>2023-10-08T19:48:12Z</time></trkpt><trkpt lat="54.778032" lon="25.580269"><ele>0.052</ele><time>2023-10-08T19:48:52Z</time></trkpt><trkpt lat="54.777881" lon="25.58005"><ele>0.090</ele><time>2023-10-08T19:49:32Z</time></trkpt><trkpt lat="54.777818" lon="25.579995"><ele>0.027</ele><time>2023-10-08T19:50:12Z</time></trkpt><trkpt lat="54.777629" lon="25.57982"><ele>0.068</ele><time>2023-10-08T19:50:52Z</time></trkpt><trkpt lat="54.777497" lon="25.579711"><ele>0.014</ele><time>2023-10-08T19:51:32Z</time></trkpt><trkpt lat="54.777327" lon="25.579525"><ele>0.009</ele><time>2023-10-08T19:52:12Z</time></trkpt><trkpt lat="54.77712" lon="25.579328"><ele>0.013</ele><time>2023-10-08T19:52:52Z</time></trkpt><trkpt lat="54.776906" lon="25.57912"><ele>0.036</ele><time>2023-10-08T19:53:32Z</time></trkpt><trkpt lat="54.776774" lon="25.578989"><ele>0.041</ele><time>2023-10-08T19:54:12Z</time></trkpt><trkpt lat="54.776471" lon="25.578551"><ele>0.093</ele><time>2023-10-08T19:54:52Z</time></trkpt><trkpt lat="54.776415" lon="25.578497"><ele>0.028</ele><time>2023-10-08T19:55:32Z</time></trkpt><trkpt lat="54.776245" lon="25.578278"><ele>0.066</ele><time>2023-10-08T19:56:12Z</time></trkpt><trkpt lat="54.775301" lon="25.576942"><ele>162.069</ele><time>2023-10-08T19:56:52Z</time></trkpt><trkpt lat="54.775109" lon="25.576727"><ele>0.076</ele><time>2023-10-08T19:57:32Z</time></trkpt><trkpt lat="54.774625" lon="25.576607"><ele>0.044</ele><time>2023-10-08T19:58:12Z</time></trkpt><trkpt lat="54.774241" lon="25.5764"><ele>0.099</ele><time>2023-10-08T19:58:52Z</time></trkpt><trkpt lat="54.774015" lon="25.576247"><ele>0.007</ele><time>2023-10-08T19:59:32Z</time></trkpt><trkpt lat="54.773946" lon="25.576192"><ele>159.827</ele><time>2023-10-08T20:00:12Z</time></trkpt><trkpt lat="54.773712" lon="25.575458"><ele>0.009</ele><time>2023-10-08T20:00:52Z</time></trkpt><trkpt lat="54.773498" lon="25.575141"><ele>0.060</ele><time>2023-10-08T20:01:32Z</time></trkpt><trkpt lat="54.773347" lon="25.574845"><ele>0.023</ele><time>2023-10-08T20:02:12Z</time></trkpt><trkpt lat="54.773297" lon="25.574758"><ele>0.098</ele><time>2023-10-08T20:02:52Z</time></trkpt><trkpt lat="54.77324" lon="25.574648"><ele>0.050</ele><time>2023-10-08T20:03:32Z</time></trkpt><trkpt lat="54.77307" lon="25.574331"><ele>0.075</ele><time>2023-10-08T20:04:12Z</time></trkpt><trkpt lat="54.772944" lon="25.573947"><ele>0.093</ele><time>2023-10-08T20:04:52Z</time></trkpt><trkpt lat="54.772912" lon="25.573849"><ele>0.076</ele><time>2023-10-08T20:05:32Z</time></trkpt><trkpt lat="54.772742" lon="25.573389"><ele>0.073</ele><time>2023-10-08T20:06:12Z</time></trkpt><trkpt lat="54.772597" lon="25.572819"><ele>0.031</ele><time>2023-10-08T20:06:52Z</time></trkpt><trkpt lat="54.772484" lon="25.572742"><ele>0.089</ele><time>2023-10-08T20:07:32Z</time></trkpt><trkpt lat="54.772364" lon="25.572622"><ele>0.006</ele><time>2023-10-08T20:08:12Z</time></trkpt><trkpt lat="54.772257" lon="25.572348"><ele>0.026</ele><time>2023-10-08T20:08:52Z</time></trkpt><trkpt lat="54.7722" lon="25.572085"><ele>0.009</ele><time>2023-10-08T20:09:32Z</time></trkpt><trkpt lat="54.772181" lon="25.571647"><ele>0.019</ele><time>2023-10-08T20:10:12Z</time></trkpt><trkpt lat="54.772169" lon="25.571526"><ele>0.052</ele><time>2023-10-08T20:10:52Z</time></trkpt><trkpt lat="54.772118" lon="25.57134"><ele>0.097</ele><time>2023-10-08T20:11:32Z</time></trkpt><trkpt lat="54.772055" lon="25.571187"><ele>0.029</ele><time>2023-10-08T20:12:12Z</time></trkpt><trkpt lat="54.771967" lon="25.571044"><ele>0.074</ele><time>2023-10-08T20:12:52Z</time></trkpt><trkpt lat="54.771904" lon="25.570924"><ele>0.012</ele><time>2023-10-08T20:13:32Z</time></trkpt><trkpt lat="54.771847" lon="25.570804"><ele>0.045</ele><time>2023-10-08T20:14:12Z</time></trkpt><trkpt lat="54.771803" lon="25.570683"><ele>0.072</ele><time>2023-10-08T20:14:52Z</time></trkpt><trkpt lat="54.771765" lon="25.570497"><ele>0.090</ele><time>2023-10-08T20:15:32Z</time></trkpt><trkpt lat="54.771746" lon="25.570387"><ele>0.076</ele><time>2023-10-08T20:16:12Z</time></trkpt><trkpt lat="54.771734" lon="25.570256"><ele>0.090</ele><time>2023-10-08T20:16:52Z</time></trkpt><trkpt lat="54.771708" lon="25.57008"><ele>0.019</ele><time>2023-10-08T20:17:32Z</time></trkpt><trkpt lat="54.771683" lon="25.569905"><ele>0.009</ele><time>2023-10-08T20:18:12Z</time></trkpt><trkpt lat="54.771563" lon="25.569554"><ele>158.018</ele><time>2023-10-08T20:18:52Z</time></trkpt><trkpt lat="54.769767" lon="25.569951"><ele>160.381</ele><time>2023-10-08T20:19:32Z</time></trkpt><trkpt lat="54.768499" lon="25.571115"><ele>0.076</ele><time>2023-10-08T20:20:12Z</time></trkpt><trkpt lat="54.768423" lon="25.571214"><ele>0.058</ele><time>2023-10-08T20:20:52Z</time></trkpt><trkpt lat="54.768335" lon="25.57128"><ele>0.073</ele><time>2023-10-08T20:21:32Z</time></trkpt><trkpt lat="54.76833" lon="25.571195"><ele>162.741</ele><time>2023-10-08T20:22:12Z</time></trkpt><trkpt lat="54.768289" lon="25.571161"><ele>0.014</ele><time>2023-10-08T20:22:52Z</time></trkpt><trkpt lat="54.767638" lon="25.561429"><ele>0.051</ele><time>2023-10-08T20:23:32Z</time></trkpt><trkpt lat="54.76765" lon="25.561188"><ele>0.089</ele><time>2023-10-08T20:24:12Z</time></trkpt><trkpt lat="54.767618" lon="25.56064"><ele>0.099</ele><time>2023-10-08T20:24:52Z</time></trkpt><trkpt lat="54.767555" lon="25.560147"><ele>0.007</ele><time>2023-10-08T20:25:32Z</time></trkpt><trkpt lat="54.767525" lon="25.559432"><ele>0.027</ele><time>2023-10-08T20:26:12Z</time></trkpt><trkpt lat="54.76745" lon="25.559007"><ele>169.809</ele><time>2023-10-08T20:26:52Z</time></trkpt><trkpt lat="54.766907" lon="25.557021"><ele>168.220</ele><time>2023-10-08T20:27:32Z</time></trkpt><trkpt lat="54.766831" lon="25.556857"><ele>0.083</ele><time>2023-10-08T20:28:12Z</time></trkpt><trkpt lat="54.766856" lon="25.556452"><ele>0.028</ele><time>2023-10-08T20:28:52Z</time></trkpt><trkpt lat="54.766918" lon="25.555695"><ele>0.050</ele><time>2023-10-08T20:29:32Z</time></trkpt><trkpt lat="54.766943" lon="25.555388"><ele>0.095</ele><time>2023-10-08T20:30:12Z</time></trkpt><trkpt lat="54.766892" lon="25.555059"><ele>167.023</ele><time>2023-10-08T20:30:52Z</time></trkpt><trkpt lat="54.766741" lon="25.554445"><ele>0.066</ele><time>2023-10-08T20:31:32Z</time></trkpt><trkpt lat="54.766634" lon="25.553922"><ele>169.263</ele><time>2023-10-08T20:32:12Z</time></trkpt><trkpt lat="54.766613" lon="25.552377"><ele>168.241</ele><time>2023-10-08T20:32:52Z</time></trkpt><trkpt lat="54.766463" lon="25.552166"><ele>0.033</ele><time>2023-10-08T20:33:32Z</time></trkpt><trkpt lat="54.76628" lon="25.551859"><ele>0.023</ele><time>2023-10-08T20:34:12Z</time></trkpt><trkpt lat="54.766091" lon="25.55164"><ele>0.015</ele><time>2023-10-08T20:34:52Z</time></trkpt><trkpt lat="54.765796" lon="25.551466"><ele>0.009</ele><time>2023-10-08T20:35:32Z</time></trkpt><trkpt lat="54.765443" lon="25.551127"><ele>0.084</ele><time>2023-10-08T20:36:12Z</time></trkpt><trkpt lat="54.765141" lon="25.550974"><ele>0.017</ele><time>2023-10-08T20:36:52Z</time></trkpt><trkpt lat="54.76451" lon="25.550253"><ele>164.992</ele><time>2023-10-08T20:37:32Z</time></trkpt><trkpt lat="54.764264" lon="25.549658"><ele>0.014</ele><time>2023-10-08T20:38:12Z</time></trkpt><trkpt lat="54.764188" lon="25.549406"><ele>0.069</ele><time>2023-10-08T20:38:52Z</time></trkpt><trkpt lat="54.764113" lon="25.549143"><ele>0.077</ele><time>2023-10-08T20:39:32Z</time></trkpt><trkpt lat="54.763974" lon="25.549137"><ele>166.780</ele><time>2023-10-08T20:40:12Z</time></trkpt><trkpt lat="54.763836" lon="25.548945"><ele>0.027</ele><time>2023-10-08T20:40:52Z</time></trkpt><trkpt lat="54.763528" lon="25.548869"><ele>0.065</ele><time>2023-10-08T20:41:32Z</time></trkpt><trkpt lat="54.763352" lon="25.548782"><ele>0.059</ele><time>2023-10-08T20:42:12Z</time></trkpt><trkpt lat="54.763125" lon="25.548629"><ele>0.003</ele><time>2023-10-08T20:42:52Z</time></trkpt><trkpt lat="54.763069" lon="25.548563"><ele>0.023</ele><time>2023-10-08T20:43:32Z</time></trkpt><trkpt lat="54.762804" lon="25.548202"><ele>0.009</ele><time>2023-10-08T20:44:12Z</time></trkpt><trkpt lat="54.762502" lon="25.54794"><ele>0.026</ele><time>2023-10-08T20:44:52Z</time></trkpt><trkpt lat="54.761798" lon="25.547426"><ele>0.079</ele><time>2023-10-08T20:45:32Z</time></trkpt><trkpt lat="54.761699" lon="25.547227"><ele>164.934</ele><time>2023-10-08T20:46:12Z</time></trkpt><trkpt lat="54.76102" lon="25.547201"><ele>0.096</ele><time>2023-10-08T20:46:52Z</time></trkpt><trkpt lat="54.760819" lon="25.547098"><ele>163.191</ele><time>2023-10-08T20:47:32Z</time></trkpt><trkpt lat="54.759931" lon="25.546623"><ele>0.079</ele><time>2023-10-08T20:48:12Z</time></trkpt><trkpt lat="54.759811" lon="25.546497"><ele>162.982</ele><time>2023-10-08T20:48:52Z</time></trkpt><trkpt lat="54.758824" lon="25.546519"><ele>165.829</ele><time>2023-10-08T20:49:32Z</time></trkpt><trkpt lat="54.758258" lon="25.546035"><ele>0.057</ele><time>2023-10-08T20:50:12Z</time></trkpt><trkpt lat="54.757943" lon="25.545772"><ele>0.071</ele><time>2023-10-08T20:50:52Z</time></trkpt><trkpt lat="54.757628" lon="25.54551"><ele>0.041</ele><time>2023-10-08T20:51:32Z</time></trkpt><trkpt lat="54.757414" lon="25.545269"><ele>0.015</ele><time>2023-10-08T20:52:12Z</time></trkpt><trkpt lat="54.757214" lon="25.545017"><ele>174.009</ele><time>2023-10-08T20:52:52Z</time></trkpt><trkpt lat="54.756961" lon="25.54493"><ele>0.048</ele><time>2023-10-08T20:53:32Z</time></trkpt><trkpt lat="54.756848" lon="25.544657"><ele>0.091</ele><time>2023-10-08T20:54:12Z</time></trkpt><trkpt lat="54.756753" lon="25.544174"><ele>0.096</ele><time>2023-10-08T20:54:52Z</time></trkpt><trkpt lat="54.756615" lon="25.543835"><ele>0.028</ele><time>2023-10-08T20:55:32Z</time></trkpt><trkpt lat="54.75647" lon="25.543484"><ele>0.013</ele><time>2023-10-08T20:56:12Z</time></trkpt><trkpt lat="54.75618" lon="25.542838"><ele>0.041</ele><time>2023-10-08T20:56:52Z</time></trkpt><trkpt lat="54.756079" lon="25.542641"><ele>0.044</ele><time>2023-10-08T20:57:32Z</time></trkpt><trkpt lat="54.75582" lon="25.542249"><ele>164.121</ele><time>2023-10-08T20:58:12Z</time></trkpt><trkpt lat="54.755752" lon="25.541864"><ele>0.079</ele><time>2023-10-08T20:58:52Z</time></trkpt><trkpt lat="54.755588" lon="25.541557"><ele>0.076</ele><time>2023-10-08T20:59:32Z</time></trkpt><trkpt lat="54.755537" lon="25.541327"><ele>0.090</ele><time>2023-10-08T21:00:12Z</time></trkpt><trkpt lat="54.755476" lon="25.541112"><ele>157.619</ele><time>2023-10-08T21:00:52Z</time></trkpt><trkpt lat="54.755323" lon="25.540988"><ele>0.009</ele><time>2023-10-08T21:01:32Z</time></trkpt><trkpt lat="54.755185" lon="25.540933"><ele>0.098</ele><time>2023-10-08T21:02:12Z</time></trkpt><trkpt lat="54.754757" lon="25.540638"><ele>0.011</ele><time>2023-10-08T21:02:52Z</time></trkpt><trkpt lat="54.754392" lon="25.540365"><ele>0.046</ele><time>2023-10-08T21:03:32Z</time></trkpt><trkpt lat="54.754191" lon="25.54019"><ele>0.038</ele><time>2023-10-08T21:04:12Z</time></trkpt><trkpt lat="54.754125" lon="25.540082"><ele>161.633</ele><time>2023-10-08T21:04:52Z</time></trkpt><trkpt lat="54.752935" lon="25.540425"><ele>168.461</ele><time>2023-10-08T21:05:32Z</time></trkpt><trkpt lat="54.75215" lon="25.540146"><ele>168.794</ele><time>2023-10-08T21:06:12Z</time></trkpt><trkpt lat="54.751552" lon="25.540582"><ele>0.011</ele><time>2023-10-08T21:06:52Z</time></trkpt><trkpt lat="54.751294" lon="25.540824"><ele>0.029</ele><time>2023-10-08T21:07:32Z</time></trkpt><trkpt lat="54.750886" lon="25.541077"><ele>0.033</ele><time>2023-10-08T21:08:12Z</time></trkpt><trkpt lat="54.750283" lon="25.541462"><ele>0.023</ele><time>2023-10-08T21:08:52Z</time></trkpt><trkpt lat="54.74983" lon="25.541781"><ele>0.015</ele><time>2023-10-08T21:09:32Z</time></trkpt><trkpt lat="54.749616" lon="25.541957"><ele>0.009</ele><time>2023-10-08T21:10:12Z</time></trkpt><trkpt lat="54.749039" lon="25.542227"><ele>164.584</ele><time>2023-10-08T21:10:52Z</time></trkpt><trkpt lat="54.748856" lon="25.542572"><ele>0.047</ele><time>2023-10-08T21:11:32Z</time></trkpt><trkpt lat="54.748181" lon="25.543343"><ele>160.542</ele><time>2023-10-08T21:12:12Z</time></trkpt><trkpt lat="54.747769" lon="25.543484"><ele>0.024</ele><time>2023-10-08T21:12:52Z</time></trkpt><trkpt lat="54.74758" lon="25.543493"><ele>162.549</ele><time>2023-10-08T21:13:32Z</time></trkpt><trkpt lat="54.746743" lon="25.543408"><ele>164.087</ele><time>2023-10-08T21:14:12Z</time></trkpt><trkpt lat="54.745501" lon="25.543767"><ele>0.040</ele><time>2023-10-08T21:14:52Z</time></trkpt><trkpt lat="54.744833" lon="25.544051"><ele>160.427</ele><time>2023-10-08T21:15:32Z</time></trkpt><trkpt lat="54.744569" lon="25.544012"><ele>0.015</ele><time>2023-10-08T21:16:12Z</time></trkpt><trkpt lat="54.74411" lon="25.543717"><ele>0.085</ele><time>2023-10-08T21:16:52Z</time></trkpt><trkpt lat="54.743801" lon="25.543586"><ele>0.089</ele><time>2023-10-08T21:17:32Z</time></trkpt><trkpt lat="54.743455" lon="25.543455"><ele>0.017</ele><time>2023-10-08T21:18:12Z</time></trkpt><trkpt lat="54.743074" lon="25.543386"><ele>161.109</ele><time>2023-10-08T21:18:52Z</time></trkpt><trkpt lat="54.742663" lon="25.543611"><ele>0.049</ele><time>2023-10-08T21:19:32Z</time></trkpt><trkpt lat="54.742468" lon="25.543721"><ele>0.062</ele><time>2023-10-08T21:20:12Z</time></trkpt><trkpt lat="54.742194" lon="25.543729"><ele>160.977</ele><time>2023-10-08T21:20:52Z</time></trkpt><trkpt lat="54.741529" lon="25.543043"><ele>160.039</ele><time>2023-10-08T21:21:32Z</time></trkpt><trkpt lat="54.741229" lon="25.542957"><ele>160.054</ele><time>2023-10-08T21:22:12Z</time></trkpt><trkpt lat="54.740435" lon="25.543214"><ele>158.022</ele><time>2023-10-08T21:22:52Z</time></trkpt><trkpt lat="54.740259" lon="25.543069"><ele>0.035</ele><time>2023-10-08T21:23:32Z</time></trkpt><trkpt lat="54.739995" lon="25.542894"><ele>0.032</ele><time>2023-10-08T21:24:12Z</time></trkpt><trkpt lat="54.739643" lon="25.542741"><ele>0.040</ele><time>2023-10-08T21:24:52Z</time></trkpt><trkpt lat="54.739435" lon="25.542621"><ele>0.055</ele><time>2023-10-08T21:25:32Z</time></trkpt><trkpt lat="54.739202" lon="25.542457"><ele>0.007</ele><time>2023-10-08T21:26:12Z</time></trkpt><trkpt lat="54.738926" lon="25.542381"><ele>0.017</ele><time>2023-10-08T21:26:52Z</time></trkpt><trkpt lat="54.738636" lon="25.542217"><ele>0.009</ele><time>2023-10-08T21:27:32Z</time></trkpt><trkpt lat="54.738419" lon="25.542132"><ele>157.526</ele><time>2023-10-08T21:28:12Z</time></trkpt><trkpt lat="54.738023" lon="25.542012"><ele>0.099</ele><time>2023-10-08T21:28:52Z</time></trkpt><trkpt lat="54.73764" lon="25.542101"><ele>0.034</ele><time>2023-10-08T21:29:32Z</time></trkpt><trkpt lat="54.737269" lon="25.5422"><ele>0.096</ele><time>2023-10-08T21:30:12Z</time></trkpt><trkpt lat="54.736917" lon="25.542168"><ele>0.041</ele><time>2023-10-08T21:30:52Z</time></trkpt><trkpt lat="54.736658" lon="25.542099"><ele>155.669</ele><time>2023-10-08T21:31:32Z</time></trkpt><trkpt lat="54.736269" lon="25.541753"><ele>0.042</ele><time>2023-10-08T21:32:12Z</time></trkpt><trkpt lat="54.736029" lon="25.541589"><ele>0.049</ele><time>2023-10-08T21:32:52Z</time></trkpt><trkpt lat="54.735834" lon="25.541338"><ele>0.087</ele><time>2023-10-08T21:33:32Z</time></trkpt><trkpt lat="54.735542" lon="25.540897"><ele>156.217</ele><time>2023-10-08T21:34:12Z</time></trkpt><trkpt lat="54.734534" lon="25.540468"><ele>153.687</ele><time>2023-10-08T21:34:52Z</time></trkpt><trkpt lat="54.734025" lon="25.539909"><ele>0.015</ele><time>2023-10-08T21:35:32Z</time></trkpt><trkpt lat="54.733855" lon="25.539669"><ele>0.009</ele><time>2023-10-08T21:36:12Z</time></trkpt><trkpt lat="54.733698" lon="25.539439"><ele>0.082</ele><time>2023-10-08T21:36:52Z</time></trkpt><trkpt lat="54.733515" lon="25.539198"><ele>0.075</ele><time>2023-10-08T21:37:32Z</time></trkpt><trkpt lat="54.733258" lon="25.539027"><ele>156.020</ele><time>2023-10-08T21:38:12Z</time></trkpt><trkpt lat="54.732603" lon="25.538712"><ele>0.012</ele><time>2023-10-08T21:38:52Z</time></trkpt><trkpt lat="54.732301" lon="25.538669"><ele>0.027</ele><time>2023-10-08T21:39:32Z</time></trkpt><trkpt lat="54.732099" lon="25.538538"><ele>0.085</ele><time>2023-10-08T21:40:12Z</time></trkpt><trkpt lat="54.730843" lon="25.537421"><ele>157.048</ele><time>2023-10-08T21:40:52Z</time></trkpt><trkpt lat="54.730281" lon="25.536974"><ele>0.035</ele><time>2023-10-08T21:41:32Z</time></trkpt><trkpt lat="54.72991" lon="25.536668"><ele>0.043</ele><time>2023-10-08T21:42:12Z</time></trkpt><trkpt lat="54.729658" lon="25.536383"><ele>0.069</ele><time>2023-10-08T21:42:52Z</time></trkpt><trkpt lat="54.729425" lon="25.536033"><ele>0.004</ele><time>2023-10-08T21:43:32Z</time></trkpt><trkpt lat="54.729126" lon="25.535575"><ele>152.224</ele><time>2023-10-08T21:44:12Z</time></trkpt><trkpt lat="54.728179" lon="25.534687"><ele>157.109</ele><time>2023-10-08T21:44:52Z</time></trkpt><trkpt lat="54.727345" lon="25.533773"><ele>155.167</ele><time>2023-10-08T21:45:32Z</time></trkpt><trkpt lat="54.727146" lon="25.533626"><ele>0.060</ele><time>2023-10-08T21:46:12Z</time></trkpt><trkpt lat="54.726938" lon="25.533528"><ele>0.015</ele><time>2023-10-08T21:46:52Z</time></trkpt><trkpt lat="54.726743" lon="25.533496"><ele>0.067</ele><time>2023-10-08T21:47:32Z</time></trkpt><trkpt lat="54.726358" lon="25.533473"><ele>156.922</ele><time>2023-10-08T21:48:12Z</time></trkpt><trkpt lat="54.724921" lon="25.531627"><ele>148.680</ele><time>2023-10-08T21:48:52Z</time></trkpt><trkpt lat="54.724626" lon="25.531414"><ele>146.473</ele><time>2023-10-08T21:49:32Z</time></trkpt><trkpt lat="54.72445" lon="25.531151"><ele>0.030</ele><time>2023-10-08T21:50:12Z</time></trkpt><trkpt lat="54.723676" lon="25.52931"><ele>143.838</ele><time>2023-10-08T21:50:52Z</time></trkpt><trkpt lat="54.722689" lon="25.528366"><ele>143.081</ele><time>2023-10-08T21:51:32Z</time></trkpt><trkpt lat="54.722429" lon="25.527747"><ele>0.061</ele><time>2023-10-08T21:52:12Z</time></trkpt><trkpt lat="54.722271" lon="25.527133"><ele>0.017</ele><time>2023-10-08T21:52:52Z</time></trkpt><trkpt lat="54.722164" lon="25.526837"><ele>0.009</ele><time>2023-10-08T21:53:32Z</time></trkpt><trkpt lat="54.722107" lon="25.526552"><ele>142.919</ele><time>2023-10-08T21:54:12Z</time></trkpt><trkpt lat="54.721994" lon="25.526239"><ele>0.042</ele><time>2023-10-08T21:54:52Z</time></trkpt><trkpt lat="54.721465" lon="25.525484"><ele>0.047</ele><time>2023-10-08T21:55:32Z</time></trkpt><trkpt lat="54.720479" lon="25.524117"><ele>143.089</ele><time>2023-10-08T21:56:12Z</time></trkpt><trkpt lat="54.719979" lon="25.523591"><ele>0.034</ele><time>2023-10-08T21:56:52Z</time></trkpt><trkpt lat="54.719413" lon="25.523011"><ele>0.022</ele><time>2023-10-08T21:57:32Z</time></trkpt><trkpt lat="54.718954" lon="25.522782"><ele>0.045</ele><time>2023-10-08T21:58:12Z</time></trkpt><trkpt lat="54.718539" lon="25.522542"><ele>0.062</ele><time>2023-10-08T21:58:52Z</time></trkpt><trkpt lat="54.718041" lon="25.522027"><ele>0.080</ele><time>2023-10-08T21:59:32Z</time></trkpt><trkpt lat="54.717664" lon="25.52159"><ele>0.058</ele><time>2023-10-08T22:00:12Z</time></trkpt><trkpt lat="54.717563" lon="25.521491"><ele>0.052</ele><time>2023-10-08T22:00:52Z</time></trkpt><trkpt lat="54.71741" lon="25.521456"><ele>144.917</ele><time>2023-10-08T22:01:32Z</time></trkpt><trkpt lat="54.716837" lon="25.521669"><ele>143.409</ele><time>2023-10-08T22:02:12Z</time></trkpt><trkpt lat="54.716127" lon="25.521758"><ele>146.026</ele><time>2023-10-08T22:02:52Z</time></trkpt><trkpt lat="54.715612" lon="25.522187"><ele>0.089</ele><time>2023-10-08T22:03:32Z</time></trkpt><trkpt lat="54.715184" lon="25.522539"><ele>0.094</ele><time>2023-10-08T22:04:12Z</time></trkpt><trkpt lat="54.714581" lon="25.52287"><ele>141.686</ele><time>2023-10-08T22:04:52Z</time></trkpt><trkpt lat="54.714223" lon="25.522958"><ele>0.081</ele><time>2023-10-08T22:05:32Z</time></trkpt><trkpt lat="54.71399" lon="25.52297"><ele>0.019</ele><time>2023-10-08T22:06:12Z</time></trkpt><trkpt lat="54.713644" lon="25.522948"><ele>144.472</ele><time>2023-10-08T22:06:52Z</time></trkpt><trkpt lat="54.713323" lon="25.522829"><ele>0.029</ele><time>2023-10-08T22:07:32Z</time></trkpt><trkpt lat="54.713103" lon="25.522698"><ele>0.097</ele><time>2023-10-08T22:08:12Z</time></trkpt><trkpt lat="54.712788" lon="25.522512"><ele>0.099</ele><time>2023-10-08T22:08:52Z</time></trkpt><trkpt lat="54.71248" lon="25.522337"><ele>0.007</ele><time>2023-10-08T22:09:32Z</time></trkpt><trkpt lat="54.712153" lon="25.5221"><ele>146.227</ele><time>2023-10-08T22:10:12Z</time></trkpt><trkpt lat="54.711444" lon="25.521915"><ele>0.009</ele><time>2023-10-08T22:10:52Z</time></trkpt><trkpt lat="54.710915" lon="25.52173"><ele>0.070</ele><time>2023-10-08T22:11:32Z</time></trkpt><trkpt lat="54.710374" lon="25.521479"><ele>143.523</ele><time>2023-10-08T22:12:12Z</time></trkpt><trkpt lat="54.710114" lon="25.521257"><ele>0.048</ele><time>2023-10-08T22:12:52Z</time></trkpt><trkpt lat="54.70961" lon="25.520523"><ele>0.090</ele><time>2023-10-08T22:13:32Z</time></trkpt><trkpt lat="54.708861" lon="25.519232"><ele>142.315</ele><time>2023-10-08T22:14:12Z</time></trkpt><trkpt lat="54.708553" lon="25.518597"><ele>0.053</ele><time>2023-10-08T22:14:52Z</time></trkpt><trkpt lat="54.707991" lon="25.516907"><ele>145.896</ele><time>2023-10-08T22:15:32Z</time></trkpt><trkpt lat="54.706725" lon="25.515577"><ele>148.323</ele><time>2023-10-08T22:16:12Z</time></trkpt><trkpt lat="54.706424" lon="25.514804"><ele>149.411</ele><time>2023-10-08T22:16:52Z</time></trkpt><trkpt lat="54.706424" lon="25.514075"><ele>149.085</ele><time>2023-10-08T22:17:32Z</time></trkpt><trkpt lat="54.706436" lon="25.513986"><ele>0.089</ele><time>2023-10-08T22:18:12Z</time></trkpt><trkpt lat="54.70497" lon="25.513497"><ele>0.017</ele><time>2023-10-08T22:18:52Z</time></trkpt><trkpt lat="54.704568" lon="25.513498"><ele>0.009</ele><time>2023-10-08T22:19:32Z</time></trkpt><trkpt lat="54.704197" lon="25.513444"><ele>0.029</ele><time>2023-10-08T22:20:12Z</time></trkpt><trkpt lat="54.703939" lon="25.513412"><ele>0.082</ele><time>2023-10-08T22:20:52Z</time></trkpt><trkpt lat="54.703656" lon="25.513131"><ele>143.267</ele><time>2023-10-08T22:21:32Z</time></trkpt><trkpt lat="54.703098" lon="25.513238"><ele>142.679</ele><time>2023-10-08T22:22:12Z</time></trkpt><trkpt lat="54.702915" lon="25.514949"><ele>0.084</ele><time>2023-10-08T22:22:52Z</time></trkpt><trkpt lat="54.702584" lon="25.517679"><ele>0.062</ele><time>2023-10-08T22:23:32Z</time></trkpt><trkpt lat="54.702369" lon="25.519182"><ele>146.645</ele><time>2023-10-08T22:24:12Z</time></trkpt><trkpt lat="54.701768" lon="25.518581"><ele>142.982</ele><time>2023-10-08T22:24:52Z</time></trkpt><trkpt lat="54.701246" lon="25.517642"><ele>0.060</ele><time>2023-10-08T22:25:32Z</time></trkpt><trkpt lat="54.700459" lon="25.516457"><ele>149.425</ele><time>2023-10-08T22:26:12Z</time></trkpt><trkpt lat="54.699164" lon="25.514355"><ele>0.026</ele><time>2023-10-08T22:26:52Z</time></trkpt><trkpt lat="54.698289" lon="25.512834"><ele>0.008</ele><time>2023-10-08T22:27:32Z</time></trkpt><trkpt lat="54.697917" lon="25.512045"><ele>0.009</ele><time>2023-10-08T22:28:12Z</time></trkpt><trkpt lat="54.697722" lon="25.51153"><ele>0.083</ele><time>2023-10-08T22:28:52Z</time></trkpt><trkpt lat="54.697508" lon="25.511279"><ele>0.076</ele><time>2023-10-08T22:29:32Z</time></trkpt><trkpt lat="54.697305" lon="25.511028"><ele>150.441</ele><time>2023-10-08T22:30:12Z</time></trkpt><trkpt lat="54.69706" lon="25.510521"><ele>0.033</ele><time>2023-10-08T22:30:52Z</time></trkpt><trkpt lat="54.696983" lon="25.510148"><ele>155.058</ele><time>2023-10-08T22:31:32Z</time></trkpt><trkpt lat="54.696082" lon="25.508646"><ele>162.266</ele><time>2023-10-08T22:32:12Z</time></trkpt><trkpt lat="54.695851" lon="25.508397"><ele>0.019</ele><time>2023-10-08T22:32:52Z</time></trkpt><trkpt lat="54.693807" lon="25.507101"><ele>160.896</ele><time>2023-10-08T22:33:32Z</time></trkpt><trkpt lat="54.692906" lon="25.5059"><ele>158.284</ele><time>2023-10-08T22:34:12Z</time></trkpt><trkpt lat="54.691839" lon="25.50387"><ele>0.041</ele><time>2023-10-08T22:34:52Z</time></trkpt><trkpt lat="54.691744" lon="25.503761"><ele>0.081</ele><time>2023-10-08T22:35:32Z</time></trkpt><trkpt lat="54.691429" lon="25.502961"><ele>0.009</ele><time>2023-10-08T22:36:12Z</time></trkpt><trkpt lat="54.691127" lon="25.502326"><ele>0.009</ele><time>2023-10-08T22:36:52Z</time></trkpt><trkpt lat="54.690806" lon="25.501746"><ele>0.065</ele><time>2023-10-08T22:37:32Z</time></trkpt><trkpt lat="54.690503" lon="25.501157"><ele>152.088</ele><time>2023-10-08T22:38:12Z</time></trkpt><trkpt lat="54.690227" lon="25.500991"><ele>0.013</ele><time>2023-10-08T22:38:52Z</time></trkpt><trkpt lat="54.68988" lon="25.500535"><ele>155.415</ele><time>2023-10-08T22:39:32Z</time></trkpt><trkpt lat="54.689558" lon="25.500428"><ele>156.140</ele><time>2023-10-08T22:40:12Z</time></trkpt><trkpt lat="54.689062" lon="25.499667"><ele>0.048</ele><time>2023-10-08T22:40:52Z</time></trkpt><trkpt lat="54.688672" lon="25.499109"><ele>0.061</ele><time>2023-10-08T22:41:32Z</time></trkpt><trkpt lat="54.688396" lon="25.498769"><ele>156.768</ele><time>2023-10-08T22:42:12Z</time></trkpt><trkpt lat="54.688144" lon="25.498298"><ele>0.046</ele><time>2023-10-08T22:42:52Z</time></trkpt><trkpt lat="54.687627" lon="25.496951"><ele>146.759</ele><time>2023-10-08T22:43:32Z</time></trkpt><trkpt lat="54.68747" lon="25.496688"><ele>0.003</ele><time>2023-10-08T22:44:12Z</time></trkpt><trkpt lat="54.686941" lon="25.496222"><ele>145.423</ele><time>2023-10-08T22:44:52Z</time></trkpt><trkpt lat="54.686216" lon="25.493523"><ele>0.009</ele><time>2023-10-08T22:45:32Z</time></trkpt><trkpt lat="54.685749" lon="25.491748"><ele>0.046</ele><time>2023-10-08T22:46:12Z</time></trkpt><trkpt lat="54.685256" lon="25.489799"><ele>0.089</ele><time>2023-10-08T22:46:52Z</time></trkpt><trkpt lat="54.684666" lon="25.487167"><ele>150.454</ele><time>2023-10-08T22:47:32Z</time></trkpt><trkpt lat="54.684706" lon="25.486303"><ele>0.016</ele><time>2023-10-08T22:48:12Z</time></trkpt><trkpt lat="54.684731" lon="25.486084"><ele>0.091</ele><time>2023-10-08T22:48:52Z</time></trkpt><trkpt lat="54.684718" lon="25.485875"><ele>0.049</ele><time>2023-10-08T22:49:32Z</time></trkpt><trkpt lat="54.684666" lon="25.485901"><ele>144.692</ele><time>2023-10-08T22:50:12Z</time></trkpt><trkpt lat="54.682439" lon="25.488581"><ele>149.959</ele><time>2023-10-08T22:50:52Z</time></trkpt><trkpt lat="54.681319" lon="25.490729"><ele>151.177</ele><time>2023-10-08T22:51:32Z</time></trkpt><trkpt lat="54.680868" lon="25.492188"><ele>156.419</ele><time>2023-10-08T22:52:12Z</time></trkpt><trkpt lat="54.680858" lon="25.492707"><ele>0.009</ele><time>2023-10-08T22:52:52Z</time></trkpt><trkpt lat="54.680782" lon="25.493175"><ele>160.019</ele><time>2023-10-08T22:53:32Z</time></trkpt><trkpt lat="54.680381" lon="25.494879"><ele>0.009</ele><time>2023-10-08T22:54:12Z</time></trkpt><trkpt lat="54.6802" lon="25.495789"><ele>0.092</ele><time>2023-10-08T22:54:52Z</time></trkpt><trkpt lat="54.680043" lon="25.496381"><ele>0.085</ele><time>2023-10-08T22:55:32Z</time></trkpt><trkpt lat="54.679416" lon="25.498729"><ele>0.010</ele><time>2023-10-08T22:56:12Z</time></trkpt><trkpt lat="54.679237" lon="25.49957"><ele>159.062</ele><time>2023-10-08T22:56:52Z</time></trkpt><trkpt lat="54.679178" lon="25.499793"><ele>0.037</ele><time>2023-10-08T22:57:32Z</time></trkpt><trkpt lat="54.679047" lon="25.499916"><ele>0.065</ele><time>2023-10-08T22:58:12Z</time></trkpt><trkpt lat="54.678984" lon="25.500201"><ele>155.038</ele><time>2023-10-08T22:58:52Z</time></trkpt><trkpt lat="54.678564" lon="25.502231"><ele>0.025</ele><time>2023-10-08T22:59:32Z</time></trkpt><trkpt lat="54.678486" lon="25.502445"><ele>156.623</ele><time>2023-10-08T23:00:12Z</time></trkpt><trkpt lat="54.678393" lon="25.502331"><ele>0.074</ele><time>2023-10-08T23:00:52Z</time></trkpt><trkpt lat="54.678254" lon="25.50223"><ele>0.056</ele><time>2023-10-08T23:01:32Z</time></trkpt><trkpt lat="54.678124" lon="25.502183"><ele>0.021</ele><time>2023-10-08T23:02:12Z</time></trkpt><trkpt lat="54.678029" lon="25.502152"><ele>0.009</ele><time>2023-10-08T23:02:52Z</time></trkpt><trkpt lat="54.677935" lon="25.502168"><ele>0.078</ele><time>2023-10-08T23:03:32Z</time></trkpt><trkpt lat="54.677787" lon="25.502348"><ele>0.011</ele><time>2023-10-08T23:04:12Z</time></trkpt><trkpt lat="54.677666" lon="25.502529"><ele>0.016</ele><time>2023-10-08T23:04:52Z</time></trkpt><trkpt lat="54.677561" lon="25.502535"><ele>0.058</ele><time>2023-10-08T23:05:32Z</time></trkpt><trkpt lat="54.677522" lon="25.502419"><ele>0.013</ele><time>2023-10-08T23:06:12Z</time></trkpt><trkpt lat="54.677396" lon="25.502239"><ele>0.091</ele><time>2023-10-08T23:06:52Z</time></trkpt><trkpt lat="54.677297" lon="25.502138"><ele>0.084</ele><time>2023-10-08T23:07:32Z</time></trkpt><trkpt lat="54.677185" lon="25.502036"><ele>0.061</ele><time>2023-10-08T23:08:12Z</time></trkpt><trkpt lat="54.677041" lon="25.501943"><ele>0.069</ele><time>2023-10-08T23:08:52Z</time></trkpt><trkpt lat="54.676875" lon="25.501865"><ele>0.091</ele><time>2023-10-08T23:09:32Z</time></trkpt><trkpt lat="54.676686" lon="25.501818"><ele>0.081</ele><time>2023-10-08T23:10:12Z</time></trkpt><trkpt lat="54.67648" lon="25.501709"><ele>0.019</ele><time>2023-10-08T23:10:52Z</time></trkpt><trkpt lat="54.676232" lon="25.501584"><ele>0.009</ele><time>2023-10-08T23:11:32Z</time></trkpt><trkpt lat="54.676062" lon="25.501483"><ele>0.050</ele><time>2023-10-08T23:12:12Z</time></trkpt><trkpt lat="54.675779" lon="25.501413"><ele>0.023</ele><time>2023-10-08T23:12:52Z</time></trkpt><trkpt lat="54.67554" lon="25.501328"><ele>0.058</ele><time>2023-10-08T23:13:32Z</time></trkpt><trkpt lat="54.675222" lon="25.501258"><ele>0.060</ele><time>2023-10-08T23:14:12Z</time></trkpt><trkpt lat="54.674912" lon="25.501243"><ele>0.065</ele><time>2023-10-08T23:14:52Z</time></trkpt><trkpt lat="54.674768" lon="25.501189"><ele>0.043</ele><time>2023-10-08T23:15:32Z</time></trkpt><trkpt lat="54.674296" lon="25.501245"><ele>0.046</ele><time>2023-10-08T23:16:12Z</time></trkpt><trkpt lat="54.67422" lon="25.501007"><ele>0.053</ele><time>2023-10-08T23:16:52Z</time></trkpt><trkpt lat="54.674179" lon="25.500765"><ele>0.021</ele><time>2023-10-08T23:17:32Z</time></trkpt><trkpt lat="54.674165" lon="25.5006"><ele>0.055</ele><time>2023-10-08T23:18:12Z</time></trkpt><trkpt lat="54.674161" lon="25.500311"><ele>0.007</ele><time>2023-10-08T23:18:52Z</time></trkpt><trkpt lat="54.674165" lon="25.500013"><ele>0.017</ele><time>2023-10-08T23:19:32Z</time></trkpt><trkpt lat="54.67412" lon="25.499684"><ele>0.009</ele><time>2023-10-08T23:20:12Z</time></trkpt><trkpt lat="54.674106" lon="25.499528"><ele>0.026</ele><time>2023-10-08T23:20:52Z</time></trkpt><trkpt lat="54.674115" lon="25.499449"><ele>0.089</ele><time>2023-10-08T23:21:32Z</time></trkpt><trkpt lat="54.674124" lon="25.499269"><ele>0.014</ele><time>2023-10-08T23:22:12Z</time></trkpt><trkpt lat="54.674193" lon="25.499107"><ele>0.066</ele><time>2023-10-08T23:22:52Z</time></trkpt><trkpt lat="54.674276" lon="25.498979"><ele>0.081</ele><time>2023-10-08T23:23:32Z</time></trkpt><trkpt lat="54.674411" lon="25.498916"><ele>0.099</ele><time>2023-10-08T23:24:12Z</time></trkpt><trkpt lat="54.674591" lon="25.498908"><ele>0.022</ele><time>2023-10-08T23:24:52Z</time></trkpt><trkpt lat="54.674851" lon="25.498954"><ele>0.069</ele><time>2023-10-08T23:25:32Z</time></trkpt><trkpt lat="54.675094" lon="25.498993"><ele>0.077</ele><time>2023-10-08T23:26:12Z</time></trkpt><trkpt lat="54.675323" lon="25.499172"><ele>0.039</ele><time>2023-10-08T23:26:52Z</time></trkpt><trkpt lat="54.675498" lon="25.499352"><ele>0.001</ele><time>2023-10-08T23:27:32Z</time></trkpt><trkpt lat="54.675696" lon="25.499492"><ele>0.021</ele><time>2023-10-08T23:28:12Z</time></trkpt><trkpt lat="54.675849" lon="25.499523"><ele>0.009</ele><time>2023-10-08T23:28:52Z</time></trkpt><trkpt lat="54.675921" lon="25.499531"><ele>0.064</ele><time>2023-10-08T23:29:32Z</time></trkpt><trkpt lat="54.675975" lon="25.49939"><ele>0.087</ele><time>2023-10-08T23:30:12Z</time></trkpt><trkpt lat="54.675992" lon="25.499289"><ele>0.092</ele><time>2023-10-08T23:30:52Z</time></trkpt><trkpt lat="54.675988" lon="25.499092"><ele>0.034</ele><time>2023-10-08T23:31:32Z</time></trkpt><trkpt lat="54.675925" lon="25.499006"><ele>0.079</ele><time>2023-10-08T23:32:12Z</time></trkpt><trkpt lat="54.675857" lon="25.498936"><ele>0.047</ele><time>2023-10-08T23:32:52Z</time></trkpt><trkpt lat="54.675768" lon="25.498858"><ele>0.050</ele><time>2023-10-08T23:33:32Z</time></trkpt><trkpt lat="54.675682" lon="25.498772"><ele>0.047</ele><time>2023-10-08T23:34:12Z</time></trkpt><trkpt lat="54.675574" lon="25.498639"><ele>0.095</ele><time>2023-10-08T23:34:52Z</time></trkpt><trkpt lat="54.675457" lon="25.498483"><ele>0.097</ele><time>2023-10-08T23:35:32Z</time></trkpt><trkpt lat="54.675336" lon="25.498327"><ele>0.023</ele><time>2023-10-08T23:36:12Z</time></trkpt><trkpt lat="54.675201" lon="25.498131"><ele>0.025</ele><time>2023-10-08T23:36:52Z</time></trkpt><trkpt lat="54.675089" lon="25.497983"><ele>0.009</ele><time>2023-10-08T23:37:32Z</time></trkpt><trkpt lat="54.674936" lon="25.497701"><ele>0.090</ele><time>2023-10-08T23:38:12Z</time></trkpt><trkpt lat="54.674819" lon="25.497451"><ele>0.033</ele><time>2023-10-08T23:38:52Z</time></trkpt><trkpt lat="54.674765" lon="25.497279"><ele>0.068</ele><time>2023-10-08T23:39:32Z</time></trkpt><trkpt lat="54.674702" lon="25.496973"><ele>0.090</ele><time>2023-10-08T23:40:12Z</time></trkpt><trkpt lat="54.674652" lon="25.496684"><ele>0.095</ele><time>2023-10-08T23:40:52Z</time></trkpt><trkpt lat="54.67458" lon="25.496222"><ele>0.083</ele><time>2023-10-08T23:41:32Z</time></trkpt><trkpt lat="54.674535" lon="25.495877"><ele>0.026</ele><time>2023-10-08T23:42:12Z</time></trkpt><trkpt lat="54.674489" lon="25.495588"><ele>0.073</ele><time>2023-10-08T23:42:52Z</time></trkpt><trkpt lat="54.674458" lon="25.495353"><ele>0.011</ele><time>2023-10-08T23:43:32Z</time></trkpt><trkpt lat="54.67443" lon="25.494789"><ele>0.098</ele><time>2023-10-08T23:44:12Z</time></trkpt><trkpt lat="54.674381" lon="25.49439"><ele>0.015</ele><time>2023-10-08T23:44:52Z</time></trkpt><trkpt lat="54.674353" lon="25.494124"><ele>0.026</ele><time>2023-10-08T23:45:32Z</time></trkpt><trkpt lat="54.674344" lon="25.493654"><ele>0.009</ele><time>2023-10-08T23:46:12Z</time></trkpt><trkpt lat="54.67425" lon="25.493451"><ele>0.030</ele><time>2023-10-08T23:46:52Z</time></trkpt><trkpt lat="54.674182" lon="25.493177"><ele>0.083</ele><time>2023-10-08T23:47:32Z</time></trkpt><trkpt lat="54.674195" lon="25.492597"><ele>0.038</ele><time>2023-10-08T23:48:12Z</time></trkpt><trkpt lat="54.674203" lon="25.49183"><ele>0.080</ele><time>2023-10-08T23:48:52Z</time></trkpt><trkpt lat="54.67423" lon="25.491195"><ele>0.035</ele><time>2023-10-08T23:49:32Z</time></trkpt><trkpt lat="54.674231" lon="25.490885"><ele>0.073</ele><time>2023-10-08T23:50:12Z</time></trkpt><trkpt lat="54.674249" lon="25.490575"><ele>0.076</ele><time>2023-10-08T23:50:52Z</time></trkpt><trkpt lat="54.674254" lon="25.490332"><ele>0.083</ele><time>2023-10-08T23:51:32Z</time></trkpt><trkpt lat="54.674267" lon="25.49005"><ele>0.091</ele><time>2023-10-08T23:52:12Z</time></trkpt><trkpt lat="54.674271" lon="25.489815"><ele>0.042</ele><time>2023-10-08T23:52:52Z</time></trkpt><trkpt lat="54.674276" lon="25.489596"><ele>0.022</ele><time>2023-10-08T23:53:32Z</time></trkpt><trkpt lat="54.674284" lon="25.489322"><ele>0.014</ele><time>2023-10-08T23:54:12Z</time></trkpt><trkpt lat="54.674293" lon="25.489079"><ele>0.009</ele><time>2023-10-08T23:54:52Z</time></trkpt><trkpt lat="54.674307" lon="25.48886"><ele>0.045</ele><time>2023-10-08T23:55:32Z</time></trkpt><trkpt lat="54.67432" lon="25.488484"><ele>0.018</ele><time>2023-10-08T23:56:12Z</time></trkpt><trkpt lat="54.674333" lon="25.488257"><ele>0.073</ele><time>2023-10-08T23:56:52Z</time></trkpt><trkpt lat="54.674337" lon="25.48803"><ele>0.075</ele><time>2023-10-08T23:57:32Z</time></trkpt><trkpt lat="54.674391" lon="25.487834"><ele>0.090</ele><time>2023-10-08T23:58:12Z</time></trkpt><trkpt lat="54.674508" lon="25.487763"><ele>0.068</ele><time>2023-10-08T23:58:52Z</time></trkpt><trkpt lat="54.674669" lon="25.487637"><ele>0.071</ele><time>2023-10-08T23:59:32Z</time></trkpt><trkpt lat="54.67484" lon="25.487527"><ele>0.068</ele><time>2023-10-09T00:00:12Z</time></trkpt><trkpt lat="54.674997" lon="25.487417"><ele>0.016</ele><time>2023-10-09T00:00:52Z</time></trkpt><trkpt lat="54.675163" lon="25.487291"><ele>0.028</ele><time>2023-10-09T00:01:32Z</time></trkpt><trkpt lat="54.675329" lon="25.487166"><ele>0.089</ele><time>2023-10-09T00:02:12Z</time></trkpt><trkpt lat="54.675504" lon="25.487032"><ele>0.017</ele><time>2023-10-09T00:02:52Z</time></trkpt><trkpt lat="54.675679" lon="25.48682"><ele>0.009</ele><time>2023-10-09T00:03:32Z</time></trkpt><trkpt lat="54.675814" lon="25.486695"><ele>0.083</ele><time>2023-10-09T00:04:12Z</time></trkpt><trkpt lat="54.675917" lon="25.486491"><ele>0.036</ele><time>2023-10-09T00:04:52Z</time></trkpt><trkpt lat="54.676016" lon="25.486248"><ele>0.021</ele><time>2023-10-09T00:05:32Z</time></trkpt><trkpt lat="54.676155" lon="25.485801"><ele>0.093</ele><time>2023-10-09T00:06:12Z</time></trkpt><trkpt lat="54.67628" lon="25.485441"><ele>0.078</ele><time>2023-10-09T00:06:52Z</time></trkpt><trkpt lat="54.676338" lon="25.485229"><ele>0.056</ele><time>2023-10-09T00:07:32Z</time></trkpt><trkpt lat="54.676392" lon="25.484971"><ele>0.029</ele><time>2023-10-09T00:08:12Z</time></trkpt><trkpt lat="54.676419" lon="25.484642"><ele>0.066</ele><time>2023-10-09T00:08:52Z</time></trkpt><trkpt lat="54.676427" lon="25.484305"><ele>0.034</ele><time>2023-10-09T00:09:32Z</time></trkpt><trkpt lat="54.676418" lon="25.484062"><ele>0.075</ele><time>2023-10-09T00:10:12Z</time></trkpt><trkpt lat="54.676423" lon="25.483859"><ele>0.028</ele><time>2023-10-09T00:10:52Z</time></trkpt><trkpt lat="54.676432" lon="25.483772"><ele>0.020</ele><time>2023-10-09T00:11:32Z</time></trkpt><trkpt lat="54.676449" lon="25.483522"><ele>0.009</ele><time>2023-10-09T00:12:12Z</time></trkpt><trkpt lat="54.676557" lon="25.483138"><ele>0.048</ele><time>2023-10-09T00:12:52Z</time></trkpt><trkpt lat="54.676673" lon="25.482863"><ele>0.091</ele><time>2023-10-09T00:13:32Z</time></trkpt><trkpt lat="54.676731" lon="25.48248"><ele>0.056</ele><time>2023-10-09T00:14:12Z</time></trkpt><trkpt lat="54.676798" lon="25.481931"><ele>0.088</ele><time>2023-10-09T00:14:52Z</time></trkpt><trkpt lat="54.676828" lon="25.481731"><ele>0.093</ele><time>2023-10-09T00:15:32Z</time></trkpt><trkpt lat="54.676865" lon="25.481258"><ele>0.081</ele><time>2023-10-09T00:16:12Z</time></trkpt><trkpt lat="54.676923" lon="25.480929"><ele>0.024</ele><time>2023-10-09T00:16:52Z</time></trkpt><trkpt lat="54.67704" lon="25.480552"><ele>0.061</ele><time>2023-10-09T00:17:32Z</time></trkpt><trkpt lat="54.677206" lon="25.479988"><ele>0.059</ele><time>2023-10-09T00:18:12Z</time></trkpt><trkpt lat="54.677412" lon="25.479306"><ele>0.018</ele><time>2023-10-09T00:18:52Z</time></trkpt><trkpt lat="54.6776" lon="25.478672"><ele>0.098</ele><time>2023-10-09T00:19:32Z</time></trkpt><trkpt lat="54.678057" lon="25.477086"><ele>0.017</ele><time>2023-10-09T00:20:12Z</time></trkpt><trkpt lat="54.678245" lon="25.476483"><ele>0.009</ele><time>2023-10-09T00:20:52Z</time></trkpt><trkpt lat="54.678442" lon="25.475856"><ele>0.082</ele><time>2023-10-09T00:21:32Z</time></trkpt><trkpt lat="54.678599" lon="25.47544"><ele>0.085</ele><time>2023-10-09T00:22:12Z</time></trkpt><trkpt lat="54.678661" lon="25.475033"><ele>0.040</ele><time>2023-10-09T00:22:52Z</time></trkpt><trkpt lat="54.678787" lon="25.474665"><ele>0.022</ele><time>2023-10-09T00:23:32Z</time></trkpt><trkpt lat="54.678935" lon="25.474132"><ele>0.077</ele><time>2023-10-09T00:24:12Z</time></trkpt><trkpt lat="54.679042" lon="25.47381"><ele>0.025</ele><time>2023-10-09T00:24:52Z</time></trkpt><trkpt lat="54.679141" lon="25.473614"><ele>0.048</ele><time>2023-10-09T00:25:32Z</time></trkpt><trkpt lat="54.679266" lon="25.473043"><ele>0.015</ele><time>2023-10-09T00:26:12Z</time></trkpt><trkpt lat="54.679347" lon="25.472565"><ele>0.083</ele><time>2023-10-09T00:26:52Z</time></trkpt><trkpt lat="54.679503" lon="25.472008"><ele>0.085</ele><time>2023-10-09T00:27:32Z</time></trkpt><trkpt lat="54.679611" lon="25.471538"><ele>0.089</ele><time>2023-10-09T00:28:12Z</time></trkpt><trkpt lat="54.679691" lon="25.471154"><ele>0.017</ele><time>2023-10-09T00:28:52Z</time></trkpt><trkpt lat="54.679745" lon="25.47077"><ele>0.009</ele><time>2023-10-09T00:29:32Z</time></trkpt><trkpt lat="54.679754" lon="25.470684"><ele>0.019</ele><time>2023-10-09T00:30:12Z</time></trkpt><trkpt lat="54.679776" lon="25.470543"><ele>0.032</ele><time>2023-10-09T00:30:52Z</time></trkpt><trkpt lat="54.679816" lon="25.470246"><ele>0.057</ele><time>2023-10-09T00:31:32Z</time></trkpt><trkpt lat="54.680027" lon="25.469556"><ele>0.099</ele><time>2023-10-09T00:32:12Z</time></trkpt><trkpt lat="54.680103" lon="25.469282"><ele>0.034</ele><time>2023-10-09T00:32:52Z</time></trkpt><trkpt lat="54.680195" lon="25.469094"><ele>0.062</ele><time>2023-10-09T00:33:32Z</time></trkpt><trkpt lat="54.680112" lon="25.468868"><ele>0.015</ele><time>2023-10-09T00:34:12Z</time></trkpt><trkpt lat="54.680049" lon="25.468657"><ele>0.052</ele><time>2023-10-09T00:34:52Z</time></trkpt><trkpt lat="54.679981" lon="25.468336"><ele>0.010</ele><time>2023-10-09T00:35:32Z</time></trkpt><trkpt lat="54.679905" lon="25.468156"><ele>0.089</ele><time>2023-10-09T00:36:12Z</time></trkpt><trkpt lat="54.679833" lon="25.467913"><ele>0.006</ele><time>2023-10-09T00:36:52Z</time></trkpt><trkpt lat="54.679765" lon="25.467733"><ele>0.026</ele><time>2023-10-09T00:37:32Z</time></trkpt><trkpt lat="54.679729" lon="25.467616"><ele>0.009</ele><time>2023-10-09T00:38:12Z</time></trkpt><trkpt lat="54.679675" lon="25.467506"><ele>0.079</ele><time>2023-10-09T00:38:52Z</time></trkpt><trkpt lat="54.679594" lon="25.467389"><ele>0.012</ele><time>2023-10-09T00:39:32Z</time></trkpt><trkpt lat="54.679419" lon="25.467264"><ele>0.057</ele><time>2023-10-09T00:40:12Z</time></trkpt><trkpt lat="54.679289" lon="25.467171"><ele>0.089</ele><time>2023-10-09T00:40:52Z</time></trkpt><trkpt lat="54.679023" lon="25.46696"><ele>0.054</ele><time>2023-10-09T00:41:32Z</time></trkpt><trkpt lat="54.678808" lon="25.46678"><ele>0.042</ele><time>2023-10-09T00:42:12Z</time></trkpt><trkpt lat="54.67861" lon="25.466561"><ele>0.025</ele><time>2023-10-09T00:42:52Z</time></trkpt><trkpt lat="54.678475" lon="25.466413"><ele>0.052</ele><time>2023-10-09T00:43:32Z</time></trkpt><trkpt lat="54.678174" lon="25.466187"><ele>0.010</ele><time>2023-10-09T00:44:12Z</time></trkpt><trkpt lat="54.677985" lon="25.465999"><ele>0.029</ele><time>2023-10-09T00:44:52Z</time></trkpt><trkpt lat="54.677684" lon="25.465788"><ele>0.000</ele><time>2023-10-09T00:45:32Z</time></trkpt><trkpt lat="54.677437" lon="25.465601"><ele>0.020</ele><time>2023-10-09T00:46:12Z</time></trkpt><trkpt lat="54.677216" lon="25.465359"><ele>0.009</ele><time>2023-10-09T00:46:52Z</time></trkpt><trkpt lat="54.676906" lon="25.465062"><ele>0.063</ele><time>2023-10-09T00:47:32Z</time></trkpt><trkpt lat="54.676619" lon="25.464851"><ele>0.016</ele><time>2023-10-09T00:48:12Z</time></trkpt><trkpt lat="54.676287" lon="25.464499"><ele>0.041</ele><time>2023-10-09T00:48:52Z</time></trkpt><trkpt lat="54.676389" lon="25.464124"><ele>0.033</ele><time>2023-10-09T00:49:32Z</time></trkpt><trkpt lat="54.676488" lon="25.463771"><ele>0.068</ele><time>2023-10-09T00:50:12Z</time></trkpt><trkpt lat="54.676617" lon="25.463348"><ele>0.036</ele><time>2023-10-09T00:50:52Z</time></trkpt><trkpt lat="54.676747" lon="25.462901"><ele>0.079</ele><time>2023-10-09T00:51:32Z</time></trkpt><trkpt lat="54.676886" lon="25.462423"><ele>0.066</ele><time>2023-10-09T00:52:12Z</time></trkpt><trkpt lat="54.676971" lon="25.462094"><ele>0.094</ele><time>2023-10-09T00:52:52Z</time></trkpt><trkpt lat="54.677074" lon="25.461812"><ele>0.039</ele><time>2023-10-09T00:53:32Z</time></trkpt><trkpt lat="54.677406" lon="25.461333"><ele>0.001</ele><time>2023-10-09T00:54:12Z</time></trkpt><trkpt lat="54.677658" lon="25.460902"><ele>0.021</ele><time>2023-10-09T00:54:52Z</time></trkpt><trkpt lat="54.678008" lon="25.460408"><ele>0.009</ele><time>2023-10-09T00:55:32Z</time></trkpt><trkpt lat="54.678434" lon="25.459827"><ele>0.014</ele><time>2023-10-09T00:56:12Z</time></trkpt><trkpt lat="54.678739" lon="25.459404"><ele>0.087</ele><time>2023-10-09T00:56:52Z</time></trkpt><trkpt lat="54.678911" lon="25.459198"><ele>0.082</ele><time>2023-10-09T00:57:32Z</time></trkpt><trkpt lat="54.678861" lon="25.459077"><ele>0.034</ele><time>2023-10-09T00:58:12Z</time></trkpt><trkpt lat="54.678923" lon="25.458945"><ele>0.039</ele><time>2023-10-09T00:58:52Z</time></trkpt><trkpt lat="54.678961" lon="25.458595"><ele>0.037</ele><time>2023-10-09T00:59:32Z</time></trkpt><trkpt lat="54.679055" lon="25.45843"><ele>0.030</ele><time>2023-10-09T01:00:12Z</time></trkpt><trkpt lat="54.679185" lon="25.458054"><ele>0.017</ele><time>2023-10-09T01:00:52Z</time></trkpt><trkpt lat="54.679324" lon="25.457646"><ele>0.045</ele><time>2023-10-09T01:01:32Z</time></trkpt><trkpt lat="54.679472" lon="25.457293"><ele>0.085</ele><time>2023-10-09T01:02:12Z</time></trkpt><trkpt lat="54.679593" lon="25.457011"><ele>0.089</ele><time>2023-10-09T01:02:52Z</time></trkpt><trkpt lat="54.679741" lon="25.456776"><ele>0.017</ele><time>2023-10-09T01:03:32Z</time></trkpt><trkpt lat="54.679875" lon="25.456603"><ele>0.009</ele><time>2023-10-09T01:04:12Z</time></trkpt><trkpt lat="54.680037" lon="25.456313"><ele>0.029</ele><time>2023-10-09T01:04:52Z</time></trkpt><trkpt lat="54.680154" lon="25.456101"><ele>0.052</ele><time>2023-10-09T01:05:32Z</time></trkpt><trkpt lat="54.680311" lon="25.455748"><ele>0.017</ele><time>2023-10-09T01:06:12Z</time></trkpt><trkpt lat="54.680454" lon="25.45549"><ele>0.099</ele><time>2023-10-09T01:06:52Z</time></trkpt><trkpt lat="54.680575" lon="25.455239"><ele>0.084</ele><time>2023-10-09T01:07:32Z</time></trkpt><trkpt lat="54.680683" lon="25.455019"><ele>0.092</ele><time>2023-10-09T01:08:12Z</time></trkpt><trkpt lat="54.680795" lon="25.454862"><ele>0.075</ele><time>2023-10-09T01:08:52Z</time></trkpt><trkpt lat="54.680907" lon="25.454612"><ele>0.092</ele><time>2023-10-09T01:09:32Z</time></trkpt><trkpt lat="54.681037" lon="25.454353"><ele>0.050</ele><time>2023-10-09T01:10:12Z</time></trkpt><trkpt lat="54.681167" lon="25.454094"><ele>0.022</ele><time>2023-10-09T01:10:52Z</time></trkpt><trkpt lat="54.681198" lon="25.453945"><ele>0.062</ele><time>2023-10-09T01:11:32Z</time></trkpt><trkpt lat="54.681185" lon="25.453703"><ele>0.008</ele><time>2023-10-09T01:12:12Z</time></trkpt><trkpt lat="54.681162" lon="25.45346"><ele>0.009</ele><time>2023-10-09T01:12:52Z</time></trkpt><trkpt lat="54.681135" lon="25.453241"><ele>0.073</ele><time>2023-10-09T01:13:32Z</time></trkpt><trkpt lat="54.681117" lon="25.4531"><ele>0.026</ele><time>2023-10-09T01:14:12Z</time></trkpt><trkpt lat="54.681094" lon="25.452935"><ele>0.071</ele><time>2023-10-09T01:14:52Z</time></trkpt><trkpt lat="54.681076" lon="25.452802"><ele>0.083</ele><time>2023-10-09T01:15:32Z</time></trkpt><trkpt lat="54.681076" lon="25.452599"><ele>0.068</ele><time>2023-10-09T01:16:12Z</time></trkpt><trkpt lat="54.681085" lon="25.452434"><ele>0.036</ele><time>2023-10-09T01:16:52Z</time></trkpt><trkpt lat="54.681098" lon="25.452168"><ele>0.059</ele><time>2023-10-09T01:17:32Z</time></trkpt><trkpt lat="54.681098" lon="25.45205"><ele>0.076</ele><time>2023-10-09T01:18:12Z</time></trkpt><trkpt lat="54.681129" lon="25.451878"><ele>0.044</ele><time>2023-10-09T01:18:52Z</time></trkpt><trkpt lat="54.681219" lon="25.451706"><ele>0.078</ele><time>2023-10-09T01:19:32Z</time></trkpt><trkpt lat="54.681371" lon="25.45129"><ele>0.033</ele><time>2023-10-09T01:20:12Z</time></trkpt><trkpt lat="54.681443" lon="25.451016"><ele>0.026</ele><time>2023-10-09T01:20:52Z</time></trkpt><trkpt lat="54.681598" lon="25.450538"><ele>0.009</ele><time>2023-10-09T01:21:32Z</time></trkpt><trkpt lat="54.681728" lon="25.450201"><ele>0.038</ele><time>2023-10-09T01:22:12Z</time></trkpt><trkpt lat="54.681863" lon="25.449691"><ele>0.011</ele><time>2023-10-09T01:22:52Z</time></trkpt><trkpt lat="54.682015" lon="25.449237"><ele>0.056</ele><time>2023-10-09T01:23:32Z</time></trkpt><trkpt lat="54.682163" lon="25.448751"><ele>0.048</ele><time>2023-10-09T01:24:12Z</time></trkpt><trkpt lat="54.682302" lon="25.44839"><ele>0.013</ele><time>2023-10-09T01:24:52Z</time></trkpt><trkpt lat="54.682445" lon="25.448077"><ele>0.051</ele><time>2023-10-09T01:25:32Z</time></trkpt><trkpt lat="54.682584" lon="25.447763"><ele>0.084</ele><time>2023-10-09T01:26:12Z</time></trkpt><trkpt lat="54.682714" lon="25.447309"><ele>0.021</ele><time>2023-10-09T01:26:52Z</time></trkpt><trkpt lat="54.682826" lon="25.446909"><ele>0.049</ele><time>2023-10-09T01:27:32Z</time></trkpt><trkpt lat="54.682943" lon="25.446549"><ele>0.086</ele><time>2023-10-09T01:28:12Z</time></trkpt><trkpt lat="54.683086" lon="25.446071"><ele>0.060</ele><time>2023-10-09T01:28:52Z</time></trkpt><trkpt lat="54.683203" lon="25.445726"><ele>0.026</ele><time>2023-10-09T01:29:32Z</time></trkpt><trkpt lat="54.683297" lon="25.445334"><ele>0.009</ele><time>2023-10-09T01:30:12Z</time></trkpt><trkpt lat="54.683391" lon="25.444895"><ele>0.019</ele><time>2023-10-09T01:30:52Z</time></trkpt><trkpt lat="54.683409" lon="25.444809"><ele>0.052</ele><time>2023-10-09T01:31:32Z</time></trkpt><trkpt lat="54.683431" lon="25.444551"><ele>0.097</ele><time>2023-10-09T01:32:12Z</time></trkpt><trkpt lat="54.683444" lon="25.444472"><ele>0.079</ele><time>2023-10-09T01:32:52Z</time></trkpt><trkpt lat="54.683507" lon="25.444002"><ele>0.044</ele><time>2023-10-09T01:33:32Z</time></trkpt><trkpt lat="54.683574" lon="25.443579"><ele>0.082</ele><time>2023-10-09T01:34:12Z</time></trkpt><trkpt lat="54.683614" lon="25.443264"><ele>0.045</ele><time>2023-10-09T01:34:52Z</time></trkpt><trkpt lat="54.683513" lon="25.443411"><ele>0.032</ele><time>2023-10-09T01:35:32Z</time></trkpt><trkpt lat="54.683392" lon="25.443638"><ele>0.080</ele><time>2023-10-09T01:36:12Z</time></trkpt><trkpt lat="54.683285" lon="25.443748"><ele>0.036</ele><time>2023-10-09T01:36:52Z</time></trkpt><trkpt lat="54.68315" lon="25.443897"><ele>0.017</ele><time>2023-10-09T01:37:32Z</time></trkpt><trkpt lat="54.683056" lon="25.443913"><ele>0.018</ele><time>2023-10-09T01:38:12Z</time></trkpt><trkpt lat="54.682934" lon="25.443898"><ele>0.009</ele><time>2023-10-09T01:38:52Z</time></trkpt><trkpt lat="54.682773" lon="25.443789"><ele>0.044</ele><time>2023-10-09T01:39:32Z</time></trkpt><trkpt lat="54.68262" lon="25.443711"><ele>0.077</ele><time>2023-10-09T01:40:12Z</time></trkpt><trkpt lat="54.682471" lon="25.443617"><ele>0.092</ele><time>2023-10-09T01:40:52Z</time></trkpt><trkpt lat="54.682328" lon="25.443531"><ele>0.054</ele><time>2023-10-09T01:41:32Z</time></trkpt><trkpt lat="54.682215" lon="25.443477"><ele>0.019</ele><time>2023-10-09T01:42:12Z</time></trkpt><trkpt lat="54.681986" lon="25.443469"><ele>0.057</ele><time>2023-10-09T01:42:52Z</time></trkpt><trkpt lat="54.68186" lon="25.44343"><ele>0.040</ele><time>2023-10-09T01:43:32Z</time></trkpt><trkpt lat="54.681757" lon="25.443415"><ele>0.047</ele><time>2023-10-09T01:44:12Z</time></trkpt><trkpt lat="54.681649" lon="25.4434"><ele>0.045</ele><time>2023-10-09T01:44:52Z</time></trkpt><trkpt lat="54.681546" lon="25.443455"><ele>0.072</ele><time>2023-10-09T01:45:32Z</time></trkpt><trkpt lat="54.681479" lon="25.443525"><ele>0.013</ele><time>2023-10-09T01:46:12Z</time></trkpt><trkpt lat="54.681427" lon="25.443611"><ele>0.014</ele><time>2023-10-09T01:46:52Z</time></trkpt><trkpt lat="54.681464" lon="25.443373"><ele>0.009</ele><time>2023-10-09T01:47:32Z</time></trkpt><trkpt lat="54.681469" lon="25.443123"><ele>0.038</ele><time>2023-10-09T01:48:12Z</time></trkpt><trkpt lat="54.681491" lon="25.442864"><ele>0.091</ele><time>2023-10-09T01:48:52Z</time></trkpt><trkpt lat="54.6815" lon="25.44259"><ele>0.026</ele><time>2023-10-09T01:49:32Z</time></trkpt><trkpt lat="54.681571" lon="25.4423"><ele>0.028</ele><time>2023-10-09T01:50:12Z</time></trkpt><trkpt lat="54.681634" lon="25.442097"><ele>0.093</ele><time>2023-10-09T01:50:52Z</time></trkpt><trkpt lat="54.681697" lon="25.441909"><ele>0.031</ele><time>2023-10-09T01:51:32Z</time></trkpt><trkpt lat="54.681764" lon="25.441658"><ele>0.044</ele><time>2023-10-09T01:52:12Z</time></trkpt><trkpt lat="54.681804" lon="25.441493"><ele>0.091</ele><time>2023-10-09T01:52:52Z</time></trkpt><trkpt lat="54.681786" lon="25.441133"><ele>0.099</ele><time>2023-10-09T01:53:32Z</time></trkpt><trkpt lat="54.681772" lon="25.440812"><ele>0.043</ele><time>2023-10-09T01:54:12Z</time></trkpt><trkpt lat="54.681786" lon="25.440585"><ele>0.064</ele><time>2023-10-09T01:54:52Z</time></trkpt><trkpt lat="54.681785" lon="25.440405"><ele>0.010</ele><time>2023-10-09T01:55:32Z</time></trkpt><trkpt lat="54.681871" lon="25.440217"><ele>0.009</ele><time>2023-10-09T01:56:12Z</time></trkpt><trkpt lat="54.681956" lon="25.440146"><ele>0.015</ele><time>2023-10-09T01:56:52Z</time></trkpt><trkpt lat="54.682136" lon="25.440067"><ele>0.018</ele><time>2023-10-09T01:57:32Z</time></trkpt><trkpt lat="54.682257" lon="25.439887"><ele>0.023</ele><time>2023-10-09T01:58:12Z</time></trkpt><trkpt lat="54.682378" lon="25.439628"><ele>0.035</ele><time>2023-10-09T01:58:52Z</time></trkpt><trkpt lat="54.682472" lon="25.439291"><ele>0.080</ele><time>2023-10-09T01:59:32Z</time></trkpt><trkpt lat="54.682602" lon="25.438915"><ele>0.028</ele><time>2023-10-09T02:00:12Z</time></trkpt><trkpt lat="54.682637" lon="25.438711"><ele>0.011</ele><time>2023-10-09T02:00:52Z</time></trkpt><trkpt lat="54.682628" lon="25.438265"><ele>0.028</ele><time>2023-10-09T02:01:32Z</time></trkpt><trkpt lat="54.682632" lon="25.437936"><ele>0.056</ele><time>2023-10-09T02:02:12Z</time></trkpt><trkpt lat="54.682623" lon="25.437772"><ele>0.041</ele><time>2023-10-09T02:02:52Z</time></trkpt><trkpt lat="54.682583" lon="25.437646"><ele>0.081</ele><time>2023-10-09T02:03:32Z</time></trkpt><trkpt lat="54.682556" lon="25.437372"><ele>0.009</ele><time>2023-10-09T02:04:12Z</time></trkpt><trkpt lat="54.682551" lon="25.437067"><ele>0.009</ele><time>2023-10-09T02:04:52Z</time></trkpt><trkpt lat="54.682533" lon="25.436832"><ele>0.015</ele><time>2023-10-09T02:05:32Z</time></trkpt><trkpt lat="54.682542" lon="25.436589"><ele>0.048</ele><time>2023-10-09T02:06:12Z</time></trkpt><trkpt lat="54.682568" lon="25.436206"><ele>0.023</ele><time>2023-10-09T02:06:52Z</time></trkpt><trkpt lat="54.682595" lon="25.436002"><ele>0.095</ele><time>2023-10-09T02:07:32Z</time></trkpt><trkpt lat="54.682644" lon="25.435759"><ele>0.050</ele><time>2023-10-09T02:08:12Z</time></trkpt><trkpt lat="54.682653" lon="25.435516"><ele>0.018</ele><time>2023-10-09T02:08:52Z</time></trkpt><trkpt lat="54.682666" lon="25.435274"><ele>0.021</ele><time>2023-10-09T02:09:32Z</time></trkpt><trkpt lat="54.682657" lon="25.43518"><ele>0.038</ele><time>2023-10-09T02:10:12Z</time></trkpt><trkpt lat="54.682639" lon="25.435062"><ele>0.046</ele><time>2023-10-09T02:10:52Z</time></trkpt><trkpt lat="54.682626" lon="25.434929"><ele>0.053</ele><time>2023-10-09T02:11:32Z</time></trkpt><trkpt lat="54.682625" lon="25.434827"><ele>0.004</ele><time>2023-10-09T02:12:12Z</time></trkpt><trkpt lat="54.682688" lon="25.434443"><ele>0.014</ele><time>2023-10-09T02:12:52Z</time></trkpt><trkpt lat="54.682755" lon="25.434287"><ele>0.009</ele><time>2023-10-09T02:13:32Z</time></trkpt><trkpt lat="54.682814" lon="25.434114"><ele>0.056</ele><time>2023-10-09T02:14:12Z</time></trkpt><trkpt lat="54.682836" lon="25.433958"><ele>0.089</ele><time>2023-10-09T02:14:52Z</time></trkpt><trkpt lat="54.682843" lon="25.433731"><ele>0.054</ele><time>2023-10-09T02:15:32Z</time></trkpt><trkpt lat="54.682849" lon="25.433696"><ele>0.096</ele><time>2023-10-09T02:16:12Z</time></trkpt><trkpt lat="54.682874" lon="25.433603"><ele>0.081</ele><time>2023-10-09T02:16:52Z</time></trkpt><trkpt lat="54.68291" lon="25.433509"><ele>0.059</ele><time>2023-10-09T02:17:32Z</time></trkpt><trkpt lat="54.682991" lon="25.433447"><ele>0.032</ele><time>2023-10-09T02:18:12Z</time></trkpt><trkpt lat="54.683094" lon="25.433431"><ele>0.069</ele><time>2023-10-09T02:18:52Z</time></trkpt><trkpt lat="54.683175" lon="25.433446"><ele>0.087</ele><time>2023-10-09T02:19:32Z</time></trkpt><trkpt lat="54.683292" lon="25.433485"><ele>0.097</ele><time>2023-10-09T02:20:12Z</time></trkpt><trkpt lat="54.683355" lon="25.433524"><ele>0.023</ele><time>2023-10-09T02:20:52Z</time></trkpt><trkpt lat="54.683386" lon="25.433524"><ele>0.025</ele><time>2023-10-09T02:21:32Z</time></trkpt><trkpt lat="54.683471" lon="25.433578"><ele>0.009</ele><time>2023-10-09T02:22:12Z</time></trkpt><trkpt lat="54.683534" lon="25.433602"><ele>0.010</ele><time>2023-10-09T02:22:52Z</time></trkpt><trkpt lat="54.683575" lon="25.433586"><ele>0.093</ele><time>2023-10-09T02:23:32Z</time></trkpt><trkpt lat="54.683737" lon="25.43357"><ele>0.018</ele><time>2023-10-09T02:24:12Z</time></trkpt><trkpt lat="54.683925" lon="25.433577"><ele>0.060</ele><time>2023-10-09T02:24:52Z</time></trkpt><trkpt lat="54.684127" lon="25.433569"><ele>0.085</ele><time>2023-10-09T02:25:32Z</time></trkpt><trkpt lat="54.684347" lon="25.433584"><ele>0.043</ele><time>2023-10-09T02:26:12Z</time></trkpt><trkpt lat="54.684482" lon="25.433592"><ele>0.026</ele><time>2023-10-09T02:26:52Z</time></trkpt><trkpt lat="54.684603" lon="25.433576"><ele>0.043</ele><time>2023-10-09T02:27:32Z</time></trkpt><trkpt lat="54.684698" lon="25.433497"><ele>0.021</ele><time>2023-10-09T02:28:12Z</time></trkpt><trkpt lat="54.684765" lon="25.433466"><ele>0.011</ele><time>2023-10-09T02:28:52Z</time></trkpt><trkpt lat="54.684844" lon="25.433448"><ele>0.021</ele><time>2023-10-09T02:29:32Z</time></trkpt><trkpt lat="54.684942" lon="25.433408"><ele>0.003</ele><time>2023-10-09T02:30:12Z</time></trkpt><trkpt lat="54.685037" lon="25.433314"><ele>0.009</ele><time>2023-10-09T02:30:52Z</time></trkpt><trkpt lat="54.685086" lon="25.433173"><ele>0.092</ele><time>2023-10-09T02:31:32Z</time></trkpt><trkpt lat="54.685149" lon="25.432938"><ele>0.045</ele><time>2023-10-09T02:32:12Z</time></trkpt><trkpt lat="54.685207" lon="25.432766"><ele>0.060</ele><time>2023-10-09T02:32:52Z</time></trkpt><trkpt lat="54.685252" lon="25.432578"><ele>0.032</ele><time>2023-10-09T02:33:32Z</time></trkpt><trkpt lat="54.685332" lon="25.432358"><ele>0.087</ele><time>2023-10-09T02:34:12Z</time></trkpt><trkpt lat="54.685386" lon="25.432178"><ele>0.025</ele><time>2023-10-09T02:34:52Z</time></trkpt><trkpt lat="54.685449" lon="25.431919"><ele>0.078</ele><time>2023-10-09T02:35:32Z</time></trkpt><trkpt lat="54.685516" lon="25.431747"><ele>0.085</ele><time>2023-10-09T02:36:12Z</time></trkpt><trkpt lat="54.685624" lon="25.43159"><ele>0.073</ele><time>2023-10-09T02:36:52Z</time></trkpt><trkpt lat="54.685664" lon="25.43148"><ele>0.012</ele><time>2023-10-09T02:37:32Z</time></trkpt><trkpt lat="54.685668" lon="25.43123"><ele>0.032</ele><time>2023-10-09T02:38:12Z</time></trkpt><trkpt lat="54.685664" lon="25.43105"><ele>0.005</ele><time>2023-10-09T02:38:52Z</time></trkpt><trkpt lat="54.685637" lon="25.43083"><ele>0.009</ele><time>2023-10-09T02:39:32Z</time></trkpt><trkpt lat="54.685601" lon="25.430682"><ele>0.072</ele><time>2023-10-09T02:40:12Z</time></trkpt><trkpt lat="54.685152" lon="25.430725"><ele>0.035</ele><time>2023-10-09T02:40:52Z</time></trkpt></trkseg></trk></gpx>