<?xml version="1.0"?>
<gpx xmlns="http://www.topografix.com/GPX/1/1" xmlns:xsi="http://www.w3.org/2001/XMLSchema-instance" xmlns:wptx1="http://www.garmin.com/xmlschemas/WaypointExtension/v1" xmlns:gpxtrx="http://www.garmin.com/xmlschemas/GpxExtensions/v3" xmlns:gpxtpx="http://www.garmin.com/xmlschemas/TrackPointExtension/v1" xmlns:gpxx="http://www.garmin.com/xmlschemas/GpxExtensions/v3" xmlns:trp="http://www.garmin.com/xmlschemas/TripExtensions/v1" xmlns:adv="http://www.garmin.com/xmlschemas/AdventuresExtensions/v1" xmlns:prs="http://www.garmin.com/xmlschemas/PressureExtension/v1" xmlns:tmd="http://www.garmin.com/xmlschemas/TripMetaDataExtensions/v1" xmlns:vptm="http://www.garmin.com/xmlschemas/ViaPointTransportationModeExtensions/v1" xmlns:ctx="http://www.garmin.com/xmlschemas/CreationTimeExtension/v1" xmlns:gpxacc="http://www.garmin.com/xmlschemas/AccelerationExtension/v1" xmlns:gpxpx="http://www.garmin.com/xmlschemas/PowerExtension/v1" xmlns:vidx1="http://www.garmin.com/xmlschemas/VideoExtension/v1" creator="Garmin Desktop App" version="1.1" xsi:schemaLocation="http://www.topografix.com/GPX/1/1 http://www.topografix.com/GPX/1/1/gpx.xsd http://www.garmin.com/xmlschemas/WaypointExtension/v1 http://www8.garmin.com/xmlschemas/WaypointExtensionv1.xsd http://www.garmin.com/xmlschemas/TrackPointExtension/v1 http://www.garmin.com/xmlschemas/TrackPointExtensionv1.xsd http://www.garmin.com/xmlschemas/GpxExtensions/v3 http://www8.garmin.com/xmlschemas/GpxExtensionsv3.xsd http://www.garmin.com/xmlschemas/ActivityExtension/v1 http://www8.garmin.com/xmlschemas/ActivityExtensionv1.xsd http://www.garmin.com/xmlschemas/AdventuresExtensions/v1 http://www8.garmin.com/xmlschemas/AdventuresExtensionv1.xsd http://www.garmin.com/xmlschemas/PressureExtension/v1 http://www.garmin.com/xmlschemas/PressureExtensionv1.xsd http://www.garmin.com/xmlschemas/TripExtensions/v1 http://www.garmin.com/xmlschemas/TripExtensionsv1.xsd http://www.garmin.com/xmlschemas/TripMetaDataExtensions/v1 http://www.garmin.com/xmlschemas/TripMetaDataExtensionsv1.xsd http://www.garmin.com/xmlschemas/ViaPointTransportationModeExtensions/v1 http://www.garmin.com/xmlschemas/ViaPointTransportationModeExtensionsv1.xsd http://www.garmin.com/xmlschemas/CreationTimeExtension/v1 http://www.garmin.com/xmlschemas/CreationTimeExtensionsv1.xsd http://www.garmin.com/xmlschemas/AccelerationExtension/v1 http://www.garmin.com/xmlschemas/AccelerationExtensionv1.xsd http://www.garmin.com/xmlschemas/PowerExtension/v1 http://www.garmin.com/xmlschemas/PowerExtensionv1.xsd http://www.garmin.com/xmlschemas/VideoExtension/v1 http://www.garmin.com/xmlschemas/VideoExtensionv1.xsd">
  <metadata>
    <link href="http://www.garmin.com">
      <text>Garmin International</text>
    </link>
    <time>2019-11-10T12:21:43Z</time>
    <bounds maxlat="54.608874320983887" maxlon="25.09152889251709" minlat="54.508366584777832" minlon="24.907336235046387"/>
  </metadata>
  <trk>
    <name>Enduro Namai 001</name>
    <extensions>
      <gpxx:TrackExtension>
        <gpxx:DisplayColor>DarkGray</gpxx:DisplayColor>
      </gpxx:TrackExtension>
    </extensions>
    <trkseg>
      <trkpt lat="54.608678352087736" lon="25.056212581694126">
        <time>2019-11-10T12:20:34Z</time>
      </trkpt>
      <trkpt lat="54.608874320983887" lon="25.057411193847656"/>
      <trkpt lat="54.608488082885742" lon="25.057582855224609"/>
      <trkpt lat="54.608445167541504" lon="25.057604312896729"/>
      <trkpt lat="54.60829496383667" lon="25.057690143585205"/>
      <trkpt lat="54.608187675476074" lon="25.057733058929443"/>
      <trkpt lat="54.607908725738525" lon="25.057883262634277"/>
      <trkpt lat="54.607264995574951" lon="25.058140754699707"/>
      <trkpt lat="54.607179164886475" lon="25.058183670043945"/>
      <trkpt lat="54.607071876525879" lon="25.058226585388184"/>
      <trkpt lat="54.606771469116211" lon="25.058355331420898"/>
      <trkpt lat="54.6065354347229" lon="25.058462619781494"/>
      <trkpt lat="54.606471061706543" lon="25.058505535125732"/>
      <trkpt lat="54.606428146362305" lon="25.058505535125732"/>
      <trkpt lat="54.606256484985352" lon="25.058548450469971"/>
      <trkpt lat="54.606170654296875" lon="25.058526992797852"/>
      <trkpt lat="54.606063365936279" lon="25.058505535125732"/>
      <trkpt lat="54.605934619903564" lon="25.058484077453613"/>
      <trkpt lat="54.605827331542969" lon="25.058441162109375"/>
      <trkpt lat="54.605398178100586" lon="25.058205127716064"/>
      <trkpt lat="54.604904651641846" lon="25.057904720306396"/>
      <trkpt lat="54.604775905609131" lon="25.057840347290039"/>
      <trkpt lat="54.604647159576416" lon="25.057797431945801"/>
      <trkpt lat="54.604496955871582" lon="25.057754516601562"/>
      <trkpt lat="54.60430383682251" lon="25.057690143585205"/>
      <trkpt lat="54.604110717773438" lon="25.057668685913086"/>
      <trkpt lat="54.603831768035889" lon="25.057625770568848"/>
      <trkpt lat="54.603574275970459" lon="25.057625770568848"/>
      <trkpt lat="54.603273868560791" lon="25.057604312896729"/>
      <trkpt lat="54.603166580200195" lon="25.057582855224609"/>
      <trkpt lat="54.603016376495361" lon="25.05756139755249"/>
      <trkpt lat="54.602909088134766" lon="25.057539939880371"/>
      <trkpt lat="54.602780342102051" lon="25.057518482208252"/>
      <trkpt lat="54.602265357971191" lon="25.057389736175537"/>
      <trkpt lat="54.602179527282715" lon="25.057389736175537"/>
      <trkpt lat="54.602115154266357" lon="25.057389736175537"/>
      <trkpt lat="54.60205078125" lon="25.057411193847656"/>
      <trkpt lat="54.601986408233643" lon="25.057432651519775"/>
      <trkpt lat="54.601900577545166" lon="25.057475566864014"/>
      <trkpt lat="54.601621627807617" lon="25.057668685913086"/>
      <trkpt lat="54.601492881774902" lon="25.057754516601562"/>
      <trkpt lat="54.601364135742188" lon="25.057797431945801"/>
      <trkpt lat="54.601192474365234" lon="25.057861804962158"/>
      <trkpt lat="54.601085186004639" lon="25.057904720306396"/>
      <trkpt lat="54.600849151611328" lon="25.057990550994873"/>
      <trkpt lat="54.600698947906494" lon="25.058033466339111"/>
      <trkpt lat="54.600505828857422" lon="25.05805492401123"/>
      <trkpt lat="54.60031270980835" lon="25.058119297027588"/>
      <trkpt lat="54.600076675415039" lon="25.058226585388184"/>
      <trkpt lat="54.600076675415039" lon="25.05831241607666"/>
      <trkpt lat="54.600076675415039" lon="25.058226585388184"/>
      <trkpt lat="54.60005521774292" lon="25.058012008666992"/>
      <trkpt lat="54.600033760070801" lon="25.057497024536133"/>
      <trkpt lat="54.600012302398682" lon="25.056874752044678"/>
      <trkpt lat="54.599990844726562" lon="25.056767463684082"/>
      <trkpt lat="54.59979772567749" lon="25.056338310241699"/>
      <trkpt lat="54.599668979644775" lon="25.05605936050415"/>
      <trkpt lat="54.59956169128418" lon="25.055866241455078"/>
      <trkpt lat="54.599454402923584" lon="25.055694580078125"/>
      <trkpt lat="54.59930419921875" lon="25.055458545684814"/>
      <trkpt lat="54.599175453186035" lon="25.055243968963623"/>
      <trkpt lat="54.599089622497559" lon="25.055115222930908"/>
      <trkpt lat="54.598960876464844" lon="25.054965019226074"/>
      <trkpt lat="54.598832130432129" lon="25.054793357849121"/>
      <trkpt lat="54.598746299743652" lon="25.054707527160645"/>
      <trkpt lat="54.598617553710938" lon="25.054600238800049"/>
      <trkpt lat="54.598531723022461" lon="25.054535865783691"/>
      <trkpt lat="54.598445892333984" lon="25.054514408111572"/>
      <trkpt lat="54.598381519317627" lon="25.054492950439453"/>
      <trkpt lat="54.598252773284912" lon="25.054471492767334"/>
      <trkpt lat="54.597995281219482" lon="25.054428577423096"/>
      <trkpt lat="54.597887992858887" lon="25.054407119750977"/>
      <trkpt lat="54.597587585449219" lon="25.054407119750977"/>
      <trkpt lat="54.597480297088623" lon="25.054407119750977"/>
      <trkpt lat="54.597222805023193" lon="25.054450035095215"/>
      <trkpt lat="54.597136974334717" lon="25.054450035095215"/>
      <trkpt lat="54.59705114364624" lon="25.054428577423096"/>
      <trkpt lat="54.596986770629883" lon="25.054407119750977"/>
      <trkpt lat="54.596943855285645" lon="25.0543212890625"/>
      <trkpt lat="54.596772193908691" lon="25.053806304931641"/>
      <trkpt lat="54.596707820892334" lon="25.05357027053833"/>
      <trkpt lat="54.5965576171875" lon="25.053055286407471"/>
      <trkpt lat="54.596514701843262" lon="25.052926540374756"/>
      <trkpt lat="54.596471786499023" lon="25.052840709686279"/>
      <trkpt lat="54.596364498138428" lon="25.052711963653564"/>
      <trkpt lat="54.59630012512207" lon="25.052626132965088"/>
      <trkpt lat="54.596214294433594" lon="25.052540302276611"/>
      <trkpt lat="54.59606409072876" lon="25.052433013916016"/>
      <trkpt lat="54.595913887023926" lon="25.05232572555542"/>
      <trkpt lat="54.59580659866333" lon="25.052239894866943"/>
      <trkpt lat="54.595742225646973" lon="25.052218437194824"/>
      <trkpt lat="54.595506191253662" lon="25.052154064178467"/>
      <trkpt lat="54.595355987548828" lon="25.052111148834229"/>
      <trkpt lat="54.59531307220459" lon="25.052089691162109"/>
      <trkpt lat="54.595248699188232" lon="25.052046775817871"/>
      <trkpt lat="54.595205783843994" lon="25.052003860473633"/>
      <trkpt lat="54.595162868499756" lon="25.051939487457275"/>
      <trkpt lat="54.595141410827637" lon="25.051875114440918"/>
      <trkpt lat="54.595119953155518" lon="25.051767826080322"/>
      <trkpt lat="54.59505558013916" lon="25.051467418670654"/>
      <trkpt lat="54.595038397237659" lon="25.051398603245616"/>
      <trkpt lat="54.594991207122803" lon="25.051274299621582"/>
      <trkpt lat="54.594926834106445" lon="25.051188468933105"/>
      <trkpt lat="54.594862461090088" lon="25.051102638244629"/>
      <trkpt lat="54.59481954574585" lon="25.051059722900391"/>
      <trkpt lat="54.594755172729492" lon="25.051038265228271"/>
      <trkpt lat="54.594712257385254" lon="25.051016807556152"/>
      <trkpt lat="54.594626426696777" lon="25.051016807556152"/>
      <trkpt lat="54.594476222991943" lon="25.051038265228271"/>
      <trkpt lat="54.594283103942871" lon="25.051059722900391"/>
      <trkpt lat="54.594197273254395" lon="25.051059722900391"/>
      <trkpt lat="54.594111442565918" lon="25.051059722900391"/>
      <trkpt lat="54.594047069549561" lon="25.051038265228271"/>
      <trkpt lat="54.593682289123535" lon="25.050866603851318"/>
      <trkpt lat="54.593489170074463" lon="25.050780773162842"/>
      <trkpt lat="54.593360424041748" lon="25.050737857818604"/>
      <trkpt lat="54.593124389648438" lon="25.050630569458008"/>
      <trkpt lat="54.592909812927246" lon="25.050523281097412"/>
      <trkpt lat="54.592652320861816" lon="25.050373077392578"/>
      <trkpt lat="54.592587947845459" lon="25.05033016204834"/>
      <trkpt lat="54.592437744140625" lon="25.050244331359863"/>
      <trkpt lat="54.592137336730957" lon="25.050094127655029"/>
      <trkpt lat="54.592030048370361" lon="25.050029754638672"/>
      <trkpt lat="54.591879844665527" lon="25.049943923950195"/>
      <trkpt lat="54.591708183288574" lon="25.04981517791748"/>
      <trkpt lat="54.591600894927979" lon="25.049729347229004"/>
      <trkpt lat="54.591515064239502" lon="25.049600601196289"/>
      <trkpt lat="54.591450691223145" lon="25.049471855163574"/>
      <trkpt lat="54.591429233551025" lon="25.049428939819336"/>
      <trkpt lat="54.591429233551025" lon="25.049364566802979"/>
      <trkpt lat="54.591450691223145" lon="25.049257278442383"/>
      <trkpt lat="54.591450691223145" lon="25.049107074737549"/>
      <trkpt lat="54.591472148895264" lon="25.048892498016357"/>
      <trkpt lat="54.591472148895264" lon="25.048806667327881"/>
      <trkpt lat="54.591493606567383" lon="25.048742294311523"/>
      <trkpt lat="54.591536521911621" lon="25.04857063293457"/>
      <trkpt lat="54.591579437255859" lon="25.048484802246094"/>
      <trkpt lat="54.591622352600098" lon="25.048270225524902"/>
      <trkpt lat="54.591643810272217" lon="25.048120021820068"/>
      <trkpt lat="54.591686725616455" lon="25.048012733459473"/>
      <trkpt lat="54.591751098632812" lon="25.047862529754639"/>
      <trkpt lat="54.591772556304932" lon="25.047798156738281"/>
      <trkpt lat="54.591772556304932" lon="25.047733783721924"/>
      <trkpt lat="54.591772556304932" lon="25.047647953033447"/>
      <trkpt lat="54.591751098632812" lon="25.04758358001709"/>
      <trkpt lat="54.591772556304932" lon="25.047540664672852"/>
      <trkpt lat="54.592330455780029" lon="25.046467781066895"/>
      <trkpt lat="54.593017101287842" lon="25.044944286346436"/>
      <trkpt lat="54.593253135681152" lon="25.044257640838623"/>
      <trkpt lat="54.593288842588663" lon="25.044130906462669"/>
      <trkpt lat="54.593725204467773" lon="25.04258394241333"/>
      <trkpt lat="54.593832492828369" lon="25.042219161987305"/>
      <trkpt lat="54.593896865844727" lon="25.042026042938232"/>
      <trkpt lat="54.594647884368896" lon="25.03934383392334"/>
      <trkpt lat="54.595420360565186" lon="25.036618709564209"/>
      <trkpt lat="54.596235752105713" lon="25.033743381500244"/>
      <trkpt lat="54.597437381744385" lon="25.029537677764893"/>
      <trkpt lat="54.598069461062551" lon="25.027312198653817"/>
      <trkpt lat="54.598467350006104" lon="25.025911331176758"/>
      <trkpt lat="54.598424434661865" lon="25.025889873504639"/>
      <trkpt lat="54.598360061645508" lon="25.02586841583252"/>
      <trkpt lat="54.598188400268555" lon="25.025889873504639"/>
      <trkpt lat="54.597694873809814" lon="25.025911331176758"/>
      <trkpt lat="54.597265720367432" lon="25.02586841583252"/>
      <trkpt lat="54.59705114364624" lon="25.0258469581604"/>
      <trkpt lat="54.596257209777832" lon="25.025718212127686"/>
      <trkpt lat="54.595549609512091" lon="25.025564823299646"/>
      <trkpt lat="54.594969749450684" lon="25.025439262390137"/>
      <trkpt lat="54.594283103942871" lon="25.025246143341064"/>
      <trkpt lat="54.593467712402344" lon="25.02509593963623"/>
      <trkpt lat="54.593167304992676" lon="25.024967193603516"/>
      <trkpt lat="54.592995643615723" lon="25.024688243865967"/>
      <trkpt lat="54.592909812927246" lon="25.024452209472656"/>
      <trkpt lat="54.592781066894531" lon="25.024065971374512"/>
      <trkpt lat="54.592587947845459" lon="25.023250579833984"/>
      <trkpt lat="54.592480659484863" lon="25.022971630096436"/>
      <trkpt lat="54.592201709747314" lon="25.022392272949219"/>
      <trkpt lat="54.591879844665527" lon="25.021684169769287"/>
      <trkpt lat="54.591622352600098" lon="25.021147727966309"/>
      <trkpt lat="54.591515064239502" lon="25.020890235900879"/>
      <trkpt lat="54.591429233551025" lon="25.020697116851807"/>
      <trkpt lat="54.591343402862549" lon="25.020461082458496"/>
      <trkpt lat="54.591214656829834" lon="25.020182132720947"/>
      <trkpt lat="54.591150283813477" lon="25.020074844360352"/>
      <trkpt lat="54.591107368469238" lon="25.019967555999756"/>
      <trkpt lat="54.591021537780762" lon="25.01986026763916"/>
      <trkpt lat="54.590957164764404" lon="25.019795894622803"/>
      <trkpt lat="54.590871334075928" lon="25.019688606262207"/>
      <trkpt lat="54.590764045715332" lon="25.01960277557373"/>
      <trkpt lat="54.589991569519043" lon="25.018808841705322"/>
      <trkpt lat="54.589884281158447" lon="25.018680095672607"/>
      <trkpt lat="54.58981990814209" lon="25.018594264984131"/>
      <trkpt lat="54.589734077453613" lon="25.018486976623535"/>
      <trkpt lat="54.589648246765137" lon="25.018379688262939"/>
      <trkpt lat="54.589540958404541" lon="25.018143653869629"/>
      <trkpt lat="54.589476585388184" lon="25.018036365509033"/>
      <trkpt lat="54.589390754699707" lon="25.017907619476318"/>
      <trkpt lat="54.588875770568848" lon="25.016577243804932"/>
      <trkpt lat="54.588510990142822" lon="25.015740394592285"/>
      <trkpt lat="54.588232040405273" lon="25.01511812210083"/>
      <trkpt lat="54.588124752044678" lon="25.014925003051758"/>
      <trkpt lat="54.587996006011963" lon="25.014603137969971"/>
      <trkpt lat="54.587953090667725" lon="25.014452934265137"/>
      <trkpt lat="54.587888717651367" lon="25.014259815216064"/>
      <trkpt lat="54.587867259979248" lon="25.01413106918335"/>
      <trkpt lat="54.58782434463501" lon="25.013916492462158"/>
      <trkpt lat="54.587781429290771" lon="25.013594627380371"/>
      <trkpt lat="54.587759971618652" lon="25.013551712036133"/>
      <trkpt lat="54.587717056274414" lon="25.01338005065918"/>
      <trkpt lat="54.587674140930176" lon="25.01312255859375"/>
      <trkpt lat="54.58756685256958" lon="25.01286506652832"/>
      <trkpt lat="54.587631225585938" lon="25.012564659118652"/>
      <trkpt lat="54.587674140930176" lon="25.012328624725342"/>
      <trkpt lat="54.587738513946533" lon="25.012221336364746"/>
      <trkpt lat="54.58782434463501" lon="25.012049674987793"/>
      <trkpt lat="54.587888717651367" lon="25.011920928955078"/>
      <trkpt lat="54.587953090667725" lon="25.011835098266602"/>
      <trkpt lat="54.587996006011963" lon="25.011792182922363"/>
      <trkpt lat="54.588038921356201" lon="25.011727809906006"/>
      <trkpt lat="54.58806037902832" lon="25.011663436889648"/>
      <trkpt lat="54.588103294372559" lon="25.011577606201172"/>
      <trkpt lat="54.588167667388916" lon="25.01136302947998"/>
      <trkpt lat="54.588232040405273" lon="25.011277198791504"/>
      <trkpt lat="54.588274955749512" lon="25.011234283447266"/>
      <trkpt lat="54.588360786437988" lon="25.011191368103027"/>
      <trkpt lat="54.588596820831299" lon="25.01112699508667"/>
      <trkpt lat="54.588832855224609" lon="25.011041164398193"/>
      <trkpt lat="54.588940143585205" lon="25.010976791381836"/>
      <trkpt lat="54.589004516601562" lon="25.010933876037598"/>
      <trkpt lat="54.589111804962158" lon="25.010848045349121"/>
      <trkpt lat="54.589197635650635" lon="25.010762214660645"/>
      <trkpt lat="54.589262008666992" lon="25.010676383972168"/>
      <trkpt lat="54.58932638168335" lon="25.010590553283691"/>
      <trkpt lat="54.589390754699707" lon="25.010483264923096"/>
      <trkpt lat="54.589455127716064" lon="25.0103759765625"/>
      <trkpt lat="54.589519500732422" lon="25.010182857513428"/>
      <trkpt lat="54.589583873748779" lon="25.009968280792236"/>
      <trkpt lat="54.589669704437256" lon="25.009710788726807"/>
      <trkpt lat="54.589712619781494" lon="25.00962495803833"/>
      <trkpt lat="54.589734077453613" lon="25.009539127349854"/>
      <trkpt lat="54.589798450469971" lon="25.009431838989258"/>
      <trkpt lat="54.589884281158447" lon="25.009303092956543"/>
      <trkpt lat="54.59007740020752" lon="25.009024143218994"/>
      <trkpt lat="54.590184688568115" lon="25.008852481842041"/>
      <trkpt lat="54.590485095977783" lon="25.008273124694824"/>
      <trkpt lat="54.59057092666626" lon="25.008101463317871"/>
      <trkpt lat="54.590699672698975" lon="25.007843971252441"/>
      <trkpt lat="54.590849876403809" lon="25.007436275482178"/>
      <trkpt lat="54.590914249420166" lon="25.007307529449463"/>
      <trkpt lat="54.590971833094954" lon="25.007177945226431"/>
      <trkpt lat="54.591085910797119" lon="25.006921291351318"/>
      <trkpt lat="54.591171741485596" lon="25.006771087646484"/>
      <trkpt lat="54.591193199157715" lon="25.006685256958008"/>
      <trkpt lat="54.591193199157715" lon="25.00662088394165"/>
      <trkpt lat="54.591193199157715" lon="25.006556510925293"/>
      <trkpt lat="54.591171741485596" lon="25.006492137908936"/>
      <trkpt lat="54.591128826141357" lon="25.006363391876221"/>
      <trkpt lat="54.591085910797119" lon="25.006191730499268"/>
      <trkpt lat="54.591042995452881" lon="25.006062984466553"/>
      <trkpt lat="54.591042995452881" lon="25.005977153778076"/>
      <trkpt lat="54.591021537780762" lon="25.0058913230896"/>
      <trkpt lat="54.591000080108643" lon="25.005848407745361"/>
      <trkpt lat="54.590978622436523" lon="25.005698204040527"/>
      <trkpt lat="54.590957164764404" lon="25.005655288696289"/>
      <trkpt lat="54.590914249420166" lon="25.005440711975098"/>
      <trkpt lat="54.590849876403809" lon="25.005204677581787"/>
      <trkpt lat="54.590742588043213" lon="25.004904270172119"/>
      <trkpt lat="54.590678215026855" lon="25.004754066467285"/>
      <trkpt lat="54.59057092666626" lon="25.004603862762451"/>
      <trkpt lat="54.590528011322021" lon="25.004496574401855"/>
      <trkpt lat="54.590463638305664" lon="25.004260540008545"/>
      <trkpt lat="54.590399265289307" lon="25.00413179397583"/>
      <trkpt lat="54.590206146240234" lon="25.0038743019104"/>
      <trkpt lat="54.590175217017531" lon="25.003843372687697"/>
      <trkpt lat="54.590120315551758" lon="25.003788471221924"/>
      <trkpt lat="54.590013027191162" lon="25.00363826751709"/>
      <trkpt lat="54.589905738830566" lon="25.003466606140137"/>
      <trkpt lat="54.589798450469971" lon="25.003273487091064"/>
      <trkpt lat="54.589669704437256" lon="25.003015995025635"/>
      <trkpt lat="54.589540958404541" lon="25.002651214599609"/>
      <trkpt lat="54.589455127716064" lon="25.002501010894775"/>
      <trkpt lat="54.589412212371826" lon="25.002436637878418"/>
      <trkpt lat="54.58932638168335" lon="25.002350807189941"/>
      <trkpt lat="54.589240550994873" lon="25.002243518829346"/>
      <trkpt lat="54.589154720306396" lon="25.002114772796631"/>
      <trkpt lat="54.589133262634277" lon="25.002028942108154"/>
      <trkpt lat="54.588983058929443" lon="25.001707077026367"/>
      <trkpt lat="54.588897228240967" lon="25.001492500305176"/>
      <trkpt lat="54.58881139755249" lon="25.001299381256104"/>
      <trkpt lat="54.588747024536133" lon="25.001084804534912"/>
      <trkpt lat="54.588661193847656" lon="25.000848770141602"/>
      <trkpt lat="54.58857536315918" lon="25.00063419342041"/>
      <trkpt lat="54.588468074798584" lon="25.000290870666504"/>
      <trkpt lat="54.588360786437988" lon="24.999990463256836"/>
      <trkpt lat="54.588103294372559" lon="24.999260902404785"/>
      <trkpt lat="54.587910175323486" lon="24.998767375946045"/>
      <trkpt lat="54.587631225585938" lon="24.998059272766113"/>
      <trkpt lat="54.58730936050415" lon="24.997265338897705"/>
      <trkpt lat="54.587223529815674" lon="24.997029304504395"/>
      <trkpt lat="54.586966037750244" lon="24.996449947357178"/>
      <trkpt lat="54.586665630340576" lon="24.995870590209961"/>
      <trkpt lat="54.586601257324219" lon="24.995720386505127"/>
      <trkpt lat="54.586472511291504" lon="24.995505809783936"/>
      <trkpt lat="54.586300849914551" lon="24.99514102935791"/>
      <trkpt lat="54.586193561553955" lon="24.994862079620361"/>
      <trkpt lat="54.585850238800049" lon="24.994111061096191"/>
      <trkpt lat="54.585635662078857" lon="24.99363899230957"/>
      <trkpt lat="54.585528373718262" lon="24.993381500244141"/>
      <trkpt lat="54.585464000701904" lon="24.993274211883545"/>
      <trkpt lat="54.585099220275879" lon="24.992566108703613"/>
      <trkpt lat="54.585052952170372" lon="24.99248287640512"/>
      <trkpt lat="54.585099220275879" lon="24.992566108703613"/>
      <trkpt lat="54.584884643554688" lon="24.992179870605469"/>
      <trkpt lat="54.584777355194092" lon="24.991922378540039"/>
      <trkpt lat="54.584627151489258" lon="24.991536140441895"/>
      <trkpt lat="54.584412574768066" lon="24.991085529327393"/>
      <trkpt lat="54.584155082702637" lon="24.990570545196533"/>
      <trkpt lat="54.584026336669922" lon="24.990291595458984"/>
      <trkpt lat="54.583940505981445" lon="24.99014139175415"/>
      <trkpt lat="54.58383321762085" lon="24.989948272705078"/>
      <trkpt lat="54.583704471588135" lon="24.989604949951172"/>
      <trkpt lat="54.583554267883301" lon="24.989197254180908"/>
      <trkpt lat="54.583361148834229" lon="24.988832473754883"/>
      <trkpt lat="54.583296775817871" lon="24.988682270050049"/>
      <trkpt lat="54.583253860473633" lon="24.988553524017334"/>
      <trkpt lat="54.583189487457275" lon="24.988338947296143"/>
      <trkpt lat="54.583168029785156" lon="24.988188743591309"/>
      <trkpt lat="54.58308219909668" lon="24.988017082214355"/>
      <trkpt lat="54.582846164703369" lon="24.987459182739258"/>
      <trkpt lat="54.58256721496582" lon="24.986987113952637"/>
      <trkpt lat="54.582459926605225" lon="24.986751079559326"/>
      <trkpt lat="54.58233118057251" lon="24.986429214477539"/>
      <trkpt lat="54.582288265228271" lon="24.986300468444824"/>
      <trkpt lat="54.582266807556152" lon="24.98615026473999"/>
      <trkpt lat="54.582202434539795" lon="24.985871315002441"/>
      <trkpt lat="54.582095146179199" lon="24.985356330871582"/>
      <trkpt lat="54.581966400146484" lon="24.984776973724365"/>
      <trkpt lat="54.581902027130127" lon="24.984476566314697"/>
      <trkpt lat="54.581859111785889" lon="24.984283447265625"/>
      <trkpt lat="54.581830026581883" lon="24.983991757035255"/>
      <trkpt lat="54.58181619644165" lon="24.983854293823242"/>
      <trkpt lat="54.58181619644165" lon="24.983725547790527"/>
      <trkpt lat="54.581773281097412" lon="24.983596801757812"/>
      <trkpt lat="54.581644535064697" lon="24.983210563659668"/>
      <trkpt lat="54.581408500671387" lon="24.98265266418457"/>
      <trkpt lat="54.581365585327148" lon="24.982523918151855"/>
      <trkpt lat="54.581344127655029" lon="24.98241662979126"/>
      <trkpt lat="54.581344127655029" lon="24.982352256774902"/>
      <trkpt lat="54.581344127655029" lon="24.982223510742188"/>
      <trkpt lat="54.581365585327148" lon="24.982051849365234"/>
      <trkpt lat="54.581408500671387" lon="24.981772899627686"/>
      <trkpt lat="54.581387042999268" lon="24.981193542480469"/>
      <trkpt lat="54.581387042999268" lon="24.980764389038086"/>
      <trkpt lat="54.581365585327148" lon="24.980034828186035"/>
      <trkpt lat="54.581344127655029" lon="24.979841709136963"/>
      <trkpt lat="54.581301212310791" lon="24.97967004776001"/>
      <trkpt lat="54.581279754638672" lon="24.979605674743652"/>
      <trkpt lat="54.581279754638672" lon="24.979455471038818"/>
      <trkpt lat="54.581279754638672" lon="24.979262351989746"/>
      <trkpt lat="54.581279754638672" lon="24.97917652130127"/>
      <trkpt lat="54.581301212310791" lon="24.979112148284912"/>
      <trkpt lat="54.581301212310791" lon="24.979047775268555"/>
      <trkpt lat="54.581301212310791" lon="24.978940486907959"/>
      <trkpt lat="54.581279754638672" lon="24.978833198547363"/>
      <trkpt lat="54.581236839294434" lon="24.97840404510498"/>
      <trkpt lat="54.581215381622314" lon="24.978253841400146"/>
      <trkpt lat="54.581193923950195" lon="24.978103637695312"/>
      <trkpt lat="54.581172466278076" lon="24.977781772613525"/>
      <trkpt lat="54.581172466278076" lon="24.977567195892334"/>
      <trkpt lat="54.581172466278076" lon="24.977138042449951"/>
      <trkpt lat="54.581151008605957" lon="24.97666597366333"/>
      <trkpt lat="54.581151008605957" lon="24.976515769958496"/>
      <trkpt lat="54.581108093261719" lon="24.976236820220947"/>
      <trkpt lat="54.581108093261719" lon="24.976108074188232"/>
      <trkpt lat="54.58106517791748" lon="24.975807666778564"/>
      <trkpt lat="54.581043720245361" lon="24.975507259368896"/>
      <trkpt lat="54.581022262573242" lon="24.975399971008301"/>
      <trkpt lat="54.581022262573242" lon="24.975271224975586"/>
      <trkpt lat="54.580957889556885" lon="24.974648952484131"/>
      <trkpt lat="54.580957889556885" lon="24.974434375762939"/>
      <trkpt lat="54.580936431884766" lon="24.974241256713867"/>
      <trkpt lat="54.580936431884766" lon="24.974112510681152"/>
      <trkpt lat="54.580936431884766" lon="24.973812103271484"/>
      <trkpt lat="54.580936431884766" lon="24.973597526550293"/>
      <trkpt lat="54.580850601196289" lon="24.973554611206055"/>
      <trkpt lat="54.580764770507812" lon="24.973490238189697"/>
      <trkpt lat="54.580700397491455" lon="24.973447322845459"/>
      <trkpt lat="54.580614566802979" lon="24.97342586517334"/>
      <trkpt lat="54.580507278442383" lon="24.973382949829102"/>
      <trkpt lat="54.580399990081787" lon="24.973361492156982"/>
      <trkpt lat="54.580314159393311" lon="24.973382949829102"/>
      <trkpt lat="54.579970836639404" lon="24.973361492156982"/>
      <trkpt lat="54.579777717590332" lon="24.973361492156982"/>
      <trkpt lat="54.57958459854126" lon="24.973340034484863"/>
      <trkpt lat="54.579541683197021" lon="24.973318576812744"/>
      <trkpt lat="54.579498767852783" lon="24.973297119140625"/>
      <trkpt lat="54.579434394836426" lon="24.973254203796387"/>
      <trkpt lat="54.579262733459473" lon="24.973125457763672"/>
      <trkpt lat="54.579176902770996" lon="24.973039627075195"/>
      <trkpt lat="54.579048156738281" lon="24.972889423370361"/>
      <trkpt lat="54.578983783721924" lon="24.972803592681885"/>
      <trkpt lat="54.578893510624766" lon="24.972695298492908"/>
      <trkpt lat="54.578812122344971" lon="24.972567558288574"/>
      <trkpt lat="54.578747749328613" lon="24.972481727600098"/>
      <trkpt lat="54.578683376312256" lon="24.972374439239502"/>
      <trkpt lat="54.578597545623779" lon="24.972224235534668"/>
      <trkpt lat="54.578425884246826" lon="24.971945285797119"/>
      <trkpt lat="54.57834005355835" lon="24.971816539764404"/>
      <trkpt lat="54.578254222869873" lon="24.971687793731689"/>
      <trkpt lat="54.578104019165039" lon="24.971473217010498"/>
      <trkpt lat="54.578053560107946" lon="24.971378669142723"/>
      <trkpt lat="54.577932357788086" lon="24.971151351928711"/>
      <trkpt lat="54.577867984771729" lon="24.971065521240234"/>
      <trkpt lat="54.577760696411133" lon="24.970893859863281"/>
      <trkpt lat="54.577438831329346" lon="24.970378875732422"/>
      <trkpt lat="54.577310085296631" lon="24.97018575668335"/>
      <trkpt lat="54.577245712280273" lon="24.970078468322754"/>
      <trkpt lat="54.577181339263916" lon="24.969992637634277"/>
      <trkpt lat="54.577095508575439" lon="24.969820976257324"/>
      <trkpt lat="54.577031135559082" lon="24.969735145568848"/>
      <trkpt lat="54.576945304870605" lon="24.969606399536133"/>
      <trkpt lat="54.576902389526367" lon="24.969499111175537"/>
      <trkpt lat="54.576859474182129" lon="24.96943473815918"/>
      <trkpt lat="54.576775655150414" lon="24.969319738447666"/>
      <trkpt lat="54.576752185821533" lon="24.969284534454346"/>
      <trkpt lat="54.576687812805176" lon="24.969220161437988"/>
      <trkpt lat="54.576601982116699" lon="24.969112873077393"/>
      <trkpt lat="54.576494693756104" lon="24.969005584716797"/>
      <trkpt lat="54.576365947723389" lon="24.96891975402832"/>
      <trkpt lat="54.576301574707031" lon="24.968876838684082"/>
      <trkpt lat="54.576237201690674" lon="24.968812465667725"/>
      <trkpt lat="54.576151371002197" lon="24.968769550323486"/>
      <trkpt lat="54.576065540313721" lon="24.968726634979248"/>
      <trkpt lat="54.576001167297363" lon="24.968662261962891"/>
      <trkpt lat="54.575936794281006" lon="24.968640804290771"/>
      <trkpt lat="54.575657844543457" lon="24.968469142913818"/>
      <trkpt lat="54.5755934715271" lon="24.96842622756958"/>
      <trkpt lat="54.575529098510742" lon="24.968404769897461"/>
      <trkpt lat="54.575464725494385" lon="24.968383312225342"/>
      <trkpt lat="54.575400352478027" lon="24.968340396881104"/>
      <trkpt lat="54.575314521789551" lon="24.968318939208984"/>
      <trkpt lat="54.575250148773193" lon="24.968297481536865"/>
      <trkpt lat="54.575035572052002" lon="24.968233108520508"/>
      <trkpt lat="54.574971199035645" lon="24.968211650848389"/>
      <trkpt lat="54.574906826019287" lon="24.968211650848389"/>
      <trkpt lat="54.574670791625977" lon="24.96819019317627"/>
      <trkpt lat="54.574563503265381" lon="24.96819019317627"/>
      <trkpt lat="54.5745849609375" lon="24.967567920684814"/>
      <trkpt lat="54.574606418609619" lon="24.965808391571045"/>
      <trkpt lat="54.574606418609619" lon="24.965379238128662"/>
      <trkpt lat="54.574627876281738" lon="24.965250492095947"/>
      <trkpt lat="54.574649333953857" lon="24.965143203735352"/>
      <trkpt lat="54.574692249298096" lon="24.965035915374756"/>
      <trkpt lat="54.575142860412598" lon="24.964284896850586"/>
      <trkpt lat="54.575304966419935" lon="24.964023046195507"/>
      <trkpt lat="54.575142860412598" lon="24.964284896850586"/>
      <trkpt lat="54.575421810150146" lon="24.963834285736084"/>
      <trkpt lat="54.575507640838623" lon="24.963641166687012"/>
      <trkpt lat="54.575550556182861" lon="24.963576793670654"/>
      <trkpt lat="54.575550556182861" lon="24.963469505310059"/>
      <trkpt lat="54.575550556182861" lon="24.963405132293701"/>
      <trkpt lat="54.575529098510742" lon="24.963340759277344"/>
      <trkpt lat="54.575464725494385" lon="24.963212013244629"/>
      <trkpt lat="54.574434757232666" lon="24.962267875671387"/>
      <trkpt lat="54.574402738362551" lon="24.962237952277064"/>
      <trkpt lat="54.573769569396973" lon="24.961645603179932"/>
      <trkpt lat="54.573683738708496" lon="24.961538314819336"/>
      <trkpt lat="54.573640823364258" lon="24.961452484130859"/>
      <trkpt lat="54.573640823364258" lon="24.961345195770264"/>
      <trkpt lat="54.573640823364258" lon="24.961152076721191"/>
      <trkpt lat="54.573683738708496" lon="24.960851669311523"/>
      <trkpt lat="54.573726654052734" lon="24.960615634918213"/>
      <trkpt lat="54.573726654052734" lon="24.960486888885498"/>
      <trkpt lat="54.573705196380615" lon="24.960358142852783"/>
      <trkpt lat="54.573619365692139" lon="24.960165023803711"/>
      <trkpt lat="54.573447704315186" lon="24.959800243377686"/>
      <trkpt lat="54.573361873626709" lon="24.959607124328613"/>
      <trkpt lat="54.573318958282471" lon="24.959392547607422"/>
      <trkpt lat="54.573254585266113" lon="24.959156513214111"/>
      <trkpt lat="54.573211669921875" lon="24.959049224853516"/>
      <trkpt lat="54.57308292388916" lon="24.958963394165039"/>
      <trkpt lat="54.572868347167969" lon="24.958856105804443"/>
      <trkpt lat="54.572803974151611" lon="24.958770275115967"/>
      <trkpt lat="54.572718143463135" lon="24.958620071411133"/>
      <trkpt lat="54.572653770446777" lon="24.95844841003418"/>
      <trkpt lat="54.572632312774658" lon="24.958298206329346"/>
      <trkpt lat="54.572610855102539" lon="24.957869052886963"/>
      <trkpt lat="54.572610855102539" lon="24.957504272460938"/>
      <trkpt lat="54.572610855102539" lon="24.957268238067627"/>
      <trkpt lat="54.572653770446777" lon="24.956967830657959"/>
      <trkpt lat="54.572718143463135" lon="24.956624507904053"/>
      <trkpt lat="54.572739601135254" lon="24.95643138885498"/>
      <trkpt lat="54.572761058807373" lon="24.956216812133789"/>
      <trkpt lat="54.572739601135254" lon="24.955980777740479"/>
      <trkpt lat="54.572696685791016" lon="24.955637454986572"/>
      <trkpt lat="54.572610855102539" lon="24.955294132232666"/>
      <trkpt lat="54.572525024414062" lon="24.955122470855713"/>
      <trkpt lat="54.572417736053467" lon="24.954929351806641"/>
      <trkpt lat="54.572374820709229" lon="24.954864978790283"/>
      <trkpt lat="54.57233190536499" lon="24.954757690429688"/>
      <trkpt lat="54.572310447692871" lon="24.954650402069092"/>
      <trkpt lat="54.572288990020752" lon="24.954478740692139"/>
      <trkpt lat="54.572288990020752" lon="24.954307079315186"/>
      <trkpt lat="54.572288990020752" lon="24.954156875610352"/>
      <trkpt lat="54.572288990020752" lon="24.954006671905518"/>
      <trkpt lat="54.572288990020752" lon="24.953899383544922"/>
      <trkpt lat="54.572310447692871" lon="24.953749179840088"/>
      <trkpt lat="54.57233190536499" lon="24.953598976135254"/>
      <trkpt lat="54.57233190536499" lon="24.953491687774658"/>
      <trkpt lat="54.57233190536499" lon="24.953405857086182"/>
      <trkpt lat="54.572310447692871" lon="24.953341484069824"/>
      <trkpt lat="54.572267532348633" lon="24.953234195709229"/>
      <trkpt lat="54.572203159332275" lon="24.953105449676514"/>
      <trkpt lat="54.572160243988037" lon="24.952976703643799"/>
      <trkpt lat="54.57209587097168" lon="24.952826499938965"/>
      <trkpt lat="54.572031497955322" lon="24.952676296234131"/>
      <trkpt lat="54.571924209594727" lon="24.952504634857178"/>
      <trkpt lat="54.571859836578369" lon="24.952375888824463"/>
      <trkpt lat="54.571774005889893" lon="24.952247142791748"/>
      <trkpt lat="54.571731090545654" lon="24.952161312103271"/>
      <trkpt lat="54.571645259857178" lon="24.952054023742676"/>
      <trkpt lat="54.571516513824463" lon="24.951968193054199"/>
      <trkpt lat="54.571409225463867" lon="24.951882362365723"/>
      <trkpt lat="54.571366310119629" lon="24.951817989349365"/>
      <trkpt lat="54.571323394775391" lon="24.951753616333008"/>
      <trkpt lat="54.571280479431152" lon="24.951624870300293"/>
      <trkpt lat="54.571173191070557" lon="24.951303005218506"/>
      <trkpt lat="54.571108818054199" lon="24.951152801513672"/>
      <trkpt lat="54.571065902709961" lon="24.951066970825195"/>
      <trkpt lat="54.571001529693604" lon="24.950981140136719"/>
      <trkpt lat="54.57085132598877" lon="24.950809478759766"/>
      <trkpt lat="54.570690728724003" lon="24.950648881494999"/>
      <trkpt lat="54.570636749267578" lon="24.950594902038574"/>
      <trkpt lat="54.570572376251221" lon="24.950509071350098"/>
      <trkpt lat="54.570379257202148" lon="24.950273036956787"/>
      <trkpt lat="54.570186138153076" lon="24.950079917907715"/>
      <trkpt lat="54.569950103759766" lon="24.949972629547119"/>
      <trkpt lat="54.569542407989502" lon="24.949972629547119"/>
      <trkpt lat="54.569370746612549" lon="24.949886798858643"/>
      <trkpt lat="54.569199085235596" lon="24.949607849121094"/>
      <trkpt lat="54.568855762481689" lon="24.949414730072021"/>
      <trkpt lat="54.56859827041626" lon="24.949350357055664"/>
      <trkpt lat="54.568448066711426" lon="24.949157238006592"/>
      <trkpt lat="54.56834077835083" lon="24.949049949645996"/>
      <trkpt lat="54.568190574645996" lon="24.94870662689209"/>
      <trkpt lat="54.568040370941162" lon="24.948513507843018"/>
      <trkpt lat="54.567825794219971" lon="24.948298931121826"/>
      <trkpt lat="54.56733226776123" lon="24.947590827941895"/>
      <trkpt lat="54.5672975666821" lon="24.947532908990979"/>
      <trkpt lat="54.567203521728516" lon="24.947376251220703"/>
      <trkpt lat="54.567160606384277" lon="24.947311878204346"/>
      <trkpt lat="54.567117691040039" lon="24.94720458984375"/>
      <trkpt lat="54.566881656646729" lon="24.94621753692627"/>
      <trkpt lat="54.566744863986969" lon="24.945709258317947"/>
      <trkpt lat="54.566731452941895" lon="24.945659637451172"/>
      <trkpt lat="54.566624164581299" lon="24.945423603057861"/>
      <trkpt lat="54.566516876220703" lon="24.945058822631836"/>
      <trkpt lat="54.566452503204346" lon="24.944779872894287"/>
      <trkpt lat="54.56634521484375" lon="24.94471549987793"/>
      <trkpt lat="54.566195011138916" lon="24.944586753845215"/>
      <trkpt lat="54.566044807434082" lon="24.944372177124023"/>
      <trkpt lat="54.565958976745605" lon="24.944157600402832"/>
      <trkpt lat="54.565873146057129" lon="24.943921566009521"/>
      <trkpt lat="54.565830230712891" lon="24.943792819976807"/>
      <trkpt lat="54.565765857696533" lon="24.9434494972229"/>
      <trkpt lat="54.565680027008057" lon="24.943192005157471"/>
      <trkpt lat="54.565615653991699" lon="24.943020343780518"/>
      <trkpt lat="54.565508365631104" lon="24.942848682403564"/>
      <trkpt lat="54.565443992614746" lon="24.942741394042969"/>
      <trkpt lat="54.56535816192627" lon="24.942548274993896"/>
      <trkpt lat="54.565122127532959" lon="24.942033290863037"/>
      <trkpt lat="54.565014839172363" lon="24.941797256469727"/>
      <trkpt lat="54.565014839172363" lon="24.94171142578125"/>
      <trkpt lat="54.565036296844482" lon="24.941647052764893"/>
      <trkpt lat="54.56510066986084" lon="24.941775798797607"/>
      <trkpt lat="54.565207958221436" lon="24.941947460174561"/>
      <trkpt lat="54.565443992614746" lon="24.942226409912109"/>
      <trkpt lat="54.565680027008057" lon="24.942312240600586"/>
      <trkpt lat="54.565958976745605" lon="24.942440986633301"/>
      <trkpt lat="54.566195011138916" lon="24.942526817321777"/>
      <trkpt lat="54.566398188471794" lon="24.942679367959499"/>
      <trkpt lat="54.566452503204346" lon="24.94271993637085"/>
      <trkpt lat="54.566795825958252" lon="24.942977428436279"/>
      <trkpt lat="54.567010402679443" lon="24.943063259124756"/>
      <trkpt lat="54.567267894744873" lon="24.943127632141113"/>
      <trkpt lat="54.567761421203613" lon="24.943192005157471"/>
      <trkpt lat="54.567911624908447" lon="24.943192005157471"/>
      <trkpt lat="54.568040370941162" lon="24.943192005157471"/>
      <trkpt lat="54.568190574645996" lon="24.943170547485352"/>
      <trkpt lat="54.568297863006592" lon="24.943106174468994"/>
      <trkpt lat="54.568512439727783" lon="24.943041801452637"/>
      <trkpt lat="54.568727016448975" lon="24.942977428436279"/>
      <trkpt lat="54.568898677825928" lon="24.942998886108398"/>
      <trkpt lat="54.569284915924072" lon="24.943020343780518"/>
      <trkpt lat="54.569435119628906" lon="24.943020343780518"/>
      <trkpt lat="54.569628238677979" lon="24.942977428436279"/>
      <trkpt lat="54.569778442382812" lon="24.94295597076416"/>
      <trkpt lat="54.570636749267578" lon="24.94295597076416"/>
      <trkpt lat="54.570958614349365" lon="24.943020343780518"/>
      <trkpt lat="54.571173191070557" lon="24.943084716796875"/>
      <trkpt lat="54.571409225463867" lon="24.943127632141113"/>
      <trkpt lat="54.571816921234131" lon="24.943127632141113"/>
      <trkpt lat="54.572138786315918" lon="24.943192005157471"/>
      <trkpt lat="54.572374820709229" lon="24.943256378173828"/>
      <trkpt lat="54.572675228118896" lon="24.943256378173828"/>
      <trkpt lat="54.573018550872803" lon="24.943299293518066"/>
      <trkpt lat="54.573426246643066" lon="24.943342208862305"/>
      <trkpt lat="54.57383394241333" lon="24.943363666534424"/>
      <trkpt lat="54.574177265167236" lon="24.943342208862305"/>
      <trkpt lat="54.574456214904785" lon="24.943406581878662"/>
      <trkpt lat="54.574992656707764" lon="24.943556785583496"/>
      <trkpt lat="54.574604071676731" lon="24.943448072299361"/>
      <trkpt lat="54.574992656707764" lon="24.943556785583496"/>
      <trkpt lat="54.575271606445312" lon="24.943642616271973"/>
      <trkpt lat="54.5755934715271" lon="24.943685531616211"/>
      <trkpt lat="54.575400352478027" lon="24.943492412567139"/>
      <trkpt lat="54.575014114379883" lon="24.943041801452637"/>
      <trkpt lat="54.574542045593262" lon="24.94246244430542"/>
      <trkpt lat="54.574241638183594" lon="24.942033290863037"/>
      <trkpt lat="54.574134349822998" lon="24.941904544830322"/>
      <trkpt lat="54.574088668450713" lon="24.941867832094431"/>
      <trkpt lat="54.574027061462402" lon="24.941818714141846"/>
      <trkpt lat="54.57383394241333" lon="24.941668510437012"/>
      <trkpt lat="54.573426246643066" lon="24.941325187683105"/>
      <trkpt lat="54.573168754577637" lon="24.941089153289795"/>
      <trkpt lat="54.572718143463135" lon="24.940745830535889"/>
      <trkpt lat="54.572546482086182" lon="24.940595626831055"/>
      <trkpt lat="54.572439193725586" lon="24.94046688079834"/>
      <trkpt lat="54.57233190536499" lon="24.940295219421387"/>
      <trkpt lat="54.572246074676514" lon="24.940145015716553"/>
      <trkpt lat="54.572138786315918" lon="24.939887523651123"/>
      <trkpt lat="54.572031497955322" lon="24.939630031585693"/>
      <trkpt lat="54.571924209594727" lon="24.939436912536621"/>
      <trkpt lat="54.57183837890625" lon="24.939329624176025"/>
      <trkpt lat="54.571495056152344" lon="24.938857555389404"/>
      <trkpt lat="54.571430683135986" lon="24.938750267028809"/>
      <trkpt lat="54.571366310119629" lon="24.938600063323975"/>
      <trkpt lat="54.571410985663533" lon="24.938704250380397"/>
      <trkpt lat="54.571366310119629" lon="24.938600063323975"/>
      <trkpt lat="54.571323394775391" lon="24.938449859619141"/>
      <trkpt lat="54.571301937103271" lon="24.938106536865234"/>
      <trkpt lat="54.571301937103271" lon="24.937505722045898"/>
      <trkpt lat="54.571280479431152" lon="24.937055110931396"/>
      <trkpt lat="54.571237564086914" lon="24.936175346374512"/>
      <trkpt lat="54.571216106414795" lon="24.935746192932129"/>
      <trkpt lat="54.571216106414795" lon="24.935531616210938"/>
      <trkpt lat="54.571194648742676" lon="24.93523120880127"/>
      <trkpt lat="54.571130275726318" lon="24.93471622467041"/>
      <trkpt lat="54.570980072021484" lon="24.933407306671143"/>
      <trkpt lat="54.57100328989327" lon="24.93360998108983"/>
      <trkpt lat="54.570980072021484" lon="24.933407306671143"/>
      <trkpt lat="54.570894241333008" lon="24.932935237884521"/>
      <trkpt lat="54.57082986831665" lon="24.932506084442139"/>
      <trkpt lat="54.570744037628174" lon="24.931776523590088"/>
      <trkpt lat="54.570744037628174" lon="24.931368827819824"/>
      <trkpt lat="54.570722579956055" lon="24.931111335754395"/>
      <trkpt lat="54.570679664611816" lon="24.930639266967773"/>
      <trkpt lat="54.570658206939697" lon="24.930424690246582"/>
      <trkpt lat="54.570615291595459" lon="24.930338859558105"/>
      <trkpt lat="54.570550918579102" lon="24.93023157119751"/>
      <trkpt lat="54.570701122283936" lon="24.930038452148438"/>
      <trkpt lat="54.570765495300293" lon="24.92997407913208"/>
      <trkpt lat="54.571001529693604" lon="24.929780960083008"/>
      <trkpt lat="54.571323394775391" lon="24.929523468017578"/>
      <trkpt lat="54.571816921234131" lon="24.929180145263672"/>
      <trkpt lat="54.572052955627441" lon="24.929008483886719"/>
      <trkpt lat="54.57233190536499" lon="24.928793907165527"/>
      <trkpt lat="54.572440702468157" lon="24.928712267428637"/>
      <trkpt lat="54.572503566741943" lon="24.928665161132812"/>
      <trkpt lat="54.572803974151611" lon="24.928450584411621"/>
      <trkpt lat="54.572975635528564" lon="24.928321838378906"/>
      <trkpt lat="54.573190212249756" lon="24.928193092346191"/>
      <trkpt lat="54.573361873626709" lon="24.928042888641357"/>
      <trkpt lat="54.573554992675781" lon="24.927892684936523"/>
      <trkpt lat="54.573769569396973" lon="24.927763938903809"/>
      <trkpt lat="54.573984146118164" lon="24.927613735198975"/>
      <trkpt lat="54.574134349822998" lon="24.927549362182617"/>
      <trkpt lat="54.574198722839355" lon="24.927506446838379"/>
      <trkpt lat="54.574391841888428" lon="24.927270412445068"/>
      <trkpt lat="54.574434757232666" lon="24.92722749710083"/>
      <trkpt lat="54.574499130249023" lon="24.927184581756592"/>
      <trkpt lat="54.574542045593262" lon="24.927184581756592"/>
      <trkpt lat="54.574606418609619" lon="24.927184581756592"/>
      <trkpt lat="54.574692249298096" lon="24.927184581756592"/>
      <trkpt lat="54.57484245300293" lon="24.92722749710083"/>
      <trkpt lat="54.57507848739624" lon="24.927291870117188"/>
      <trkpt lat="54.575164318084717" lon="24.927291870117188"/>
      <trkpt lat="54.575250148773193" lon="24.927270412445068"/>
      <trkpt lat="54.575293064117432" lon="24.927206039428711"/>
      <trkpt lat="54.575357437133789" lon="24.927055835723877"/>
      <trkpt lat="54.575400352478027" lon="24.926862716674805"/>
      <trkpt lat="54.575464725494385" lon="24.926669597625732"/>
      <trkpt lat="54.575507640838623" lon="24.926540851593018"/>
      <trkpt lat="54.575550556182861" lon="24.926433563232422"/>
      <trkpt lat="54.575614929199219" lon="24.926347732543945"/>
      <trkpt lat="54.575679302215576" lon="24.926283359527588"/>
      <trkpt lat="54.576044082641602" lon="24.926047325134277"/>
      <trkpt lat="54.576280117034912" lon="24.925875663757324"/>
      <trkpt lat="54.576473236083984" lon="24.925746917724609"/>
      <trkpt lat="54.57658052444458" lon="24.925596714019775"/>
      <trkpt lat="54.576687812805176" lon="24.925467967987061"/>
      <trkpt lat="54.576945304870605" lon="24.925189018249512"/>
      <trkpt lat="54.577374458312988" lon="24.924759864807129"/>
      <trkpt lat="54.577460289001465" lon="24.924674034118652"/>
      <trkpt lat="54.577524662017822" lon="24.924588203430176"/>
      <trkpt lat="54.577674865722656" lon="24.924330711364746"/>
      <trkpt lat="54.577739238739014" lon="24.924201965332031"/>
      <trkpt lat="54.57782506942749" lon="24.924051761627197"/>
      <trkpt lat="54.577953815460205" lon="24.923365116119385"/>
      <trkpt lat="54.57808256149292" lon="24.923129081726074"/>
      <trkpt lat="54.57834005355835" lon="24.922957420349121"/>
      <trkpt lat="54.578425884246826" lon="24.922893047332764"/>
      <trkpt lat="54.578490257263184" lon="24.922828674316406"/>
      <trkpt lat="54.578554630279541" lon="24.922571182250977"/>
      <trkpt lat="54.578619003295898" lon="24.921691417694092"/>
      <trkpt lat="54.578554630279541" lon="24.921648502349854"/>
      <trkpt lat="54.577196845784783" lon="24.920758428052068"/>
      <trkpt lat="54.576623439788818" lon="24.920382499694824"/>
      <trkpt lat="54.57608699798584" lon="24.91999626159668"/>
      <trkpt lat="54.575786590576172" lon="24.919803142547607"/>
      <trkpt lat="54.575250148773193" lon="24.91948127746582"/>
      <trkpt lat="54.574370384216309" lon="24.918901920318604"/>
      <trkpt lat="54.573748111724854" lon="24.918515682220459"/>
      <trkpt lat="54.573640823364258" lon="24.918429851531982"/>
      <trkpt lat="54.573469161987305" lon="24.91823673248291"/>
      <trkpt lat="54.573430102318525" lon="24.918166492134333"/>
      <trkpt lat="54.573254585266113" lon="24.917850494384766"/>
      <trkpt lat="54.571988582611084" lon="24.915597438812256"/>
      <trkpt lat="54.571559429168701" lon="24.914846420288086"/>
      <trkpt lat="54.57118752412498" lon="24.914173353463411"/>
      <trkpt lat="54.571108818054199" lon="24.914031028747559"/>
      <trkpt lat="54.571022987365723" lon="24.913859367370605"/>
      <trkpt lat="54.570915699005127" lon="24.913709163665771"/>
      <trkpt lat="54.570786952972412" lon="24.913644790649414"/>
      <trkpt lat="54.570722579956055" lon="24.913644790649414"/>
      <trkpt lat="54.570636749267578" lon="24.913709163665771"/>
      <trkpt lat="54.570508003234863" lon="24.913859367370605"/>
      <trkpt lat="54.570314884185791" lon="24.914009571075439"/>
      <trkpt lat="54.570186138153076" lon="24.914073944091797"/>
      <trkpt lat="54.569950103759766" lon="24.914052486419678"/>
      <trkpt lat="54.569692611694336" lon="24.914009571075439"/>
      <trkpt lat="54.569478034973145" lon="24.913923740386963"/>
      <trkpt lat="54.569284915924072" lon="24.91375207901001"/>
      <trkpt lat="54.569134712219238" lon="24.913537502288818"/>
      <trkpt lat="54.568495592102408" lon="24.912425391376019"/>
      <trkpt lat="54.569134712219238" lon="24.913537502288818"/>
      <trkpt lat="54.568061828613281" lon="24.911670684814453"/>
      <trkpt lat="54.567954540252686" lon="24.911520481109619"/>
      <trkpt lat="54.56784725189209" lon="24.911456108093262"/>
      <trkpt lat="54.567761421203613" lon="24.911413192749023"/>
      <trkpt lat="54.567375183105469" lon="24.911413192749023"/>
      <trkpt lat="54.567246437072754" lon="24.911370277404785"/>
      <trkpt lat="54.567010402679443" lon="24.911134243011475"/>
      <trkpt lat="54.566538333892822" lon="24.910640716552734"/>
      <trkpt lat="54.565980434417725" lon="24.910039901733398"/>
      <trkpt lat="54.565508365631104" lon="24.909567832946777"/>
      <trkpt lat="54.564692974090576" lon="24.90875244140625"/>
      <trkpt lat="54.564177989959717" lon="24.90825891494751"/>
      <trkpt lat="54.564066594466567" lon="24.90812798961997"/>
      <trkpt lat="54.564177989959717" lon="24.90825891494751"/>
      <trkpt lat="54.563813209533691" lon="24.907829761505127"/>
      <trkpt lat="54.563705921173096" lon="24.907701015472412"/>
      <trkpt lat="54.563663005828857" lon="24.907636642456055"/>
      <trkpt lat="54.563512802124023" lon="24.907443523406982"/>
      <trkpt lat="54.563469886779785" lon="24.907464981079102"/>
      <trkpt lat="54.563496960327029" lon="24.907417120411992"/>
      <trkpt lat="54.563448429107666" lon="24.907336235046387"/>
      <trkpt lat="54.563319683074951" lon="24.90750789642334"/>
      <trkpt lat="54.56310510635376" lon="24.90774393081665"/>
      <trkpt lat="54.562783241271973" lon="24.908087253570557"/>
      <trkpt lat="54.562675952911377" lon="24.908194541931152"/>
      <trkpt lat="54.562525749206543" lon="24.908430576324463"/>
      <trkpt lat="54.562504291534424" lon="24.908473491668701"/>
      <trkpt lat="54.562461376190186" lon="24.908537864685059"/>
      <trkpt lat="54.562332630157471" lon="24.90875244140625"/>
      <trkpt lat="54.562160968780518" lon="24.90900993347168"/>
      <trkpt lat="54.562075138092041" lon="24.909117221832275"/>
      <trkpt lat="54.561989307403564" lon="24.909203052520752"/>
      <trkpt lat="54.561688899993896" lon="24.909439086914062"/>
      <trkpt lat="54.56160306930542" lon="24.909524917602539"/>
      <trkpt lat="54.561474323272705" lon="24.909589290618896"/>
      <trkpt lat="54.561409950256348" lon="24.909610748291016"/>
      <trkpt lat="54.56134557723999" lon="24.909632205963135"/>
      <trkpt lat="54.561281204223633" lon="24.909632205963135"/>
      <trkpt lat="54.561195373535156" lon="24.909632205963135"/>
      <trkpt lat="54.561302661895752" lon="24.909932613372803"/>
      <trkpt lat="54.56134557723999" lon="24.910147190093994"/>
      <trkpt lat="54.561388492584229" lon="24.910383224487305"/>
      <trkpt lat="54.561474323272705" lon="24.910812377929688"/>
      <trkpt lat="54.561688899993896" lon="24.9114990234375"/>
      <trkpt lat="54.561731815338135" lon="24.911777973175049"/>
      <trkpt lat="54.561753273010254" lon="24.911971092224121"/>
      <trkpt lat="54.56186056137085" lon="24.912400245666504"/>
      <trkpt lat="54.561946392059326" lon="24.912807941436768"/>
      <trkpt lat="54.562010765075684" lon="24.913043975830078"/>
      <trkpt lat="54.562010765075684" lon="24.913108348846436"/>
      <trkpt lat="54.562032222747803" lon="24.91325855255127"/>
      <trkpt lat="54.56209659576416" lon="24.913473129272461"/>
      <trkpt lat="54.562160968780518" lon="24.913666248321533"/>
      <trkpt lat="54.562246799468994" lon="24.913880825042725"/>
      <trkpt lat="54.56235408782959" lon="24.914116859436035"/>
      <trkpt lat="54.562397003173828" lon="24.914224147796631"/>
      <trkpt lat="54.562461376190186" lon="24.914288520812988"/>
      <trkpt lat="54.562654495239258" lon="24.914588928222656"/>
      <trkpt lat="54.562675952911377" lon="24.914696216583252"/>
      <trkpt lat="54.562718868255615" lon="24.914824962615967"/>
      <trkpt lat="54.562740325927734" lon="24.914953708648682"/>
      <trkpt lat="54.562761783599854" lon="24.915082454681396"/>
      <trkpt lat="54.562783241271973" lon="24.91525411605835"/>
      <trkpt lat="54.562783241271973" lon="24.915382862091064"/>
      <trkpt lat="54.562761783599854" lon="24.915533065795898"/>
      <trkpt lat="54.562740325927734" lon="24.916026592254639"/>
      <trkpt lat="54.562718868255615" lon="24.916219711303711"/>
      <trkpt lat="54.562697410583496" lon="24.916949272155762"/>
      <trkpt lat="54.562697410583496" lon="24.917185306549072"/>
      <trkpt lat="54.562675952911377" lon="24.917657375335693"/>
      <trkpt lat="54.562675952911377" lon="24.918022155761719"/>
      <trkpt lat="54.562654495239258" lon="24.918322563171387"/>
      <trkpt lat="54.562633037567139" lon="24.918687343597412"/>
      <trkpt lat="54.562633037567139" lon="24.918859004974365"/>
      <trkpt lat="54.562633037567139" lon="24.91898775100708"/>
      <trkpt lat="54.562633037567139" lon="24.919116497039795"/>
      <trkpt lat="54.562633037567139" lon="24.919202327728271"/>
      <trkpt lat="54.562718868255615" lon="24.919524192810059"/>
      <trkpt lat="54.562869071960449" lon="24.920125007629395"/>
      <trkpt lat="54.562890529632568" lon="24.920296669006348"/>
      <trkpt lat="54.562890529632568" lon="24.92048978805542"/>
      <trkpt lat="54.562900085002184" lon="24.920580815523863"/>
      <trkpt lat="54.562890529632568" lon="24.92048978805542"/>
      <trkpt lat="54.562933444976807" lon="24.920897483825684"/>
      <trkpt lat="54.562933444976807" lon="24.921154975891113"/>
      <trkpt lat="54.562933444976807" lon="24.921326637268066"/>
      <trkpt lat="54.562911987304688" lon="24.921691417694092"/>
      <trkpt lat="54.562890529632568" lon="24.921970367431641"/>
      <trkpt lat="54.562890529632568" lon="24.922056198120117"/>
      <trkpt lat="54.562890529632568" lon="24.922270774841309"/>
      <trkpt lat="54.562933444976807" lon="24.922549724578857"/>
      <trkpt lat="54.562976360321045" lon="24.922914505004883"/>
      <trkpt lat="54.563040733337402" lon="24.923279285430908"/>
      <trkpt lat="54.563212394714355" lon="24.924116134643555"/>
      <trkpt lat="54.563255310058594" lon="24.924309253692627"/>
      <trkpt lat="54.563384056091309" lon="24.924695491790771"/>
      <trkpt lat="54.563555717468262" lon="24.925296306610107"/>
      <trkpt lat="54.5635986328125" lon="24.925425052642822"/>
      <trkpt lat="54.563663005828857" lon="24.925618171691895"/>
      <trkpt lat="54.563705921173096" lon="24.92572546005249"/>
      <trkpt lat="54.563813209533691" lon="24.926025867462158"/>
      <trkpt lat="54.563920497894287" lon="24.926326274871826"/>
      <trkpt lat="54.563984870910645" lon="24.926455020904541"/>
      <trkpt lat="54.56409215927124" lon="24.926776885986328"/>
      <trkpt lat="54.564135074615479" lon="24.926927089691162"/>
      <trkpt lat="54.564156532287598" lon="24.927077293395996"/>
      <trkpt lat="54.564177989959717" lon="24.927291870117188"/>
      <trkpt lat="54.564199447631836" lon="24.927377700805664"/>
      <trkpt lat="54.564199447631836" lon="24.927442073822021"/>
      <trkpt lat="54.564199447631836" lon="24.927613735198975"/>
      <trkpt lat="54.564177989959717" lon="24.927656650543213"/>
      <trkpt lat="54.564156532287598" lon="24.927699565887451"/>
      <trkpt lat="54.564113616943359" lon="24.927763938903809"/>
      <trkpt lat="54.564070701599121" lon="24.927828311920166"/>
      <trkpt lat="54.564027786254883" lon="24.927849769592285"/>
      <trkpt lat="54.563877582550049" lon="24.927999973297119"/>
      <trkpt lat="54.563834667205811" lon="24.928042888641357"/>
      <trkpt lat="54.563684463500977" lon="24.928171634674072"/>
      <trkpt lat="54.563384056091309" lon="24.928493499755859"/>
      <trkpt lat="54.56310510635376" lon="24.928815364837646"/>
      <trkpt lat="54.562911987304688" lon="24.929094314575195"/>
      <trkpt lat="54.562783241271973" lon="24.929308891296387"/>
      <trkpt lat="54.562654495239258" lon="24.929566383361816"/>
      <trkpt lat="54.5625901222229" lon="24.929780960083008"/>
      <trkpt lat="54.562578639015555" lon="24.929826892912388"/>
      <trkpt lat="54.562547206878662" lon="24.929952621459961"/>
      <trkpt lat="54.562547206878662" lon="24.930145740509033"/>
      <trkpt lat="54.562547206878662" lon="24.930253028869629"/>
      <trkpt lat="54.562547206878662" lon="24.930381774902344"/>
      <trkpt lat="54.5625901222229" lon="24.930531978607178"/>
      <trkpt lat="54.56261157989502" lon="24.93072509765625"/>
      <trkpt lat="54.562633037567139" lon="24.93098258972168"/>
      <trkpt lat="54.562697410583496" lon="24.931261539459229"/>
      <trkpt lat="54.562740325927734" lon="24.931540489196777"/>
      <trkpt lat="54.562761783599854" lon="24.931819438934326"/>
      <trkpt lat="54.562826156616211" lon="24.932699203491211"/>
      <trkpt lat="54.56284761428833" lon="24.933257102966309"/>
      <trkpt lat="54.562869071960449" lon="24.933643341064453"/>
      <trkpt lat="54.562890529632568" lon="24.934008121490479"/>
      <trkpt lat="54.562911987304688" lon="24.934265613555908"/>
      <trkpt lat="54.562933444976807" lon="24.934437274932861"/>
      <trkpt lat="54.562976360321045" lon="24.934587478637695"/>
      <trkpt lat="54.563040733337402" lon="24.934844970703125"/>
      <trkpt lat="54.56310510635376" lon="24.935059547424316"/>
      <trkpt lat="54.563126564025879" lon="24.935166835784912"/>
      <trkpt lat="54.563126564025879" lon="24.935381412506104"/>
      <trkpt lat="54.56310510635376" lon="24.935874938964844"/>
      <trkpt lat="54.56310510635376" lon="24.936325550079346"/>
      <trkpt lat="54.563148021697998" lon="24.937098026275635"/>
      <trkpt lat="54.563169479370117" lon="24.937334060668945"/>
      <trkpt lat="54.563190937042236" lon="24.937527179718018"/>
      <trkpt lat="54.563276767730713" lon="24.93797779083252"/>
      <trkpt lat="54.5632981415838" lon="24.938063370063901"/>
      <trkpt lat="54.56334114074707" lon="24.938235282897949"/>
      <trkpt lat="54.563405513763428" lon="24.938535690307617"/>
      <trkpt lat="54.563405513763428" lon="24.93870735168457"/>
      <trkpt lat="54.563426971435547" lon="24.938943386077881"/>
      <trkpt lat="54.563426971435547" lon="24.939608573913574"/>
      <trkpt lat="54.563426971435547" lon="24.939994812011719"/>
      <trkpt lat="54.563469886779785" lon="24.940273761749268"/>
      <trkpt lat="54.563469886779785" lon="24.940338134765625"/>
      <trkpt lat="54.5635986328125" lon="24.940638542175293"/>
      <trkpt lat="54.563748836517334" lon="24.940831661224365"/>
      <trkpt lat="54.563963413238525" lon="24.94145393371582"/>
      <trkpt lat="54.56409215927124" lon="24.942119121551514"/>
      <trkpt lat="54.564177989959717" lon="24.94271993637085"/>
      <trkpt lat="54.564199447631836" lon="24.942891597747803"/>
      <trkpt lat="54.564220905303955" lon="24.943084716796875"/>
      <trkpt lat="54.564242362976074" lon="24.943342208862305"/>
      <trkpt lat="54.564220905303955" lon="24.94347095489502"/>
      <trkpt lat="54.564113616943359" lon="24.943792819976807"/>
      <trkpt lat="54.564027786254883" lon="24.944071769714355"/>
      <trkpt lat="54.563984870910645" lon="24.944157600402832"/>
      <trkpt lat="54.563920497894287" lon="24.944329261779785"/>
      <trkpt lat="54.56385612487793" lon="24.944629669189453"/>
      <trkpt lat="54.563791751861572" lon="24.944908618927002"/>
      <trkpt lat="54.563770294189453" lon="24.945101737976074"/>
      <trkpt lat="54.563684463500977" lon="24.945552349090576"/>
      <trkpt lat="54.563666023313999" lon="24.945675479248166"/>
      <trkpt lat="54.563684463500977" lon="24.945552349090576"/>
      <trkpt lat="54.563620090484619" lon="24.945981502532959"/>
      <trkpt lat="54.5635986328125" lon="24.946238994598389"/>
      <trkpt lat="54.5635986328125" lon="24.946389198303223"/>
      <trkpt lat="54.563620090484619" lon="24.946732521057129"/>
      <trkpt lat="54.563641548156738" lon="24.947376251220703"/>
      <trkpt lat="54.563641548156738" lon="24.947826862335205"/>
      <trkpt lat="54.563684463500977" lon="24.948234558105469"/>
      <trkpt lat="54.563727378845215" lon="24.948663711547852"/>
      <trkpt lat="54.563727378845215" lon="24.948835372924805"/>
      <trkpt lat="54.563663005828857" lon="24.949157238006592"/>
      <trkpt lat="54.563534259796143" lon="24.949800968170166"/>
      <trkpt lat="54.563384056091309" lon="24.950616359710693"/>
      <trkpt lat="54.56334114074707" lon="24.95093822479248"/>
      <trkpt lat="54.563319683074951" lon="24.951367378234863"/>
      <trkpt lat="54.563298225402832" lon="24.951624870300293"/>
      <trkpt lat="54.563298225402832" lon="24.951796531677246"/>
      <trkpt lat="54.563319683074951" lon="24.952225685119629"/>
      <trkpt lat="54.563319683074951" lon="24.95244026184082"/>
      <trkpt lat="54.563298225402832" lon="24.952611923217773"/>
      <trkpt lat="54.563298225402832" lon="24.952740669250488"/>
      <trkpt lat="54.563298225402832" lon="24.952869415283203"/>
      <trkpt lat="54.563276767730713" lon="24.952998161315918"/>
      <trkpt lat="54.563255310058594" lon="24.953105449676514"/>
      <trkpt lat="54.563233852386475" lon="24.953298568725586"/>
      <trkpt lat="54.563169479370117" lon="24.953556060791016"/>
      <trkpt lat="54.563148021697998" lon="24.953749179840088"/>
      <trkpt lat="54.563126564025879" lon="24.953899383544922"/>
      <trkpt lat="54.563126564025879" lon="24.954392910003662"/>
      <trkpt lat="54.56310510635376" lon="24.954564571380615"/>
      <trkpt lat="54.56310510635376" lon="24.954736232757568"/>
      <trkpt lat="54.563083648681641" lon="24.954843521118164"/>
      <trkpt lat="54.563062191009521" lon="24.954972267150879"/>
      <trkpt lat="54.563040733337402" lon="24.955101013183594"/>
      <trkpt lat="54.562976360321045" lon="24.955315589904785"/>
      <trkpt lat="54.562954902648926" lon="24.955401420593262"/>
      <trkpt lat="54.562933444976807" lon="24.955615997314453"/>
      <trkpt lat="54.562933444976807" lon="24.955809116363525"/>
      <trkpt lat="54.562933444976807" lon="24.955894947052002"/>
      <trkpt lat="54.562954902648926" lon="24.956066608428955"/>
      <trkpt lat="54.562976360321045" lon="24.956259727478027"/>
      <trkpt lat="54.562976360321045" lon="24.95643138885498"/>
      <trkpt lat="54.562976360321045" lon="24.956624507904053"/>
      <trkpt lat="54.562954902648926" lon="24.956753253936768"/>
      <trkpt lat="54.562954902648926" lon="24.956860542297363"/>
      <trkpt lat="54.562954902648926" lon="24.956967830657959"/>
      <trkpt lat="54.563062191009521" lon="24.958169460296631"/>
      <trkpt lat="54.563081134110689" lon="24.958510436117649"/>
      <trkpt lat="54.56310510635376" lon="24.95894193649292"/>
      <trkpt lat="54.563126564025879" lon="24.959135055541992"/>
      <trkpt lat="54.563212394714355" lon="24.959971904754639"/>
      <trkpt lat="54.563276767730713" lon="24.960980415344238"/>
      <trkpt lat="54.563319683074951" lon="24.961302280426025"/>
      <trkpt lat="54.56334114074707" lon="24.961602687835693"/>
      <trkpt lat="54.563362598419189" lon="24.961795806884766"/>
      <trkpt lat="54.563384056091309" lon="24.96192455291748"/>
      <trkpt lat="54.563426971435547" lon="24.962096214294434"/>
      <trkpt lat="54.564113616943359" lon="24.96267557144165"/>
      <trkpt lat="54.564800262451172" lon="24.963319301605225"/>
      <trkpt lat="54.565293788909912" lon="24.963791370391846"/>
      <trkpt lat="54.565354557707906" lon="24.963852055370808"/>
      <trkpt lat="54.565293788909912" lon="24.963791370391846"/>
      <trkpt lat="54.565873146057129" lon="24.964370727539062"/>
      <trkpt lat="54.567890167236328" lon="24.966259002685547"/>
      <trkpt lat="54.568126201629639" lon="24.966409206390381"/>
      <trkpt lat="54.56834077835083" lon="24.966495037078857"/>
      <trkpt lat="54.568490982055664" lon="24.966537952423096"/>
      <trkpt lat="54.568555355072021" lon="24.966580867767334"/>
      <trkpt lat="54.568641185760498" lon="24.966645240783691"/>
      <trkpt lat="54.568727016448975" lon="24.966773986816406"/>
      <trkpt lat="54.568898677825928" lon="24.967203140258789"/>
      <trkpt lat="54.569220542907715" lon="24.967825412750244"/>
      <trkpt lat="54.569048881530762" lon="24.967846870422363"/>
      <trkpt lat="54.568941593170166" lon="24.967846870422363"/>
      <trkpt lat="54.568769931793213" lon="24.967911243438721"/>
      <trkpt lat="54.568684101104736" lon="24.96793270111084"/>
      <trkpt lat="54.56859827041626" lon="24.967997074127197"/>
      <trkpt lat="54.568555355072021" lon="24.968039989471436"/>
      <trkpt lat="54.568512439727783" lon="24.968082904815674"/>
      <trkpt lat="54.568469524383545" lon="24.968125820159912"/>
      <trkpt lat="54.568362236022949" lon="24.968297481536865"/>
      <trkpt lat="54.568233489990234" lon="24.968554973602295"/>
      <trkpt lat="54.568190574645996" lon="24.968640804290771"/>
      <trkpt lat="54.568061828613281" lon="24.968941211700439"/>
      <trkpt lat="54.567761421203613" lon="24.969563484191895"/>
      <trkpt lat="54.567697048187256" lon="24.969713687896729"/>
      <trkpt lat="54.567525386810303" lon="24.970057010650635"/>
      <trkpt lat="54.567461013793945" lon="24.970207214355469"/>
      <trkpt lat="54.567375183105469" lon="24.970357418060303"/>
      <trkpt lat="54.567289352416992" lon="24.970507621765137"/>
      <trkpt lat="54.567224979400635" lon="24.97067928314209"/>
      <trkpt lat="54.567139148712158" lon="24.970829486846924"/>
      <trkpt lat="54.567010402679443" lon="24.971086978912354"/>
      <trkpt lat="54.566946029663086" lon="24.971194267272949"/>
      <trkpt lat="54.566881656646729" lon="24.971301555633545"/>
      <trkpt lat="54.566774368286133" lon="24.971537590026855"/>
      <trkpt lat="54.566709995269775" lon="24.971644878387451"/>
      <trkpt lat="54.566516876220703" lon="24.971988201141357"/>
      <trkpt lat="54.566452503204346" lon="24.972095489501953"/>
      <trkpt lat="54.566409587860107" lon="24.972202777862549"/>
      <trkpt lat="54.566152095794678" lon="24.97267484664917"/>
      <trkpt lat="54.566001892089844" lon="24.972953796386719"/>
      <trkpt lat="54.565830230712891" lon="24.973297119140625"/>
      <trkpt lat="54.565787315368652" lon="24.973382949829102"/>
      <trkpt lat="54.565701484680176" lon="24.973533153533936"/>
      <trkpt lat="54.565572738647461" lon="24.973812103271484"/>
      <trkpt lat="54.565486907958984" lon="24.974005222320557"/>
      <trkpt lat="54.565293788909912" lon="24.974370002746582"/>
      <trkpt lat="54.565207958221436" lon="24.974541664123535"/>
      <trkpt lat="54.565122127532959" lon="24.974734783172607"/>
      <trkpt lat="54.565079212188721" lon="24.974820613861084"/>
      <trkpt lat="54.564971923828125" lon="24.974970817565918"/>
      <trkpt lat="54.564864635467529" lon="24.975099563598633"/>
      <trkpt lat="54.564757347106934" lon="24.975249767303467"/>
      <trkpt lat="54.564714431762695" lon="24.975314140319824"/>
      <trkpt lat="54.564650058746338" lon="24.975378513336182"/>
      <trkpt lat="54.564521312713623" lon="24.975507259368896"/>
      <trkpt lat="54.564306735992432" lon="24.975764751434326"/>
      <trkpt lat="54.564049243927002" lon="24.976043701171875"/>
      <trkpt lat="54.563899040222168" lon="24.976193904876709"/>
      <trkpt lat="54.563748836517334" lon="24.976387023925781"/>
      <trkpt lat="54.563663005828857" lon="24.976451396942139"/>
      <trkpt lat="54.563555717468262" lon="24.976580142974854"/>
      <trkpt lat="54.563491344451904" lon="24.976644515991211"/>
      <trkpt lat="54.563426971435547" lon="24.976687431335449"/>
      <trkpt lat="54.563362598419189" lon="24.976751804351807"/>
      <trkpt lat="54.563233852386475" lon="24.976880550384521"/>
      <trkpt lat="54.563126564025879" lon="24.976966381072998"/>
      <trkpt lat="54.562997817993164" lon="24.977073669433594"/>
      <trkpt lat="54.562933444976807" lon="24.977116584777832"/>
      <trkpt lat="54.562826156616211" lon="24.977202415466309"/>
      <trkpt lat="54.562718868255615" lon="24.977288246154785"/>
      <trkpt lat="54.562633037567139" lon="24.977374076843262"/>
      <trkpt lat="54.562525749206543" lon="24.977889060974121"/>
      <trkpt lat="54.562418460845947" lon="24.978232383728027"/>
      <trkpt lat="54.562246799468994" lon="24.978597164154053"/>
      <trkpt lat="54.562118053436279" lon="24.978854656219482"/>
      <trkpt lat="54.561924934387207" lon="24.979391098022461"/>
      <trkpt lat="54.561774730682373" lon="24.979991912841797"/>
      <trkpt lat="54.561688899993896" lon="24.980571269989014"/>
      <trkpt lat="54.561624526977539" lon="24.981064796447754"/>
      <trkpt lat="54.56160306930542" lon="24.981536865234375"/>
      <trkpt lat="54.561560153961182" lon="24.981794357299805"/>
      <trkpt lat="54.561495780944824" lon="24.982030391693115"/>
      <trkpt lat="54.561431407928467" lon="24.982180595397949"/>
      <trkpt lat="54.561302661895752" lon="24.982352256774902"/>
      <trkpt lat="54.561131000518799" lon="24.982674121856689"/>
      <trkpt lat="54.561002254486084" lon="24.982995986938477"/>
      <trkpt lat="54.560916423797607" lon="24.983189105987549"/>
      <trkpt lat="54.56085205078125" lon="24.983446598052979"/>
      <trkpt lat="54.560830593109131" lon="24.983532428741455"/>
      <trkpt lat="54.560787677764893" lon="24.983725547790527"/>
      <trkpt lat="54.560744762420654" lon="24.983832836151123"/>
      <trkpt lat="54.560680389404297" lon="24.984304904937744"/>
      <trkpt lat="54.560616016387939" lon="24.984626770019531"/>
      <trkpt lat="54.56059455871582" lon="24.984970092773438"/>
      <trkpt lat="54.560573101043701" lon="24.98516321182251"/>
      <trkpt lat="54.560508728027344" lon="24.98539924621582"/>
      <trkpt lat="54.560379981994629" lon="24.985742568969727"/>
      <trkpt lat="54.56035852432251" lon="24.985935688018799"/>
      <trkpt lat="54.560315608978271" lon="24.986214637756348"/>
      <trkpt lat="54.560315608978271" lon="24.986429214477539"/>
      <trkpt lat="54.560315608978271" lon="24.986622333526611"/>
      <trkpt lat="54.560337066650391" lon="24.986836910247803"/>
      <trkpt lat="54.560379981994629" lon="24.987094402313232"/>
      <trkpt lat="54.560530185699463" lon="24.98765230178833"/>
      <trkpt lat="54.560809135437012" lon="24.988746643066406"/>
      <trkpt lat="54.56085205078125" lon="24.988918304443359"/>
      <trkpt lat="54.561002254486084" lon="24.989261627197266"/>
      <trkpt lat="54.561152458190918" lon="24.989583492279053"/>
      <trkpt lat="54.561324119567871" lon="24.989991188049316"/>
      <trkpt lat="54.561367034912109" lon="24.99016284942627"/>
      <trkpt lat="54.561431407928467" lon="24.990420341491699"/>
      <trkpt lat="54.561474323272705" lon="24.990634918212891"/>
      <trkpt lat="54.561495780944824" lon="24.990828037261963"/>
      <trkpt lat="54.561474323272705" lon="24.990935325622559"/>
      <trkpt lat="54.561452865600586" lon="24.991064071655273"/>
      <trkpt lat="54.561452865600586" lon="24.991214275360107"/>
      <trkpt lat="54.561474323272705" lon="24.991364479064941"/>
      <trkpt lat="54.561495780944824" lon="24.991428852081299"/>
      <trkpt lat="54.561517238616943" lon="24.991514682769775"/>
      <trkpt lat="54.561560153961182" lon="24.991686344146729"/>
      <trkpt lat="54.561581611633301" lon="24.991858005523682"/>
      <trkpt lat="54.56160306930542" lon="24.992072582244873"/>
      <trkpt lat="54.56160306930542" lon="24.99213695526123"/>
      <trkpt lat="54.561624526977539" lon="24.992351531982422"/>
      <trkpt lat="54.561645984649658" lon="24.992437362670898"/>
      <trkpt lat="54.561667442321777" lon="24.992523193359375"/>
      <trkpt lat="54.561688899993896" lon="24.992587566375732"/>
      <trkpt lat="54.561753273010254" lon="24.992737770080566"/>
      <trkpt lat="54.56186056137085" lon="24.992952346801758"/>
      <trkpt lat="54.561903476715088" lon="24.993016719818115"/>
      <trkpt lat="54.562010765075684" lon="24.993231296539307"/>
      <trkpt lat="54.562118053436279" lon="24.993467330932617"/>
      <trkpt lat="54.562182426452637" lon="24.99363899230957"/>
      <trkpt lat="54.562268257141113" lon="24.993789196014404"/>
      <trkpt lat="54.562311172485352" lon="24.993875026702881"/>
      <trkpt lat="54.562418460845947" lon="24.994046688079834"/>
      <trkpt lat="54.5625901222229" lon="24.994304180145264"/>
      <trkpt lat="54.56261157989502" lon="24.994347095489502"/>
      <trkpt lat="54.562654495239258" lon="24.994411468505859"/>
      <trkpt lat="54.562718868255615" lon="24.994626045227051"/>
      <trkpt lat="54.56284761428833" lon="24.995076656341553"/>
      <trkpt lat="54.562933444976807" lon="24.995291233062744"/>
      <trkpt lat="54.562954902648926" lon="24.995377063751221"/>
      <trkpt lat="54.562976360321045" lon="24.995419979095459"/>
      <trkpt lat="54.563040733337402" lon="24.995484352111816"/>
      <trkpt lat="54.563255310058594" lon="24.995720386505127"/>
      <trkpt lat="54.563298225402832" lon="24.995784759521484"/>
      <trkpt lat="54.563384056091309" lon="24.995934963226318"/>
      <trkpt lat="54.563469886779785" lon="24.996106624603271"/>
      <trkpt lat="54.563663005828857" lon="24.996106624603271"/>
      <trkpt lat="54.563899040222168" lon="24.996085166931152"/>
      <trkpt lat="54.563984870910645" lon="24.996085166931152"/>
      <trkpt lat="54.56409215927124" lon="24.996085166931152"/>
      <trkpt lat="54.564199447631836" lon="24.996085166931152"/>
      <trkpt lat="54.564435482025146" lon="24.996063709259033"/>
      <trkpt lat="54.564714431762695" lon="24.996042251586914"/>
      <trkpt lat="54.564971923828125" lon="24.995999336242676"/>
      <trkpt lat="54.565186500549316" lon="24.995999336242676"/>
      <trkpt lat="54.565443992614746" lon="24.995956420898438"/>
      <trkpt lat="54.56559419631958" lon="24.995934963226318"/>
      <trkpt lat="54.565765857696533" lon="24.995913505554199"/>
      <trkpt lat="54.565845150500536" lon="24.995908895507455"/>
      <trkpt lat="54.566130638122559" lon="24.99589204788208"/>
      <trkpt lat="54.566431045532227" lon="24.995870590209961"/>
      <trkpt lat="54.566516876220703" lon="24.995849132537842"/>
      <trkpt lat="54.566624164581299" lon="24.995849132537842"/>
      <trkpt lat="54.566667079925537" lon="24.995849132537842"/>
      <trkpt lat="54.566752910614014" lon="24.995849132537842"/>
      <trkpt lat="54.566881656646729" lon="24.995849132537842"/>
      <trkpt lat="54.567074775695801" lon="24.995870590209961"/>
      <trkpt lat="54.567439556121826" lon="24.99589204788208"/>
      <trkpt lat="54.567525386810303" lon="24.995913505554199"/>
      <trkpt lat="54.567632675170898" lon="24.995934963226318"/>
      <trkpt lat="54.567739963531494" lon="24.995956420898438"/>
      <trkpt lat="54.567975997924805" lon="24.996020793914795"/>
      <trkpt lat="54.5680832862854" lon="24.996020793914795"/>
      <trkpt lat="54.568276405334473" lon="24.996063709259033"/>
      <trkpt lat="54.568362236022949" lon="24.996063709259033"/>
      <trkpt lat="54.568448066711426" lon="24.996063709259033"/>
      <trkpt lat="54.568555355072021" lon="24.996063709259033"/>
      <trkpt lat="54.568748474121094" lon="24.996042251586914"/>
      <trkpt lat="54.56883430480957" lon="24.996042251586914"/>
      <trkpt lat="54.568877220153809" lon="24.996063709259033"/>
      <trkpt lat="54.568941593170166" lon="24.996085166931152"/>
      <trkpt lat="54.568963050842285" lon="24.996106624603271"/>
      <trkpt lat="54.569005966186523" lon="24.996170997619629"/>
      <trkpt lat="54.569027423858643" lon="24.996235370635986"/>
      <trkpt lat="54.569048881530762" lon="24.996278285980225"/>
      <trkpt lat="54.569048881530762" lon="24.996728897094727"/>
      <trkpt lat="54.569070339202881" lon="24.997265338897705"/>
      <trkpt lat="54.569070339202881" lon="24.997458457946777"/>
      <trkpt lat="54.569070339202881" lon="24.99788761138916"/>
      <trkpt lat="54.569070339202881" lon="24.998424053192139"/>
      <trkpt lat="54.569091796875" lon="24.999089241027832"/>
      <trkpt lat="54.569113254547119" lon="24.999454021453857"/>
      <trkpt lat="54.569113254547119" lon="24.999840259552002"/>
      <trkpt lat="54.569113254547119" lon="24.999904632568359"/>
      <trkpt lat="54.569156169891357" lon="24.999990463256836"/>
      <trkpt lat="54.569177627563477" lon="25.000033378601074"/>
      <trkpt lat="54.569220542907715" lon="25.000076293945312"/>
      <trkpt lat="54.569263458251953" lon="25.000076293945312"/>
      <trkpt lat="54.569456577301025" lon="25.00014066696167"/>
      <trkpt lat="54.569563865661621" lon="25.000183582305908"/>
      <trkpt lat="54.569671154022217" lon="25.000226497650146"/>
      <trkpt lat="54.569714069366455" lon="25.000247955322266"/>
      <trkpt lat="54.569778442382812" lon="25.000312328338623"/>
      <trkpt lat="54.569799900054932" lon="25.0003981590271"/>
      <trkpt lat="54.569821357727051" lon="25.000505447387695"/>
      <trkpt lat="54.569864273071289" lon="25.000698566436768"/>
      <trkpt lat="54.569885730743408" lon="25.000805854797363"/>
      <trkpt lat="54.569928646087646" lon="25.000913143157959"/>
      <trkpt lat="54.569950103759766" lon="25.000977516174316"/>
      <trkpt lat="54.569993019104004" lon="25.001041889190674"/>
      <trkpt lat="54.570057392120361" lon="25.00112771987915"/>
      <trkpt lat="54.57007884979248" lon="25.001192092895508"/>
      <trkpt lat="54.570121765136719" lon="25.001256465911865"/>
      <trkpt lat="54.570143222808838" lon="25.001363754272461"/>
      <trkpt lat="54.570186138153076" lon="25.001471042633057"/>
      <trkpt lat="54.570250511169434" lon="25.001728534698486"/>
      <trkpt lat="54.57033634185791" lon="25.002028942108154"/>
      <trkpt lat="54.570400714874268" lon="25.002243518829346"/>
      <trkpt lat="54.570443630218506" lon="25.002415180206299"/>
      <trkpt lat="54.570486545562744" lon="25.002565383911133"/>
      <trkpt lat="54.570550918579102" lon="25.002715587615967"/>
      <trkpt lat="54.570615291595459" lon="25.002822875976562"/>
      <trkpt lat="54.57085132598877" lon="25.003209114074707"/>
      <trkpt lat="54.570937156677246" lon="25.003359317779541"/>
      <trkpt lat="54.571130275726318" lon="25.003659725189209"/>
      <trkpt lat="54.571216106414795" lon="25.003745555877686"/>
      <trkpt lat="54.571259021759033" lon="25.003831386566162"/>
      <trkpt lat="54.571387767791748" lon="25.00413179397583"/>
      <trkpt lat="54.571430683135986" lon="25.004239082336426"/>
      <trkpt lat="54.571452140808105" lon="25.004324913024902"/>
      <trkpt lat="54.571473598480225" lon="25.004496574401855"/>
      <trkpt lat="54.571473598480225" lon="25.00462532043457"/>
      <trkpt lat="54.571452140808105" lon="25.004818439483643"/>
      <trkpt lat="54.571452140808105" lon="25.005075931549072"/>
      <trkpt lat="54.571452140808105" lon="25.005226135253906"/>
      <trkpt lat="54.571430683135986" lon="25.005354881286621"/>
      <trkpt lat="54.571409225463867" lon="25.005569458007812"/>
      <trkpt lat="54.57134485244751" lon="25.006341934204102"/>
      <trkpt lat="54.57134485244751" lon="25.006470680236816"/>
      <trkpt lat="54.57134485244751" lon="25.00664234161377"/>
      <trkpt lat="54.57134485244751" lon="25.006771087646484"/>
      <trkpt lat="54.571301937103271" lon="25.00687837600708"/>
      <trkpt lat="54.571259021759033" lon="25.007028579711914"/>
      <trkpt lat="54.571237564086914" lon="25.007200241088867"/>
      <trkpt lat="54.571216106414795" lon="25.007414817810059"/>
      <trkpt lat="54.571216106414795" lon="25.007672309875488"/>
      <trkpt lat="54.571194648742676" lon="25.007929801940918"/>
      <trkpt lat="54.571194648742676" lon="25.00812292098999"/>
      <trkpt lat="54.571216106414795" lon="25.008594989776611"/>
      <trkpt lat="54.571237564086914" lon="25.008981227874756"/>
      <trkpt lat="54.571280479431152" lon="25.00988245010376"/>
      <trkpt lat="54.571323394775391" lon="25.010826587677002"/>
      <trkpt lat="54.57134485244751" lon="25.0113844871521"/>
      <trkpt lat="54.571387767791748" lon="25.011813640594482"/>
      <trkpt lat="54.571387767791748" lon="25.01211404800415"/>
      <trkpt lat="54.571387767791748" lon="25.012714862823486"/>
      <trkpt lat="54.571301937103271" lon="25.012800693511963"/>
      <trkpt lat="54.571130275726318" lon="25.012972354888916"/>
      <trkpt lat="54.571001529693604" lon="25.013058185577393"/>
      <trkpt lat="54.57082986831665" lon="25.013186931610107"/>
      <trkpt lat="54.570722579956055" lon="25.013272762298584"/>
      <trkpt lat="54.570658206939697" lon="25.013337135314941"/>
      <trkpt lat="54.570465087890625" lon="25.013530254364014"/>
      <trkpt lat="54.570207595825195" lon="25.013723373413086"/>
      <trkpt lat="54.5701003074646" lon="25.013809204101562"/>
      <trkpt lat="54.569993019104004" lon="25.013830661773682"/>
      <trkpt lat="54.569928646087646" lon="25.013852119445801"/>
      <trkpt lat="54.569756984710693" lon="25.01387357711792"/>
      <trkpt lat="54.569649696350098" lon="25.013895034790039"/>
      <trkpt lat="54.569606781005859" lon="25.013937950134277"/>
      <trkpt lat="54.569456577301025" lon="25.014023780822754"/>
      <trkpt lat="54.569392204284668" lon="25.014066696166992"/>
      <trkpt lat="54.569284915924072" lon="25.014066696166992"/>
      <trkpt lat="54.569134712219238" lon="25.014066696166992"/>
      <trkpt lat="54.569005966186523" lon="25.014088153839111"/>
      <trkpt lat="54.568855762481689" lon="25.01413106918335"/>
      <trkpt lat="54.568769931793213" lon="25.014173984527588"/>
      <trkpt lat="54.56859827041626" lon="25.014259815216064"/>
      <trkpt lat="54.568512439727783" lon="25.014345645904541"/>
      <trkpt lat="54.568405151367188" lon="25.014452934265137"/>
      <trkpt lat="54.568212032318115" lon="25.01462459564209"/>
      <trkpt lat="54.568018913269043" lon="25.014817714691162"/>
      <trkpt lat="54.56784725189209" lon="25.014946460723877"/>
      <trkpt lat="54.567697048187256" lon="25.015032291412354"/>
      <trkpt lat="54.567461013793945" lon="25.015096664428711"/>
      <trkpt lat="54.567396640777588" lon="25.015096664428711"/>
      <trkpt lat="54.56733226776123" lon="25.015096664428711"/>
      <trkpt lat="54.567203521728516" lon="25.015075206756592"/>
      <trkpt lat="54.566903114318848" lon="25.014946460723877"/>
      <trkpt lat="54.56660270690918" lon="25.0148606300354"/>
      <trkpt lat="54.566195011138916" lon="25.014753341674805"/>
      <trkpt lat="54.56608772277832" lon="25.014688968658447"/>
      <trkpt lat="54.565722942352295" lon="25.014517307281494"/>
      <trkpt lat="54.565036296844482" lon="25.014216899871826"/>
      <trkpt lat="54.564929008483887" lon="25.014195442199707"/>
      <trkpt lat="54.56484317779541" lon="25.014173984527588"/>
      <trkpt lat="54.564435482025146" lon="25.01413106918335"/>
      <trkpt lat="54.563941955566406" lon="25.01410961151123"/>
      <trkpt lat="54.563512802124023" lon="25.01413106918335"/>
      <trkpt lat="54.562654495239258" lon="25.01413106918335"/>
      <trkpt lat="54.562525749206543" lon="25.014152526855469"/>
      <trkpt lat="54.562268257141113" lon="25.014173984527588"/>
      <trkpt lat="54.562053680419922" lon="25.014173984527588"/>
      <trkpt lat="54.561882019042969" lon="25.014195442199707"/>
      <trkpt lat="54.561796188354492" lon="25.014216899871826"/>
      <trkpt lat="54.561710357666016" lon="25.014238357543945"/>
      <trkpt lat="54.561560153961182" lon="25.014238357543945"/>
      <trkpt lat="54.561409950256348" lon="25.014259815216064"/>
      <trkpt lat="54.561324119567871" lon="25.014259815216064"/>
      <trkpt lat="54.561023712158203" lon="25.014259815216064"/>
      <trkpt lat="54.560873508453369" lon="25.014259815216064"/>
      <trkpt lat="54.560379981994629" lon="25.014259815216064"/>
      <trkpt lat="54.560315608978271" lon="25.014238357543945"/>
      <trkpt lat="54.560143947601318" lon="25.014195442199707"/>
      <trkpt lat="54.560079574584961" lon="25.014195442199707"/>
      <trkpt lat="54.559972286224365" lon="25.014195442199707"/>
      <trkpt lat="54.559822082519531" lon="25.014195442199707"/>
      <trkpt lat="54.559714794158936" lon="25.014195442199707"/>
      <trkpt lat="54.559671878814697" lon="25.014195442199707"/>
      <trkpt lat="54.559510108083487" lon="25.014165937900543"/>
      <trkpt lat="54.559435844421387" lon="25.014152526855469"/>
      <trkpt lat="54.559371471405029" lon="25.014152526855469"/>
      <trkpt lat="54.559178352355957" lon="25.014152526855469"/>
      <trkpt lat="54.558963775634766" lon="25.014195442199707"/>
      <trkpt lat="54.558706283569336" lon="25.014238357543945"/>
      <trkpt lat="54.558491706848145" lon="25.014281272888184"/>
      <trkpt lat="54.55836296081543" lon="25.014302730560303"/>
      <trkpt lat="54.558341503143311" lon="25.014195442199707"/>
      <trkpt lat="54.558255672454834" lon="25.013744831085205"/>
      <trkpt lat="54.558234214782715" lon="25.013680458068848"/>
      <trkpt lat="54.557976722717285" lon="25.013895034790039"/>
      <trkpt lat="54.557890892028809" lon="25.013980865478516"/>
      <trkpt lat="54.557826519012451" lon="25.014023780822754"/>
      <trkpt lat="54.557697772979736" lon="25.014173984527588"/>
      <trkpt lat="54.557418823242188" lon="25.014452934265137"/>
      <trkpt lat="54.557268619537354" lon="25.014603137969971"/>
      <trkpt lat="54.557161331176758" lon="25.014646053314209"/>
      <trkpt lat="54.556968212127686" lon="25.014710426330566"/>
      <trkpt lat="54.556732177734375" lon="25.014688968658447"/>
      <trkpt lat="54.556453227996826" lon="25.014646053314209"/>
      <trkpt lat="54.556324481964111" lon="25.014646053314209"/>
      <trkpt lat="54.556260108947754" lon="25.014667510986328"/>
      <trkpt lat="54.556045532226562" lon="25.014731884002686"/>
      <trkpt lat="54.555938243865967" lon="25.014774799346924"/>
      <trkpt lat="54.555873870849609" lon="25.0148606300354"/>
      <trkpt lat="54.555788040161133" lon="25.014925003051758"/>
      <trkpt lat="54.555702209472656" lon="25.014967918395996"/>
      <trkpt lat="54.555487632751465" lon="25.015032291412354"/>
      <trkpt lat="54.555423259735107" lon="25.015053749084473"/>
      <trkpt lat="54.555294513702393" lon="25.015096664428711"/>
      <trkpt lat="54.555144309997559" lon="25.015139579772949"/>
      <trkpt lat="54.555015563964844" lon="25.015203952789307"/>
      <trkpt lat="54.554929733276367" lon="25.015268325805664"/>
      <trkpt lat="54.554715156555176" lon="25.015439987182617"/>
      <trkpt lat="54.554629325866699" lon="25.015482902526855"/>
      <trkpt lat="54.554564952850342" lon="25.015504360198975"/>
      <trkpt lat="54.554457664489746" lon="25.015525817871094"/>
      <trkpt lat="54.554393291473389" lon="25.015547275543213"/>
      <trkpt lat="54.55435037612915" lon="25.015590190887451"/>
      <trkpt lat="54.554264545440674" lon="25.015654563903809"/>
      <trkpt lat="54.554178714752197" lon="25.015718936920166"/>
      <trkpt lat="54.554092884063721" lon="25.015804767608643"/>
      <trkpt lat="54.553966568782926" lon="25.015948936343193"/>
      <trkpt lat="54.553942680358887" lon="25.015976428985596"/>
      <trkpt lat="54.553835391998291" lon="25.016083717346191"/>
      <trkpt lat="54.553663730621338" lon="25.016191005706787"/>
      <trkpt lat="54.553298950195312" lon="25.016405582427979"/>
      <trkpt lat="54.553191661834717" lon="25.016448497772217"/>
      <trkpt lat="54.553020000457764" lon="25.016534328460693"/>
      <trkpt lat="54.55286979675293" lon="25.016577243804932"/>
      <trkpt lat="54.552698135375977" lon="25.016555786132812"/>
      <trkpt lat="54.552655220031738" lon="25.016555786132812"/>
      <trkpt lat="54.552311897277832" lon="25.016491413116455"/>
      <trkpt lat="54.552226066589355" lon="25.016491413116455"/>
      <trkpt lat="54.551947116851807" lon="25.016534328460693"/>
      <trkpt lat="54.551753997802734" lon="25.016534328460693"/>
      <trkpt lat="54.551668167114258" lon="25.016512870788574"/>
      <trkpt lat="54.551582336425781" lon="25.016427040100098"/>
      <trkpt lat="54.551432132720947" lon="25.016276836395264"/>
      <trkpt lat="54.551389217376709" lon="25.016233921051025"/>
      <trkpt lat="54.551346302032471" lon="25.016255378723145"/>
      <trkpt lat="54.551239013671875" lon="25.016384124755859"/>
      <trkpt lat="54.55119383521378" lon="25.016423519700766"/>
      <trkpt lat="54.551239013671875" lon="25.016384124755859"/>
      <trkpt lat="54.551067352294922" lon="25.016534328460693"/>
      <trkpt lat="54.550960063934326" lon="25.01662015914917"/>
      <trkpt lat="54.55085277557373" lon="25.016663074493408"/>
      <trkpt lat="54.550659656524658" lon="25.016684532165527"/>
      <trkpt lat="54.550509452819824" lon="25.016705989837646"/>
      <trkpt lat="54.550230503082275" lon="25.016834735870361"/>
      <trkpt lat="54.550080299377441" lon="25.016899108886719"/>
      <trkpt lat="54.549844264984131" lon="25.017049312591553"/>
      <trkpt lat="54.549629688262939" lon="25.017135143280029"/>
      <trkpt lat="54.54937219619751" lon="25.017242431640625"/>
      <trkpt lat="54.549157619476318" lon="25.017392635345459"/>
      <trkpt lat="54.549007415771484" lon="25.017542839050293"/>
      <trkpt lat="54.54885721206665" lon="25.017650127410889"/>
      <trkpt lat="54.548642635345459" lon="25.017843246459961"/>
      <trkpt lat="54.548406600952148" lon="25.018100738525391"/>
      <trkpt lat="54.548213481903076" lon="25.018293857574463"/>
      <trkpt lat="54.547891616821289" lon="25.018551349639893"/>
      <trkpt lat="54.547784328460693" lon="25.01861572265625"/>
      <trkpt lat="54.547569751739502" lon="25.018680095672607"/>
      <trkpt lat="54.547439245507121" lon="25.018717227503657"/>
      <trkpt lat="54.547204971313477" lon="25.018723011016846"/>
      <trkpt lat="54.547097682952881" lon="25.018744468688965"/>
      <trkpt lat="54.546990394592285" lon="25.018808841705322"/>
      <trkpt lat="54.546883106231689" lon="25.018894672393799"/>
      <trkpt lat="54.546711444854736" lon="25.019044876098633"/>
      <trkpt lat="54.546475410461426" lon="25.019087791442871"/>
      <trkpt lat="54.546346664428711" lon="25.019087791442871"/>
      <trkpt lat="54.546239376068115" lon="25.019066333770752"/>
      <trkpt lat="54.546067714691162" lon="25.01910924911499"/>
      <trkpt lat="54.545810222625732" lon="25.019195079803467"/>
      <trkpt lat="54.545638561248779" lon="25.019237995147705"/>
      <trkpt lat="54.54512357711792" lon="25.019280910491943"/>
      <trkpt lat="54.544737339019775" lon="25.019388198852539"/>
      <trkpt lat="54.544501304626465" lon="25.019431114196777"/>
      <trkpt lat="54.543970646336675" lon="25.019509568810463"/>
      <trkpt lat="54.543921947479248" lon="25.019516944885254"/>
      <trkpt lat="54.543707370758057" lon="25.019581317901611"/>
      <trkpt lat="54.543600082397461" lon="25.01962423324585"/>
      <trkpt lat="54.543342590332031" lon="25.019795894622803"/>
      <trkpt lat="54.543020725250244" lon="25.019924640655518"/>
      <trkpt lat="54.542891979217529" lon="25.020010471343994"/>
      <trkpt lat="54.542677402496338" lon="25.020267963409424"/>
      <trkpt lat="54.54261302947998" lon="25.020332336425781"/>
      <trkpt lat="54.542527198791504" lon="25.020396709442139"/>
      <trkpt lat="54.542226791381836" lon="25.020546913146973"/>
      <trkpt lat="54.542055130004883" lon="25.020589828491211"/>
      <trkpt lat="54.541926383972168" lon="25.020589828491211"/>
      <trkpt lat="54.541840553283691" lon="25.020632743835449"/>
      <trkpt lat="54.541733264923096" lon="25.020697116851807"/>
      <trkpt lat="54.541583061218262" lon="25.020847320556641"/>
      <trkpt lat="54.541475772857666" lon="25.020997524261475"/>
      <trkpt lat="54.54136848449707" lon="25.021190643310547"/>
      <trkpt lat="54.541304111480713" lon="25.021276473999023"/>
      <trkpt lat="54.54113245010376" lon="25.021426677703857"/>
      <trkpt lat="54.540960788726807" lon="25.021533966064453"/>
      <trkpt lat="54.540896415710449" lon="25.021598339080811"/>
      <trkpt lat="54.540789127349854" lon="25.021748542785645"/>
      <trkpt lat="54.540724754333496" lon="25.021791458129883"/>
      <trkpt lat="54.54063892364502" lon="25.02185583114624"/>
      <trkpt lat="54.540553092956543" lon="25.021898746490479"/>
      <trkpt lat="54.540424346923828" lon="25.022006034851074"/>
      <trkpt lat="54.540274143218994" lon="25.02211332321167"/>
      <trkpt lat="54.540145397186279" lon="25.022242069244385"/>
      <trkpt lat="54.540059566497803" lon="25.022263526916504"/>
      <trkpt lat="54.53988790512085" lon="25.022284984588623"/>
      <trkpt lat="54.539759159088135" lon="25.022306442260742"/>
      <trkpt lat="54.539458751678467" lon="25.022478103637695"/>
      <trkpt lat="54.539201259613037" lon="25.02260684967041"/>
      <trkpt lat="54.538943767547607" lon="25.022757053375244"/>
      <trkpt lat="54.538750648498535" lon="25.022842884063721"/>
      <trkpt lat="54.538342952728271" lon="25.022950172424316"/>
      <trkpt lat="54.538192749023438" lon="25.022950172424316"/>
      <trkpt lat="54.538064002990723" lon="25.022993087768555"/>
      <trkpt lat="54.537913799285889" lon="25.023014545440674"/>
      <trkpt lat="54.537785053253174" lon="25.023057460784912"/>
      <trkpt lat="54.537656307220459" lon="25.023143291473389"/>
      <trkpt lat="54.537506103515625" lon="25.023207664489746"/>
      <trkpt lat="54.53737735748291" lon="25.023229122161865"/>
      <trkpt lat="54.537034034729004" lon="25.023250579833984"/>
      <trkpt lat="54.536991119384766" lon="25.023250579833984"/>
      <trkpt lat="54.536690711975098" lon="25.023336410522461"/>
      <trkpt lat="54.536111354827881" lon="25.023593902587891"/>
      <trkpt lat="54.535617828369141" lon="25.023808479309082"/>
      <trkpt lat="54.535317420959473" lon="25.023872852325439"/>
      <trkpt lat="54.535102844238281" lon="25.023937225341797"/>
      <trkpt lat="54.534866809844971" lon="25.024065971374512"/>
      <trkpt lat="54.53463077545166" lon="25.024216175079346"/>
      <trkpt lat="54.534351825714111" lon="25.024323463439941"/>
      <trkpt lat="54.534094333648682" lon="25.024409294128418"/>
      <trkpt lat="54.53387975692749" lon="25.024516582489014"/>
      <trkpt lat="54.533686637878418" lon="25.024688243865967"/>
      <trkpt lat="54.533429145812988" lon="25.024902820587158"/>
      <trkpt lat="54.533364772796631" lon="25.024945735931396"/>
      <trkpt lat="54.533236026763916" lon="25.025010108947754"/>
      <trkpt lat="54.533107280731201" lon="25.025053024291992"/>
      <trkpt lat="54.532957077026367" lon="25.025074481964111"/>
      <trkpt lat="54.532721042633057" lon="25.025031566619873"/>
      <trkpt lat="54.532527923583984" lon="25.024945735931396"/>
      <trkpt lat="54.532356262207031" lon="25.024816989898682"/>
      <trkpt lat="54.532206058502197" lon="25.024774074554443"/>
      <trkpt lat="54.53188419342041" lon="25.024709701538086"/>
      <trkpt lat="54.531540870666504" lon="25.024752616882324"/>
      <trkpt lat="54.531219005584717" lon="25.02485990524292"/>
      <trkpt lat="54.530854225158691" lon="25.025074481964111"/>
      <trkpt lat="54.530317783355713" lon="25.025546550750732"/>
      <trkpt lat="54.529716968536377" lon="25.025911331176758"/>
      <trkpt lat="54.529266357421875" lon="25.02610445022583"/>
      <trkpt lat="54.528965950012207" lon="25.026190280914307"/>
      <trkpt lat="54.528815746307373" lon="25.026254653930664"/>
      <trkpt lat="54.528579711914062" lon="25.026469230651855"/>
      <trkpt lat="54.528172016143799" lon="25.027048587799072"/>
      <trkpt lat="54.527828693389893" lon="25.027477741241455"/>
      <trkpt lat="54.527528285980225" lon="25.027735233306885"/>
      <trkpt lat="54.527335166931152" lon="25.027821063995361"/>
      <trkpt lat="54.527184963226318" lon="25.02784252166748"/>
      <trkpt lat="54.527013301849365" lon="25.027821063995361"/>
      <trkpt lat="54.52690601348877" lon="25.027821063995361"/>
      <trkpt lat="54.526841640472412" lon="25.027799606323242"/>
      <trkpt lat="54.526777267456055" lon="25.027778148651123"/>
      <trkpt lat="54.526712894439697" lon="25.027778148651123"/>
      <trkpt lat="54.526627063751221" lon="25.027756690979004"/>
      <trkpt lat="54.526519775390625" lon="25.027799606323242"/>
      <trkpt lat="54.526433944702148" lon="25.027821063995361"/>
      <trkpt lat="54.526326656341553" lon="25.0278639793396"/>
      <trkpt lat="54.526176452636719" lon="25.027885437011719"/>
      <trkpt lat="54.526069164276123" lon="25.027885437011719"/>
      <trkpt lat="54.526004791259766" lon="25.02784252166748"/>
      <trkpt lat="54.525918960571289" lon="25.027799606323242"/>
      <trkpt lat="54.525682926177979" lon="25.027627944946289"/>
      <trkpt lat="54.525446891784668" lon="25.027434825897217"/>
      <trkpt lat="54.525382518768311" lon="25.027391910552979"/>
      <trkpt lat="54.525296688079834" lon="25.027370452880859"/>
      <trkpt lat="54.525189399719238" lon="25.02734899520874"/>
      <trkpt lat="54.525125026702881" lon="25.02734899520874"/>
      <trkpt lat="54.525060653686523" lon="25.027370452880859"/>
      <trkpt lat="54.524931907653809" lon="25.027434825897217"/>
      <trkpt lat="54.524867534637451" lon="25.027456283569336"/>
      <trkpt lat="54.524824619293213" lon="25.027456283569336"/>
      <trkpt lat="54.524695873260498" lon="25.027456283569336"/>
      <trkpt lat="54.524610042572021" lon="25.027477741241455"/>
      <trkpt lat="54.52439546585083" lon="25.027542114257812"/>
      <trkpt lat="54.524288177490234" lon="25.027542114257812"/>
      <trkpt lat="54.524180889129639" lon="25.027563571929932"/>
      <trkpt lat="54.524009227752686" lon="25.027585029602051"/>
      <trkpt lat="54.523794651031494" lon="25.027649402618408"/>
      <trkpt lat="54.523730278015137" lon="25.027692317962646"/>
      <trkpt lat="54.523687362670898" lon="25.027735233306885"/>
      <trkpt lat="54.523558616638184" lon="25.027928352355957"/>
      <trkpt lat="54.523429870605469" lon="25.028121471405029"/>
      <trkpt lat="54.523129463195801" lon="25.028378963470459"/>
      <trkpt lat="54.522936344146729" lon="25.028550624847412"/>
      <trkpt lat="54.522206783294678" lon="25.029044151306152"/>
      <trkpt lat="54.521498680114746" lon="25.029559135437012"/>
      <trkpt lat="54.520511627197266" lon="25.030224323272705"/>
      <trkpt lat="54.519610404968262" lon="25.031018257141113"/>
      <trkpt lat="54.51890230178833" lon="25.032048225402832"/>
      <trkpt lat="54.518108367919922" lon="25.033164024353027"/>
      <trkpt lat="54.517571926116943" lon="25.033721923828125"/>
      <trkpt lat="54.516928195953369" lon="25.034322738647461"/>
      <trkpt lat="54.516391754150391" lon="25.034751892089844"/>
      <trkpt lat="54.516091346740723" lon="25.034923553466797"/>
      <trkpt lat="54.515705108642578" lon="25.035030841827393"/>
      <trkpt lat="54.515254497528076" lon="25.035030841827393"/>
      <trkpt lat="54.51491117477417" lon="25.035138130187988"/>
      <trkpt lat="54.514718055725098" lon="25.035266876220703"/>
      <trkpt lat="54.514482021331787" lon="25.035417079925537"/>
      <trkpt lat="54.514138698577881" lon="25.035567283630371"/>
      <trkpt lat="54.514009952545166" lon="25.035631656646729"/>
      <trkpt lat="54.513924121856689" lon="25.035653114318848"/>
      <trkpt lat="54.513795375823975" lon="25.035674571990967"/>
      <trkpt lat="54.513688087463379" lon="25.035674571990967"/>
      <trkpt lat="54.513430595397949" lon="25.035631656646729"/>
      <trkpt lat="54.512872695922852" lon="25.035567283630371"/>
      <trkpt lat="54.512379169464111" lon="25.035459995269775"/>
      <trkpt lat="54.51216459274292" lon="25.035417079925537"/>
      <trkpt lat="54.512035846710205" lon="25.035417079925537"/>
      <trkpt lat="54.511499404907227" lon="25.035417079925537"/>
      <trkpt lat="54.51141357421875" lon="25.035417079925537"/>
      <trkpt lat="54.511306285858154" lon="25.035438537597656"/>
      <trkpt lat="54.511220455169678" lon="25.035502910614014"/>
      <trkpt lat="54.511005878448486" lon="25.035545825958252"/>
      <trkpt lat="54.510791301727295" lon="25.035610198974609"/>
      <trkpt lat="54.510340690612793" lon="25.035545825958252"/>
      <trkpt lat="54.510233402252197" lon="25.035481452941895"/>
      <trkpt lat="54.510126113891602" lon="25.035374164581299"/>
      <trkpt lat="54.510070541873574" lon="25.035292692482471"/>
      <trkpt lat="54.50965404510498" lon="25.034558773040771"/>
      <trkpt lat="54.509310722351074" lon="25.035245418548584"/>
      <trkpt lat="54.508881568908691" lon="25.035932064056396"/>
      <trkpt lat="54.508559703826904" lon="25.036575794219971"/>
      <trkpt lat="54.508366584777832" lon="25.036962032318115"/>
      <trkpt lat="54.508388042449951" lon="25.037047863006592"/>
      <trkpt lat="54.508624076843262" lon="25.039193630218506"/>
      <trkpt lat="54.508624076843262" lon="25.039300918579102"/>
      <trkpt lat="54.508967399597168" lon="25.041854381561279"/>
      <trkpt lat="54.510211944580078" lon="25.052368640899658"/>
      <trkpt lat="54.510555267333984" lon="25.05232572555542"/>
      <trkpt lat="54.510898590087891" lon="25.05232572555542"/>
      <trkpt lat="54.511284828186035" lon="25.052368640899658"/>
      <trkpt lat="54.511499404907227" lon="25.052411556243896"/>
      <trkpt lat="54.511809451505542" lon="25.05235992372036"/>
      <trkpt lat="54.511885643005371" lon="25.052347183227539"/>
      <trkpt lat="54.512100219726562" lon="25.052282810211182"/>
      <trkpt lat="54.512550830841064" lon="25.052175521850586"/>
      <trkpt lat="54.513044357299805" lon="25.052218437194824"/>
      <trkpt lat="54.513537883758545" lon="25.052368640899658"/>
      <trkpt lat="54.514074325561523" lon="25.052690505981445"/>
      <trkpt lat="54.514203071594238" lon="25.052733421325684"/>
      <trkpt lat="54.514503479003906" lon="25.052840709686279"/>
      <trkpt lat="54.514889717102051" lon="25.053012371063232"/>
      <trkpt lat="54.515233039855957" lon="25.053184032440186"/>
      <trkpt lat="54.515469074249268" lon="25.053226947784424"/>
      <trkpt lat="54.51591968536377" lon="25.0533127784729"/>
      <trkpt lat="54.51664924621582" lon="25.053548812866211"/>
      <trkpt lat="54.516820907592773" lon="25.053634643554688"/>
      <trkpt lat="54.516992568969727" lon="25.053741931915283"/>
      <trkpt lat="54.517185688018799" lon="25.053999423980713"/>
      <trkpt lat="54.517378807067871" lon="25.054106712341309"/>
      <trkpt lat="54.518001079559326" lon="25.054235458374023"/>
      <trkpt lat="54.518580436706543" lon="25.054407119750977"/>
      <trkpt lat="54.519267082214355" lon="25.054750442504883"/>
      <trkpt lat="54.519803524017334" lon="25.05530834197998"/>
      <trkpt lat="54.520275592803955" lon="25.055716037750244"/>
      <trkpt lat="54.520747661590576" lon="25.056037902832031"/>
      <trkpt lat="54.522335529327393" lon="25.056896209716797"/>
      <trkpt lat="54.522411134094" lon="25.056922612711787"/>
      <trkpt lat="54.522764682769775" lon="25.057046413421631"/>
      <trkpt lat="54.523043632507324" lon="25.057153701782227"/>
      <trkpt lat="54.523258209228516" lon="25.057239532470703"/>
      <trkpt lat="54.523429870605469" lon="25.057282447814941"/>
      <trkpt lat="54.52364444732666" lon="25.057303905487061"/>
      <trkpt lat="54.523773193359375" lon="25.057368278503418"/>
      <trkpt lat="54.524073600769043" lon="25.057518482208252"/>
      <trkpt lat="54.524331092834473" lon="25.057604312896729"/>
      <trkpt lat="54.524459838867188" lon="25.057668685913086"/>
      <trkpt lat="54.524588584899902" lon="25.057754516601562"/>
      <trkpt lat="54.524695873260498" lon="25.05781888961792"/>
      <trkpt lat="54.524867534637451" lon="25.057926177978516"/>
      <trkpt lat="54.524996280670166" lon="25.05805492401123"/>
      <trkpt lat="54.525232315063477" lon="25.058205127716064"/>
      <trkpt lat="54.525468349456787" lon="25.05831241607666"/>
      <trkpt lat="54.525554180145264" lon="25.058355331420898"/>
      <trkpt lat="54.525618553161621" lon="25.058398246765137"/>
      <trkpt lat="54.525747299194336" lon="25.058505535125732"/>
      <trkpt lat="54.525940418243408" lon="25.058655738830566"/>
      <trkpt lat="54.526305198669434" lon="25.058848857879639"/>
      <trkpt lat="54.526498317718506" lon="25.058999061584473"/>
      <trkpt lat="54.526691436767578" lon="25.059192180633545"/>
      <trkpt lat="54.526927471160889" lon="25.059299468994141"/>
      <trkpt lat="54.527056217193604" lon="25.059342384338379"/>
      <trkpt lat="54.527184963226318" lon="25.059406757354736"/>
      <trkpt lat="54.527335166931152" lon="25.05955696105957"/>
      <trkpt lat="54.527442455291748" lon="25.059792995452881"/>
      <trkpt lat="54.527699947357178" lon="25.060007572174072"/>
      <trkpt lat="54.527828693389893" lon="25.060050487518311"/>
      <trkpt lat="54.528064727783203" lon="25.060157775878906"/>
      <trkpt lat="54.528279304504395" lon="25.060329437255859"/>
      <trkpt lat="54.528665542602539" lon="25.060458183288574"/>
      <trkpt lat="54.529545307159424" lon="25.060544013977051"/>
      <trkpt lat="54.529738426208496" lon="25.060522556304932"/>
      <trkpt lat="54.529953002929688" lon="25.060586929321289"/>
      <trkpt lat="54.530189037322998" lon="25.060651302337646"/>
      <trkpt lat="54.530425071716309" lon="25.060672760009766"/>
      <trkpt lat="54.530575275421143" lon="25.060672760009766"/>
      <trkpt lat="54.530768394470215" lon="25.060608386993408"/>
      <trkpt lat="54.530875682830811" lon="25.061595439910889"/>
      <trkpt lat="54.531111717224121" lon="25.06380558013916"/>
      <trkpt lat="54.531154632568359" lon="25.064256191253662"/>
      <trkpt lat="54.531283378601074" lon="25.065200328826904"/>
      <trkpt lat="54.531583786010742" lon="25.067903995513916"/>
      <trkpt lat="54.53214168548584" lon="25.067667961120605"/>
      <trkpt lat="54.532306808978319" lon="25.067647341638803"/>
      <trkpt lat="54.532485008239746" lon="25.067603588104248"/>
      <trkpt lat="54.532721042633057" lon="25.067496299743652"/>
      <trkpt lat="54.533214569091797" lon="25.067367553710938"/>
      <trkpt lat="54.53364372253418" lon="25.067174434661865"/>
      <trkpt lat="54.533901214599609" lon="25.067110061645508"/>
      <trkpt lat="54.534094333648682" lon="25.067110061645508"/>
      <trkpt lat="54.534437656402588" lon="25.067260265350342"/>
      <trkpt lat="54.53488826751709" lon="25.067474842071533"/>
      <trkpt lat="54.535210132598877" lon="25.067625045776367"/>
      <trkpt lat="54.53538179397583" lon="25.067667961120605"/>
      <trkpt lat="54.535703659057617" lon="25.067732334136963"/>
      <trkpt lat="54.535939693450928" lon="25.06779670715332"/>
      <trkpt lat="54.536283016204834" lon="25.067818164825439"/>
      <trkpt lat="54.536798000335693" lon="25.067861080169678"/>
      <trkpt lat="54.537205696105957" lon="25.067818164825439"/>
      <trkpt lat="54.53763484954834" lon="25.067732334136963"/>
      <trkpt lat="54.537935256958008" lon="25.067625045776367"/>
      <trkpt lat="54.538257122039795" lon="25.067496299743652"/>
      <trkpt lat="54.538428783416748" lon="25.067453384399414"/>
      <trkpt lat="54.53862190246582" lon="25.067324638366699"/>
      <trkpt lat="54.539029598236084" lon="25.067174434661865"/>
      <trkpt lat="54.539415836334229" lon="25.067024230957031"/>
      <trkpt lat="54.540145397186279" lon="25.06680965423584"/>
      <trkpt lat="54.540703296661377" lon="25.066637992858887"/>
      <trkpt lat="54.540982246398926" lon="25.06655216217041"/>
      <trkpt lat="54.541196823120117" lon="25.066444873809814"/>
      <trkpt lat="54.541668891906738" lon="25.06605863571167"/>
      <trkpt lat="54.542012214660645" lon="25.065779685974121"/>
      <trkpt lat="54.542334079742432" lon="25.065543651580811"/>
      <trkpt lat="54.542441368103027" lon="25.065457820892334"/>
      <trkpt lat="54.5426344871521" lon="25.065457820892334"/>
      <trkpt lat="54.54287052154541" lon="25.065414905548096"/>
      <trkpt lat="54.543085098266602" lon="25.065371990203857"/>
      <trkpt lat="54.54336404800415" lon="25.065350532531738"/>
      <trkpt lat="54.544157981872559" lon="25.065329074859619"/>
      <trkpt lat="54.544415473937988" lon="25.065371990203857"/>
      <trkpt lat="54.54535961151123" lon="25.065479278564453"/>
      <trkpt lat="54.545767307281494" lon="25.06556510925293"/>
      <trkpt lat="54.546003341674805" lon="25.065586566925049"/>
      <trkpt lat="54.546754360198975" lon="25.065779685974121"/>
      <trkpt lat="54.546926021575928" lon="25.065822601318359"/>
      <trkpt lat="54.547290802001953" lon="25.065908432006836"/>
      <trkpt lat="54.54761266708374" lon="25.065951347351074"/>
      <trkpt lat="54.548234939575195" lon="25.066080093383789"/>
      <trkpt lat="54.548513889312744" lon="25.066101551055908"/>
      <trkpt lat="54.548921585083008" lon="25.066101551055908"/>
      <trkpt lat="54.549028873443604" lon="25.066123008728027"/>
      <trkpt lat="54.549243450164795" lon="25.066187381744385"/>
      <trkpt lat="54.549307823181152" lon="25.066208839416504"/>
      <trkpt lat="54.549994468688965" lon="25.066380500793457"/>
      <trkpt lat="54.550144672393799" lon="25.066380500793457"/>
      <trkpt lat="54.550273418426514" lon="25.066401958465576"/>
      <trkpt lat="54.550445079803467" lon="25.066423416137695"/>
      <trkpt lat="54.550638198852539" lon="25.066509246826172"/>
      <trkpt lat="54.550788402557373" lon="25.066530704498291"/>
      <trkpt lat="54.551088809967041" lon="25.066616535186768"/>
      <trkpt lat="54.551260471343994" lon="25.066702365875244"/>
      <trkpt lat="54.551303386688232" lon="25.066723823547363"/>
      <trkpt lat="54.551346302032471" lon="25.066745281219482"/>
      <trkpt lat="54.551796913146973" lon="25.066852569580078"/>
      <trkpt lat="54.553170204162598" lon="25.067131519317627"/>
      <trkpt lat="54.553556442260742" lon="25.067238807678223"/>
      <trkpt lat="54.554007053375244" lon="25.067346096038818"/>
      <trkpt lat="54.554414749145508" lon="25.067517757415771"/>
      <trkpt lat="54.554629325866699" lon="25.067625045776367"/>
      <trkpt lat="54.554715156555176" lon="25.067646503448486"/>
      <trkpt lat="54.55486536026001" lon="25.067646503448486"/>
      <trkpt lat="54.555165767669678" lon="25.067710876464844"/>
      <trkpt lat="54.555444717407227" lon="25.067775249481201"/>
      <trkpt lat="54.55561637878418" lon="25.067861080169678"/>
      <trkpt lat="54.555702209472656" lon="25.067839622497559"/>
      <trkpt lat="54.556238651275635" lon="25.067839622497559"/>
      <trkpt lat="54.556818008422852" lon="25.067882537841797"/>
      <trkpt lat="54.557590484619141" lon="25.067946910858154"/>
      <trkpt lat="54.557869434356689" lon="25.067946910858154"/>
      <trkpt lat="54.558062553405762" lon="25.067925453186035"/>
      <trkpt lat="54.558212757110596" lon="25.067946910858154"/>
      <trkpt lat="54.558277130126953" lon="25.067968368530273"/>
      <trkpt lat="54.559435844421387" lon="25.068268775939941"/>
      <trkpt lat="54.560744762420654" lon="25.068633556365967"/>
      <trkpt lat="54.561367034912109" lon="25.06880521774292"/>
      <trkpt lat="54.56160306930542" lon="25.068891048431396"/>
      <trkpt lat="54.561924934387207" lon="25.069019794464111"/>
      <trkpt lat="54.562032222747803" lon="25.06906270980835"/>
      <trkpt lat="54.562397003173828" lon="25.069234371185303"/>
      <trkpt lat="54.562804698944092" lon="25.069427490234375"/>
      <trkpt lat="54.563941955566406" lon="25.069921016693115"/>
      <trkpt lat="54.564177989959717" lon="25.070028305053711"/>
      <trkpt lat="54.564821720123291" lon="25.070328712463379"/>
      <trkpt lat="54.565207958221436" lon="25.070500373840332"/>
      <trkpt lat="54.565293788909912" lon="25.07054328918457"/>
      <trkpt lat="54.565894603729248" lon="25.07080078125"/>
      <trkpt lat="54.566195011138916" lon="25.070950984954834"/>
      <trkpt lat="54.566237926483154" lon="25.070993900299072"/>
      <trkpt lat="54.566323757171631" lon="25.071101188659668"/>
      <trkpt lat="54.566388130187988" lon="25.071208477020264"/>
      <trkpt lat="54.566452503204346" lon="25.07129430770874"/>
      <trkpt lat="54.566709995269775" lon="25.071873664855957"/>
      <trkpt lat="54.567375183105469" lon="25.073268413543701"/>
      <trkpt lat="54.567611217498779" lon="25.073761940002441"/>
      <trkpt lat="54.567632675170898" lon="25.073826313018799"/>
      <trkpt lat="54.568040370941162" lon="25.074727535247803"/>
      <trkpt lat="54.568126201629639" lon="25.074856281280518"/>
      <trkpt lat="54.568169116973877" lon="25.074985027313232"/>
      <trkpt lat="54.568920135498047" lon="25.076594352722168"/>
      <trkpt lat="54.569263458251953" lon="25.077366828918457"/>
      <trkpt lat="54.569478034973145" lon="25.07779598236084"/>
      <trkpt lat="54.569971561431885" lon="25.078911781311035"/>
      <trkpt lat="54.570121765136719" lon="25.079212188720703"/>
      <trkpt lat="54.571645259857178" lon="25.082581043243408"/>
      <trkpt lat="54.571881294250488" lon="25.083117485046387"/>
      <trkpt lat="54.571967124938965" lon="25.083267688751221"/>
      <trkpt lat="54.572138786315918" lon="25.083653926849365"/>
      <trkpt lat="54.572246074676514" lon="25.083911418914795"/>
      <trkpt lat="54.572267699986696" lon="25.083950310945511"/>
      <trkpt lat="54.572353363037109" lon="25.084104537963867"/>
      <trkpt lat="54.572439193725586" lon="25.084297657012939"/>
      <trkpt lat="54.572567939758301" lon="25.084598064422607"/>
      <trkpt lat="54.572696685791016" lon="25.084855556488037"/>
      <trkpt lat="54.57282543182373" lon="25.085177421569824"/>
      <trkpt lat="54.572954177856445" lon="25.085434913635254"/>
      <trkpt lat="54.57308292388916" lon="25.085735321044922"/>
      <trkpt lat="54.573190212249756" lon="25.085949897766113"/>
      <trkpt lat="54.57334041595459" lon="25.08629322052002"/>
      <trkpt lat="54.573426246643066" lon="25.086507797241211"/>
      <trkpt lat="54.573533535003662" lon="25.086743831634521"/>
      <trkpt lat="54.573791027069092" lon="25.087301731109619"/>
      <trkpt lat="54.574048519134521" lon="25.087838172912598"/>
      <trkpt lat="54.574177265167236" lon="25.088138580322266"/>
      <trkpt lat="54.574263095855713" lon="25.0882887840271"/>
      <trkpt lat="54.574306011199951" lon="25.088396072387695"/>
      <trkpt lat="54.574348926544189" lon="25.088481903076172"/>
      <trkpt lat="54.574413299560547" lon="25.088567733764648"/>
      <trkpt lat="54.574456214904785" lon="25.088653564453125"/>
      <trkpt lat="54.5745849609375" lon="25.088803768157959"/>
      <trkpt lat="54.574649333953857" lon="25.088911056518555"/>
      <trkpt lat="54.574756622314453" lon="25.089061260223389"/>
      <trkpt lat="54.57484245300293" lon="25.089190006256104"/>
      <trkpt lat="54.574949741363525" lon="25.089318752288818"/>
      <trkpt lat="54.57507848739624" lon="25.089490413665771"/>
      <trkpt lat="54.575250148773193" lon="25.089726448059082"/>
      <trkpt lat="54.575378894805908" lon="25.089898109436035"/>
      <trkpt lat="54.575529098510742" lon="25.090134143829346"/>
      <trkpt lat="54.575679302215576" lon="25.090348720550537"/>
      <trkpt lat="54.576022624969482" lon="25.090799331665039"/>
      <trkpt lat="54.57632303237915" lon="25.091207027435303"/>
      <trkpt lat="54.576451778411865" lon="25.091400146484375"/>
      <trkpt lat="54.576537609100342" lon="25.09152889251709"/>
      <trkpt lat="54.576666355133057" lon="25.09127140045166"/>
      <trkpt lat="54.577095089480281" lon="25.090588191524148"/>
      <trkpt lat="54.577353000640869" lon="25.090177059173584"/>
      <trkpt lat="54.578018188476562" lon="25.089147090911865"/>
      <trkpt lat="54.578597545623779" lon="25.08826732635498"/>
      <trkpt lat="54.579133987426758" lon="25.087409019470215"/>
      <trkpt lat="54.579756259918213" lon="25.086443424224854"/>
      <trkpt lat="54.579777717590332" lon="25.086400508880615"/>
      <trkpt lat="54.57982063293457" lon="25.086357593536377"/>
      <trkpt lat="54.579906463623047" lon="25.08629322052002"/>
      <trkpt lat="54.579992294311523" lon="25.086250305175781"/>
      <trkpt lat="54.580035209655762" lon="25.086228847503662"/>
      <trkpt lat="54.580099582672119" lon="25.086228847503662"/>
      <trkpt lat="54.580142498016357" lon="25.086228847503662"/>
      <trkpt lat="54.580185413360596" lon="25.086228847503662"/>
      <trkpt lat="54.580271244049072" lon="25.086250305175781"/>
      <trkpt lat="54.58033561706543" lon="25.08629322052002"/>
      <trkpt lat="54.580378532409668" lon="25.086314678192139"/>
      <trkpt lat="54.580442905426025" lon="25.086357593536377"/>
      <trkpt lat="54.580528736114502" lon="25.086464881896973"/>
      <trkpt lat="54.580807685852051" lon="25.086808204650879"/>
      <trkpt lat="54.580893516540527" lon="25.086872577667236"/>
      <trkpt lat="54.580957889556885" lon="25.086936950683594"/>
      <trkpt lat="54.581043720245361" lon="25.086958408355713"/>
      <trkpt lat="54.581215381622314" lon="25.086979866027832"/>
      <trkpt lat="54.581408500671387" lon="25.086958408355713"/>
      <trkpt lat="54.581558704376221" lon="25.086915493011475"/>
      <trkpt lat="54.582030773162842" lon="25.086829662322998"/>
      <trkpt lat="54.582481384277344" lon="25.086722373962402"/>
      <trkpt lat="54.582910537719727" lon="25.086550712585449"/>
      <trkpt lat="54.583790302276611" lon="25.086207389831543"/>
      <trkpt lat="54.583854675292969" lon="25.086250305175781"/>
      <trkpt lat="54.583876132965088" lon="25.08629322052002"/>
      <trkpt lat="54.583897590637207" lon="25.086164474487305"/>
      <trkpt lat="54.583919048309326" lon="25.086121559143066"/>
      <trkpt lat="54.584004878997803" lon="25.08552074432373"/>
      <trkpt lat="54.58406925201416" lon="25.085005760192871"/>
      <trkpt lat="54.58406925201416" lon="25.084748268127441"/>
      <trkpt lat="54.584055421873927" lon="25.084444843232632"/>
      <trkpt lat="54.584047794342041" lon="25.08427619934082"/>
      <trkpt lat="54.583983421325684" lon="25.083482265472412"/>
      <trkpt lat="54.583940505981445" lon="25.082924365997314"/>
      <trkpt lat="54.58381175994873" lon="25.08080005645752"/>
      <trkpt lat="54.583661556243896" lon="25.078997611999512"/>
      <trkpt lat="54.583361148834229" lon="25.075972080230713"/>
      <trkpt lat="54.583275318145752" lon="25.075113773345947"/>
      <trkpt lat="54.583275318145752" lon="25.07504940032959"/>
      <trkpt lat="54.583210945129395" lon="25.074470043182373"/>
      <trkpt lat="54.582910537719727" lon="25.071659088134766"/>
      <trkpt lat="54.58272454328835" lon="25.069822696968913"/>
      <trkpt lat="54.58256721496582" lon="25.068268775939941"/>
      <trkpt lat="54.58256721496582" lon="25.068118572235107"/>
      <trkpt lat="54.582588672637939" lon="25.067925453186035"/>
      <trkpt lat="54.582653045654297" lon="25.067496299743652"/>
      <trkpt lat="54.582846164703369" lon="25.065929889678955"/>
      <trkpt lat="54.583146572113037" lon="25.06356954574585"/>
      <trkpt lat="54.583253860473633" lon="25.06305456161499"/>
      <trkpt lat="54.583189487457275" lon="25.062968730926514"/>
      <trkpt lat="54.583232402801514" lon="25.062839984893799"/>
      <trkpt lat="54.583275318145752" lon="25.062689781188965"/>
      <trkpt lat="54.58331823348999" lon="25.062282085418701"/>
      <trkpt lat="54.583382606506348" lon="25.061080455780029"/>
      <trkpt lat="54.583425521850586" lon="25.060672760009766"/>
      <trkpt lat="54.583425521850586" lon="25.060265064239502"/>
      <trkpt lat="54.583876132965088" lon="25.060479640960693"/>
      <trkpt lat="54.584004878997803" lon="25.060608386993408"/>
      <trkpt lat="54.584455490112305" lon="25.061230659484863"/>
      <trkpt lat="54.584627151489258" lon="25.061466693878174"/>
      <trkpt lat="54.584691524505615" lon="25.06155252456665"/>
      <trkpt lat="54.584798812866211" lon="25.061616897583008"/>
      <trkpt lat="54.584884643554688" lon="25.061681270599365"/>
      <trkpt lat="54.585120677947998" lon="25.061724185943604"/>
      <trkpt lat="54.585249423980713" lon="25.061724185943604"/>
      <trkpt lat="54.585335254669189" lon="25.061702728271484"/>
      <trkpt lat="54.585442543029785" lon="25.061659812927246"/>
      <trkpt lat="54.5855712890625" lon="25.061595439910889"/>
      <trkpt lat="54.585764408111572" lon="25.061445236206055"/>
      <trkpt lat="54.585893154144287" lon="25.061380863189697"/>
      <trkpt lat="54.585957527160645" lon="25.061359405517578"/>
      <trkpt lat="54.586107730865479" lon="25.061380863189697"/>
      <trkpt lat="54.586279392242432" lon="25.061402320861816"/>
      <trkpt lat="54.58681583404541" lon="25.06155252456665"/>
      <trkpt lat="54.587416648864746" lon="25.061895847320557"/>
      <trkpt lat="54.588832855224609" lon="25.062689781188965"/>
      <trkpt lat="54.589111804962158" lon="25.06281852722168"/>
      <trkpt lat="54.589390754699707" lon="25.062797069549561"/>
      <trkpt lat="54.590699672698975" lon="25.062389373779297"/>
      <trkpt lat="54.591094963252544" lon="25.062274457886815"/>
      <trkpt lat="54.591364860534668" lon="25.062196254730225"/>
      <trkpt lat="54.592030048370361" lon="25.06206750869751"/>
      <trkpt lat="54.592952728271484" lon="25.061831474304199"/>
      <trkpt lat="54.594454765319824" lon="25.061402320861816"/>
      <trkpt lat="54.595870971679688" lon="25.061016082763672"/>
      <trkpt lat="54.596450328826904" lon="25.060780048370361"/>
      <trkpt lat="54.597072601318359" lon="25.060479640960693"/>
      <trkpt lat="54.598188400268555" lon="25.059835910797119"/>
      <trkpt lat="54.597889417782426" lon="25.060008326545358"/>
      <trkpt lat="54.598188400268555" lon="25.059835910797119"/>
      <trkpt lat="54.598467350006104" lon="25.059621334075928"/>
      <trkpt lat="54.598724842071533" lon="25.059342384338379"/>
      <trkpt lat="54.598832130432129" lon="25.059192180633545"/>
      <trkpt lat="54.599089622497559" lon="25.05882740020752"/>
      <trkpt lat="54.599175453186035" lon="25.058677196502686"/>
      <trkpt lat="54.59930419921875" lon="25.058591365814209"/>
      <trkpt lat="54.599947929382324" lon="25.058269500732422"/>
      <trkpt lat="54.600076675415039" lon="25.058226585388184"/>
      <trkpt lat="54.60031270980835" lon="25.058119297027588"/>
      <trkpt lat="54.600505828857422" lon="25.05805492401123"/>
      <trkpt lat="54.600698947906494" lon="25.058033466339111"/>
      <trkpt lat="54.600849151611328" lon="25.057990550994873"/>
      <trkpt lat="54.601085186004639" lon="25.057904720306396"/>
      <trkpt lat="54.601192474365234" lon="25.057861804962158"/>
      <trkpt lat="54.601364135742188" lon="25.057797431945801"/>
      <trkpt lat="54.601492881774902" lon="25.057754516601562"/>
      <trkpt lat="54.601621627807617" lon="25.057668685913086"/>
      <trkpt lat="54.601900577545166" lon="25.057475566864014"/>
      <trkpt lat="54.601986408233643" lon="25.057432651519775"/>
      <trkpt lat="54.60205078125" lon="25.057411193847656"/>
      <trkpt lat="54.602115154266357" lon="25.057389736175537"/>
      <trkpt lat="54.602179527282715" lon="25.057389736175537"/>
      <trkpt lat="54.602265357971191" lon="25.057389736175537"/>
      <trkpt lat="54.602780342102051" lon="25.057518482208252"/>
      <trkpt lat="54.602909088134766" lon="25.057539939880371"/>
      <trkpt lat="54.603016376495361" lon="25.05756139755249"/>
      <trkpt lat="54.603166580200195" lon="25.057582855224609"/>
      <trkpt lat="54.603273868560791" lon="25.057604312896729"/>
      <trkpt lat="54.603574275970459" lon="25.057625770568848"/>
      <trkpt lat="54.603831768035889" lon="25.057625770568848"/>
      <trkpt lat="54.604110717773438" lon="25.057668685913086"/>
      <trkpt lat="54.60430383682251" lon="25.057690143585205"/>
      <trkpt lat="54.604496955871582" lon="25.057754516601562"/>
      <trkpt lat="54.604647159576416" lon="25.057797431945801"/>
      <trkpt lat="54.604775905609131" lon="25.057840347290039"/>
      <trkpt lat="54.604904651641846" lon="25.057904720306396"/>
      <trkpt lat="54.605398178100586" lon="25.058205127716064"/>
      <trkpt lat="54.605827331542969" lon="25.058441162109375"/>
      <trkpt lat="54.605934619903564" lon="25.058484077453613"/>
      <trkpt lat="54.606063365936279" lon="25.058505535125732"/>
      <trkpt lat="54.606170654296875" lon="25.058526992797852"/>
      <trkpt lat="54.606256484985352" lon="25.058548450469971"/>
      <trkpt lat="54.606428146362305" lon="25.058505535125732"/>
      <trkpt lat="54.606471061706543" lon="25.058505535125732"/>
      <trkpt lat="54.6065354347229" lon="25.058462619781494"/>
      <trkpt lat="54.606771469116211" lon="25.058355331420898"/>
      <trkpt lat="54.607071876525879" lon="25.058226585388184"/>
      <trkpt lat="54.607179164886475" lon="25.058183670043945"/>
      <trkpt lat="54.607264995574951" lon="25.058140754699707"/>
      <trkpt lat="54.607908725738525" lon="25.057883262634277"/>
      <trkpt lat="54.608187675476074" lon="25.057733058929443"/>
      <trkpt lat="54.60829496383667" lon="25.057690143585205"/>
      <trkpt lat="54.608445167541504" lon="25.057604312896729"/>
      <trkpt lat="54.608488082885742" lon="25.057582855224609"/>
      <trkpt lat="54.608874320983887" lon="25.057411193847656"/>
      <trkpt lat="54.608734175562859" lon="25.056553892791271"/>
      <trkpt lat="54.608734175562859" lon="25.056553976610303"/>
    </trkseg>
  </trk>
</gpx>
